CRASH_DATE,POSTED_SPEED_LIMIT,TRAFFIC_CONTROL_DEVICE,WEATHER_CONDITION,LIGHTING_CONDITION,TRAFFICWAY_TYPE,ROADWAY_SURFACE_COND,CRASH_TYPE,HIT_AND_RUN_I,PRIM_CONTRIBUTORY_CAUSE,STREET_NO,STREET_DIRECTION,STREET_NAME,DOORING_I,MOST_SEVERE_INJURY,INJURIES_FATAL,INJURIES_INCAPACITATING,INJURIES_NON_INCAPACITATING,CRASH_HOUR,CRASH_DAY_OF_WEEK,CRASH_MONTH,LATITUDE,LONGITUDE
04/21/2016 10:09:00 AM,30,STOP SIGN/FLASHER,CLOUDY/OVERCAST,DAYLIGHT,DIVIDED - W/MEDIAN (NOT RAISED),DRY,INJURY AND / OR TOW DUE TO CRASH,,FAILING TO YIELD RIGHT-OF-WAY,1901,W,GRAND AVE,,INCAPACITATING INJURY,0,1,0,10,5,4,41.89075298,-87.67458422
06/25/2021 07:10:00 PM,30,NO CONTROLS,CLEAR,DAYLIGHT,DRIVEWAY,DRY,NO INJURY / DRIVE AWAY,,UNABLE TO DETERMINE,1905,N,HARLEM AVE,,NO INDICATION OF INJURY,0,0,0,19,6,6,41.9145685,-87.80580867
8/12/2022 20:14,30,TRAFFIC SIGNAL,CLEAR,"DARKNESS, LIGHTED ROAD",DIVIDED - W/MEDIAN (NOT RAISED),DRY,INJURY AND / OR TOW DUE TO CRASH,,FAILING TO YIELD RIGHT-OF-WAY,7432,N,SHERIDAN RD,,NONINCAPACITATING INJURY,0,0,1,20,6,8,42.01719097,-87.66557346
5/9/2022 13:40,30,TRAFFIC SIGNAL,CLEAR,DAYLIGHT,NOT DIVIDED,DRY,NO INJURY / DRIVE AWAY,Y,FAILING TO YIELD RIGHT-OF-WAY,2999,W,PALMER BLVD,,NO INDICATION OF INJURY,0,0,0,13,2,5,41.92059378,-87.70218039
10/8/2021 15:18,30,NO CONTROLS,CLEAR,DAYLIGHT,NOT DIVIDED,DRY,NO INJURY / DRIVE AWAY,,DRIVING SKILLS/KNOWLEDGE/EXPERIENCE,3400,W,63RD ST,,NO INDICATION OF INJURY,0,0,0,15,6,10,41.77900055,-87.70811225
5/12/2022 11:30,30,TRAFFIC SIGNAL,CLEAR,DAYLIGHT,"FIVE POINT, OR MORE",DRY,INJURY AND / OR TOW DUE TO CRASH,,FAILING TO YIELD RIGHT-OF-WAY,2759,N,CLYBOURN AVE,,NONINCAPACITATING INJURY,0,0,1,11,5,5,41.93141376,-87.67692862
6/2/2021 13:00,25,UNKNOWN,CLEAR,DAYLIGHT,NOT DIVIDED,UNKNOWN,INJURY AND / OR TOW DUE TO CRASH,,UNABLE TO DETERMINE,1300,N,CLARK ST,,NONINCAPACITATING INJURY,0,0,1,13,4,6,41.90588039,-87.63165813
04/26/2023 08:30:00 PM,35,NO CONTROLS,CLEAR,"DARKNESS, LIGHTED ROAD",NOT DIVIDED,DRY,INJURY AND / OR TOW DUE TO CRASH,,NOT APPLICABLE,444,N,WABASH AVE,Y,NONINCAPACITATING INJURY,0,0,1,20,4,4,41.89063079,-87.62682913
6/3/2021 16:07,30,STOP SIGN/FLASHER,CLEAR,DAYLIGHT,NOT DIVIDED,DRY,INJURY AND / OR TOW DUE TO CRASH,Y,IMPROPER OVERTAKING/PASSING,222,W,118TH ST,,NONINCAPACITATING INJURY,0,0,1,16,5,6,41.67988904,-87.62856939
08/19/2023 09:15:00 AM,30,NO CONTROLS,CLEAR,DAYLIGHT,DIVIDED - W/MEDIAN (NOT RAISED),DRY,INJURY AND / OR TOW DUE TO CRASH,,NOT APPLICABLE,3812,N,ELSTON AVE,Y,NONINCAPACITATING INJURY,0,0,1,9,7,8,41.95043758,-87.71462289
08/18/2021 09:15:00 AM,30,NO CONTROLS,CLEAR,DAYLIGHT,NOT DIVIDED,DRY,INJURY AND / OR TOW DUE TO CRASH,,FAILING TO YIELD RIGHT-OF-WAY,10500,S,MICHIGAN AVE,Y,"REPORTED, NOT EVIDENT",0,0,0,9,4,8,41.70341522,-87.62080968
4/8/2022 5:30,30,TRAFFIC SIGNAL,RAIN,"DARKNESS, LIGHTED ROAD",FOUR WAY,WET,NO INJURY / DRIVE AWAY,Y,DISREGARDING TRAFFIC SIGNALS,800,W,RANDOLPH ST,,NO INDICATION OF INJURY,0,0,0,5,6,4,41.88451546,-87.6474973
11/9/2020 17:30,30,NO CONTROLS,CLEAR,DARKNESS,PARKING LOT,DRY,NO INJURY / DRIVE AWAY,,FAILING TO YIELD RIGHT-OF-WAY,7912,S,PULASKI RD,,NO INDICATION OF INJURY,0,0,0,17,2,11,41.7490144,-87.72204098
08/20/2023 12:30:00 PM,30,NO CONTROLS,CLEAR,DAYLIGHT,NOT DIVIDED,DRY,INJURY AND / OR TOW DUE TO CRASH,,DRIVING SKILLS/KNOWLEDGE/EXPERIENCE,1549,W,DIVISION ST,,NONINCAPACITATING INJURY,0,0,1,12,1,8,41.90324287,-87.66706205
07/29/2021 07:00:00 PM,25,STOP SIGN/FLASHER,CLEAR,DAYLIGHT,DIVIDED - W/MEDIAN (NOT RAISED),DRY,NO INJURY / DRIVE AWAY,Y,IMPROPER TURNING/NO SIGNAL,6269,N,LINCOLN AVE,,NO INDICATION OF INJURY,0,0,0,19,5,7,41.99583841,-87.71600461
5/7/2022 10:10,30,TRAFFIC SIGNAL,CLEAR,DAYLIGHT,FOUR WAY,DRY,INJURY AND / OR TOW DUE TO CRASH,,UNABLE TO DETERMINE,3200,W,FOSTER AVE,,NONINCAPACITATING INJURY,0,0,1,10,7,5,41.97585692,-87.70874364
08/31/2018 11:40:00 AM,30,NO CONTROLS,CLEAR,DAYLIGHT,ONE-WAY,DRY,INJURY AND / OR TOW DUE TO CRASH,,IMPROPER OVERTAKING/PASSING,1,E,LAKE ST,Y,NONINCAPACITATING INJURY,0,0,1,11,6,8,41.88563827,-87.6278587
12/4/2021 22:38,30,NO CONTROLS,CLEAR,"DARKNESS, LIGHTED ROAD",NOT DIVIDED,DRY,NO INJURY / DRIVE AWAY,Y,FOLLOWING TOO CLOSELY,1598,N,WELLS ST,Y,NO INDICATION OF INJURY,0,0,0,22,7,12,41.91105871,-87.63485467
09/30/2021 11:55:00 AM,30,TRAFFIC SIGNAL,CLEAR,DAYLIGHT,NOT DIVIDED,DRY,INJURY AND / OR TOW DUE TO CRASH,,FAILING TO YIELD RIGHT-OF-WAY,11300,S,STATE ST,,NONINCAPACITATING INJURY,0,0,1,11,5,9,41.68890708,-87.62314161
05/31/2017 09:00:00 AM,30,NO CONTROLS,CLEAR,DAYLIGHT,NOT DIVIDED,DRY,INJURY AND / OR TOW DUE TO CRASH,,FAILING TO YIELD RIGHT-OF-WAY,600,W,KINZIE ST,,"REPORTED, NOT EVIDENT",0,0,0,9,4,5,41.88915824,-87.64294895
04/23/2017 07:00:00 PM,30,STOP SIGN/FLASHER,CLEAR,DAYLIGHT,NOT DIVIDED,DRY,INJURY AND / OR TOW DUE TO CRASH,Y,FAILING TO YIELD RIGHT-OF-WAY,5158,N,SIMONDS DR,,NONINCAPACITATING INJURY,0,0,1,19,1,4,41.97672058,-87.64952741
12/10/2018 17:00,30,NO CONTROLS,UNKNOWN,DUSK,NOT DIVIDED,UNKNOWN,INJURY AND / OR TOW DUE TO CRASH,,IMPROPER TURNING/NO SIGNAL,3228,N,CLARK ST,,NONINCAPACITATING INJURY,0,0,1,17,2,12,41.94064621,-87.65140951
1/11/2017 13:50,30,NO CONTROLS,RAIN,DAYLIGHT,DIVIDED - W/MEDIAN (NOT RAISED),WET,INJURY AND / OR TOW DUE TO CRASH,,DRIVING ON WRONG SIDE/WRONG WAY,2450,W,FOSTER AVE,,INCAPACITATING INJURY,0,1,0,13,4,1,41.9759865,-87.69111455
07/24/2021 07:34:00 PM,30,TRAFFIC SIGNAL,CLEAR,DAYLIGHT,T-INTERSECTION,DRY,INJURY AND / OR TOW DUE TO CRASH,Y,FAILING TO YIELD RIGHT-OF-WAY,1003,W,HARRISON ST,,NONINCAPACITATING INJURY,0,0,1,19,7,7,41.87425608,-87.65193208
12/28/2019 02:20:00 PM,30,NO CONTROLS,CLEAR,DAYLIGHT,DIVIDED - W/MEDIAN (NOT RAISED),DRY,INJURY AND / OR TOW DUE TO CRASH,Y,UNABLE TO DETERMINE,5412,S,KEDZIE AVE,Y,NONINCAPACITATING INJURY,0,0,1,14,7,12,41.79493963,-87.7037472
05/15/2020 12:20:00 PM,30,TRAFFIC SIGNAL,CLEAR,DAYLIGHT,NOT DIVIDED,DRY,NO INJURY / DRIVE AWAY,,UNABLE TO DETERMINE,3200,N,CENTRAL AVE,,NO INDICATION OF INJURY,0,0,0,12,6,5,41.93861746,-87.7666483
6/9/2021 11:55,30,NO CONTROLS,CLEAR,DAYLIGHT,NOT DIVIDED,DRY,NO INJURY / DRIVE AWAY,,"VISION OBSCURED (SIGNS, TREE LIMBS, BUILDINGS, ETC.)",2438,W,50TH ST,,NO INDICATION OF INJURY,0,0,0,11,4,6,41.80306019,-87.68586441
6/12/2021 12:15,30,TRAFFIC SIGNAL,CLEAR,DAYLIGHT,DIVIDED - W/MEDIAN (NOT RAISED),DRY,INJURY AND / OR TOW DUE TO CRASH,,UNABLE TO DETERMINE,5200,N,LINCOLN AVE,,"REPORTED, NOT EVIDENT",0,0,0,12,7,6,41.9759129,-87.69249418
09/25/2019 07:41:00 AM,30,NO CONTROLS,RAIN,DAYLIGHT,NOT DIVIDED,WET,INJURY AND / OR TOW DUE TO CRASH,Y,UNABLE TO DETERMINE,11934,S,MICHIGAN AVE,,INCAPACITATING INJURY,0,1,0,7,4,9,41.67703503,-87.6206291
01/25/2022 11:10:00 PM,30,TRAFFIC SIGNAL,CLEAR,"DARKNESS, LIGHTED ROAD",NOT DIVIDED,SNOW OR SLUSH,INJURY AND / OR TOW DUE TO CRASH,,UNABLE TO DETERMINE,3401,N,WESTERN AVE,,INCAPACITATING INJURY,0,1,0,23,3,1,41.94319014,-87.688008
09/17/2018 05:31:00 PM,30,STOP SIGN/FLASHER,CLEAR,DAYLIGHT,NOT DIVIDED,DRY,INJURY AND / OR TOW DUE TO CRASH,,DISREGARDING STOP SIGN,1911,S,LUMBER ST,,NONINCAPACITATING INJURY,0,0,2,17,2,9,41.85638942,-87.63720427
10/2/2017 13:10,30,NO CONTROLS,CLEAR,DAYLIGHT,ONE-WAY,DRY,INJURY AND / OR TOW DUE TO CRASH,,UNABLE TO DETERMINE,626,S,INDEPENDENCE BLVD,,INCAPACITATING INJURY,0,1,0,13,2,10,41.87264549,-87.72048102
08/29/2023 08:37:00 PM,30,TRAFFIC SIGNAL,CLEAR,"DARKNESS, LIGHTED ROAD",CENTER TURN LANE,DRY,NO INJURY / DRIVE AWAY,,DRIVING ON WRONG SIDE/WRONG WAY,1801,W,DIVISION ST,,NO INDICATION OF INJURY,0,0,0,20,3,8,41.90315615,-87.67242232
07/20/2019 05:00:00 PM,30,NO CONTROLS,CLEAR,DAYLIGHT,DIVIDED - W/MEDIAN (NOT RAISED),DRY,NO INJURY / DRIVE AWAY,,UNABLE TO DETERMINE,1700,W,DIVISION ST,,NO INDICATION OF INJURY,0,0,0,17,7,7,41.90340737,-87.67046561
08/26/2023 02:40:00 PM,30,NO CONTROLS,CLEAR,DAYLIGHT,DIVIDED - W/MEDIAN (NOT RAISED),DRY,INJURY AND / OR TOW DUE TO CRASH,,FAILING TO YIELD RIGHT-OF-WAY,1279,N,MILWAUKEE AVE,Y,NONINCAPACITATING INJURY,0,0,1,14,7,8,41.90507512,-87.66893056
5/8/2018 18:10,30,NO CONTROLS,CLEAR,DAYLIGHT,DIVIDED - W/MEDIAN (NOT RAISED),DRY,INJURY AND / OR TOW DUE TO CRASH,,"VISION OBSCURED (SIGNS, TREE LIMBS, BUILDINGS, ETC.)",803,N,WOOD ST,Y,NONINCAPACITATING INJURY,0,0,1,18,3,5,41.89610522,-87.67203201
08/18/2019 08:03:00 PM,30,TRAFFIC SIGNAL,CLEAR,"DARKNESS, LIGHTED ROAD",NOT DIVIDED,DRY,INJURY AND / OR TOW DUE TO CRASH,,DISREGARDING TRAFFIC SIGNALS,5400,W,DEVON AVE,,"REPORTED, NOT EVIDENT",0,0,0,20,1,8,41.99743743,-87.7638592
06/23/2023 10:24:00 AM,30,NO CONTROLS,CLEAR,DAYLIGHT,ONE-WAY,DRY,INJURY AND / OR TOW DUE TO CRASH,,DRIVING SKILLS/KNOWLEDGE/EXPERIENCE,98,E,RANDOLPH ST,,NONINCAPACITATING INJURY,0,0,1,10,6,6,41.88458427,-87.6244703
12/9/2020 18:35,30,NO CONTROLS,CLEAR,"DARKNESS, LIGHTED ROAD",NOT DIVIDED,DRY,NO INJURY / DRIVE AWAY,Y,UNABLE TO DETERMINE,3816,N,SHEFFIELD AVE,,NO INDICATION OF INJURY,0,0,0,18,4,12,41.95166506,-87.65460672
03/30/2023 02:44:00 PM,30,TRAFFIC SIGNAL,CLEAR,DAYLIGHT,NOT DIVIDED,DRY,NO INJURY / DRIVE AWAY,Y,UNABLE TO DETERMINE,1549,W,BELMONT AVE,,NO INDICATION OF INJURY,0,0,0,14,5,3,41.93959152,-87.66829617
4/11/2023 18:17,25,TRAFFIC SIGNAL,CLEAR,DAYLIGHT,FOUR WAY,DRY,INJURY AND / OR TOW DUE TO CRASH,,UNABLE TO DETERMINE,801,W,ERIE ST,,NONINCAPACITATING INJURY,0,0,1,18,3,4,41.89326527,-87.64773174
10/22/2020 07:30:00 PM,30,STOP SIGN/FLASHER,CLEAR,DAYLIGHT,NOT DIVIDED,DRY,INJURY AND / OR TOW DUE TO CRASH,,FAILING TO YIELD RIGHT-OF-WAY,4331,W,59TH ST,,NONINCAPACITATING INJURY,0,0,1,19,5,10,41.78573923,-87.73145131
12/2/2021 12:44,30,TRAFFIC SIGNAL,CLEAR,DAYLIGHT,DIVIDED - W/MEDIAN (NOT RAISED),DRY,NO INJURY / DRIVE AWAY,Y,UNABLE TO DETERMINE,435,N,HALSTED ST,,NO INDICATION OF INJURY,0,0,0,12,5,12,41.8900733,-87.64746235
7/8/2020 10:28,35,NO CONTROLS,CLEAR,DAYLIGHT,NOT DIVIDED,DRY,NO INJURY / DRIVE AWAY,,DRIVING SKILLS/KNOWLEDGE/EXPERIENCE,3201,N,MILWAUKEE AVE,N,NO INDICATION OF INJURY,0,0,0,10,4,7,41.93925374,-87.72388291
06/24/2023 02:40:00 PM,30,NO CONTROLS,CLEAR,DAYLIGHT,NOT DIVIDED,DRY,INJURY AND / OR TOW DUE TO CRASH,,FAILING TO YIELD RIGHT-OF-WAY,600,W,KINZIE ST,Y,"REPORTED, NOT EVIDENT",0,0,0,14,7,6,41.88915824,-87.64294895
8/6/2021 12:33,20,STOP SIGN/FLASHER,CLEAR,DAYLIGHT,T-INTERSECTION,DRY,NO INJURY / DRIVE AWAY,Y,DISREGARDING STOP SIGN,32,E,83RD ST,,NO INDICATION OF INJURY,0,0,0,12,6,8,41.74378576,-87.62304314
08/17/2019 03:15:00 PM,15,STOP SIGN/FLASHER,CLEAR,DAYLIGHT,FOUR WAY,DRY,INJURY AND / OR TOW DUE TO CRASH,Y,UNABLE TO DETERMINE,6200,N,GLENWOOD AVE,,NONINCAPACITATING INJURY,0,0,1,15,7,8,41.99454338,-87.66542982
07/14/2022 07:15:00 PM,30,TRAFFIC SIGNAL,CLEAR,DAYLIGHT,NOT DIVIDED,DRY,INJURY AND / OR TOW DUE TO CRASH,Y,UNABLE TO DETERMINE,4500,S,ARCHER AVE,,NONINCAPACITATING INJURY,0,0,1,19,5,7,41.8114168,-87.70883039
10/6/2023 17:30,30,NO CONTROLS,CLEAR,DAYLIGHT,NOT DIVIDED,DRY,NO INJURY / DRIVE AWAY,,UNABLE TO DETERMINE,2600,W,DIVISION ST,Y,NO INDICATION OF INJURY,0,0,0,17,6,10,41.90307685,-87.69207731
4/1/2019 17:10,0,STOP SIGN/FLASHER,CLEAR,DAYLIGHT,ONE-WAY,UNKNOWN,INJURY AND / OR TOW DUE TO CRASH,,UNABLE TO DETERMINE,6100,N,WINTHROP AVE,,INCAPACITATING INJURY,0,1,0,17,2,4,41.99234002,-87.65843214
08/14/2023 06:19:00 PM,30,NO CONTROLS,RAIN,DAWN,NOT DIVIDED,WET,INJURY AND / OR TOW DUE TO CRASH,Y,IMPROPER OVERTAKING/PASSING,219,W,ERIE ST,,INCAPACITATING INJURY,0,1,0,18,2,8,41.8938695,-87.63496808
7/8/2022 14:37,30,TRAFFIC SIGNAL,CLEAR,DAYLIGHT,NOT DIVIDED,DRY,INJURY AND / OR TOW DUE TO CRASH,,UNABLE TO DETERMINE,2000,N,MILWAUKEE AVE,,NONINCAPACITATING INJURY,0,0,1,14,6,7,41.91749661,-87.68871961
06/29/2022 02:00:00 PM,30,UNKNOWN,CLEAR,DAYLIGHT,NOT DIVIDED,DRY,INJURY AND / OR TOW DUE TO CRASH,,FAILING TO YIELD RIGHT-OF-WAY,2516,N,LINCOLN AVE,Y,INCAPACITATING INJURY,0,1,0,14,4,6,41.92742455,-87.65174034
10/24/2018 05:18:00 PM,30,NO CONTROLS,CLEAR,DAYLIGHT,NOT DIVIDED,DRY,NO INJURY / DRIVE AWAY,,UNABLE TO DETERMINE,941,W,ARGYLE ST,,NO INDICATION OF INJURY,0,0,0,17,4,10,41.97321472,-87.6541374
6/8/2023 14:24,30,TRAFFIC SIGNAL,CLEAR,DAYLIGHT,NOT DIVIDED,DRY,INJURY AND / OR TOW DUE TO CRASH,Y,FAILING TO YIELD RIGHT-OF-WAY,1859,N,PULASKI RD,,NONINCAPACITATING INJURY,0,0,1,14,5,6,41.91525885,-87.72635717
4/10/2022 13:00,30,UNKNOWN,CLEAR,DAYLIGHT,NOT DIVIDED,UNKNOWN,INJURY AND / OR TOW DUE TO CRASH,Y,NOT APPLICABLE,8700,S,COMMERCIAL AVE,,NONINCAPACITATING INJURY,0,0,1,13,1,4,41.73728557,-87.55157514
2/6/2023 11:01,25,NO CONTROLS,CLEAR,DAYLIGHT,NOT DIVIDED,DRY,NO INJURY / DRIVE AWAY,,DRIVING SKILLS/KNOWLEDGE/EXPERIENCE,3241,S,HALSTED ST,,NO INDICATION OF INJURY,0,0,0,11,2,2,41.83506479,-87.64605849
5/9/2018 14:20,30,NO CONTROLS,CLEAR,DAYLIGHT,NOT DIVIDED,DRY,INJURY AND / OR TOW DUE TO CRASH,,IMPROPER TURNING/NO SIGNAL,4800,N,MAGNOLIA AVE,,INCAPACITATING INJURY,0,1,0,14,4,5,41.96906429,-87.66119427
09/22/2022 11:00:00 AM,30,NO CONTROLS,CLEAR,DAYLIGHT,FOUR WAY,DRY,NO INJURY / DRIVE AWAY,,FAILING TO YIELD RIGHT-OF-WAY,6200,N,WINTHROP AVE,,NO INDICATION OF INJURY,0,0,0,11,5,9,41.99461676,-87.65850479
6/1/2019 16:05,5,NO CONTROLS,RAIN,DAYLIGHT,PARKING LOT,WET,NO INJURY / DRIVE AWAY,Y,UNABLE TO DETERMINE,1651,W,ROOSEVELT RD,,NO INDICATION OF INJURY,0,0,0,16,7,6,41.86674938,-87.66846405
09/23/2020 10:15:00 AM,30,TRAFFIC SIGNAL,CLEAR,DAYLIGHT,"FIVE POINT, OR MORE",DRY,INJURY AND / OR TOW DUE TO CRASH,,FAILING TO YIELD RIGHT-OF-WAY,2600,N,MILWAUKEE AVE,,NONINCAPACITATING INJURY,0,0,1,10,4,9,41.92898856,-87.70750035
6/2/2022 14:55,30,TRAFFIC SIGNAL,CLEAR,DAYLIGHT,NOT DIVIDED,DRY,INJURY AND / OR TOW DUE TO CRASH,,DRIVING ON WRONG SIDE/WRONG WAY,4459,W,MADISON ST,,NONINCAPACITATING INJURY,0,0,1,14,5,6,41.88047455,-87.73780251
08/18/2020 06:05:00 AM,30,NO CONTROLS,CLEAR,DAYLIGHT,ALLEY,DRY,NO INJURY / DRIVE AWAY,Y,UNABLE TO DETERMINE,323,E,59TH ST,,NO INDICATION OF INJURY,0,0,0,6,3,8,41.78737981,-87.61795521
06/21/2017 05:15:00 PM,30,NO CONTROLS,CLEAR,DAYLIGHT,NOT DIVIDED,DRY,INJURY AND / OR TOW DUE TO CRASH,,UNABLE TO DETERMINE,1650,W,WALLEN AVE,,NONINCAPACITATING INJURY,0,0,1,17,4,6,42.00271464,-87.67246976
12/7/2018 7:45,30,NO CONTROLS,CLEAR,DAYLIGHT,ALLEY,DRY,NO INJURY / DRIVE AWAY,,NOT APPLICABLE,1545,W,NELSON ST,,NO INDICATION OF INJURY,0,0,0,7,6,12,41.93685412,-87.6679154
11/7/2020 16:16,30,TRAFFIC SIGNAL,CLEAR,DAYLIGHT,FOUR WAY,DRY,INJURY AND / OR TOW DUE TO CRASH,,UNABLE TO DETERMINE,382,E,51ST ST,,INCAPACITATING INJURY,0,1,0,16,7,11,41.80221211,-87.61613827
09/24/2017 11:07:00 AM,30,TRAFFIC SIGNAL,CLEAR,DAYLIGHT,NOT DIVIDED,DRY,INJURY AND / OR TOW DUE TO CRASH,,DISREGARDING TRAFFIC SIGNALS,2000,W,95TH ST,,NONINCAPACITATING INJURY,0,0,1,11,1,9,41.7211823,-87.67282974
10/8/2022 19:36,30,TRAFFIC SIGNAL,CLEAR,"DARKNESS, LIGHTED ROAD",FOUR WAY,DRY,INJURY AND / OR TOW DUE TO CRASH,,UNABLE TO DETERMINE,5598,N,LINCOLN AVE,,NONINCAPACITATING INJURY,0,0,1,19,7,10,41.98303071,-87.69518152
09/21/2020 05:18:00 PM,25,TRAFFIC SIGNAL,CLEAR,DAYLIGHT,DIVIDED - W/MEDIAN BARRIER,DRY,INJURY AND / OR TOW DUE TO CRASH,,FAILING TO YIELD RIGHT-OF-WAY,201,W,18TH ST,,NONINCAPACITATING INJURY,0,0,1,17,2,9,41.85764225,-87.63198429
8/5/2019 19:47,30,TRAFFIC SIGNAL,CLEAR,DAYLIGHT,T-INTERSECTION,DRY,NO INJURY / DRIVE AWAY,,IMPROPER OVERTAKING/PASSING,2000,W,WARREN BLVD,,NO INDICATION OF INJURY,0,0,0,19,2,8,41.88233986,-87.67678799
06/22/2020 08:00:00 PM,30,TRAFFIC SIGNAL,UNKNOWN,DUSK,NOT DIVIDED,UNKNOWN,INJURY AND / OR TOW DUE TO CRASH,N,UNABLE TO DETERMINE,2342,W,NORTH AVE,,NONINCAPACITATING INJURY,0,0,1,20,2,6,41.91044232,-87.68648502
9/8/2017 10:08,35,NO CONTROLS,CLEAR,DAYLIGHT,PARKING LOT,DRY,INJURY AND / OR TOW DUE TO CRASH,,UNABLE TO DETERMINE,1229,N,CLYBOURN AVE,,NONINCAPACITATING INJURY,0,0,1,10,6,9,41.90447254,-87.64033362
08/23/2018 05:22:00 PM,30,NO CONTROLS,CLEAR,DAYLIGHT,ONE-WAY,DRY,NO INJURY / DRIVE AWAY,,DISTRACTION - FROM OUTSIDE VEHICLE,7512,S,EBERHART AVE,,NO INDICATION OF INJURY,0,0,0,17,5,8,41.7580192,-87.61281045
11/24/2018 03:40:00 PM,30,NO CONTROLS,CLEAR,DAYLIGHT,NOT DIVIDED,DRY,NO INJURY / DRIVE AWAY,,FAILING TO YIELD RIGHT-OF-WAY,3039,N,CENTRAL AVE,,NO INDICATION OF INJURY,0,0,0,15,7,11,41.93602794,-87.76626205
05/26/2018 11:55:00 AM,25,NO CONTROLS,CLEAR,DAYLIGHT,NOT DIVIDED,DRY,INJURY AND / OR TOW DUE TO CRASH,,UNABLE TO DETERMINE,6857,W,BELMONT AVE,Y,NONINCAPACITATING INJURY,0,0,1,11,7,5,41.93801442,-87.79799018
08/13/2021 07:35:00 PM,30,NO CONTROLS,CLEAR,DUSK,PARKING LOT,DRY,INJURY AND / OR TOW DUE TO CRASH,,NOT APPLICABLE,5726,N,NAGLE AVE,Y,NONINCAPACITATING INJURY,0,0,1,19,6,8,41.98548014,-87.78783172
9/12/2018 18:30,30,LANE USE MARKING,CLEAR,DAYLIGHT,NOT DIVIDED,DRY,INJURY AND / OR TOW DUE TO CRASH,,DISREGARDING ROAD MARKINGS,1524,W,DEVON AVE,N,NONINCAPACITATING INJURY,0,0,1,18,4,9,41.99820593,-87.66902924
10/2/2018 13:30,25,TRAFFIC SIGNAL,CLEAR,DAYLIGHT,NOT DIVIDED,DRY,NO INJURY / DRIVE AWAY,Y,IMPROPER LANE USAGE,1801,S,STATE ST,,NO INDICATION OF INJURY,0,0,0,13,3,10,41.85774942,-87.62704779
09/27/2018 02:45:00 PM,25,NO CONTROLS,CLEAR,DAYLIGHT,NOT DIVIDED,DRY,NO INJURY / DRIVE AWAY,,NOT APPLICABLE,1641,W,HARRISON ST,,NO INDICATION OF INJURY,0,0,0,14,5,9,41.87406011,-87.66838474
1/3/2023 21:33,30,NO CONTROLS,CLEAR,"DARKNESS, LIGHTED ROAD",NOT DIVIDED,WET,NO INJURY / DRIVE AWAY,,UNABLE TO DETERMINE,2758,N,CICERO AVE,,NO INDICATION OF INJURY,0,0,0,21,3,1,41.93148471,-87.74673983
8/5/2018 21:20,35,TRAFFIC SIGNAL,CLEAR,"DARKNESS, LIGHTED ROAD",NOT DIVIDED,DRY,INJURY AND / OR TOW DUE TO CRASH,,UNABLE TO DETERMINE,2401,N,LINCOLN AVE,Y,NONINCAPACITATING INJURY,0,0,1,21,1,8,41.9255964,-87.64875031
06/29/2022 02:15:00 PM,30,STOP SIGN/FLASHER,CLEAR,DAYLIGHT,NOT DIVIDED,DRY,NO INJURY / DRIVE AWAY,Y,FAILING TO REDUCE SPEED TO AVOID CRASH,6700,S,HOYNE AVE,,NO INDICATION OF INJURY,0,0,0,14,4,6,41.77200124,-87.67629669
10/15/2023 11:40:00 AM,15,NO CONTROLS,CLEAR,DAYLIGHT,ONE-WAY,DRY,INJURY AND / OR TOW DUE TO CRASH,,UNABLE TO DETERMINE,3211,W,EASTWOOD AVE,,NONINCAPACITATING INJURY,0,0,1,11,1,10,41.96547095,-87.70886809
07/22/2018 12:00:00 PM,30,NO CONTROLS,CLEAR,DAYLIGHT,NOT DIVIDED,WET,INJURY AND / OR TOW DUE TO CRASH,,FAILING TO YIELD RIGHT-OF-WAY,1362,W,BELMONT AVE,,"REPORTED, NOT EVIDENT",0,0,0,12,1,7,41.93987783,-87.6636305
03/19/2018 03:26:00 PM,30,NO CONTROLS,CLEAR,DAYLIGHT,DIVIDED - W/MEDIAN (NOT RAISED),DRY,NO INJURY / DRIVE AWAY,,FAILING TO YIELD RIGHT-OF-WAY,1247,S,WABASH AVE,,NO INDICATION OF INJURY,0,0,0,15,2,3,41.86615754,-87.62565492
05/16/2018 08:45:00 AM,30,NO CONTROLS,CLEAR,DAYLIGHT,NOT DIVIDED,DRY,INJURY AND / OR TOW DUE TO CRASH,,UNABLE TO DETERMINE,149,N,WELLS ST,,NONINCAPACITATING INJURY,0,0,1,8,4,5,41.88444114,-87.63374705
06/29/2019 03:43:00 PM,30,STOP SIGN/FLASHER,CLEAR,DAYLIGHT,NOT DIVIDED,DRY,INJURY AND / OR TOW DUE TO CRASH,,FAILING TO YIELD RIGHT-OF-WAY,228,W,31ST ST,,"REPORTED, NOT EVIDENT",0,0,0,15,7,6,41.83833054,-87.63282629
04/29/2018 04:03:00 PM,30,STOP SIGN/FLASHER,CLEAR,DAYLIGHT,DIVIDED - W/MEDIAN (NOT RAISED),DRY,INJURY AND / OR TOW DUE TO CRASH,,FAILING TO YIELD RIGHT-OF-WAY,748,W,LAWRENCE AVE,,NONINCAPACITATING INJURY,0,0,1,16,1,4,41.96928214,-87.64967514
07/24/2020 06:50:00 AM,35,TRAFFIC SIGNAL,CLEAR,DAYLIGHT,UNKNOWN INTERSECTION TYPE,DRY,INJURY AND / OR TOW DUE TO CRASH,Y,FAILING TO YIELD RIGHT-OF-WAY,3831,S,PULASKI RD,,NONINCAPACITATING INJURY,0,0,1,6,6,7,41.82335135,-87.72391183