CRASH_DATE,POSTED_SPEED_LIMIT,TRAFFIC_CONTROL_DEVICE,WEATHER_CONDITION,LIGHTING_CONDITION,TRAFFICWAY_TYPE,ROADWAY_SURFACE_COND,CRASH_TYPE,HIT_AND_RUN_I,PRIM_CONTRIBUTORY_CAUSE,STREET_NO,STREET_DIRECTION,STREET_NAME,DOORING_I,MOST_SEVERE_INJURY,INJURIES_FATAL,INJURIES_INCAPACITATING,INJURIES_NON_INCAPACITATING,CRASH_HOUR,CRASH_DAY_OF_WEEK,CRASH_MONTH,LATITUDE,LONGITUDE
2/8/2023 17:55,35,PEDESTRIAN CROSSING SIGN,CLEAR,"DARKNESS, LIGHTED ROAD",NOT DIVIDED,DRY,INJURY AND / OR TOW DUE TO CRASH,,FAILING TO YIELD RIGHT-OF-WAY,2900,N,CENTRAL AVE,,NONINCAPACITATING INJURY,0,0,1,17,4,2,41.933189,-87.76645962
04/27/2021 05:10:00 PM,30,NO CONTROLS,CLEAR,DAYLIGHT,DIVIDED - W/MEDIAN (NOT RAISED),DRY,INJURY AND / OR TOW DUE TO CRASH,,UNABLE TO DETERMINE,8129,W,BYRON ST,,NONINCAPACITATING INJURY,0,0,1,17,3,4,41.95026857,-87.83044044
10/11/2017 13:05,30,STOP SIGN/FLASHER,RAIN,DAYLIGHT,ONE-WAY,WET,INJURY AND / OR TOW DUE TO CRASH,,FAILING TO YIELD RIGHT-OF-WAY,1399,W,CATALPA AVE,,NONINCAPACITATING INJURY,0,0,1,13,4,10,41.98161493,-87.66484156
08/20/2018 09:25:00 AM,30,NO CONTROLS,CLEAR,DAYLIGHT,DIVIDED - W/MEDIAN (NOT RAISED),DRY,INJURY AND / OR TOW DUE TO CRASH,,FAILING TO YIELD RIGHT-OF-WAY,7065,N,SHERIDAN RD,,NONINCAPACITATING INJURY,0,0,1,9,2,8,42.01109406,-87.66256279
07/21/2019 09:48:00 AM,30,STOP SIGN/FLASHER,CLEAR,DAYLIGHT,FOUR WAY,DRY,INJURY AND / OR TOW DUE TO CRASH,,UNABLE TO DETERMINE,9258,S,ANTHONY AVE,,NONINCAPACITATING INJURY,0,0,1,9,1,7,41.72644043,-87.55415587
07/16/2018 05:54:00 PM,30,NO CONTROLS,CLEAR,DAYLIGHT,NOT DIVIDED,DRY,INJURY AND / OR TOW DUE TO CRASH,,UNABLE TO DETERMINE,1249,S,MORGAN ST,,INCAPACITATING INJURY,0,1,0,17,2,7,41.86577436,-87.65086036
9/4/2019 4:35,30,TRAFFIC SIGNAL,CLEAR,"DARKNESS, LIGHTED ROAD",ONE-WAY,DRY,NO INJURY / DRIVE AWAY,,IMPROPER LANE USAGE,600,N,DEARBORN ST,,NO INDICATION OF INJURY,0,0,0,4,4,9,41.89248545,-87.62982444
02/19/2023 03:34:00 PM,20,NO CONTROLS,CLEAR,DAYLIGHT,ONE-WAY,DRY,INJURY AND / OR TOW DUE TO CRASH,Y,UNABLE TO DETERMINE,2216,W,CHARLESTON ST,,NONINCAPACITATING INJURY,0,0,1,15,1,2,41.92003963,-87.68332201
03/24/2021 08:14:00 AM,35,TRAFFIC SIGNAL,CLEAR,DAYLIGHT,Y-INTERSECTION,DRY,NO INJURY / DRIVE AWAY,,DISREGARDING TRAFFIC SIGNALS,1321,W,AUGUSTA BLVD,,NO INDICATION OF INJURY,0,0,0,8,4,3,41.89971025,-87.66100792
5/3/2019 13:10,35,NO CONTROLS,CLEAR,DAYLIGHT,DIVIDED - W/MEDIAN (NOT RAISED),DRY,INJURY AND / OR TOW DUE TO CRASH,,UNABLE TO DETERMINE,4875,N,ELSTON AVE,Y,NONINCAPACITATING INJURY,0,0,1,13,6,5,41.96954345,-87.74225796
04/27/2023 09:50:00 AM,30,NO CONTROLS,CLEAR,DAYLIGHT,DIVIDED - W/MEDIAN BARRIER,DRY,INJURY AND / OR TOW DUE TO CRASH,,IMPROPER LANE USAGE,2531,W,IRVING PARK RD,,"REPORTED, NOT EVIDENT",0,0,0,9,5,4,41.95388964,-87.69212528
4/7/2022 8:25,30,OTHER,RAIN,DAYLIGHT,DIVIDED - W/MEDIAN (NOT RAISED),WET,INJURY AND / OR TOW DUE TO CRASH,,IMPROPER TURNING/NO SIGNAL,3820,S,ARCHER AVE,,NONINCAPACITATING INJURY,0,0,1,8,5,4,41.82411285,-87.68813504
09/22/2021 04:48:00 PM,30,TRAFFIC SIGNAL,CLEAR,DAYLIGHT,NOT DIVIDED,DRY,NO INJURY / DRIVE AWAY,,UNABLE TO DETERMINE,6258,S,ELLIS AVE,,NO INDICATION OF INJURY,0,0,0,16,4,9,41.78055633,-87.60121642
08/30/2023 06:58:00 AM,10,TRAFFIC SIGNAL,CLEAR,DUSK,UNKNOWN INTERSECTION TYPE,DRY,INJURY AND / OR TOW DUE TO CRASH,,DISTRACTION - FROM OUTSIDE VEHICLE,1601,N,LAKE SHORE DR,N,"REPORTED, NOT EVIDENT",0,0,0,6,4,8,41.9113056,-87.62620943
9/3/2022 20:15,30,NO CONTROLS,CLEAR,"DARKNESS, LIGHTED ROAD",DIVIDED - W/MEDIAN (NOT RAISED),DRY,NO INJURY / DRIVE AWAY,Y,UNABLE TO DETERMINE,3212,N,BROADWAY,,NO INDICATION OF INJURY,0,0,0,20,7,9,41.94046476,-87.64455986
07/18/2017 05:30:00 PM,30,NO CONTROLS,CLEAR,DAYLIGHT,NOT DIVIDED,DRY,NO INJURY / DRIVE AWAY,,UNABLE TO DETERMINE,2118,N,MILWAUKEE AVE,Y,NO INDICATION OF INJURY,0,0,0,17,3,7,41.91963329,-87.69223641
11/1/2021 18:50,30,UNKNOWN,CLEAR,"DARKNESS, LIGHTED ROAD",DIVIDED - W/MEDIAN (NOT RAISED),DRY,INJURY AND / OR TOW DUE TO CRASH,Y,NOT APPLICABLE,1,N,CICERO AVE,,NONINCAPACITATING INJURY,0,0,1,18,2,11,41.88056699,-87.74513319
01/21/2021 10:45:00 AM,30,TRAFFIC SIGNAL,CLEAR,DAYLIGHT,FOUR WAY,DRY,INJURY AND / OR TOW DUE TO CRASH,,FAILING TO YIELD RIGHT-OF-WAY,1600,W,18TH ST,,NONINCAPACITATING INJURY,0,0,1,10,5,1,41.85790198,-87.66618095
8/12/2021 18:40,25,NO CONTROLS,CLEAR,DAYLIGHT,NOT DIVIDED,DRY,INJURY AND / OR TOW DUE TO CRASH,,UNABLE TO DETERMINE,2615,W,DEVON AVE,,NONINCAPACITATING INJURY,0,0,1,18,5,8,41.99752613,-87.69537206
08/22/2018 05:30:00 PM,25,NO CONTROLS,CLEAR,DAYLIGHT,NOT DIVIDED,UNKNOWN,INJURY AND / OR TOW DUE TO CRASH,,UNABLE TO DETERMINE,4549,N,LINCOLN AVE,Y,NONINCAPACITATING INJURY,0,0,1,17,4,8,41.96452343,-87.68570476
02/15/2023 12:40:00 PM,30,NO CONTROLS,CLEAR,DAYLIGHT,ONE-WAY,DRY,NO INJURY / DRIVE AWAY,Y,UNABLE TO DETERMINE,430,N,CLARK ST,,NO INDICATION OF INJURY,0,0,0,12,4,2,41.89005827,-87.63122989
7/1/2019 19:03,30,TRAFFIC SIGNAL,CLEAR,DAYLIGHT,FOUR WAY,DRY,INJURY AND / OR TOW DUE TO CRASH,,"VISION OBSCURED (SIGNS, TREE LIMBS, BUILDINGS, ETC.)",11059,S,LONGWOOD DR,,INCAPACITATING INJURY,0,1,0,19,2,7,41.69259588,-87.67137256
8/10/2017 12:45,20,NO CONTROLS,CLEAR,DAYLIGHT,ONE-WAY,DRY,INJURY AND / OR TOW DUE TO CRASH,,UNABLE TO DETERMINE,4450,W,BYRON ST,Y,NONINCAPACITATING INJURY,0,0,1,12,5,8,41.95180224,-87.74010079
8/1/2016 20:45,30,NO CONTROLS,CLEAR,"DARKNESS, LIGHTED ROAD",DRIVEWAY,DRY,NO INJURY / DRIVE AWAY,,"VISION OBSCURED (SIGNS, TREE LIMBS, BUILDINGS, ETC.)",3105,W,HARRISON ST,,NO INDICATION OF INJURY,0,0,0,20,2,8,41.87359878,-87.70373601
09/16/2019 05:51:00 PM,30,NO CONTROLS,CLEAR,DAYLIGHT,NOT DIVIDED,DRY,NO INJURY / DRIVE AWAY,,NOT APPLICABLE,5100,S,KOSTNER AVE,,NO INDICATION OF INJURY,0,0,0,17,2,9,41.80044089,-87.73331594
11/14/2022 03:05:00 PM,30,TRAFFIC SIGNAL,CLEAR,DAYLIGHT,NOT DIVIDED,DRY,INJURY AND / OR TOW DUE TO CRASH,,FAILING TO YIELD RIGHT-OF-WAY,2158,S,HALSTED ST,,NONINCAPACITATING INJURY,0,0,1,15,2,11,41.85268471,-87.64664323
10/18/2023 07:45:00 AM,30,NO CONTROLS,CLEAR,DAYLIGHT,NOT DIVIDED,DRY,INJURY AND / OR TOW DUE TO CRASH,,FAILING TO YIELD RIGHT-OF-WAY,1623,N,ELSTON AVE,,NONINCAPACITATING INJURY,0,0,1,7,4,10,41.91140422,-87.66249874
06/13/2017 11:45:00 AM,30,TRAFFIC SIGNAL,CLEAR,DAYLIGHT,ONE-WAY,DRY,INJURY AND / OR TOW DUE TO CRASH,Y,UNABLE TO DETERMINE,426,N,ORLEANS ST,,NONINCAPACITATING INJURY,0,0,1,11,3,6,41.88989946,-87.6371273
10/7/2023 17:45,35,NO CONTROLS,UNKNOWN,DUSK,DIVIDED - W/MEDIAN (NOT RAISED),UNKNOWN,NO INJURY / DRIVE AWAY,,UNABLE TO DETERMINE,1559,N,MILWAUKEE AVE,,NO INDICATION OF INJURY,0,0,0,17,7,10,41.90992611,-87.67653436
8/2/2022 18:50,30,NO CONTROLS,CLEAR,DAYLIGHT,NOT DIVIDED,DRY,INJURY AND / OR TOW DUE TO CRASH,,FAILING TO YIELD RIGHT-OF-WAY,2197,N,STOCKTON DR,Y,NONINCAPACITATING INJURY,0,0,1,18,3,8,41.92191331,-87.6355729
02/24/2017 12:50:00 PM,30,TRAFFIC SIGNAL,CLEAR,DAYLIGHT,NOT DIVIDED,DRY,NO INJURY / DRIVE AWAY,Y,IMPROPER LANE USAGE,150,N,LOWER COLUMBUS DR,,NO INDICATION OF INJURY,0,0,0,12,6,2,41.88457675,-87.6208286
07/28/2019 12:55:00 PM,30,TRAFFIC SIGNAL,CLEAR,DAYLIGHT,FOUR WAY,UNKNOWN,NO INJURY / DRIVE AWAY,Y,DISREGARDING TRAFFIC SIGNALS,4623,S,DR MARTIN LUTHER KING JR DR,,NO INDICATION OF INJURY,0,0,0,12,1,7,41.81040393,-87.61647177
9/12/2018 17:57,30,NO CONTROLS,CLEAR,DAYLIGHT,NOT DIVIDED,DRY,INJURY AND / OR TOW DUE TO CRASH,,FAILING TO YIELD RIGHT-OF-WAY,6800,S,WESTERN AVE,,INCAPACITATING INJURY,0,1,0,17,4,9,41.77005657,-87.68353641
8/7/2017 16:45,30,NO CONTROLS,CLEAR,DAYLIGHT,NOT DIVIDED,DRY,NO INJURY / DRIVE AWAY,,UNABLE TO DETERMINE,5441,N,CLARK ST,,NO INDICATION OF INJURY,0,0,0,16,2,8,41.98101501,-87.66822558
9/7/2022 15:45,30,NO CONTROLS,CLEAR,DAYLIGHT,NOT DIVIDED,DRY,INJURY AND / OR TOW DUE TO CRASH,,UNABLE TO DETERMINE,2545,W,BRYN MAWR AVE,Y,NONINCAPACITATING INJURY,0,0,1,15,4,9,41.9830386,-87.69373656
9/5/2017 9:45,30,TRAFFIC SIGNAL,CLEAR,DAYLIGHT,OTHER,DRY,INJURY AND / OR TOW DUE TO CRASH,,DISREGARDING TRAFFIC SIGNALS,1550,E,55TH ST,,NONINCAPACITATING INJURY,0,0,1,9,3,9,41.79529788,-87.58788018
4/3/2023 14:58,15,NO CONTROLS,CLOUDY/OVERCAST,DAYLIGHT,T-INTERSECTION,WET,INJURY AND / OR TOW DUE TO CRASH,,FAILING TO YIELD RIGHT-OF-WAY,5210,W,SCHUBERT AVE,,NONINCAPACITATING INJURY,0,0,1,14,2,4,41.92969126,-87.75685773
04/26/2022 08:30:00 AM,30,STOP SIGN/FLASHER,CLEAR,DAYLIGHT,ROUNDABOUT,DRY,NO INJURY / DRIVE AWAY,Y,UNABLE TO DETERMINE,4600,N,WOLCOTT AVE,N,NO INDICATION OF INJURY,0,0,0,8,3,4,41.965228,-87.67625712
10/12/2020 14:49,30,TRAFFIC SIGNAL,RAIN,DAYLIGHT,DIVIDED - W/MEDIAN (NOT RAISED),WET,INJURY AND / OR TOW DUE TO CRASH,Y,FAILING TO YIELD RIGHT-OF-WAY,340,W,GRAND AVE,,NONINCAPACITATING INJURY,0,0,1,14,2,10,41.89165425,-87.63711333
7/5/2022 13:05,30,TRAFFIC SIGNAL,CLEAR,DAYLIGHT,UNKNOWN,DRY,NO INJURY / DRIVE AWAY,Y,IMPROPER OVERTAKING/PASSING,6700,S,SOUTH CHICAGO AVE,,NO INDICATION OF INJURY,0,0,0,13,3,7,41.7728015,-87.61542908
6/5/2020 16:08,30,NO CONTROLS,CLEAR,DAYLIGHT,NOT DIVIDED,DRY,INJURY AND / OR TOW DUE TO CRASH,,UNABLE TO DETERMINE,4151,W,ADDISON ST,,"REPORTED, NOT EVIDENT",0,0,0,16,6,6,41.94621333,-87.73124461
09/30/2020 12:45:00 PM,25,NO CONTROLS,CLEAR,DAYLIGHT,NOT DIVIDED,DRY,INJURY AND / OR TOW DUE TO CRASH,,UNABLE TO DETERMINE,2800,N,DAMEN AVE,,NONINCAPACITATING INJURY,0,0,1,12,4,9,41.93232949,-87.67828272
10/18/2023 02:00:00 PM,30,NO CONTROLS,CLEAR,DAYLIGHT,OTHER,DRY,INJURY AND / OR TOW DUE TO CRASH,N,DRIVING SKILLS/KNOWLEDGE/EXPERIENCE,1132,W,ROOSEVELT RD,,"REPORTED, NOT EVIDENT",0,0,0,14,4,10,41.86712621,-87.65543048
07/25/2017 06:31:00 PM,30,NO CONTROLS,CLEAR,DAYLIGHT,DIVIDED - W/MEDIAN (NOT RAISED),DRY,INJURY AND / OR TOW DUE TO CRASH,,FAILING TO YIELD RIGHT-OF-WAY,3406,W,LAKE ST,,NONINCAPACITATING INJURY,0,0,1,18,3,7,41.88476642,-87.71145717
09/22/2023 02:33:00 PM,30,NO CONTROLS,CLEAR,DAYLIGHT,NOT DIVIDED,DRY,INJURY AND / OR TOW DUE TO CRASH,Y,UNABLE TO DETERMINE,2650,S,CALIFORNIA AVE,,NONINCAPACITATING INJURY,0,0,1,14,6,9,41.84299599,-87.69530931
2/8/2020 17:04,30,NO CONTROLS,CLEAR,DAYLIGHT,DIVIDED - W/MEDIAN (NOT RAISED),DRY,INJURY AND / OR TOW DUE TO CRASH,Y,FAILING TO YIELD RIGHT-OF-WAY,2908,W,63RD ST,,NONINCAPACITATING INJURY,0,0,1,17,7,2,41.77918426,-87.69623085
10/4/2018 19:10,30,TRAFFIC SIGNAL,CLEAR,"DARKNESS, LIGHTED ROAD",NOT DIVIDED,DRY,INJURY AND / OR TOW DUE TO CRASH,,IMPROPER TURNING/NO SIGNAL,4400,N,SHERIDAN RD,,NONINCAPACITATING INJURY,0,0,1,19,5,10,41.96182307,-87.65489608
11/21/2020 12:15:00 PM,30,NO CONTROLS,CLEAR,DAYLIGHT,ONE-WAY,DRY,INJURY AND / OR TOW DUE TO CRASH,,NOT APPLICABLE,1335,W,WELLINGTON AVE,Y,NONINCAPACITATING INJURY,0,0,1,12,7,11,41.9360273,-87.66265696
08/26/2022 12:01:00 PM,30,TRAFFIC SIGNAL,CLOUDY/OVERCAST,DAYLIGHT,T-INTERSECTION,DRY,INJURY AND / OR TOW DUE TO CRASH,,FAILING TO REDUCE SPEED TO AVOID CRASH,5200,W,CHICAGO AVE,,INCAPACITATING INJURY,0,1,0,12,6,8,41.89504414,-87.75566533
07/22/2022 06:15:00 PM,25,STOP SIGN/FLASHER,CLEAR,DAYLIGHT,FOUR WAY,DRY,INJURY AND / OR TOW DUE TO CRASH,,FAILING TO YIELD RIGHT-OF-WAY,2132,N,OAKLEY AVE,,"REPORTED, NOT EVIDENT",0,0,0,18,6,7,41.92082367,-87.68521119
08/27/2018 06:20:00 AM,30,TRAFFIC SIGNAL,CLEAR,DAYLIGHT,DIVIDED - W/MEDIAN (NOT RAISED),DRY,INJURY AND / OR TOW DUE TO CRASH,,IMPROPER LANE USAGE,4800,W,DIVISION ST,,NONINCAPACITATING INJURY,0,0,1,6,2,8,41.90246055,-87.7461029
10/22/2022 03:18:00 PM,30,TRAFFIC SIGNAL,CLEAR,DAYLIGHT,ONE-WAY,DRY,INJURY AND / OR TOW DUE TO CRASH,,UNABLE TO DETERMINE,801,W,81ST ST,,NONINCAPACITATING INJURY,0,0,1,15,7,10,41.74688748,-87.64399138
10/21/2022 02:38:00 PM,35,STOP SIGN/FLASHER,CLEAR,DAYLIGHT,FOUR WAY,DRY,INJURY AND / OR TOW DUE TO CRASH,,UNABLE TO DETERMINE,7129,W,ADDISON ST,,INCAPACITATING INJURY,0,1,0,14,6,10,41.94520391,-87.8044748
05/24/2022 12:23:00 PM,30,TRAFFIC SIGNAL,CLEAR,DAYLIGHT,FOUR WAY,DRY,NO INJURY / DRIVE AWAY,,FAILING TO YIELD RIGHT-OF-WAY,400,E,MONROE DR,,NO INDICATION OF INJURY,0,0,0,12,3,5,41.88102972,-87.61728157
6/5/2020 18:20,30,UNKNOWN,CLEAR,DAYLIGHT,T-INTERSECTION,UNKNOWN,INJURY AND / OR TOW DUE TO CRASH,N,NOT APPLICABLE,1229,N,CENTRAL AVE,,NONINCAPACITATING INJURY,0,0,1,18,6,6,41.90300522,-87.76553803
10/3/2022 19:17,35,TRAFFIC SIGNAL,CLEAR,DARKNESS,NOT DIVIDED,DRY,INJURY AND / OR TOW DUE TO CRASH,,IMPROPER LANE USAGE,11100,S,INDIANA AVE,,NONINCAPACITATING INJURY,0,0,1,19,2,10,41.69255566,-87.61842881
5/10/2022 17:20,30,NO CONTROLS,CLEAR,DAYLIGHT,DIVIDED - W/MEDIAN (NOT RAISED),DRY,NO INJURY / DRIVE AWAY,,NOT APPLICABLE,1871,N,DAMEN AVE,,NO INDICATION OF INJURY,0,0,0,17,3,5,41.91580036,-87.67743036
06/21/2022 06:42:00 PM,35,NO CONTROLS,CLEAR,DAYLIGHT,NOT DIVIDED,DRY,INJURY AND / OR TOW DUE TO CRASH,Y,DRIVING SKILLS/KNOWLEDGE/EXPERIENCE,733,W,59TH ST,,"REPORTED, NOT EVIDENT",0,0,0,18,3,6,41.78693409,-87.6438185
11/17/2017 04:45:00 PM,30,UNKNOWN,RAIN,DUSK,NOT DIVIDED,WET,INJURY AND / OR TOW DUE TO CRASH,,FAILING TO YIELD RIGHT-OF-WAY,400,N,GREEN ST,,NONINCAPACITATING INJURY,0,0,1,16,6,11,41.88904294,-87.64887381
9/1/2022 23:15,30,STOP SIGN/FLASHER,CLEAR,DARKNESS,UNKNOWN,DRY,INJURY AND / OR TOW DUE TO CRASH,,UNABLE TO DETERMINE,3400,N,SHEFFIELD AVE,,INCAPACITATING INJURY,0,1,0,23,5,9,41.94361137,-87.65436891
06/22/2017 09:16:00 AM,30,STOP SIGN/FLASHER,CLEAR,DAYLIGHT,NOT DIVIDED,DRY,INJURY AND / OR TOW DUE TO CRASH,,FAILING TO YIELD RIGHT-OF-WAY,5600,W,FILLMORE ST,,INCAPACITATING INJURY,0,1,0,9,5,6,41.86754554,-87.76456866
7/5/2020 14:15,10,NO CONTROLS,CLEAR,DAYLIGHT,ALLEY,DRY,INJURY AND / OR TOW DUE TO CRASH,,DISTRACTION - FROM OUTSIDE VEHICLE,7051,N,CALIFORNIA AVE,,INCAPACITATING INJURY,0,1,0,14,1,7,42.00996933,-87.69960255
10/9/2022 10:30,30,NO CONTROLS,CLEAR,DAYLIGHT,ONE-WAY,UNKNOWN,INJURY AND / OR TOW DUE TO CRASH,,DRIVING SKILLS/KNOWLEDGE/EXPERIENCE,3650,N,FREMONT ST,,"REPORTED, NOT EVIDENT",0,0,0,10,1,10,41.94876531,-87.65210036
06/26/2018 01:45:00 PM,30,NO CONTROLS,UNKNOWN,DAYLIGHT,DIVIDED - W/MEDIAN (NOT RAISED),UNKNOWN,INJURY AND / OR TOW DUE TO CRASH,Y,FAILING TO REDUCE SPEED TO AVOID CRASH,2112,N,ASHLAND AVE,,INCAPACITATING INJURY,0,1,0,13,3,6,41.92024549,-87.66857296
08/17/2022 07:05:00 AM,30,TRAFFIC SIGNAL,CLEAR,DAYLIGHT,NOT DIVIDED,DRY,NO INJURY / DRIVE AWAY,,FOLLOWING TOO CLOSELY,2400,W,NORTH AVE,,NO INDICATION OF INJURY,0,0,0,7,4,8,41.91042986,-87.68728422
08/22/2018 09:00:00 AM,30,NO CONTROLS,CLEAR,DAYLIGHT,NOT DIVIDED,DRY,INJURY AND / OR TOW DUE TO CRASH,,UNABLE TO DETERMINE,230,W,KINZIE ST,Y,INCAPACITATING INJURY,0,1,0,9,4,8,41.88925989,-87.63534991
09/15/2018 03:00:00 PM,30,NO CONTROLS,CLEAR,DAYLIGHT,NOT DIVIDED,DRY,INJURY AND / OR TOW DUE TO CRASH,,UNABLE TO DETERMINE,1043,W,TILDEN ST,Y,"REPORTED, NOT EVIDENT",0,0,0,15,7,9,41.87593248,-87.6536349
2/7/2023 5:08,30,NO CONTROLS,CLEAR,"DARKNESS, LIGHTED ROAD",ONE-WAY,DRY,NO INJURY / DRIVE AWAY,,FAILING TO YIELD RIGHT-OF-WAY,3832,W,26TH ST,,NO INDICATION OF INJURY,0,0,0,5,3,2,41.84440975,-87.72083513
12/12/2022 6:13,30,TRAFFIC SIGNAL,RAIN,DAWN,NOT DIVIDED,WET,INJURY AND / OR TOW DUE TO CRASH,,DRIVING ON WRONG SIDE/WRONG WAY,2100,W,CHICAGO AVE,,NONINCAPACITATING INJURY,0,0,1,6,2,12,41.89597579,-87.6796256
10/2/2017 19:55,30,STOP SIGN/FLASHER,CLEAR,"DARKNESS, LIGHTED ROAD",DIVIDED - W/MEDIAN (NOT RAISED),DRY,INJURY AND / OR TOW DUE TO CRASH,Y,FAILING TO YIELD RIGHT-OF-WAY,6900,S,MAPLEWOOD AVE,,INCAPACITATING INJURY,0,1,0,19,2,10,41.76818239,-87.68715912
04/23/2022 08:19:00 PM,30,NO CONTROLS,CLEAR,"DARKNESS, LIGHTED ROAD",NOT DIVIDED,DRY,INJURY AND / OR TOW DUE TO CRASH,,FAILING TO YIELD RIGHT-OF-WAY,5824,W,DIVERSEY AVE,,NONINCAPACITATING INJURY,0,0,1,20,7,4,41.93130132,-87.7722616
07/25/2018 07:30:00 AM,25,NO CONTROLS,CLEAR,DAYLIGHT,ALLEY,DRY,NO INJURY / DRIVE AWAY,,NOT APPLICABLE,5000,N,CLARK ST,,NO INDICATION OF INJURY,0,0,0,7,4,7,41.97257179,-87.66806682
7/8/2019 18:44,30,NO CONTROLS,CLEAR,DAYLIGHT,NOT DIVIDED,DRY,INJURY AND / OR TOW DUE TO CRASH,,DISTRACTION - FROM OUTSIDE VEHICLE,5148,W,MONTROSE AVE,Y,NONINCAPACITATING INJURY,0,0,1,18,2,7,41.96072065,-87.75647291
10/19/2018 06:45:00 AM,0,STOP SIGN/FLASHER,CLEAR,DAYLIGHT,NOT DIVIDED,DRY,INJURY AND / OR TOW DUE TO CRASH,Y,FAILING TO YIELD RIGHT-OF-WAY,1229,W,LELAND AVE,,NONINCAPACITATING INJURY,0,0,1,6,6,10,41.96707073,-87.66088886
10/15/2021 05:50:00 PM,30,TRAFFIC SIGNAL,CLEAR,DAYLIGHT,FOUR WAY,DRY,INJURY AND / OR TOW DUE TO CRASH,,FAILING TO YIELD RIGHT-OF-WAY,499,N,WELLS ST,,NONINCAPACITATING INJURY,0,0,1,17,6,10,41.89074759,-87.6339013
11/15/2017 07:14:00 AM,30,NO CONTROLS,RAIN,DAWN,NOT DIVIDED,WET,INJURY AND / OR TOW DUE TO CRASH,,FAILING TO REDUCE SPEED TO AVOID CRASH,1131,W,FULLERTON AVE,,INCAPACITATING INJURY,0,1,0,7,4,11,41.92520321,-87.65718402
10/3/2023 8:40,30,TRAFFIC SIGNAL,CLEAR,DAYLIGHT,FOUR WAY,DRY,INJURY AND / OR TOW DUE TO CRASH,Y,TURNING RIGHT ON RED,2433,N,ELSTON AVE,,NONINCAPACITATING INJURY,0,0,1,8,3,10,41.92568658,-87.67817136
07/17/2023 12:00:00 PM,25,NO CONTROLS,CLEAR,DAYLIGHT,NOT DIVIDED,DRY,NO INJURY / DRIVE AWAY,,UNABLE TO DETERMINE,4239,N,OAK PARK AVE,N,NO INDICATION OF INJURY,0,0,0,12,2,7,41.95769221,-87.79754403
08/24/2019 11:10:00 AM,30,NO CONTROLS,CLEAR,DAYLIGHT,NOT DIVIDED,DRY,INJURY AND / OR TOW DUE TO CRASH,,FAILING TO YIELD RIGHT-OF-WAY,3131,N,CLARK ST,Y,NONINCAPACITATING INJURY,0,0,1,11,7,8,41.93858787,-87.649396
6/11/2022 22:37,30,NO CONTROLS,CLEAR,"DARKNESS, LIGHTED ROAD",NOT DIVIDED,DRY,INJURY AND / OR TOW DUE TO CRASH,Y,FAILING TO YIELD RIGHT-OF-WAY,750,W,83RD ST,,INCAPACITATING INJURY,0,1,0,22,7,6,41.74347359,-87.64343399
8/2/2018 11:20,25,STOP SIGN/FLASHER,CLEAR,DAYLIGHT,ONE-WAY,DRY,INJURY AND / OR TOW DUE TO CRASH,Y,UNABLE TO DETERMINE,8600,S,MICHIGAN AVE,,NONINCAPACITATING INJURY,0,0,1,11,5,8,41.73813846,-87.6211827
10/3/2022 20:40,25,NO CONTROLS,CLEAR,"DARKNESS, LIGHTED ROAD",DIVIDED - W/MEDIAN (NOT RAISED),DRY,INJURY AND / OR TOW DUE TO CRASH,,UNABLE TO DETERMINE,5500,S,KILPATRICK AVE,,"REPORTED, NOT EVIDENT",0,0,0,20,2,10,41.79295611,-87.74046174
3/6/2022 20:40,30,NO CONTROLS,CLEAR,"DARKNESS, LIGHTED ROAD",ONE-WAY,DRY,INJURY AND / OR TOW DUE TO CRASH,,FAILING TO YIELD RIGHT-OF-WAY,33,W,ILLINOIS ST,,NONINCAPACITATING INJURY,0,0,1,20,1,3,41.89072891,-87.62938566
07/31/2018 09:40:00 AM,30,STOP SIGN/FLASHER,CLEAR,DAYLIGHT,ONE-WAY,DRY,NO INJURY / DRIVE AWAY,,"VISION OBSCURED (SIGNS, TREE LIMBS, BUILDINGS, ETC.)",3600,S,UNION AVE,,NO INDICATION OF INJURY,0,0,0,9,3,7,41.82886027,-87.64376749
10/6/2019 9:50,30,NO CONTROLS,CLEAR,DAYLIGHT,DIVIDED - W/MEDIAN (NOT RAISED),DRY,NO INJURY / DRIVE AWAY,,UNABLE TO DETERMINE,2000,W,HUTCHINSON ST,,NO INDICATION OF INJURY,0,0,0,9,1,10,41.95882242,-87.67904387
08/19/2023 02:30:00 PM,30,STOP SIGN/FLASHER,CLEAR,DAYLIGHT,UNKNOWN INTERSECTION TYPE,DRY,INJURY AND / OR TOW DUE TO CRASH,Y,UNABLE TO DETERMINE,3800,W,THOMAS ST,,NONINCAPACITATING INJURY,0,0,1,14,7,8,41.90099801,-87.72143571
09/22/2021 06:40:00 PM,30,UNKNOWN,CLEAR,DAYLIGHT,NOT DIVIDED,UNKNOWN,INJURY AND / OR TOW DUE TO CRASH,,IMPROPER OVERTAKING/PASSING,2701,N,CLARK ST,,INCAPACITATING INJURY,0,1,0,18,4,9,41.93140752,-87.64415515