CRASH_DATE,POSTED_SPEED_LIMIT,TRAFFIC_CONTROL_DEVICE,WEATHER_CONDITION,LIGHTING_CONDITION,TRAFFICWAY_TYPE,ROADWAY_SURFACE_COND,CRASH_TYPE,HIT_AND_RUN_I,PRIM_CONTRIBUTORY_CAUSE,STREET_NO,STREET_DIRECTION,STREET_NAME,DOORING_I,MOST_SEVERE_INJURY,INJURIES_FATAL,INJURIES_INCAPACITATING,INJURIES_NON_INCAPACITATING,CRASH_HOUR,CRASH_DAY_OF_WEEK,CRASH_MONTH,LATITUDE,LONGITUDE
08/17/2021 05:19:00 PM,30,NO CONTROLS,CLEAR,DAYLIGHT,DIVIDED - W/MEDIAN BARRIER,DRY,INJURY AND / OR TOW DUE TO CRASH,,UNABLE TO DETERMINE,1431,S,MUSEUM CAMPUS DR,,FATAL,1,0,0,17,3,8,41.86236581,-87.6147279
10/5/2022 18:00,30,NO CONTROLS,CLEAR,DAYLIGHT,NOT DIVIDED,DRY,NO INJURY / DRIVE AWAY,,FAILING TO YIELD RIGHT-OF-WAY,1457,N,HALSTED ST,,NO INDICATION OF INJURY,0,0,0,18,4,10,41.90800296,-87.64805062
10/22/2016 01:17:00 PM,30,NO CONTROLS,CLEAR,DAYLIGHT,NOT DIVIDED,DRY,NO INJURY / DRIVE AWAY,,IMPROPER OVERTAKING/PASSING,6658,S,SPRINGFIELD AVE,,NO INDICATION OF INJURY,0,0,0,13,7,10,41.77145524,-87.7202719
07/18/2019 07:00:00 PM,30,NO CONTROLS,CLEAR,DAYLIGHT,DIVIDED - W/MEDIAN (NOT RAISED),DRY,INJURY AND / OR TOW DUE TO CRASH,,UNABLE TO DETERMINE,580,W,ROOSEVELT RD,Y,NONINCAPACITATING INJURY,0,0,1,19,5,7,41.86733048,-87.64211743
9/6/2016 12:20,30,STOP SIGN/FLASHER,CLEAR,DAYLIGHT,NOT DIVIDED,DRY,NO INJURY / DRIVE AWAY,,UNABLE TO DETERMINE,4700,S,DAMEN AVE,N,NO INDICATION OF INJURY,0,0,0,12,3,9,41.80841675,-87.67483107
10/7/2022 11:00,25,STOP SIGN/FLASHER,RAIN,DAYLIGHT,NOT DIVIDED,WET,INJURY AND / OR TOW DUE TO CRASH,,WEATHER,7000,N,WASHTENAW AVE,,NONINCAPACITATING INJURY,0,0,1,11,6,10,42.00855602,-87.69751778
05/15/2022 03:37:00 PM,30,NO CONTROLS,CLEAR,DAYLIGHT,DIVIDED - W/MEDIAN (NOT RAISED),DRY,INJURY AND / OR TOW DUE TO CRASH,,UNABLE TO DETERMINE,1500,W,WILSON AVE,,INCAPACITATING INJURY,0,1,0,15,1,5,41.96536418,-87.66787952
11/4/2023 21:47,30,NO CONTROLS,CLEAR,DARKNESS,FOUR WAY,UNKNOWN,INJURY AND / OR TOW DUE TO CRASH,Y,IMPROPER OVERTAKING/PASSING,1297,N,MILWAUKEE AVE,,NONINCAPACITATING INJURY,0,0,2,21,7,11,41.90532563,-87.669322
3/4/2021 15:30,30,UNKNOWN,UNKNOWN,UNKNOWN,NOT DIVIDED,UNKNOWN,INJURY AND / OR TOW DUE TO CRASH,,UNABLE TO DETERMINE,2939,W,ADDISON ST,,NONINCAPACITATING INJURY,0,0,1,15,5,3,41.94653898,-87.70208489
11/19/2017 04:00:00 PM,30,TRAFFIC SIGNAL,CLEAR,DAYLIGHT,DIVIDED - W/MEDIAN BARRIER,DRY,NO INJURY / DRIVE AWAY,,UNABLE TO DETERMINE,100,E,CONGRESS DR,,NO INDICATION OF INJURY,0,0,0,16,1,11,41.87583508,-87.62421289
03/30/2022 02:59:00 PM,30,OTHER,RAIN,DAYLIGHT,DRIVEWAY,WET,NO INJURY / DRIVE AWAY,Y,UNABLE TO DETERMINE,555,W,MADISON ST,,NO INDICATION OF INJURY,0,0,0,14,4,3,41.88173752,-87.64180803
12/21/2017 05:20:00 PM,30,NO CONTROLS,CLEAR,DUSK,NOT DIVIDED,DRY,INJURY AND / OR TOW DUE TO CRASH,,UNABLE TO DETERMINE,2563,W,MONTROSE AVE,,NONINCAPACITATING INJURY,0,0,1,17,5,12,41.96117098,-87.6936277
08/30/2021 07:15:00 PM,30,NO CONTROLS,CLEAR,DAYLIGHT,NOT DIVIDED,DRY,INJURY AND / OR TOW DUE TO CRASH,Y,UNABLE TO DETERMINE,2478,S,ARCHER AVE,,NONINCAPACITATING INJURY,0,0,1,19,2,8,41.84773832,-87.64566378
08/21/2018 10:25:00 PM,30,TRAFFIC SIGNAL,CLEAR,"DARKNESS, LIGHTED ROAD",NOT DIVIDED,DRY,INJURY AND / OR TOW DUE TO CRASH,Y,DISREGARDING TRAFFIC SIGNALS,2075,N,CENTRAL AVE,,NONINCAPACITATING INJURY,0,0,1,22,3,8,41.91812081,-87.76562586
10/19/2021 01:00:00 PM,25,TRAFFIC SIGNAL,CLEAR,DAYLIGHT,FOUR WAY,DRY,NO INJURY / DRIVE AWAY,,IMPROPER OVERTAKING/PASSING,2200,S,HALSTED ST,,NO INDICATION OF INJURY,0,0,0,13,3,10,41.85249445,-87.64663824
6/5/2021 17:37,30,NO CONTROLS,CLEAR,DAYLIGHT,NOT DIVIDED,DRY,INJURY AND / OR TOW DUE TO CRASH,,IMPROPER LANE USAGE,3804,N,CLARK ST,Y,NONINCAPACITATING INJURY,0,0,1,17,7,6,41.95116303,-87.65987331
8/7/2023 1:35,30,TRAFFIC SIGNAL,CLEAR,"DARKNESS, LIGHTED ROAD",FOUR WAY,DRY,INJURY AND / OR TOW DUE TO CRASH,,DISREGARDING TRAFFIC SIGNALS,425,N,LA SALLE DR,,INCAPACITATING INJURY,0,1,0,1,2,8,41.88996409,-87.63239972
9/4/2020 14:45,30,STOP SIGN/FLASHER,CLEAR,DAYLIGHT,NOT DIVIDED,DRY,NO INJURY / DRIVE AWAY,Y,UNABLE TO DETERMINE,3941,S,LANGLEY AVE,,NO INDICATION OF INJURY,0,0,0,14,6,9,41.82277273,-87.60965679
11/11/2020 18:56,35,STOP SIGN/FLASHER,CLEAR,"DARKNESS, LIGHTED ROAD",NOT DIVIDED,DRY,INJURY AND / OR TOW DUE TO CRASH,,FAILING TO REDUCE SPEED TO AVOID CRASH,4699,S,HERMITAGE AVE,,NONINCAPACITATING INJURY,0,0,1,18,4,11,41.80866271,-87.66846697
7/6/2021 16:00,30,NO CONTROLS,CLEAR,DAYLIGHT,NOT DIVIDED,DRY,NO INJURY / DRIVE AWAY,Y,UNABLE TO DETERMINE,201,N,WESTERN AVE,,NO INDICATION OF INJURY,0,0,0,16,3,7,41.88469057,-87.68638294
08/30/2018 04:40:00 PM,30,NO CONTROLS,CLEAR,DAYLIGHT,NOT DIVIDED,DRY,INJURY AND / OR TOW DUE TO CRASH,,IMPROPER LANE USAGE,315,E,CHICAGO AVE,,NONINCAPACITATING INJURY,0,0,1,16,5,8,41.89668927,-87.61970125
05/30/2022 10:10:00 PM,30,NO CONTROLS,CLEAR,"DARKNESS, LIGHTED ROAD",DIVIDED - W/MEDIAN (NOT RAISED),DRY,INJURY AND / OR TOW DUE TO CRASH,Y,FAILING TO REDUCE SPEED TO AVOID CRASH,3498,N,HALSTED ST,,NONINCAPACITATING INJURY,0,0,1,22,2,5,41.9454116,-87.64957509
08/30/2021 06:35:00 PM,30,NO CONTROLS,CLEAR,DAYLIGHT,NOT DIVIDED,DRY,INJURY AND / OR TOW DUE TO CRASH,Y,UNABLE TO DETERMINE,329,W,59TH ST,N,NONINCAPACITATING INJURY,0,0,1,18,2,8,41.78710657,-87.63395326
10/5/2022 18:45,30,TRAFFIC SIGNAL,CLEAR,"DARKNESS, LIGHTED ROAD",FOUR WAY,DRY,INJURY AND / OR TOW DUE TO CRASH,,FAILING TO YIELD RIGHT-OF-WAY,639,N,MICHIGAN AVE,,"REPORTED, NOT EVIDENT",0,0,0,18,4,10,41.89373841,-87.62407998
9/4/2022 16:45,25,STOP SIGN/FLASHER,CLEAR,DAYLIGHT,NOT DIVIDED,DRY,INJURY AND / OR TOW DUE TO CRASH,,FAILING TO YIELD RIGHT-OF-WAY,3343,N,HALSTED ST,,"REPORTED, NOT EVIDENT",0,0,0,16,1,9,41.94306979,-87.64921661
12/12/2021 13:50,30,NO CONTROLS,CLEAR,DAYLIGHT,NOT DIVIDED,DRY,INJURY AND / OR TOW DUE TO CRASH,,UNABLE TO DETERMINE,4228,N,CLARENDON AVE,Y,NONINCAPACITATING INJURY,0,0,1,13,1,12,41.9593508,-87.64998901
9/1/2016 17:30,30,TRAFFIC SIGNAL,CLEAR,DAYLIGHT,DIVIDED - W/MEDIAN BARRIER,DRY,NO INJURY / DRIVE AWAY,,DISREGARDING TRAFFIC SIGNALS,2401,W,OGDEN AVE,,NO INDICATION OF INJURY,0,0,0,17,5,9,41.86464673,-87.68600251
08/16/2017 03:06:00 PM,30,NO CONTROLS,CLEAR,DAYLIGHT,NOT DIVIDED,DRY,INJURY AND / OR TOW DUE TO CRASH,Y,UNABLE TO DETERMINE,1100,N,PULASKI RD,,NONINCAPACITATING INJURY,0,0,1,15,4,8,41.90093516,-87.72639912
9/7/2020 17:22,30,STOP SIGN/FLASHER,CLEAR,DAYLIGHT,T-INTERSECTION,DRY,INJURY AND / OR TOW DUE TO CRASH,,"VISION OBSCURED (SIGNS, TREE LIMBS, BUILDINGS, ETC.)",4601,S,KEDZIE AVE,,INCAPACITATING INJURY,0,1,0,17,2,9,41.80985073,-87.70389682
06/14/2018 06:23:00 PM,30,NO CONTROLS,CLEAR,DAYLIGHT,NOT DIVIDED,DRY,NO INJURY / DRIVE AWAY,,UNABLE TO DETERMINE,1558,N,MILWAUKEE AVE,Y,NO INDICATION OF INJURY,0,0,0,18,5,6,41.90973834,-87.67669266
05/25/2019 06:15:00 PM,30,TRAFFIC SIGNAL,CLEAR,DAYLIGHT,FOUR WAY,DRY,NO INJURY / DRIVE AWAY,,FAILING TO YIELD RIGHT-OF-WAY,1,S,HALSTED ST,,NO INDICATION OF INJURY,0,0,0,18,7,5,41.88171706,-87.64721054
9/5/2018 21:25,30,UNKNOWN,UNKNOWN,UNKNOWN,NOT DIVIDED,UNKNOWN,INJURY AND / OR TOW DUE TO CRASH,Y,UNABLE TO DETERMINE,4526,N,SHERIDAN RD,,NONINCAPACITATING INJURY,0,0,1,21,4,9,41.9644019,-87.65492251
06/28/2019 08:16:00 PM,30,NO CONTROLS,UNKNOWN,UNKNOWN,NOT DIVIDED,UNKNOWN,INJURY AND / OR TOW DUE TO CRASH,,"OPERATING VEHICLE IN ERRATIC, RECKLESS, CARELESS, NEGLIGENT OR AGGRESSIVE MANNER",1079,W,TAYLOR ST,Y,NONINCAPACITATING INJURY,0,0,1,20,6,6,41.86934859,-87.6541691
06/25/2017 10:15:00 PM,35,TRAFFIC SIGNAL,CLEAR,"DARKNESS, LIGHTED ROAD",NOT DIVIDED,DRY,NO INJURY / DRIVE AWAY,,UNABLE TO DETERMINE,1200,N,MILWAUKEE AVE,,NO INDICATION OF INJURY,0,0,0,22,1,6,41.9033078,-87.66663209
10/2/2023 15:02,20,STOP SIGN/FLASHER,CLEAR,DAYLIGHT,DIVIDED - W/MEDIAN (NOT RAISED),DRY,INJURY AND / OR TOW DUE TO CRASH,Y,UNABLE TO DETERMINE,783,W,WILSON AVE,,NONINCAPACITATING INJURY,0,0,1,15,2,10,41.96537562,-87.64995653
07/13/2018 04:30:00 PM,30,NO CONTROLS,CLEAR,DAYLIGHT,DIVIDED - W/MEDIAN (NOT RAISED),DRY,INJURY AND / OR TOW DUE TO CRASH,,FAILING TO YIELD RIGHT-OF-WAY,1550,N,MILWAUKEE AVE,,NONINCAPACITATING INJURY,0,0,1,16,6,7,41.90959687,-87.67647151
11/14/2022 03:50:00 PM,30,NO CONTROLS,CLEAR,DAYLIGHT,OTHER,DRY,INJURY AND / OR TOW DUE TO CRASH,,UNABLE TO DETERMINE,4700,S,WESTERN AVE,,"REPORTED, NOT EVIDENT",0,0,0,15,2,11,41.80837841,-87.68457072
6/10/2018 18:15,30,TRAFFIC SIGNAL,OTHER,DAYLIGHT,DIVIDED - W/MEDIAN (NOT RAISED),WET,INJURY AND / OR TOW DUE TO CRASH,Y,UNABLE TO DETERMINE,4900,W,FULLERTON AVE,,NONINCAPACITATING INJURY,0,0,1,18,1,6,41.9243148,-87.74888395
7/10/2017 7:52,20,TRAFFIC SIGNAL,RAIN,DAYLIGHT,DIVIDED - W/MEDIAN (NOT RAISED),WET,NO INJURY / DRIVE AWAY,,UNABLE TO DETERMINE,2199,N,DAMEN AVE,,NO INDICATION OF INJURY,0,0,0,7,2,7,41.92137014,-87.67760456
10/26/2022 08:30:00 AM,30,NO CONTROLS,CLEAR,DAYLIGHT,NOT DIVIDED,DRY,NO INJURY / DRIVE AWAY,,DRIVING SKILLS/KNOWLEDGE/EXPERIENCE,640,N,HALSTED ST,,NO INDICATION OF INJURY,0,0,0,8,4,10,41.89346499,-87.64782011
10/30/2019 10:24:00 PM,30,TRAFFIC SIGNAL,RAIN,DARKNESS,DIVIDED - W/MEDIAN (NOT RAISED),WET,NO INJURY / DRIVE AWAY,,UNABLE TO DETERMINE,5500,S,ASHLAND AVE,,NO INDICATION OF INJURY,0,0,0,22,4,10,41.79359012,-87.664721
10/9/2019 19:56,30,NO CONTROLS,CLEAR,"DARKNESS, LIGHTED ROAD",NOT DIVIDED,DRY,NO INJURY / DRIVE AWAY,Y,UNABLE TO DETERMINE,2551,N,CLARK ST,,NO INDICATION OF INJURY,0,0,0,19,4,10,41.92917284,-87.64244444
6/11/2023 17:40,30,TRAFFIC SIGNAL,CLOUDY/OVERCAST,DAYLIGHT,NOT DIVIDED,WET,INJURY AND / OR TOW DUE TO CRASH,,IMPROPER LANE USAGE,3701,N,CLARK ST,,NONINCAPACITATING INJURY,0,0,1,17,1,6,41.9491234,-87.65789036
07/20/2020 12:04:00 PM,30,TRAFFIC SIGNAL,CLEAR,DAYLIGHT,FOUR WAY,DRY,INJURY AND / OR TOW DUE TO CRASH,,IMPROPER TURNING/NO SIGNAL,4400,N,CLARK ST,,NONINCAPACITATING INJURY,0,0,1,12,2,7,41.96170077,-87.66612372
07/13/2023 04:05:00 PM,30,TRAFFIC SIGNAL,CLEAR,DAYLIGHT,T-INTERSECTION,DRY,INJURY AND / OR TOW DUE TO CRASH,,UNABLE TO DETERMINE,6000,N,CLARK ST,,NONINCAPACITATING INJURY,0,0,1,16,5,7,41.99084011,-87.67017295
9/11/2022 23:20,30,NO CONTROLS,CLEAR,"DARKNESS, LIGHTED ROAD",ONE-WAY,DRY,NO INJURY / DRIVE AWAY,,UNABLE TO DETERMINE,1505,W,ALBION AVE,,NO INDICATION OF INJURY,0,0,0,23,1,9,42.00164937,-87.66828556
05/15/2022 02:04:00 AM,20,STOP SIGN/FLASHER,CLEAR,"DARKNESS, LIGHTED ROAD",DIVIDED - W/MEDIAN (NOT RAISED),DRY,INJURY AND / OR TOW DUE TO CRASH,,DISREGARDING TRAFFIC SIGNALS,1900,W,CORTLAND ST,,NONINCAPACITATING INJURY,0,0,1,2,1,5,41.91609343,-87.67521487
9/4/2023 15:05,30,NO CONTROLS,CLEAR,DAYLIGHT,NOT DIVIDED,DRY,INJURY AND / OR TOW DUE TO CRASH,,UNABLE TO DETERMINE,2644,W,ARMITAGE AVE,,NONINCAPACITATING INJURY,0,0,1,15,2,9,41.91762835,-87.69411307
8/10/2023 23:26,30,TRAFFIC SIGNAL,CLEAR,"DARKNESS, LIGHTED ROAD",DIVIDED - W/MEDIAN BARRIER,DRY,INJURY AND / OR TOW DUE TO CRASH,Y,UNABLE TO DETERMINE,31,N,ASHLAND AVE,,NONINCAPACITATING INJURY,0,0,1,23,5,8,41.88233589,-87.66668911
04/26/2018 08:55:00 PM,30,NO CONTROLS,CLEAR,"DARKNESS, LIGHTED ROAD",NOT DIVIDED,DRY,INJURY AND / OR TOW DUE TO CRASH,,DRIVING ON WRONG SIDE/WRONG WAY,7731,S,HALSTED ST,,NONINCAPACITATING INJURY,0,0,1,20,5,4,41.75333807,-87.64396581
08/21/2017 05:30:00 PM,30,TRAFFIC SIGNAL,CLEAR,DAYLIGHT,NOT DIVIDED,DRY,INJURY AND / OR TOW DUE TO CRASH,Y,FAILING TO YIELD RIGHT-OF-WAY,4701,W,55TH ST,,"REPORTED, NOT EVIDENT",0,0,0,17,2,8,41.79294377,-87.74037596
05/23/2022 08:30:00 PM,35,NO CONTROLS,CLEAR,DARKNESS,DIVIDED - W/MEDIAN BARRIER,DRY,INJURY AND / OR TOW DUE TO CRASH,,NOT APPLICABLE,8000,S,ANTHONY AVE,,NONINCAPACITATING INJURY,0,0,1,20,2,5,41.74957387,-87.58623562
08/22/2019 04:25:00 PM,30,NO CONTROLS,CLEAR,DAYLIGHT,NOT DIVIDED,DRY,INJURY AND / OR TOW DUE TO CRASH,,NOT APPLICABLE,4532,N,CLARK ST,Y,INCAPACITATING INJURY,0,1,0,16,5,8,41.96442737,-87.66670776
04/16/2021 08:30:00 AM,25,NO CONTROLS,CLEAR,DAYLIGHT,ONE-WAY,DRY,NO INJURY / DRIVE AWAY,,DRIVING ON WRONG SIDE/WRONG WAY,833,N,CLARK ST,,NO INDICATION OF INJURY,0,0,0,8,6,4,41.89766564,-87.63112433
03/15/2018 02:32:00 PM,30,NO CONTROLS,CLEAR,DAYLIGHT,DIVIDED - W/MEDIAN (NOT RAISED),DRY,INJURY AND / OR TOW DUE TO CRASH,,NOT APPLICABLE,1266,N,MILWAUKEE AVE,Y,NONINCAPACITATING INJURY,0,0,1,14,5,3,41.90468983,-87.66878127
05/20/2023 08:17:00 PM,30,NO CONTROLS,CLEAR,"DARKNESS, LIGHTED ROAD",DIVIDED - W/MEDIAN (NOT RAISED),DRY,INJURY AND / OR TOW DUE TO CRASH,,UNABLE TO DETERMINE,1511,N,MILWAUKEE AVE,,NONINCAPACITATING INJURY,0,0,1,20,7,5,41.90903765,-87.67514592
08/18/2023 01:00:00 PM,30,STOP SIGN/FLASHER,CLEAR,DAYLIGHT,FOUR WAY,DRY,NO INJURY / DRIVE AWAY,Y,FAILING TO YIELD RIGHT-OF-WAY,4258,N,KEDZIE AVE,,NO INDICATION OF INJURY,0,0,0,13,6,8,41.95927105,-87.708333
10/29/2022 04:00:00 PM,30,STOP SIGN/FLASHER,CLEAR,DAYLIGHT,FOUR WAY,DRY,INJURY AND / OR TOW DUE TO CRASH,,DISREGARDING STOP SIGN,7321,W,BELMONT AVE,,INCAPACITATING INJURY,0,1,0,16,7,10,41.93788048,-87.81007828
08/27/2021 01:30:00 PM,30,TRAFFIC SIGNAL,CLEAR,DAYLIGHT,DIVIDED - W/MEDIAN (NOT RAISED),DRY,INJURY AND / OR TOW DUE TO CRASH,Y,UNABLE TO DETERMINE,1159,S,SACRAMENTO BLVD,,"REPORTED, NOT EVIDENT",0,0,0,13,6,8,41.86654952,-87.70064396
07/26/2019 08:12:00 PM,25,TRAFFIC SIGNAL,CLEAR,DUSK,DIVIDED - W/MEDIAN (NOT RAISED),DRY,INJURY AND / OR TOW DUE TO CRASH,Y,FAILING TO YIELD RIGHT-OF-WAY,1600,W,ROSEHILL DR,,NONINCAPACITATING INJURY,0,0,1,20,6,7,41.98686114,-87.6699547
1/4/2023 18:50,30,TRAFFIC SIGNAL,CLEAR,"DARKNESS, LIGHTED ROAD",T-INTERSECTION,DRY,NO INJURY / DRIVE AWAY,,UNABLE TO DETERMINE,4955,N,BROADWAY,,NO INDICATION OF INJURY,0,0,0,18,4,1,41.97315504,-87.65963394
6/11/2018 8:43,30,STOP SIGN/FLASHER,RAIN,DAYLIGHT,ONE-WAY,WET,INJURY AND / OR TOW DUE TO CRASH,,DRIVING ON WRONG SIDE/WRONG WAY,4759,N,KENMORE AVE,,NONINCAPACITATING INJURY,0,0,1,8,2,6,41.9689788,-87.65607401
6/3/2018 20:00,30,STOP SIGN/FLASHER,CLEAR,DUSK,NOT DIVIDED,DRY,INJURY AND / OR TOW DUE TO CRASH,,FAILING TO YIELD RIGHT-OF-WAY,5032,N,WOLCOTT AVE,,NONINCAPACITATING INJURY,0,0,1,20,1,6,41.97343963,-87.67647771
07/23/2022 12:40:00 AM,35,TRAFFIC SIGNAL,CLEAR,"DARKNESS, LIGHTED ROAD",NOT DIVIDED,DRY,INJURY AND / OR TOW DUE TO CRASH,,UNABLE TO DETERMINE,4950,S,ARCHER AVE,N,NONINCAPACITATING INJURY,0,0,1,0,7,7,41.80335904,-87.72196047
09/16/2018 01:45:00 PM,30,NO CONTROLS,CLEAR,DAYLIGHT,NOT DIVIDED,DRY,INJURY AND / OR TOW DUE TO CRASH,,UNABLE TO DETERMINE,750,N,LARAMIE AVE,,NONINCAPACITATING INJURY,0,0,1,13,1,9,41.89449932,-87.7557306
07/14/2018 10:18:00 AM,30,TRAFFIC SIGNAL,RAIN,DAYLIGHT,DIVIDED - W/MEDIAN (NOT RAISED),WET,INJURY AND / OR TOW DUE TO CRASH,,FAILING TO YIELD RIGHT-OF-WAY,1200,S,WESTERN AVE,,INCAPACITATING INJURY,0,1,0,10,7,7,41.86655006,-87.68618329
07/20/2019 11:28:00 PM,30,TRAFFIC SIGNAL,CLEAR,"DARKNESS, LIGHTED ROAD",NOT DIVIDED,DRY,INJURY AND / OR TOW DUE TO CRASH,,FAILING TO YIELD RIGHT-OF-WAY,1400,E,HYDE PARK BLVD,,NONINCAPACITATING INJURY,0,0,1,23,7,7,41.80253209,-87.59178796
05/18/2019 06:54:00 PM,25,NO CONTROLS,CLEAR,DAYLIGHT,NOT DIVIDED,DRY,INJURY AND / OR TOW DUE TO CRASH,,FAILING TO YIELD RIGHT-OF-WAY,711,W,DIVERSEY PKWY,,NONINCAPACITATING INJURY,0,0,1,18,7,5,41.93264779,-87.64706006
06/21/2018 01:58:00 AM,30,TRAFFIC SIGNAL,RAIN,"DARKNESS, LIGHTED ROAD",DIVIDED - W/MEDIAN (NOT RAISED),WET,INJURY AND / OR TOW DUE TO CRASH,,FAILING TO YIELD RIGHT-OF-WAY,3412,S,ARCHER AVE,,"REPORTED, NOT EVIDENT",0,0,0,1,5,6,41.83192152,-87.67537934
06/18/2022 02:00:00 PM,25,STOP SIGN/FLASHER,CLEAR,DAYLIGHT,FOUR WAY,DRY,NO INJURY / DRIVE AWAY,,UNABLE TO DETERMINE,2431,W,GRANVILLE AVE,,NO INDICATION OF INJURY,0,0,0,14,7,6,41.99396795,-87.69105276
8/11/2022 18:10,30,STOP SIGN/FLASHER,CLEAR,DAYLIGHT,FOUR WAY,DRY,INJURY AND / OR TOW DUE TO CRASH,Y,UNABLE TO DETERMINE,8900,S,DR MARTIN LUTHER KING JR DR,,NONINCAPACITATING INJURY,0,0,1,18,5,8,41.73280152,-87.61457664
10/30/2022 07:00:00 PM,25,NO CONTROLS,CLEAR,"DARKNESS, LIGHTED ROAD",OTHER,DRY,NO INJURY / DRIVE AWAY,,DRIVING SKILLS/KNOWLEDGE/EXPERIENCE,216,W,33RD ST,,NO INDICATION OF INJURY,0,0,0,19,1,10,41.83469636,-87.63232559
06/13/2021 11:37:00 AM,30,TRAFFIC SIGNAL,CLEAR,DAYLIGHT,T-INTERSECTION,DRY,INJURY AND / OR TOW DUE TO CRASH,Y,FAILING TO REDUCE SPEED TO AVOID CRASH,3,E,ONTARIO ST,,NONINCAPACITATING INJURY,0,0,1,11,1,6,41.89316603,-87.62795628
10/23/2022 12:00:00 PM,30,STOP SIGN/FLASHER,CLEAR,DAYLIGHT,FOUR WAY,DRY,INJURY AND / OR TOW DUE TO CRASH,Y,IMPROPER OVERTAKING/PASSING,2299,N,SHEFFIELD AVE,,"REPORTED, NOT EVIDENT",0,0,0,12,1,10,41.92346738,-87.65339829
12/13/2020 03:15:00 PM,30,TRAFFIC SIGNAL,CLEAR,DAYLIGHT,DIVIDED - W/MEDIAN (NOT RAISED),DRY,NO INJURY / DRIVE AWAY,,UNABLE TO DETERMINE,2435,N,ELSTON AVE,,NO INDICATION OF INJURY,0,0,0,15,1,12,41.92572587,-87.67822829
10/19/2017 07:50:00 AM,15,NO CONTROLS,CLEAR,DAYLIGHT,PARKING LOT,DRY,NO INJURY / DRIVE AWAY,Y,UNABLE TO DETERMINE,520,N,OGDEN AVE,,NO INDICATION OF INJURY,0,0,0,7,5,10,41.89176978,-87.65860461
06/16/2021 05:04:00 PM,30,STOP SIGN/FLASHER,CLEAR,DAYLIGHT,NOT DIVIDED,DRY,INJURY AND / OR TOW DUE TO CRASH,Y,UNABLE TO DETERMINE,5559,S,COTTAGE GROVE AVE,,NONINCAPACITATING INJURY,0,0,1,17,4,6,41.79324694,-87.60604497
11/24/2015 03:20:00 PM,30,STOP SIGN/FLASHER,CLEAR,DAYLIGHT,DIVIDED - W/MEDIAN (NOT RAISED),DRY,INJURY AND / OR TOW DUE TO CRASH,,FAILING TO YIELD RIGHT-OF-WAY,3855,N,DAMEN AVE,,NONINCAPACITATING INJURY,0,0,1,15,3,11,41.95216321,-87.67855106
10/16/2019 11:30:00 AM,20,NO CONTROLS,UNKNOWN,"DARKNESS, LIGHTED ROAD",ONE-WAY,UNKNOWN,NO INJURY / DRIVE AWAY,,UNABLE TO DETERMINE,6206,N,WAYNE AVE,,NO INDICATION OF INJURY,0,0,0,11,4,10,41.99477051,-87.66424988
08/18/2021 10:00:00 AM,30,NO CONTROLS,CLEAR,DAYLIGHT,NOT DIVIDED,DRY,INJURY AND / OR TOW DUE TO CRASH,,DRIVING ON WRONG SIDE/WRONG WAY,3222,W,FULTON BLVD,N,NONINCAPACITATING INJURY,0,0,1,10,4,8,41.88651409,-87.70717723
8/9/2023 21:10,30,TRAFFIC SIGNAL,CLEAR,DARKNESS,FOUR WAY,DRY,INJURY AND / OR TOW DUE TO CRASH,,IMPROPER LANE USAGE,6417,W,MONTROSE AVE,,NONINCAPACITATING INJURY,0,0,1,21,4,8,41.96008436,-87.78758473
08/13/2019 07:18:00 PM,30,NO CONTROLS,CLEAR,DUSK,NOT DIVIDED,DRY,INJURY AND / OR TOW DUE TO CRASH,,FAILING TO YIELD RIGHT-OF-WAY,1520,W,FULLERTON AVE,,NONINCAPACITATING INJURY,0,0,1,19,3,8,41.92528231,-87.66661708
10/28/2021 10:25:00 PM,30,NO CONTROLS,RAIN,"DARKNESS, LIGHTED ROAD",DIVIDED - W/MEDIAN BARRIER,WET,INJURY AND / OR TOW DUE TO CRASH,Y,UNABLE TO DETERMINE,4200,N,CLARK ST,,NONINCAPACITATING INJURY,0,0,1,22,5,10,41.95803522,-87.66466518
02/27/2021 04:45:00 PM,25,NO CONTROLS,CLEAR,DAYLIGHT,NOT DIVIDED,DRY,NO INJURY / DRIVE AWAY,,IMPROPER OVERTAKING/PASSING,1811,N,WINCHESTER AVE,,NO INDICATION OF INJURY,0,0,0,16,7,2,41.91454658,-87.67618717
07/25/2020 07:00:00 PM,30,TRAFFIC SIGNAL,CLEAR,DAYLIGHT,FOUR WAY,DRY,INJURY AND / OR TOW DUE TO CRASH,Y,IMPROPER TURNING/NO SIGNAL,3000,W,CHICAGO AVE,,NONINCAPACITATING INJURY,0,0,1,19,7,7,41.89570453,-87.70221852
06/28/2022 12:25:00 PM,30,NO CONTROLS,CLEAR,DAYLIGHT,NOT DIVIDED,DRY,INJURY AND / OR TOW DUE TO CRASH,,NOT APPLICABLE,1113,W,WILSON AVE,Y,NONINCAPACITATING INJURY,0,0,1,12,3,6,41.96528258,-87.6580082