CRASH_DATE,POSTED_SPEED_LIMIT,TRAFFIC_CONTROL_DEVICE,WEATHER_CONDITION,LIGHTING_CONDITION,TRAFFICWAY_TYPE,ROADWAY_SURFACE_COND,CRASH_TYPE,HIT_AND_RUN_I,PRIM_CONTRIBUTORY_CAUSE,STREET_NO,STREET_DIRECTION,STREET_NAME,DOORING_I,MOST_SEVERE_INJURY,INJURIES_FATAL,INJURIES_INCAPACITATING,INJURIES_NON_INCAPACITATING,CRASH_HOUR,CRASH_DAY_OF_WEEK,CRASH_MONTH,LATITUDE,LONGITUDE
11/22/2019 09:05:00 PM,30,TRAFFIC SIGNAL,CLEAR,DARKNESS,DIVIDED - W/MEDIAN (NOT RAISED),DRY,NO INJURY / DRIVE AWAY,Y,UNABLE TO DETERMINE,1100,W,LOYOLA AVE,,NO INDICATION OF INJURY,0,0,0,21,6,11,42.00166951,-87.65869294
7/7/2017 16:55,30,TRAFFIC SIGNAL,CLEAR,DAYLIGHT,DIVIDED - W/MEDIAN (NOT RAISED),DRY,INJURY AND / OR TOW DUE TO CRASH,,FAILING TO YIELD RIGHT-OF-WAY,5200,N,BROADWAY,,"REPORTED, NOT EVIDENT",0,0,0,16,6,7,41.97641214,-87.66001508
04/16/2019 05:14:00 PM,30,TRAFFIC SIGNAL,CLEAR,DAYLIGHT,ONE-WAY,DRY,INJURY AND / OR TOW DUE TO CRASH,,FAILING TO YIELD RIGHT-OF-WAY,38,W,ONTARIO ST,,NONINCAPACITATING INJURY,0,0,1,17,3,4,41.89336002,-87.62961998
05/23/2022 05:45:00 PM,30,UNKNOWN,CLEAR,DAYLIGHT,NOT DIVIDED,DRY,INJURY AND / OR TOW DUE TO CRASH,Y,UNABLE TO DETERMINE,4000,W,IRVING PARK RD,,NONINCAPACITATING INJURY,0,0,1,17,2,5,41.95375687,-87.72769851
07/29/2020 03:13:00 PM,30,NO CONTROLS,CLEAR,DAYLIGHT,FOUR WAY,DRY,INJURY AND / OR TOW DUE TO CRASH,,FAILING TO YIELD RIGHT-OF-WAY,4500,N,ASHLAND AVE,,NONINCAPACITATING INJURY,0,0,1,15,4,7,41.96350329,-87.6694528
01/28/2019 08:45:00 AM,30,STOP SIGN/FLASHER,SNOW,DAYLIGHT,DIVIDED - W/MEDIAN (NOT RAISED),SNOW OR SLUSH,NO INJURY / DRIVE AWAY,Y,FAILING TO REDUCE SPEED TO AVOID CRASH,3499,S,ABERDEEN ST,,NO INDICATION OF INJURY,0,0,0,8,2,1,41.8307016,-87.65324626
6/1/2017 17:45,30,STOP SIGN/FLASHER,CLEAR,DAYLIGHT,NOT DIVIDED,DRY,INJURY AND / OR TOW DUE TO CRASH,,FAILING TO YIELD RIGHT-OF-WAY,4500,W,PARKER AVE,,NONINCAPACITATING INJURY,0,0,1,17,5,6,41.93072683,-87.73933688
12/4/2018 16:30,30,NO CONTROLS,CLEAR,DARKNESS,NOT DIVIDED,DRY,NO INJURY / DRIVE AWAY,,FAILING TO YIELD RIGHT-OF-WAY,2400,N,KIMBALL AVE,N,NO INDICATION OF INJURY,0,0,0,16,3,12,41.92475007,-87.71225438
06/15/2023 11:08:00 AM,30,NO CONTROLS,CLEAR,DAYLIGHT,FOUR WAY,DRY,INJURY AND / OR TOW DUE TO CRASH,,FAILING TO YIELD RIGHT-OF-WAY,1802,W,WASHBURNE AVE,N,NONINCAPACITATING INJURY,0,0,1,11,5,6,41.86602155,-87.67152458
08/13/2018 10:20:00 PM,30,TRAFFIC SIGNAL,CLEAR,DARKNESS,DIVIDED - W/MEDIAN (NOT RAISED),DRY,INJURY AND / OR TOW DUE TO CRASH,,UNABLE TO DETERMINE,1600,N,ELSTON AVE,,NONINCAPACITATING INJURY,0,0,1,22,2,8,41.910707,-87.66232725
08/15/2017 12:15:00 PM,30,STOP SIGN/FLASHER,CLEAR,DAYLIGHT,NOT DIVIDED,DRY,NO INJURY / DRIVE AWAY,,UNABLE TO DETERMINE,399,E,59TH ST,,NO INDICATION OF INJURY,0,0,0,12,3,8,41.78741176,-87.61588019
4/2/2019 20:30,30,UNKNOWN,UNKNOWN,UNKNOWN,DIVIDED - W/MEDIAN (NOT RAISED),UNKNOWN,INJURY AND / OR TOW DUE TO CRASH,,IMPROPER OVERTAKING/PASSING,1735,W,DIVISION ST,,NONINCAPACITATING INJURY,0,0,1,20,3,4,41.90317507,-87.67122437
07/17/2020 09:20:00 AM,30,NO CONTROLS,CLEAR,DAYLIGHT,ONE-WAY,DRY,NO INJURY / DRIVE AWAY,,EQUIPMENT - VEHICLE CONDITION,2011,N,BISSELL ST,,NO INDICATION OF INJURY,0,0,0,9,6,7,41.9184989,-87.65201685
4/12/2023 17:34,30,NO CONTROLS,CLEAR,DAYLIGHT,DIVIDED - W/MEDIAN (NOT RAISED),DRY,INJURY AND / OR TOW DUE TO CRASH,,FAILING TO YIELD RIGHT-OF-WAY,2601,W,BELMONT AVE,,NONINCAPACITATING INJURY,0,0,1,17,4,4,41.93931182,-87.69311854
11/1/2017 8:03,35,NO CONTROLS,CLEAR,DAYLIGHT,NOT DIVIDED,DRY,INJURY AND / OR TOW DUE TO CRASH,,UNABLE TO DETERMINE,5749,S,ARCHER AVE,,FATAL,1,0,0,8,4,11,41.79655617,-87.75621475
06/24/2020 10:30:00 AM,30,NO CONTROLS,CLEAR,DAYLIGHT,NOT DIVIDED,DRY,NO INJURY / DRIVE AWAY,,FAILING TO YIELD RIGHT-OF-WAY,823,W,ARMITAGE AVE,,NO INDICATION OF INJURY,0,0,0,10,4,6,41.91805487,-87.64949301
8/1/2021 21:42,30,STOP SIGN/FLASHER,CLEAR,DARKNESS,T-INTERSECTION,DRY,INJURY AND / OR TOW DUE TO CRASH,Y,FAILING TO YIELD RIGHT-OF-WAY,2432,W,OGDEN AVE,,NONINCAPACITATING INJURY,0,0,1,21,1,8,41.86446116,-87.68718582
10/7/2023 15:00,15,NO CONTROLS,CLEAR,DAYLIGHT,ONE-WAY,DRY,NO INJURY / DRIVE AWAY,,UNABLE TO DETERMINE,5140,N,KOSTNER AVE,,NO INDICATION OF INJURY,0,0,0,15,7,10,41.97482361,-87.73823163
11/3/2021 8:45,30,STOP SIGN/FLASHER,CLEAR,DAYLIGHT,FOUR WAY,DRY,NO INJURY / DRIVE AWAY,,FAILING TO YIELD RIGHT-OF-WAY,5300,W,SUNNYSIDE AVE,,NO INDICATION OF INJURY,0,0,0,8,4,11,41.96254828,-87.76006111
09/20/2017 05:10:00 AM,30,STOP SIGN/FLASHER,CLEAR,"DARKNESS, LIGHTED ROAD",NOT DIVIDED,DRY,INJURY AND / OR TOW DUE TO CRASH,,DISREGARDING STOP SIGN,310,E,NORTH WATER ST,,INCAPACITATING INJURY,0,1,0,5,4,9,41.88965462,-87.61974078
07/26/2017 08:45:00 AM,30,STOP SIGN/FLASHER,CLEAR,DAYLIGHT,ONE-WAY,DRY,NO INJURY / DRIVE AWAY,,UNABLE TO DETERMINE,5600,N,CENTRAL PARK AVE,,NO INDICATION OF INJURY,0,0,0,8,4,7,41.98302879,-87.71880471
08/20/2022 12:00:00 PM,35,TRAFFIC SIGNAL,RAIN,DAYLIGHT,NOT DIVIDED,WET,NO INJURY / DRIVE AWAY,,IMPROPER LANE USAGE,812,S,CENTRAL AVE,Y,NO INDICATION OF INJURY,0,0,0,12,7,8,41.86983607,-87.76455675
9/10/2017 21:57,30,NO CONTROLS,CLEAR,"DARKNESS, LIGHTED ROAD",NOT DIVIDED,DRY,INJURY AND / OR TOW DUE TO CRASH,,HAD BEEN DRINKING (USE WHEN ARREST IS NOT MADE),1104,N,CENTRAL AVE,N,NONINCAPACITATING INJURY,0,0,1,21,1,9,41.90047168,-87.76574183
01/31/2022 07:45:00 AM,30,TRAFFIC SIGNAL,CLEAR,DAYLIGHT,NOT DIVIDED,WET,INJURY AND / OR TOW DUE TO CRASH,Y,FAILING TO YIELD RIGHT-OF-WAY,2001,W,MONTROSE AVE,,NONINCAPACITATING INJURY,0,0,1,7,2,1,41.9613473,-87.67903807
02/20/2023 05:30:00 PM,30,NO CONTROLS,CLEAR,DUSK,NOT DIVIDED,DRY,INJURY AND / OR TOW DUE TO CRASH,,NOT APPLICABLE,4600,S,PULASKI RD,,NONINCAPACITATING INJURY,0,0,1,17,2,2,41.80960858,-87.72379504
09/27/2020 08:00:00 PM,30,NO CONTROLS,CLOUDY/OVERCAST,DARKNESS,NOT DIVIDED,UNKNOWN,INJURY AND / OR TOW DUE TO CRASH,,IMPROPER TURNING/NO SIGNAL,4547,N,BROADWAY,,"REPORTED, NOT EVIDENT",0,0,0,20,1,9,41.96498065,-87.6570432
10/22/2018 06:00:00 PM,25,NO CONTROLS,CLEAR,"DARKNESS, LIGHTED ROAD",NOT DIVIDED,DRY,INJURY AND / OR TOW DUE TO CRASH,Y,FAILING TO YIELD RIGHT-OF-WAY,3841,W,AUGUSTA BLVD,,NONINCAPACITATING INJURY,0,0,1,18,2,10,41.89894015,-87.7228658
9/1/2021 13:00,30,NO CONTROLS,CLEAR,DAYLIGHT,DIVIDED - W/MEDIAN (NOT RAISED),DRY,INJURY AND / OR TOW DUE TO CRASH,,UNABLE TO DETERMINE,3042,N,MILWAUKEE AVE,Y,NONINCAPACITATING INJURY,0,0,1,13,4,9,41.93639862,-87.71965436
10/2/2018 21:20,35,UNKNOWN,UNKNOWN,UNKNOWN,NOT DIVIDED,UNKNOWN,NO INJURY / DRIVE AWAY,,NOT APPLICABLE,3600,N,CLARK ST,,NO INDICATION OF INJURY,0,0,0,21,3,10,41.94720223,-87.65668776
04/20/2019 03:10:00 PM,30,NO CONTROLS,CLEAR,DAYLIGHT,NOT DIVIDED,DRY,INJURY AND / OR TOW DUE TO CRASH,,UNABLE TO DETERMINE,2840,W,FULLERTON AVE,Y,NONINCAPACITATING INJURY,0,0,1,15,7,4,41.92490233,-87.69903913
08/19/2022 08:07:00 AM,30,STOP SIGN/FLASHER,CLEAR,DAYLIGHT,DIVIDED - W/MEDIAN (NOT RAISED),DRY,NO INJURY / DRIVE AWAY,Y,FAILING TO YIELD RIGHT-OF-WAY,2800,W,52ND ST,,NO INDICATION OF INJURY,0,0,0,8,6,8,41.7992725,-87.69401446
6/6/2020 14:02,20,NO CONTROLS,CLEAR,DAYLIGHT,NOT DIVIDED,DRY,NO INJURY / DRIVE AWAY,,"VISION OBSCURED (SIGNS, TREE LIMBS, BUILDINGS, ETC.)",9717,S,LEAVITT ST,N,NO INDICATION OF INJURY,0,0,0,14,7,6,41.71682746,-87.67694875
08/30/2023 07:25:00 AM,30,NO CONTROLS,CLEAR,DAYLIGHT,NOT DIVIDED,DRY,INJURY AND / OR TOW DUE TO CRASH,,FAILING TO YIELD RIGHT-OF-WAY,5600,N,MANGO AVE,,NONINCAPACITATING INJURY,0,0,1,7,4,8,41.98301899,-87.77212279
07/25/2018 06:00:00 PM,30,NO CONTROLS,CLEAR,DAYLIGHT,NOT DIVIDED,DRY,NO INJURY / DRIVE AWAY,,UNABLE TO DETERMINE,36,W,KINZIE ST,,NO INDICATION OF INJURY,0,0,0,18,4,7,41.88934348,-87.62951227
03/21/2023 05:00:00 PM,30,UNKNOWN,UNKNOWN,UNKNOWN,DIVIDED - W/MEDIAN (NOT RAISED),UNKNOWN,NO INJURY / DRIVE AWAY,,UNABLE TO DETERMINE,5357,N,CLARK ST,,NO INDICATION OF INJURY,0,0,0,17,3,3,41.97974085,-87.66812519
9/4/2019 9:40,30,NO CONTROLS,CLEAR,DAYLIGHT,NOT DIVIDED,DRY,INJURY AND / OR TOW DUE TO CRASH,Y,NOT APPLICABLE,3521,S,ARCHER AVE,,NONINCAPACITATING INJURY,0,0,1,9,4,9,41.82998515,-87.67808894
6/7/2018 8:10,30,NO CONTROLS,CLEAR,DAYLIGHT,DIVIDED - W/MEDIAN (NOT RAISED),DRY,INJURY AND / OR TOW DUE TO CRASH,Y,IMPROPER LANE USAGE,2816,W,55TH ST,,NONINCAPACITATING INJURY,0,0,1,8,5,6,41.7937868,-87.69459434
8/3/2021 15:50,30,NO CONTROLS,CLEAR,DAYLIGHT,NOT DIVIDED,DRY,INJURY AND / OR TOW DUE TO CRASH,,UNABLE TO DETERMINE,918,W,ARMITAGE AVE,Y,NONINCAPACITATING INJURY,0,0,1,15,3,8,41.91823955,-87.65175893
10/15/2022 02:40:00 PM,30,TRAFFIC SIGNAL,CLEAR,DAYLIGHT,DIVIDED - W/MEDIAN (NOT RAISED),DRY,INJURY AND / OR TOW DUE TO CRASH,,FAILING TO YIELD RIGHT-OF-WAY,602,W,LAKE ST,,"REPORTED, NOT EVIDENT",0,0,0,14,7,10,41.88581467,-87.64293534
10/4/2019 12:09,30,NO CONTROLS,CLEAR,DAYLIGHT,NOT DIVIDED,DRY,NO INJURY / DRIVE AWAY,,NOT APPLICABLE,2917,N,LINCOLN AVE,,NO INDICATION OF INJURY,0,0,0,12,6,10,41.9348425,-87.66169213
8/11/2021 4:41,30,TRAFFIC SIGNAL,CLEAR,DAYLIGHT,FOUR WAY,DRY,INJURY AND / OR TOW DUE TO CRASH,,DISREGARDING TRAFFIC SIGNALS,140,W,HUBBARD ST,,"REPORTED, NOT EVIDENT",0,0,0,4,4,8,41.89011212,-87.6326247
08/16/2021 02:28:00 PM,30,TRAFFIC SIGNAL,CLEAR,DAYLIGHT,DIVIDED - W/MEDIAN (NOT RAISED),DRY,INJURY AND / OR TOW DUE TO CRASH,,UNABLE TO DETERMINE,1900,N,ASHLAND AVE,,NONINCAPACITATING INJURY,0,0,1,14,2,8,41.91614728,-87.66794735
09/15/2019 04:15:00 PM,30,TRAFFIC SIGNAL,CLEAR,DAYLIGHT,DIVIDED - W/MEDIAN (NOT RAISED),DRY,NO INJURY / DRIVE AWAY,,UNABLE TO DETERMINE,1585,N,MILWAUKEE AVE,,NO INDICATION OF INJURY,0,0,0,16,1,9,41.9104029,-87.67726236
7/12/2022 7:10,30,TRAFFIC SIGNAL,CLEAR,DAYLIGHT,FOUR WAY,DRY,INJURY AND / OR TOW DUE TO CRASH,,DISREGARDING TRAFFIC SIGNALS,4800,N,LONG AVE,,NONINCAPACITATING INJURY,0,0,1,7,3,7,41.96772328,-87.76277295
6/2/2022 16:30,30,TRAFFIC SIGNAL,CLEAR,DAYLIGHT,FOUR WAY,DRY,INJURY AND / OR TOW DUE TO CRASH,,UNABLE TO DETERMINE,435,W,FULLERTON PKWY,Y,NONINCAPACITATING INJURY,0,0,1,16,5,6,41.92547211,-87.64065916
11/1/2019 14:37,30,TRAFFIC SIGNAL,CLEAR,DAYLIGHT,DIVIDED - W/MEDIAN (NOT RAISED),DRY,NO INJURY / DRIVE AWAY,Y,FAILING TO REDUCE SPEED TO AVOID CRASH,6700,S,ASHLAND AVE,,NO INDICATION OF INJURY,0,0,0,14,6,11,41.77209823,-87.66416462
1/10/2020 15:57,30,PEDESTRIAN CROSSING SIGN,RAIN,DUSK,FOUR WAY,WET,NO INJURY / DRIVE AWAY,,UNABLE TO DETERMINE,800,N,CLARK ST,,NO INDICATION OF INJURY,0,0,0,15,6,1,41.89670114,-87.63139316
11/7/2022 20:32,25,TRAFFIC SIGNAL,CLEAR,"DARKNESS, LIGHTED ROAD",NOT DIVIDED,DRY,INJURY AND / OR TOW DUE TO CRASH,,FAILING TO REDUCE SPEED TO AVOID CRASH,7199,W,FOREST PRESERVE AVE,,NONINCAPACITATING INJURY,0,0,1,20,2,11,41.95385595,-87.80703407
12/2/2021 17:23,30,TRAFFIC SIGNAL,CLEAR,DUSK,"FIVE POINT, OR MORE",DRY,INJURY AND / OR TOW DUE TO CRASH,Y,UNABLE TO DETERMINE,6400,N,MILWAUKEE AVE,,INCAPACITATING INJURY,0,1,0,17,5,12,41.99738217,-87.78807767
05/23/2021 05:10:00 PM,30,NO CONTROLS,CLEAR,DAYLIGHT,DIVIDED - W/MEDIAN (NOT RAISED),DRY,INJURY AND / OR TOW DUE TO CRASH,,FAILING TO REDUCE SPEED TO AVOID CRASH,4014,W,MARQUETTE RD,,NONINCAPACITATING INJURY,0,0,1,17,1,5,41.771473,-87.72327864
3/9/2018 18:20,30,TRAFFIC SIGNAL,CLEAR,DARKNESS,DIVIDED - W/MEDIAN (NOT RAISED),DRY,INJURY AND / OR TOW DUE TO CRASH,,FAILING TO YIELD RIGHT-OF-WAY,1701,N,DAMEN AVE,,INCAPACITATING INJURY,0,1,0,18,6,3,41.91234738,-87.67736006
10/21/2017 02:45:00 PM,20,NO CONTROLS,CLEAR,DAYLIGHT,ALLEY,DRY,NO INJURY / DRIVE AWAY,Y,UNABLE TO DETERMINE,50,W,ADAMS ST,,NO INDICATION OF INJURY,0,0,0,14,7,10,41.87954163,-87.62969307
10/26/2019 11:05:00 AM,30,NO CONTROLS,CLOUDY/OVERCAST,DAYLIGHT,NOT DIVIDED,DRY,NO INJURY / DRIVE AWAY,,NOT APPLICABLE,1,E,31ST ST,,NO INDICATION OF INJURY,0,0,0,11,7,10,41.83819347,-87.62655405
6/3/2022 16:30,20,NO CONTROLS,RAIN,DUSK,NOT DIVIDED,WET,NO INJURY / DRIVE AWAY,,UNABLE TO DETERMINE,6100,S,RACINE AVE,Y,NO INDICATION OF INJURY,0,0,0,16,6,6,41.78315235,-87.65473869
1/11/2018 15:30,30,NO CONTROLS,RAIN,DAYLIGHT,NOT DIVIDED,WET,NO INJURY / DRIVE AWAY,,UNABLE TO DETERMINE,1557,N,MILWAUKEE AVE,Y,NO INDICATION OF INJURY,0,0,0,15,5,1,41.90988979,-87.67647758
05/31/2023 07:45:00 AM,30,TRAFFIC SIGNAL,CLEAR,DAYLIGHT,FOUR WAY,DRY,INJURY AND / OR TOW DUE TO CRASH,,UNABLE TO DETERMINE,100,N,SANGAMON ST,,NO INDICATION OF INJURY,0,0,0,7,4,5,41.88313938,-87.65104968
5/4/2023 19:40,30,NO CONTROLS,CLEAR,"DARKNESS, LIGHTED ROAD",NOT DIVIDED,DRY,INJURY AND / OR TOW DUE TO CRASH,,FAILING TO YIELD RIGHT-OF-WAY,1701,N,LA SALLE DR,,NONINCAPACITATING INJURY,0,0,1,19,5,5,41.91287567,-87.63297419
10/12/2021 17:16,30,NO CONTROLS,CLEAR,DAYLIGHT,NOT DIVIDED,DRY,INJURY AND / OR TOW DUE TO CRASH,,NOT APPLICABLE,8236,W,BELMONT AVE,,NONINCAPACITATING INJURY,0,0,1,17,3,10,41.93773723,-87.83266586
10/15/2021 06:58:00 PM,30,NO CONTROLS,CLEAR,DAWN,DIVIDED - W/MEDIAN BARRIER,DRY,INJURY AND / OR TOW DUE TO CRASH,,FAILING TO YIELD RIGHT-OF-WAY,1928,W,IRVING PARK RD,,NONINCAPACITATING INJURY,0,0,1,18,6,10,41.95428281,-87.67750632
06/27/2018 03:00:00 PM,0,UNKNOWN,CLEAR,DAYLIGHT,DIVIDED - W/MEDIAN (NOT RAISED),DRY,INJURY AND / OR TOW DUE TO CRASH,Y,IMPROPER OVERTAKING/PASSING,4559,N,SHERIDAN RD,,NONINCAPACITATING INJURY,0,0,1,15,4,6,41.96538325,-87.65463897
07/27/2022 05:42:00 PM,30,TRAFFIC SIGNAL,CLEAR,DAYLIGHT,DIVIDED - W/MEDIAN (NOT RAISED),DRY,INJURY AND / OR TOW DUE TO CRASH,,FAILING TO YIELD RIGHT-OF-WAY,499,N,LA SALLE DR,,NONINCAPACITATING INJURY,0,0,1,17,4,7,41.89076379,-87.63241133
1/4/2023 21:35,30,TRAFFIC SIGNAL,CLEAR,"DARKNESS, LIGHTED ROAD",NOT DIVIDED,WET,INJURY AND / OR TOW DUE TO CRASH,Y,FAILING TO REDUCE SPEED TO AVOID CRASH,4500,S,HALSTED ST,,NONINCAPACITATING INJURY,0,0,1,21,4,1,41.81240127,-87.64577859
05/25/2018 08:05:00 AM,30,NO CONTROLS,CLEAR,DAYLIGHT,DIVIDED - W/MEDIAN (NOT RAISED),DRY,NO INJURY / DRIVE AWAY,,UNABLE TO DETERMINE,2957,N,LINCOLN AVE,Y,NO INDICATION OF INJURY,0,0,0,8,6,5,41.93568342,-87.66287202
09/27/2018 08:30:00 AM,30,STOP SIGN/FLASHER,CLEAR,DAYLIGHT,NOT DIVIDED,DRY,INJURY AND / OR TOW DUE TO CRASH,,FAILING TO YIELD RIGHT-OF-WAY,7600,W,BERWYN AVE,,NONINCAPACITATING INJURY,0,0,1,8,5,9,41.97620945,-87.81703138
8/11/2017 17:34,30,TRAFFIC SIGNAL,CLOUDY/OVERCAST,DAYLIGHT,NOT DIVIDED,DRY,NO INJURY / DRIVE AWAY,,UNABLE TO DETERMINE,3420,N,SHEFFIELD AVE,,NO INDICATION OF INJURY,0,0,0,17,6,8,41.94423288,-87.65438431
12/2/2021 19:12,30,NO CONTROLS,CLEAR,DARKNESS,NOT DIVIDED,DRY,INJURY AND / OR TOW DUE TO CRASH,Y,UNABLE TO DETERMINE,1932,W,LARCHMONT AVE,,NONINCAPACITATING INJURY,0,0,1,19,5,12,41.95335036,-87.67763778
03/29/2019 06:00:00 PM,30,NO CONTROLS,CLEAR,DUSK,ONE-WAY,DRY,NO INJURY / DRIVE AWAY,,UNABLE TO DETERMINE,7457,S,LANGLEY AVE,,NO INDICATION OF INJURY,0,0,0,18,6,3,41.75868785,-87.60769923
09/26/2019 03:41:00 PM,35,TRAFFIC SIGNAL,CLEAR,DAYLIGHT,FOUR WAY,DRY,INJURY AND / OR TOW DUE TO CRASH,,IMPROPER TURNING/NO SIGNAL,3597,W,47TH ST,,NONINCAPACITATING INJURY,0,0,1,15,5,9,41.80787931,-87.71417167
09/25/2023 06:17:00 AM,30,TRAFFIC SIGNAL,CLEAR,DUSK,FOUR WAY,DRY,INJURY AND / OR TOW DUE TO CRASH,,UNABLE TO DETERMINE,3600,N,PULASKI RD,,NONINCAPACITATING INJURY,0,0,1,6,2,9,41.94641594,-87.72754949
09/29/2020 01:45:00 PM,30,NO CONTROLS,CLEAR,DAYLIGHT,NOT DIVIDED,DRY,INJURY AND / OR TOW DUE TO CRASH,,UNABLE TO DETERMINE,633,N,ST CLAIR ST,Y,NONINCAPACITATING INJURY,0,0,1,13,3,9,41.89347536,-87.62257467
12/7/2021 10:05,30,NO CONTROLS,CLEAR,DAYLIGHT,NOT DIVIDED,DRY,INJURY AND / OR TOW DUE TO CRASH,,UNABLE TO DETERMINE,950,W,35TH ST,,NONINCAPACITATING INJURY,0,0,1,10,3,12,41.83080599,-87.65018452
11/19/2020 07:22:00 PM,30,NO CONTROLS,CLEAR,"DARKNESS, LIGHTED ROAD",NOT DIVIDED,DRY,INJURY AND / OR TOW DUE TO CRASH,Y,UNABLE TO DETERMINE,5199,N,PULASKI RD,,"REPORTED, NOT EVIDENT",0,0,0,19,5,11,41.97549936,-87.72808529
09/19/2023 08:00:00 AM,30,TRAFFIC SIGNAL,CLOUDY/OVERCAST,DAYLIGHT,FOUR WAY,WET,INJURY AND / OR TOW DUE TO CRASH,,FAILING TO YIELD RIGHT-OF-WAY,2601,W,IRVING PARK RD,,NONINCAPACITATING INJURY,0,0,1,8,3,9,41.95388619,-87.6932892
8/6/2021 20:20,30,NO CONTROLS,CLEAR,"DARKNESS, LIGHTED ROAD",DIVIDED - W/MEDIAN (NOT RAISED),DRY,INJURY AND / OR TOW DUE TO CRASH,,UNABLE TO DETERMINE,3809,N,KIMBALL AVE,Y,NONINCAPACITATING INJURY,0,0,1,20,6,8,41.95053532,-87.7126583
9/9/2022 4:00,30,TRAFFIC SIGNAL,CLEAR,DAYLIGHT,NOT DIVIDED,DRY,NO INJURY / DRIVE AWAY,Y,UNABLE TO DETERMINE,963,N,MILWAUKEE AVE,,NO INDICATION OF INJURY,0,0,0,4,6,9,41.89967629,-87.66049244
09/22/2020 11:55:00 AM,30,NO CONTROLS,CLEAR,DAYLIGHT,OTHER,DRY,INJURY AND / OR TOW DUE TO CRASH,,UNABLE TO DETERMINE,5549,S,WASHTENAW AVE,,NONINCAPACITATING INJURY,0,0,1,11,3,9,41.79229157,-87.69117403
8/4/2017 5:37,30,TRAFFIC SIGNAL,CLEAR,"DARKNESS, LIGHTED ROAD",NOT DIVIDED,DRY,INJURY AND / OR TOW DUE TO CRASH,,UNABLE TO DETERMINE,2700,W,26TH ST,,INCAPACITATING INJURY,0,1,0,5,6,8,41.8448303,-87.69288749
07/26/2022 06:00:00 PM,30,NO CONTROLS,CLEAR,DAYLIGHT,DIVIDED - W/MEDIAN (NOT RAISED),DRY,INJURY AND / OR TOW DUE TO CRASH,,UNABLE TO DETERMINE,2926,N,CLYBOURN AVE,,NONINCAPACITATING INJURY,0,0,1,18,3,7,41.93435841,-87.68121108
05/15/2019 05:37:00 PM,30,NO CONTROLS,CLEAR,DAYLIGHT,NOT DIVIDED,DRY,INJURY AND / OR TOW DUE TO CRASH,,FAILING TO YIELD RIGHT-OF-WAY,2926,N,HALSTED ST,,"REPORTED, NOT EVIDENT",0,0,0,17,4,5,41.9354093,-87.64925282
07/19/2021 10:45:00 AM,35,NO CONTROLS,CLEAR,DAYLIGHT,DIVIDED - W/MEDIAN BARRIER,DRY,INJURY AND / OR TOW DUE TO CRASH,,UNABLE TO DETERMINE,3510,S,DR MARTIN LUTHER KING JR DR,,NONINCAPACITATING INJURY,0,0,1,10,2,7,41.83083614,-87.61747355
11/11/2018 15:21,30,NO CONTROLS,CLEAR,"DARKNESS, LIGHTED ROAD",NOT DIVIDED,DRY,INJURY AND / OR TOW DUE TO CRASH,,UNABLE TO DETERMINE,2293,W,JACKSON BLVD,Y,NONINCAPACITATING INJURY,0,0,1,15,1,11,41.87746597,-87.68381007
9/4/2018 14:22,30,STOP SIGN/FLASHER,CLEAR,DAYLIGHT,NOT DIVIDED,DRY,INJURY AND / OR TOW DUE TO CRASH,Y,FAILING TO YIELD RIGHT-OF-WAY,534,W,32ND ST,,NONINCAPACITATING INJURY,0,0,1,14,3,9,41.83640937,-87.6402953
10/21/2022 08:15:00 PM,30,TRAFFIC SIGNAL,CLEAR,"DARKNESS, LIGHTED ROAD",CENTER TURN LANE,DRY,NO INJURY / DRIVE AWAY,Y,UNABLE TO DETERMINE,1165,N,LA SALLE DR,,NO INDICATION OF INJURY,0,0,0,20,6,10,41.90367107,-87.63276635
08/14/2018 04:29:00 PM,0,NO CONTROLS,CLEAR,DAYLIGHT,DIVIDED - W/MEDIAN (NOT RAISED),DRY,INJURY AND / OR TOW DUE TO CRASH,,FAILING TO YIELD RIGHT-OF-WAY,1716,W,LAWRENCE AVE,,NONINCAPACITATING INJURY,0,0,1,16,3,8,41.96896271,-87.67176866
08/30/2017 07:56:00 PM,30,NO CONTROLS,CLEAR,"DARKNESS, LIGHTED ROAD",DIVIDED - W/MEDIAN (NOT RAISED),DRY,INJURY AND / OR TOW DUE TO CRASH,Y,FAILING TO REDUCE SPEED TO AVOID CRASH,1558,N,DAMEN AVE,Y,NONINCAPACITATING INJURY,0,0,1,19,4,8,41.90993203,-87.67759731
10/6/2022 8:30,30,STOP SIGN/FLASHER,CLEAR,DAYLIGHT,FOUR WAY,DRY,INJURY AND / OR TOW DUE TO CRASH,,FAILING TO YIELD RIGHT-OF-WAY,10001,S,BEVERLY AVE,,NONINCAPACITATING INJURY,0,0,2,8,5,10,41.71134098,-87.65811453
08/14/2023 11:50:00 PM,30,TRAFFIC SIGNAL,RAIN,"DARKNESS, LIGHTED ROAD",FOUR WAY,WET,NO INJURY / DRIVE AWAY,,FAILING TO REDUCE SPEED TO AVOID CRASH,3945,N,CENTRAL AVE,,NO INDICATION OF INJURY,0,0,0,23,2,8,41.9527124,-87.7668371