CRASH_DATE,POSTED_SPEED_LIMIT,TRAFFIC_CONTROL_DEVICE,WEATHER_CONDITION,LIGHTING_CONDITION,TRAFFICWAY_TYPE,ROADWAY_SURFACE_COND,CRASH_TYPE,HIT_AND_RUN_I,PRIM_CONTRIBUTORY_CAUSE,STREET_NO,STREET_DIRECTION,STREET_NAME,DOORING_I,MOST_SEVERE_INJURY,INJURIES_FATAL,INJURIES_INCAPACITATING,INJURIES_NON_INCAPACITATING,CRASH_HOUR,CRASH_DAY_OF_WEEK,CRASH_MONTH,LATITUDE,LONGITUDE
06/29/2019 09:50:00 AM,30,NO CONTROLS,CLEAR,DAYLIGHT,T-INTERSECTION,DRY,INJURY AND / OR TOW DUE TO CRASH,,"VISION OBSCURED (SIGNS, TREE LIMBS, BUILDINGS, ETC.)",3230,N,LINCOLN AVE,,NONINCAPACITATING INJURY,0,0,1,9,7,6,41.94050262,-87.66939869
04/20/2017 03:32:00 PM,30,NO CONTROLS,CLEAR,DAYLIGHT,DIVIDED - W/MEDIAN (NOT RAISED),DRY,INJURY AND / OR TOW DUE TO CRASH,,FAILING TO YIELD RIGHT-OF-WAY,4816,N,SHERIDAN RD,,INCAPACITATING INJURY,0,1,0,15,5,4,41.96961944,-87.65498097
8/3/2023 13:50,30,NO CONTROLS,CLEAR,DAYLIGHT,PARKING LOT,DRY,NO INJURY / DRIVE AWAY,,UNABLE TO DETERMINE,4747,S,KEDZIE AVE,,NO INDICATION OF INJURY,0,0,0,13,5,8,41.80679517,-87.70379164
09/30/2023 03:30:00 PM,30,TRAFFIC SIGNAL,CLEAR,DAYLIGHT,FOUR WAY,DRY,NO INJURY / DRIVE AWAY,,NOT APPLICABLE,3400,W,ADDISON ST,,NO INDICATION OF INJURY,0,0,0,15,7,9,41.94667525,-87.71277858
10/29/2022 06:10:00 PM,30,NO CONTROLS,CLEAR,"DARKNESS, LIGHTED ROAD",ONE-WAY,DRY,INJURY AND / OR TOW DUE TO CRASH,,UNABLE TO DETERMINE,5631,W,BELMONT AVE,,NONINCAPACITATING INJURY,0,0,1,18,7,10,41.93844982,-87.76777052
07/14/2020 05:20:00 PM,30,NO CONTROLS,CLEAR,DAYLIGHT,DRIVEWAY,DRY,INJURY AND / OR TOW DUE TO CRASH,,UNABLE TO DETERMINE,2525,S,DR MARTIN LUTHER KING JR DR,,"REPORTED, NOT EVIDENT",0,0,0,17,3,7,41.84676661,-87.61717578
05/13/2022 11:13:00 AM,30,NO CONTROLS,CLEAR,DAYLIGHT,NOT DIVIDED,DRY,INJURY AND / OR TOW DUE TO CRASH,,UNABLE TO DETERMINE,5419,N,CLARK ST,,NONINCAPACITATING INJURY,0,0,1,11,6,5,41.98035904,-87.66817124
5/8/2018 17:30,30,NO CONTROLS,CLEAR,DAYLIGHT,NOT DIVIDED,DRY,INJURY AND / OR TOW DUE TO CRASH,Y,UNABLE TO DETERMINE,3438,N,SOUTHPORT AVE,,NONINCAPACITATING INJURY,0,0,1,17,3,5,41.94460948,-87.66409703
10/20/2021 03:00:00 PM,30,NO CONTROLS,CLEAR,DAYLIGHT,NOT DIVIDED,DRY,INJURY AND / OR TOW DUE TO CRASH,Y,UNABLE TO DETERMINE,6619,N,CLARK ST,Y,NONINCAPACITATING INJURY,0,0,1,15,4,10,42.0023417,-87.67192512
08/24/2023 03:47:00 PM,30,NO CONTROLS,CLEAR,DAYLIGHT,ALLEY,DRY,INJURY AND / OR TOW DUE TO CRASH,,UNABLE TO DETERMINE,3217,W,BRYN MAWR AVE,,NONINCAPACITATING INJURY,0,0,1,15,5,8,41.98295399,-87.70959454
08/17/2019 10:00:00 PM,30,NO CONTROLS,CLEAR,"DARKNESS, LIGHTED ROAD",NOT DIVIDED,DRY,NO INJURY / DRIVE AWAY,,UNABLE TO DETERMINE,2720,N,SHEFFIELD AVE,Y,NO INDICATION OF INJURY,0,0,0,22,7,8,41.93140689,-87.65396391
09/22/2017 02:10:00 PM,30,STOP SIGN/FLASHER,CLEAR,DAYLIGHT,CENTER TURN LANE,DRY,INJURY AND / OR TOW DUE TO CRASH,,FAILING TO YIELD RIGHT-OF-WAY,40,W,WALTON ST,,NONINCAPACITATING INJURY,0,0,1,14,6,9,41.90002283,-87.62978923
12/9/2021 8:35,30,TRAFFIC SIGNAL,CLEAR,DAYLIGHT,ONE-WAY,DRY,INJURY AND / OR TOW DUE TO CRASH,Y,IMPROPER TURNING/NO SIGNAL,101,N,CLINTON ST,,"REPORTED, NOT EVIDENT",0,0,0,8,5,12,41.88324216,-87.64108793
7/10/2019 20:00,30,UNKNOWN,CLEAR,DAYLIGHT,ONE-WAY,DRY,INJURY AND / OR TOW DUE TO CRASH,Y,FAILING TO REDUCE SPEED TO AVOID CRASH,4800,W,GLADYS AVE,,NONINCAPACITATING INJURY,0,0,1,20,4,7,41.87600031,-87.74517574
12/2/2021 12:00,30,UNKNOWN,CLEAR,DAYLIGHT,NOT DIVIDED,DRY,INJURY AND / OR TOW DUE TO CRASH,,UNABLE TO DETERMINE,5645,W,MADISON ST,,INCAPACITATING INJURY,0,1,0,12,5,12,41.88011005,-87.7665748
7/8/2016 11:05,30,NO CONTROLS,CLEAR,DAYLIGHT,ONE-WAY,DRY,NO INJURY / DRIVE AWAY,Y,IMPROPER OVERTAKING/PASSING,71,E,JACKSON BLVD,,NO INDICATION OF INJURY,0,0,0,11,6,7,41.87816035,-87.62501729
10/7/2020 18:05,30,NO CONTROLS,CLEAR,DAWN,NOT DIVIDED,DRY,INJURY AND / OR TOW DUE TO CRASH,Y,UNABLE TO DETERMINE,3799,W,FULLERTON AVE,,NONINCAPACITATING INJURY,0,0,1,18,4,10,41.92443345,-87.7218177
07/26/2022 04:44:00 PM,30,TRAFFIC SIGNAL,CLEAR,DAYLIGHT,NOT DIVIDED,DRY,NO INJURY / DRIVE AWAY,Y,UNABLE TO DETERMINE,5215,W,IRVING PARK RD,,NO INDICATION OF INJURY,0,0,0,16,3,7,41.95317844,-87.75780442
11/17/2018 07:00:00 PM,30,NO CONTROLS,CLEAR,DARKNESS,DIVIDED - W/MEDIAN (NOT RAISED),WET,INJURY AND / OR TOW DUE TO CRASH,Y,FAILING TO YIELD RIGHT-OF-WAY,2800,W,18TH DR,,"REPORTED, NOT EVIDENT",0,0,0,19,7,11,41.85749752,-87.69566787
07/21/2021 06:45:00 PM,30,NO CONTROLS,CLEAR,DAYLIGHT,NOT DIVIDED,DRY,NO INJURY / DRIVE AWAY,,DRIVING SKILLS/KNOWLEDGE/EXPERIENCE,1722,N,LARRABEE ST,,NO INDICATION OF INJURY,0,0,0,18,4,7,41.91353514,-87.64366089
03/21/2023 09:45:00 PM,30,TRAFFIC SIGNAL,CLEAR,"DARKNESS, LIGHTED ROAD",NOT DIVIDED,DRY,INJURY AND / OR TOW DUE TO CRASH,,FAILING TO YIELD RIGHT-OF-WAY,3800,N,KEDZIE AVE,,INCAPACITATING INJURY,0,1,0,21,3,3,41.95037027,-87.70806697
04/22/2019 02:59:00 PM,30,TRAFFIC SIGNAL,CLEAR,DAYLIGHT,NOT DIVIDED,DRY,NO INJURY / DRIVE AWAY,Y,UNABLE TO DETERMINE,42,W,HARRISON ST,,NO INDICATION OF INJURY,0,0,0,14,2,4,41.87464944,-87.62918544
4/1/2021 14:45,30,UNKNOWN,UNKNOWN,DAYLIGHT,DIVIDED - W/MEDIAN (NOT RAISED),UNKNOWN,NO INJURY / DRIVE AWAY,Y,FOLLOWING TOO CLOSELY,3419,W,MONTROSE AVE,N,NO INDICATION OF INJURY,0,0,0,14,5,4,41.96100844,-87.71395941
06/18/2020 05:26:00 PM,30,TRAFFIC SIGNAL,CLEAR,DAYLIGHT,FOUR WAY,DRY,INJURY AND / OR TOW DUE TO CRASH,,FAILING TO REDUCE SPEED TO AVOID CRASH,5800,W,MONTROSE AVE,,NONINCAPACITATING INJURY,0,0,2,17,5,6,41.9605272,-87.77219443
8/1/2023 18:57,35,NO CONTROLS,CLEAR,DAYLIGHT,NOT DIVIDED,DRY,NO INJURY / DRIVE AWAY,,FAILING TO YIELD RIGHT-OF-WAY,5409,N,BROADWAY,,NO INDICATION OF INJURY,0,0,0,18,3,8,41.98029137,-87.65983043
09/16/2019 05:20:00 PM,30,NO CONTROLS,UNKNOWN,UNKNOWN,RAMP,UNKNOWN,INJURY AND / OR TOW DUE TO CRASH,,UNABLE TO DETERMINE,200,W,MADISON ST,,NONINCAPACITATING INJURY,0,0,1,17,2,9,41.88205499,-87.6338999
6/6/2018 16:30,30,TRAFFIC SIGNAL,CLEAR,DAYLIGHT,NOT DIVIDED,DRY,NO INJURY / DRIVE AWAY,,UNABLE TO DETERMINE,339,W,DIVISION ST,,NO INDICATION OF INJURY,0,0,0,16,4,6,41.90369472,-87.63742453
9/2/2017 15:35,30,TRAFFIC SIGNAL,CLEAR,DAYLIGHT,NOT DIVIDED,DRY,NO INJURY / DRIVE AWAY,,IMPROPER OVERTAKING/PASSING,800,W,NORTH AVE,,NO INDICATION OF INJURY,0,0,0,15,7,9,41.91102851,-87.64833581
10/3/2019 8:09,30,STOP SIGN/FLASHER,RAIN,DAYLIGHT,NOT DIVIDED,WET,INJURY AND / OR TOW DUE TO CRASH,,UNABLE TO DETERMINE,1600,E,55TH ST,,NONINCAPACITATING INJURY,0,0,1,8,5,10,41.79529493,-87.58752503
2/8/2023 17:45,30,NO CONTROLS,UNKNOWN,"DARKNESS, LIGHTED ROAD",DIVIDED - W/MEDIAN (NOT RAISED),DRY,INJURY AND / OR TOW DUE TO CRASH,,FOLLOWING TOO CLOSELY,220,W,KINZIE ST,,"REPORTED, NOT EVIDENT",0,0,0,17,4,2,41.88926493,-87.63492869
10/22/2022 03:15:00 AM,30,TRAFFIC SIGNAL,CLEAR,"DARKNESS, LIGHTED ROAD",NOT DIVIDED,DRY,INJURY AND / OR TOW DUE TO CRASH,Y,IMPROPER TURNING/NO SIGNAL,7431,N,SHERIDAN RD,,NONINCAPACITATING INJURY,0,0,1,3,7,10,42.01713446,-87.66525432
9/10/2022 14:35,25,STOP SIGN/FLASHER,CLEAR,DAYLIGHT,DIVIDED - W/MEDIAN (NOT RAISED),DRY,NO INJURY / DRIVE AWAY,,UNABLE TO DETERMINE,5530,N,CLARK ST,,NO INDICATION OF INJURY,0,0,0,14,7,9,41.98264068,-87.66872799
9/10/2019 15:56,30,STOP SIGN/FLASHER,CLEAR,DAYLIGHT,T-INTERSECTION,DRY,INJURY AND / OR TOW DUE TO CRASH,Y,UNABLE TO DETERMINE,4600,S,ROCKWELL ST,,NONINCAPACITATING INJURY,0,0,1,15,3,9,41.81011907,-87.68952203
10/3/2020 2:00,30,TRAFFIC SIGNAL,CLEAR,"DARKNESS, LIGHTED ROAD",T-INTERSECTION,UNKNOWN,INJURY AND / OR TOW DUE TO CRASH,Y,UNABLE TO DETERMINE,2199,N,AUSTIN AVE,,NONINCAPACITATING INJURY,0,0,1,2,7,10,41.92053673,-87.77545631
1/3/2017 17:48,30,NO CONTROLS,CLEAR,"DARKNESS, LIGHTED ROAD",DRIVEWAY,DRY,NO INJURY / DRIVE AWAY,Y,DRIVING SKILLS/KNOWLEDGE/EXPERIENCE,757,N,MILWAUKEE AVE,,NO INDICATION OF INJURY,0,0,0,17,3,1,41.89559696,-87.6541914
5/9/2018 20:46,30,TRAFFIC SIGNAL,CLEAR,"DARKNESS, LIGHTED ROAD",ONE-WAY,DRY,INJURY AND / OR TOW DUE TO CRASH,,IMPROPER TURNING/NO SIGNAL,843,N,DEARBORN ST,,NONINCAPACITATING INJURY,0,0,1,20,4,5,41.89792469,-87.62966657
06/14/2017 04:50:00 PM,30,NO CONTROLS,RAIN,DAYLIGHT,NOT DIVIDED,WET,NO INJURY / DRIVE AWAY,Y,UNABLE TO DETERMINE,4917,N,MILWAUKEE AVE,,NO INDICATION OF INJURY,0,0,0,16,4,6,41.97018002,-87.76259589
06/18/2019 06:07:00 PM,30,TRAFFIC SIGNAL,CLEAR,DAYLIGHT,FOUR WAY,DRY,NO INJURY / DRIVE AWAY,,"VISION OBSCURED (SIGNS, TREE LIMBS, BUILDINGS, ETC.)",798,N,FRANKLIN ST,,NO INDICATION OF INJURY,0,0,0,18,3,6,41.89652992,-87.63584146
09/23/2022 05:05:00 PM,10,NO CONTROLS,CLEAR,DAYLIGHT,PARKING LOT,DRY,NO INJURY / DRIVE AWAY,Y,UNABLE TO DETERMINE,2344,W,CHICAGO AVE,,NO INDICATION OF INJURY,0,0,0,17,6,9,41.89586332,-87.68619201
05/23/2019 02:14:00 PM,20,STOP SIGN/FLASHER,CLEAR,DAYLIGHT,ONE-WAY,DRY,INJURY AND / OR TOW DUE TO CRASH,Y,FOLLOWING TOO CLOSELY,9100,S,JUSTINE ST,,NONINCAPACITATING INJURY,0,0,1,14,5,5,41.72843918,-87.66177524
10/4/2023 21:45,30,TRAFFIC SIGNAL,CLEAR,"DARKNESS, LIGHTED ROAD",FOUR WAY,DRY,NO INJURY / DRIVE AWAY,,DISREGARDING TRAFFIC SIGNALS,99,S,CLINTON ST,,NO INDICATION OF INJURY,0,0,0,21,4,10,41.88060128,-87.64100738
10/6/2021 18:32,30,TRAFFIC SIGNAL,CLEAR,"DARKNESS, LIGHTED ROAD",FOUR WAY,DRY,INJURY AND / OR TOW DUE TO CRASH,Y,UNABLE TO DETERMINE,3500,S,ASHLAND AVE,,NONINCAPACITATING INJURY,0,0,1,18,4,10,41.83040813,-87.66571276
04/19/2022 09:08:00 PM,30,TRAFFIC SIGNAL,CLEAR,"DARKNESS, LIGHTED ROAD",NOT DIVIDED,DRY,NO INJURY / DRIVE AWAY,Y,UNABLE TO DETERMINE,3845,S,WALLACE ST,,NO INDICATION OF INJURY,0,0,0,21,3,4,41.82401184,-87.64092647
7/8/2022 9:50,30,NO CONTROLS,CLEAR,DAYLIGHT,DIVIDED - W/MEDIAN (NOT RAISED),DRY,INJURY AND / OR TOW DUE TO CRASH,,FAILING TO YIELD RIGHT-OF-WAY,3017,W,FULLERTON AVE,,NONINCAPACITATING INJURY,0,0,1,9,6,7,41.92464614,-87.70301035
07/20/2022 04:00:00 PM,30,NO CONTROLS,CLEAR,DAYLIGHT,DRIVEWAY,DRY,INJURY AND / OR TOW DUE TO CRASH,,UNABLE TO DETERMINE,7440,N,RIDGE BLVD,,NONINCAPACITATING INJURY,0,0,1,16,4,7,42.01713896,-87.68451812
09/24/2020 05:15:00 PM,30,NO CONTROLS,CLEAR,DAYLIGHT,NOT DIVIDED,DRY,NO INJURY / DRIVE AWAY,Y,UNABLE TO DETERMINE,700,N,DAMEN AVE,,NO INDICATION OF INJURY,0,0,0,17,5,9,41.89412642,-87.67714842
09/15/2020 12:00:00 AM,30,TRAFFIC SIGNAL,CLEAR,"DARKNESS, LIGHTED ROAD",DIVIDED - W/MEDIAN (NOT RAISED),DRY,INJURY AND / OR TOW DUE TO CRASH,Y,FOLLOWING TOO CLOSELY,199,N,WACKER DR,,NONINCAPACITATING INJURY,0,0,1,0,3,9,41.8856955,-87.63668072
8/2/2018 19:55,25,NO CONTROLS,CLEAR,DUSK,NOT DIVIDED,DRY,NO INJURY / DRIVE AWAY,,UNABLE TO DETERMINE,2934,N,SHEFFIELD AVE,Y,NO INDICATION OF INJURY,0,0,0,19,5,8,41.93546443,-87.65410203
06/28/2023 07:35:00 PM,30,STOP SIGN/FLASHER,CLEAR,DAYLIGHT,ONE-WAY,DRY,INJURY AND / OR TOW DUE TO CRASH,Y,UNABLE TO DETERMINE,4202,W,CRYSTAL ST,,NONINCAPACITATING INJURY,0,0,1,19,4,6,41.90360295,-87.73144997
09/14/2021 04:00:00 PM,30,PEDESTRIAN CROSSING SIGN,CLEAR,DAYLIGHT,NOT DIVIDED,UNKNOWN,NO INJURY / DRIVE AWAY,Y,IMPROPER OVERTAKING/PASSING,1434,W,ADDISON ST,,NO INDICATION OF INJURY,0,0,0,16,3,9,41.94715619,-87.66537692
8/2/2019 9:28,30,NO CONTROLS,CLEAR,DAYLIGHT,NOT DIVIDED,DRY,INJURY AND / OR TOW DUE TO CRASH,,FAILING TO YIELD RIGHT-OF-WAY,1700,S,HALSTED ST,,NONINCAPACITATING INJURY,0,0,1,9,6,8,41.85910428,-87.64682758
08/13/2021 01:03:00 PM,30,NO CONTROLS,CLEAR,DAYLIGHT,NOT DIVIDED,DRY,INJURY AND / OR TOW DUE TO CRASH,,IMPROPER TURNING/NO SIGNAL,5055,W,GRAND AVE,,NONINCAPACITATING INJURY,0,0,1,13,6,8,41.9165215,-87.75289331
05/27/2022 04:53:00 PM,25,STOP SIGN/FLASHER,CLEAR,DAYLIGHT,FOUR WAY,DRY,NO INJURY / DRIVE AWAY,,NOT APPLICABLE,2600,W,PRATT BLVD,,NO INDICATION OF INJURY,0,0,0,16,6,5,42.00505612,-87.6950118
7/3/2019 23:44,30,NO CONTROLS,CLEAR,"DARKNESS, LIGHTED ROAD",NOT DIVIDED,DRY,INJURY AND / OR TOW DUE TO CRASH,Y,IMPROPER LANE USAGE,3523,S,HALSTED ST,,NONINCAPACITATING INJURY,0,0,1,23,4,7,41.83005602,-87.64594464
08/16/2019 03:30:00 PM,30,NO CONTROLS,CLEAR,DAYLIGHT,ALLEY,DRY,NO INJURY / DRIVE AWAY,,UNABLE TO DETERMINE,2631,W,103RD ST,,NO INDICATION OF INJURY,0,0,0,15,6,8,41.70624479,-87.68781129
05/22/2018 11:07:00 PM,30,STOP SIGN/FLASHER,CLEAR,DARKNESS,NOT DIVIDED,DRY,INJURY AND / OR TOW DUE TO CRASH,,UNABLE TO DETERMINE,1700,W,POLK ST,,NONINCAPACITATING INJURY,0,0,1,23,3,5,41.87169752,-87.66906631
2/4/2020 18:50,30,NO CONTROLS,CLEAR,"DARKNESS, LIGHTED ROAD",ONE-WAY,DRY,NO INJURY / DRIVE AWAY,,IMPROPER LANE USAGE,32,E,ILLINOIS ST,,NO INDICATION OF INJURY,0,0,0,18,3,2,41.8909975,-87.62679893
10/20/2015 05:00:00 PM,30,NO CONTROLS,CLEAR,DAYLIGHT,DIVIDED - W/MEDIAN (NOT RAISED),DRY,NO INJURY / DRIVE AWAY,Y,UNABLE TO DETERMINE,2721,N,ELSTON AVE,,NO INDICATION OF INJURY,0,0,0,17,3,10,41.93101918,-87.6859131
10/28/2021 07:30:00 PM,30,UNKNOWN,RAIN,DUSK,FOUR WAY,WET,NO INJURY / DRIVE AWAY,,NOT APPLICABLE,731,W,GRAND AVE,,NO INDICATION OF INJURY,0,0,0,19,5,10,41.89107605,-87.64742679
10/4/2020 11:15,25,STOP SIGN/FLASHER,CLEAR,DAYLIGHT,FOUR WAY,DRY,INJURY AND / OR TOW DUE TO CRASH,,FAILING TO YIELD RIGHT-OF-WAY,3900,N,PINE GROVE AVE,,"REPORTED, NOT EVIDENT",0,0,0,11,1,10,41.95293853,-87.64804114
10/15/2023 07:10:00 PM,30,STOP SIGN/FLASHER,CLOUDY/OVERCAST,"DARKNESS, LIGHTED ROAD",NOT DIVIDED,DRY,INJURY AND / OR TOW DUE TO CRASH,Y,DISREGARDING STOP SIGN,5600,S,RUTHERFORD AVE,,INCAPACITATING INJURY,0,1,0,19,1,10,41.79027526,-87.79042916
08/14/2019 09:20:00 AM,30,NO CONTROLS,CLEAR,DAYLIGHT,ONE-WAY,DRY,INJURY AND / OR TOW DUE TO CRASH,,DRIVING SKILLS/KNOWLEDGE/EXPERIENCE,195,N,WELLS ST,Y,NONINCAPACITATING INJURY,0,0,1,9,4,8,41.88561957,-87.63377978
9/9/2017 12:22,30,NO CONTROLS,CLEAR,DAYLIGHT,NOT DIVIDED,DRY,INJURY AND / OR TOW DUE TO CRASH,,DISREGARDING STOP SIGN,5700,W,MONTROSE AVE,,"REPORTED, NOT EVIDENT",0,0,0,12,7,9,41.96056026,-87.76975387
10/25/2019 10:35:00 AM,30,NO CONTROLS,CLEAR,DAYLIGHT,DIVIDED - W/MEDIAN BARRIER,DRY,INJURY AND / OR TOW DUE TO CRASH,,IMPROPER LANE USAGE,310,W,ROOSEVELT RD,,INCAPACITATING INJURY,0,1,0,10,6,10,41.86741542,-87.63549885
01/15/2023 01:00:00 PM,30,UNKNOWN,CLEAR,DAYLIGHT,ONE-WAY,DRY,INJURY AND / OR TOW DUE TO CRASH,,FOLLOWING TOO CLOSELY,349,W,ADAMS ST,,"REPORTED, NOT EVIDENT",0,0,0,13,1,1,41.87924311,-87.6366278
04/26/2019 06:41:00 PM,15,NO CONTROLS,CLEAR,DUSK,ALLEY,DRY,NO INJURY / DRIVE AWAY,Y,DRIVING ON WRONG SIDE/WRONG WAY,4801,W,DEVON AVE,,NO INDICATION OF INJURY,0,0,0,18,6,4,41.99717817,-87.74837975
10/8/2018 15:30,30,TRAFFIC SIGNAL,CLEAR,DAYLIGHT,NOT DIVIDED,DRY,NO INJURY / DRIVE AWAY,Y,IMPROPER OVERTAKING/PASSING,530,N,MICHIGAN AVE,,NO INDICATION OF INJURY,0,0,0,15,2,10,41.89177118,-87.62430865
10/20/2020 12:15:00 PM,30,NO CONTROLS,CLEAR,DAYLIGHT,DIVIDED - W/MEDIAN (NOT RAISED),DRY,NO INJURY / DRIVE AWAY,,UNABLE TO DETERMINE,5619,W,BELMONT AVE,Y,NO INDICATION OF INJURY,0,0,0,12,3,10,41.93845625,-87.76725941
11/16/2017 01:06:00 PM,30,NO CONTROLS,CLEAR,DAYLIGHT,ONE-WAY,DRY,INJURY AND / OR TOW DUE TO CRASH,,IMPROPER TURNING/NO SIGNAL,4142,W,WELLINGTON AVE,,"REPORTED, NOT EVIDENT",0,0,0,13,5,11,41.9354988,-87.73118987
2/4/2022 17:10,30,TRAFFIC SIGNAL,SNOW,DAYLIGHT,DIVIDED - W/MEDIAN (NOT RAISED),SNOW OR SLUSH,INJURY AND / OR TOW DUE TO CRASH,,FAILING TO YIELD RIGHT-OF-WAY,2800,N,CLYBOURN AVE,,NONINCAPACITATING INJURY,0,0,1,17,6,2,41.93229701,-87.67836109
06/23/2021 09:20:00 AM,30,NO CONTROLS,CLEAR,DAYLIGHT,DIVIDED - W/MEDIAN (NOT RAISED),DRY,INJURY AND / OR TOW DUE TO CRASH,,NOT APPLICABLE,1331,W,ADDISON ST,Y,INCAPACITATING INJURY,0,1,0,9,4,6,41.94697638,-87.66293693
04/27/2019 01:26:00 PM,30,NO CONTROLS,SNOW,DAYLIGHT,NOT DIVIDED,WET,INJURY AND / OR TOW DUE TO CRASH,,UNABLE TO DETERMINE,20,W,KINZIE ST,,NONINCAPACITATING INJURY,0,0,1,13,7,4,41.88935203,-87.62884885
7/6/2022 14:30,30,STOP SIGN/FLASHER,CLEAR,DAYLIGHT,NOT DIVIDED,DRY,INJURY AND / OR TOW DUE TO CRASH,,UNABLE TO DETERMINE,5601,W,AINSLIE ST,,NONINCAPACITATING INJURY,0,0,1,14,4,7,41.96948957,-87.7675871
2/4/2019 18:45,25,NO CONTROLS,CLEAR,DARKNESS,NOT DIVIDED,DRY,INJURY AND / OR TOW DUE TO CRASH,,UNABLE TO DETERMINE,1300,N,DAMEN AVE,,NONINCAPACITATING INJURY,0,0,1,18,2,2,41.90505072,-87.677458
6/1/2019 5:00,30,TRAFFIC SIGNAL,CLEAR,DAWN,NOT DIVIDED,DRY,INJURY AND / OR TOW DUE TO CRASH,Y,UNABLE TO DETERMINE,200,W,DIVISION ST,,NONINCAPACITATING INJURY,0,0,1,5,7,6,41.9039625,-87.63455512
12/9/2022 16:43,30,UNKNOWN,RAIN,DARKNESS,OTHER,WET,INJURY AND / OR TOW DUE TO CRASH,,WEATHER,3600,N,WAYNE AVE,,NONINCAPACITATING INJURY,0,0,1,16,6,12,41.9471772,-87.66295661
10/1/2022 19:19,25,TRAFFIC SIGNAL,CLEAR,"DARKNESS, LIGHTED ROAD",FOUR WAY,DRY,NO INJURY / DRIVE AWAY,,FAILING TO REDUCE SPEED TO AVOID CRASH,2000,W,PRATT BLVD,,NO INDICATION OF INJURY,0,0,0,19,7,10,42.0053135,-87.68025242
08/29/2022 01:05:00 PM,15,NO CONTROLS,RAIN,DAYLIGHT,ONE-WAY,WET,INJURY AND / OR TOW DUE TO CRASH,,FAILING TO YIELD RIGHT-OF-WAY,2533,E,78TH ST,,NONINCAPACITATING INJURY,0,0,1,13,2,8,41.75348479,-87.5625686
09/29/2022 03:50:00 PM,30,STOP SIGN/FLASHER,CLEAR,DAYLIGHT,NOT DIVIDED,DRY,INJURY AND / OR TOW DUE TO CRASH,,UNABLE TO DETERMINE,300,N,CARPENTER ST,,NONINCAPACITATING INJURY,0,0,1,15,5,9,41.88677212,-87.6534868
05/21/2020 09:20:00 AM,30,NO CONTROLS,CLEAR,DAYLIGHT,NOT DIVIDED,DRY,INJURY AND / OR TOW DUE TO CRASH,,FAILING TO YIELD RIGHT-OF-WAY,3400,W,CHICAGO AVE,,NONINCAPACITATING INJURY,0,0,1,9,5,5,41.89561585,-87.71149859
6/9/2021 12:55,30,NO CONTROLS,CLEAR,DAYLIGHT,T-INTERSECTION,DRY,INJURY AND / OR TOW DUE TO CRASH,Y,UNABLE TO DETERMINE,5626,N,SPAULDING AVE,,NONINCAPACITATING INJURY,0,0,1,12,4,6,41.98383901,-87.71148099
07/31/2023 02:39:00 PM,30,NO CONTROLS,CLEAR,DAYLIGHT,NOT DIVIDED,DRY,NO INJURY / DRIVE AWAY,,UNABLE TO DETERMINE,4103,W,LAWRENCE AVE,,NO INDICATION OF INJURY,0,0,0,14,2,7,41.96810346,-87.73062469
08/24/2023 07:40:00 PM,30,STOP SIGN/FLASHER,CLEAR,DUSK,FOUR WAY,DRY,INJURY AND / OR TOW DUE TO CRASH,Y,FAILING TO YIELD RIGHT-OF-WAY,6951,N,RIDGE BLVD,,"REPORTED, NOT EVIDENT",0,0,0,19,5,8,42.00791183,-87.68126401
03/29/2023 04:39:00 PM,30,NO CONTROLS,CLEAR,DAYLIGHT,ONE-WAY,DRY,NO INJURY / DRIVE AWAY,,IMPROPER LANE USAGE,832,W,JACKSON BLVD,,NO INDICATION OF INJURY,0,0,0,16,4,3,41.87803852,-87.64851896
07/28/2017 02:15:00 PM,30,NO CONTROLS,CLEAR,DAYLIGHT,NOT DIVIDED,DRY,NO INJURY / DRIVE AWAY,,NOT APPLICABLE,1640,W,59TH ST,,NO INDICATION OF INJURY,0,0,0,14,6,7,41.78683786,-87.66606007
09/24/2021 06:00:00 PM,30,TRAFFIC SIGNAL,CLEAR,DAYLIGHT,NOT DIVIDED,DRY,INJURY AND / OR TOW DUE TO CRASH,N,UNABLE TO DETERMINE,2400,N,SACRAMENTO AVE,,"REPORTED, NOT EVIDENT",0,0,0,18,6,9,41.92480812,-87.70246662
06/14/2018 07:55:00 AM,25,NO CONTROLS,CLEAR,DAYLIGHT,NOT DIVIDED,DRY,NO INJURY / DRIVE AWAY,,NOT APPLICABLE,3058,W,ARGYLE ST,,NO INDICATION OF INJURY,0,0,0,7,5,6,41.97221979,-87.70607553
05/23/2023 05:45:00 PM,20,NO CONTROLS,CLEAR,DAYLIGHT,NOT DIVIDED,DRY,INJURY AND / OR TOW DUE TO CRASH,,UNABLE TO DETERMINE,6109,N,KOSTNER AVE,Y,NONINCAPACITATING INJURY,0,0,1,17,3,5,41.99306098,-87.73844278
09/20/2018 07:40:00 AM,20,TRAFFIC SIGNAL,CLEAR,DAYLIGHT,ONE-WAY,DRY,NO INJURY / DRIVE AWAY,,FAILING TO YIELD RIGHT-OF-WAY,5200,W,GRACE ST,,NO INDICATION OF INJURY,0,0,0,7,5,9,41.94975664,-87.75715729