CRASH_DATE,POSTED_SPEED_LIMIT,TRAFFIC_CONTROL_DEVICE,WEATHER_CONDITION,LIGHTING_CONDITION,TRAFFICWAY_TYPE,ROADWAY_SURFACE_COND,CRASH_TYPE,HIT_AND_RUN_I,PRIM_CONTRIBUTORY_CAUSE,STREET_NO,STREET_DIRECTION,STREET_NAME,DOORING_I,MOST_SEVERE_INJURY,INJURIES_FATAL,INJURIES_INCAPACITATING,INJURIES_NON_INCAPACITATING,CRASH_HOUR,CRASH_DAY_OF_WEEK,CRASH_MONTH,LATITUDE,LONGITUDE
05/30/2020 02:35:00 PM,30,TRAFFIC SIGNAL,CLEAR,DAYLIGHT,NOT DIVIDED,DRY,INJURY AND / OR TOW DUE TO CRASH,,FAILING TO YIELD RIGHT-OF-WAY,2959,N,MILWAUKEE AVE,,NONINCAPACITATING INJURY,0,0,1,14,7,5,41.93510691,-87.71707215
11/14/2019 05:10:00 PM,30,NO CONTROLS,CLEAR,"DARKNESS, LIGHTED ROAD",ONE-WAY,ICE,NO INJURY / DRIVE AWAY,Y,FOLLOWING TOO CLOSELY,2350,W,MEDILL AVE,,NO INDICATION OF INJURY,0,0,0,17,5,11,41.9242488,-87.6871976
04/26/2022 07:50:00 PM,35,OTHER REG. SIGN,CLEAR,"DARKNESS, LIGHTED ROAD",DIVIDED - W/MEDIAN (NOT RAISED),DRY,INJURY AND / OR TOW DUE TO CRASH,Y,UNABLE TO DETERMINE,2949,W,53RD ST,,NONINCAPACITATING INJURY,0,0,1,19,3,4,41.79715145,-87.69829531
4/8/2022 14:10,20,STOP SIGN/FLASHER,RAIN,DAYLIGHT,NOT DIVIDED,WET,INJURY AND / OR TOW DUE TO CRASH,,UNABLE TO DETERMINE,1500,W,ESTES AVE,,NONINCAPACITATING INJURY,0,0,1,14,6,4,42.01163596,-87.66809909
8/12/2020 19:27,30,TRAFFIC SIGNAL,CLEAR,DAYLIGHT,FOUR WAY,DRY,INJURY AND / OR TOW DUE TO CRASH,,DISREGARDING TRAFFIC SIGNALS,1959,W,DIVISION ST,,NONINCAPACITATING INJURY,0,0,1,19,4,8,41.90308242,-87.67719355
04/26/2017 10:45:00 PM,30,NO CONTROLS,RAIN,"DARKNESS, LIGHTED ROAD",NOT DIVIDED,WET,INJURY AND / OR TOW DUE TO CRASH,,FAILING TO YIELD RIGHT-OF-WAY,2863,N,BROADWAY,,"REPORTED, NOT EVIDENT",0,0,0,22,4,4,41.9345937,-87.64406625
12/30/2018 08:40:00 PM,30,TRAFFIC SIGNAL,CLEAR,"DARKNESS, LIGHTED ROAD",NOT DIVIDED,DRY,INJURY AND / OR TOW DUE TO CRASH,,FAILING TO REDUCE SPEED TO AVOID CRASH,2,N,HALSTED ST,N,INCAPACITATING INJURY,0,1,0,20,1,12,41.88180868,-87.64750834
07/25/2019 06:44:00 PM,30,NO CONTROLS,CLEAR,DAYLIGHT,NOT DIVIDED,DRY,INJURY AND / OR TOW DUE TO CRASH,Y,UNABLE TO DETERMINE,3098,W,MADISON ST,,NONINCAPACITATING INJURY,0,0,1,18,5,7,41.88111109,-87.7036282
7/3/2019 12:00,30,TRAFFIC SIGNAL,CLEAR,DAYLIGHT,DIVIDED - W/MEDIAN (NOT RAISED),DRY,INJURY AND / OR TOW DUE TO CRASH,,FAILING TO REDUCE SPEED TO AVOID CRASH,148,N,OGDEN AVE,,NONINCAPACITATING INJURY,0,0,1,12,4,7,41.88423974,-87.66350316
08/24/2019 04:40:00 PM,30,NO CONTROLS,CLEAR,DAYLIGHT,NOT DIVIDED,DRY,INJURY AND / OR TOW DUE TO CRASH,,FAILING TO YIELD RIGHT-OF-WAY,211,N,PULASKI RD,,"REPORTED, NOT EVIDENT",0,0,0,16,7,8,41.8833424,-87.72559817
11/2/2018 11:45,35,TRAFFIC SIGNAL,CLEAR,DAYLIGHT,ONE-WAY,DRY,NO INJURY / DRIVE AWAY,,FAILING TO YIELD RIGHT-OF-WAY,59,N,CLINTON ST,,NO INDICATION OF INJURY,0,0,0,11,6,11,41.88311334,-87.64108379
09/14/2018 01:20:00 PM,30,NO CONTROLS,CLEAR,DAYLIGHT,NOT DIVIDED,DRY,INJURY AND / OR TOW DUE TO CRASH,,UNABLE TO DETERMINE,3101,N,DAMEN AVE,Y,NONINCAPACITATING INJURY,0,0,1,13,6,9,41.93779926,-87.6781517
2/2/2018 18:15,30,STOP SIGN/FLASHER,CLEAR,"DARKNESS, LIGHTED ROAD",DIVIDED - W/MEDIAN BARRIER,DRY,INJURY AND / OR TOW DUE TO CRASH,,FAILING TO YIELD RIGHT-OF-WAY,5560,N,LINCOLN AVE,,"REPORTED, NOT EVIDENT",0,0,0,18,6,2,41.98257659,-87.694421
09/23/2016 07:45:00 PM,30,NO CONTROLS,CLEAR,"DARKNESS, LIGHTED ROAD",DIVIDED - W/MEDIAN (NOT RAISED),DRY,NO INJURY / DRIVE AWAY,Y,IMPROPER TURNING/NO SIGNAL,2029,N,SHEFFIELD AVE,,NO INDICATION OF INJURY,0,0,0,19,6,9,41.91898813,-87.65325219
9/8/2022 20:00,30,TRAFFIC SIGNAL,CLEAR,DARKNESS,DIVIDED - W/MEDIAN (NOT RAISED),SNOW OR SLUSH,INJURY AND / OR TOW DUE TO CRASH,Y,FAILING TO REDUCE SPEED TO AVOID CRASH,4000,N,CLARK ST,,NONINCAPACITATING INJURY,0,0,1,20,5,9,41.95443244,-87.66244626
08/16/2018 04:10:00 PM,30,NO CONTROLS,CLEAR,DAYLIGHT,DRIVEWAY,DRY,INJURY AND / OR TOW DUE TO CRASH,,DRIVING SKILLS/KNOWLEDGE/EXPERIENCE,5942,W,IRVING PARK RD,,NONINCAPACITATING INJURY,0,0,1,16,5,8,41.95317657,-87.7760567
9/4/2019 16:05,30,NO CONTROLS,CLEAR,DAYLIGHT,T-INTERSECTION,DRY,NO INJURY / DRIVE AWAY,,UNABLE TO DETERMINE,1800,N,ROCKWELL ST,,NO INDICATION OF INJURY,0,0,0,16,4,9,41.91399148,-87.69235116
6/1/2023 17:23,30,NO CONTROLS,CLEAR,DAYLIGHT,NOT DIVIDED,DRY,INJURY AND / OR TOW DUE TO CRASH,,FAILING TO YIELD RIGHT-OF-WAY,5109,N,BROADWAY,,NONINCAPACITATING INJURY,0,0,1,17,5,6,41.97522169,-87.65969096
08/20/2019 04:30:00 PM,30,TRAFFIC SIGNAL,CLEAR,DAYLIGHT,DIVIDED - W/MEDIAN (NOT RAISED),DRY,NO INJURY / DRIVE AWAY,,UNABLE TO DETERMINE,800,W,ERIE ST,,NO INDICATION OF INJURY,0,0,0,16,3,8,41.8934848,-87.64773384
12/7/2017 14:30,25,STOP SIGN/FLASHER,CLEAR,DAYLIGHT,OTHER,DRY,INJURY AND / OR TOW DUE TO CRASH,,NOT APPLICABLE,3800,N,RAVENSWOOD AVE,,NONINCAPACITATING INJURY,0,0,1,14,5,12,41.9506159,-87.67425633
08/15/2022 06:55:00 AM,30,NO CONTROLS,CLEAR,DAYLIGHT,FOUR WAY,DRY,NO INJURY / DRIVE AWAY,,IMPROPER LANE USAGE,2550,W,OGDEN AVE,,NO INDICATION OF INJURY,0,0,0,6,2,8,41.86345864,-87.69002622
09/25/2020 08:50:00 AM,35,TRAFFIC SIGNAL,CLEAR,DAYLIGHT,FOUR WAY,DRY,NO INJURY / DRIVE AWAY,,NOT APPLICABLE,1600,N,HALSTED ST,,NO INDICATION OF INJURY,0,0,0,8,6,9,41.91094064,-87.64841904
03/15/2023 01:44:00 PM,30,TRAFFIC SIGNAL,CLEAR,DAYLIGHT,"FIVE POINT, OR MORE",DRY,INJURY AND / OR TOW DUE TO CRASH,,FAILING TO YIELD RIGHT-OF-WAY,3200,N,ASHLAND AVE,,"REPORTED, NOT EVIDENT",0,0,0,13,4,3,41.93973957,-87.66881006
12/15/2022 04:47:00 PM,30,TRAFFIC SIGNAL,CLEAR,"DARKNESS, LIGHTED ROAD",DIVIDED - W/MEDIAN (NOT RAISED),WET,INJURY AND / OR TOW DUE TO CRASH,,UNABLE TO DETERMINE,3335,W,DIVERSEY AVE,,"REPORTED, NOT EVIDENT",0,0,0,16,5,12,41.9318715,-87.71134029
11/18/2015 06:20:00 PM,30,NO CONTROLS,CLEAR,DUSK,NOT DIVIDED,DRY,NO INJURY / DRIVE AWAY,,UNABLE TO DETERMINE,1952,N,KIMBALL AVE,Y,NO INDICATION OF INJURY,0,0,0,18,4,11,41.91724801,-87.71205312
09/23/2021 10:04:00 PM,25,TRAFFIC SIGNAL,CLEAR,"DARKNESS, LIGHTED ROAD",NOT DIVIDED,DRY,INJURY AND / OR TOW DUE TO CRASH,,DRIVING SKILLS/KNOWLEDGE/EXPERIENCE,2177,W,TOUHY AVE,Y,NONINCAPACITATING INJURY,0,0,1,22,5,9,42.01212847,-87.68603175
5/2/2018 17:56,30,TRAFFIC SIGNAL,CLEAR,DAYLIGHT,NOT DIVIDED,DRY,INJURY AND / OR TOW DUE TO CRASH,,DISTRACTION - FROM OUTSIDE VEHICLE,678,N,DEARBORN ST,,NONINCAPACITATING INJURY,0,0,1,17,4,5,41.8948151,-87.62987176
11/4/2019 9:00,30,NO CONTROLS,CLEAR,DAYLIGHT,ONE-WAY,DRY,INJURY AND / OR TOW DUE TO CRASH,,FAILING TO YIELD RIGHT-OF-WAY,165,N,CLINTON ST,,"REPORTED, NOT EVIDENT",0,0,0,9,2,11,41.88507078,-87.64114343
3/11/2019 18:15,30,TRAFFIC SIGNAL,CLEAR,DUSK,NOT DIVIDED,DRY,INJURY AND / OR TOW DUE TO CRASH,Y,FAILING TO YIELD RIGHT-OF-WAY,3601,W,ARMITAGE AVE,,"REPORTED, NOT EVIDENT",0,0,0,18,2,3,41.91717227,-87.71683105
10/17/2017 04:30:00 PM,30,NO CONTROLS,CLEAR,DAYLIGHT,DIVIDED - W/MEDIAN (NOT RAISED),DRY,INJURY AND / OR TOW DUE TO CRASH,,"OPERATING VEHICLE IN ERRATIC, RECKLESS, CARELESS, NEGLIGENT OR AGGRESSIVE MANNER",3027,N,CALIFORNIA AVE,Y,NONINCAPACITATING INJURY,0,0,1,16,3,10,41.93661423,-87.69759906
01/31/2022 03:29:00 PM,30,NO CONTROLS,CLEAR,DAYLIGHT,NOT DIVIDED,DRY,INJURY AND / OR TOW DUE TO CRASH,,UNABLE TO DETERMINE,800,N,WINCHESTER AVE,,NONINCAPACITATING INJURY,0,0,1,15,2,1,41.89595303,-87.67597949
10/22/2022 12:10:00 PM,35,NO CONTROLS,CLEAR,DAYLIGHT,Y-INTERSECTION,DRY,INJURY AND / OR TOW DUE TO CRASH,,UNABLE TO DETERMINE,2198,S,JEFFERSON ST,,INCAPACITATING INJURY,0,1,0,12,7,10,41.85283629,-87.64185516
10/11/2018 9:50,30,STOP SIGN/FLASHER,CLEAR,DAYLIGHT,NOT DIVIDED,DRY,NO INJURY / DRIVE AWAY,Y,FAILING TO YIELD RIGHT-OF-WAY,3101,N,DAMEN AVE,,NO INDICATION OF INJURY,0,0,0,9,5,10,41.93779926,-87.6781517
10/21/2017 03:30:00 PM,25,NO CONTROLS,CLEAR,DAYLIGHT,ONE-WAY,DRY,NO INJURY / DRIVE AWAY,Y,UNABLE TO DETERMINE,2409,S,CHRISTIANA AVE,,NO INDICATION OF INJURY,0,0,0,15,7,10,41.84777845,-87.70864128
7/4/2020 21:55,30,NO CONTROLS,CLEAR,DARKNESS,NOT DIVIDED,DRY,INJURY AND / OR TOW DUE TO CRASH,Y,UNABLE TO DETERMINE,940,N,HAMLIN AVE,,INCAPACITATING INJURY,0,1,0,21,7,7,41.89845875,-87.72143772
12/26/2019 11:05:00 AM,30,TRAFFIC SIGNAL,CLEAR,DAYLIGHT,NOT DIVIDED,DRY,NO INJURY / DRIVE AWAY,,IMPROPER TURNING/NO SIGNAL,3900,S,MORGAN ST,,NO INDICATION OF INJURY,0,0,0,11,5,12,41.82333242,-87.65093271
08/30/2019 07:45:00 PM,30,TRAFFIC SIGNAL,CLEAR,DUSK,NOT DIVIDED,DRY,NO INJURY / DRIVE AWAY,,UNABLE TO DETERMINE,1221,W,CORTLAND ST,,NO INDICATION OF INJURY,0,0,0,19,6,8,41.91700924,-87.65905565
10/18/2016 11:00:00 AM,30,NO CONTROLS,CLEAR,DAYLIGHT,NOT DIVIDED,DRY,INJURY AND / OR TOW DUE TO CRASH,,DRIVING SKILLS/KNOWLEDGE/EXPERIENCE,4317,W,59TH ST,,"REPORTED, NOT EVIDENT",0,0,0,11,3,10,41.78574386,-87.73108674
06/29/2022 07:07:00 PM,15,NO CONTROLS,CLEAR,DAYLIGHT,ALLEY,DRY,INJURY AND / OR TOW DUE TO CRASH,,FAILING TO YIELD RIGHT-OF-WAY,2100,N,TRIPP AVE,,"REPORTED, NOT EVIDENT",0,0,0,19,4,6,41.91900239,-87.73288178
03/28/2021 02:24:00 AM,30,TRAFFIC SIGNAL,CLEAR,DAYLIGHT,NOT DIVIDED,DRY,INJURY AND / OR TOW DUE TO CRASH,,FAILING TO YIELD RIGHT-OF-WAY,149,N,MICHIGAN AVE,,NO INDICATION OF INJURY,0,0,0,2,1,3,41.8844127,-87.6243024
9/9/2023 12:30,30,TRAFFIC SIGNAL,CLEAR,DAYLIGHT,FOUR WAY,DRY,NO INJURY / DRIVE AWAY,,UNABLE TO DETERMINE,2058,S,ASHLAND AVE,,NO INDICATION OF INJURY,0,0,0,12,7,9,41.85420467,-87.66619796
07/18/2019 07:48:00 AM,15,STOP SIGN/FLASHER,CLOUDY/OVERCAST,DAYLIGHT,NOT DIVIDED,WET,INJURY AND / OR TOW DUE TO CRASH,Y,DISREGARDING STOP SIGN,3620,N,RECREATION DR,,NONINCAPACITATING INJURY,0,0,1,7,5,7,41.94937576,-87.6432241
07/31/2018 04:20:00 PM,30,NO CONTROLS,CLEAR,DAYLIGHT,NOT DIVIDED,DRY,NO INJURY / DRIVE AWAY,,UNABLE TO DETERMINE,1142,E,55TH ST,,NO INDICATION OF INJURY,0,0,0,16,3,7,41.79516068,-87.59807757
1/4/2019 19:40,30,TRAFFIC SIGNAL,CLEAR,"DARKNESS, LIGHTED ROAD",NOT DIVIDED,DRY,INJURY AND / OR TOW DUE TO CRASH,,FAILING TO YIELD RIGHT-OF-WAY,486,E,GRAND AVE,,NONINCAPACITATING INJURY,0,0,1,19,6,1,41.89201673,-87.61434535
09/23/2017 12:45:00 PM,25,STOP SIGN/FLASHER,CLEAR,DAYLIGHT,OTHER,DRY,INJURY AND / OR TOW DUE TO CRASH,,DRIVING ON WRONG SIDE/WRONG WAY,3800,N,TROY ST,,NONINCAPACITATING INJURY,0,0,1,12,7,9,41.95037637,-87.70684441
10/19/2017 06:43:00 PM,30,NO CONTROLS,CLEAR,"DARKNESS, LIGHTED ROAD",NOT DIVIDED,DRY,NO INJURY / DRIVE AWAY,Y,IMPROPER TURNING/NO SIGNAL,1232,W,NORTH AVE,,NO INDICATION OF INJURY,0,0,0,18,5,10,41.91087554,-87.65827824
6/1/2017 17:43,25,STOP SIGN/FLASHER,CLEAR,DAYLIGHT,NOT DIVIDED,DRY,INJURY AND / OR TOW DUE TO CRASH,,UNABLE TO DETERMINE,9600,S,COMMERCIAL AVE,,"REPORTED, NOT EVIDENT",0,0,0,17,5,6,41.72084696,-87.55119953
06/20/2018 08:00:00 PM,30,LANE USE MARKING,CLEAR,DUSK,NOT DIVIDED,UNKNOWN,INJURY AND / OR TOW DUE TO CRASH,,UNABLE TO DETERMINE,4200,N,CLARK ST,,INCAPACITATING INJURY,0,1,0,20,4,6,41.95803522,-87.66466518
08/31/2023 06:30:00 AM,30,OTHER,CLEAR,DAYLIGHT,NOT DIVIDED,DRY,INJURY AND / OR TOW DUE TO CRASH,Y,UNABLE TO DETERMINE,700,N,LA SALLE DR,,"REPORTED, NOT EVIDENT",0,0,0,6,5,8,41.89485028,-87.63282366
08/28/2017 03:00:00 PM,30,TRAFFIC SIGNAL,RAIN,DAYLIGHT,NOT DIVIDED,WET,INJURY AND / OR TOW DUE TO CRASH,,FAILING TO YIELD RIGHT-OF-WAY,7900,S,JEFFERY BLVD,,NONINCAPACITATING INJURY,0,0,1,15,2,8,41.75151298,-87.57612577
12/5/2019 20:55,35,NO CONTROLS,CLEAR,"DARKNESS, LIGHTED ROAD",DIVIDED - W/MEDIAN (NOT RAISED),DRY,NO INJURY / DRIVE AWAY,,UNABLE TO DETERMINE,1749,N,WELLS ST,Y,NO INDICATION OF INJURY,0,0,0,20,5,12,41.91433428,-87.63466147
1/6/2019 15:10,30,NO CONTROLS,CLEAR,DAYLIGHT,ONE-WAY,DRY,INJURY AND / OR TOW DUE TO CRASH,Y,IMPROPER BACKING,480,S,DEARBORN ST,,INCAPACITATING INJURY,0,1,0,15,1,1,41.87568707,-87.62938733
04/26/2019 10:08:00 AM,30,TRAFFIC SIGNAL,CLEAR,DAYLIGHT,FOUR WAY,DRY,NO INJURY / DRIVE AWAY,,DISREGARDING TRAFFIC SIGNALS,6300,S,STATE ST,,NO INDICATION OF INJURY,0,0,0,10,6,4,41.78000828,-87.62552251
12/16/2021 11:45:00 AM,25,TRAFFIC SIGNAL,CLEAR,DAYLIGHT,NOT DIVIDED,DRY,NO INJURY / DRIVE AWAY,,"VISION OBSCURED (SIGNS, TREE LIMBS, BUILDINGS, ETC.)",959,W,WEBSTER AVE,,NO INDICATION OF INJURY,0,0,0,11,5,12,41.92162971,-87.65342397
10/19/2017 04:40:00 PM,25,NO CONTROLS,CLEAR,DAYLIGHT,ALLEY,DRY,NO INJURY / DRIVE AWAY,,FAILING TO REDUCE SPEED TO AVOID CRASH,6099,W,62ND ST,,NO INDICATION OF INJURY,0,0,0,16,5,10,41.77954303,-87.77394066
11/3/2023 15:50,30,TRAFFIC SIGNAL,CLEAR,DAYLIGHT,DIVIDED - W/MEDIAN (NOT RAISED),DRY,INJURY AND / OR TOW DUE TO CRASH,,IMPROPER OVERTAKING/PASSING,4125,N,ELSTON AVE,,NONINCAPACITATING INJURY,0,0,1,15,6,11,41.95591545,-87.72217404
08/26/2016 06:25:00 PM,30,NO CONTROLS,CLEAR,DAYLIGHT,NOT DIVIDED,DRY,NO INJURY / DRIVE AWAY,,FAILING TO YIELD RIGHT-OF-WAY,5420,N,CLARK ST,,NO INDICATION OF INJURY,0,0,0,18,6,8,41.98047008,-87.66847533
6/5/2021 10:51,30,NO CONTROLS,CLEAR,DAYLIGHT,FOUR WAY,UNKNOWN,INJURY AND / OR TOW DUE TO CRASH,Y,FAILING TO YIELD RIGHT-OF-WAY,116,N,HALSTED ST,,INCAPACITATING INJURY,0,1,0,10,7,6,41.88371971,-87.64756332
04/28/2022 03:20:00 PM,35,STOP SIGN/FLASHER,CLEAR,DAYLIGHT,NOT DIVIDED,DRY,INJURY AND / OR TOW DUE TO CRASH,Y,UNABLE TO DETERMINE,322,S,PULASKI RD,,NONINCAPACITATING INJURY,0,0,1,15,5,4,41.87628942,-87.72566583
05/23/2019 07:00:00 PM,30,NO CONTROLS,CLEAR,DAYLIGHT,NOT DIVIDED,DRY,INJURY AND / OR TOW DUE TO CRASH,,UNABLE TO DETERMINE,6013,W,PETERSON AVE,,INCAPACITATING INJURY,0,1,0,19,5,5,41.99009443,-87.77833698
8/8/2018 20:49,30,NO CONTROLS,CLEAR,DAWN,DIVIDED - W/MEDIAN (NOT RAISED),DRY,INJURY AND / OR TOW DUE TO CRASH,,UNABLE TO DETERMINE,3815,N,KIMBALL AVE,Y,"REPORTED, NOT EVIDENT",0,0,0,20,4,8,41.95070483,-87.7126629
7/8/2021 11:50,30,NO CONTROLS,CLEAR,DAYLIGHT,NOT DIVIDED,DRY,INJURY AND / OR TOW DUE TO CRASH,Y,UNABLE TO DETERMINE,2335,W,JACKSON BLVD,,NONINCAPACITATING INJURY,0,0,1,11,5,7,41.87745229,-87.68521268
6/1/2016 18:45,30,NO CONTROLS,CLEAR,DAYLIGHT,NOT DIVIDED,DRY,NO INJURY / DRIVE AWAY,,FAILING TO YIELD RIGHT-OF-WAY,2502,W,DEVON AVE,,NO INDICATION OF INJURY,0,0,0,18,4,6,41.99779515,-87.69247307
11/4/2022 13:00,30,TRAFFIC SIGNAL,RAIN,DAYLIGHT,DIVIDED - W/MEDIAN (NOT RAISED),WET,NO INJURY / DRIVE AWAY,,FAILING TO YIELD RIGHT-OF-WAY,1601,W,CONGRESS PKWY,,NO INDICATION OF INJURY,0,0,0,13,6,11,41.87506476,-87.66674637
06/28/2019 07:20:00 PM,30,NO CONTROLS,UNKNOWN,UNKNOWN,NOT DIVIDED,UNKNOWN,NO INJURY / DRIVE AWAY,,UNABLE TO DETERMINE,1079,W,TAYLOR ST,Y,NO INDICATION OF INJURY,0,0,0,19,6,6,41.86934859,-87.6541691
4/12/2022 0:12,30,UNKNOWN,CLEAR,UNKNOWN,UNKNOWN INTERSECTION TYPE,DRY,INJURY AND / OR TOW DUE TO CRASH,Y,FAILING TO REDUCE SPEED TO AVOID CRASH,9361,S,COTTAGE GROVE AVE,,NONINCAPACITATING INJURY,0,0,1,0,3,4,41.72386029,-87.60436472
8/2/2018 15:30,30,STOP SIGN/FLASHER,CLEAR,DAYLIGHT,NOT DIVIDED,DRY,INJURY AND / OR TOW DUE TO CRASH,,UNABLE TO DETERMINE,599,S,PLYMOUTH CT,,NONINCAPACITATING INJURY,0,0,1,15,5,8,41.87460047,-87.62853943
09/29/2023 06:36:00 PM,30,TRAFFIC SIGNAL,CLEAR,"DARKNESS, LIGHTED ROAD",FOUR WAY,DRY,INJURY AND / OR TOW DUE TO CRASH,,DISREGARDING TRAFFIC SIGNALS,1,E,ROOSEVELT RD,,NONINCAPACITATING INJURY,0,0,1,18,6,9,41.86730436,-87.6273784
10/2/2018 17:00,30,STOP SIGN/FLASHER,CLEAR,DAYLIGHT,OTHER,DRY,INJURY AND / OR TOW DUE TO CRASH,Y,UNABLE TO DETERMINE,3932,W,CHICAGO AVE,,"REPORTED, NOT EVIDENT",0,0,0,17,3,10,41.8954876,-87.72480307
07/20/2019 06:15:00 PM,30,TRAFFIC SIGNAL,CLEAR,DAYLIGHT,ONE-WAY,WET,NO INJURY / DRIVE AWAY,,UNABLE TO DETERMINE,42,E,ADAMS ST,,NO INDICATION OF INJURY,0,0,0,18,7,7,41.87962927,-87.62621191
10/18/2019 04:39:00 PM,25,STOP SIGN/FLASHER,CLEAR,DAYLIGHT,DIVIDED - W/MEDIAN (NOT RAISED),DRY,INJURY AND / OR TOW DUE TO CRASH,,FAILING TO YIELD RIGHT-OF-WAY,4900,S,LAKE PARK AVE,N,NONINCAPACITATING INJURY,0,0,1,16,6,10,41.80557147,-87.58927403
12/5/2016 20:56,30,TRAFFIC SIGNAL,CLEAR,"DARKNESS, LIGHTED ROAD",NOT DIVIDED,WET,NO INJURY / DRIVE AWAY,,FAILING TO YIELD RIGHT-OF-WAY,2400,W,AUGUSTA BLVD,,NO INDICATION OF INJURY,0,0,0,20,2,12,41.89948716,-87.68706268
02/27/2019 02:03:00 PM,20,STOP SIGN/FLASHER,CLEAR,DAYLIGHT,ONE-WAY,DRY,NO INJURY / DRIVE AWAY,Y,UNABLE TO DETERMINE,5932,W,WABANSIA AVE,,NO INDICATION OF INJURY,0,0,0,14,4,2,41.91120378,-87.77417373
11/10/2022 13:11,30,TRAFFIC SIGNAL,CLEAR,DAYLIGHT,FOUR WAY,DRY,INJURY AND / OR TOW DUE TO CRASH,,FAILING TO YIELD RIGHT-OF-WAY,4343,N,NARRAGANSETT AVE,,INCAPACITATING INJURY,0,1,0,13,5,11,41.95969469,-87.78665066
06/16/2023 03:50:00 PM,25,STOP SIGN/FLASHER,CLEAR,DAYLIGHT,T-INTERSECTION,DRY,INJURY AND / OR TOW DUE TO CRASH,,FAILING TO YIELD RIGHT-OF-WAY,2500,N,LAKEVIEW AVE,,INCAPACITATING INJURY,0,1,0,15,6,6,41.92812847,-87.63935527
11/10/2022 11:00,30,NO CONTROLS,CLEAR,DAYLIGHT,ONE-WAY,DRY,INJURY AND / OR TOW DUE TO CRASH,,FAILING TO YIELD RIGHT-OF-WAY,217,W,WASHINGTON ST,,"REPORTED, NOT EVIDENT",0,0,0,11,5,11,41.88310003,-87.63437825
9/2/2022 17:18,30,NO CONTROLS,CLEAR,DAYLIGHT,NOT DIVIDED,DRY,INJURY AND / OR TOW DUE TO CRASH,,IMPROPER LANE USAGE,4157,N,LINCOLN AVE,,"REPORTED, NOT EVIDENT",0,0,0,17,6,9,41.95750518,-87.68093915
11/20/2019 09:30:00 PM,35,NO CONTROLS,CLEAR,"DARKNESS, LIGHTED ROAD",ROUNDABOUT,DRY,INJURY AND / OR TOW DUE TO CRASH,,FAILING TO YIELD RIGHT-OF-WAY,2606,N,KEDZIE AVE,,NONINCAPACITATING INJURY,0,0,1,21,4,11,41.92867704,-87.70784455
9/7/2020 19:48,15,NO CONTROLS,CLEAR,"DARKNESS, LIGHTED ROAD",ALLEY,DRY,INJURY AND / OR TOW DUE TO CRASH,,"VISION OBSCURED (SIGNS, TREE LIMBS, BUILDINGS, ETC.)",3945,N,AUSTIN AVE,,NONINCAPACITATING INJURY,0,0,1,19,2,9,41.95255278,-87.77661136
09/17/2022 07:01:00 PM,35,NO CONTROLS,CLEAR,DUSK,NOT DIVIDED,DRY,INJURY AND / OR TOW DUE TO CRASH,,FAILING TO YIELD RIGHT-OF-WAY,3455,N,CLARK ST,,"REPORTED, NOT EVIDENT",0,0,0,19,7,9,41.94492369,-87.65450787
06/25/2020 07:30:00 AM,30,NO CONTROLS,CLEAR,DAYLIGHT,DIVIDED - W/MEDIAN (NOT RAISED),DRY,INJURY AND / OR TOW DUE TO CRASH,,UNABLE TO DETERMINE,230,N,DAMEN AVE,Y,NONINCAPACITATING INJURY,0,0,1,7,5,6,41.88581777,-87.676911
8/1/2018 14:59,25,NO CONTROLS,CLEAR,DAYLIGHT,NOT DIVIDED,DRY,INJURY AND / OR TOW DUE TO CRASH,,FAILING TO YIELD RIGHT-OF-WAY,824,W,BELMONT AVE,Y,NONINCAPACITATING INJURY,0,0,1,14,4,8,41.94007686,-87.65029487
6/6/2023 11:20,15,NO CONTROLS,CLEAR,DAYLIGHT,ALLEY,DRY,INJURY AND / OR TOW DUE TO CRASH,,"VISION OBSCURED (SIGNS, TREE LIMBS, BUILDINGS, ETC.)",2127,W,33RD ST,,NONINCAPACITATING INJURY,0,0,1,11,3,6,41.83386925,-87.67899224
05/23/2016 12:30:00 PM,30,NO CONTROLS,CLEAR,DAYLIGHT,ONE-WAY,DRY,INJURY AND / OR TOW DUE TO CRASH,,DISTRACTION - FROM INSIDE VEHICLE,50,E,OAK ST,Y,NONINCAPACITATING INJURY,0,0,1,12,2,5,41.90088647,-87.62650557
08/30/2016 07:30:00 PM,30,NO CONTROLS,CLEAR,DUSK,DIVIDED - W/MEDIAN (NOT RAISED),DRY,NO INJURY / DRIVE AWAY,Y,IMPROPER TURNING/NO SIGNAL,3239,W,BELMONT AVE,,NO INDICATION OF INJURY,0,0,0,19,3,8,41.93920656,-87.7091716
06/29/2022 10:30:00 AM,20,NO CONTROLS,CLEAR,DAYLIGHT,ONE-WAY,DRY,INJURY AND / OR TOW DUE TO CRASH,Y,UNABLE TO DETERMINE,915,N,MENARD AVE,,NONINCAPACITATING INJURY,0,0,1,10,4,6,41.89705906,-87.77019084
09/29/2021 08:39:00 AM,20,NO CONTROLS,CLEAR,DAYLIGHT,NOT DIVIDED,DRY,NO INJURY / DRIVE AWAY,,UNABLE TO DETERMINE,11121,S,MAPLEWOOD AVE,,NO INDICATION OF INJURY,0,0,0,8,4,9,41.69110123,-87.68469658