CRASH_DATE,POSTED_SPEED_LIMIT,TRAFFIC_CONTROL_DEVICE,WEATHER_CONDITION,LIGHTING_CONDITION,TRAFFICWAY_TYPE,ROADWAY_SURFACE_COND,CRASH_TYPE,HIT_AND_RUN_I,PRIM_CONTRIBUTORY_CAUSE,STREET_NO,STREET_DIRECTION,STREET_NAME,DOORING_I,MOST_SEVERE_INJURY,INJURIES_FATAL,INJURIES_INCAPACITATING,INJURIES_NON_INCAPACITATING,CRASH_HOUR,CRASH_DAY_OF_WEEK,CRASH_MONTH,LATITUDE,LONGITUDE
6/6/2018 12:00,30,TRAFFIC SIGNAL,CLEAR,DAYLIGHT,DIVIDED - W/MEDIAN (NOT RAISED),DRY,INJURY AND / OR TOW DUE TO CRASH,,FAILING TO YIELD RIGHT-OF-WAY,700,W,31ST ST,,NONINCAPACITATING INJURY,0,0,1,12,4,6,41.83818529,-87.64391202
12/18/2017 10:10:00 AM,30,NO CONTROLS,RAIN,DAYLIGHT,ONE-WAY,WET,NO INJURY / DRIVE AWAY,,FAILING TO YIELD RIGHT-OF-WAY,14,S,JEFFERSON ST,,NO INDICATION OF INJURY,0,0,0,10,2,12,41.88141104,-87.64279356
06/15/2022 06:26:00 PM,30,NO CONTROLS,CLEAR,DAYLIGHT,DIVIDED - W/MEDIAN BARRIER,DRY,INJURY AND / OR TOW DUE TO CRASH,Y,FAILING TO YIELD RIGHT-OF-WAY,800,E,80TH ST,,NONINCAPACITATING INJURY,0,0,1,18,4,6,41.74956713,-87.60512785
9/12/2018 17:23,30,TRAFFIC SIGNAL,CLEAR,DAYLIGHT,NOT DIVIDED,DRY,INJURY AND / OR TOW DUE TO CRASH,,DISREGARDING STOP SIGN,1900,S,BLUE ISLAND AVE,,NONINCAPACITATING INJURY,0,0,1,17,4,9,41.85605221,-87.6628789
09/16/2019 03:45:00 PM,30,NO CONTROLS,CLEAR,DAYLIGHT,NOT DIVIDED,UNKNOWN,INJURY AND / OR TOW DUE TO CRASH,,DRIVING SKILLS/KNOWLEDGE/EXPERIENCE,850,W,LAWRENCE AVE,,NONINCAPACITATING INJURY,0,0,1,15,2,9,41.96923451,-87.65211983
10/10/2019 16:58,35,NO CONTROLS,RAIN,DAWN,NOT DIVIDED,WET,NO INJURY / DRIVE AWAY,,IMPROPER LANE USAGE,4738,W,ARMITAGE AVE,,NO INDICATION OF INJURY,0,0,0,16,5,10,41.91705189,-87.74524277
11/11/2021 12:20,35,TRAFFIC SIGNAL,RAIN,DAYLIGHT,FOUR WAY,WET,INJURY AND / OR TOW DUE TO CRASH,Y,IMPROPER TURNING/NO SIGNAL,99,N,JEFFERSON ST,,NONINCAPACITATING INJURY,0,0,1,12,5,11,41.88310723,-87.6425514
03/29/2020 03:30:00 AM,30,NO CONTROLS,CLEAR,"DARKNESS, LIGHTED ROAD",NOT DIVIDED,UNKNOWN,INJURY AND / OR TOW DUE TO CRASH,Y,UNABLE TO DETERMINE,4621,N,RAVENSWOOD AVE,,NONINCAPACITATING INJURY,0,0,1,3,1,3,41.96582956,-87.67394282
07/31/2019 10:06:00 AM,30,TRAFFIC SIGNAL,CLEAR,DAYLIGHT,FOUR WAY,DRY,NO INJURY / DRIVE AWAY,,NOT APPLICABLE,1940,N,MILWAUKEE AVE,,NO INDICATION OF INJURY,0,0,0,10,4,7,41.91660111,-87.68729308
7/9/2019 17:30,30,TRAFFIC SIGNAL,CLEAR,DAYLIGHT,CENTER TURN LANE,DRY,INJURY AND / OR TOW DUE TO CRASH,,FOLLOWING TOO CLOSELY,3146,W,TOUHY AVE,,NONINCAPACITATING INJURY,0,0,1,17,3,7,42.01197988,-87.70853385
07/26/2017 01:35:00 AM,35,TRAFFIC SIGNAL,CLEAR,"DARKNESS, LIGHTED ROAD",DIVIDED - W/MEDIAN (NOT RAISED),DRY,INJURY AND / OR TOW DUE TO CRASH,,FAILING TO YIELD RIGHT-OF-WAY,5500,S,PULASKI RD,,NONINCAPACITATING INJURY,0,0,1,1,4,7,41.79315506,-87.72330377
06/28/2023 05:15:00 PM,30,UNKNOWN,CLEAR,DAYLIGHT,NOT DIVIDED,DRY,NO INJURY / DRIVE AWAY,,UNABLE TO DETERMINE,5000,N,SHERIDAN RD,,NO INDICATION OF INJURY,0,0,0,17,4,6,41.97336046,-87.65507658
03/29/2018 05:21:00 PM,30,NO CONTROLS,CLEAR,DAYLIGHT,DIVIDED - W/MEDIAN (NOT RAISED),DRY,NO INJURY / DRIVE AWAY,,UNABLE TO DETERMINE,761,N,MILWAUKEE AVE,,NO INDICATION OF INJURY,0,0,0,17,5,3,41.89568793,-87.65433453
04/20/2017 05:45:00 PM,30,NO CONTROLS,CLEAR,DAYLIGHT,DIVIDED - W/MEDIAN (NOT RAISED),DRY,NO INJURY / DRIVE AWAY,,FAILING TO YIELD RIGHT-OF-WAY,4816,N,DAMEN AVE,N,NO INDICATION OF INJURY,0,0,0,17,5,4,41.96929583,-87.6793477
8/7/2021 10:55,30,NO CONTROLS,CLEAR,DAYLIGHT,ONE-WAY,DRY,INJURY AND / OR TOW DUE TO CRASH,,DISREGARDING ROAD MARKINGS,3898,N,BROADWAY,,NONINCAPACITATING INJURY,0,0,1,10,7,8,41.95266733,-87.64979811
10/5/2023 17:25,30,NO CONTROLS,CLEAR,DAYLIGHT,NOT DIVIDED,DRY,NO INJURY / DRIVE AWAY,,"VISION OBSCURED (SIGNS, TREE LIMBS, BUILDINGS, ETC.)",2240,W,DEVON AVE,,NO INDICATION OF INJURY,0,0,0,17,5,10,41.99789701,-87.68658606
5/4/2022 12:30,30,UNKNOWN,UNKNOWN,UNKNOWN,NOT DIVIDED,UNKNOWN,INJURY AND / OR TOW DUE TO CRASH,,UNABLE TO DETERMINE,3230,N,ELSTON AVE,,NONINCAPACITATING INJURY,0,0,1,12,4,5,41.94002152,-87.69945292
05/21/2022 04:52:00 PM,30,TRAFFIC SIGNAL,CLEAR,DAYLIGHT,NOT DIVIDED,WET,INJURY AND / OR TOW DUE TO CRASH,Y,UNABLE TO DETERMINE,1397,N,MILWAUKEE AVE,,NONINCAPACITATING INJURY,0,0,1,16,7,5,41.90728412,-87.67240032
10/20/2018 12:30:00 PM,30,NO CONTROLS,OTHER,DAYLIGHT,NOT DIVIDED,OTHER,INJURY AND / OR TOW DUE TO CRASH,,NOT APPLICABLE,1424,N,MILWAUKEE AVE,Y,NONINCAPACITATING INJURY,0,0,1,12,7,10,41.90775687,-87.6735937
09/24/2023 02:15:00 AM,30,TRAFFIC SIGNAL,CLEAR,"DARKNESS, LIGHTED ROAD",NOT DIVIDED,DRY,INJURY AND / OR TOW DUE TO CRASH,Y,IMPROPER TURNING/NO SIGNAL,1857,W,FULLERTON AVE,,INCAPACITATING INJURY,0,1,0,2,1,9,41.92495702,-87.67459152
5/4/2017 17:50,30,NO CONTROLS,CLEAR,DAYLIGHT,NOT DIVIDED,UNKNOWN,INJURY AND / OR TOW DUE TO CRASH,,FAILING TO YIELD RIGHT-OF-WAY,2736,N,CLARK ST,Y,"REPORTED, NOT EVIDENT",0,0,0,17,5,5,41.93225097,-87.6449305
06/29/2018 08:50:00 PM,30,NO CONTROLS,CLEAR,DARKNESS,ONE-WAY,DRY,INJURY AND / OR TOW DUE TO CRASH,,"OPERATING VEHICLE IN ERRATIC, RECKLESS, CARELESS, NEGLIGENT OR AGGRESSIVE MANNER",2052,W,LE MOYNE ST,,NONINCAPACITATING INJURY,0,0,1,20,6,6,41.90832752,-87.67949938
06/28/2023 05:00:00 PM,30,NO CONTROLS,CLEAR,DAYLIGHT,NOT DIVIDED,DRY,INJURY AND / OR TOW DUE TO CRASH,,FAILING TO YIELD RIGHT-OF-WAY,6500,N,ONARGA AVE,,NONINCAPACITATING INJURY,0,0,1,17,4,6,41.9985832,-87.80694438
10/26/2018 09:00:00 AM,30,TRAFFIC SIGNAL,CLEAR,DAYLIGHT,ONE-WAY,DRY,NO INJURY / DRIVE AWAY,,DISREGARDING TRAFFIC SIGNALS,36,W,RANDOLPH ST,,NO INDICATION OF INJURY,0,0,0,9,6,10,41.88459085,-87.62923601
03/17/2017 12:30:00 PM,30,NO CONTROLS,CLEAR,DAYLIGHT,ONE-WAY,DRY,NO INJURY / DRIVE AWAY,,IMPROPER LANE USAGE,33,W,OHIO ST,,NO INDICATION OF INJURY,0,0,0,12,6,3,41.89233922,-87.62951013
06/25/2018 08:36:00 AM,30,STOP SIGN/FLASHER,CLEAR,DAYLIGHT,OTHER,DRY,INJURY AND / OR TOW DUE TO CRASH,,FAILING TO YIELD RIGHT-OF-WAY,1032,W,RANDOLPH ST,,INCAPACITATING INJURY,0,1,0,8,2,6,41.88441409,-87.65333146
12/13/2018 06:55:00 PM,25,STOP SIGN/FLASHER,RAIN,DARKNESS,NOT DIVIDED,WET,INJURY AND / OR TOW DUE TO CRASH,,UNABLE TO DETERMINE,7100,W,SCHUBERT AVE,,NONINCAPACITATING INJURY,0,0,1,18,5,12,41.92909196,-87.80281868
09/21/2023 06:30:00 PM,30,TRAFFIC SIGNAL,CLEAR,DAYLIGHT,FOUR WAY,DRY,NO INJURY / DRIVE AWAY,,UNABLE TO DETERMINE,1000,S,HALSTED ST,,NO INDICATION OF INJURY,0,0,0,18,5,9,41.86956088,-87.64710658
12/2/2021 7:30,30,NO CONTROLS,CLEAR,DAYLIGHT,NOT DIVIDED,DRY,NO INJURY / DRIVE AWAY,,UNABLE TO DETERMINE,2507,W,ARMITAGE AVE,,NO INDICATION OF INJURY,0,0,0,7,5,12,41.91744172,-87.6901955
05/21/2021 10:05:00 AM,30,STOP SIGN/FLASHER,CLEAR,DAYLIGHT,FOUR WAY,DRY,INJURY AND / OR TOW DUE TO CRASH,,DISREGARDING STOP SIGN,500,E,WALDRON DR,,NONINCAPACITATING INJURY,0,0,1,10,6,5,41.86047176,-87.6138367
07/30/2021 03:10:00 PM,30,TRAFFIC SIGNAL,CLOUDY/OVERCAST,DAYLIGHT,NOT DIVIDED,UNKNOWN,NO INJURY / DRIVE AWAY,,IMPROPER OVERTAKING/PASSING,3000,N,LINCOLN AVE,,NO INDICATION OF INJURY,0,0,0,15,6,7,41.93612294,-87.66391411
11/7/2018 15:00,30,TRAFFIC SIGNAL,CLEAR,DAYLIGHT,NOT DIVIDED,DRY,NO INJURY / DRIVE AWAY,,BICYCLE ADVANCING LEGALLY ON RED LIGHT,1200,S,RACINE AVE,,NO INDICATION OF INJURY,0,0,0,15,4,11,41.86695147,-87.6568268
8/4/2017 17:00,30,NO CONTROLS,CLEAR,DAYLIGHT,NOT DIVIDED,DRY,INJURY AND / OR TOW DUE TO CRASH,,UNABLE TO DETERMINE,2329,N,HALSTED ST,,NONINCAPACITATING INJURY,0,0,1,17,6,8,41.92451644,-87.64857943
01/13/2021 06:17:00 AM,30,TRAFFIC SIGNAL,UNKNOWN,"DARKNESS, LIGHTED ROAD",DIVIDED - W/MEDIAN (NOT RAISED),UNKNOWN,INJURY AND / OR TOW DUE TO CRASH,,TURNING RIGHT ON RED,4001,W,LAWRENCE AVE,,NONINCAPACITATING INJURY,0,0,1,6,4,1,41.96813179,-87.72808676
6/1/2022 19:00,30,TRAFFIC SIGNAL,CLEAR,DAYLIGHT,ONE-WAY,DRY,INJURY AND / OR TOW DUE TO CRASH,,UNABLE TO DETERMINE,798,S,CLINTON ST,,"REPORTED, NOT EVIDENT",0,0,0,19,4,6,41.87204627,-87.64102471
05/14/2019 03:15:00 PM,30,NO CONTROLS,CLEAR,DAYLIGHT,PARKING LOT,DRY,INJURY AND / OR TOW DUE TO CRASH,Y,UNABLE TO DETERMINE,7558,N,WESTERN AVE,,NONINCAPACITATING INJURY,0,0,1,15,3,5,42.01902064,-87.69032695
7/3/2019 7:58,30,STOP SIGN/FLASHER,CLEAR,DAYLIGHT,NOT DIVIDED,WET,INJURY AND / OR TOW DUE TO CRASH,,FAILING TO YIELD RIGHT-OF-WAY,340,W,KINZIE ST,,NONINCAPACITATING INJURY,0,0,1,7,4,7,41.88924144,-87.63702185
03/22/2019 04:15:00 PM,35,NO CONTROLS,CLEAR,DAYLIGHT,NOT DIVIDED,DRY,INJURY AND / OR TOW DUE TO CRASH,,IMPROPER LANE USAGE,3100,W,ADDISON ST,,NONINCAPACITATING INJURY,0,0,1,16,6,3,41.94675538,-87.70543091
08/17/2022 01:08:00 PM,30,TRAFFIC SIGNAL,CLEAR,DAYLIGHT,NOT DIVIDED,DRY,NO INJURY / DRIVE AWAY,,FAILING TO YIELD RIGHT-OF-WAY,2375,N,ELSTON AVE,,NO INDICATION OF INJURY,0,0,0,13,4,8,41.9249361,-87.67708678
01/21/2020 06:46:00 PM,30,NO CONTROLS,CLEAR,DARKNESS,NOT DIVIDED,SNOW OR SLUSH,INJURY AND / OR TOW DUE TO CRASH,,FAILING TO YIELD RIGHT-OF-WAY,5838,W,LAKE ST,Y,"REPORTED, NOT EVIDENT",0,0,0,18,3,1,41.8880151,-87.77105213
12/31/2018 06:15:00 PM,30,NO CONTROLS,RAIN,DUSK,NOT DIVIDED,WET,NO INJURY / DRIVE AWAY,Y,IMPROPER OVERTAKING/PASSING,3236,W,AUGUSTA BLVD,,NO INDICATION OF INJURY,0,0,0,18,2,12,41.89928607,-87.70811635
06/28/2018 04:40:00 PM,30,TRAFFIC SIGNAL,CLEAR,DAYLIGHT,CENTER TURN LANE,DRY,NO INJURY / DRIVE AWAY,,FAILING TO YIELD RIGHT-OF-WAY,700,W,63RD ST,,NO INDICATION OF INJURY,0,0,0,16,5,6,41.779889,-87.64284235
7/7/2021 16:36,15,NO CONTROLS,CLEAR,DAYLIGHT,ALLEY,DRY,INJURY AND / OR TOW DUE TO CRASH,,UNABLE TO DETERMINE,5612,S,DORCHESTER AVE,,NONINCAPACITATING INJURY,0,0,1,16,4,7,41.79289291,-87.59177725
06/24/2020 06:00:00 PM,30,TRAFFIC SIGNAL,CLEAR,DAYLIGHT,NOT DIVIDED,DRY,INJURY AND / OR TOW DUE TO CRASH,,FAILING TO YIELD RIGHT-OF-WAY,4400,N,MELVINA AVE,,INCAPACITATING INJURY,0,1,0,18,4,6,41.96030532,-87.78205404
6/9/2021 15:30,30,TRAFFIC SIGNAL,CLEAR,DAYLIGHT,NOT DIVIDED,DRY,NO INJURY / DRIVE AWAY,,UNABLE TO DETERMINE,634,N,HALSTED ST,,NO INDICATION OF INJURY,0,0,0,15,4,6,41.89333173,-87.64782098
2/5/2020 5:05,35,TRAFFIC SIGNAL,CLEAR,"DARKNESS, LIGHTED ROAD",FOUR WAY,DRY,INJURY AND / OR TOW DUE TO CRASH,,FAILING TO YIELD RIGHT-OF-WAY,2,S,MORGAN ST,,NONINCAPACITATING INJURY,0,0,1,5,4,2,41.88167403,-87.65217755
05/24/2019 03:48:00 PM,30,STOP SIGN/FLASHER,CLEAR,DAYLIGHT,DIVIDED - W/MEDIAN (NOT RAISED),DRY,INJURY AND / OR TOW DUE TO CRASH,,FAILING TO YIELD RIGHT-OF-WAY,3200,W,MANN DR,,NONINCAPACITATING INJURY,0,0,1,15,6,5,41.77121221,-87.70306415
07/29/2019 05:00:00 PM,30,NO CONTROLS,CLEAR,DAYLIGHT,NOT DIVIDED,DRY,INJURY AND / OR TOW DUE TO CRASH,,NOT APPLICABLE,6300,S,CENTRAL PARK AVE,,NONINCAPACITATING INJURY,0,0,1,17,2,7,41.77877639,-87.71286677
10/14/2019 10:45:00 AM,30,STOP SIGN/FLASHER,CLEAR,DAYLIGHT,NOT DIVIDED,DRY,NO INJURY / DRIVE AWAY,,UNABLE TO DETERMINE,3300,S,WALLACE ST,,NO INDICATION OF INJURY,0,0,0,10,2,10,41.83436696,-87.64147035
09/13/2022 02:09:00 PM,30,NO CONTROLS,CLEAR,DAYLIGHT,T-INTERSECTION,DRY,INJURY AND / OR TOW DUE TO CRASH,,FAILING TO REDUCE SPEED TO AVOID CRASH,1001,W,47TH ST,,"REPORTED, NOT EVIDENT",0,0,0,14,3,9,41.80868405,-87.6505159
11/11/2022 14:20,30,STOP SIGN/FLASHER,CLEAR,DAYLIGHT,DIVIDED - W/MEDIAN (NOT RAISED),DRY,INJURY AND / OR TOW DUE TO CRASH,,FAILING TO YIELD RIGHT-OF-WAY,2100,W,ARMITAGE AVE,,NONINCAPACITATING INJURY,0,0,1,14,6,11,41.91781305,-87.68022242
7/4/2023 13:20,30,NO CONTROLS,CLEAR,DAYLIGHT,NOT DIVIDED,DRY,INJURY AND / OR TOW DUE TO CRASH,,UNABLE TO DETERMINE,1754,W,LAWRENCE AVE,,NONINCAPACITATING INJURY,0,0,2,13,3,7,41.96894391,-87.67315144
03/19/2022 08:39:00 PM,30,NO CONTROLS,RAIN,"DARKNESS, LIGHTED ROAD",PARKING LOT,WET,INJURY AND / OR TOW DUE TO CRASH,,UNABLE TO DETERMINE,6709,W,ARCHER AVE,,"REPORTED, NOT EVIDENT",0,0,0,20,7,3,41.7920854,-87.78952752
8/1/2019 9:34,30,NO CONTROLS,CLEAR,DAYLIGHT,NOT DIVIDED,DRY,INJURY AND / OR TOW DUE TO CRASH,,DRIVING ON WRONG SIDE/WRONG WAY,5609,S,WOODLAWN AVE,,NONINCAPACITATING INJURY,0,0,1,9,5,8,41.79295246,-87.59634597
09/13/2019 01:35:00 PM,25,NO CONTROLS,CLEAR,DAYLIGHT,ROUNDABOUT,DRY,INJURY AND / OR TOW DUE TO CRASH,,DRIVING ON WRONG SIDE/WRONG WAY,2629,W,WABANSIA AVE,,NONINCAPACITATING INJURY,0,0,1,13,6,9,41.91197249,-87.69331127
08/14/2021 05:05:00 PM,30,NO CONTROLS,CLEAR,DAYLIGHT,DIVIDED - W/MEDIAN (NOT RAISED),DRY,INJURY AND / OR TOW DUE TO CRASH,,UNABLE TO DETERMINE,2930,W,26TH ST,,NONINCAPACITATING INJURY,0,0,1,17,7,8,41.84475267,-87.69896174
09/17/2023 05:15:00 PM,30,TRAFFIC SIGNAL,CLEAR,DAYLIGHT,FOUR WAY,WET,NO INJURY / DRIVE AWAY,,IMPROPER TURNING/NO SIGNAL,1900,N,ASHLAND AVE,,NO INDICATION OF INJURY,0,0,0,17,1,9,41.91614728,-87.66794735
11/8/2017 11:05,30,NO CONTROLS,CLEAR,DAYLIGHT,NOT DIVIDED,DRY,INJURY AND / OR TOW DUE TO CRASH,,UNABLE TO DETERMINE,51,W,KINZIE ST,Y,NONINCAPACITATING INJURY,0,0,1,11,4,11,41.88911808,-87.6299233
10/19/2016 08:11:00 PM,20,STOP SIGN/FLASHER,CLEAR,"DARKNESS, LIGHTED ROAD",NOT DIVIDED,DRY,INJURY AND / OR TOW DUE TO CRASH,,DRIVING ON WRONG SIDE/WRONG WAY,859,W,69TH ST,,NONINCAPACITATING INJURY,0,0,1,20,4,10,41.76869273,-87.64687004
09/27/2021 05:47:00 PM,30,TRAFFIC SIGNAL,CLEAR,DAYLIGHT,FOUR WAY,DRY,INJURY AND / OR TOW DUE TO CRASH,Y,DISREGARDING TRAFFIC SIGNALS,3400,W,DIVISION ST,,NONINCAPACITATING INJURY,0,0,1,17,2,9,41.90289611,-87.71180644
9/10/2018 15:10,30,NO CONTROLS,CLEAR,DAYLIGHT,DIVIDED - W/MEDIAN (NOT RAISED),DRY,NO INJURY / DRIVE AWAY,,"EVASIVE ACTION DUE TO ANIMAL, OBJECT, NONMOTORIST",2460,W,ARMITAGE AVE,,NO INDICATION OF INJURY,0,0,0,15,2,9,41.91766638,-87.68955242
11/13/2018 05:12:00 PM,30,NO CONTROLS,CLEAR,"DARKNESS, LIGHTED ROAD",NOT DIVIDED,DRY,NO INJURY / DRIVE AWAY,,FAILING TO YIELD RIGHT-OF-WAY,3610,N,SOUTHPORT AVE,,NO INDICATION OF INJURY,0,0,0,17,3,11,41.94743962,-87.66417181
05/29/2018 08:00:00 AM,30,NO CONTROLS,CLEAR,DAYLIGHT,NOT DIVIDED,DRY,NO INJURY / DRIVE AWAY,,DISTRACTION - FROM INSIDE VEHICLE,1149,N,DAMEN AVE,Y,NO INDICATION OF INJURY,0,0,0,8,3,5,41.90285273,-87.6771008
8/11/2022 20:12,30,NO CONTROLS,CLEAR,"DARKNESS, LIGHTED ROAD",NOT DIVIDED,DRY,NO INJURY / DRIVE AWAY,,UNABLE TO DETERMINE,3435,W,WRIGHTWOOD AVE,Y,NO INDICATION OF INJURY,0,0,0,20,5,8,41.92818892,-87.71363947
06/19/2021 11:11:00 PM,30,NO CONTROLS,CLEAR,"DARKNESS, LIGHTED ROAD",ALLEY,DRY,INJURY AND / OR TOW DUE TO CRASH,Y,FAILING TO YIELD RIGHT-OF-WAY,3220,W,CRYSTAL ST,,NONINCAPACITATING INJURY,0,0,1,23,7,6,41.90385804,-87.70770088
8/9/2023 18:55,25,STOP SIGN/FLASHER,CLEAR,DAYLIGHT,NOT REPORTED,DRY,NO INJURY / DRIVE AWAY,,UNABLE TO DETERMINE,5900,N,KIMBALL AVE,,NO INDICATION OF INJURY,0,0,0,18,4,8,41.98854883,-87.71407431
10/27/2017 06:55:00 AM,30,NO CONTROLS,CLEAR,DAYLIGHT,NOT DIVIDED,DRY,NO INJURY / DRIVE AWAY,,FOLLOWING TOO CLOSELY,440,W,GRAND AVE,,NO INDICATION OF INJURY,0,0,0,6,6,10,41.89160474,-87.63995242
7/12/2019 7:50,30,NO CONTROLS,CLEAR,DAYLIGHT,ONE-WAY,DRY,INJURY AND / OR TOW DUE TO CRASH,,IMPROPER LANE USAGE,216,N,WELLS ST,,NONINCAPACITATING INJURY,0,0,1,7,6,7,41.88619255,-87.63408913
06/21/2021 01:30:00 PM,30,NO CONTROLS,CLEAR,DAYLIGHT,DIVIDED - W/MEDIAN (NOT RAISED),DRY,INJURY AND / OR TOW DUE TO CRASH,,FAILING TO YIELD RIGHT-OF-WAY,1052,W,WAVELAND AVE,,NONINCAPACITATING INJURY,0,0,1,13,2,6,41.94911902,-87.65644017
07/13/2021 04:50:00 PM,30,NO CONTROLS,CLEAR,DAYLIGHT,DIVIDED - W/MEDIAN (NOT RAISED),DRY,INJURY AND / OR TOW DUE TO CRASH,,NOT APPLICABLE,5900,S,PRINCETON AVE,,NONINCAPACITATING INJURY,0,0,1,16,3,7,41.78716902,-87.63294724
07/27/2019 02:45:00 AM,30,TRAFFIC SIGNAL,CLEAR,"DARKNESS, LIGHTED ROAD",NOT DIVIDED,DRY,INJURY AND / OR TOW DUE TO CRASH,Y,FOLLOWING TOO CLOSELY,800,W,71ST ST,,"REPORTED, NOT EVIDENT",0,0,0,2,7,7,41.76531136,-87.64447748
04/30/2021 05:45:00 PM,30,NO CONTROLS,CLEAR,DAYLIGHT,NOT DIVIDED,DRY,INJURY AND / OR TOW DUE TO CRASH,,FAILING TO YIELD RIGHT-OF-WAY,1001,N,MILWAUKEE AVE,Y,INCAPACITATING INJURY,0,1,0,17,6,4,41.89992692,-87.660888
7/12/2020 12:30,10,NO CONTROLS,CLEAR,DAYLIGHT,ALLEY,UNKNOWN,INJURY AND / OR TOW DUE TO CRASH,,UNABLE TO DETERMINE,6414,N,ROCKWELL ST,,NONINCAPACITATING INJURY,0,0,1,12,1,7,41.99812933,-87.69492925
6/8/2020 19:30,30,TRAFFIC SIGNAL,CLEAR,DAYLIGHT,DIVIDED - W/MEDIAN (NOT RAISED),DRY,INJURY AND / OR TOW DUE TO CRASH,,FAILING TO REDUCE SPEED TO AVOID CRASH,3500,W,MARQUETTE RD,,NONINCAPACITATING INJURY,0,0,1,19,2,6,41.7716661,-87.71035681
12/19/2018 03:10:00 PM,35,NO CONTROLS,CLEAR,DAYLIGHT,NOT DIVIDED,DRY,INJURY AND / OR TOW DUE TO CRASH,,UNABLE TO DETERMINE,3348,S,KEDZIE AVE,,"REPORTED, NOT EVIDENT",0,0,0,15,4,12,41.83201716,-87.70482092
10/19/2017 04:28:00 PM,30,STOP SIGN/FLASHER,CLEAR,DAYLIGHT,NOT DIVIDED,DRY,INJURY AND / OR TOW DUE TO CRASH,,UNABLE TO DETERMINE,1300,N,CLYBOURN AVE,,NONINCAPACITATING INJURY,0,0,1,16,5,10,41.90555902,-87.64227499
9/11/2019 13:25,30,NO CONTROLS,CLEAR,DAYLIGHT,NOT DIVIDED,DRY,NO INJURY / DRIVE AWAY,,UNABLE TO DETERMINE,1658,N,MARCEY ST,,NO INDICATION OF INJURY,0,0,0,13,4,9,41.91241358,-87.65388195
09/20/2018 06:55:00 PM,30,NO CONTROLS,CLEAR,"DARKNESS, LIGHTED ROAD",NOT DIVIDED,DRY,INJURY AND / OR TOW DUE TO CRASH,,"OPERATING VEHICLE IN ERRATIC, RECKLESS, CARELESS, NEGLIGENT OR AGGRESSIVE MANNER",2941,N,LINCOLN AVE,Y,NONINCAPACITATING INJURY,0,0,1,18,5,9,41.93534718,-87.66239988
7/10/2019 19:15,35,TRAFFIC SIGNAL,CLEAR,"DARKNESS, LIGHTED ROAD",NOT DIVIDED,DRY,INJURY AND / OR TOW DUE TO CRASH,,UNABLE TO DETERMINE,4183,W,IRVING PARK RD,,INCAPACITATING INJURY,0,1,0,19,4,7,41.95349013,-87.73225074
6/4/2018 13:40,30,NO CONTROLS,CLEAR,DAYLIGHT,NOT DIVIDED,DRY,NO INJURY / DRIVE AWAY,,UNABLE TO DETERMINE,2894,N,KIMBALL AVE,,NO INDICATION OF INJURY,0,0,0,13,2,6,41.93426269,-87.71249795
05/13/2023 11:50:00 AM,30,NO CONTROLS,CLEAR,DAYLIGHT,DIVIDED - W/MEDIAN (NOT RAISED),DRY,INJURY AND / OR TOW DUE TO CRASH,Y,IMPROPER OVERTAKING/PASSING,2016,N,DAMEN AVE,,"REPORTED, NOT EVIDENT",0,0,0,11,7,5,41.91829262,-87.6777868
05/23/2019 04:10:00 PM,30,TRAFFIC SIGNAL,CLEAR,DAYLIGHT,DIVIDED - W/MEDIAN (NOT RAISED),DRY,NO INJURY / DRIVE AWAY,,IMPROPER OVERTAKING/PASSING,2804,N,CLARK ST,,NO INDICATION OF INJURY,0,0,0,16,5,5,41.93292097,-87.64515455
06/15/2018 12:30:00 PM,30,NO CONTROLS,CLEAR,DAYLIGHT,NOT DIVIDED,DRY,NO INJURY / DRIVE AWAY,Y,UNABLE TO DETERMINE,3431,W,PETERSON AVE,,NO INDICATION OF INJURY,0,0,0,12,6,6,41.99019852,-87.71526237
10/24/2022 08:00:00 PM,25,NO CONTROLS,CLEAR,DARKNESS,NOT DIVIDED,DRY,INJURY AND / OR TOW DUE TO CRASH,,UNABLE TO DETERMINE,2147,N,CLARK ST,Y,NONINCAPACITATING INJURY,0,0,1,20,2,10,41.92146678,-87.63781997
9/12/2019 17:10,30,STOP SIGN/FLASHER,CLEAR,DAYLIGHT,FOUR WAY,DRY,INJURY AND / OR TOW DUE TO CRASH,,FAILING TO YIELD RIGHT-OF-WAY,2501,S,TROY ST,,NONINCAPACITATING INJURY,0,0,1,17,5,9,41.84626117,-87.70371138
07/19/2019 03:22:00 PM,30,TRAFFIC SIGNAL,CLEAR,DAYLIGHT,NOT DIVIDED,DRY,INJURY AND / OR TOW DUE TO CRASH,Y,DRIVING ON WRONG SIDE/WRONG WAY,1958,W,DIVISION ST,,NONINCAPACITATING INJURY,0,0,1,15,6,7,41.9033019,-87.67720022
7/3/2022 16:00,30,UNKNOWN,CLEAR,DAYLIGHT,UNKNOWN,UNKNOWN,INJURY AND / OR TOW DUE TO CRASH,Y,UNABLE TO DETERMINE,3741,W,WABANSIA AVE,,NONINCAPACITATING INJURY,0,0,1,16,1,7,41.91166164,-87.72066716