CRASH_DATE,POSTED_SPEED_LIMIT,TRAFFIC_CONTROL_DEVICE,WEATHER_CONDITION,LIGHTING_CONDITION,TRAFFICWAY_TYPE,ROADWAY_SURFACE_COND,CRASH_TYPE,HIT_AND_RUN_I,PRIM_CONTRIBUTORY_CAUSE,STREET_NO,STREET_DIRECTION,STREET_NAME,DOORING_I,MOST_SEVERE_INJURY,INJURIES_FATAL,INJURIES_INCAPACITATING,INJURIES_NON_INCAPACITATING,CRASH_HOUR,CRASH_DAY_OF_WEEK,CRASH_MONTH,LATITUDE,LONGITUDE
11/1/2019 17:30,30,NO CONTROLS,CLEAR,DUSK,DIVIDED - W/MEDIAN (NOT RAISED),WET,INJURY AND / OR TOW DUE TO CRASH,,UNABLE TO DETERMINE,2896,N,MILWAUKEE AVE,Y,"REPORTED, NOT EVIDENT",0,0,0,17,6,11,41.93393631,-87.71561839
06/14/2023 04:48:00 PM,30,TRAFFIC SIGNAL,CLEAR,DAYLIGHT,NOT DIVIDED,DRY,INJURY AND / OR TOW DUE TO CRASH,,FAILING TO YIELD RIGHT-OF-WAY,1213,N,ASHLAND AVE,,NONINCAPACITATING INJURY,0,0,1,16,4,6,41.90383496,-87.66736116
07/24/2019 11:59:00 AM,15,NO CONTROLS,CLEAR,DAYLIGHT,NOT DIVIDED,DRY,INJURY AND / OR TOW DUE TO CRASH,Y,FAILING TO YIELD RIGHT-OF-WAY,4158,N,SHERIDAN RD,Y,NONINCAPACITATING INJURY,0,0,1,11,4,7,41.95825934,-87.65479869
11/11/2022 17:44,30,STOP SIGN/FLASHER,CLEAR,DARKNESS,T-INTERSECTION,DRY,INJURY AND / OR TOW DUE TO CRASH,Y,FAILING TO YIELD RIGHT-OF-WAY,3200,S,KEELER AVE,,NONINCAPACITATING INJURY,0,0,1,17,6,11,41.83491883,-87.72931638
10/6/2019 12:29,0,NO CONTROLS,CLEAR,DAYLIGHT,OTHER,DRY,NO INJURY / DRIVE AWAY,,IMPROPER BACKING,2020,N,STOCKTON DR,,NO INDICATION OF INJURY,0,0,0,12,1,10,41.91900211,-87.63481391
8/4/2023 14:30,30,TRAFFIC SIGNAL,CLEAR,DAYLIGHT,NOT DIVIDED,DRY,INJURY AND / OR TOW DUE TO CRASH,,UNABLE TO DETERMINE,400,S,MORGAN ST,,NONINCAPACITATING INJURY,0,0,1,14,6,8,41.87656877,-87.65201972
7/5/2021 16:15,30,TRAFFIC SIGNAL,CLEAR,DAYLIGHT,NOT DIVIDED,DRY,INJURY AND / OR TOW DUE TO CRASH,Y,FOLLOWING TOO CLOSELY,500,W,71ST ST,,NONINCAPACITATING INJURY,0,0,1,16,2,7,41.76542637,-87.63718657
06/28/2020 01:45:00 AM,30,TRAFFIC SIGNAL,CLEAR,"DARKNESS, LIGHTED ROAD",DIVIDED - W/MEDIAN (NOT RAISED),DRY,NO INJURY / DRIVE AWAY,,FAILING TO YIELD RIGHT-OF-WAY,3599,N,HALSTED ST,,NO INDICATION OF INJURY,0,0,0,1,1,6,41.94727068,-87.64933747
7/9/2021 13:20,30,NO CONTROLS,CLEAR,DAYLIGHT,NOT DIVIDED,UNKNOWN,INJURY AND / OR TOW DUE TO CRASH,,FAILING TO YIELD RIGHT-OF-WAY,3355,W,31ST ST,,NONINCAPACITATING INJURY,0,0,1,13,6,7,41.83703936,-87.70947264
9/9/2017 13:39,30,TRAFFIC SIGNAL,CLEAR,DAYLIGHT,DIVIDED - W/MEDIAN (NOT RAISED),DRY,INJURY AND / OR TOW DUE TO CRASH,,FAILING TO YIELD RIGHT-OF-WAY,3720,N,CLARK ST,Y,"REPORTED, NOT EVIDENT",0,0,0,13,7,9,41.94959069,-87.65860702
6/2/2022 7:20,20,NO CONTROLS,CLEAR,DAYLIGHT,ALLEY,DRY,INJURY AND / OR TOW DUE TO CRASH,,UNABLE TO DETERMINE,3730,W,ARGYLE ST,Y,NONINCAPACITATING INJURY,0,0,1,7,5,6,41.97206305,-87.72195721
09/23/2022 09:24:00 AM,30,TRAFFIC SIGNAL,CLEAR,DAYLIGHT,NOT DIVIDED,DRY,INJURY AND / OR TOW DUE TO CRASH,Y,FOLLOWING TOO CLOSELY,1150,S,HALSTED ST,,NONINCAPACITATING INJURY,0,0,1,9,6,9,41.86740613,-87.64706607
8/10/2020 12:30,30,TRAFFIC SIGNAL,CLEAR,DAYLIGHT,DIVIDED - W/MEDIAN (NOT RAISED),DRY,INJURY AND / OR TOW DUE TO CRASH,,FAILING TO YIELD RIGHT-OF-WAY,5500,S,NASHVILLE AVE,N,NONINCAPACITATING INJURY,0,0,1,12,2,8,41.79215605,-87.78683446
04/21/2023 03:58:00 PM,25,NO CONTROLS,CLEAR,DAYLIGHT,NOT DIVIDED,DRY,INJURY AND / OR TOW DUE TO CRASH,Y,"OPERATING VEHICLE IN ERRATIC, RECKLESS, CARELESS, NEGLIGENT OR AGGRESSIVE MANNER",1101,W,THORNDALE AVE,,NONINCAPACITATING INJURY,0,0,1,15,6,4,41.98994641,-87.65831488
04/22/2020 09:32:00 AM,30,STOP SIGN/FLASHER,CLOUDY/OVERCAST,DAYLIGHT,FOUR WAY,DRY,INJURY AND / OR TOW DUE TO CRASH,,FAILING TO YIELD RIGHT-OF-WAY,3600,S,ROCKWELL ST,,NONINCAPACITATING INJURY,0,0,1,9,4,4,41.82831293,-87.69001875
09/21/2022 04:25:00 PM,30,NO CONTROLS,CLEAR,DAYLIGHT,NOT DIVIDED,DRY,INJURY AND / OR TOW DUE TO CRASH,,FAILING TO YIELD RIGHT-OF-WAY,1232,W,LAWRENCE AVE,,NONINCAPACITATING INJURY,0,0,1,16,4,9,41.96911537,-87.66097999
08/28/2021 11:05:00 PM,35,STOP SIGN/FLASHER,CLEAR,"DARKNESS, LIGHTED ROAD",NOT DIVIDED,DRY,INJURY AND / OR TOW DUE TO CRASH,,UNABLE TO DETERMINE,5601,N,CANFIELD AVE,,INCAPACITATING INJURY,0,1,0,23,7,8,41.98140108,-87.82358725
1/12/2022 7:30,35,NO CONTROLS,CLEAR,DAYLIGHT,NOT DIVIDED,DRY,INJURY AND / OR TOW DUE TO CRASH,Y,FOLLOWING TOO CLOSELY,5308,W,GRAND AVE,,NONINCAPACITATING INJURY,0,0,1,7,4,1,41.91759375,-87.75887746
7/6/2020 23:00,30,TRAFFIC SIGNAL,CLEAR,DAYLIGHT,FOUR WAY,DRY,INJURY AND / OR TOW DUE TO CRASH,Y,UNABLE TO DETERMINE,4200,W,MADISON ST,,"REPORTED, NOT EVIDENT",0,0,0,23,2,7,41.88077601,-87.73069838
8/4/2021 20:10,20,STOP SIGN/FLASHER,CLEAR,"DARKNESS, LIGHTED ROAD",ONE-WAY,DRY,NO INJURY / DRIVE AWAY,,DRIVING ON WRONG SIDE/WRONG WAY,3365,N,MILWAUKEE AVE,,NO INDICATION OF INJURY,0,0,0,20,4,8,41.94242078,-87.72907226
3/12/2022 13:40,20,STOP SIGN/FLASHER,CLEAR,DAYLIGHT,DIVIDED - W/MEDIAN (NOT RAISED),UNKNOWN,INJURY AND / OR TOW DUE TO CRASH,Y,IMPROPER OVERTAKING/PASSING,2202,N,CLYBOURN AVE,,"REPORTED, NOT EVIDENT",0,0,0,13,7,3,41.92162874,-87.6646311
07/13/2017 07:20:00 PM,30,TRAFFIC SIGNAL,CLEAR,DAYLIGHT,DIVIDED - W/MEDIAN BARRIER,UNKNOWN,INJURY AND / OR TOW DUE TO CRASH,,FAILING TO YIELD RIGHT-OF-WAY,2947,N,ASHLAND AVE,Y,NONINCAPACITATING INJURY,0,0,1,19,5,7,41.93562749,-87.66836661
3/8/2022 18:58,30,STOP SIGN/FLASHER,CLEAR,"DARKNESS, LIGHTED ROAD",FOUR WAY,DRY,INJURY AND / OR TOW DUE TO CRASH,,UNABLE TO DETERMINE,4659,N,HAMLIN AVE,,NONINCAPACITATING INJURY,0,0,1,18,3,3,41.96643032,-87.72294203
5/9/2019 16:46,30,NO CONTROLS,CLEAR,DAYLIGHT,NOT DIVIDED,DRY,INJURY AND / OR TOW DUE TO CRASH,,UNABLE TO DETERMINE,1433,W,MONTROSE AVE,Y,NONINCAPACITATING INJURY,0,0,1,16,5,5,41.961521,-87.66626754
1/3/2019 11:45,30,NO CONTROLS,CLEAR,DAYLIGHT,ONE-WAY,DRY,INJURY AND / OR TOW DUE TO CRASH,,FAILING TO YIELD RIGHT-OF-WAY,750,N,CLARK ST,Y,"REPORTED, NOT EVIDENT",0,0,0,11,5,1,41.89639085,-87.63138842
7/4/2022 13:42,30,NO CONTROLS,CLEAR,DAYLIGHT,NOT DIVIDED,DRY,INJURY AND / OR TOW DUE TO CRASH,Y,IMPROPER OVERTAKING/PASSING,416,N,LARAMIE AVE,,NONINCAPACITATING INJURY,0,0,1,13,2,7,41.88825179,-87.75550107
06/16/2018 04:09:00 AM,30,NO CONTROLS,RAIN,DARKNESS,DIVIDED - W/MEDIAN (NOT RAISED),WET,INJURY AND / OR TOW DUE TO CRASH,Y,UNABLE TO DETERMINE,2140,W,FULLERTON AVE,,INCAPACITATING INJURY,0,1,0,4,7,6,41.92508248,-87.68247615
09/21/2017 09:15:00 PM,40,NO CONTROLS,CLEAR,DARKNESS,NOT DIVIDED,DRY,INJURY AND / OR TOW DUE TO CRASH,,FAILING TO YIELD RIGHT-OF-WAY,3200,N,LAKE SHORE DR NB,,INCAPACITATING INJURY,0,1,0,21,5,9,41.9404429,-87.63863354
9/3/2016 20:00,0,NO CONTROLS,CLEAR,"DARKNESS, LIGHTED ROAD",NOT DIVIDED,DRY,NO INJURY / DRIVE AWAY,,FAILING TO YIELD RIGHT-OF-WAY,1957,N,HALSTED ST,,NO INDICATION OF INJURY,0,0,0,20,7,9,41.91760072,-87.64833745
9/6/2017 20:30,25,NO CONTROLS,CLEAR,"DARKNESS, LIGHTED ROAD",NOT DIVIDED,DRY,NO INJURY / DRIVE AWAY,,FAILING TO YIELD RIGHT-OF-WAY,1233,N,WELLS ST,,NO INDICATION OF INJURY,0,0,0,20,4,9,41.90489682,-87.63436942
4/12/2023 18:16,35,UNKNOWN,CLEAR,DAYLIGHT,CENTER TURN LANE,DRY,INJURY AND / OR TOW DUE TO CRASH,,IMPROPER LANE USAGE,3900,S,ARCHER AVE,,"REPORTED, NOT EVIDENT",0,0,0,18,4,4,41.82290968,-87.69009733
06/15/2023 03:00:00 PM,30,NO CONTROLS,CLEAR,DAYLIGHT,NOT DIVIDED,DRY,INJURY AND / OR TOW DUE TO CRASH,Y,FAILING TO YIELD RIGHT-OF-WAY,6501,S,PULASKI RD,,NONINCAPACITATING INJURY,0,0,1,15,5,6,41.77496854,-87.72251899
7/3/2023 13:10,30,UNKNOWN,UNKNOWN,UNKNOWN,NOT DIVIDED,UNKNOWN,INJURY AND / OR TOW DUE TO CRASH,,UNABLE TO DETERMINE,3435,N,SOUTHPORT AVE,,"REPORTED, NOT EVIDENT",0,0,0,13,2,7,41.94444283,-87.66379825
09/29/2023 11:00:00 AM,30,STOP SIGN/FLASHER,CLEAR,DAYLIGHT,DIVIDED - W/MEDIAN (NOT RAISED),DRY,INJURY AND / OR TOW DUE TO CRASH,Y,UNABLE TO DETERMINE,300,E,51ST ST,,"REPORTED, NOT EVIDENT",0,0,0,11,6,9,41.8021638,-87.61933792
06/19/2022 09:30:00 PM,30,STOP SIGN/FLASHER,CLEAR,"DARKNESS, LIGHTED ROAD",DIVIDED - W/MEDIAN (NOT RAISED),DRY,INJURY AND / OR TOW DUE TO CRASH,Y,FAILING TO YIELD RIGHT-OF-WAY,4500,S,CALIFORNIA AVE,,NONINCAPACITATING INJURY,0,0,1,21,1,6,41.81181888,-87.69445863
8/1/2022 17:50,15,NO CONTROLS,CLEAR,DAYLIGHT,DRIVEWAY,DRY,INJURY AND / OR TOW DUE TO CRASH,,UNABLE TO DETERMINE,1125,S,CLINTON ST,,INCAPACITATING INJURY,0,1,0,17,2,8,41.86823823,-87.64060652
6/3/2021 16:41,20,NO CONTROLS,CLEAR,DAYLIGHT,DIVIDED - W/MEDIAN (NOT RAISED),DRY,INJURY AND / OR TOW DUE TO CRASH,,FAILING TO REDUCE SPEED TO AVOID CRASH,4202,W,WEST END AVE,,NONINCAPACITATING INJURY,0,0,1,16,5,6,41.88341184,-87.73085432
06/22/2023 01:14:00 PM,30,TRAFFIC SIGNAL,CLEAR,DAYLIGHT,DRIVEWAY,DRY,INJURY AND / OR TOW DUE TO CRASH,,FAILING TO REDUCE SPEED TO AVOID CRASH,1600,N,LAKE SHORE DR,N,NONINCAPACITATING INJURY,0,0,1,13,5,6,41.91122456,-87.62648257
12/30/2022 05:42:00 AM,30,TRAFFIC SIGNAL,CLEAR,DAWN,DIVIDED - W/MEDIAN (NOT RAISED),DRY,INJURY AND / OR TOW DUE TO CRASH,,UNABLE TO DETERMINE,5803,N,BROADWAY,,NONINCAPACITATING INJURY,0,0,1,5,6,12,41.98736203,-87.66003699
06/27/2023 05:42:00 PM,30,NO CONTROLS,CLEAR,DAYLIGHT,NOT DIVIDED,DRY,INJURY AND / OR TOW DUE TO CRASH,,FAILING TO REDUCE SPEED TO AVOID CRASH,15,W,CHICAGO AVE,,NONINCAPACITATING INJURY,0,0,1,17,3,6,41.89655848,-87.6288592
01/28/2020 02:45:00 PM,30,TRAFFIC SIGNAL,CLEAR,DAYLIGHT,NOT DIVIDED,DRY,INJURY AND / OR TOW DUE TO CRASH,,FAILING TO YIELD RIGHT-OF-WAY,2800,W,ADDISON ST,,NONINCAPACITATING INJURY,0,0,1,14,3,1,41.94679181,-87.69809434
12/19/2021 11:30:00 AM,30,NO CONTROLS,CLEAR,DAYLIGHT,DIVIDED - W/MEDIAN (NOT RAISED),DRY,NO INJURY / DRIVE AWAY,,UNABLE TO DETERMINE,3200,W,GRAND AVE,,NO INDICATION OF INJURY,0,0,0,11,1,12,41.89842312,-87.70661641
5/8/2018 14:54,30,NO CONTROLS,CLEAR,DAYLIGHT,DIVIDED - W/MEDIAN (NOT RAISED),DRY,NO INJURY / DRIVE AWAY,,UNABLE TO DETERMINE,1144,W,TAYLOR ST,,NO INDICATION OF INJURY,0,0,0,14,3,5,41.86953779,-87.65600765
07/22/2019 07:20:00 PM,30,TRAFFIC SIGNAL,CLEAR,DAYLIGHT,FOUR WAY,DRY,INJURY AND / OR TOW DUE TO CRASH,Y,FAILING TO YIELD RIGHT-OF-WAY,6400,N,HARLEM AVE,,NONINCAPACITATING INJURY,0,0,1,19,2,7,41.99701892,-87.80694772
8/1/2017 15:30,30,TRAFFIC SIGNAL,RAIN,DAYLIGHT,NOT DIVIDED,WET,INJURY AND / OR TOW DUE TO CRASH,,WEATHER,800,W,RANDOLPH ST,,NONINCAPACITATING INJURY,0,0,1,15,3,8,41.88451546,-87.6474973
11/23/2022 03:30:00 PM,30,TRAFFIC SIGNAL,CLEAR,DAYLIGHT,FOUR WAY,DRY,INJURY AND / OR TOW DUE TO CRASH,,FAILING TO REDUCE SPEED TO AVOID CRASH,4898,W,BELMONT AVE,N,NONINCAPACITATING INJURY,0,0,1,15,4,11,41.9389066,-87.74921925
6/4/2018 18:30,30,NO CONTROLS,CLEAR,DAYLIGHT,NOT DIVIDED,DRY,INJURY AND / OR TOW DUE TO CRASH,,FOLLOWING TOO CLOSELY,1814,N,CLARK ST,,NONINCAPACITATING INJURY,0,0,1,18,2,6,41.91519584,-87.63426017
05/23/2016 06:20:00 PM,30,NO CONTROLS,CLEAR,DAYLIGHT,PARKING LOT,DRY,INJURY AND / OR TOW DUE TO CRASH,,FAILING TO YIELD RIGHT-OF-WAY,1230,N,LARRABEE ST,,NONINCAPACITATING INJURY,0,0,1,18,2,5,41.90466318,-87.64339739
07/14/2022 08:25:00 PM,30,NO CONTROLS,CLEAR,DARKNESS,DIVIDED - W/MEDIAN (NOT RAISED),DRY,INJURY AND / OR TOW DUE TO CRASH,Y,FOLLOWING TOO CLOSELY,3126,N,ELSTON AVE,,NONINCAPACITATING INJURY,0,0,1,20,5,7,41.93778111,-87.69620332
07/21/2017 09:37:00 AM,30,NO CONTROLS,CLEAR,DAYLIGHT,DRIVEWAY,DRY,INJURY AND / OR TOW DUE TO CRASH,,NOT APPLICABLE,4552,N,RESERVE AVE,,NONINCAPACITATING INJURY,0,0,1,9,6,7,41.96257226,-87.84500132
06/16/2021 09:31:00 AM,30,NO CONTROLS,CLEAR,DAYLIGHT,NOT DIVIDED,DRY,INJURY AND / OR TOW DUE TO CRASH,,DRIVING SKILLS/KNOWLEDGE/EXPERIENCE,3599,N,CENTRAL PARK AVE,,NONINCAPACITATING INJURY,0,0,1,9,4,6,41.94652143,-87.71750236
9/9/2022 15:30,30,NO CONTROLS,CLEAR,DAYLIGHT,NOT DIVIDED,DRY,NO INJURY / DRIVE AWAY,,UNABLE TO DETERMINE,3000,W,PETERSON AVE,,NO INDICATION OF INJURY,0,0,0,15,6,9,41.99052413,-87.70431579
1/8/2023 15:00,30,UNKNOWN,CLEAR,DAYLIGHT,UNKNOWN,UNKNOWN,INJURY AND / OR TOW DUE TO CRASH,,UNABLE TO DETERMINE,1100,W,ARGYLE ST,,NONINCAPACITATING INJURY,0,0,1,15,1,1,41.97338078,-87.65783914
03/18/2019 08:30:00 PM,25,NO CONTROLS,CLEAR,"DARKNESS, LIGHTED ROAD",DRIVEWAY,DRY,NO INJURY / DRIVE AWAY,,UNABLE TO DETERMINE,1000,W,NORTH AVE,,NO INDICATION OF INJURY,0,0,0,20,2,3,41.91094876,-87.65315955
8/10/2023 16:35,20,NO CONTROLS,CLEAR,DAYLIGHT,ONE-WAY,DRY,NO INJURY / DRIVE AWAY,Y,NOT APPLICABLE,7303,S,WINCHESTER AVE,,NO INDICATION OF INJURY,0,0,0,16,5,8,41.76103153,-87.67207029
12/19/2020 10:50:00 PM,25,NO CONTROLS,CLEAR,DARKNESS,NOT DIVIDED,DRY,INJURY AND / OR TOW DUE TO CRASH,Y,UNABLE TO DETERMINE,5620,S,CALIFORNIA AVE,N,INCAPACITATING INJURY,0,1,0,22,7,12,41.7912118,-87.69387587
08/26/2023 04:55:00 PM,30,NO CONTROLS,CLEAR,DAYLIGHT,ONE-WAY,DRY,INJURY AND / OR TOW DUE TO CRASH,,NOT APPLICABLE,1521,W,WELLINGTON AVE,Y,NONINCAPACITATING INJURY,0,0,1,16,7,8,41.93596105,-87.66698319
10/15/2017 04:30:00 PM,30,NO CONTROLS,CLOUDY/OVERCAST,DAYLIGHT,NOT DIVIDED,DRY,NO INJURY / DRIVE AWAY,,NOT APPLICABLE,3310,W,ADDISON ST,,NO INDICATION OF INJURY,0,0,0,16,1,10,41.94670044,-87.71086358
12/21/2021 09:51:00 AM,25,STOP SIGN/FLASHER,CLEAR,DAYLIGHT,FOUR WAY,DRY,INJURY AND / OR TOW DUE TO CRASH,,DISTRACTION - FROM OUTSIDE VEHICLE,5400,N,DAMEN AVE,,NONINCAPACITATING INJURY,0,0,1,9,3,12,41.97971275,-87.67966343
2/12/2020 17:26,30,NO CONTROLS,SNOW,DARKNESS,NOT DIVIDED,SNOW OR SLUSH,INJURY AND / OR TOW DUE TO CRASH,,FAILING TO YIELD RIGHT-OF-WAY,6600,S,MORGAN ST,,NONINCAPACITATING INJURY,0,0,1,17,4,2,41.77412895,-87.649646
06/13/2016 06:00:00 AM,30,STOP SIGN/FLASHER,CLEAR,DAYLIGHT,DIVIDED - W/MEDIAN (NOT RAISED),DRY,NO INJURY / DRIVE AWAY,,NOT APPLICABLE,4801,W,MONTROSE AVE,,NO INDICATION OF INJURY,0,0,0,6,2,6,41.96061186,-87.7475936
09/24/2020 12:50:00 PM,15,NO CONTROLS,CLEAR,DAYLIGHT,OTHER,DRY,INJURY AND / OR TOW DUE TO CRASH,,"VISION OBSCURED (SIGNS, TREE LIMBS, BUILDINGS, ETC.)",6155,N,WESTERN AVE,,NONINCAPACITATING INJURY,0,0,1,12,5,9,41.99389168,-87.68961039
9/9/2021 6:45,30,NO CONTROLS,CLEAR,DAYLIGHT,DIVIDED - W/MEDIAN (NOT RAISED),DRY,INJURY AND / OR TOW DUE TO CRASH,Y,DRIVING SKILLS/KNOWLEDGE/EXPERIENCE,6241,N,BROADWAY,,INCAPACITATING INJURY,0,1,0,6,5,9,41.99577698,-87.66029505
11/8/2019 14:20,25,TRAFFIC SIGNAL,CLEAR,DAYLIGHT,NOT DIVIDED,DRY,INJURY AND / OR TOW DUE TO CRASH,,UNABLE TO DETERMINE,3024,N,SHERIDAN RD,,NONINCAPACITATING INJURY,0,0,1,14,6,11,41.93736778,-87.63960365
10/1/2022 17:30,30,PEDESTRIAN CROSSING SIGN,CLEAR,DAYLIGHT,NOT DIVIDED,DRY,INJURY AND / OR TOW DUE TO CRASH,Y,FAILING TO YIELD RIGHT-OF-WAY,10,S,KEDZIE AVE,,"REPORTED, NOT EVIDENT",0,0,0,17,7,10,41.88065318,-87.70626006
9/11/2016 13:30,30,NO CONTROLS,CLEAR,DAYLIGHT,NOT DIVIDED,DRY,NO INJURY / DRIVE AWAY,,NOT APPLICABLE,4750,N,WESTERN AVE,Y,NO INDICATION OF INJURY,0,0,0,13,1,9,41.9682402,-87.6890433
12/30/2022 05:00:00 PM,30,NO CONTROLS,CLEAR,"DARKNESS, LIGHTED ROAD",DIVIDED - W/MEDIAN (NOT RAISED),WET,INJURY AND / OR TOW DUE TO CRASH,Y,FAILING TO YIELD RIGHT-OF-WAY,4432,W,BELMONT AVE,,NONINCAPACITATING INJURY,0,0,1,17,6,12,41.93905287,-87.73840924
08/18/2020 05:05:00 PM,30,TRAFFIC SIGNAL,CLEAR,DAYLIGHT,FOUR WAY,DRY,INJURY AND / OR TOW DUE TO CRASH,Y,UNABLE TO DETERMINE,1000,N,CENTRAL AVE,,NONINCAPACITATING INJURY,0,0,1,17,3,8,41.89854013,-87.76567319
9/10/2023 17:04,25,NO CONTROLS,CLEAR,DAYLIGHT,NOT DIVIDED,DRY,INJURY AND / OR TOW DUE TO CRASH,Y,FAILING TO YIELD RIGHT-OF-WAY,2198,S,HALSTED ST,Y,NONINCAPACITATING INJURY,0,0,1,17,1,9,41.85268471,-87.64664323
10/20/2017 03:30:00 PM,30,NO CONTROLS,CLEAR,DAYLIGHT,NOT DIVIDED,DRY,NO INJURY / DRIVE AWAY,,IMPROPER OVERTAKING/PASSING,7200,N,SHERIDAN RD,,NO INDICATION OF INJURY,0,0,0,15,6,10,42.01284733,-87.66361978
9/6/2023 18:00,30,NO CONTROLS,CLEAR,DAYLIGHT,DRIVEWAY,DRY,INJURY AND / OR TOW DUE TO CRASH,,FAILING TO YIELD RIGHT-OF-WAY,2109,W,OGDEN AVE,,NONINCAPACITATING INJURY,0,0,1,18,4,9,41.87017969,-87.6793063
08/30/2019 11:00:00 AM,30,TRAFFIC SIGNAL,CLEAR,DAYLIGHT,DIVIDED - W/MEDIAN (NOT RAISED),DRY,INJURY AND / OR TOW DUE TO CRASH,,IMPROPER LANE USAGE,2357,N,OAK PARK AVE,,NONINCAPACITATING INJURY,0,0,1,11,6,8,41.92289707,-87.79507598
09/21/2022 05:51:00 PM,30,NO CONTROLS,CLEAR,DAYLIGHT,NOT DIVIDED,DRY,INJURY AND / OR TOW DUE TO CRASH,Y,UNABLE TO DETERMINE,2314,W,GRANVILLE AVE,,INCAPACITATING INJURY,0,1,0,17,4,9,41.994232,-87.68797834
01/20/2018 05:30:00 PM,30,TRAFFIC SIGNAL,CLEAR,"DARKNESS, LIGHTED ROAD",NOT DIVIDED,DRY,INJURY AND / OR TOW DUE TO CRASH,,FAILING TO YIELD RIGHT-OF-WAY,3700,S,WESTERN AVE,,NONINCAPACITATING INJURY,0,0,1,17,7,1,41.8264369,-87.68506685
04/23/2021 10:04:00 AM,30,TRAFFIC SIGNAL,CLEAR,DAYLIGHT,UNKNOWN INTERSECTION TYPE,DRY,NO INJURY / DRIVE AWAY,,DISREGARDING TRAFFIC SIGNALS,2300,N,HALSTED ST,,NO INDICATION OF INJURY,0,0,0,10,6,4,41.92371854,-87.64884675
01/21/2017 01:33:00 PM,30,NO CONTROLS,CLEAR,DAYLIGHT,NOT DIVIDED,DRY,INJURY AND / OR TOW DUE TO CRASH,,NOT APPLICABLE,3229,N,CLARK ST,Y,NONINCAPACITATING INJURY,0,0,1,13,7,1,41.94077809,-87.65117254
07/28/2021 10:00:00 PM,30,STOP SIGN/FLASHER,CLEAR,"DARKNESS, LIGHTED ROAD",FOUR WAY,DRY,INJURY AND / OR TOW DUE TO CRASH,Y,DISREGARDING STOP SIGN,630,N,PAULINA ST,,NONINCAPACITATING INJURY,0,0,1,22,4,7,41.893272,-87.66978105
10/4/2023 3:40,30,NO CONTROLS,CLEAR,"DARKNESS, LIGHTED ROAD",NOT DIVIDED,DRY,INJURY AND / OR TOW DUE TO CRASH,,FAILING TO YIELD RIGHT-OF-WAY,321,S,DEARBORN ST,,NO INDICATION OF INJURY,0,0,0,3,4,10,41.87764956,-87.62913628
09/22/2023 01:30:00 PM,30,NO CONTROLS,CLEAR,DAYLIGHT,NOT DIVIDED,DRY,NO INJURY / DRIVE AWAY,,FAILING TO YIELD RIGHT-OF-WAY,932,W,ADDISON ST,Y,NO INDICATION OF INJURY,0,0,0,13,6,9,41.94737412,-87.65318059
09/20/2018 07:14:00 PM,0,NO CONTROLS,CLEAR,"DARKNESS, LIGHTED ROAD",OTHER,DRY,INJURY AND / OR TOW DUE TO CRASH,,UNABLE TO DETERMINE,4338,W,WABANSIA AVE,,NONINCAPACITATING INJURY,0,0,1,19,5,9,41.91170094,-87.73525152
8/6/2023 14:30,30,NO CONTROLS,CLEAR,DAYLIGHT,NOT DIVIDED,DRY,INJURY AND / OR TOW DUE TO CRASH,,UNABLE TO DETERMINE,2585,N,CLARK ST,,NONINCAPACITATING INJURY,0,0,1,14,1,8,41.93003288,-87.64325434
08/26/2015 08:41:00 AM,0,TRAFFIC SIGNAL,CLOUDY/OVERCAST,DAYLIGHT,NOT DIVIDED,DRY,INJURY AND / OR TOW DUE TO CRASH,Y,FAILING TO YIELD RIGHT-OF-WAY,1816,N,CLARK ST,,"REPORTED, NOT EVIDENT",0,0,0,8,4,8,41.91524999,-87.63429327
07/28/2021 10:45:00 PM,15,STOP SIGN/FLASHER,CLEAR,"DARKNESS, LIGHTED ROAD",FOUR WAY,DRY,INJURY AND / OR TOW DUE TO CRASH,,UNABLE TO DETERMINE,900,W,WAVELAND AVE,,NONINCAPACITATING INJURY,0,0,1,22,4,7,41.94918964,-87.65202496
8/6/2023 16:00,30,NO CONTROLS,FREEZING RAIN/DRIZZLE,DAYLIGHT,UNKNOWN,WET,NO INJURY / DRIVE AWAY,Y,FAILING TO YIELD RIGHT-OF-WAY,1212,S,MICHIGAN AVE,Y,NO INDICATION OF INJURY,0,0,0,16,1,8,41.86706145,-87.62429156
10/31/2021 12:34:00 PM,30,NO CONTROLS,CLEAR,DAYLIGHT,DIVIDED - W/MEDIAN (NOT RAISED),DRY,INJURY AND / OR TOW DUE TO CRASH,,FAILING TO YIELD RIGHT-OF-WAY,1500,N,HALSTED ST,,NONINCAPACITATING INJURY,0,0,1,12,1,10,41.90863959,-87.64836015
8/12/2022 13:05,30,TRAFFIC SIGNAL,CLEAR,DAYLIGHT,UNKNOWN INTERSECTION TYPE,DRY,INJURY AND / OR TOW DUE TO CRASH,Y,IMPROPER TURNING/NO SIGNAL,700,W,ROOSEVELT RD,,NONINCAPACITATING INJURY,0,0,1,13,6,8,41.86728716,-87.64524694
8/1/2017 9:35,30,TRAFFIC SIGNAL,CLEAR,DAYLIGHT,NOT DIVIDED,DRY,INJURY AND / OR TOW DUE TO CRASH,,FAILING TO YIELD RIGHT-OF-WAY,1002,W,NORTH AVE,,NONINCAPACITATING INJURY,0,0,1,9,3,8,41.91094722,-87.65324704