CRASH_DATE,POSTED_SPEED_LIMIT,TRAFFIC_CONTROL_DEVICE,WEATHER_CONDITION,LIGHTING_CONDITION,TRAFFICWAY_TYPE,ROADWAY_SURFACE_COND,CRASH_TYPE,HIT_AND_RUN_I,PRIM_CONTRIBUTORY_CAUSE,STREET_NO,STREET_DIRECTION,STREET_NAME,DOORING_I,MOST_SEVERE_INJURY,INJURIES_FATAL,INJURIES_INCAPACITATING,INJURIES_NON_INCAPACITATING,CRASH_HOUR,CRASH_DAY_OF_WEEK,CRASH_MONTH,LATITUDE,LONGITUDE
11/2/2017 17:25,30,TRAFFIC SIGNAL,RAIN,"DARKNESS, LIGHTED ROAD",DIVIDED - W/MEDIAN (NOT RAISED),WET,NO INJURY / DRIVE AWAY,,FAILING TO YIELD RIGHT-OF-WAY,199,W,HARRISON ST,Y,NO INDICATION OF INJURY,0,0,0,17,5,11,41.87437177,-87.63360144
7/8/2023 2:00,30,TRAFFIC SIGNAL,UNKNOWN,"DARKNESS, LIGHTED ROAD",NOT DIVIDED,WET,NO INJURY / DRIVE AWAY,Y,UNABLE TO DETERMINE,654,W,ROOSEVELT RD,,NO INDICATION OF INJURY,0,0,0,2,7,7,41.86729783,-87.64447119
12/14/2021 09:00:00 PM,20,STOP SIGN/FLASHER,RAIN,"DARKNESS, LIGHTED ROAD",NOT DIVIDED,WET,NO INJURY / DRIVE AWAY,,DRIVING ON WRONG SIDE/WRONG WAY,2127,N,PARKSIDE AVE,,NO INDICATION OF INJURY,0,0,0,21,3,12,41.91894194,-87.76686974
9/6/2019 8:55,30,NO CONTROLS,CLEAR,DAYLIGHT,ONE-WAY,DRY,INJURY AND / OR TOW DUE TO CRASH,,DRIVING ON WRONG SIDE/WRONG WAY,135,N,WABASH AVE,,NONINCAPACITATING INJURY,0,0,1,8,6,9,41.8840991,-87.62609264
8/11/2022 18:26,20,NO CONTROLS,CLEAR,DAYLIGHT,ONE-WAY,DRY,INJURY AND / OR TOW DUE TO CRASH,,FAILING TO YIELD RIGHT-OF-WAY,525,W,DEMING PL,,NONINCAPACITATING INJURY,0,0,1,18,5,8,41.92816062,-87.64312697
07/18/2018 02:00:00 PM,30,TRAFFIC SIGNAL,CLEAR,DAYLIGHT,CENTER TURN LANE,DRY,INJURY AND / OR TOW DUE TO CRASH,,DISREGARDING TRAFFIC SIGNALS,3958,W,FULLERTON AVE,,NONINCAPACITATING INJURY,0,0,1,14,4,7,41.92459457,-87.72671052
10/2/2023 19:17,40,NO CONTROLS,CLEAR,"DARKNESS, LIGHTED ROAD",DIVIDED - W/MEDIAN (NOT RAISED),DRY,INJURY AND / OR TOW DUE TO CRASH,,UNABLE TO DETERMINE,5400,N,LAKE SHORE DR NB,,NONINCAPACITATING INJURY,0,0,2,19,2,10,41.98008922,-87.65240613
03/18/2018 12:40:00 AM,30,LANE USE MARKING,CLEAR,"DARKNESS, LIGHTED ROAD",NOT DIVIDED,DRY,INJURY AND / OR TOW DUE TO CRASH,Y,IMPROPER LANE USAGE,606,N,WELLS ST,,"REPORTED, NOT EVIDENT",0,0,0,0,1,3,41.89264279,-87.63424414
1/8/2021 15:14,30,TRAFFIC SIGNAL,CLEAR,DAYLIGHT,DIVIDED - W/MEDIAN (NOT RAISED),WET,INJURY AND / OR TOW DUE TO CRASH,Y,DISREGARDING OTHER TRAFFIC SIGNS,759,W,71ST ST,,NONINCAPACITATING INJURY,0,0,1,15,6,1,41.76510147,-87.64394886
01/22/2022 05:25:00 PM,30,TRAFFIC SIGNAL,CLEAR,DAYLIGHT,DIVIDED - W/MEDIAN (NOT RAISED),DRY,INJURY AND / OR TOW DUE TO CRASH,Y,FAILING TO YIELD RIGHT-OF-WAY,2800,N,CALIFORNIA AVE,,NONINCAPACITATING INJURY,0,0,1,17,7,1,41.93212072,-87.6977653
9/1/2019 18:48,35,UNKNOWN,UNKNOWN,UNKNOWN,NOT DIVIDED,UNKNOWN,INJURY AND / OR TOW DUE TO CRASH,,NOT APPLICABLE,2640,N,SHEFFIELD AVE,Y,NONINCAPACITATING INJURY,0,0,1,18,1,9,41.93011044,-87.65391981
8/12/2022 9:45,30,NO CONTROLS,CLEAR,DAYLIGHT,NOT DIVIDED,DRY,INJURY AND / OR TOW DUE TO CRASH,,NOT APPLICABLE,3399,W,CORTLAND ST,Y,NONINCAPACITATING INJURY,0,0,1,9,6,8,41.91541643,-87.71177646
11/15/2021 01:30:00 PM,30,NO CONTROLS,RAIN,DAYLIGHT,UNKNOWN,WET,INJURY AND / OR TOW DUE TO CRASH,Y,UNABLE TO DETERMINE,2899,S,LOOMIS ST,Y,NONINCAPACITATING INJURY,0,0,1,13,2,11,41.84193259,-87.6576312
9/12/2023 13:21,30,NO CONTROLS,CLEAR,DAYLIGHT,NOT DIVIDED,DRY,NO INJURY / DRIVE AWAY,,FAILING TO YIELD RIGHT-OF-WAY,5525,S,ELLIS AVE,,NO INDICATION OF INJURY,0,0,0,13,3,9,41.79426099,-87.60122172
05/24/2018 05:58:00 PM,30,STOP SIGN/FLASHER,CLEAR,DAYLIGHT,ONE-WAY,DRY,INJURY AND / OR TOW DUE TO CRASH,,FAILING TO YIELD RIGHT-OF-WAY,4459,N,MARMORA AVE,,NONINCAPACITATING INJURY,0,0,2,17,5,5,41.96216386,-87.77448549
07/27/2019 12:25:00 PM,30,STOP SIGN/FLASHER,CLEAR,DAYLIGHT,FOUR WAY,DRY,INJURY AND / OR TOW DUE TO CRASH,,FAILING TO YIELD RIGHT-OF-WAY,3832,W,AUGUSTA BLVD,,NONINCAPACITATING INJURY,0,0,1,12,7,7,41.89916198,-87.72247005
09/23/2023 03:25:00 PM,30,NO CONTROLS,CLEAR,DAYLIGHT,DIVIDED - W/MEDIAN (NOT RAISED),DRY,INJURY AND / OR TOW DUE TO CRASH,,UNABLE TO DETERMINE,118,S,CICERO AVE,,NONINCAPACITATING INJURY,0,0,1,15,7,9,41.87882224,-87.74536282
8/4/2019 15:25,30,STOP SIGN/FLASHER,CLEAR,DAYLIGHT,TRAFFIC ROUTE,DRY,INJURY AND / OR TOW DUE TO CRASH,Y,FAILING TO YIELD RIGHT-OF-WAY,3655,W,BELMONT AVE,,NONINCAPACITATING INJURY,0,0,1,15,1,8,41.93907999,-87.71955371
10/12/2021 19:35,30,TRAFFIC SIGNAL,CLEAR,"DARKNESS, LIGHTED ROAD","FIVE POINT, OR MORE",DRY,INJURY AND / OR TOW DUE TO CRASH,,FAILING TO YIELD RIGHT-OF-WAY,2400,N,HALSTED ST,,NONINCAPACITATING INJURY,0,0,1,19,3,10,41.92554032,-87.64891216
10/11/2018 7:42,20,STOP SIGN/FLASHER,CLEAR,DAYLIGHT,ONE-WAY,DRY,NO INJURY / DRIVE AWAY,N,FAILING TO YIELD RIGHT-OF-WAY,3600,N,TROY ST,,NO INDICATION OF INJURY,0,0,0,7,5,10,41.94672833,-87.70674566
07/27/2021 07:57:00 PM,30,NO CONTROLS,CLEAR,DUSK,DIVIDED - W/MEDIAN (NOT RAISED),DRY,INJURY AND / OR TOW DUE TO CRASH,,DRIVING SKILLS/KNOWLEDGE/EXPERIENCE,103,W,KINZIE ST,Y,NONINCAPACITATING INJURY,0,0,1,19,3,7,41.88910118,-87.63121703
09/13/2017 05:10:00 PM,30,NO CONTROLS,CLOUDY/OVERCAST,DAYLIGHT,ONE-WAY,DRY,INJURY AND / OR TOW DUE TO CRASH,,UNABLE TO DETERMINE,206,S,WELLS ST,,NONINCAPACITATING INJURY,0,0,1,17,4,9,41.87915357,-87.6339033
10/5/2017 5:58,30,NO CONTROLS,CLEAR,"DARKNESS, LIGHTED ROAD",DIVIDED - W/MEDIAN (NOT RAISED),DRY,INJURY AND / OR TOW DUE TO CRASH,Y,UNABLE TO DETERMINE,1432,W,DIVISION ST,,INCAPACITATING INJURY,0,1,0,5,5,10,41.90349891,-87.66377351
10/27/2019 06:40:00 PM,30,NO CONTROLS,CLEAR,"DARKNESS, LIGHTED ROAD",NOT DIVIDED,DRY,INJURY AND / OR TOW DUE TO CRASH,,FOLLOWING TOO CLOSELY,1901,N,DAMEN AVE,,"REPORTED, NOT EVIDENT",0,0,0,18,1,10,41.91595896,-87.67743391
04/13/2018 07:15:00 AM,30,TRAFFIC SIGNAL,CLEAR,DAYLIGHT,ONE-WAY,DRY,NO INJURY / DRIVE AWAY,Y,FAILING TO REDUCE SPEED TO AVOID CRASH,82,E,RANDOLPH ST,,NO INDICATION OF INJURY,0,0,0,7,6,4,41.8846102,-87.62496536
06/20/2018 02:50:00 PM,30,NO CONTROLS,CLEAR,DAYLIGHT,NOT DIVIDED,DRY,NO INJURY / DRIVE AWAY,,UNABLE TO DETERMINE,1644,W,ADDISON ST,,NO INDICATION OF INJURY,0,0,0,14,4,6,41.94707832,-87.670646
10/25/2018 05:00:00 PM,30,NO CONTROLS,CLEAR,DAYLIGHT,NOT DIVIDED,DRY,INJURY AND / OR TOW DUE TO CRASH,,FAILING TO YIELD RIGHT-OF-WAY,3228,W,FULLERTON AVE,Y,NONINCAPACITATING INJURY,0,0,1,17,5,10,41.92481164,-87.7086119
11/13/2018 09:10:00 PM,30,TRAFFIC SIGNAL,CLEAR,"DARKNESS, LIGHTED ROAD",DIVIDED - W/MEDIAN (NOT RAISED),DRY,INJURY AND / OR TOW DUE TO CRASH,,DISREGARDING TRAFFIC SIGNALS,6718,N,RIDGE BLVD,,"REPORTED, NOT EVIDENT",0,0,0,21,3,11,42.00387812,-87.67971576
10/10/2017 18:15,30,STOP SIGN/FLASHER,RAIN,DUSK,CENTER TURN LANE,WET,INJURY AND / OR TOW DUE TO CRASH,,EXCEEDING SAFE SPEED FOR CONDITIONS,756,W,CHICAGO AVE,,NONINCAPACITATING INJURY,0,0,1,18,3,10,41.89650565,-87.64765458
09/18/2021 07:10:00 PM,30,NO CONTROLS,CLEAR,DUSK,NOT DIVIDED,DRY,NO INJURY / DRIVE AWAY,,UNABLE TO DETERMINE,5940,N,BROADWAY,,NO INDICATION OF INJURY,0,0,0,19,7,9,41.99022108,-87.66042004
04/13/2023 06:00:00 PM,30,UNKNOWN,UNKNOWN,UNKNOWN,NOT DIVIDED,UNKNOWN,NO INJURY / DRIVE AWAY,Y,UNABLE TO DETERMINE,630,W,RANDOLPH ST,,NO INDICATION OF INJURY,0,0,0,18,5,4,41.88453804,-87.64413275
07/20/2022 09:25:00 AM,30,NO CONTROLS,CLEAR,DAYLIGHT,DIVIDED - W/MEDIAN (NOT RAISED),DRY,INJURY AND / OR TOW DUE TO CRASH,,UNABLE TO DETERMINE,3743,N,DAMEN AVE,,NONINCAPACITATING INJURY,0,0,1,9,4,7,41.94996163,-87.67849186
06/16/2022 12:55:00 PM,30,TRAFFIC SIGNAL,CLEAR,DAYLIGHT,NOT DIVIDED,UNKNOWN,INJURY AND / OR TOW DUE TO CRASH,,IMPROPER OVERTAKING/PASSING,1100,W,ADDISON ST,,NONINCAPACITATING INJURY,0,0,1,12,5,6,41.94730429,-87.65665932
08/21/2023 08:50:00 AM,30,TRAFFIC SIGNAL,CLEAR,DAYLIGHT,FOUR WAY,DRY,INJURY AND / OR TOW DUE TO CRASH,,IMPROPER TURNING/NO SIGNAL,3212,W,ADDISON ST,,NONINCAPACITATING INJURY,0,0,1,8,2,8,41.94673627,-87.70842598
6/5/2023 18:30,30,NO CONTROLS,CLEAR,DAYLIGHT,NOT DIVIDED,UNKNOWN,INJURY AND / OR TOW DUE TO CRASH,Y,FAILING TO YIELD RIGHT-OF-WAY,4545,N,DAMEN AVE,,"REPORTED, NOT EVIDENT",0,0,0,18,2,6,41.96466015,-87.67892494
07/14/2022 05:30:00 PM,30,NO CONTROLS,CLEAR,DAYLIGHT,OTHER,DRY,INJURY AND / OR TOW DUE TO CRASH,,NOT APPLICABLE,200,N,FRANKLIN ST,,NONINCAPACITATING INJURY,0,0,1,17,5,7,41.88578467,-87.63555692
06/29/2019 09:29:00 PM,30,TRAFFIC SIGNAL,CLEAR,"DARKNESS, LIGHTED ROAD",NOT DIVIDED,DRY,INJURY AND / OR TOW DUE TO CRASH,,FAILING TO YIELD RIGHT-OF-WAY,2300,N,CALIFORNIA AVE,,NONINCAPACITATING INJURY,0,0,1,21,7,6,41.92295108,-87.69751028
12/30/2016 07:30:00 PM,15,TRAFFIC SIGNAL,CLEAR,"DARKNESS, LIGHTED ROAD",NOT DIVIDED,DRY,NO INJURY / DRIVE AWAY,,FAILING TO YIELD RIGHT-OF-WAY,7600,S,SOUTH CHICAGO AVE,,NO INDICATION OF INJURY,0,0,0,19,6,12,41.7567361,-87.59307096
11/13/2022 03:30:00 PM,30,TRAFFIC SIGNAL,CLEAR,DAYLIGHT,FOUR WAY,DRY,NO INJURY / DRIVE AWAY,Y,FAILING TO REDUCE SPEED TO AVOID CRASH,2600,N,WESTERN AVE,,NO INDICATION OF INJURY,0,0,0,15,1,11,41.92866979,-87.68792224
8/5/2019 16:53,30,STOP SIGN/FLASHER,CLEAR,DAYLIGHT,NOT DIVIDED,DRY,INJURY AND / OR TOW DUE TO CRASH,,FAILING TO REDUCE SPEED TO AVOID CRASH,3599,N,MOBILE AVE,,NONINCAPACITATING INJURY,0,0,1,16,2,8,41.94565423,-87.78366284
08/22/2020 04:15:00 PM,30,NO CONTROLS,CLEAR,DAYLIGHT,ALLEY,DRY,INJURY AND / OR TOW DUE TO CRASH,Y,NOT APPLICABLE,6031,S,LAWNDALE AVE,,NONINCAPACITATING INJURY,0,0,1,16,7,8,41.78336976,-87.71538248
06/27/2022 09:00:00 PM,30,NO CONTROLS,CLEAR,"DARKNESS, LIGHTED ROAD",ALLEY,DRY,INJURY AND / OR TOW DUE TO CRASH,,UNABLE TO DETERMINE,2901,N,NATCHEZ AVE,,"REPORTED, NOT EVIDENT",0,0,0,21,2,6,41.93289242,-87.78804948
05/15/2022 04:27:00 PM,30,NO CONTROLS,CLEAR,DAYLIGHT,TRAFFIC ROUTE,DRY,INJURY AND / OR TOW DUE TO CRASH,,FAILING TO YIELD RIGHT-OF-WAY,3859,W,ADDISON ST,,NONINCAPACITATING INJURY,0,0,1,16,1,5,41.94629599,-87.72489542
04/22/2019 08:30:00 AM,30,NO CONTROLS,CLEAR,DAYLIGHT,NOT DIVIDED,DRY,INJURY AND / OR TOW DUE TO CRASH,,DRIVING SKILLS/KNOWLEDGE/EXPERIENCE,1030,N,CLARK ST,Y,NONINCAPACITATING INJURY,0,0,1,8,2,4,41.90153198,-87.63152607
05/30/2023 05:54:00 PM,35,NO CONTROLS,CLEAR,DAYLIGHT,NOT DIVIDED,DRY,INJURY AND / OR TOW DUE TO CRASH,,FAILING TO YIELD RIGHT-OF-WAY,2308,S,ARCHER AVE,Y,"REPORTED, NOT EVIDENT",0,0,0,17,3,5,41.85088411,-87.63918952
6/2/2020 20:54,30,TRAFFIC SIGNAL,CLEAR,DUSK,NOT DIVIDED,DRY,NO INJURY / DRIVE AWAY,Y,UNABLE TO DETERMINE,700,W,IRVING PARK RD,,NO INDICATION OF INJURY,0,0,0,20,3,6,41.95470027,-87.64802787
10/15/2015 02:15:00 PM,30,STOP SIGN/FLASHER,CLEAR,DAYLIGHT,DIVIDED - W/MEDIAN (NOT RAISED),DRY,INJURY AND / OR TOW DUE TO CRASH,,IMPROPER TURNING/NO SIGNAL,2147,N,CALIFORNIA AVE,,NONINCAPACITATING INJURY,0,0,1,14,5,10,41.92091776,-87.69715268
06/23/2020 07:55:00 PM,25,STOP SIGN/FLASHER,CLEAR,DAYLIGHT,NOT DIVIDED,DRY,INJURY AND / OR TOW DUE TO CRASH,,UNABLE TO DETERMINE,2401,W,113TH ST,,NONINCAPACITATING INJURY,0,0,1,19,3,6,41.68805649,-87.68110244
8/2/2021 17:36,30,NO CONTROLS,CLEAR,DAYLIGHT,NOT DIVIDED,DRY,NO INJURY / DRIVE AWAY,,UNABLE TO DETERMINE,234,S,HALSTED ST,Y,NO INDICATION OF INJURY,0,0,0,17,2,8,41.8781024,-87.64739071
07/17/2020 04:42:00 PM,30,TRAFFIC SIGNAL,CLEAR,DAYLIGHT,NOT DIVIDED,DRY,INJURY AND / OR TOW DUE TO CRASH,,DISREGARDING TRAFFIC SIGNALS,198,N,WACKER DR,,INCAPACITATING INJURY,0,1,0,16,6,7,41.88566933,-87.63712429
10/2/2023 21:40,30,NO CONTROLS,CLEAR,"DARKNESS, LIGHTED ROAD",DIVIDED - W/MEDIAN BARRIER,DRY,INJURY AND / OR TOW DUE TO CRASH,Y,UNABLE TO DETERMINE,351,N,MICHIGAN AVE,,NONINCAPACITATING INJURY,0,0,1,21,2,10,41.8879145,-87.62441343
09/24/2020 04:50:00 PM,25,NO CONTROLS,CLEAR,DAYLIGHT,DIVIDED - W/MEDIAN BARRIER,DRY,NO INJURY / DRIVE AWAY,Y,NOT APPLICABLE,3402,W,LAKE ST,,NO INDICATION OF INJURY,0,0,0,16,5,9,41.88475792,-87.71130558
3/10/2022 11:30,30,NO CONTROLS,CLEAR,DAYLIGHT,DRIVEWAY,DRY,INJURY AND / OR TOW DUE TO CRASH,Y,UNABLE TO DETERMINE,4738,N,PULASKI RD,,NONINCAPACITATING INJURY,0,0,1,11,5,3,41.96754633,-87.72815467
06/28/2023 12:10:00 AM,30,NO CONTROLS,CLEAR,"DARKNESS, LIGHTED ROAD",FOUR WAY,DRY,INJURY AND / OR TOW DUE TO CRASH,,UNABLE TO DETERMINE,4300,N,ASHLAND AVE,,INCAPACITATING INJURY,0,1,0,0,4,6,41.95985739,-87.66935444
10/4/2022 8:20,30,NO CONTROLS,CLEAR,DAYLIGHT,NOT DIVIDED,DRY,INJURY AND / OR TOW DUE TO CRASH,Y,FAILING TO YIELD RIGHT-OF-WAY,2020,N,CALIFORNIA AVE,,"REPORTED, NOT EVIDENT",0,0,0,8,3,10,41.91810712,-87.6973653
05/22/2023 11:46:00 PM,25,UNKNOWN,CLEAR,"DARKNESS, LIGHTED ROAD",NOT DIVIDED,DRY,INJURY AND / OR TOW DUE TO CRASH,Y,UNABLE TO DETERMINE,1900,W,PRATT BLVD,,NONINCAPACITATING INJURY,0,0,1,23,2,5,42.00536273,-87.67804469
03/17/2020 05:45:00 PM,30,NO CONTROLS,CLEAR,DAYLIGHT,ONE-WAY,DRY,NO INJURY / DRIVE AWAY,,UNABLE TO DETERMINE,100,W,ONTARIO ST,,NO INDICATION OF INJURY,0,0,0,17,3,3,41.89333774,-87.6312445
09/30/2023 01:40:00 PM,30,STOP SIGN/FLASHER,CLEAR,DAYLIGHT,NOT DIVIDED,DRY,INJURY AND / OR TOW DUE TO CRASH,Y,FAILING TO YIELD RIGHT-OF-WAY,4199,W,59TH ST,,NONINCAPACITATING INJURY,0,0,1,13,7,9,41.78577729,-87.72778768
08/31/2017 07:11:00 PM,20,NO CONTROLS,CLEAR,DUSK,NOT DIVIDED,DRY,INJURY AND / OR TOW DUE TO CRASH,,UNABLE TO DETERMINE,7750,N,HASKINS AVE,Y,NONINCAPACITATING INJURY,0,0,1,19,5,8,42.02224791,-87.67527497
12/15/2022 08:05:00 AM,25,NO CONTROLS,CLEAR,DAYLIGHT,ONE-WAY,WET,INJURY AND / OR TOW DUE TO CRASH,Y,UNABLE TO DETERMINE,6741,S,CHAPPEL AVE,,NONINCAPACITATING INJURY,0,0,1,8,5,12,41.77224451,-87.57509221
6/7/2021 22:48,30,STOP SIGN/FLASHER,CLEAR,"DARKNESS, LIGHTED ROAD",NOT DIVIDED,DRY,INJURY AND / OR TOW DUE TO CRASH,,UNABLE TO DETERMINE,5498,N,CENTRAL AVE,N,INCAPACITATING INJURY,0,1,0,22,2,6,41.98102989,-87.76852441
9/10/2019 18:54,30,TRAFFIC SIGNAL,CLEAR,DAYLIGHT,UNKNOWN INTERSECTION TYPE,DRY,INJURY AND / OR TOW DUE TO CRASH,,UNABLE TO DETERMINE,3200,W,AINSLIE ST,,"REPORTED, NOT EVIDENT",0,0,0,18,3,9,41.97038125,-87.70859101
08/19/2022 08:30:00 PM,30,TRAFFIC SIGNAL,CLEAR,"DARKNESS, LIGHTED ROAD",DIVIDED - W/MEDIAN (NOT RAISED),DRY,INJURY AND / OR TOW DUE TO CRASH,,UNABLE TO DETERMINE,1598,W,DIVISION ST,,NO INDICATION OF INJURY,0,0,0,20,6,8,41.90345672,-87.66744722
05/25/2019 11:55:00 AM,30,NO CONTROLS,CLEAR,DAYLIGHT,NOT DIVIDED,DRY,INJURY AND / OR TOW DUE TO CRASH,,FAILING TO YIELD RIGHT-OF-WAY,3048,S,LYMAN ST,,"REPORTED, NOT EVIDENT",0,0,0,11,7,5,41.83898661,-87.65773813
04/17/2017 04:25:00 PM,30,NO CONTROLS,CLEAR,DAYLIGHT,NOT DIVIDED,DRY,INJURY AND / OR TOW DUE TO CRASH,,FAILING TO YIELD RIGHT-OF-WAY,5544,N,CLARK ST,Y,NONINCAPACITATING INJURY,0,0,1,16,2,4,41.98303164,-87.66880744
05/13/2021 04:35:00 PM,30,STOP SIGN/FLASHER,CLEAR,DAYLIGHT,ONE-WAY,DRY,INJURY AND / OR TOW DUE TO CRASH,,UNABLE TO DETERMINE,2700,W,POPE JOHN PAUL II DR,,NONINCAPACITATING INJURY,0,0,1,16,5,5,41.81569062,-87.69204106
12/14/2018 06:29:00 PM,30,NO CONTROLS,CLOUDY/OVERCAST,"DARKNESS, LIGHTED ROAD",NOT DIVIDED,WET,NO INJURY / DRIVE AWAY,,UNABLE TO DETERMINE,658,N,HALSTED ST,,NO INDICATION OF INJURY,0,0,0,18,6,12,41.89395876,-87.64784119
06/29/2017 06:39:00 PM,35,OTHER,CLEAR,DAYLIGHT,DIVIDED - W/MEDIAN (NOT RAISED),DRY,INJURY AND / OR TOW DUE TO CRASH,,IMPROPER LANE USAGE,6150,S,ASHLAND AVE,,NONINCAPACITATING INJURY,0,0,1,18,5,6,41.78160799,-87.66441685
3/5/2022 18:50,30,TRAFFIC SIGNAL,CLEAR,"DARKNESS, LIGHTED ROAD",T-INTERSECTION,DRY,INJURY AND / OR TOW DUE TO CRASH,Y,FAILING TO YIELD RIGHT-OF-WAY,3458,W,MARQUETTE RD,,NONINCAPACITATING INJURY,0,0,1,18,7,3,41.77167007,-87.71011986
07/27/2018 06:20:00 PM,30,NO CONTROLS,CLEAR,DAYLIGHT,NOT DIVIDED,DRY,NO INJURY / DRIVE AWAY,,UNABLE TO DETERMINE,1124,W,GRAND AVE,Y,NO INDICATION OF INJURY,0,0,0,18,6,7,41.89120814,-87.65573434
08/13/2018 05:15:00 PM,30,STOP SIGN/FLASHER,CLEAR,DAYLIGHT,NOT DIVIDED,DRY,INJURY AND / OR TOW DUE TO CRASH,,FAILING TO YIELD RIGHT-OF-WAY,7198,N,MASON AVE,,NONINCAPACITATING INJURY,0,0,1,17,2,8,42.01191633,-87.77430039
07/23/2017 12:00:00 PM,30,NO CONTROLS,CLEAR,DAYLIGHT,ONE-WAY,DRY,INJURY AND / OR TOW DUE TO CRASH,,UNABLE TO DETERMINE,6026,N,WINTHROP AVE,,NONINCAPACITATING INJURY,0,0,1,12,1,7,41.99172686,-87.65841465
04/20/2020 05:05:00 PM,30,NO CONTROLS,CLEAR,DAYLIGHT,ONE-WAY,DRY,INJURY AND / OR TOW DUE TO CRASH,,"OPERATING VEHICLE IN ERRATIC, RECKLESS, CARELESS, NEGLIGENT OR AGGRESSIVE MANNER",60,E,GRAND AVE,Y,INCAPACITATING INJURY,0,1,0,17,2,4,41.89181437,-87.62568527
03/13/2021 11:40:00 AM,10,NO CONTROLS,CLEAR,DAYLIGHT,ALLEY,DRY,NO INJURY / DRIVE AWAY,,UNABLE TO DETERMINE,3102,N,ST LOUIS AVE,,NO INDICATION OF INJURY,0,0,0,11,7,3,41.93757352,-87.71503139
3/7/2020 15:00,30,NO CONTROLS,CLEAR,DAYLIGHT,DIVIDED - W/MEDIAN (NOT RAISED),DRY,NO INJURY / DRIVE AWAY,,NOT APPLICABLE,1402,N,MILWAUKEE AVE,Y,NO INDICATION OF INJURY,0,0,0,15,7,3,41.90730007,-87.6728783
12/13/2020 01:00:00 PM,30,NO CONTROLS,CLEAR,DAYLIGHT,NOT DIVIDED,DRY,INJURY AND / OR TOW DUE TO CRASH,,IMPROPER LANE USAGE,1432,W,CHICAGO AVE,,"REPORTED, NOT EVIDENT",0,0,0,13,1,12,41.89623861,-87.66370497
5/2/2020 12:40,30,TRAFFIC SIGNAL,CLEAR,DAYLIGHT,DIVIDED - W/MEDIAN (NOT RAISED),DRY,INJURY AND / OR TOW DUE TO CRASH,,DISREGARDING TRAFFIC SIGNALS,1700,N,LA SALLE DR,,NONINCAPACITATING INJURY,0,0,1,12,7,5,41.91287494,-87.63326564
01/14/2020 03:10:00 PM,30,TRAFFIC SIGNAL,CLEAR,DAYLIGHT,NOT DIVIDED,DRY,INJURY AND / OR TOW DUE TO CRASH,,UNABLE TO DETERMINE,1602,W,18TH ST,Y,NONINCAPACITATING INJURY,0,0,1,15,3,1,41.85789785,-87.6662863
9/5/2020 19:56,30,TRAFFIC SIGNAL,CLEAR,"DARKNESS, LIGHTED ROAD",FOUR WAY,DRY,INJURY AND / OR TOW DUE TO CRASH,,FAILING TO YIELD RIGHT-OF-WAY,3500,S,WENTWORTH AVE,,NONINCAPACITATING INJURY,0,0,1,19,7,9,41.83092244,-87.63165052
8/12/2020 11:00,25,STOP SIGN/FLASHER,CLEAR,DAYLIGHT,NOT DIVIDED,DRY,NO INJURY / DRIVE AWAY,Y,UNABLE TO DETERMINE,1558,W,92ND ST,,NO INDICATION OF INJURY,0,0,0,11,4,8,41.72678319,-87.66277218
11/21/2022 10:30:00 AM,30,STOP SIGN/FLASHER,CLEAR,DAYLIGHT,ONE-WAY,UNKNOWN,NO INJURY / DRIVE AWAY,,UNABLE TO DETERMINE,1499,W,CARMEN AVE,,NO INDICATION OF INJURY,0,0,0,10,2,11,41.97426303,-87.66803015
10/13/2017 07:00:00 AM,30,NO CONTROLS,CLEAR,DAWN,NOT DIVIDED,DRY,INJURY AND / OR TOW DUE TO CRASH,,FAILING TO REDUCE SPEED TO AVOID CRASH,4920,W,BELMONT AVE,,NONINCAPACITATING INJURY,0,0,1,7,6,10,41.93889192,-87.75031931
06/13/2021 06:10:00 PM,25,NO CONTROLS,CLEAR,DAYLIGHT,ONE-WAY,DRY,INJURY AND / OR TOW DUE TO CRASH,Y,IMPROPER TURNING/NO SIGNAL,5214,W,DRUMMOND PL,,"REPORTED, NOT EVIDENT",0,0,0,18,1,6,41.92878523,-87.75697399
09/24/2023 06:40:00 PM,30,NO CONTROLS,CLEAR,DAYLIGHT,NOT DIVIDED,DRY,NO INJURY / DRIVE AWAY,Y,FAILING TO REDUCE SPEED TO AVOID CRASH,102,E,50TH ST,,NO INDICATION OF INJURY,0,0,0,18,1,9,41.80393245,-87.62252506
10/27/2019 07:00:00 PM,30,NO CONTROLS,CLEAR,DUSK,FOUR WAY,DRY,INJURY AND / OR TOW DUE TO CRASH,Y,FAILING TO YIELD RIGHT-OF-WAY,8040,S,WESTERN AVE,,NONINCAPACITATING INJURY,0,0,1,19,1,10,41.74704553,-87.68292343
09/15/2022 05:50:00 PM,30,NO CONTROLS,CLEAR,DAYLIGHT,DIVIDED - W/MEDIAN (NOT RAISED),DRY,INJURY AND / OR TOW DUE TO CRASH,,UNABLE TO DETERMINE,1456,N,ASHLAND AVE,,NONINCAPACITATING INJURY,0,0,1,17,5,9,41.90858501,-87.667781