CRASH_DATE,POSTED_SPEED_LIMIT,TRAFFIC_CONTROL_DEVICE,WEATHER_CONDITION,LIGHTING_CONDITION,TRAFFICWAY_TYPE,ROADWAY_SURFACE_COND,CRASH_TYPE,HIT_AND_RUN_I,PRIM_CONTRIBUTORY_CAUSE,STREET_NO,STREET_DIRECTION,STREET_NAME,DOORING_I,MOST_SEVERE_INJURY,INJURIES_FATAL,INJURIES_INCAPACITATING,INJURIES_NON_INCAPACITATING,CRASH_HOUR,CRASH_DAY_OF_WEEK,CRASH_MONTH,LATITUDE,LONGITUDE
10/10/2017 21:30,30,UNKNOWN,RAIN,"DARKNESS, LIGHTED ROAD",DIVIDED - W/MEDIAN (NOT RAISED),WET,INJURY AND / OR TOW DUE TO CRASH,Y,UNABLE TO DETERMINE,1700,W,CHASE AVE,,NONINCAPACITATING INJURY,0,0,1,21,3,10,42.01390801,-87.67253001
7/7/2021 9:25,30,TRAFFIC SIGNAL,CLEAR,DAYLIGHT,ONE-WAY,DRY,INJURY AND / OR TOW DUE TO CRASH,,"VISION OBSCURED (SIGNS, TREE LIMBS, BUILDINGS, ETC.)",1158,S,UNION AVE,,NONINCAPACITATING INJURY,0,0,1,9,4,7,41.86724826,-87.64532848
10/8/2017 15:50,30,TRAFFIC SIGNAL,CLEAR,DAYLIGHT,NOT DIVIDED,DRY,INJURY AND / OR TOW DUE TO CRASH,Y,UNABLE TO DETERMINE,5599,W,HIGGINS AVE,,NONINCAPACITATING INJURY,0,0,1,15,1,10,41.97019159,-87.76748447
8/7/2018 18:50,30,STOP SIGN/FLASHER,CLEAR,DAYLIGHT,NOT DIVIDED,DRY,NO INJURY / DRIVE AWAY,,UNABLE TO DETERMINE,2200,N,MILWAUKEE AVE,,NO INDICATION OF INJURY,0,0,0,18,3,8,41.92073413,-87.69404109
8/1/2022 12:35,30,STOP SIGN/FLASHER,CLEAR,DAYLIGHT,FOUR WAY,DRY,INJURY AND / OR TOW DUE TO CRASH,,UNABLE TO DETERMINE,1400,W,93RD ST,,NONINCAPACITATING INJURY,0,0,1,12,2,8,41.7250344,-87.6579662
07/21/2018 09:30:00 AM,30,NO CONTROLS,CLEAR,DAYLIGHT,NOT DIVIDED,DRY,INJURY AND / OR TOW DUE TO CRASH,,FAILING TO YIELD RIGHT-OF-WAY,2913,N,CLARK ST,Y,NONINCAPACITATING INJURY,0,0,1,9,7,7,41.93524326,-87.64669342
10/20/2018 12:37:00 PM,30,TRAFFIC SIGNAL,CLEAR,DAYLIGHT,NOT DIVIDED,DRY,INJURY AND / OR TOW DUE TO CRASH,,FAILING TO YIELD RIGHT-OF-WAY,7901,S,YATES BLVD,,NONINCAPACITATING INJURY,0,0,1,12,7,10,41.75163817,-87.56608496
10/4/2023 21:24,30,STOP SIGN/FLASHER,CLEAR,"DARKNESS, LIGHTED ROAD",DIVIDED - W/MEDIAN (NOT RAISED),DRY,INJURY AND / OR TOW DUE TO CRASH,,FAILING TO YIELD RIGHT-OF-WAY,3500,S,GILES AVE,,"REPORTED, NOT EVIDENT",0,0,0,21,4,10,41.83098515,-87.61948415
07/22/2020 08:50:00 PM,30,TRAFFIC SIGNAL,CLEAR,DARKNESS,FOUR WAY,DRY,INJURY AND / OR TOW DUE TO CRASH,Y,NOT APPLICABLE,1600,W,51ST ST,,INCAPACITATING INJURY,0,1,0,20,4,7,41.80142703,-87.66484075
10/20/2021 06:46:00 AM,30,STOP SIGN/FLASHER,CLEAR,DAYLIGHT,ONE-WAY,DRY,NO INJURY / DRIVE AWAY,,UNABLE TO DETERMINE,5308,W,GRAND AVE,,NO INDICATION OF INJURY,0,0,0,6,4,10,41.91759375,-87.75887746
09/26/2019 06:15:00 AM,30,NO CONTROLS,CLEAR,DAWN,DIVIDED - W/MEDIAN (NOT RAISED),DRY,INJURY AND / OR TOW DUE TO CRASH,,IMPROPER LANE USAGE,1034,N,MILWAUKEE AVE,,NONINCAPACITATING INJURY,0,0,1,6,5,9,41.90062367,-87.66244196
09/19/2019 07:00:00 PM,30,TRAFFIC SIGNAL,CLEAR,"DARKNESS, LIGHTED ROAD",FOUR WAY,DRY,INJURY AND / OR TOW DUE TO CRASH,,FAILING TO YIELD RIGHT-OF-WAY,5200,N,KIMBALL AVE,,NONINCAPACITATING INJURY,0,0,1,19,5,9,41.97578186,-87.71370275
11/4/2016 15:00,30,NO CONTROLS,CLEAR,DAYLIGHT,NOT DIVIDED,DRY,INJURY AND / OR TOW DUE TO CRASH,Y,FAILING TO YIELD RIGHT-OF-WAY,1373,N,MILWAUKEE AVE,,NONINCAPACITATING INJURY,0,0,1,15,6,11,41.90686821,-87.67174892
04/23/2022 01:00:00 PM,30,STOP SIGN/FLASHER,CLEAR,DAYLIGHT,T-INTERSECTION,DRY,INJURY AND / OR TOW DUE TO CRASH,,IMPROPER TURNING/NO SIGNAL,1350,N,SEDGWICK ST,,NONINCAPACITATING INJURY,0,0,1,13,7,4,41.90693578,-87.63861007
08/26/2019 07:55:00 PM,30,NO CONTROLS,RAIN,"DARKNESS, LIGHTED ROAD",DIVIDED - W/MEDIAN (NOT RAISED),WET,INJURY AND / OR TOW DUE TO CRASH,,WEATHER,1653,N,HALSTED ST,,NONINCAPACITATING INJURY,0,0,1,19,2,8,41.91241353,-87.64817285
05/23/2018 03:11:00 PM,30,STOP SIGN/FLASHER,CLEAR,DAYLIGHT,NOT DIVIDED,DRY,INJURY AND / OR TOW DUE TO CRASH,N,UNABLE TO DETERMINE,5300,S,WOOD ST,,NONINCAPACITATING INJURY,0,0,1,15,4,5,41.79754135,-87.66968738
12/14/2021 05:00:00 PM,30,NO CONTROLS,UNKNOWN,UNKNOWN,UNKNOWN INTERSECTION TYPE,UNKNOWN,INJURY AND / OR TOW DUE TO CRASH,,FAILING TO YIELD RIGHT-OF-WAY,6501,N,WESTERN AVE,,"REPORTED, NOT EVIDENT",0,0,0,17,3,12,41.9996371,-87.68978668
4/11/2022 22:48,30,TRAFFIC SIGNAL,CLEAR,"DARKNESS, LIGHTED ROAD",DIVIDED - W/MEDIAN BARRIER,DRY,INJURY AND / OR TOW DUE TO CRASH,Y,FAILING TO REDUCE SPEED TO AVOID CRASH,2368,W,OGDEN AVE,,NONINCAPACITATING INJURY,0,0,1,22,2,4,41.86508668,-87.68581086
3/12/2023 17:00,30,NO CONTROLS,FREEZING RAIN/DRIZZLE,DAYLIGHT,NOT DIVIDED,WET,INJURY AND / OR TOW DUE TO CRASH,,FAILING TO YIELD RIGHT-OF-WAY,5212,N,CLARK ST,Y,NONINCAPACITATING INJURY,0,0,1,17,1,3,41.97659264,-87.66855724
07/30/2019 02:30:00 PM,30,STOP SIGN/FLASHER,CLEAR,DAYLIGHT,ONE-WAY,DRY,NO INJURY / DRIVE AWAY,,FAILING TO YIELD RIGHT-OF-WAY,3500,S,RHODES AVE,,NO INDICATION OF INJURY,0,0,0,14,3,7,41.83112703,-87.61463065
05/23/2018 10:27:00 PM,30,TRAFFIC SIGNAL,CLEAR,"DARKNESS, LIGHTED ROAD",NOT DIVIDED,DRY,INJURY AND / OR TOW DUE TO CRASH,Y,FAILING TO YIELD RIGHT-OF-WAY,501,S,HOMAN AVE,,"REPORTED, NOT EVIDENT",0,0,0,22,4,5,41.87452691,-87.71066042
12/13/2022 08:50:00 AM,30,NO CONTROLS,CLEAR,DAYLIGHT,NOT DIVIDED,DRY,NO INJURY / DRIVE AWAY,,IMPROPER LANE USAGE,1551,N,WELLS ST,,NO INDICATION OF INJURY,0,0,0,8,3,12,41.91062675,-87.63454716
04/19/2022 08:26:00 PM,30,STOP SIGN/FLASHER,CLEAR,"DARKNESS, LIGHTED ROAD",NOT DIVIDED,DRY,INJURY AND / OR TOW DUE TO CRASH,Y,DISREGARDING STOP SIGN,357,W,63RD ST,,INCAPACITATING INJURY,0,1,0,20,3,4,41.77980269,-87.63479308
08/26/2020 10:49:00 AM,30,NO CONTROLS,CLEAR,DAYLIGHT,NOT DIVIDED,DRY,NO INJURY / DRIVE AWAY,,UNABLE TO DETERMINE,3542,W,BELMONT AVE,Y,NO INDICATION OF INJURY,0,0,0,10,4,8,41.93933414,-87.71671161
10/9/2019 16:06,30,STOP SIGN/FLASHER,CLEAR,DAYLIGHT,NOT DIVIDED,DRY,NO INJURY / DRIVE AWAY,Y,UNABLE TO DETERMINE,600,S,KOSTNER AVE,,NO INDICATION OF INJURY,0,0,0,16,4,10,41.87349948,-87.73536819
08/28/2019 03:00:00 PM,30,TRAFFIC SIGNAL,CLEAR,DAYLIGHT,NOT DIVIDED,DRY,INJURY AND / OR TOW DUE TO CRASH,,FAILING TO YIELD RIGHT-OF-WAY,7900,S,HALSTED ST,,NONINCAPACITATING INJURY,0,0,1,15,4,8,41.75054956,-87.64418837
9/4/2022 12:15,25,OTHER,CLEAR,DAYLIGHT,DIVIDED - W/MEDIAN (NOT RAISED),DRY,INJURY AND / OR TOW DUE TO CRASH,,UNABLE TO DETERMINE,2780,N,MILWAUKEE AVE,,NONINCAPACITATING INJURY,0,0,1,12,1,9,41.93163697,-87.71184932
05/30/2020 02:00:00 PM,30,TRAFFIC SIGNAL,CLEAR,DAYLIGHT,FOUR WAY,UNKNOWN,NO INJURY / DRIVE AWAY,Y,UNABLE TO DETERMINE,2400,W,47TH ST,,NO INDICATION OF INJURY,0,0,0,14,7,5,41.80854224,-87.6845482
10/15/2020 01:35:00 PM,30,NO CONTROLS,CLEAR,DAYLIGHT,NOT DIVIDED,DRY,NO INJURY / DRIVE AWAY,,UNABLE TO DETERMINE,2338,N,MILWAUKEE AVE,Y,NO INDICATION OF INJURY,0,0,0,13,5,10,41.92359712,-87.69871397
8/10/2023 7:50,25,STOP SIGN/FLASHER,CLEAR,DAYLIGHT,FOUR WAY,DRY,INJURY AND / OR TOW DUE TO CRASH,,DISREGARDING STOP SIGN,1530,W,ARTHUR AVE,,"REPORTED, NOT EVIDENT",0,0,0,7,5,8,42.00003322,-87.66916295
04/27/2021 06:30:00 PM,30,NO CONTROLS,CLEAR,DAYLIGHT,DIVIDED - W/MEDIAN (NOT RAISED),DRY,INJURY AND / OR TOW DUE TO CRASH,,"VISION OBSCURED (SIGNS, TREE LIMBS, BUILDINGS, ETC.)",799,W,BARRY AVE,,NONINCAPACITATING INJURY,0,0,1,18,3,4,41.93772957,-87.64885864
08/15/2018 02:30:00 PM,30,STOP SIGN/FLASHER,CLEAR,DAYLIGHT,DIVIDED - W/MEDIAN BARRIER,DRY,NO INJURY / DRIVE AWAY,,DISREGARDING OTHER TRAFFIC SIGNS,2053,W,ARMITAGE AVE,,NO INDICATION OF INJURY,0,0,0,14,4,8,41.91760759,-87.67967163
8/11/2023 19:30,30,STOP SIGN/FLASHER,CLEAR,DAYLIGHT,FOUR WAY,DRY,INJURY AND / OR TOW DUE TO CRASH,,FAILING TO REDUCE SPEED TO AVOID CRASH,4700,W,JACKSON BLVD,,NONINCAPACITATING INJURY,0,0,1,19,6,8,41.87698379,-87.74282373
06/24/2018 12:40:00 PM,30,STOP SIGN/FLASHER,CLEAR,DAYLIGHT,DIVIDED - W/MEDIAN (NOT RAISED),DRY,NO INJURY / DRIVE AWAY,,PHYSICAL CONDITION OF DRIVER,2400,W,HIRSCH ST,,NO INDICATION OF INJURY,0,0,0,12,1,6,41.90677579,-87.68718655
10/19/2019 07:04:00 PM,30,STOP SIGN/FLASHER,CLEAR,"DARKNESS, LIGHTED ROAD",NOT DIVIDED,DRY,INJURY AND / OR TOW DUE TO CRASH,,FAILING TO YIELD RIGHT-OF-WAY,1900,W,WINNEMAC AVE,,"REPORTED, NOT EVIDENT",0,0,0,19,7,10,41.97342245,-87.67640073
8/3/2023 16:36,15,NO CONTROLS,CLEAR,DAYLIGHT,ONE-WAY,DRY,INJURY AND / OR TOW DUE TO CRASH,,UNABLE TO DETERMINE,1908,W,CORNELIA AVE,,NONINCAPACITATING INJURY,0,0,1,16,5,8,41.94516735,-87.6765045
06/24/2019 08:46:00 AM,30,TRAFFIC SIGNAL,RAIN,DAYLIGHT,DIVIDED - W/MEDIAN BARRIER,WET,INJURY AND / OR TOW DUE TO CRASH,,FAILING TO YIELD RIGHT-OF-WAY,1000,N,LAKE SHORE DR,,INCAPACITATING INJURY,0,1,0,8,2,6,41.90075297,-87.624235
12/6/2020 13:15,30,NO CONTROLS,CLEAR,DAYLIGHT,DIVIDED - W/MEDIAN (NOT RAISED),DRY,INJURY AND / OR TOW DUE TO CRASH,,UNABLE TO DETERMINE,3043,W,BELMONT AVE,,"REPORTED, NOT EVIDENT",0,0,0,13,1,12,41.93924448,-87.70450647
08/24/2021 04:40:00 PM,20,NO CONTROLS,CLEAR,DAYLIGHT,DIVIDED - W/MEDIAN (NOT RAISED),DRY,INJURY AND / OR TOW DUE TO CRASH,N,FAILING TO YIELD RIGHT-OF-WAY,3100,W,LAWRENCE AVE,,NONINCAPACITATING INJURY,0,0,1,16,3,8,41.96858476,-87.70609493
08/25/2021 07:47:00 PM,35,TRAFFIC SIGNAL,RAIN,"DARKNESS, LIGHTED ROAD",ONE-WAY,WET,INJURY AND / OR TOW DUE TO CRASH,,WEATHER,3359,W,HARRISON ST,,"REPORTED, NOT EVIDENT",0,0,0,19,4,8,41.87351931,-87.71071584
10/18/2023 03:26:00 PM,30,NO CONTROLS,CLEAR,DAYLIGHT,PARKING LOT,DRY,INJURY AND / OR TOW DUE TO CRASH,Y,UNABLE TO DETERMINE,4601,S,DAMEN AVE,,NONINCAPACITATING INJURY,0,0,1,15,4,10,41.8102454,-87.67452972
4/12/2023 14:30,30,STOP SIGN/FLASHER,CLEAR,DAYLIGHT,ONE-WAY,DRY,NO INJURY / DRIVE AWAY,,UNABLE TO DETERMINE,7858,S,OGLESBY AVE,N,NO INDICATION OF INJURY,0,0,0,14,4,4,41.75180444,-87.56759834
09/25/2018 10:45:00 PM,30,TRAFFIC SIGNAL,CLEAR,"DARKNESS, LIGHTED ROAD",OTHER,DRY,NO INJURY / DRIVE AWAY,Y,DISREGARDING TRAFFIC SIGNALS,530,N,RUSH ST,,NO INDICATION OF INJURY,0,0,0,22,3,9,41.8918271,-87.62551671
1/8/2018 15:10,30,NO CONTROLS,CLEAR,DAYLIGHT,NOT DIVIDED,WET,INJURY AND / OR TOW DUE TO CRASH,Y,UNABLE TO DETERMINE,6655,W,GRAND AVE,,INCAPACITATING INJURY,0,1,0,15,2,1,41.92351181,-87.79236051
10/19/2022 08:16:00 PM,30,TRAFFIC SIGNAL,CLEAR,"DARKNESS, LIGHTED ROAD",DIVIDED - W/MEDIAN (NOT RAISED),DRY,INJURY AND / OR TOW DUE TO CRASH,Y,FAILING TO YIELD RIGHT-OF-WAY,2400,N,HALSTED ST,,NONINCAPACITATING INJURY,0,0,1,20,4,10,41.92554032,-87.64891216
07/18/2019 04:07:00 PM,30,TRAFFIC SIGNAL,CLEAR,DAYLIGHT,CENTER TURN LANE,DRY,INJURY AND / OR TOW DUE TO CRASH,,DISREGARDING TRAFFIC SIGNALS,344,N,CICERO AVE,,NONINCAPACITATING INJURY,0,0,1,16,5,7,41.88658961,-87.74564416
07/31/2019 06:00:00 PM,30,TRAFFIC SIGNAL,CLEAR,DAYLIGHT,NOT DIVIDED,DRY,INJURY AND / OR TOW DUE TO CRASH,Y,FOLLOWING TOO CLOSELY,600,N,LA SALLE DR,,NONINCAPACITATING INJURY,0,0,1,18,4,7,41.89244528,-87.63275537
7/3/2020 16:05,35,NO CONTROLS,CLEAR,DAYLIGHT,OTHER,DRY,INJURY AND / OR TOW DUE TO CRASH,,FAILING TO YIELD RIGHT-OF-WAY,1598,W,79TH ST,,"REPORTED, NOT EVIDENT",0,0,0,16,6,7,41.75046773,-87.66341307
8/1/2022 17:00,30,TRAFFIC SIGNAL,CLEAR,DAYLIGHT,DIVIDED - W/MEDIAN (NOT RAISED),DRY,INJURY AND / OR TOW DUE TO CRASH,,UNABLE TO DETERMINE,6820,N,CALIFORNIA AVE,Y,NONINCAPACITATING INJURY,0,0,1,17,2,8,42.00543872,-87.69997121
06/30/2021 06:20:00 PM,30,NO CONTROLS,RAIN,"DARKNESS, LIGHTED ROAD",DIVIDED - W/MEDIAN (NOT RAISED),WET,INJURY AND / OR TOW DUE TO CRASH,Y,UNABLE TO DETERMINE,4456,W,AUGUSTA BLVD,,NONINCAPACITATING INJURY,0,0,1,18,4,6,41.89893273,-87.73830947
06/19/2018 05:02:00 PM,20,UNKNOWN,CLEAR,DAYLIGHT,ONE-WAY,UNKNOWN,INJURY AND / OR TOW DUE TO CRASH,,DRIVING ON WRONG SIDE/WRONG WAY,10000,S,UNION AVE,,INCAPACITATING INJURY,0,1,0,17,3,6,41.71232468,-87.64069951
8/5/2019 18:00,30,TRAFFIC SIGNAL,CLEAR,DAYLIGHT,ONE-WAY,DRY,INJURY AND / OR TOW DUE TO CRASH,Y,UNABLE TO DETERMINE,4001,W,ARGYLE ST,,NONINCAPACITATING INJURY,0,0,1,18,2,8,41.97177361,-87.72819113
07/22/2020 06:50:00 PM,30,NO CONTROLS,CLEAR,DAYLIGHT,NOT DIVIDED,DRY,NO INJURY / DRIVE AWAY,,UNABLE TO DETERMINE,1306,S,PULASKI RD,,NO INDICATION OF INJURY,0,0,0,18,4,7,41.86407962,-87.725259
9/12/2020 9:38,30,NO CONTROLS,RAIN,DAYLIGHT,DIVIDED - W/MEDIAN (NOT RAISED),WET,INJURY AND / OR TOW DUE TO CRASH,,DRIVING ON WRONG SIDE/WRONG WAY,2247,W,FULLERTON AVE,,"REPORTED, NOT EVIDENT",0,0,0,9,7,9,41.92483139,-87.68462735
11/20/2020 04:55:00 PM,30,TRAFFIC SIGNAL,CLEAR,"DARKNESS, LIGHTED ROAD",NOT DIVIDED,DRY,INJURY AND / OR TOW DUE TO CRASH,Y,UNABLE TO DETERMINE,1999,W,LAKE ST,,"REPORTED, NOT EVIDENT",0,0,0,16,6,11,41.88487708,-87.67660997
9/6/2017 11:14,30,NO CONTROLS,CLEAR,DAYLIGHT,DIVIDED - W/MEDIAN (NOT RAISED),DRY,NO INJURY / DRIVE AWAY,,UNABLE TO DETERMINE,1346,W,AUGUSTA BLVD,,NO INDICATION OF INJURY,0,0,0,11,4,9,41.89990603,-87.66193436
09/16/2017 03:38:00 PM,30,NO CONTROLS,CLEAR,DAYLIGHT,NOT DIVIDED,DRY,INJURY AND / OR TOW DUE TO CRASH,,FAILING TO YIELD RIGHT-OF-WAY,1619,W,WEBSTER AVE,,NONINCAPACITATING INJURY,0,0,1,15,7,9,41.9214423,-87.66877689
07/17/2023 06:15:00 PM,25,TRAFFIC SIGNAL,CLEAR,DAYLIGHT,FOUR WAY,DRY,INJURY AND / OR TOW DUE TO CRASH,,FAILING TO YIELD RIGHT-OF-WAY,410,N,MILWAUKEE AVE,,NONINCAPACITATING INJURY,0,0,1,18,2,7,41.88922363,-87.64479103
07/25/2023 06:56:00 PM,30,NO CONTROLS,CLEAR,DAYLIGHT,DIVIDED - W/MEDIAN (NOT RAISED),DRY,INJURY AND / OR TOW DUE TO CRASH,Y,IMPROPER OVERTAKING/PASSING,2401,N,MILWAUKEE AVE,,"REPORTED, NOT EVIDENT",0,0,0,18,3,7,41.9248974,-87.70036657
4/6/2023 18:20,25,OTHER,CLEAR,"DARKNESS, LIGHTED ROAD",DIVIDED - W/MEDIAN (NOT RAISED),DRY,INJURY AND / OR TOW DUE TO CRASH,,UNABLE TO DETERMINE,702,W,FULTON MARKET,Y,"REPORTED, NOT EVIDENT",0,0,0,18,5,4,41.88691135,-87.64586376
6/4/2019 16:38,30,TRAFFIC SIGNAL,CLEAR,DAYLIGHT,DIVIDED - W/MEDIAN (NOT RAISED),DRY,INJURY AND / OR TOW DUE TO CRASH,Y,UNABLE TO DETERMINE,2400,N,CENTRAL AVE,,NONINCAPACITATING INJURY,0,0,1,16,3,6,41.92406892,-87.76614121
11/8/2020 18:20,30,TRAFFIC SIGNAL,CLEAR,"DARKNESS, LIGHTED ROAD",FOUR WAY,DRY,INJURY AND / OR TOW DUE TO CRASH,,FAILING TO YIELD RIGHT-OF-WAY,3000,W,DIVISION ST,,NONINCAPACITATING INJURY,0,0,1,18,1,11,41.90298946,-87.70184487
7/9/2018 19:50,30,NO CONTROLS,CLEAR,DAYLIGHT,DIVIDED - W/MEDIAN BARRIER,DRY,INJURY AND / OR TOW DUE TO CRASH,,FOLLOWING TOO CLOSELY,401,N,MICHIGAN AVE,,NONINCAPACITATING INJURY,0,0,1,19,2,7,41.88935425,-87.62410246
03/21/2023 05:00:00 PM,25,TRAFFIC SIGNAL,UNKNOWN,UNKNOWN,T-INTERSECTION,UNKNOWN,INJURY AND / OR TOW DUE TO CRASH,,UNABLE TO DETERMINE,6100,S,DR MARTIN LUTHER KING JR DR,,INCAPACITATING INJURY,0,1,0,17,3,3,41.78379147,-87.61585767
7/11/2019 19:45,30,UNKNOWN,UNKNOWN,UNKNOWN,NOT DIVIDED,UNKNOWN,INJURY AND / OR TOW DUE TO CRASH,,UNABLE TO DETERMINE,3733,N,SOUTHPORT AVE,,NONINCAPACITATING INJURY,0,0,1,19,5,7,41.94985726,-87.66394689
09/28/2017 05:28:00 PM,30,STOP SIGN/FLASHER,CLEAR,DAYLIGHT,NOT DIVIDED,DRY,NO INJURY / DRIVE AWAY,,UNABLE TO DETERMINE,540,W,FULTON ST,,NO INDICATION OF INJURY,0,0,0,17,5,9,41.88692519,-87.64140971
8/3/2021 10:25,30,NO CONTROLS,CLEAR,DAYLIGHT,NOT DIVIDED,DRY,NO INJURY / DRIVE AWAY,,UNABLE TO DETERMINE,213,S,HALSTED ST,,NO INDICATION OF INJURY,0,0,0,10,3,8,41.87880572,-87.64712251
10/17/2021 07:43:00 PM,30,STOP SIGN/FLASHER,CLEAR,"DARKNESS, LIGHTED ROAD",DIVIDED - W/MEDIAN (NOT RAISED),DRY,INJURY AND / OR TOW DUE TO CRASH,Y,DISREGARDING STOP SIGN,5455,N,SHERIDAN RD,,NONINCAPACITATING INJURY,0,0,1,19,1,10,41.98154698,-87.65498348
03/29/2023 04:54:00 PM,30,NO CONTROLS,CLEAR,DAYLIGHT,NOT DIVIDED,DRY,NO INJURY / DRIVE AWAY,Y,IMPROPER OVERTAKING/PASSING,2111,S,ALBANY AVE,,NO INDICATION OF INJURY,0,0,0,16,4,3,41.85331232,-87.70271729
10/12/2017 20:30,30,STOP SIGN/FLASHER,CLEAR,"DARKNESS, LIGHTED ROAD",NOT DIVIDED,DRY,INJURY AND / OR TOW DUE TO CRASH,,DISREGARDING STOP SIGN,6944,N,RAVENSWOOD AVE,,NONINCAPACITATING INJURY,0,0,1,20,5,10,42.00786105,-87.675917
09/30/2019 05:45:00 AM,30,TRAFFIC SIGNAL,CLOUDY/OVERCAST,"DARKNESS, LIGHTED ROAD",FOUR WAY,WET,INJURY AND / OR TOW DUE TO CRASH,,FAILING TO YIELD RIGHT-OF-WAY,100,E,OAK ST,,NONINCAPACITATING INJURY,0,0,1,5,2,9,41.90090135,-87.62562885
7/5/2022 16:30,30,NO CONTROLS,RAIN,DAYLIGHT,ONE-WAY,UNKNOWN,INJURY AND / OR TOW DUE TO CRASH,,UNABLE TO DETERMINE,1544,E,67TH PL,,"REPORTED, NOT EVIDENT",0,0,0,16,3,7,41.77252941,-87.5869524
08/16/2018 07:29:00 PM,30,TRAFFIC SIGNAL,CLEAR,DUSK,NOT DIVIDED,DRY,INJURY AND / OR TOW DUE TO CRASH,,TURNING RIGHT ON RED,4000,N,CALIFORNIA AVE,,NONINCAPACITATING INJURY,0,0,1,19,5,8,41.95406224,-87.69839006
11/1/2022 16:25,30,TRAFFIC SIGNAL,CLEAR,DAYLIGHT,CENTER TURN LANE,DRY,INJURY AND / OR TOW DUE TO CRASH,,IMPROPER LANE USAGE,1781,N,CLYBOURN AVE,N,NONINCAPACITATING INJURY,0,0,1,16,3,11,41.91352239,-87.65294009
06/20/2020 12:56:00 AM,35,TRAFFIC SIGNAL,CLEAR,"DARKNESS, LIGHTED ROAD",FOUR WAY,DRY,INJURY AND / OR TOW DUE TO CRASH,Y,UNABLE TO DETERMINE,4000,W,26TH ST,,NONINCAPACITATING INJURY,0,0,1,0,7,6,41.84436482,-87.72461414
06/15/2018 09:35:00 PM,30,NO CONTROLS,CLEAR,"DARKNESS, LIGHTED ROAD",DIVIDED - W/MEDIAN BARRIER,DRY,INJURY AND / OR TOW DUE TO CRASH,,FAILING TO YIELD RIGHT-OF-WAY,2925,N,WESTERN AVE,,NONINCAPACITATING INJURY,0,0,1,21,6,6,41.93464686,-87.68780648
9/4/2021 0:10,25,STOP SIGN/FLASHER,CLEAR,"DARKNESS, LIGHTED ROAD",NOT DIVIDED,DRY,INJURY AND / OR TOW DUE TO CRASH,Y,DISREGARDING STOP SIGN,1559,E,64TH ST,,NONINCAPACITATING INJURY,0,0,1,0,7,9,41.77865849,-87.58658241
09/16/2022 09:30:00 AM,30,NO CONTROLS,CLEAR,DAYLIGHT,T-INTERSECTION,DRY,NO INJURY / DRIVE AWAY,,NOT APPLICABLE,2100,W,NORTH AVE,,NO INDICATION OF INJURY,0,0,0,9,6,9,41.91054698,-87.68010806
10/11/2017 17:30,30,UNKNOWN,RAIN,UNKNOWN,UNKNOWN,WET,INJURY AND / OR TOW DUE TO CRASH,Y,FAILING TO REDUCE SPEED TO AVOID CRASH,5200,W,BELDEN AVE,,INCAPACITATING INJURY,0,1,0,17,4,10,41.92238882,-87.75615602
05/18/2019 10:10:00 PM,30,TRAFFIC SIGNAL,CLEAR,DAYLIGHT,NOT DIVIDED,DRY,NO INJURY / DRIVE AWAY,,UNABLE TO DETERMINE,2,E,DIVISION ST,,NO INDICATION OF INJURY,0,0,0,22,7,5,41.90405319,-87.62859033
10/6/2017 8:50,30,NO CONTROLS,CLEAR,DAYLIGHT,DIVIDED - W/MEDIAN (NOT RAISED),WET,NO INJURY / DRIVE AWAY,,UNABLE TO DETERMINE,731,W,MONROE ST,,NO INDICATION OF INJURY,0,0,0,8,6,10,41.88040412,-87.64547786
03/20/2021 03:40:00 PM,30,TRAFFIC SIGNAL,CLEAR,DUSK,NOT DIVIDED,DRY,NO INJURY / DRIVE AWAY,,UNABLE TO DETERMINE,1199,E,53RD ST,,NO INDICATION OF INJURY,0,0,0,15,7,3,41.79934722,-87.59671737
02/27/2017 03:10:00 PM,20,NO CONTROLS,CLEAR,DAYLIGHT,NOT DIVIDED,DRY,NO INJURY / DRIVE AWAY,Y,FOLLOWING TOO CLOSELY,1800,W,WINNEMAC AVE,,NO INDICATION OF INJURY,0,0,0,15,2,2,41.97345861,-87.67493662
01/18/2022 12:15:00 PM,30,TRAFFIC SIGNAL,CLEAR,DAYLIGHT,DIVIDED - W/MEDIAN (NOT RAISED),DRY,NO INJURY / DRIVE AWAY,,DISREGARDING TRAFFIC SIGNALS,798,W,CHICAGO AVE,,NO INDICATION OF INJURY,0,0,0,12,3,1,41.89650565,-87.64765458
09/16/2022 04:04:00 PM,30,TRAFFIC SIGNAL,CLEAR,DAYLIGHT,FOUR WAY,DRY,INJURY AND / OR TOW DUE TO CRASH,,UNABLE TO DETERMINE,5177,W,AUGUSTA BLVD,,NONINCAPACITATING INJURY,0,0,1,16,6,9,41.89847276,-87.75562934
09/17/2018 09:51:00 PM,30,NO CONTROLS,CLEAR,"DARKNESS, LIGHTED ROAD",PARKING LOT,DRY,NO INJURY / DRIVE AWAY,,UNABLE TO DETERMINE,7600,S,SOUTH CHICAGO AVE,N,NO INDICATION OF INJURY,0,0,0,21,2,9,41.7567361,-87.59307096