CRASH_DATE,POSTED_SPEED_LIMIT,TRAFFIC_CONTROL_DEVICE,WEATHER_CONDITION,LIGHTING_CONDITION,TRAFFICWAY_TYPE,ROADWAY_SURFACE_COND,CRASH_TYPE,HIT_AND_RUN_I,PRIM_CONTRIBUTORY_CAUSE,STREET_NO,STREET_DIRECTION,STREET_NAME,DOORING_I,MOST_SEVERE_INJURY,INJURIES_FATAL,INJURIES_INCAPACITATING,INJURIES_NON_INCAPACITATING,CRASH_HOUR,CRASH_DAY_OF_WEEK,CRASH_MONTH,LATITUDE,LONGITUDE
11/28/2022 01:52:00 PM,30,NO CONTROLS,CLOUDY/OVERCAST,DAYLIGHT,T-INTERSECTION,DRY,INJURY AND / OR TOW DUE TO CRASH,N,FAILING TO YIELD RIGHT-OF-WAY,406,E,51ST ST,,NONINCAPACITATING INJURY,0,0,1,13,2,11,41.80221848,-87.61534204
08/30/2023 02:38:00 PM,30,TRAFFIC SIGNAL,CLEAR,DAYLIGHT,FOUR WAY,DRY,INJURY AND / OR TOW DUE TO CRASH,Y,UNABLE TO DETERMINE,7601,N,SHERIDAN RD,,NONINCAPACITATING INJURY,0,0,1,14,4,8,42.01932438,-87.66591016
04/30/2021 10:57:00 AM,30,TRAFFIC SIGNAL,CLEAR,DAYLIGHT,DIVIDED - W/MEDIAN (NOT RAISED),DRY,INJURY AND / OR TOW DUE TO CRASH,Y,FAILING TO REDUCE SPEED TO AVOID CRASH,2801,N,NARRAGANSETT AVE,,NONINCAPACITATING INJURY,0,0,1,10,6,4,41.9310956,-87.7855449
09/27/2017 08:30:00 AM,30,TRAFFIC SIGNAL,CLEAR,DAYLIGHT,NOT DIVIDED,DRY,INJURY AND / OR TOW DUE TO CRASH,Y,DISREGARDING ROAD MARKINGS,352,N,DESPLAINES ST,,NONINCAPACITATING INJURY,0,0,1,8,4,9,41.88836186,-87.64446329
06/23/2020 04:52:00 PM,30,STOP SIGN/FLASHER,CLEAR,DAYLIGHT,NOT DIVIDED,DRY,INJURY AND / OR TOW DUE TO CRASH,,FAILING TO YIELD RIGHT-OF-WAY,2601,N,KILPATRICK AVE,,NONINCAPACITATING INJURY,0,0,1,16,3,6,41.92861878,-87.74388646
07/17/2018 04:25:00 PM,30,STOP SIGN/FLASHER,CLEAR,DAYLIGHT,NOT DIVIDED,UNKNOWN,INJURY AND / OR TOW DUE TO CRASH,,NOT APPLICABLE,5450,S,BLACKSTONE AVE,,NONINCAPACITATING INJURY,0,0,1,16,3,7,41.79665571,-87.59052038
06/21/2018 11:23:00 PM,35,TRAFFIC SIGNAL,RAIN,"DARKNESS, LIGHTED ROAD",CENTER TURN LANE,WET,INJURY AND / OR TOW DUE TO CRASH,,UNABLE TO DETERMINE,1331,W,DIVISION ST,,NONINCAPACITATING INJURY,0,0,1,23,5,6,41.90331889,-87.66177878
5/6/2021 20:30,30,STOP SIGN/FLASHER,CLEAR,"DARKNESS, LIGHTED ROAD",FOUR WAY,DRY,INJURY AND / OR TOW DUE TO CRASH,,FAILING TO YIELD RIGHT-OF-WAY,5000,S,WOODLAWN AVE,,"REPORTED, NOT EVIDENT",0,0,0,20,5,5,41.80412252,-87.59688281
09/19/2020 07:45:00 AM,30,TRAFFIC SIGNAL,CLEAR,DAYLIGHT,DIVIDED - W/MEDIAN (NOT RAISED),DRY,INJURY AND / OR TOW DUE TO CRASH,,"VISION OBSCURED (SIGNS, TREE LIMBS, BUILDINGS, ETC.)",3201,W,WILSON AVE,,NONINCAPACITATING INJURY,0,0,1,7,7,9,41.96458802,-87.70841339
07/13/2023 01:30:00 PM,30,NO CONTROLS,CLEAR,DAYLIGHT,DIVIDED - W/MEDIAN BARRIER,DRY,NO INJURY / DRIVE AWAY,,UNABLE TO DETERMINE,2158,W,LAWRENCE AVE,,NO INDICATION OF INJURY,0,0,0,13,5,7,41.96879532,-87.68398537
07/30/2023 04:55:00 PM,35,TRAFFIC SIGNAL,CLEAR,DAYLIGHT,NOT DIVIDED,DRY,NO INJURY / DRIVE AWAY,,UNABLE TO DETERMINE,2000,N,DAMEN AVE,,NO INDICATION OF INJURY,0,0,0,16,1,7,41.91779304,-87.67776977
9/6/2017 7:35,30,TRAFFIC SIGNAL,CLEAR,DAYLIGHT,NOT DIVIDED,DRY,INJURY AND / OR TOW DUE TO CRASH,,NOT APPLICABLE,3310,N,MILWAUKEE AVE,,NONINCAPACITATING INJURY,0,0,1,7,4,9,41.94118431,-87.72750714
09/15/2023 08:30:00 PM,25,OTHER,CLEAR,"DARKNESS, LIGHTED ROAD",NOT DIVIDED,DRY,INJURY AND / OR TOW DUE TO CRASH,Y,UNABLE TO DETERMINE,4751,W,ARMITAGE AVE,,NONINCAPACITATING INJURY,0,0,1,20,6,9,41.91682688,-87.74568768
08/27/2023 05:10:00 PM,30,NO CONTROLS,CLEAR,DAYLIGHT,ALLEY,DRY,INJURY AND / OR TOW DUE TO CRASH,Y,FAILING TO YIELD RIGHT-OF-WAY,3030,E,92ND ST,,NONINCAPACITATING INJURY,0,0,1,17,1,8,41.72837354,-87.54989331
8/3/2022 16:05,30,STOP SIGN/FLASHER,CLEAR,DAYLIGHT,ONE-WAY,DRY,INJURY AND / OR TOW DUE TO CRASH,,NOT APPLICABLE,4727,N,LARAMIE AVE,,NONINCAPACITATING INJURY,0,0,1,16,4,8,41.96681746,-87.75751935
09/27/2023 04:10:00 PM,30,STOP SIGN/FLASHER,CLOUDY/OVERCAST,DAYLIGHT,NOT DIVIDED,DRY,INJURY AND / OR TOW DUE TO CRASH,,FAILING TO YIELD RIGHT-OF-WAY,4100,N,LARAMIE AVE,,NONINCAPACITATING INJURY,0,0,1,16,4,9,41.95516537,-87.75735467
5/12/2022 18:45,30,NO CONTROLS,CLEAR,UNKNOWN,DIVIDED - W/MEDIAN (NOT RAISED),UNKNOWN,NO INJURY / DRIVE AWAY,N,UNABLE TO DETERMINE,2345,N,CLARK ST,Y,NO INDICATION OF INJURY,0,0,0,18,5,5,41.92496618,-87.63992602
10/31/2023 12:56:00 PM,30,TRAFFIC SIGNAL,SNOW,DAYLIGHT,NOT DIVIDED,WET,INJURY AND / OR TOW DUE TO CRASH,,DISREGARDING TRAFFIC SIGNALS,1200,S,HALSTED ST,,"REPORTED, NOT EVIDENT",0,0,0,12,3,10,41.86712525,-87.64706481
05/14/2022 08:10:00 PM,35,TRAFFIC SIGNAL,CLEAR,"DARKNESS, LIGHTED ROAD",CENTER TURN LANE,DRY,INJURY AND / OR TOW DUE TO CRASH,,FOLLOWING TOO CLOSELY,1999,W,ARMITAGE AVE,,NONINCAPACITATING INJURY,0,0,1,20,7,5,41.91764943,-87.67755628
7/4/2017 16:45,30,NO CONTROLS,CLEAR,DAYLIGHT,DIVIDED - W/MEDIAN (NOT RAISED),DRY,NO INJURY / DRIVE AWAY,Y,UNABLE TO DETERMINE,768,N,MILWAUKEE AVE,Y,NO INDICATION OF INJURY,0,0,0,16,3,7,41.89575893,-87.65489622
7/12/2019 16:40,30,STOP SIGN/FLASHER,CLEAR,DAYLIGHT,NOT DIVIDED,DRY,NO INJURY / DRIVE AWAY,,UNABLE TO DETERMINE,7600,S,KEDZIE AVE,,NO INDICATION OF INJURY,0,0,0,16,6,7,41.75517853,-87.70269571
9/8/2023 22:57,30,NO CONTROLS,CLEAR,"DARKNESS, LIGHTED ROAD",ONE-WAY,DRY,NO INJURY / DRIVE AWAY,,NOT APPLICABLE,2410,N,KEDZIE BLVD,,NO INDICATION OF INJURY,0,0,0,22,6,9,41.925134,-87.70737741
12/20/2019 04:40:00 PM,30,NO CONTROLS,CLEAR,DUSK,ONE-WAY,UNKNOWN,INJURY AND / OR TOW DUE TO CRASH,,IMPROPER OVERTAKING/PASSING,808,W,BUCKINGHAM PL,,NONINCAPACITATING INJURY,0,0,1,16,6,12,41.94281346,-87.64980646
10/13/2017 11:50:00 AM,30,TRAFFIC SIGNAL,CLEAR,DAYLIGHT,DIVIDED - W/MEDIAN (NOT RAISED),DRY,INJURY AND / OR TOW DUE TO CRASH,,UNABLE TO DETERMINE,2759,W,DIVISION ST,,NONINCAPACITATING INJURY,0,0,1,11,6,10,41.90281678,-87.69675445
10/5/2018 20:35,30,LANE USE MARKING,RAIN,"DARKNESS, LIGHTED ROAD",NOT DIVIDED,WET,INJURY AND / OR TOW DUE TO CRASH,,"OPERATING VEHICLE IN ERRATIC, RECKLESS, CARELESS, NEGLIGENT OR AGGRESSIVE MANNER",1414,N,MILWAUKEE AVE,Y,NONINCAPACITATING INJURY,0,0,1,20,6,10,41.9075494,-87.67326871
9/7/2022 16:19,30,TRAFFIC SIGNAL,CLEAR,DAYLIGHT,DIVIDED - W/MEDIAN BARRIER,DRY,INJURY AND / OR TOW DUE TO CRASH,,UNABLE TO DETERMINE,401,N,MICHIGAN AVE,,NONINCAPACITATING INJURY,0,0,1,16,4,9,41.88935425,-87.62410246
10/14/2018 10:30:00 PM,30,TRAFFIC SIGNAL,RAIN,DARKNESS,ONE-WAY,WET,NO INJURY / DRIVE AWAY,,UNABLE TO DETERMINE,358,W,WACKER DR,,NO INDICATION OF INJURY,0,0,0,22,1,10,41.88582821,-87.6370915
7/5/2022 13:00,30,OTHER,CLEAR,DAYLIGHT,ONE-WAY,DRY,INJURY AND / OR TOW DUE TO CRASH,,FAILING TO YIELD RIGHT-OF-WAY,2343,N,GREENVIEW AVE,,NONINCAPACITATING INJURY,0,0,1,13,3,7,41.92465106,-87.66563139
10/22/2016 04:30:00 PM,30,NO CONTROLS,CLEAR,DAYLIGHT,NOT DIVIDED,DRY,NO INJURY / DRIVE AWAY,,FAILING TO REDUCE SPEED TO AVOID CRASH,3328,N,SOUTHPORT AVE,Y,NO INDICATION OF INJURY,0,0,0,16,7,10,41.94245615,-87.66403714
01/22/2021 08:55:00 AM,30,TRAFFIC SIGNAL,CLEAR,DAYLIGHT,ONE-WAY,DRY,INJURY AND / OR TOW DUE TO CRASH,Y,FAILING TO YIELD RIGHT-OF-WAY,150,W,RANDOLPH ST,,NONINCAPACITATING INJURY,0,0,1,8,6,1,41.88458266,-87.63250801
1/10/2020 19:40,30,TRAFFIC SIGNAL,RAIN,DARKNESS,DIVIDED - W/MEDIAN (NOT RAISED),DRY,INJURY AND / OR TOW DUE TO CRASH,,EQUIPMENT - VEHICLE CONDITION,2242,W,FULLERTON AVE,,NONINCAPACITATING INJURY,0,0,1,19,6,1,41.92505474,-87.68445676
9/10/2021 10:05,30,TRAFFIC SIGNAL,CLEAR,DAYLIGHT,NOT DIVIDED,UNKNOWN,INJURY AND / OR TOW DUE TO CRASH,Y,UNABLE TO DETERMINE,1559,W,LAWRENCE AVE,,NONINCAPACITATING INJURY,0,0,1,10,6,9,41.96876634,-87.66934375
05/14/2019 06:30:00 PM,35,TRAFFIC SIGNAL,CLEAR,DAYLIGHT,CENTER TURN LANE,DRY,NO INJURY / DRIVE AWAY,,"OPERATING VEHICLE IN ERRATIC, RECKLESS, CARELESS, NEGLIGENT OR AGGRESSIVE MANNER",160,W,HARRISON ST,,NO INDICATION OF INJURY,0,0,0,18,3,5,41.87460096,-87.6327735
09/19/2020 09:13:00 AM,30,NO CONTROLS,CLEAR,DAYLIGHT,NOT DIVIDED,DRY,NO INJURY / DRIVE AWAY,,"VISION OBSCURED (SIGNS, TREE LIMBS, BUILDINGS, ETC.)",951,W,ADDISON ST,,NO INDICATION OF INJURY,0,0,0,9,7,9,41.94714045,-87.65393422
07/13/2022 05:12:00 PM,30,STOP SIGN/FLASHER,CLEAR,DAYLIGHT,NOT DIVIDED,DRY,INJURY AND / OR TOW DUE TO CRASH,Y,NOT APPLICABLE,400,N,CLINTON ST,,NONINCAPACITATING INJURY,0,0,1,17,4,7,41.88934887,-87.64067013
06/19/2020 07:35:00 PM,30,NO CONTROLS,CLEAR,DAYLIGHT,T-INTERSECTION,DRY,INJURY AND / OR TOW DUE TO CRASH,,"VISION OBSCURED (SIGNS, TREE LIMBS, BUILDINGS, ETC.)",1801,W,EVERGREEN AVE,,INCAPACITATING INJURY,0,1,0,19,6,6,41.90784379,-87.6736149
09/29/2020 09:00:00 PM,30,TRAFFIC SIGNAL,CLEAR,"DARKNESS, LIGHTED ROAD",FOUR WAY,DRY,NO INJURY / DRIVE AWAY,Y,DISREGARDING TRAFFIC SIGNALS,3500,S,COTTAGE GROVE AVE,,NO INDICATION OF INJURY,0,0,0,21,3,9,41.83105184,-87.61073906
7/5/2020 19:10,30,TRAFFIC SIGNAL,CLEAR,DAYLIGHT,FOUR WAY,DRY,INJURY AND / OR TOW DUE TO CRASH,Y,DISREGARDING TRAFFIC SIGNALS,2000,N,KEDZIE AVE,,NONINCAPACITATING INJURY,0,0,1,19,1,7,41.91744617,-87.70711607
5/5/2021 7:15,30,STOP SIGN/FLASHER,CLEAR,DAYLIGHT,T-INTERSECTION,DRY,NO INJURY / DRIVE AWAY,,UNABLE TO DETERMINE,5401,S,CENTRAL AVE,,NO INDICATION OF INJURY,0,0,0,7,4,5,41.7944526,-87.76221461
10/8/2021 14:07,35,TRAFFIC SIGNAL,CLEAR,DAYLIGHT,FOUR WAY,DRY,INJURY AND / OR TOW DUE TO CRASH,,DISREGARDING TRAFFIC SIGNALS,1400,N,CLYBOURN AVE,,NONINCAPACITATING INJURY,0,0,1,14,6,10,41.90639707,-87.64344149
11/25/2019 07:01:00 PM,30,NO CONTROLS,CLEAR,DARKNESS,NOT DIVIDED,DRY,NO INJURY / DRIVE AWAY,Y,UNABLE TO DETERMINE,6100,S,ASHLAND AVE,,NO INDICATION OF INJURY,0,0,0,19,2,11,41.78301761,-87.66445401
05/22/2021 07:00:00 PM,30,TRAFFIC SIGNAL,CLEAR,"DARKNESS, LIGHTED ROAD",NOT DIVIDED,DRY,INJURY AND / OR TOW DUE TO CRASH,N,FAILING TO YIELD RIGHT-OF-WAY,2411,N,CANNON DR,,NONINCAPACITATING INJURY,0,0,1,19,7,5,41.92618685,-87.63370675
7/10/2017 16:25,30,TRAFFIC SIGNAL,CLEAR,DAYLIGHT,DIVIDED - W/MEDIAN (NOT RAISED),WET,NO INJURY / DRIVE AWAY,,UNABLE TO DETERMINE,5983,N,LINCOLN AVE,,NO INDICATION OF INJURY,0,0,0,16,2,7,41.99005525,-87.70657165
12/18/2017 06:20:00 PM,35,TRAFFIC SIGNAL,CLEAR,DARKNESS,NOT DIVIDED,DRY,INJURY AND / OR TOW DUE TO CRASH,,FAILING TO REDUCE SPEED TO AVOID CRASH,6300,S,DR MARTIN LUTHER KING JR DR,,NONINCAPACITATING INJURY,0,0,1,18,2,12,41.78021132,-87.61576829
4/12/2021 17:45,30,STOP SIGN/FLASHER,CLEAR,DAYLIGHT,NOT DIVIDED,DRY,INJURY AND / OR TOW DUE TO CRASH,,FAILING TO YIELD RIGHT-OF-WAY,7200,W,WAVELAND AVE,,NONINCAPACITATING INJURY,0,0,1,17,2,4,41.9468928,-87.80712132
7/2/2020 19:16,30,UNKNOWN,CLEAR,DAYLIGHT,NOT DIVIDED,DRY,NO INJURY / DRIVE AWAY,,UNABLE TO DETERMINE,1635,W,18TH ST,Y,NO INDICATION OF INJURY,0,0,0,19,5,7,41.85766012,-87.66767132
7/12/2019 7:40,30,TRAFFIC SIGNAL,CLEAR,DAYLIGHT,NOT DIVIDED,DRY,INJURY AND / OR TOW DUE TO CRASH,,FAILING TO YIELD RIGHT-OF-WAY,1111,W,DIVISION ST,N,NONINCAPACITATING INJURY,0,0,1,7,6,7,41.90341609,-87.65603712
06/22/2023 05:49:00 PM,20,NO CONTROLS,CLEAR,DAYLIGHT,NOT DIVIDED,DRY,INJURY AND / OR TOW DUE TO CRASH,,FAILING TO YIELD RIGHT-OF-WAY,4846,N,CLARK ST,,NONINCAPACITATING INJURY,0,0,1,17,5,6,41.97029669,-87.66780791
07/17/2023 04:30:00 PM,30,TRAFFIC SIGNAL,CLEAR,DAYLIGHT,FOUR WAY,DRY,INJURY AND / OR TOW DUE TO CRASH,,FAILING TO YIELD RIGHT-OF-WAY,1,W,9TH ST,Y,INCAPACITATING INJURY,0,1,0,16,2,7,41.87042484,-87.6275533
08/14/2019 04:30:00 PM,30,NO CONTROLS,CLEAR,"DARKNESS, LIGHTED ROAD",ONE-WAY,DRY,NO INJURY / DRIVE AWAY,Y,UNABLE TO DETERMINE,2490,W,BALMORAL AVE,,NO INDICATION OF INJURY,0,0,0,16,4,8,41.97962498,-87.69167839
6/12/2018 8:04,30,NO CONTROLS,CLEAR,DAYLIGHT,DIVIDED - W/MEDIAN (NOT RAISED),WET,INJURY AND / OR TOW DUE TO CRASH,Y,UNABLE TO DETERMINE,2048,N,DAMEN AVE,Y,NONINCAPACITATING INJURY,0,0,1,8,3,6,41.91917745,-87.67781835
05/25/2021 12:55:00 PM,30,NO CONTROLS,CLEAR,DAYLIGHT,NOT DIVIDED,DRY,INJURY AND / OR TOW DUE TO CRASH,,UNABLE TO DETERMINE,3757,W,LAWRENCE AVE,,NONINCAPACITATING INJURY,0,0,1,12,3,5,41.96818624,-87.72300547
7/6/2019 20:40,30,NO CONTROLS,CLEAR,"DARKNESS, LIGHTED ROAD",NOT DIVIDED,DRY,INJURY AND / OR TOW DUE TO CRASH,,FAILING TO YIELD RIGHT-OF-WAY,418,E,MC FETRIDGE DR,,"REPORTED, NOT EVIDENT",0,0,0,20,7,7,41.8651038,-87.6176455
9/5/2022 0:50,30,STOP SIGN/FLASHER,CLEAR,"DARKNESS, LIGHTED ROAD",NOT DIVIDED,DRY,INJURY AND / OR TOW DUE TO CRASH,Y,FAILING TO YIELD RIGHT-OF-WAY,3727,W,CHICAGO AVE,,INCAPACITATING INJURY,0,1,0,0,2,9,41.8953173,-87.71991034
08/14/2021 03:54:00 PM,25,STOP SIGN/FLASHER,CLEAR,DAYLIGHT,FOUR WAY,DRY,INJURY AND / OR TOW DUE TO CRASH,Y,DISREGARDING STOP SIGN,2200,W,FULTON ST,,NONINCAPACITATING INJURY,0,0,1,15,7,8,41.88680685,-87.68174496
03/15/2019 09:55:00 PM,30,NO CONTROLS,CLEAR,"DARKNESS, LIGHTED ROAD",NOT DIVIDED,DRY,INJURY AND / OR TOW DUE TO CRASH,Y,UNABLE TO DETERMINE,3758,W,63RD ST,,NONINCAPACITATING INJURY,0,0,1,21,6,3,41.77884616,-87.71773472
08/20/2021 07:15:00 PM,20,NO CONTROLS,CLEAR,DUSK,ONE-WAY,DRY,INJURY AND / OR TOW DUE TO CRASH,,UNABLE TO DETERMINE,2614,W,GUNNISON ST,,NONINCAPACITATING INJURY,0,0,1,19,6,8,41.96977255,-87.69449024
10/10/2022 17:15,35,TRAFFIC SIGNAL,CLEAR,DAYLIGHT,FOUR WAY,DRY,INJURY AND / OR TOW DUE TO CRASH,,FAILING TO YIELD RIGHT-OF-WAY,41,W,69TH ST,,NONINCAPACITATING INJURY,0,0,1,17,2,10,41.76906234,-87.62664056
06/30/2018 11:20:00 PM,30,TRAFFIC SIGNAL,CLEAR,"DARKNESS, LIGHTED ROAD",NOT DIVIDED,DRY,INJURY AND / OR TOW DUE TO CRASH,,DISREGARDING TRAFFIC SIGNALS,3958,N,SHERIDAN RD,,NONINCAPACITATING INJURY,0,0,1,23,7,6,41.95444078,-87.65469052
8/4/2018 13:05,30,NO CONTROLS,CLEAR,DAYLIGHT,DIVIDED - W/MEDIAN (NOT RAISED),DRY,INJURY AND / OR TOW DUE TO CRASH,,IMPROPER LANE USAGE,1960,N,MILWAUKEE AVE,Y,NONINCAPACITATING INJURY,0,0,1,13,7,8,41.91697543,-87.68788557
4/1/2019 16:32,30,TRAFFIC SIGNAL,CLEAR,DAYLIGHT,NOT DIVIDED,DRY,INJURY AND / OR TOW DUE TO CRASH,,DISREGARDING TRAFFIC SIGNALS,1700,N,ASHLAND AVE,,NONINCAPACITATING INJURY,0,0,1,16,2,4,41.91253964,-87.66789128
9/8/2018 17:57,30,TRAFFIC SIGNAL,CLEAR,DAYLIGHT,NOT DIVIDED,DRY,INJURY AND / OR TOW DUE TO CRASH,Y,UNABLE TO DETERMINE,4600,N,BROADWAY,,NONINCAPACITATING INJURY,0,0,1,17,7,9,41.96542864,-87.65765606
10/14/2021 03:40:00 PM,35,TRAFFIC SIGNAL,CLEAR,DAYLIGHT,DIVIDED - W/MEDIAN (NOT RAISED),DRY,NO INJURY / DRIVE AWAY,N,FAILING TO YIELD RIGHT-OF-WAY,3998,W,BRYN MAWR AVE,,NO INDICATION OF INJURY,0,0,0,15,5,10,41.98293981,-87.72828923
09/26/2019 03:03:00 PM,10,NO CONTROLS,CLEAR,DAYLIGHT,ALLEY,DRY,NO INJURY / DRIVE AWAY,,FAILING TO YIELD RIGHT-OF-WAY,7499,N,SACRAMENTO AVE,,NO INDICATION OF INJURY,0,0,0,15,5,9,42.01736501,-87.70419375
10/17/2017 05:40:00 PM,30,STOP SIGN/FLASHER,CLEAR,DAYLIGHT,NOT DIVIDED,DRY,INJURY AND / OR TOW DUE TO CRASH,Y,FAILING TO YIELD RIGHT-OF-WAY,5446,S,WOODLAWN AVE,,INCAPACITATING INJURY,0,1,0,17,3,10,41.79660687,-87.59672568
07/17/2019 07:49:00 PM,30,UNKNOWN,RAIN,DAYLIGHT,DIVIDED - W/MEDIAN (NOT RAISED),WET,NO INJURY / DRIVE AWAY,,UNABLE TO DETERMINE,1250,S,HALSTED ST,,NO INDICATION OF INJURY,0,0,0,19,4,7,41.86566029,-87.6470196
12/4/2015 8:50,30,NO CONTROLS,CLEAR,DAYLIGHT,NOT DIVIDED,DRY,NO INJURY / DRIVE AWAY,,FAILING TO YIELD RIGHT-OF-WAY,1221,S,WABASH AVE,,NO INDICATION OF INJURY,0,0,0,8,6,12,41.86683145,-87.62566961
8/8/2017 16:14,30,NO CONTROLS,CLEAR,DAYLIGHT,DIVIDED - W/MEDIAN (NOT RAISED),DRY,INJURY AND / OR TOW DUE TO CRASH,,FAILING TO YIELD RIGHT-OF-WAY,1232,W,NORTH AVE,,NONINCAPACITATING INJURY,0,0,1,16,3,8,41.91087554,-87.65827824
08/21/2021 12:00:00 PM,30,NO CONTROLS,CLEAR,DAYLIGHT,NOT DIVIDED,DRY,NO INJURY / DRIVE AWAY,Y,UNABLE TO DETERMINE,4817,W,FULLERTON AVE,,NO INDICATION OF INJURY,0,0,0,12,7,8,41.92411902,-87.74703214
08/27/2021 04:00:00 PM,30,TRAFFIC SIGNAL,CLEAR,DAYLIGHT,FOUR WAY,DRY,INJURY AND / OR TOW DUE TO CRASH,,FAILING TO YIELD RIGHT-OF-WAY,360,W,BRIAR PL,,NONINCAPACITATING INJURY,0,0,1,16,6,8,41.93887398,-87.63942301
7/11/2023 10:05,30,PEDESTRIAN CROSSING SIGN,CLEAR,DAYLIGHT,DIVIDED - W/MEDIAN BARRIER,DRY,INJURY AND / OR TOW DUE TO CRASH,Y,UNABLE TO DETERMINE,900,S,MICHIGAN AVE,,NONINCAPACITATING INJURY,0,0,1,10,3,7,41.87055847,-87.62428661
09/14/2017 05:00:00 PM,30,NO CONTROLS,CLEAR,DAYLIGHT,NOT DIVIDED,DRY,INJURY AND / OR TOW DUE TO CRASH,,UNABLE TO DETERMINE,3027,N,MILWAUKEE AVE,Y,"REPORTED, NOT EVIDENT",0,0,0,17,5,9,41.93629538,-87.71902005
04/23/2022 08:35:00 PM,30,TRAFFIC SIGNAL,CLEAR,"DARKNESS, LIGHTED ROAD",DIVIDED - W/MEDIAN BARRIER,DRY,INJURY AND / OR TOW DUE TO CRASH,Y,UNABLE TO DETERMINE,800,S,HALSTED ST,Y,INCAPACITATING INJURY,0,1,0,20,7,4,41.87185038,-87.64716647
05/19/2023 05:52:00 PM,30,NO CONTROLS,CLEAR,DAYLIGHT,OTHER,DRY,INJURY AND / OR TOW DUE TO CRASH,,UNABLE TO DETERMINE,3704,N,HARLEM AVE,Y,NONINCAPACITATING INJURY,0,0,1,17,6,5,41.94690257,-87.80720932
8/5/2020 21:01,30,TRAFFIC SIGNAL,CLEAR,DUSK,NOT DIVIDED,DRY,INJURY AND / OR TOW DUE TO CRASH,,UNABLE TO DETERMINE,3200,W,IRVING PARK RD,,"REPORTED, NOT EVIDENT",0,0,0,21,4,8,41.95402905,-87.70807749
12/3/2015 12:00,30,NO CONTROLS,CLEAR,DAYLIGHT,DIVIDED - W/MEDIAN (NOT RAISED),UNKNOWN,NO INJURY / DRIVE AWAY,Y,NOT APPLICABLE,501,N,LARAMIE AVE,N,NO INDICATION OF INJURY,0,0,0,12,5,12,41.88934525,-87.75524956
03/28/2023 05:55:00 AM,30,STOP SIGN/FLASHER,CLEAR,"DARKNESS, LIGHTED ROAD",T-INTERSECTION,DRY,NO INJURY / DRIVE AWAY,,FAILING TO YIELD RIGHT-OF-WAY,2801,W,SHAKESPEARE AVE,,NO INDICATION OF INJURY,0,0,0,5,3,3,41.92053297,-87.69735934
08/31/2023 01:53:00 PM,20,STOP SIGN/FLASHER,CLEAR,DAYLIGHT,NOT DIVIDED,DRY,INJURY AND / OR TOW DUE TO CRASH,,UNABLE TO DETERMINE,499,E,WALDRON DR,Y,INCAPACITATING INJURY,0,1,0,13,5,8,41.86026344,-87.61410289
05/19/2023 04:05:00 PM,30,NO CONTROLS,CLEAR,DAYLIGHT,ONE-WAY,DRY,INJURY AND / OR TOW DUE TO CRASH,,FAILING TO YIELD RIGHT-OF-WAY,4151,W,HENDERSON ST,,NONINCAPACITATING INJURY,0,0,1,16,6,5,41.9416566,-87.73173203
11/20/2017 05:05:00 PM,30,NO CONTROLS,CLEAR,"DARKNESS, LIGHTED ROAD",NOT DIVIDED,DRY,INJURY AND / OR TOW DUE TO CRASH,,FAILING TO YIELD RIGHT-OF-WAY,6219,N,CALIFORNIA AVE,Y,"REPORTED, NOT EVIDENT",0,0,0,17,2,11,41.99458836,-87.69939147
11/6/2021 11:50,30,NO CONTROLS,CLEAR,DAYLIGHT,DIVIDED - W/MEDIAN (NOT RAISED),DRY,INJURY AND / OR TOW DUE TO CRASH,,DRIVING SKILLS/KNOWLEDGE/EXPERIENCE,6818,W,DEVON AVE,Y,NONINCAPACITATING INJURY,0,0,1,11,7,11,41.9969223,-87.79801073
08/21/2021 01:00:00 AM,30,STOP SIGN/FLASHER,CLEAR,"DARKNESS, LIGHTED ROAD",NOT DIVIDED,DRY,INJURY AND / OR TOW DUE TO CRASH,Y,"OPERATING VEHICLE IN ERRATIC, RECKLESS, CARELESS, NEGLIGENT OR AGGRESSIVE MANNER",850,W,WAVELAND AVE,,"REPORTED, NOT EVIDENT",0,0,0,1,7,8,41.94919593,-87.65154409
8/1/2017 14:05,25,NO CONTROLS,CLEAR,DAYLIGHT,OTHER,DRY,INJURY AND / OR TOW DUE TO CRASH,,"EVASIVE ACTION DUE TO ANIMAL, OBJECT, NONMOTORIST",4011,S,LAKE PARK AVE,,NONINCAPACITATING INJURY,0,0,1,14,3,8,41.82223109,-87.60199218
8/2/2019 9:10,30,NO CONTROLS,CLEAR,DAYLIGHT,ONE-WAY,DRY,INJURY AND / OR TOW DUE TO CRASH,,UNABLE TO DETERMINE,2329,E,71ST ST,,NONINCAPACITATING INJURY,0,0,1,9,6,8,41.76602957,-87.56776061
12/14/2021 03:00:00 PM,30,NO CONTROLS,CLEAR,DAYLIGHT,NOT DIVIDED,DRY,INJURY AND / OR TOW DUE TO CRASH,Y,NOT APPLICABLE,2854,W,FULLERTON AVE,,NONINCAPACITATING INJURY,0,0,1,15,3,12,41.92489768,-87.6996352
7/10/2019 18:48,30,NO CONTROLS,CLEAR,DAYLIGHT,ONE-WAY,DRY,NO INJURY / DRIVE AWAY,,UNABLE TO DETERMINE,533,W,BARRY AVE,,NO INDICATION OF INJURY,0,0,0,18,4,7,41.93756507,-87.6432114