CRASH_DATE,POSTED_SPEED_LIMIT,TRAFFIC_CONTROL_DEVICE,WEATHER_CONDITION,LIGHTING_CONDITION,TRAFFICWAY_TYPE,ROADWAY_SURFACE_COND,CRASH_TYPE,HIT_AND_RUN_I,PRIM_CONTRIBUTORY_CAUSE,STREET_NO,STREET_DIRECTION,STREET_NAME,DOORING_I,MOST_SEVERE_INJURY,INJURIES_FATAL,INJURIES_INCAPACITATING,INJURIES_NON_INCAPACITATING,CRASH_HOUR,CRASH_DAY_OF_WEEK,CRASH_MONTH,LATITUDE,LONGITUDE
7/1/2017 18:40,30,STOP SIGN/FLASHER,CLEAR,DAYLIGHT,DIVIDED - W/MEDIAN (NOT RAISED),DRY,INJURY AND / OR TOW DUE TO CRASH,,FAILING TO YIELD RIGHT-OF-WAY,600,W,LAWRENCE DR,,"REPORTED, NOT EVIDENT",0,0,0,18,7,7,41.9697609,-87.64587341
8/12/2018 20:35,20,STOP SIGN/FLASHER,CLEAR,"DARKNESS, LIGHTED ROAD",NOT DIVIDED,DRY,INJURY AND / OR TOW DUE TO CRASH,,FAILING TO YIELD RIGHT-OF-WAY,5100,S,LAWNDALE AVE,,NONINCAPACITATING INJURY,0,0,1,20,1,8,41.8005635,-87.71615442
08/20/2019 05:05:00 PM,30,STOP SIGN/FLASHER,CLEAR,DAYLIGHT,NOT DIVIDED,DRY,INJURY AND / OR TOW DUE TO CRASH,Y,FAILING TO YIELD RIGHT-OF-WAY,2500,W,CHICAGO AVE,N,NONINCAPACITATING INJURY,0,0,1,17,3,8,41.89582528,-87.68937132
6/2/2023 13:20,30,TRAFFIC SIGNAL,CLEAR,DAYLIGHT,FOUR WAY,DRY,INJURY AND / OR TOW DUE TO CRASH,Y,IMPROPER TURNING/NO SIGNAL,2200,W,BELMONT AVE,,"REPORTED, NOT EVIDENT",0,0,0,13,6,6,41.93962117,-87.68332448
05/25/2019 05:27:00 PM,30,NO CONTROLS,CLEAR,DAYLIGHT,NOT DIVIDED,DRY,NO INJURY / DRIVE AWAY,,FAILING TO YIELD RIGHT-OF-WAY,412,W,SCOTT ST,,NO INDICATION OF INJURY,0,0,0,17,7,5,41.90528749,-87.63864349
07/22/2019 08:45:00 AM,60,NO CONTROLS,UNKNOWN,UNKNOWN,UNKNOWN,UNKNOWN,INJURY AND / OR TOW DUE TO CRASH,,UNABLE TO DETERMINE,3650,N,RECREATION DR,,NONINCAPACITATING INJURY,0,0,1,8,2,7,41.95010397,-87.64357861
06/25/2018 07:10:00 PM,30,NO CONTROLS,CLEAR,DAYLIGHT,DIVIDED - W/MEDIAN (NOT RAISED),DRY,INJURY AND / OR TOW DUE TO CRASH,,FAILING TO REDUCE SPEED TO AVOID CRASH,6032,W,FOSTER AVE,,NONINCAPACITATING INJURY,0,0,1,19,2,6,41.97577292,-87.77959748
3/10/2022 17:45,35,NO CONTROLS,CLEAR,"DARKNESS, LIGHTED ROAD",ALLEY,DRY,INJURY AND / OR TOW DUE TO CRASH,,UNABLE TO DETERMINE,140,S,DEARBORN ST,N,"REPORTED, NOT EVIDENT",0,0,0,17,5,3,41.87967604,-87.62950228
11/21/2017 08:30:00 AM,30,NO CONTROLS,CLOUDY/OVERCAST,DAYLIGHT,DIVIDED - W/MEDIAN (NOT RAISED),WET,INJURY AND / OR TOW DUE TO CRASH,,DISREGARDING OTHER TRAFFIC SIGNS,820,N,LARRABEE ST,,NONINCAPACITATING INJURY,0,0,1,8,3,11,41.8971839,-87.64309933
09/17/2018 07:50:00 PM,30,STOP SIGN/FLASHER,CLEAR,DAWN,UNKNOWN,DRY,INJURY AND / OR TOW DUE TO CRASH,Y,"OPERATING VEHICLE IN ERRATIC, RECKLESS, CARELESS, NEGLIGENT OR AGGRESSIVE MANNER",5000,S,JUSTINE ST,,NONINCAPACITATING INJURY,0,0,1,19,2,9,41.80306069,-87.66375209
10/1/2019 18:04,35,NO CONTROLS,CLEAR,DAYLIGHT,NOT DIVIDED,DRY,INJURY AND / OR TOW DUE TO CRASH,,UNABLE TO DETERMINE,2929,E,80TH ST,,NONINCAPACITATING INJURY,0,0,1,18,3,10,41.74998406,-87.55292313
9/2/2021 16:40,30,TRAFFIC SIGNAL,CLEAR,DAYLIGHT,"FIVE POINT, OR MORE",DRY,INJURY AND / OR TOW DUE TO CRASH,,"VISION OBSCURED (SIGNS, TREE LIMBS, BUILDINGS, ETC.)",1901,N,LINCOLN PARK WEST,,NONINCAPACITATING INJURY,0,0,1,16,5,9,41.91660704,-87.63617257
07/22/2022 02:20:00 PM,30,STOP SIGN/FLASHER,CLEAR,DAYLIGHT,FOUR WAY,DRY,INJURY AND / OR TOW DUE TO CRASH,,DISREGARDING STOP SIGN,1700,W,HUBBARD ST,,NONINCAPACITATING INJURY,0,0,1,14,6,7,41.8899565,-87.66961322
10/14/2016 05:15:00 PM,0,NO CONTROLS,CLEAR,DAYLIGHT,NOT DIVIDED,DRY,NO INJURY / DRIVE AWAY,Y,UNABLE TO DETERMINE,744,W,MONTROSE AVE,,NO INDICATION OF INJURY,0,0,0,17,6,10,41.96196166,-87.64928394
06/19/2021 11:34:00 AM,30,NO CONTROLS,CLEAR,DAYLIGHT,FOUR WAY,DRY,INJURY AND / OR TOW DUE TO CRASH,Y,FAILING TO YIELD RIGHT-OF-WAY,7300,S,DAMEN AVE,,NONINCAPACITATING INJURY,0,0,2,11,7,6,41.76107134,-87.67358043
2/1/2022 17:16,30,NO CONTROLS,CLEAR,"DARKNESS, LIGHTED ROAD",NOT DIVIDED,WET,INJURY AND / OR TOW DUE TO CRASH,,NOT APPLICABLE,1732,W,FOSTER AVE,Y,NONINCAPACITATING INJURY,0,0,1,17,3,2,41.97622724,-87.6734381
7/9/2018 22:00,30,TRAFFIC SIGNAL,CLEAR,"DARKNESS, LIGHTED ROAD",NOT DIVIDED,DRY,INJURY AND / OR TOW DUE TO CRASH,Y,FAILING TO YIELD RIGHT-OF-WAY,5200,W,JACKSON BLVD,,NONINCAPACITATING INJURY,0,0,1,22,2,7,41.87676737,-87.75506336
6/9/2019 9:45,30,TRAFFIC SIGNAL,CLEAR,DAYLIGHT,DIVIDED - W/MEDIAN (NOT RAISED),DRY,NO INJURY / DRIVE AWAY,,FAILING TO YIELD RIGHT-OF-WAY,1,S,HOMAN AVE,,NO INDICATION OF INJURY,0,0,0,9,1,6,41.88085323,-87.71085657
08/26/2018 06:15:00 PM,30,NO CONTROLS,CLEAR,DAYLIGHT,NOT DIVIDED,DRY,INJURY AND / OR TOW DUE TO CRASH,Y,UNABLE TO DETERMINE,4236,W,ADDISON ST,,NONINCAPACITATING INJURY,0,0,1,18,1,8,41.94640368,-87.73367427
9/11/2023 21:00,30,NO CONTROLS,RAIN,DARKNESS,NOT DIVIDED,WET,INJURY AND / OR TOW DUE TO CRASH,Y,UNABLE TO DETERMINE,2800,N,KEDZIE AVE,,NONINCAPACITATING INJURY,0,0,1,21,2,9,41.93211931,-87.70757691
07/23/2019 06:28:00 PM,30,UNKNOWN,CLEAR,DAYLIGHT,DIVIDED - W/MEDIAN (NOT RAISED),DRY,NO INJURY / DRIVE AWAY,,UNABLE TO DETERMINE,3459,W,MONTROSE AVE,Y,NO INDICATION OF INJURY,0,0,0,18,3,7,41.96098982,-87.71552405
08/25/2019 10:54:00 PM,30,NO CONTROLS,CLEAR,DAYLIGHT,FOUR WAY,DRY,INJURY AND / OR TOW DUE TO CRASH,,FAILING TO YIELD RIGHT-OF-WAY,1436,E,75TH ST,,NONINCAPACITATING INJURY,0,0,1,22,1,8,41.75884686,-87.58935743
6/1/2018 8:56,30,NO CONTROLS,CLEAR,DAYLIGHT,NOT DIVIDED,DRY,INJURY AND / OR TOW DUE TO CRASH,,IMPROPER TURNING/NO SIGNAL,2530,N,HALSTED ST,,NONINCAPACITATING INJURY,0,0,1,8,6,6,41.9281323,-87.64900381
12/12/2019 9:10,30,NO CONTROLS,CLEAR,DAYLIGHT,ONE-WAY,DRY,INJURY AND / OR TOW DUE TO CRASH,,FAILING TO YIELD RIGHT-OF-WAY,19,S,CLINTON ST,,"REPORTED, NOT EVIDENT",0,0,0,9,5,12,41.88123306,-87.64102571
10/20/2018 01:40:00 PM,15,NO CONTROLS,CLEAR,DAYLIGHT,ALLEY,DRY,INJURY AND / OR TOW DUE TO CRASH,,UNABLE TO DETERMINE,2200,W,OHIO ST,,NONINCAPACITATING INJURY,0,0,1,13,7,10,41.89229538,-87.68197005
05/13/2018 04:20:00 PM,15,NO CONTROLS,CLEAR,DAYLIGHT,ALLEY,DRY,INJURY AND / OR TOW DUE TO CRASH,,UNABLE TO DETERMINE,2914,W,IRVING PARK RD,,NONINCAPACITATING INJURY,0,0,1,16,1,5,41.95406854,-87.70138626
05/21/2022 05:10:00 PM,30,PEDESTRIAN CROSSING SIGN,CLOUDY/OVERCAST,DAYLIGHT,NOT DIVIDED,DRY,NO INJURY / DRIVE AWAY,Y,UNABLE TO DETERMINE,1400,N,HUMBOLDT DR,,NO INDICATION OF INJURY,0,0,0,17,7,5,41.90661858,-87.70150146
11/5/2019 16:20,30,TRAFFIC SIGNAL,CLEAR,DAYLIGHT,FOUR WAY,DRY,INJURY AND / OR TOW DUE TO CRASH,Y,FAILING TO YIELD RIGHT-OF-WAY,445,N,FRANKLIN ST,,NONINCAPACITATING INJURY,0,0,1,16,3,11,41.89051082,-87.63540117
7/11/2022 18:00,30,TRAFFIC SIGNAL,CLEAR,DAYLIGHT,DIVIDED - W/MEDIAN (NOT RAISED),DRY,NO INJURY / DRIVE AWAY,,FAILING TO REDUCE SPEED TO AVOID CRASH,430,W,CHICAGO AVE,,NO INDICATION OF INJURY,0,0,0,18,2,7,41.89662597,-87.63982908
8/7/2021 12:05,30,NO CONTROLS,CLEAR,DAYLIGHT,NOT DIVIDED,DRY,INJURY AND / OR TOW DUE TO CRASH,Y,FOLLOWING TOO CLOSELY,20,W,POLK ST,,"REPORTED, NOT EVIDENT",0,0,0,12,7,8,41.87240277,-87.62827798
07/24/2021 11:40:00 AM,30,NO CONTROLS,CLEAR,DAYLIGHT,NOT DIVIDED,DRY,INJURY AND / OR TOW DUE TO CRASH,,UNABLE TO DETERMINE,2001,W,CONCORD PL,,NONINCAPACITATING INJURY,0,0,1,11,7,7,41.91146019,-87.67753618
10/25/2018 09:00:00 AM,30,TRAFFIC SIGNAL,CLEAR,DAYLIGHT,NOT DIVIDED,DRY,NO INJURY / DRIVE AWAY,Y,DISREGARDING TRAFFIC SIGNALS,45,W,RANDOLPH ST,,NO INDICATION OF INJURY,0,0,0,9,5,10,41.88437291,-87.62966309
05/24/2018 06:35:00 PM,30,TRAFFIC SIGNAL,CLEAR,DAYLIGHT,NOT DIVIDED,UNKNOWN,INJURY AND / OR TOW DUE TO CRASH,,DISTRACTION - FROM OUTSIDE VEHICLE,300,S,WABASH AVE,Y,NONINCAPACITATING INJURY,0,0,1,18,5,5,41.87818171,-87.62622894
7/7/2023 20:30,25,NO CONTROLS,CLEAR,DARKNESS,Y-INTERSECTION,UNKNOWN,INJURY AND / OR TOW DUE TO CRASH,,UNABLE TO DETERMINE,121,W,WACKER DR,,INCAPACITATING INJURY,0,1,0,20,6,7,41.88670647,-87.63174095
7/11/2020 14:54,30,TRAFFIC SIGNAL,CLEAR,DAYLIGHT,DIVIDED - W/MEDIAN (NOT RAISED),DRY,NO INJURY / DRIVE AWAY,,IMPROPER OVERTAKING/PASSING,145,N,HALSTED ST,,NO INDICATION OF INJURY,0,0,0,14,7,7,41.88435242,-87.64728775
08/25/2023 06:05:00 AM,30,UNKNOWN,UNKNOWN,UNKNOWN,UNKNOWN,UNKNOWN,INJURY AND / OR TOW DUE TO CRASH,,UNABLE TO DETERMINE,5523,W,DEVON AVE,,NONINCAPACITATING INJURY,0,0,1,6,6,8,41.99719615,-87.76663285
04/19/2018 07:06:00 AM,30,TRAFFIC SIGNAL,CLEAR,DAYLIGHT,NOT DIVIDED,WET,INJURY AND / OR TOW DUE TO CRASH,,UNABLE TO DETERMINE,1600,N,SEDGWICK ST,,"REPORTED, NOT EVIDENT",0,0,0,7,5,4,41.91116024,-87.63874095
10/31/2021 07:45:00 PM,30,TRAFFIC SIGNAL,CLEAR,"DARKNESS, LIGHTED ROAD",NOT DIVIDED,DRY,INJURY AND / OR TOW DUE TO CRASH,,"VISION OBSCURED (SIGNS, TREE LIMBS, BUILDINGS, ETC.)",637,W,KINZIE ST,,NONINCAPACITATING INJURY,0,0,1,19,1,10,41.88892451,-87.64425909
09/19/2019 01:04:00 AM,30,TRAFFIC SIGNAL,CLEAR,"DARKNESS, LIGHTED ROAD",NOT DIVIDED,DRY,NO INJURY / DRIVE AWAY,,DISREGARDING TRAFFIC SIGNALS,1000,W,ADDISON ST,,NO INDICATION OF INJURY,0,0,0,1,5,9,41.94735226,-87.65444338
12/1/2020 9:40,30,NO CONTROLS,CLEAR,DAYLIGHT,ONE-WAY,DRY,INJURY AND / OR TOW DUE TO CRASH,,DRIVING ON WRONG SIDE/WRONG WAY,1046,N,ROCKWELL ST,,NONINCAPACITATING INJURY,0,0,1,9,3,12,41.90069393,-87.6920431
12/23/2020 11:55:00 PM,30,STOP SIGN/FLASHER,CLEAR,"DARKNESS, LIGHTED ROAD",FOUR WAY,DRY,INJURY AND / OR TOW DUE TO CRASH,,UNABLE TO DETERMINE,3900,W,MARQUETTE RD,,NONINCAPACITATING INJURY,0,0,1,23,4,12,41.77151945,-87.72025022
08/22/2019 10:10:00 PM,30,NO CONTROLS,CLEAR,"DARKNESS, LIGHTED ROAD",ONE-WAY,DRY,NO INJURY / DRIVE AWAY,,DRIVING ON WRONG SIDE/WRONG WAY,62,W,ONTARIO ST,,NO INDICATION OF INJURY,0,0,0,22,5,8,41.89334827,-87.63047866
10/17/2019 06:55:00 PM,35,NO CONTROLS,CLEAR,DARKNESS,NOT DIVIDED,DRY,INJURY AND / OR TOW DUE TO CRASH,,DRIVING SKILLS/KNOWLEDGE/EXPERIENCE,4120,N,CALIFORNIA AVE,Y,NONINCAPACITATING INJURY,0,0,1,18,5,10,41.95643714,-87.69846165
08/24/2023 05:45:00 PM,10,NO CONTROLS,CLEAR,DAYLIGHT,PARKING LOT,DRY,INJURY AND / OR TOW DUE TO CRASH,Y,UNABLE TO DETERMINE,2719,N,CALIFORNIA AVE,,"REPORTED, NOT EVIDENT",0,0,0,17,5,8,41.93087842,-87.69743966
11/16/2021 08:30:00 PM,30,TRAFFIC SIGNAL,CLEAR,"DARKNESS, LIGHTED ROAD",NOT DIVIDED,DRY,INJURY AND / OR TOW DUE TO CRASH,,FAILING TO YIELD RIGHT-OF-WAY,1900,N,LINCOLN AVE,,"REPORTED, NOT EVIDENT",0,0,0,20,3,11,41.91650444,-87.6364662
06/21/2022 09:30:00 AM,30,TRAFFIC SIGNAL,CLEAR,DAYLIGHT,NOT DIVIDED,DRY,INJURY AND / OR TOW DUE TO CRASH,Y,UNABLE TO DETERMINE,1793,N,MILWAUKEE AVE,,"REPORTED, NOT EVIDENT",0,0,0,9,3,6,41.91399715,-87.68283825
4/12/2017 17:58,25,STOP SIGN/FLASHER,CLEAR,DAYLIGHT,NOT DIVIDED,DRY,NO INJURY / DRIVE AWAY,,DRIVING ON WRONG SIDE/WRONG WAY,4700,N,CAMPBELL AVE,,NO INDICATION OF INJURY,0,0,0,17,4,4,41.96685266,-87.69144517
07/26/2022 04:08:00 PM,25,NO CONTROLS,CLEAR,DAYLIGHT,NOT DIVIDED,DRY,INJURY AND / OR TOW DUE TO CRASH,,FAILING TO YIELD RIGHT-OF-WAY,3528,N,DAMEN AVE,,NONINCAPACITATING INJURY,0,0,1,16,3,7,41.94598155,-87.67867601
10/2/2021 9:10,30,NO CONTROLS,CLEAR,DAYLIGHT,DIVIDED - W/MEDIAN (NOT RAISED),DRY,INJURY AND / OR TOW DUE TO CRASH,,FAILING TO YIELD RIGHT-OF-WAY,7800,S,SOUTH SHORE DR,,NONINCAPACITATING INJURY,0,0,1,9,7,10,41.75511499,-87.55159418
07/13/2018 10:25:00 PM,35,TRAFFIC SIGNAL,CLEAR,"DARKNESS, LIGHTED ROAD",NOT DIVIDED,DRY,NO INJURY / DRIVE AWAY,,DISREGARDING TRAFFIC SIGNALS,3201,N,OAK PARK AVE,,NO INDICATION OF INJURY,0,0,0,22,6,7,41.93825163,-87.79555269
7/6/2021 19:16,30,NO CONTROLS,CLEAR,DAYLIGHT,PARKING LOT,DRY,NO INJURY / DRIVE AWAY,,UNABLE TO DETERMINE,1500,S,MICHIGAN AVE,,NO INDICATION OF INJURY,0,0,0,19,3,7,41.86188082,-87.62417382
10/3/2022 15:40,30,NO CONTROLS,CLEAR,DAYLIGHT,ONE-WAY,DRY,INJURY AND / OR TOW DUE TO CRASH,Y,FAILING TO YIELD RIGHT-OF-WAY,412,S,DEARBORN ST,,NONINCAPACITATING INJURY,0,0,1,15,2,10,41.87655845,-87.62940134
11/17/2018 11:30:00 AM,30,NO CONTROLS,SNOW,DAYLIGHT,DIVIDED - W/MEDIAN (NOT RAISED),WET,INJURY AND / OR TOW DUE TO CRASH,,UNABLE TO DETERMINE,1247,N,MILWAUKEE AVE,Y,NONINCAPACITATING INJURY,0,0,1,11,7,11,41.90446552,-87.66798262
04/23/2021 01:40:00 PM,30,NO CONTROLS,CLEAR,DAYLIGHT,Y-INTERSECTION,DRY,NO INJURY / DRIVE AWAY,,FAILING TO YIELD RIGHT-OF-WAY,3915,N,BROADWAY,,NO INDICATION OF INJURY,0,0,0,13,6,4,41.95331374,-87.64958001
05/17/2018 09:54:00 AM,30,NO CONTROLS,CLEAR,DAYLIGHT,NOT DIVIDED,DRY,NO INJURY / DRIVE AWAY,,IMPROPER OVERTAKING/PASSING,2313,S,DAMEN AVE,,NO INDICATION OF INJURY,0,0,0,9,5,5,41.84996722,-87.67563501
07/26/2023 03:10:00 PM,30,NO CONTROLS,CLEAR,DAYLIGHT,NOT DIVIDED,DRY,NO INJURY / DRIVE AWAY,Y,UNABLE TO DETERMINE,16,E,WACKER DR,,NO INDICATION OF INJURY,0,0,0,15,4,7,41.88712842,-87.6274802
8/1/2018 17:45,30,TRAFFIC SIGNAL,CLEAR,DAYLIGHT,DIVIDED - W/MEDIAN (NOT RAISED),DRY,INJURY AND / OR TOW DUE TO CRASH,,UNABLE TO DETERMINE,5500,N,BROADWAY,,NONINCAPACITATING INJURY,0,0,1,17,4,8,41.98188733,-87.66016741
08/17/2019 04:20:00 PM,30,NO CONTROLS,CLEAR,DAYLIGHT,NOT DIVIDED,DRY,NO INJURY / DRIVE AWAY,Y,UNABLE TO DETERMINE,649,N,ASHLAND AVE,,NO INDICATION OF INJURY,0,0,0,16,7,8,41.89389741,-87.66707936
12/20/2017 05:44:00 PM,30,NO CONTROLS,CLEAR,"DARKNESS, LIGHTED ROAD",NOT DIVIDED,DRY,NO INJURY / DRIVE AWAY,,NOT APPLICABLE,1034,W,VAN BUREN ST,,NO INDICATION OF INJURY,0,0,0,17,4,12,41.87668906,-87.65332657
08/23/2018 06:12:00 PM,30,NO CONTROLS,CLEAR,DAYLIGHT,NOT DIVIDED,DRY,INJURY AND / OR TOW DUE TO CRASH,,UNABLE TO DETERMINE,1559,N,MILWAUKEE AVE,Y,NONINCAPACITATING INJURY,0,0,1,18,5,8,41.90992611,-87.67653436
06/23/2022 09:41:00 PM,35,NO CONTROLS,CLEAR,"DARKNESS, LIGHTED ROAD",NOT DIVIDED,DRY,INJURY AND / OR TOW DUE TO CRASH,,UNABLE TO DETERMINE,2719,N,CENTRAL AVE,Y,NONINCAPACITATING INJURY,0,0,1,21,5,6,41.93002894,-87.76605481
12/30/2022 08:00:00 PM,30,NO CONTROLS,CLEAR,DARKNESS,NOT DIVIDED,DRY,NO INJURY / DRIVE AWAY,,UNABLE TO DETERMINE,5217,N,CLARK ST,,NO INDICATION OF INJURY,0,0,0,20,6,12,41.97678147,-87.66825463
06/22/2022 05:46:00 PM,30,TRAFFIC SIGNAL,CLEAR,DAYLIGHT,"FIVE POINT, OR MORE",DRY,INJURY AND / OR TOW DUE TO CRASH,,DISREGARDING TRAFFIC SIGNALS,511,N,HALSTED ST,,NONINCAPACITATING INJURY,0,0,1,17,4,6,41.89155902,-87.64747981
09/24/2021 12:22:00 PM,30,NO CONTROLS,CLEAR,DAYLIGHT,NOT DIVIDED,DRY,INJURY AND / OR TOW DUE TO CRASH,Y,DRIVING ON WRONG SIDE/WRONG WAY,2323,S,DAMEN AVE,,INCAPACITATING INJURY,0,1,0,12,6,9,41.84967396,-87.67562886
12/24/2019 08:30:00 AM,30,NO CONTROLS,FOG/SMOKE/HAZE,DAYLIGHT,NOT DIVIDED,WET,NO INJURY / DRIVE AWAY,,UNABLE TO DETERMINE,405,N,ORLEANS ST,,NO INDICATION OF INJURY,0,0,0,8,3,12,41.88932451,-87.63659457
05/23/2019 04:20:00 PM,20,NO CONTROLS,CLEAR,DAYLIGHT,NOT DIVIDED,DRY,INJURY AND / OR TOW DUE TO CRASH,,"VISION OBSCURED (SIGNS, TREE LIMBS, BUILDINGS, ETC.)",1444,W,111TH ST,,INCAPACITATING INJURY,0,1,0,16,5,5,41.69227103,-87.65865516
08/27/2022 03:00:00 PM,30,UNKNOWN,UNKNOWN,UNKNOWN,NOT DIVIDED,UNKNOWN,NO INJURY / DRIVE AWAY,,UNABLE TO DETERMINE,2435,N,HALSTED ST,,NO INDICATION OF INJURY,0,0,0,15,7,8,41.92643591,-87.64864842
07/24/2019 10:30:00 PM,15,STOP SIGN/FLASHER,CLEAR,DUSK,ONE-WAY,DRY,NO INJURY / DRIVE AWAY,,UNABLE TO DETERMINE,1855,N,KEELER AVE,,NO INDICATION OF INJURY,0,0,0,22,4,7,41.91508822,-87.73122516
7/2/2021 19:10,30,STOP SIGN/FLASHER,CLEAR,DAYLIGHT,NOT DIVIDED,DRY,INJURY AND / OR TOW DUE TO CRASH,Y,UNABLE TO DETERMINE,4858,S,WOOD ST,,NONINCAPACITATING INJURY,0,0,1,19,6,7,41.80500634,-87.66988456
10/14/2018 04:25:00 PM,30,TRAFFIC SIGNAL,CLEAR,DAYLIGHT,NOT DIVIDED,DRY,INJURY AND / OR TOW DUE TO CRASH,,IMPROPER OVERTAKING/PASSING,137,S,STATE ST,,INCAPACITATING INJURY,0,1,0,16,1,10,41.8797802,-87.62757082
7/9/2017 12:03,15,NO CONTROLS,CLEAR,DAYLIGHT,ALLEY,DRY,INJURY AND / OR TOW DUE TO CRASH,,FAILING TO YIELD RIGHT-OF-WAY,3900,W,57TH ST,,INCAPACITATING INJURY,0,1,0,12,1,7,41.78972319,-87.72073447
09/25/2023 07:30:00 AM,30,UNKNOWN,RAIN,DAYLIGHT,ONE-WAY,WET,INJURY AND / OR TOW DUE TO CRASH,Y,UNABLE TO DETERMINE,3100,N,CLYBOURN AVE,,"REPORTED, NOT EVIDENT",0,0,0,7,2,9,41.93767685,-87.68580183
5/12/2021 17:50,30,NO CONTROLS,CLEAR,DAYLIGHT,NOT DIVIDED,DRY,NO INJURY / DRIVE AWAY,,NOT APPLICABLE,1644,N,HALSTED ST,,NO INDICATION OF INJURY,0,0,0,17,4,5,41.91220517,-87.64845863
08/26/2020 04:00:00 PM,30,NO CONTROLS,CLEAR,DAYLIGHT,ONE-WAY,DRY,NO INJURY / DRIVE AWAY,Y,FAILING TO YIELD RIGHT-OF-WAY,2730,N,SAYRE AVE,,NO INDICATION OF INJURY,0,0,0,16,4,8,41.92993584,-87.80109616
11/30/2022 08:10:00 AM,30,TRAFFIC SIGNAL,CLEAR,DAYLIGHT,DIVIDED - W/MEDIAN BARRIER,DRY,NO INJURY / DRIVE AWAY,,FOLLOWING TOO CLOSELY,200,W,WACKER DR,,NO INDICATION OF INJURY,0,0,0,8,4,11,41.88704088,-87.63404251
03/16/2023 06:30:00 PM,30,NO CONTROLS,RAIN,"DARKNESS, LIGHTED ROAD",NOT DIVIDED,WET,NO INJURY / DRIVE AWAY,,IMPROPER LANE USAGE,2350,N,LINCOLN AVE,Y,NO INDICATION OF INJURY,0,0,0,18,5,3,41.9246991,-87.64792903
6/6/2020 21:49,30,STOP SIGN/FLASHER,CLEAR,DARKNESS,FOUR WAY,DRY,INJURY AND / OR TOW DUE TO CRASH,Y,FAILING TO YIELD RIGHT-OF-WAY,199,E,76TH ST,,NONINCAPACITATING INJURY,0,0,1,21,7,6,41.75638713,-87.6199659
7/11/2023 9:44,30,TRAFFIC SIGNAL,CLEAR,DAYLIGHT,NOT DIVIDED,DRY,INJURY AND / OR TOW DUE TO CRASH,,DRIVING ON WRONG SIDE/WRONG WAY,3900,S,ASHLAND AVE,,NONINCAPACITATING INJURY,0,0,1,9,3,7,41.82302766,-87.66574403
7/3/2020 14:29,30,STOP SIGN/FLASHER,CLEAR,DAYLIGHT,NOT DIVIDED,DRY,INJURY AND / OR TOW DUE TO CRASH,,FAILING TO YIELD RIGHT-OF-WAY,11500,S,UNION AVE,,NONINCAPACITATING INJURY,0,0,1,14,6,7,41.68504579,-87.6405634
07/17/2020 03:00:00 PM,30,NO CONTROLS,CLEAR,DAYLIGHT,NOT DIVIDED,DRY,INJURY AND / OR TOW DUE TO CRASH,,FAILING TO YIELD RIGHT-OF-WAY,2515,W,LAWRENCE AVE,,NONINCAPACITATING INJURY,0,0,1,15,6,7,41.96847694,-87.69195777
08/21/2019 07:20:00 PM,10,NO CONTROLS,CLEAR,DAYLIGHT,PARKING LOT,DRY,NO INJURY / DRIVE AWAY,,UNABLE TO DETERMINE,4830,N,PULASKI RD,,NO INDICATION OF INJURY,0,0,0,19,4,8,41.9691923,-87.72820341
10/13/2017 09:30:00 PM,30,TRAFFIC SIGNAL,CLEAR,"DARKNESS, LIGHTED ROAD",NOT DIVIDED,DRY,INJURY AND / OR TOW DUE TO CRASH,,UNABLE TO DETERMINE,723,N,LA SALLE DR,N,NONINCAPACITATING INJURY,0,0,1,21,6,10,41.89557507,-87.63254328
4/7/2021 20:05,35,NO CONTROLS,CLEAR,"DARKNESS, LIGHTED ROAD",NOT DIVIDED,DRY,NO INJURY / DRIVE AWAY,,UNABLE TO DETERMINE,1018,W,ARMITAGE AVE,Y,NO INDICATION OF INJURY,0,0,0,20,4,4,41.91820263,-87.65417709
02/21/2023 06:17:00 PM,30,NO CONTROLS,CLEAR,"DARKNESS, LIGHTED ROAD",DRIVEWAY,DRY,INJURY AND / OR TOW DUE TO CRASH,,IMPROPER TURNING/NO SIGNAL,340,E,RANDOLPH ST,,NONINCAPACITATING INJURY,0,0,1,18,3,2,41.88462477,-87.61925432
7/12/2019 15:31,30,NO CONTROLS,CLEAR,DAYLIGHT,NOT DIVIDED,DRY,INJURY AND / OR TOW DUE TO CRASH,,FAILING TO YIELD RIGHT-OF-WAY,920,W,LAWRENCE AVE,,NONINCAPACITATING INJURY,0,0,1,15,6,7,41.96921875,-87.65333829
10/16/2019 05:40:00 PM,15,NO CONTROLS,CLEAR,DAYLIGHT,ONE-WAY,DRY,INJURY AND / OR TOW DUE TO CRASH,,FAILING TO YIELD RIGHT-OF-WAY,6240,S,ST LAWRENCE AVE,N,NONINCAPACITATING INJURY,0,0,2,17,4,10,41.78092271,-87.61096214
8/3/2020 12:30,35,TRAFFIC SIGNAL,CLEAR,DAYLIGHT,NOT DIVIDED,DRY,NO INJURY / DRIVE AWAY,,IMPROPER OVERTAKING/PASSING,3549,N,DAMEN AVE,,NO INDICATION OF INJURY,0,0,0,12,2,8,41.94649943,-87.67839677