CRASH_DATE,POSTED_SPEED_LIMIT,TRAFFIC_CONTROL_DEVICE,WEATHER_CONDITION,LIGHTING_CONDITION,TRAFFICWAY_TYPE,ROADWAY_SURFACE_COND,CRASH_TYPE,HIT_AND_RUN_I,PRIM_CONTRIBUTORY_CAUSE,STREET_NO,STREET_DIRECTION,STREET_NAME,DOORING_I,MOST_SEVERE_INJURY,INJURIES_FATAL,INJURIES_INCAPACITATING,INJURIES_NON_INCAPACITATING,CRASH_HOUR,CRASH_DAY_OF_WEEK,CRASH_MONTH,LATITUDE,LONGITUDE
8/10/2023 12:07,30,NO CONTROLS,CLEAR,DAYLIGHT,NOT DIVIDED,DRY,NO INJURY / DRIVE AWAY,,UNABLE TO DETERMINE,946,W,18TH ST,,NO INDICATION OF INJURY,0,0,0,12,5,8,41.85814576,-87.65061452
9/12/2019 9:30,30,NO CONTROLS,CLEAR,DAYLIGHT,OTHER,DRY,INJURY AND / OR TOW DUE TO CRASH,,UNABLE TO DETERMINE,3311,W,OGDEN AVE,N,NONINCAPACITATING INJURY,0,0,1,9,5,9,41.85673891,-87.70822722
9/11/2021 12:33,30,NO CONTROLS,CLEAR,DAYLIGHT,NOT DIVIDED,DRY,NO INJURY / DRIVE AWAY,Y,UNABLE TO DETERMINE,1941,N,HALSTED ST,,NO INDICATION OF INJURY,0,0,0,12,7,9,41.91718125,-87.64831595
09/17/2021 07:35:00 PM,30,NO CONTROLS,CLEAR,"DARKNESS, LIGHTED ROAD",NOT DIVIDED,DRY,NO INJURY / DRIVE AWAY,,UNABLE TO DETERMINE,4664,W,IRVING PARK RD,,NO INDICATION OF INJURY,0,0,0,19,6,9,41.95355637,-87.74521313
06/17/2018 05:15:00 AM,30,NO CONTROLS,CLEAR,DAYLIGHT,NOT DIVIDED,DRY,NO INJURY / DRIVE AWAY,Y,UNABLE TO DETERMINE,1526,N,CENTRAL PARK AVE,,NO INDICATION OF INJURY,0,0,0,5,1,6,41.90896555,-87.71691687
07/29/2021 07:35:00 PM,30,NO CONTROLS,CLEAR,DAYLIGHT,DIVIDED - W/MEDIAN (NOT RAISED),DRY,INJURY AND / OR TOW DUE TO CRASH,Y,UNABLE TO DETERMINE,3511,N,CLARK ST,,NONINCAPACITATING INJURY,0,0,1,19,5,7,41.94615313,-87.65550003
08/29/2019 09:00:00 PM,30,NO CONTROLS,CLEAR,"DARKNESS, LIGHTED ROAD",NOT DIVIDED,DRY,NO INJURY / DRIVE AWAY,,UNABLE TO DETERMINE,6718,W,BERENICE AVE,,NO INDICATION OF INJURY,0,0,0,21,5,8,41.94961682,-87.79477724
07/25/2018 10:30:00 AM,30,NO CONTROLS,CLEAR,DAYLIGHT,NOT DIVIDED,DRY,INJURY AND / OR TOW DUE TO CRASH,,FAILING TO YIELD RIGHT-OF-WAY,758,N,WELLS ST,Y,NONINCAPACITATING INJURY,0,0,1,10,4,7,41.89654255,-87.63434776
11/6/2021 19:30,20,STOP SIGN/FLASHER,CLEAR,"DARKNESS, LIGHTED ROAD",NOT DIVIDED,DRY,INJURY AND / OR TOW DUE TO CRASH,,UNABLE TO DETERMINE,6000,S,PRAIRIE AVE,,"REPORTED, NOT EVIDENT",0,0,0,19,7,11,41.78555626,-87.61913871
7/8/2019 13:07,30,NO CONTROLS,CLEAR,DAYLIGHT,NOT DIVIDED,DRY,INJURY AND / OR TOW DUE TO CRASH,,FAILING TO YIELD RIGHT-OF-WAY,151,E,CHICAGO AVE,Y,NONINCAPACITATING INJURY,0,0,1,13,2,7,41.89663475,-87.62354553
9/4/2021 17:30,30,TRAFFIC SIGNAL,CLEAR,DAYLIGHT,NOT DIVIDED,DRY,NO INJURY / DRIVE AWAY,,TURNING RIGHT ON RED,1982,N,CLYBOURN AVE,,NO INDICATION OF INJURY,0,0,0,17,7,9,41.917167,-87.65845323
10/5/2023 7:53,30,NO CONTROLS,CLEAR,DAYLIGHT,NOT DIVIDED,WET,INJURY AND / OR TOW DUE TO CRASH,,UNABLE TO DETERMINE,4348,W,ARMITAGE AVE,Y,NONINCAPACITATING INJURY,0,0,1,7,5,10,41.91715968,-87.73587246
8/6/2016 17:30,30,NO CONTROLS,CLEAR,DAYLIGHT,ONE-WAY,DRY,INJURY AND / OR TOW DUE TO CRASH,,FAILING TO YIELD RIGHT-OF-WAY,2450,W,ARTHUR AVE,,NONINCAPACITATING INJURY,0,0,2,17,7,8,41.99961887,-87.69197641
05/16/2023 02:30:00 PM,35,NO CONTROLS,CLEAR,DAYLIGHT,PARKING LOT,DRY,INJURY AND / OR TOW DUE TO CRASH,Y,FAILING TO YIELD RIGHT-OF-WAY,7400,S,HALSTED ST,,"REPORTED, NOT EVIDENT",0,0,0,14,3,5,41.75967458,-87.64442024
6/6/2020 17:40,30,TRAFFIC SIGNAL,CLEAR,DAYLIGHT,FOUR WAY,DRY,INJURY AND / OR TOW DUE TO CRASH,,UNABLE TO DETERMINE,7059,S,SOUTH SHORE DR,,NONINCAPACITATING INJURY,0,0,1,17,7,6,41.76660302,-87.56632372
7/4/2021 21:00,30,NO CONTROLS,CLEAR,DARKNESS,NOT DIVIDED,DRY,INJURY AND / OR TOW DUE TO CRASH,Y,IMPROPER OVERTAKING/PASSING,301,E,31ST ST,,NONINCAPACITATING INJURY,0,0,1,21,1,7,41.83827996,-87.61996761
10/10/2018 10:20,30,NO CONTROLS,CLEAR,DAYLIGHT,NOT DIVIDED,DRY,INJURY AND / OR TOW DUE TO CRASH,,IMPROPER OVERTAKING/PASSING,3933,W,ARMITAGE AVE,,"REPORTED, NOT EVIDENT",0,0,0,10,4,10,41.91707077,-87.72547215
11/8/2017 17:35,30,TRAFFIC SIGNAL,CLEAR,"DARKNESS, LIGHTED ROAD",DIVIDED - W/MEDIAN BARRIER,DRY,NO INJURY / DRIVE AWAY,,UNABLE TO DETERMINE,500,W,ROOSEVELT RD,,NO INDICATION OF INJURY,0,0,0,17,4,11,41.86736269,-87.6392932
7/9/2023 19:05,30,TRAFFIC SIGNAL,CLEAR,DAYLIGHT,NOT DIVIDED,DRY,NO INJURY / DRIVE AWAY,Y,UNABLE TO DETERMINE,2900,S,DAMEN AVE,,NO INDICATION OF INJURY,0,0,0,19,1,7,41.83940222,-87.67555714
04/25/2018 08:00:00 PM,20,NO CONTROLS,CLEAR,"DARKNESS, LIGHTED ROAD",NOT DIVIDED,DRY,NO INJURY / DRIVE AWAY,,UNABLE TO DETERMINE,7900,S,TRUMBULL AVE,,NO INDICATION OF INJURY,0,0,0,20,4,4,41.74955272,-87.70863581
06/15/2018 11:20:00 AM,30,TRAFFIC SIGNAL,CLEAR,DAYLIGHT,NOT DIVIDED,DRY,INJURY AND / OR TOW DUE TO CRASH,,DISREGARDING TRAFFIC SIGNALS,398,E,99TH ST,,NONINCAPACITATING INJURY,0,0,1,11,6,6,41.71471159,-87.61409931
09/21/2020 07:09:00 AM,35,TRAFFIC SIGNAL,CLEAR,DAYLIGHT,DIVIDED - W/MEDIAN (NOT RAISED),DRY,INJURY AND / OR TOW DUE TO CRASH,,FAILING TO YIELD RIGHT-OF-WAY,400,W,FULLERTON PKWY,,NONINCAPACITATING INJURY,0,0,1,7,2,9,41.92571993,-87.63918933
10/1/2021 18:55,30,NO CONTROLS,CLEAR,"DARKNESS, LIGHTED ROAD",ONE-WAY,DRY,INJURY AND / OR TOW DUE TO CRASH,,UNABLE TO DETERMINE,5467,S,UNIVERSITY AVE,Y,NO INDICATION OF INJURY,0,0,0,18,6,10,41.79612995,-87.59795762
6/9/2017 11:45,30,TRAFFIC SIGNAL,CLEAR,DAYLIGHT,DIVIDED - W/MEDIAN BARRIER,DRY,NO INJURY / DRIVE AWAY,,FAILING TO YIELD RIGHT-OF-WAY,500,N,LAKE SHORE DR,,NO INDICATION OF INJURY,0,0,0,11,6,6,41.89111833,-87.61438469
4/12/2023 16:10,25,STOP SIGN/FLASHER,CLEAR,DAYLIGHT,NOT DIVIDED,DRY,NO INJURY / DRIVE AWAY,,UNABLE TO DETERMINE,6400,W,PALATINE AVE,,NO INDICATION OF INJURY,0,0,0,16,4,4,41.99565673,-87.78756094
09/24/2020 10:50:00 PM,15,TRAFFIC SIGNAL,CLEAR,"DARKNESS, LIGHTED ROAD",NOT DIVIDED,DRY,INJURY AND / OR TOW DUE TO CRASH,,UNABLE TO DETERMINE,5257,S,KEDZIE AVE,Y,NONINCAPACITATING INJURY,0,0,1,22,5,9,41.79731707,-87.70351686
09/20/2017 09:30:00 AM,35,NO CONTROLS,CLEAR,DAYLIGHT,DIVIDED - W/MEDIAN (NOT RAISED),DRY,INJURY AND / OR TOW DUE TO CRASH,,UNABLE TO DETERMINE,2400,W,66TH ST,,INCAPACITATING INJURY,0,1,1,9,4,9,41.77389621,-87.68354364
09/29/2023 03:07:00 PM,30,NO CONTROLS,CLEAR,DAYLIGHT,NOT DIVIDED,DRY,INJURY AND / OR TOW DUE TO CRASH,,FAILING TO YIELD RIGHT-OF-WAY,3750,E,106TH ST,,INCAPACITATING INJURY,0,1,0,15,6,9,41.70282753,-87.53205183
8/12/2018 1:15,25,TRAFFIC SIGNAL,CLEAR,"DARKNESS, LIGHTED ROAD",NOT DIVIDED,DRY,INJURY AND / OR TOW DUE TO CRASH,,PHYSICAL CONDITION OF DRIVER,3202,N,DAMEN AVE,,"REPORTED, NOT EVIDENT",0,0,0,1,1,8,41.93967928,-87.67850536
7/7/2019 15:50,30,NO CONTROLS,CLEAR,DAYLIGHT,NOT DIVIDED,DRY,NO INJURY / DRIVE AWAY,Y,UNABLE TO DETERMINE,1434,W,NORTH AVE,,NO INDICATION OF INJURY,0,0,0,15,1,7,41.91078739,-87.66426125
09/19/2017 05:30:00 PM,30,STOP SIGN/FLASHER,CLEAR,DAYLIGHT,NOT DIVIDED,DRY,INJURY AND / OR TOW DUE TO CRASH,,UNABLE TO DETERMINE,3625,W,FOSTER AVE,,NONINCAPACITATING INJURY,0,0,1,17,3,9,41.97551473,-87.71952465
11/30/2019 09:15:00 PM,30,TRAFFIC SIGNAL,RAIN,"DARKNESS, LIGHTED ROAD",DIVIDED - W/MEDIAN BARRIER,WET,INJURY AND / OR TOW DUE TO CRASH,,UNABLE TO DETERMINE,1700,N,STOCKTON DR,,NONINCAPACITATING INJURY,0,0,1,21,7,11,41.91341247,-87.63187356
10/3/2019 8:29,30,TRAFFIC SIGNAL,CLOUDY/OVERCAST,DUSK,DIVIDED - W/MEDIAN (NOT RAISED),DRY,NO INJURY / DRIVE AWAY,,DISTRACTION - FROM INSIDE VEHICLE,562,W,VAN BUREN ST,Y,NO INDICATION OF INJURY,0,0,0,8,5,10,41.87684856,-87.64207357
8/7/2017 11:00,30,NO CONTROLS,CLEAR,DAYLIGHT,DIVIDED - W/MEDIAN (NOT RAISED),DRY,NO INJURY / DRIVE AWAY,,UNABLE TO DETERMINE,2657,N,SAWYER AVE,,NO INDICATION OF INJURY,0,0,0,11,2,8,41.9300654,-87.7092992
09/13/2020 03:55:00 PM,30,TRAFFIC SIGNAL,CLEAR,DAYLIGHT,OTHER,DRY,INJURY AND / OR TOW DUE TO CRASH,Y,UNABLE TO DETERMINE,810,N,WOOD ST,,"REPORTED, NOT EVIDENT",0,0,0,15,1,9,41.89635191,-87.67233662
5/3/2023 15:46,30,NO CONTROLS,CLEAR,DAYLIGHT,DIVIDED - W/MEDIAN (NOT RAISED),DRY,INJURY AND / OR TOW DUE TO CRASH,,UNABLE TO DETERMINE,2665,N,ELSTON AVE,,INCAPACITATING INJURY,0,1,0,15,4,5,41.93014938,-87.68464689
08/27/2020 05:30:00 PM,30,NO CONTROLS,CLEAR,DUSK,NOT DIVIDED,DRY,NO INJURY / DRIVE AWAY,Y,UNABLE TO DETERMINE,4755,W,AUGUSTA BLVD,Y,NO INDICATION OF INJURY,0,0,0,17,5,8,41.89858337,-87.7457668
9/10/2022 12:35,30,TRAFFIC SIGNAL,CLEAR,DAYLIGHT,NOT DIVIDED,DRY,NO INJURY / DRIVE AWAY,,FAILING TO YIELD RIGHT-OF-WAY,1200,S,UNION AVE,,NO INDICATION OF INJURY,0,0,0,12,7,9,41.86711966,-87.6452815
11/24/2018 09:04:00 PM,35,NO CONTROLS,CLEAR,"DARKNESS, LIGHTED ROAD",DIVIDED - W/MEDIAN (NOT RAISED),DRY,NO INJURY / DRIVE AWAY,,UNABLE TO DETERMINE,6700,S,COTTAGE GROVE AVE,Y,NO INDICATION OF INJURY,0,0,0,21,7,11,41.77304782,-87.60591305
8/1/2022 13:22,30,NO CONTROLS,CLEAR,DAYLIGHT,NOT DIVIDED,DRY,INJURY AND / OR TOW DUE TO CRASH,,"VISION OBSCURED (SIGNS, TREE LIMBS, BUILDINGS, ETC.)",2249,W,TOUHY AVE,Y,NONINCAPACITATING INJURY,0,0,1,13,2,8,42.0121498,-87.68813797
11/27/2017 09:18:00 AM,30,TRAFFIC SIGNAL,CLEAR,DAYLIGHT,NOT DIVIDED,DRY,NO INJURY / DRIVE AWAY,,UNABLE TO DETERMINE,100,S,MICHIGAN AVE,,NO INDICATION OF INJURY,0,0,0,9,2,11,41.88077067,-87.62448302
6/12/2019 21:20,30,NO CONTROLS,RAIN,"DARKNESS, LIGHTED ROAD",DIVIDED - W/MEDIAN (NOT RAISED),WET,INJURY AND / OR TOW DUE TO CRASH,Y,FAILING TO YIELD RIGHT-OF-WAY,5298,N,BROADWAY,,NONINCAPACITATING INJURY,0,0,1,21,4,6,41.97805073,-87.66006259
10/17/2022 10:50:00 AM,20,TRAFFIC SIGNAL,CLEAR,DAYLIGHT,NOT DIVIDED,DRY,INJURY AND / OR TOW DUE TO CRASH,,FAILING TO YIELD RIGHT-OF-WAY,1201,W,WILSON AVE,,NONINCAPACITATING INJURY,0,0,1,10,2,10,41.96525602,-87.65969269
7/12/2018 9:15,30,TRAFFIC SIGNAL,CLEAR,DAYLIGHT,NOT DIVIDED,DRY,INJURY AND / OR TOW DUE TO CRASH,Y,UNABLE TO DETERMINE,1,E,71ST ST,,NONINCAPACITATING INJURY,0,0,1,9,5,7,41.76534426,-87.6248231
05/29/2018 05:41:00 PM,25,STOP SIGN/FLASHER,CLEAR,DAYLIGHT,DIVIDED - W/MEDIAN (NOT RAISED),DRY,INJURY AND / OR TOW DUE TO CRASH,Y,NOT APPLICABLE,7711,N,ASHLAND AVE,,NONINCAPACITATING INJURY,0,0,1,17,3,5,42.0215221,-87.670569
11/13/2017 06:00:00 PM,30,TRAFFIC SIGNAL,CLEAR,"DARKNESS, LIGHTED ROAD",NOT DIVIDED,DRY,NO INJURY / DRIVE AWAY,,IMPROPER LANE USAGE,2798,W,ROOSEVELT RD,,NO INDICATION OF INJURY,0,0,0,18,2,11,41.86662117,-87.69584963
03/13/2023 08:50:00 AM,20,NO CONTROLS,CLEAR,DAYLIGHT,DIVIDED - W/MEDIAN (NOT RAISED),WET,INJURY AND / OR TOW DUE TO CRASH,,UNABLE TO DETERMINE,2600,W,ADDISON ST,,"REPORTED, NOT EVIDENT",0,0,0,8,2,3,41.94682488,-87.69321291
01/16/2020 05:30:00 PM,30,NO CONTROLS,CLEAR,DAYLIGHT,ONE-WAY,DRY,NO INJURY / DRIVE AWAY,Y,UNABLE TO DETERMINE,900,W,ADAMS ST,,NO INDICATION OF INJURY,0,0,0,17,5,1,41.87928785,-87.64967929
04/24/2021 09:03:00 PM,30,TRAFFIC SIGNAL,CLEAR,"DARKNESS, LIGHTED ROAD",NOT DIVIDED,DRY,NO INJURY / DRIVE AWAY,,UNABLE TO DETERMINE,2000,W,WABANSIA AVE,,NO INDICATION OF INJURY,0,0,0,21,7,4,41.91241461,-87.67763278
05/15/2018 04:32:00 PM,30,TRAFFIC SIGNAL,CLEAR,DAYLIGHT,NOT DIVIDED,DRY,INJURY AND / OR TOW DUE TO CRASH,,FAILING TO YIELD RIGHT-OF-WAY,653,N,ORLEANS ST,Y,NONINCAPACITATING INJURY,0,0,1,16,3,5,41.89391225,-87.63695554
04/27/2022 08:49:00 PM,30,TRAFFIC SIGNAL,CLEAR,"DARKNESS, LIGHTED ROAD",FOUR WAY,DRY,NO INJURY / DRIVE AWAY,,FAILING TO YIELD RIGHT-OF-WAY,4001,N,CLARENDON AVE,Y,NO INDICATION OF INJURY,0,0,0,20,4,4,41.95461856,-87.64955464
05/13/2022 04:40:00 PM,30,NO CONTROLS,CLEAR,DAYLIGHT,NOT DIVIDED,DRY,INJURY AND / OR TOW DUE TO CRASH,,FAILING TO YIELD RIGHT-OF-WAY,1150,W,FULLERTON AVE,,NONINCAPACITATING INJURY,0,0,1,16,6,5,41.92540664,-87.65806218
08/13/2018 08:30:00 PM,30,NO CONTROLS,CLEAR,DUSK,NOT DIVIDED,DRY,INJURY AND / OR TOW DUE TO CRASH,Y,IMPROPER TURNING/NO SIGNAL,4852,S,WESTERN AVE,,"REPORTED, NOT EVIDENT",0,0,0,20,2,8,41.80501106,-87.68451345
12/2/2017 18:30,30,NO CONTROLS,CLEAR,DARKNESS,DIVIDED - W/MEDIAN (NOT RAISED),DRY,INJURY AND / OR TOW DUE TO CRASH,,UNABLE TO DETERMINE,51,W,HUBBARD ST,,"REPORTED, NOT EVIDENT",0,0,0,18,7,12,41.88992611,-87.62994364
3/1/2021 17:30,30,UNKNOWN,CLEAR,DAYLIGHT,NOT DIVIDED,UNKNOWN,INJURY AND / OR TOW DUE TO CRASH,,FAILING TO YIELD RIGHT-OF-WAY,1131,W,DIVERSEY PKWY,,INCAPACITATING INJURY,0,1,0,17,2,3,41.93247379,-87.6571554
06/29/2018 03:35:00 PM,30,NO CONTROLS,CLEAR,DAYLIGHT,DIVIDED - W/MEDIAN (NOT RAISED),DRY,NO INJURY / DRIVE AWAY,,FAILING TO YIELD RIGHT-OF-WAY,3700,N,CLARK ST,,NO INDICATION OF INJURY,0,0,0,15,6,6,41.94901088,-87.65814288
09/29/2017 08:10:00 AM,30,NO CONTROLS,CLEAR,DAYLIGHT,DIVIDED - W/MEDIAN (NOT RAISED),DRY,INJURY AND / OR TOW DUE TO CRASH,Y,UNABLE TO DETERMINE,641,S,CICERO AVE,N,"REPORTED, NOT EVIDENT",0,0,0,8,6,9,41.87208345,-87.74478582
03/19/2018 02:30:00 PM,30,NO CONTROLS,CLEAR,DAYLIGHT,ALLEY,DRY,INJURY AND / OR TOW DUE TO CRASH,Y,FAILING TO YIELD RIGHT-OF-WAY,2815,N,LAMON AVE,,NONINCAPACITATING INJURY,0,0,1,14,2,3,41.93195971,-87.74892134
07/17/2018 01:30:00 PM,30,NO CONTROLS,CLEAR,DAYLIGHT,OTHER,DRY,INJURY AND / OR TOW DUE TO CRASH,,NOT APPLICABLE,2312,W,FULLERTON AVE,,NONINCAPACITATING INJURY,0,0,1,13,3,7,41.92503358,-87.68575791
5/1/2021 17:45,30,NO CONTROLS,CLEAR,DAYLIGHT,NOT DIVIDED,DRY,NO INJURY / DRIVE AWAY,,NOT APPLICABLE,1745,W,DIVISION ST,,NO INDICATION OF INJURY,0,0,0,17,7,5,41.90316856,-87.67164495
10/6/2018 15:50,20,STOP SIGN/FLASHER,CLOUDY/OVERCAST,DAYLIGHT,ONE-WAY,DRY,INJURY AND / OR TOW DUE TO CRASH,,FAILING TO YIELD RIGHT-OF-WAY,5332,N,GLENWOOD AVE,,"REPORTED, NOT EVIDENT",0,0,0,15,7,10,41.97902968,-87.66497368
10/20/2023 08:00:00 AM,30,STOP SIGN/FLASHER,CLOUDY/OVERCAST,DAYLIGHT,NOT DIVIDED,DRY,INJURY AND / OR TOW DUE TO CRASH,Y,FAILING TO YIELD RIGHT-OF-WAY,6400,W,BARRY AVE,,NONINCAPACITATING INJURY,0,0,1,8,6,10,41.93660071,-87.78593576
10/18/2023 07:58:00 AM,30,NO CONTROLS,CLEAR,DAYLIGHT,PARKING LOT,DRY,INJURY AND / OR TOW DUE TO CRASH,Y,UNABLE TO DETERMINE,1398,N,PULASKI RD,,NONINCAPACITATING INJURY,0,0,1,7,4,10,41.90612788,-87.72655403
05/24/2018 04:50:00 PM,30,TRAFFIC SIGNAL,CLEAR,DAYLIGHT,NOT DIVIDED,DRY,NO INJURY / DRIVE AWAY,,FAILING TO YIELD RIGHT-OF-WAY,16,N,WESTERN AVE,,NO INDICATION OF INJURY,0,0,0,16,5,5,41.88165335,-87.68658987
06/28/2019 11:30:00 AM,30,NO CONTROLS,CLEAR,DAYLIGHT,NOT DIVIDED,DRY,NO INJURY / DRIVE AWAY,,UNABLE TO DETERMINE,800,N,DAMEN AVE,,NO INDICATION OF INJURY,0,0,0,11,6,6,41.89593335,-87.67719992
5/8/2023 9:03,25,TRAFFIC SIGNAL,CLOUDY/OVERCAST,DAYLIGHT,NOT DIVIDED,DRY,INJURY AND / OR TOW DUE TO CRASH,,UNABLE TO DETERMINE,1600,W,MORSE AVE,,"REPORTED, NOT EVIDENT",0,0,0,9,2,5,42.00794685,-87.67014618
10/18/2019 09:00:00 AM,30,TRAFFIC SIGNAL,CLEAR,DAYLIGHT,NOT DIVIDED,DRY,NO INJURY / DRIVE AWAY,Y,UNABLE TO DETERMINE,500,W,HARRISON ST,,NO INDICATION OF INJURY,0,0,0,9,6,10,41.87451601,-87.6395015
05/23/2019 08:20:00 AM,30,STOP SIGN/FLASHER,CLEAR,DAYLIGHT,NOT DIVIDED,DRY,INJURY AND / OR TOW DUE TO CRASH,,FAILING TO YIELD RIGHT-OF-WAY,2116,N,HALSTED ST,,NONINCAPACITATING INJURY,0,0,1,8,5,5,41.92053502,-87.64874024
07/16/2023 11:00:00 AM,30,UNKNOWN,CLEAR,DAYLIGHT,NOT DIVIDED,UNKNOWN,NO INJURY / DRIVE AWAY,,UNABLE TO DETERMINE,5315,N,CLARK ST,Y,NO INDICATION OF INJURY,0,0,0,11,1,7,41.97853902,-87.66818007
10/3/2018 8:00,30,TRAFFIC SIGNAL,CLEAR,DAYLIGHT,NOT DIVIDED,DRY,NO INJURY / DRIVE AWAY,,NOT APPLICABLE,1554,N,WELLS ST,,NO INDICATION OF INJURY,0,0,0,8,4,10,41.91073073,-87.6348445
08/31/2018 08:12:00 PM,35,NO CONTROLS,RAIN,DARKNESS,DIVIDED - W/MEDIAN BARRIER,WET,INJURY AND / OR TOW DUE TO CRASH,Y,UNABLE TO DETERMINE,7200,S,STONY ISLAND AVE,,NONINCAPACITATING INJURY,0,0,1,20,6,8,41.7641858,-87.58642639
04/15/2023 10:57:00 PM,30,TRAFFIC SIGNAL,CLEAR,"DARKNESS, LIGHTED ROAD",FOUR WAY,DRY,INJURY AND / OR TOW DUE TO CRASH,,FAILING TO REDUCE SPEED TO AVOID CRASH,2498,S,ARCHER AVE,,NONINCAPACITATING INJURY,0,0,1,22,7,4,41.84731505,-87.64652103
06/19/2020 10:10:00 AM,30,NO CONTROLS,CLEAR,DAYLIGHT,NOT DIVIDED,DRY,NO INJURY / DRIVE AWAY,,NOT APPLICABLE,3422,N,LINCOLN AVE,Y,NO INDICATION OF INJURY,0,0,0,10,6,6,41.94389774,-87.67177189
12/1/2021 7:30,30,NO CONTROLS,CLEAR,DAYLIGHT,NOT DIVIDED,WET,INJURY AND / OR TOW DUE TO CRASH,,FAILING TO YIELD RIGHT-OF-WAY,1700,S,CLARK ST,,NONINCAPACITATING INJURY,0,0,1,7,4,12,41.8588948,-87.6304005
04/14/2023 05:00:00 PM,30,NO CONTROLS,CLEAR,DAYLIGHT,ONE-WAY,DRY,INJURY AND / OR TOW DUE TO CRASH,,"VISION OBSCURED (SIGNS, TREE LIMBS, BUILDINGS, ETC.)",1771,W,BERTEAU AVE,Y,"REPORTED, NOT EVIDENT",0,0,0,17,6,4,41.95777229,-87.67355274
05/13/2022 12:59:00 AM,35,NO CONTROLS,CLEAR,"DARKNESS, LIGHTED ROAD",NOT DIVIDED,DRY,NO INJURY / DRIVE AWAY,,IMPROPER TURNING/NO SIGNAL,2419,N,MILWAUKEE AVE,N,NO INDICATION OF INJURY,0,0,0,0,6,5,41.92523708,-87.70092274
9/4/2019 14:45,30,TRAFFIC SIGNAL,CLEAR,DAYLIGHT,CENTER TURN LANE,DRY,INJURY AND / OR TOW DUE TO CRASH,Y,FAILING TO YIELD RIGHT-OF-WAY,1999,W,MADISON ST,,NONINCAPACITATING INJURY,0,0,1,14,4,9,41.88120512,-87.6765781
07/27/2020 07:00:00 PM,30,NO CONTROLS,CLEAR,DUSK,DIVIDED - W/MEDIAN (NOT RAISED),DRY,INJURY AND / OR TOW DUE TO CRASH,,UNABLE TO DETERMINE,4917,N,DAMEN AVE,,NONINCAPACITATING INJURY,0,0,1,19,2,7,41.97112022,-87.67910927
4/1/2022 18:20,30,NO CONTROLS,CLEAR,DAYLIGHT,NOT DIVIDED,DRY,INJURY AND / OR TOW DUE TO CRASH,,UNABLE TO DETERMINE,4731,S,PULASKI RD,,NONINCAPACITATING INJURY,0,0,1,18,6,4,41.8069356,-87.72340993
02/22/2020 09:48:00 AM,30,TRAFFIC SIGNAL,CLEAR,DAYLIGHT,NOT DIVIDED,DRY,INJURY AND / OR TOW DUE TO CRASH,,DRIVING SKILLS/KNOWLEDGE/EXPERIENCE,100,E,WALTON ST,,NONINCAPACITATING INJURY,0,0,1,9,7,2,41.90009663,-87.62535934
10/24/2017 06:15:00 PM,30,NO CONTROLS,RAIN,"DARKNESS, LIGHTED ROAD",DRIVEWAY,WET,NO INJURY / DRIVE AWAY,Y,FAILING TO REDUCE SPEED TO AVOID CRASH,1774,W,HIGHLAND AVE,,NO INDICATION OF INJURY,0,0,0,18,3,10,41.99689825,-87.67475773
12/9/2019 16:40,30,STOP SIGN/FLASHER,CLEAR,"DARKNESS, LIGHTED ROAD",DIVIDED - W/MEDIAN (NOT RAISED),DRY,NO INJURY / DRIVE AWAY,,UNABLE TO DETERMINE,2135,W,LELAND AVE,,NO INDICATION OF INJURY,0,0,0,16,2,12,41.96676474,-87.68220395
09/15/2023 04:45:00 PM,35,NO CONTROLS,CLEAR,DAYLIGHT,NOT DIVIDED,DRY,INJURY AND / OR TOW DUE TO CRASH,,UNABLE TO DETERMINE,3676,N,ELSTON AVE,,INCAPACITATING INJURY,0,1,0,16,6,9,41.94805801,-87.71115546
07/29/2023 03:56:00 PM,30,TRAFFIC SIGNAL,CLEAR,DAYLIGHT,FOUR WAY,DRY,INJURY AND / OR TOW DUE TO CRASH,,FAILING TO YIELD RIGHT-OF-WAY,1600,N,HUMBOLDT BLVD,,NONINCAPACITATING INJURY,0,0,1,15,7,7,41.91026903,-87.70201587
02/15/2017 12:00:00 PM,25,NO CONTROLS,CLEAR,DAYLIGHT,NOT DIVIDED,DRY,NO INJURY / DRIVE AWAY,,UNABLE TO DETERMINE,800,W,RANDOLPH ST,,NO INDICATION OF INJURY,0,0,0,12,4,2,41.88451546,-87.6474973
10/9/2017 16:35,30,TRAFFIC SIGNAL,CLEAR,DAYLIGHT,DIVIDED - W/MEDIAN (NOT RAISED),DRY,NO INJURY / DRIVE AWAY,Y,FAILING TO REDUCE SPEED TO AVOID CRASH,599,N,ST CLAIR ST,,NO INDICATION OF INJURY,0,0,0,16,2,10,41.89252618,-87.62254141
05/18/2023 01:20:00 PM,25,STOP SIGN/FLASHER,CLEAR,DAYLIGHT,FOUR WAY,DRY,INJURY AND / OR TOW DUE TO CRASH,Y,UNABLE TO DETERMINE,6800,W,58TH ST,,NONINCAPACITATING INJURY,0,0,1,13,5,5,41.78679398,-87.7914333
9/11/2019 17:30,30,NO CONTROLS,CLEAR,DAYLIGHT,FOUR WAY,DRY,INJURY AND / OR TOW DUE TO CRASH,,UNABLE TO DETERMINE,911,W,ERIE ST,,NONINCAPACITATING INJURY,0,0,1,17,4,9,41.89322627,-87.6508688