CRASH_DATE,POSTED_SPEED_LIMIT,TRAFFIC_CONTROL_DEVICE,WEATHER_CONDITION,LIGHTING_CONDITION,TRAFFICWAY_TYPE,ROADWAY_SURFACE_COND,CRASH_TYPE,HIT_AND_RUN_I,PRIM_CONTRIBUTORY_CAUSE,STREET_NO,STREET_DIRECTION,STREET_NAME,DOORING_I,MOST_SEVERE_INJURY,INJURIES_FATAL,INJURIES_INCAPACITATING,INJURIES_NON_INCAPACITATING,CRASH_HOUR,CRASH_DAY_OF_WEEK,CRASH_MONTH,LATITUDE,LONGITUDE
09/23/2019 05:15:00 PM,30,UNKNOWN,CLEAR,DAYLIGHT,NOT DIVIDED,DRY,INJURY AND / OR TOW DUE TO CRASH,,NOT APPLICABLE,1356,W,AUGUSTA BLVD,Y,NONINCAPACITATING INJURY,0,0,1,17,2,9,41.89989685,-87.66242933
05/28/2022 02:32:00 PM,30,TRAFFIC SIGNAL,CLEAR,DAYLIGHT,DIVIDED - W/MEDIAN (NOT RAISED),DRY,INJURY AND / OR TOW DUE TO CRASH,,FAILING TO YIELD RIGHT-OF-WAY,3500,W,63RD ST,,INCAPACITATING INJURY,0,1,0,14,7,5,41.7789616,-87.71052895
10/18/2023 11:21:00 AM,30,NO CONTROLS,CLEAR,DAYLIGHT,NOT DIVIDED,DRY,NO INJURY / DRIVE AWAY,,UNABLE TO DETERMINE,3517,W,26TH ST,,NO INDICATION OF INJURY,0,0,0,11,4,10,41.84429486,-87.71314036
05/24/2022 07:27:00 AM,30,OTHER,CLEAR,DAYLIGHT,ALLEY,DRY,INJURY AND / OR TOW DUE TO CRASH,Y,FAILING TO YIELD RIGHT-OF-WAY,1383,W,FULTON ST,,NONINCAPACITATING INJURY,0,0,1,7,3,5,41.88648494,-87.66198736
06/26/2018 05:30:00 PM,30,TRAFFIC SIGNAL,CLEAR,DAYLIGHT,NOT DIVIDED,UNKNOWN,NO INJURY / DRIVE AWAY,,FOLLOWING TOO CLOSELY,3206,N,BROADWAY,,NO INDICATION OF INJURY,0,0,0,17,3,6,41.94028083,-87.64455411
1/3/2021 11:15,30,TRAFFIC SIGNAL,CLEAR,DAYLIGHT,FOUR WAY,WET,NO INJURY / DRIVE AWAY,,FOLLOWING TOO CLOSELY,599,N,MC CLURG CT,N,NO INDICATION OF INJURY,0,0,0,11,1,1,41.89260504,-87.61756716
07/30/2019 05:17:00 PM,30,NO CONTROLS,CLEAR,DAYLIGHT,DIVIDED - W/MEDIAN (NOT RAISED),DRY,INJURY AND / OR TOW DUE TO CRASH,,UNABLE TO DETERMINE,5558,N,CLARK ST,,INCAPACITATING INJURY,0,1,0,17,3,7,41.98342527,-87.66889261
8/5/2023 2:40,30,UNKNOWN,CLEAR,UNKNOWN,ONE-WAY,DRY,INJURY AND / OR TOW DUE TO CRASH,Y,UNABLE TO DETERMINE,2918,W,PALMER ST,,NONINCAPACITATING INJURY,0,0,1,2,7,8,41.92176504,-87.70099588
08/30/2018 05:00:00 PM,20,NO CONTROLS,CLEAR,DAYLIGHT,NOT DIVIDED,DRY,NO INJURY / DRIVE AWAY,Y,UNABLE TO DETERMINE,10700,S,LONGWOOD DR,,NO INDICATION OF INJURY,0,0,0,17,5,8,41.69915455,-87.67137302
07/19/2022 07:30:00 AM,30,TRAFFIC SIGNAL,CLEAR,DAYLIGHT,NOT DIVIDED,DRY,NO INJURY / DRIVE AWAY,Y,UNABLE TO DETERMINE,2,N,WELLS ST,,NO INDICATION OF INJURY,0,0,0,7,3,7,41.88197573,-87.63397185
04/20/2017 06:15:00 PM,0,NO CONTROLS,CLEAR,DAYLIGHT,NOT DIVIDED,DRY,INJURY AND / OR TOW DUE TO CRASH,,UNABLE TO DETERMINE,1017,N,STATE ST,Y,"REPORTED, NOT EVIDENT",0,0,0,18,5,4,41.90117546,-87.62818218
08/29/2018 08:33:00 PM,25,NO CONTROLS,CLOUDY/OVERCAST,DARKNESS,ONE-WAY,DRY,INJURY AND / OR TOW DUE TO CRASH,,UNABLE TO DETERMINE,6010,N,TALMAN AVE,,NONINCAPACITATING INJURY,0,0,1,20,4,8,41.99082123,-87.69590788
10/26/2020 05:37:00 PM,30,TRAFFIC SIGNAL,CLEAR,"DARKNESS, LIGHTED ROAD",DIVIDED - W/MEDIAN (NOT RAISED),DRY,NO INJURY / DRIVE AWAY,,UNABLE TO DETERMINE,4761,N,WESTERN AVE,,NO INDICATION OF INJURY,0,0,0,17,2,10,41.96852384,-87.68875752
06/21/2022 09:22:00 PM,30,NO CONTROLS,CLEAR,"DARKNESS, LIGHTED ROAD",DIVIDED - W/MEDIAN (NOT RAISED),DRY,INJURY AND / OR TOW DUE TO CRASH,,IMPROPER LANE USAGE,3413,N,HARLEM AVE,,INCAPACITATING INJURY,0,1,0,21,3,6,41.94206067,-87.80674505
10/6/2022 22:00,30,NO CONTROLS,CLEAR,"DARKNESS, LIGHTED ROAD",DIVIDED - W/MEDIAN (NOT RAISED),DRY,NO INJURY / DRIVE AWAY,,UNABLE TO DETERMINE,2935,W,59TH ST,,NO INDICATION OF INJURY,0,0,0,22,5,10,41.78623527,-87.69739621
08/25/2018 05:20:00 PM,30,NO CONTROLS,CLEAR,DAYLIGHT,NOT DIVIDED,DRY,NO INJURY / DRIVE AWAY,,UNABLE TO DETERMINE,1230,N,STATE PKWY,,NO INDICATION OF INJURY,0,0,0,17,7,8,41.9048061,-87.62885569
5/4/2022 7:30,25,TRAFFIC SIGNAL,CLEAR,DAYLIGHT,NOT DIVIDED,DRY,INJURY AND / OR TOW DUE TO CRASH,,FAILING TO REDUCE SPEED TO AVOID CRASH,201,N,WESTERN AVE,,NONINCAPACITATING INJURY,0,0,1,7,4,5,41.88469057,-87.68638294
09/30/2023 01:04:00 PM,30,UNKNOWN,CLEAR,DAYLIGHT,DIVIDED - W/MEDIAN (NOT RAISED),DRY,INJURY AND / OR TOW DUE TO CRASH,,NOT APPLICABLE,9628,S,BEVERLY AVE,,NONINCAPACITATING INJURY,0,0,1,13,7,9,41.71854202,-87.66206772
10/18/2017 08:30:00 PM,30,STOP SIGN/FLASHER,CLEAR,DARKNESS,NOT DIVIDED,DRY,INJURY AND / OR TOW DUE TO CRASH,N,NOT APPLICABLE,4801,W,LAKE ST,,"REPORTED, NOT EVIDENT",0,0,0,20,4,10,41.88653026,-87.74563153
09/21/2020 05:54:00 PM,30,NO CONTROLS,UNKNOWN,UNKNOWN,ROUNDABOUT,UNKNOWN,INJURY AND / OR TOW DUE TO CRASH,,DRIVING ON WRONG SIDE/WRONG WAY,130,E,RANDOLPH ST,,NONINCAPACITATING INJURY,0,0,1,17,2,9,41.88458837,-87.62327256
10/8/2023 1:34,30,TRAFFIC SIGNAL,CLEAR,"DARKNESS, LIGHTED ROAD",FOUR WAY,DRY,INJURY AND / OR TOW DUE TO CRASH,,UNABLE TO DETERMINE,800,W,DIVISION ST,,NONINCAPACITATING INJURY,0,0,1,1,1,10,41.90374556,-87.64816701
6/12/2022 14:20,30,NO CONTROLS,CLEAR,DAYLIGHT,NOT DIVIDED,DRY,INJURY AND / OR TOW DUE TO CRASH,,UNABLE TO DETERMINE,3411,W,PALMER ST,Y,NONINCAPACITATING INJURY,0,0,1,14,1,6,41.92088771,-87.71247843
09/29/2018 01:00:00 PM,30,TRAFFIC SIGNAL,CLEAR,DAYLIGHT,NOT DIVIDED,DRY,INJURY AND / OR TOW DUE TO CRASH,,IMPROPER OVERTAKING/PASSING,2418,N,OAK PARK AVE,,NONINCAPACITATING INJURY,0,0,1,13,7,9,41.92419509,-87.7954083
04/20/2019 12:57:00 PM,30,TRAFFIC SIGNAL,CLEAR,DAYLIGHT,DIVIDED - W/MEDIAN (NOT RAISED),DRY,NO INJURY / DRIVE AWAY,,EQUIPMENT - VEHICLE CONDITION,1000,W,ARGYLE ST,,NO INDICATION OF INJURY,0,0,0,12,7,4,41.97342156,-87.6550021
07/22/2019 01:20:00 PM,30,NO CONTROLS,CLEAR,DAYLIGHT,ALLEY,DRY,INJURY AND / OR TOW DUE TO CRASH,,FAILING TO YIELD RIGHT-OF-WAY,18,W,MONROE ST,,NONINCAPACITATING INJURY,0,0,1,13,2,7,41.88084814,-87.62843558
11/2/2023 16:39,15,NO CONTROLS,CLEAR,DAYLIGHT,ALLEY,DRY,INJURY AND / OR TOW DUE TO CRASH,,UNABLE TO DETERMINE,1617,N,ASHLAND AVE,,"REPORTED, NOT EVIDENT",0,0,0,16,5,11,41.9111754,-87.66755825
07/21/2022 01:20:00 PM,30,NO CONTROLS,CLEAR,DAYLIGHT,NOT DIVIDED,DRY,INJURY AND / OR TOW DUE TO CRASH,,UNABLE TO DETERMINE,3222,W,63RD ST,,INCAPACITATING INJURY,0,1,0,13,5,7,41.77906768,-87.70408848
08/23/2019 10:15:00 AM,30,TRAFFIC SIGNAL,CLEAR,DAYLIGHT,NOT DIVIDED,DRY,NO INJURY / DRIVE AWAY,,FOLLOWING TOO CLOSELY,840,N,MICHIGAN AVE,,NO INDICATION OF INJURY,0,0,0,10,6,8,41.89794972,-87.62424113
07/24/2021 09:45:00 PM,30,TRAFFIC SIGNAL,CLEAR,"DARKNESS, LIGHTED ROAD",DIVIDED - W/MEDIAN (NOT RAISED),DRY,NO INJURY / DRIVE AWAY,,IMPROPER OVERTAKING/PASSING,1607,N,KOSTNER AVE,,NO INDICATION OF INJURY,0,0,0,21,7,7,41.91009471,-87.73603565
8/9/2019 18:32,35,TRAFFIC SIGNAL,CLEAR,DAYLIGHT,DIVIDED - W/MEDIAN (NOT RAISED),DRY,INJURY AND / OR TOW DUE TO CRASH,,UNABLE TO DETERMINE,3139,W,PETERSON AVE,,"REPORTED, NOT EVIDENT",0,0,0,18,6,8,41.99028156,-87.70831398
9/2/2021 12:50,30,TRAFFIC SIGNAL,CLEAR,DAYLIGHT,NOT DIVIDED,DRY,INJURY AND / OR TOW DUE TO CRASH,Y,UNABLE TO DETERMINE,2605,W,NORTH AVE,,INCAPACITATING INJURY,0,1,0,12,5,9,41.91015371,-87.69232522
06/16/2021 08:10:00 AM,30,NO CONTROLS,CLEAR,DAYLIGHT,Y-INTERSECTION,DRY,INJURY AND / OR TOW DUE TO CRASH,,FAILING TO YIELD RIGHT-OF-WAY,660,N,MILWAUKEE AVE,,NONINCAPACITATING INJURY,0,0,1,8,4,6,41.89359184,-87.65153448
5/3/2019 7:25,35,NO CONTROLS,CLEAR,DAYLIGHT,DIVIDED - W/MEDIAN (NOT RAISED),DRY,INJURY AND / OR TOW DUE TO CRASH,,NOT APPLICABLE,4323,W,ADDISON ST,Y,NONINCAPACITATING INJURY,0,0,1,7,6,5,41.94615335,-87.73615554
10/1/2022 9:45,30,UNKNOWN,CLEAR,DAYLIGHT,NOT DIVIDED,DRY,INJURY AND / OR TOW DUE TO CRASH,Y,UNABLE TO DETERMINE,1255,N,SANDBURG TER,,"REPORTED, NOT EVIDENT",0,0,0,9,7,10,41.90555929,-87.63200845
9/12/2018 9:05,30,TRAFFIC SIGNAL,CLEAR,DAYLIGHT,DIVIDED - W/MEDIAN (NOT RAISED),DRY,INJURY AND / OR TOW DUE TO CRASH,,UNABLE TO DETERMINE,5664,N,BROADWAY,,NONINCAPACITATING INJURY,0,0,1,9,4,9,41.98536825,-87.66027021
7/12/2018 12:15,15,NO CONTROLS,CLEAR,DAYLIGHT,ALLEY,DRY,NO INJURY / DRIVE AWAY,,"VISION OBSCURED (SIGNS, TREE LIMBS, BUILDINGS, ETC.)",31,S,FRANKLIN ST,,NO INDICATION OF INJURY,0,0,0,12,5,7,41.88101893,-87.63514449
8/2/2017 23:10,30,NO CONTROLS,CLEAR,"DARKNESS, LIGHTED ROAD",PARKING LOT,DRY,INJURY AND / OR TOW DUE TO CRASH,,UNABLE TO DETERMINE,6150,N,NORTHWEST HWY,,NONINCAPACITATING INJURY,0,0,1,23,4,8,41.99336502,-87.80097557
09/17/2018 08:55:00 AM,20,NO CONTROLS,CLEAR,DAYLIGHT,ONE-WAY,DRY,INJURY AND / OR TOW DUE TO CRASH,,UNABLE TO DETERMINE,6310,S,OAKLEY AVE,,"REPORTED, NOT EVIDENT",0,0,0,8,2,9,41.77884636,-87.68120354
09/27/2021 06:00:00 PM,30,TRAFFIC SIGNAL,CLEAR,DAYLIGHT,Y-INTERSECTION,DRY,NO INJURY / DRIVE AWAY,,UNABLE TO DETERMINE,500,W,DICKENS AVE,,NO INDICATION OF INJURY,0,0,0,18,2,9,41.92021839,-87.64136819
2/4/2022 13:55,30,NO CONTROLS,CLEAR,DAYLIGHT,NOT DIVIDED,SNOW OR SLUSH,INJURY AND / OR TOW DUE TO CRASH,Y,FAILING TO YIELD RIGHT-OF-WAY,4002,W,MAYPOLE AVE,,INCAPACITATING INJURY,0,1,0,13,6,2,41.88478644,-87.72593038
3/7/2020 16:44,30,STOP SIGN/FLASHER,CLEAR,DAYLIGHT,T-INTERSECTION,DRY,INJURY AND / OR TOW DUE TO CRASH,,IMPROPER OVERTAKING/PASSING,2330,N,GENEVA TER,,NONINCAPACITATING INJURY,0,0,1,16,7,3,41.92456871,-87.64402046
7/6/2018 17:20,30,TRAFFIC SIGNAL,CLEAR,DAWN,NOT DIVIDED,DRY,INJURY AND / OR TOW DUE TO CRASH,,UNABLE TO DETERMINE,2400,N,DAMEN AVE,,NONINCAPACITATING INJURY,0,0,1,17,6,7,41.92503801,-87.67804719
07/21/2021 07:00:00 PM,30,TRAFFIC SIGNAL,CLEAR,DAYLIGHT,FOUR WAY,DRY,NO INJURY / DRIVE AWAY,,DRIVING SKILLS/KNOWLEDGE/EXPERIENCE,45,E,GRAND AVE,,NO INDICATION OF INJURY,0,0,0,19,4,7,41.89158123,-87.6263001
3/7/2023 8:30,30,STOP SIGN/FLASHER,CLEAR,DAYLIGHT,T-INTERSECTION,DRY,INJURY AND / OR TOW DUE TO CRASH,,FAILING TO YIELD RIGHT-OF-WAY,3478,N,ELSTON AVE,,NONINCAPACITATING INJURY,0,0,1,8,3,3,41.94439869,-87.70581389
08/22/2022 03:20:00 PM,35,TRAFFIC SIGNAL,CLEAR,DAYLIGHT,FOUR WAY,DRY,INJURY AND / OR TOW DUE TO CRASH,Y,UNABLE TO DETERMINE,1559,W,71ST ST,,NONINCAPACITATING INJURY,0,0,1,15,2,8,41.76479973,-87.66373479
09/26/2018 09:00:00 AM,30,UNKNOWN,CLEAR,DAYLIGHT,DIVIDED - W/MEDIAN BARRIER,DRY,INJURY AND / OR TOW DUE TO CRASH,Y,UNABLE TO DETERMINE,1720,E,71ST ST,,NONINCAPACITATING INJURY,0,0,1,9,4,9,41.76628446,-87.5828819
07/31/2019 05:12:00 AM,30,TRAFFIC SIGNAL,CLEAR,DAWN,FOUR WAY,DRY,INJURY AND / OR TOW DUE TO CRASH,,DISREGARDING TRAFFIC SIGNALS,4400,W,ARMITAGE AVE,,NONINCAPACITATING INJURY,0,0,1,5,4,7,41.91715395,-87.73639149
04/16/2021 05:04:00 PM,30,TRAFFIC SIGNAL,CLEAR,DAYLIGHT,NOT DIVIDED,DRY,INJURY AND / OR TOW DUE TO CRASH,,FAILING TO YIELD RIGHT-OF-WAY,1600,W,CORTLAND ST,,NONINCAPACITATING INJURY,0,0,1,17,6,4,41.91623534,-87.66783777
6/9/2018 19:25,35,NO CONTROLS,CLEAR,DUSK,NOT DIVIDED,DRY,NO INJURY / DRIVE AWAY,Y,"OPERATING VEHICLE IN ERRATIC, RECKLESS, CARELESS, NEGLIGENT OR AGGRESSIVE MANNER",2211,N,MILWAUKEE AVE,,NO INDICATION OF INJURY,0,0,0,19,7,6,41.92107616,-87.69413786
9/9/2021 9:55,30,NO CONTROLS,CLEAR,DAYLIGHT,NOT DIVIDED,DRY,INJURY AND / OR TOW DUE TO CRASH,,UNABLE TO DETERMINE,79,E,MONROE ST,Y,NONINCAPACITATING INJURY,0,0,1,9,5,9,41.88070773,-87.62478197
9/4/2020 20:40,30,NO CONTROLS,CLEAR,"DARKNESS, LIGHTED ROAD",DIVIDED - W/MEDIAN (NOT RAISED),DRY,INJURY AND / OR TOW DUE TO CRASH,,FAILING TO YIELD RIGHT-OF-WAY,508,W,DIVERSEY PKWY,Y,NONINCAPACITATING INJURY,0,0,1,20,6,9,41.93297097,-87.64178741
10/12/2019 19:30,25,NO CONTROLS,CLEAR,"DARKNESS, LIGHTED ROAD",NOT DIVIDED,DRY,INJURY AND / OR TOW DUE TO CRASH,,IMPROPER BACKING,6753,N,SHERIDAN RD,,NONINCAPACITATING INJURY,0,0,1,19,7,10,42.00508369,-87.6607269
5/12/2019 20:50,30,NO CONTROLS,RAIN,"DARKNESS, LIGHTED ROAD",NOT DIVIDED,WET,INJURY AND / OR TOW DUE TO CRASH,,IMPROPER OVERTAKING/PASSING,64,E,LAKE ST,,"REPORTED, NOT EVIDENT",0,0,0,20,1,5,41.88583998,-87.62568699
06/23/2020 12:45:00 PM,30,NO CONTROLS,CLEAR,DAYLIGHT,NOT DIVIDED,DRY,INJURY AND / OR TOW DUE TO CRASH,,FAILING TO REDUCE SPEED TO AVOID CRASH,3758,N,LINCOLN AVE,,NONINCAPACITATING INJURY,0,0,1,12,3,6,41.95039782,-87.6763127
09/22/2018 06:30:00 PM,30,NO CONTROLS,CLEAR,DAYLIGHT,DIVIDED - W/MEDIAN (NOT RAISED),DRY,INJURY AND / OR TOW DUE TO CRASH,,FOLLOWING TOO CLOSELY,446,N,STATE ST,,NONINCAPACITATING INJURY,0,0,1,18,7,9,41.8906789,-87.6281787
11/6/2019 17:35,30,NO CONTROLS,CLEAR,DAYLIGHT,NOT DIVIDED,DRY,NO INJURY / DRIVE AWAY,,UNABLE TO DETERMINE,6400,W,GREGORY ST,,NO INDICATION OF INJURY,0,0,0,17,4,11,41.9821708,-87.78777518
8/11/2017 17:55,30,STOP SIGN/FLASHER,CLEAR,DAYLIGHT,NOT DIVIDED,DRY,INJURY AND / OR TOW DUE TO CRASH,,FAILING TO YIELD RIGHT-OF-WAY,2101,W,DIVERSEY PKWY,,NONINCAPACITATING INJURY,0,0,1,17,6,8,41.93214392,-87.68079766
7/9/2020 21:45,30,NO CONTROLS,CLEAR,"DARKNESS, LIGHTED ROAD",DIVIDED - W/MEDIAN (NOT RAISED),DRY,NO INJURY / DRIVE AWAY,Y,UNABLE TO DETERMINE,7100,S,VINCENNES AVE,,NO INDICATION OF INJURY,0,0,0,21,5,7,41.76546593,-87.62807368
09/17/2019 11:50:00 AM,30,NO CONTROLS,CLEAR,DAYLIGHT,DIVIDED - W/MEDIAN (NOT RAISED),DRY,INJURY AND / OR TOW DUE TO CRASH,Y,"OPERATING VEHICLE IN ERRATIC, RECKLESS, CARELESS, NEGLIGENT OR AGGRESSIVE MANNER",2048,W,ARMITAGE AVE,,NONINCAPACITATING INJURY,0,0,1,11,3,9,41.91782992,-87.67953075
07/26/2019 03:35:00 PM,30,TRAFFIC SIGNAL,CLEAR,DAYLIGHT,ONE-WAY,DRY,NO INJURY / DRIVE AWAY,,UNABLE TO DETERMINE,535,W,JACKSON BLVD,,NO INDICATION OF INJURY,0,0,0,15,6,7,41.87791733,-87.64099332
08/16/2022 06:32:00 PM,30,STOP SIGN/FLASHER,CLEAR,DAYLIGHT,T-INTERSECTION,DRY,INJURY AND / OR TOW DUE TO CRASH,,DISREGARDING STOP SIGN,6200,N,OAKLEY AVE,,NONINCAPACITATING INJURY,0,0,1,18,3,8,41.99422291,-87.68746366
12/5/2022 16:25,20,STOP SIGN/FLASHER,CLEAR,"DARKNESS, LIGHTED ROAD",FOUR WAY,DRY,INJURY AND / OR TOW DUE TO CRASH,,UNABLE TO DETERMINE,2857,N,MAJOR AVE,,NONINCAPACITATING INJURY,0,0,1,16,2,12,41.93292259,-87.76858587
06/22/2017 01:00:00 PM,30,STOP SIGN/FLASHER,CLEAR,DAYLIGHT,NOT DIVIDED,DRY,INJURY AND / OR TOW DUE TO CRASH,,DISREGARDING STOP SIGN,2300,W,21ST ST,,"REPORTED, NOT EVIDENT",0,0,0,13,5,6,41.85400478,-87.68336292
6/7/2021 9:50,30,NO CONTROLS,CLEAR,DAYLIGHT,ONE-WAY,DRY,NO INJURY / DRIVE AWAY,,FAILING TO YIELD RIGHT-OF-WAY,2453,S,DR MARTIN LUTHER KING JR DR,,NO INDICATION OF INJURY,0,0,0,9,2,6,41.84782225,-87.61724607
5/11/2021 17:23,30,NO CONTROLS,CLEAR,DAYLIGHT,DIVIDED - W/MEDIAN (NOT RAISED),DRY,INJURY AND / OR TOW DUE TO CRASH,,NOT APPLICABLE,2951,N,MILWAUKEE AVE,,INCAPACITATING INJURY,0,1,0,17,3,5,41.93496086,-87.71683368
2/11/2020 12:30,30,NO CONTROLS,CLEAR,DAYLIGHT,NOT DIVIDED,UNKNOWN,INJURY AND / OR TOW DUE TO CRASH,,IMPROPER OVERTAKING/PASSING,3000,N,HALSTED ST,,"REPORTED, NOT EVIDENT",0,0,0,12,3,2,41.93644801,-87.64929075
06/22/2022 05:00:00 PM,30,STOP SIGN/FLASHER,UNKNOWN,DAYLIGHT,NOT DIVIDED,UNKNOWN,INJURY AND / OR TOW DUE TO CRASH,Y,UNABLE TO DETERMINE,7902,W,BELMONT AVE,,NONINCAPACITATING INJURY,0,0,1,17,4,6,41.93789861,-87.82399686
10/18/2021 05:55:00 PM,30,TRAFFIC SIGNAL,CLEAR,DAYLIGHT,NOT DIVIDED,DRY,INJURY AND / OR TOW DUE TO CRASH,N,"VISION OBSCURED (SIGNS, TREE LIMBS, BUILDINGS, ETC.)",1550,E,55TH ST,,NONINCAPACITATING INJURY,0,0,1,17,2,10,41.79529788,-87.58788018
12/9/2021 15:45,30,NO CONTROLS,CLEAR,DAYLIGHT,NOT DIVIDED,DRY,INJURY AND / OR TOW DUE TO CRASH,Y,IMPROPER OVERTAKING/PASSING,6600,S,DR MARTIN LUTHER KING JR DR,,"REPORTED, NOT EVIDENT",0,0,0,15,5,12,41.77469346,-87.61563682
11/9/2020 17:36,30,STOP SIGN/FLASHER,CLEAR,"DARKNESS, LIGHTED ROAD",T-INTERSECTION,DRY,INJURY AND / OR TOW DUE TO CRASH,,FAILING TO YIELD RIGHT-OF-WAY,732,N,LAKE SHORE DR,,NONINCAPACITATING INJURY,0,0,1,17,2,11,41.89586852,-87.61655823
10/11/2018 17:22,30,STOP SIGN/FLASHER,CLEAR,DAYLIGHT,NOT DIVIDED,DRY,NO INJURY / DRIVE AWAY,,DRIVING SKILLS/KNOWLEDGE/EXPERIENCE,1400,W,49TH ST,,NO INDICATION OF INJURY,0,0,0,17,5,10,41.8051379,-87.66007554
08/22/2022 01:45:00 PM,25,NO CONTROLS,CLEAR,DAYLIGHT,ONE-WAY,DRY,NO INJURY / DRIVE AWAY,,DISTRACTION - FROM OUTSIDE VEHICLE,2415,W,101ST ST,,NO INDICATION OF INJURY,0,0,0,13,2,8,41.70991195,-87.68241291
5/9/2019 22:25,30,NO CONTROLS,CLEAR,"DARKNESS, LIGHTED ROAD",DIVIDED - W/MEDIAN (NOT RAISED),DRY,NO INJURY / DRIVE AWAY,,NOT APPLICABLE,5501,N,CLARK ST,Y,NO INDICATION OF INJURY,0,0,0,22,5,5,41.98172337,-87.66828766
10/25/2022 08:45:00 AM,30,TRAFFIC SIGNAL,RAIN,DAYLIGHT,NOT DIVIDED,WET,NO INJURY / DRIVE AWAY,,FAILING TO YIELD RIGHT-OF-WAY,1783,N,CLYBOURN AVE,,NO INDICATION OF INJURY,0,0,0,8,3,10,41.91355803,-87.65299008
09/19/2020 04:32:00 PM,25,TRAFFIC SIGNAL,CLEAR,DAYLIGHT,NOT DIVIDED,DRY,INJURY AND / OR TOW DUE TO CRASH,,FAILING TO YIELD RIGHT-OF-WAY,6900,W,DEVON AVE,,NONINCAPACITATING INJURY,0,0,1,16,7,9,41.99692451,-87.7988619
5/3/2022 17:28,30,STOP SIGN/FLASHER,RAIN,DAYLIGHT,DIVIDED - W/MEDIAN (NOT RAISED),WET,INJURY AND / OR TOW DUE TO CRASH,,FAILING TO YIELD RIGHT-OF-WAY,1499,W,HENDERSON ST,,NONINCAPACITATING INJURY,0,0,1,17,3,5,41.94235827,-87.66619199
08/25/2023 07:48:00 AM,30,TRAFFIC SIGNAL,CLEAR,DAYLIGHT,DIVIDED - W/MEDIAN (NOT RAISED),DRY,INJURY AND / OR TOW DUE TO CRASH,,FAILING TO YIELD RIGHT-OF-WAY,4359,W,CHICAGO AVE,,"REPORTED, NOT EVIDENT",0,0,0,7,6,8,41.8950765,-87.73587859
8/5/2022 18:40,30,OTHER,CLEAR,DAYLIGHT,NOT DIVIDED,DRY,INJURY AND / OR TOW DUE TO CRASH,,DRIVING SKILLS/KNOWLEDGE/EXPERIENCE,1443,N,WELLS ST,Y,INCAPACITATING INJURY,0,1,0,18,6,8,41.90891785,-87.63449344
07/27/2018 07:58:00 AM,30,TRAFFIC SIGNAL,CLEAR,DAYLIGHT,ONE-WAY,DRY,INJURY AND / OR TOW DUE TO CRASH,,UNABLE TO DETERMINE,33,W,SUPERIOR ST,,NONINCAPACITATING INJURY,0,0,1,7,6,7,41.89554992,-87.62958829
10/2/2018 14:53,15,NO CONTROLS,CLEAR,DAYLIGHT,NOT DIVIDED,DRY,INJURY AND / OR TOW DUE TO CRASH,,FAILING TO YIELD RIGHT-OF-WAY,4745,W,61ST ST,,NONINCAPACITATING INJURY,0,0,1,14,3,10,41.78198054,-87.74175646
11/10/2020 11:40,30,TRAFFIC SIGNAL,CLOUDY/OVERCAST,DAYLIGHT,NOT DIVIDED,DRY,NO INJURY / DRIVE AWAY,,IMPROPER TURNING/NO SIGNAL,598,S,WESTERN AVE,,NO INDICATION OF INJURY,0,0,0,11,3,11,41.87394566,-87.6863821
10/13/2023 11:30:00 PM,30,TRAFFIC SIGNAL,RAIN,"DARKNESS, LIGHTED ROAD",NOT DIVIDED,WET,NO INJURY / DRIVE AWAY,,FAILING TO YIELD RIGHT-OF-WAY,3955,N,WESTERN AVE,,NO INDICATION OF INJURY,0,0,0,23,6,10,41.95384923,-87.68831486
2/5/2019 15:20,30,NO CONTROLS,CLEAR,DAYLIGHT,PARKING LOT,WET,NO INJURY / DRIVE AWAY,Y,FOLLOWING TOO CLOSELY,7538,S,ASHLAND AVE,,NO INDICATION OF INJURY,0,0,0,15,3,2,41.75643089,-87.66373453
10/7/2015 19:00,30,NO CONTROLS,CLEAR,"DARKNESS, LIGHTED ROAD",DIVIDED - W/MEDIAN BARRIER,DRY,NO INJURY / DRIVE AWAY,,UNABLE TO DETERMINE,225,N,STATE ST,,NO INDICATION OF INJURY,0,0,0,19,4,10,41.88642083,-87.62780852
9/7/2018 17:40,30,STOP SIGN/FLASHER,CLEAR,DAYLIGHT,NOT DIVIDED,DRY,INJURY AND / OR TOW DUE TO CRASH,,FAILING TO YIELD RIGHT-OF-WAY,4901,N,MARINE DR,,NONINCAPACITATING INJURY,0,0,1,17,6,9,41.97170924,-87.6502909
4/4/2018 8:00,30,STOP SIGN/FLASHER,CLEAR,DAYLIGHT,NOT DIVIDED,ICE,INJURY AND / OR TOW DUE TO CRASH,,IMPROPER OVERTAKING/PASSING,3900,N,SOUTHPORT AVE,,"REPORTED, NOT EVIDENT",0,0,0,8,4,4,41.95262239,-87.66431813
6/7/2021 6:38,30,NO CONTROLS,CLOUDY/OVERCAST,DAYLIGHT,ONE-WAY,DRY,INJURY AND / OR TOW DUE TO CRASH,,FAILING TO YIELD RIGHT-OF-WAY,111,S,CLINTON ST,,NONINCAPACITATING INJURY,0,0,1,6,2,6,41.88020479,-87.64099517