CRASH_DATE,POSTED_SPEED_LIMIT,TRAFFIC_CONTROL_DEVICE,WEATHER_CONDITION,LIGHTING_CONDITION,TRAFFICWAY_TYPE,ROADWAY_SURFACE_COND,CRASH_TYPE,HIT_AND_RUN_I,PRIM_CONTRIBUTORY_CAUSE,STREET_NO,STREET_DIRECTION,STREET_NAME,DOORING_I,MOST_SEVERE_INJURY,INJURIES_FATAL,INJURIES_INCAPACITATING,INJURIES_NON_INCAPACITATING,CRASH_HOUR,CRASH_DAY_OF_WEEK,CRASH_MONTH,LATITUDE,LONGITUDE
09/14/2022 03:50:00 PM,30,TRAFFIC SIGNAL,CLEAR,DAYLIGHT,NOT DIVIDED,DRY,INJURY AND / OR TOW DUE TO CRASH,,"VISION OBSCURED (SIGNS, TREE LIMBS, BUILDINGS, ETC.)",2310,W,LOGAN BLVD,,INCAPACITATING INJURY,0,1,0,15,4,9,41.93029546,-87.68581874
04/27/2017 07:00:00 PM,30,OTHER,CLEAR,DARKNESS,NOT DIVIDED,DRY,INJURY AND / OR TOW DUE TO CRASH,,NOT APPLICABLE,4751,S,ROCKWELL ST,,NONINCAPACITATING INJURY,0,0,1,19,5,4,41.80689399,-87.68913611
09/25/2017 05:10:00 PM,30,NO CONTROLS,CLEAR,DAYLIGHT,NOT DIVIDED,DRY,INJURY AND / OR TOW DUE TO CRASH,,UNABLE TO DETERMINE,5128,N,CLARK ST,Y,NONINCAPACITATING INJURY,0,0,1,17,2,9,41.97522362,-87.66845901
08/14/2020 09:54:00 AM,30,STOP SIGN/FLASHER,CLEAR,DAYLIGHT,FOUR WAY,DRY,INJURY AND / OR TOW DUE TO CRASH,,PHYSICAL CONDITION OF DRIVER,2900,E,94TH ST,,INCAPACITATING INJURY,0,1,0,9,6,8,41.72469003,-87.55376763
7/1/2018 18:10,30,TRAFFIC SIGNAL,CLEAR,DAYLIGHT,NOT DIVIDED,DRY,NO INJURY / DRIVE AWAY,,FOLLOWING TOO CLOSELY,50,N,HOYNE AVE,,NO INDICATION OF INJURY,0,0,0,18,1,7,41.8828067,-87.67926811
05/13/2019 04:27:00 PM,30,NO CONTROLS,CLEAR,DAYLIGHT,ALLEY,DRY,NO INJURY / DRIVE AWAY,Y,FAILING TO YIELD RIGHT-OF-WAY,600,W,WRIGHTWOOD AVE,,NO INDICATION OF INJURY,0,0,0,16,2,5,41.92971865,-87.64314553
09/23/2015 06:00:00 PM,30,NO CONTROLS,CLEAR,DAYLIGHT,DRIVEWAY,DRY,NO INJURY / DRIVE AWAY,,UNABLE TO DETERMINE,1030,N,CLARK ST,,NO INDICATION OF INJURY,0,0,0,18,4,9,41.90153198,-87.63152607
6/1/2017 12:45,30,TRAFFIC SIGNAL,CLEAR,DAYLIGHT,DIVIDED - W/MEDIAN BARRIER,DRY,NO INJURY / DRIVE AWAY,,FOLLOWING TOO CLOSELY,830,N,MICHIGAN AVE,,NO INDICATION OF INJURY,0,0,0,12,5,6,41.89762925,-87.62427007
09/29/2020 09:40:00 AM,30,TRAFFIC SIGNAL,CLEAR,DAYLIGHT,NOT DIVIDED,DRY,NO INJURY / DRIVE AWAY,,UNABLE TO DETERMINE,1000,W,GRANVILLE AVE,,NO INDICATION OF INJURY,0,0,0,9,3,9,41.99471098,-87.65558699
7/12/2023 6:55,30,NO CONTROLS,RAIN,DAYLIGHT,NOT DIVIDED,WET,INJURY AND / OR TOW DUE TO CRASH,,UNABLE TO DETERMINE,2745,N,CANNON DR,,NONINCAPACITATING INJURY,0,0,1,6,4,7,41.93226101,-87.63838796
8/12/2017 15:38,30,TRAFFIC SIGNAL,CLEAR,DAYLIGHT,NOT DIVIDED,DRY,NO INJURY / DRIVE AWAY,,FAILING TO YIELD RIGHT-OF-WAY,1600,E,53RD ST,N,NO INDICATION OF INJURY,0,0,0,15,7,8,41.79968771,-87.58640355
10/25/2018 05:27:00 PM,30,NO CONTROLS,CLEAR,"DARKNESS, LIGHTED ROAD",OTHER,DRY,INJURY AND / OR TOW DUE TO CRASH,Y,FAILING TO YIELD RIGHT-OF-WAY,7809,S,STATE ST,,NONINCAPACITATING INJURY,0,0,1,17,5,10,41.7524956,-87.62445186
11/1/2022 16:50,30,TRAFFIC SIGNAL,CLEAR,DAYLIGHT,FOUR WAY,DRY,INJURY AND / OR TOW DUE TO CRASH,,UNABLE TO DETERMINE,3600,N,MILWAUKEE AVE,,NONINCAPACITATING INJURY,0,0,1,16,3,11,41.94623744,-87.73581066
06/14/2019 05:54:00 PM,15,NO CONTROLS,CLEAR,DUSK,OTHER,DRY,INJURY AND / OR TOW DUE TO CRASH,Y,UNABLE TO DETERMINE,6159,W,EDDY ST,,NONINCAPACITATING INJURY,0,0,1,17,6,6,41.94469588,-87.78121123
06/16/2017 01:24:00 AM,30,STOP SIGN/FLASHER,RAIN,"DARKNESS, LIGHTED ROAD",ONE-WAY,WET,INJURY AND / OR TOW DUE TO CRASH,,DRIVING ON WRONG SIDE/WRONG WAY,830,W,FULTON MARKET,,NONINCAPACITATING INJURY,0,0,1,1,6,6,41.88689679,-87.64862215
10/19/2020 08:10:00 PM,30,NO CONTROLS,CLEAR,"DARKNESS, LIGHTED ROAD",NOT DIVIDED,DRY,INJURY AND / OR TOW DUE TO CRASH,,UNABLE TO DETERMINE,610,W,HARRISON ST,Y,NONINCAPACITATING INJURY,0,0,1,20,2,10,41.87447484,-87.64293853
8/5/2016 14:00,30,NO CONTROLS,CLEAR,DAYLIGHT,NOT DIVIDED,DRY,NO INJURY / DRIVE AWAY,,UNABLE TO DETERMINE,658,N,LA SALLE DR,,NO INDICATION OF INJURY,0,0,0,14,6,8,41.8940496,-87.63280877
08/27/2022 09:33:00 PM,30,NO CONTROLS,CLEAR,"DARKNESS, LIGHTED ROAD",DIVIDED - W/MEDIAN (NOT RAISED),DRY,INJURY AND / OR TOW DUE TO CRASH,Y,UNABLE TO DETERMINE,913,W,WELLINGTON AVE,,NONINCAPACITATING INJURY,0,0,1,21,7,8,41.93619771,-87.65213381
08/23/2018 12:25:00 PM,30,NO CONTROLS,CLEAR,DAYLIGHT,NOT DIVIDED,DRY,NO INJURY / DRIVE AWAY,,FAILING TO YIELD RIGHT-OF-WAY,1419,W,CARROLL AVE,,NO INDICATION OF INJURY,0,0,0,12,5,8,41.88732928,-87.66330569
6/5/2019 13:30,30,STOP SIGN/FLASHER,CLEAR,DAYLIGHT,ONE-WAY,DRY,INJURY AND / OR TOW DUE TO CRASH,Y,DRIVING ON WRONG SIDE/WRONG WAY,5232,W,THOMAS ST,,NONINCAPACITATING INJURY,0,0,1,13,4,6,41.90051378,-87.75710755
10/25/2021 02:50:00 PM,30,TRAFFIC SIGNAL,RAIN,DAYLIGHT,FOUR WAY,WET,NO INJURY / DRIVE AWAY,Y,FAILING TO YIELD RIGHT-OF-WAY,2600,N,SACRAMENTO AVE,,NO INDICATION OF INJURY,0,0,0,14,2,10,41.92874408,-87.7025753
6/2/2017 9:05,30,STOP SIGN/FLASHER,CLEAR,DAYLIGHT,OTHER,DRY,INJURY AND / OR TOW DUE TO CRASH,,FAILING TO YIELD RIGHT-OF-WAY,4401,W,LAWRENCE AVE,,NONINCAPACITATING INJURY,0,0,1,9,6,6,41.96802328,-87.73796319
10/24/2022 05:45:00 PM,30,TRAFFIC SIGNAL,CLEAR,DAYLIGHT,NOT DIVIDED,DRY,NO INJURY / DRIVE AWAY,Y,NOT APPLICABLE,5500,S,CALIFORNIA AVE,,NO INDICATION OF INJURY,0,0,0,17,2,10,41.79359751,-87.69394205
10/6/2023 10:20,30,TRAFFIC SIGNAL,CLEAR,DAYLIGHT,FOUR WAY,DRY,NO INJURY / DRIVE AWAY,,UNABLE TO DETERMINE,5600,W,IRVING PARK RD,,NO INDICATION OF INJURY,0,0,0,10,6,10,41.95329285,-87.76706571
04/24/2019 09:43:00 PM,30,NO CONTROLS,CLEAR,"DARKNESS, LIGHTED ROAD",NOT DIVIDED,DRY,INJURY AND / OR TOW DUE TO CRASH,,DISTRACTION - FROM INSIDE VEHICLE,2718,N,CICERO AVE,,NONINCAPACITATING INJURY,0,0,1,21,4,4,41.93025799,-87.74668796
06/14/2020 07:00:00 PM,30,UNKNOWN,CLEAR,DAYLIGHT,NOT DIVIDED,UNKNOWN,INJURY AND / OR TOW DUE TO CRASH,Y,UNABLE TO DETERMINE,1655,N,HALSTED ST,Y,NONINCAPACITATING INJURY,0,0,1,19,1,6,41.91246415,-87.64817447
06/16/2022 09:00:00 AM,25,NO CONTROLS,UNKNOWN,UNKNOWN,NOT DIVIDED,UNKNOWN,NO INJURY / DRIVE AWAY,Y,UNABLE TO DETERMINE,804,W,LELAND AVE,,NO INDICATION OF INJURY,0,0,0,9,5,6,41.96745743,-87.65030806
07/28/2021 05:00:00 PM,35,NO CONTROLS,CLEAR,DAYLIGHT,DIVIDED - W/MEDIAN (NOT RAISED),DRY,INJURY AND / OR TOW DUE TO CRASH,,FAILING TO YIELD RIGHT-OF-WAY,1550,N,MILWAUKEE AVE,Y,NONINCAPACITATING INJURY,0,0,1,17,4,7,41.90959687,-87.67647151
06/15/2022 06:48:00 PM,30,NO CONTROLS,CLEAR,DAYLIGHT,ALLEY,DRY,INJURY AND / OR TOW DUE TO CRASH,,UNABLE TO DETERMINE,3150,W,27TH ST,,NONINCAPACITATING INJURY,0,0,1,18,4,6,41.84281228,-87.70458713
09/19/2019 06:10:00 PM,35,STOP SIGN/FLASHER,CLEAR,"DARKNESS, LIGHTED ROAD",NOT DIVIDED,DRY,NO INJURY / DRIVE AWAY,Y,UNABLE TO DETERMINE,7225,N,WESTERN AVE,,NO INDICATION OF INJURY,0,0,0,18,5,9,42.01305045,-87.69009607
9/2/2020 12:15,30,NO CONTROLS,CLEAR,DUSK,ONE-WAY,DRY,INJURY AND / OR TOW DUE TO CRASH,Y,UNABLE TO DETERMINE,5224,S,LAKE PARK AVE,,NONINCAPACITATING INJURY,0,0,1,12,4,9,41.80028432,-87.58752839
5/11/2022 16:00,30,STOP SIGN/FLASHER,CLEAR,DAYLIGHT,UNKNOWN INTERSECTION TYPE,DRY,INJURY AND / OR TOW DUE TO CRASH,,FAILING TO YIELD RIGHT-OF-WAY,3000,W,111TH ST,,NONINCAPACITATING INJURY,0,0,1,16,4,5,41.69173149,-87.69621172
09/26/2019 06:30:00 PM,30,NO CONTROLS,CLEAR,DAYLIGHT,DIVIDED - W/MEDIAN (NOT RAISED),DRY,INJURY AND / OR TOW DUE TO CRASH,,FOLLOWING TOO CLOSELY,700,W,FULLERTON AVE,,NONINCAPACITATING INJURY,0,0,1,18,5,9,41.92560232,-87.64638177
11/20/2017 03:31:00 PM,30,NO CONTROLS,CLEAR,DAYLIGHT,DIVIDED - W/MEDIAN (NOT RAISED),DRY,NO INJURY / DRIVE AWAY,,IMPROPER LANE USAGE,4012,N,PULASKI RD,,NO INDICATION OF INJURY,0,0,0,15,2,11,41.95407731,-87.72777577
02/23/2019 03:40:00 AM,35,NO CONTROLS,CLEAR,"DARKNESS, LIGHTED ROAD",DIVIDED - W/MEDIAN (NOT RAISED),DRY,INJURY AND / OR TOW DUE TO CRASH,Y,UNABLE TO DETERMINE,727,W,MADISON ST,,NONINCAPACITATING INJURY,0,0,1,3,7,2,41.88167803,-87.64672119
8/9/2022 18:45,30,NO CONTROLS,CLEAR,DAYLIGHT,NOT DIVIDED,DRY,INJURY AND / OR TOW DUE TO CRASH,,UNABLE TO DETERMINE,900,S,CENTRAL PARK AVE,,NONINCAPACITATING INJURY,0,0,1,18,3,8,41.86988897,-87.71567998
10/28/2021 06:35:00 PM,30,TRAFFIC SIGNAL,RAIN,"DARKNESS, LIGHTED ROAD",T-INTERSECTION,WET,INJURY AND / OR TOW DUE TO CRASH,Y,FAILING TO REDUCE SPEED TO AVOID CRASH,1100,S,CANAL ST,,"REPORTED, NOT EVIDENT",0,0,0,18,5,10,41.86888416,-87.63939254
07/29/2018 11:45:00 AM,30,NO CONTROLS,CLEAR,DAYLIGHT,NOT DIVIDED,DRY,INJURY AND / OR TOW DUE TO CRASH,Y,IMPROPER BACKING,10930,S,STATE ST,,NONINCAPACITATING INJURY,0,0,1,11,1,7,41.69536093,-87.62332981
04/22/2022 12:43:00 PM,30,TRAFFIC SIGNAL,RAIN,DAYLIGHT,DIVIDED - W/MEDIAN (NOT RAISED),WET,INJURY AND / OR TOW DUE TO CRASH,Y,FAILING TO YIELD RIGHT-OF-WAY,2787,N,MILWAUKEE AVE,,NONINCAPACITATING INJURY,0,0,1,12,6,4,41.93192142,-87.71188001
08/24/2019 01:10:00 PM,25,STOP SIGN/FLASHER,CLEAR,DAYLIGHT,FOUR WAY,DRY,INJURY AND / OR TOW DUE TO CRASH,Y,FAILING TO YIELD RIGHT-OF-WAY,2032,W,FARGO AVE,,NONINCAPACITATING INJURY,0,0,1,13,7,8,42.0165865,-87.68180261
11/4/2022 19:22,30,TRAFFIC SIGNAL,CLEAR,"DARKNESS, LIGHTED ROAD",FOUR WAY,UNKNOWN,INJURY AND / OR TOW DUE TO CRASH,,UNABLE TO DETERMINE,3000,W,FULLERTON AVE,,"REPORTED, NOT EVIDENT",0,0,0,19,6,11,41.92487124,-87.70243666
09/16/2018 09:15:00 PM,15,TRAFFIC SIGNAL,CLEAR,DAYLIGHT,NOT DIVIDED,DRY,INJURY AND / OR TOW DUE TO CRASH,,NOT APPLICABLE,805,W,LAWRENCE AVE,,NONINCAPACITATING INJURY,0,0,1,21,1,9,41.96903922,-87.65054689
05/18/2017 09:25:00 PM,30,NO CONTROLS,CLEAR,DARKNESS,NOT DIVIDED,DRY,INJURY AND / OR TOW DUE TO CRASH,Y,UNABLE TO DETERMINE,4407,N,CLARK ST,,NONINCAPACITATING INJURY,0,0,1,21,5,5,41.96191029,-87.66587204
9/7/2018 14:35,30,NO CONTROLS,CLEAR,DAYLIGHT,NOT DIVIDED,DRY,INJURY AND / OR TOW DUE TO CRASH,,IMPROPER OVERTAKING/PASSING,5629,N,CLARK ST,,NONINCAPACITATING INJURY,0,0,1,14,6,9,41.98441909,-87.66880868
7/7/2022 16:30,25,TRAFFIC SIGNAL,UNKNOWN,UNKNOWN,NOT DIVIDED,UNKNOWN,NO INJURY / DRIVE AWAY,,UNABLE TO DETERMINE,5200,W,DIVERSEY AVE,,NO INDICATION OF INJURY,0,0,0,16,5,7,41.93150748,-87.75654565
09/29/2020 07:30:00 PM,30,STOP SIGN/FLASHER,CLEAR,DAYLIGHT,NOT DIVIDED,DRY,INJURY AND / OR TOW DUE TO CRASH,,DISREGARDING STOP SIGN,2700,N,CENTRAL AVE,,NONINCAPACITATING INJURY,0,0,1,19,3,9,41.9294953,-87.7663303
6/9/2021 20:50,30,NO CONTROLS,CLEAR,DUSK,NOT DIVIDED,DRY,NO INJURY / DRIVE AWAY,,NOT APPLICABLE,198,W,DIVISION ST,Y,NO INDICATION OF INJURY,0,0,0,20,4,6,41.90396396,-87.63440184
10/18/2017 05:45:00 PM,35,NO CONTROLS,CLEAR,DAYLIGHT,DIVIDED - W/MEDIAN BARRIER,DRY,INJURY AND / OR TOW DUE TO CRASH,,EQUIPMENT - VEHICLE CONDITION,1101,N,ASHLAND AVE,,NONINCAPACITATING INJURY,0,0,1,17,4,10,41.90156514,-87.6672981
09/24/2017 01:33:00 AM,30,STOP SIGN/FLASHER,CLEAR,DARKNESS,ONE-WAY,DRY,INJURY AND / OR TOW DUE TO CRASH,,FAILING TO REDUCE SPEED TO AVOID CRASH,1500,W,WRIGHTWOOD AVE,Y,NONINCAPACITATING INJURY,0,0,1,1,1,9,41.92892166,-87.66592415
06/24/2020 08:45:00 PM,30,NO CONTROLS,CLEAR,DUSK,ALLEY,DRY,NO INJURY / DRIVE AWAY,,FAILING TO YIELD RIGHT-OF-WAY,5100,S,MULLIGAN AVE,,NO INDICATION OF INJURY,0,0,0,20,4,6,41.79959561,-87.78095685
9/10/2021 7:10,35,TRAFFIC SIGNAL,CLEAR,DAYLIGHT,NOT DIVIDED,DRY,NO INJURY / DRIVE AWAY,,UNABLE TO DETERMINE,5521,W,DEVON AVE,,NO INDICATION OF INJURY,0,0,0,7,6,9,41.99719615,-87.76663285
06/20/2019 05:45:00 PM,30,STOP SIGN/FLASHER,CLEAR,DAYLIGHT,NOT DIVIDED,DRY,INJURY AND / OR TOW DUE TO CRASH,Y,UNABLE TO DETERMINE,2101,N,STOCKTON DR,,NONINCAPACITATING INJURY,0,0,1,17,5,6,41.92030436,-87.63544247
6/10/2021 8:30,30,BICYCLE CROSSING SIGN,CLEAR,DAYLIGHT,NOT DIVIDED,DRY,INJURY AND / OR TOW DUE TO CRASH,Y,FAILING TO YIELD RIGHT-OF-WAY,1146,N,MILWAUKEE AVE,Y,"REPORTED, NOT EVIDENT",0,0,0,8,5,6,41.90246227,-87.6653061
01/23/2018 05:54:00 PM,30,TRAFFIC SIGNAL,CLEAR,"DARKNESS, LIGHTED ROAD",NOT DIVIDED,SNOW OR SLUSH,INJURY AND / OR TOW DUE TO CRASH,,IMPROPER TURNING/NO SIGNAL,4559,N,CLARK ST,,"REPORTED, NOT EVIDENT",0,0,0,17,3,1,41.9651961,-87.66657012
9/11/2018 20:10,30,NO CONTROLS,CLEAR,"DARKNESS, LIGHTED ROAD",NOT DIVIDED,DRY,INJURY AND / OR TOW DUE TO CRASH,,FAILING TO YIELD RIGHT-OF-WAY,1271,N,MILWAUKEE AVE,,NONINCAPACITATING INJURY,0,0,1,20,3,9,41.90495017,-87.66873653
06/20/2022 08:31:00 PM,30,UNKNOWN,CLEAR,DAYLIGHT,FOUR WAY,DRY,NO INJURY / DRIVE AWAY,Y,NOT APPLICABLE,1614,W,DEVON AVE,,NO INDICATION OF INJURY,0,0,0,20,2,6,41.99817568,-87.67125302
10/2/2023 19:30,30,TRAFFIC SIGNAL,CLEAR,DARKNESS,FOUR WAY,DRY,INJURY AND / OR TOW DUE TO CRASH,Y,IMPROPER TURNING/NO SIGNAL,364,N,MICHIGAN AVE,,NONINCAPACITATING INJURY,0,0,1,19,2,10,41.88834353,-87.62464876
08/29/2023 09:56:00 AM,30,TRAFFIC SIGNAL,CLEAR,DAYLIGHT,NOT DIVIDED,DRY,NO INJURY / DRIVE AWAY,,FAILING TO YIELD RIGHT-OF-WAY,299,S,KEDZIE AVE,,NO INDICATION OF INJURY,0,0,0,9,3,8,41.87738134,-87.70586985
8/11/2016 12:54,30,TRAFFIC SIGNAL,CLEAR,DAYLIGHT,DIVIDED - W/MEDIAN (NOT RAISED),DRY,INJURY AND / OR TOW DUE TO CRASH,,UNABLE TO DETERMINE,5501,S,RACINE AVE,,NONINCAPACITATING INJURY,0,0,1,12,5,8,41.79373069,-87.65471665
8/12/2017 15:30,30,UNKNOWN,CLEAR,DAYLIGHT,NOT DIVIDED,DRY,INJURY AND / OR TOW DUE TO CRASH,Y,DISREGARDING TRAFFIC SIGNALS,4400,W,16TH ST,,NONINCAPACITATING INJURY,0,0,1,15,7,8,41.85883947,-87.73479783
07/13/2017 03:15:00 PM,30,TRAFFIC SIGNAL,CLEAR,DAYLIGHT,NOT DIVIDED,DRY,NO INJURY / DRIVE AWAY,,UNABLE TO DETERMINE,1576,N,MILWAUKEE AVE,,NO INDICATION OF INJURY,0,0,0,15,5,7,41.91005984,-87.67719123
06/27/2019 03:39:00 PM,30,TRAFFIC SIGNAL,CLEAR,DAYLIGHT,NOT DIVIDED,DRY,INJURY AND / OR TOW DUE TO CRASH,,FAILING TO YIELD RIGHT-OF-WAY,1459,W,FULLERTON AVE,,NONINCAPACITATING INJURY,0,0,1,15,5,6,41.9250745,-87.66570636
6/8/2020 13:09,30,OTHER,CLEAR,DAYLIGHT,ONE-WAY,DRY,INJURY AND / OR TOW DUE TO CRASH,,FAILING TO YIELD RIGHT-OF-WAY,1022,N,LAKE SHORE DR,,NONINCAPACITATING INJURY,0,0,1,13,2,6,41.90157988,-87.62437788
7/8/2017 9:00,30,NO CONTROLS,CLEAR,DAYLIGHT,DIVIDED - W/MEDIAN (NOT RAISED),DRY,INJURY AND / OR TOW DUE TO CRASH,,UNABLE TO DETERMINE,966,W,CULLERTON ST,,NONINCAPACITATING INJURY,0,0,1,9,7,7,41.85539169,-87.65079644
11/23/2021 08:45:00 AM,30,UNKNOWN,CLEAR,DAYLIGHT,NOT DIVIDED,UNKNOWN,INJURY AND / OR TOW DUE TO CRASH,,UNABLE TO DETERMINE,1460,N,HALSTED ST,Y,NONINCAPACITATING INJURY,0,0,1,8,3,11,41.90816932,-87.64834802
12/8/2017 21:50,30,NO CONTROLS,OTHER,DARKNESS,NOT DIVIDED,DRY,INJURY AND / OR TOW DUE TO CRASH,,NOT APPLICABLE,1639,N,WELLS ST,Y,NONINCAPACITATING INJURY,0,0,1,21,6,12,41.9123118,-87.63459886
07/28/2018 09:30:00 PM,30,TRAFFIC SIGNAL,CLEAR,"DARKNESS, LIGHTED ROAD",DIVIDED - W/MEDIAN (NOT RAISED),DRY,NO INJURY / DRIVE AWAY,,FAILING TO YIELD RIGHT-OF-WAY,1600,W,AUGUSTA BLVD,,NO INDICATION OF INJURY,0,0,0,21,7,7,41.89981659,-87.66745657
8/9/2017 1:15,30,TRAFFIC SIGNAL,CLEAR,"DARKNESS, LIGHTED ROAD",NOT DIVIDED,DRY,INJURY AND / OR TOW DUE TO CRASH,,UNABLE TO DETERMINE,4800,W,BELMONT AVE,,NONINCAPACITATING INJURY,0,0,1,1,4,8,41.93893395,-87.74699869
06/15/2017 12:05:00 PM,30,STOP SIGN/FLASHER,CLEAR,DAYLIGHT,NOT DIVIDED,DRY,NO INJURY / DRIVE AWAY,Y,DISREGARDING STOP SIGN,3358,W,FILLMORE ST,,NO INDICATION OF INJURY,0,0,0,12,5,6,41.86827884,-87.71048116
7/7/2019 16:30,30,NO CONTROLS,CLEAR,DAYLIGHT,NOT DIVIDED,DRY,NO INJURY / DRIVE AWAY,Y,DRIVING SKILLS/KNOWLEDGE/EXPERIENCE,11000,S,AVENUE L,,NO INDICATION OF INJURY,0,0,0,16,1,7,41.69538642,-87.53663743
07/13/2023 04:41:00 PM,30,TRAFFIC SIGNAL,CLEAR,"DARKNESS, LIGHTED ROAD",ONE-WAY,DRY,INJURY AND / OR TOW DUE TO CRASH,,UNABLE TO DETERMINE,300,E,SOUTH WATER ST,,NONINCAPACITATING INJURY,0,0,1,16,5,7,41.8866114,-87.61903612
11/10/2022 16:02,30,NO CONTROLS,CLEAR,DAYLIGHT,FOUR WAY,DRY,INJURY AND / OR TOW DUE TO CRASH,,FAILING TO YIELD RIGHT-OF-WAY,3900,W,LAWRENCE AVE,,NONINCAPACITATING INJURY,0,0,1,16,5,11,41.96837596,-87.72566094
9/4/2017 8:25,30,STOP SIGN/FLASHER,CLEAR,DAYLIGHT,NOT DIVIDED,DRY,INJURY AND / OR TOW DUE TO CRASH,,FAILING TO YIELD RIGHT-OF-WAY,5800,N,WEST CIRCLE AVE,,NONINCAPACITATING INJURY,0,0,1,8,2,9,41.98654213,-87.80557354
8/3/2019 22:05,30,TRAFFIC SIGNAL,CLEAR,"DARKNESS, LIGHTED ROAD",ONE-WAY,DRY,INJURY AND / OR TOW DUE TO CRASH,Y,"OPERATING VEHICLE IN ERRATIC, RECKLESS, CARELESS, NEGLIGENT OR AGGRESSIVE MANNER",844,N,DEARBORN ST,,NONINCAPACITATING INJURY,0,0,1,22,7,8,41.89791974,-87.62996034
09/27/2023 05:09:00 PM,30,TRAFFIC SIGNAL,CLEAR,DAYLIGHT,NOT DIVIDED,DRY,INJURY AND / OR TOW DUE TO CRASH,Y,FAILING TO YIELD RIGHT-OF-WAY,2700,N,CICERO AVE,,NONINCAPACITATING INJURY,0,0,1,17,4,9,41.9297611,-87.74666793
8/4/2021 10:10,30,TRAFFIC SIGNAL,CLEAR,DAYLIGHT,NOT DIVIDED,DRY,INJURY AND / OR TOW DUE TO CRASH,,FAILING TO YIELD RIGHT-OF-WAY,44,E,BALBO AVE,,NONINCAPACITATING INJURY,0,0,1,10,4,8,41.87322892,-87.62621554
8/1/2018 19:20,30,NO CONTROLS,CLEAR,DAYLIGHT,NOT DIVIDED,DRY,NO INJURY / DRIVE AWAY,,FAILING TO YIELD RIGHT-OF-WAY,3100,S,FEDERAL ST,,NO INDICATION OF INJURY,0,0,0,19,4,8,41.83823701,-87.62909906
08/22/2017 12:50:00 PM,30,STOP SIGN/FLASHER,OTHER,DAYLIGHT,NOT DIVIDED,UNKNOWN,INJURY AND / OR TOW DUE TO CRASH,,FAILING TO YIELD RIGHT-OF-WAY,500,N,MAY ST,,"REPORTED, NOT EVIDENT",0,0,0,12,3,8,41.89115068,-87.65593818
06/22/2023 09:00:00 PM,30,TRAFFIC SIGNAL,CLEAR,"DARKNESS, LIGHTED ROAD",T-INTERSECTION,DRY,INJURY AND / OR TOW DUE TO CRASH,,IMPROPER OVERTAKING/PASSING,6720,N,RIDGE BLVD,,INCAPACITATING INJURY,0,1,0,21,5,6,42.00393057,-87.67974027
10/24/2016 07:30:00 AM,30,STOP SIGN/FLASHER,CLEAR,DAYLIGHT,NOT DIVIDED,DRY,INJURY AND / OR TOW DUE TO CRASH,,"VISION OBSCURED (SIGNS, TREE LIMBS, BUILDINGS, ETC.)",2954,W,SCHOOL ST,,"REPORTED, NOT EVIDENT",0,0,0,7,2,10,41.94117895,-87.70212483
4/3/2020 16:45,30,YIELD,CLEAR,DAYLIGHT,DIVIDED - W/MEDIAN BARRIER,DRY,INJURY AND / OR TOW DUE TO CRASH,,FAILING TO YIELD RIGHT-OF-WAY,4401,W,DEVON AVE,,NONINCAPACITATING INJURY,0,0,1,16,6,4,41.99713975,-87.73865304
6/6/2021 13:30,30,NO CONTROLS,CLEAR,DAYLIGHT,DIVIDED - W/MEDIAN (NOT RAISED),DRY,INJURY AND / OR TOW DUE TO CRASH,,NOT APPLICABLE,933,W,BELMONT AVE,Y,INCAPACITATING INJURY,0,1,0,13,1,6,41.93981892,-87.65281971
09/20/2018 07:20:00 PM,30,NO CONTROLS,CLEAR,"DARKNESS, LIGHTED ROAD",NOT DIVIDED,DRY,INJURY AND / OR TOW DUE TO CRASH,Y,UNABLE TO DETERMINE,4834,N,KIMBALL AVE,,NONINCAPACITATING INJURY,0,0,1,19,5,9,41.96945082,-87.71354128
8/6/2020 22:52,30,NO CONTROLS,CLEAR,"DARKNESS, LIGHTED ROAD",T-INTERSECTION,DRY,NO INJURY / DRIVE AWAY,,FAILING TO YIELD RIGHT-OF-WAY,2030,W,JACKSON BLVD,,NO INDICATION OF INJURY,0,0,0,22,5,8,41.87758394,-87.67783257
07/31/2018 10:28:00 PM,25,STOP SIGN/FLASHER,CLEAR,DARKNESS,OTHER,DRY,INJURY AND / OR TOW DUE TO CRASH,,UNABLE TO DETERMINE,1500,N,ASTOR ST,,NONINCAPACITATING INJURY,0,0,1,22,3,7,41.909584,-87.62775628
09/30/2019 06:50:00 PM,30,TRAFFIC SIGNAL,CLEAR,DUSK,NOT DIVIDED,UNKNOWN,INJURY AND / OR TOW DUE TO CRASH,Y,IMPROPER TURNING/NO SIGNAL,633,W,DIVERSEY PKWY,,NONINCAPACITATING INJURY,0,0,1,18,2,9,41.9326922,-87.64481853
05/22/2019 04:00:00 PM,30,TRAFFIC SIGNAL,CLEAR,DAYLIGHT,DIVIDED - W/MEDIAN (NOT RAISED),DRY,NO INJURY / DRIVE AWAY,,NOT APPLICABLE,634,N,HALSTED ST,,NO INDICATION OF INJURY,0,0,0,16,4,5,41.89333173,-87.64782098