CRASH_DATE,POSTED_SPEED_LIMIT,TRAFFIC_CONTROL_DEVICE,WEATHER_CONDITION,LIGHTING_CONDITION,TRAFFICWAY_TYPE,ROADWAY_SURFACE_COND,CRASH_TYPE,HIT_AND_RUN_I,PRIM_CONTRIBUTORY_CAUSE,STREET_NO,STREET_DIRECTION,STREET_NAME,DOORING_I,MOST_SEVERE_INJURY,INJURIES_FATAL,INJURIES_INCAPACITATING,INJURIES_NON_INCAPACITATING,CRASH_HOUR,CRASH_DAY_OF_WEEK,CRASH_MONTH,LATITUDE,LONGITUDE
5/5/2018 21:30,30,NO CONTROLS,CLEAR,DARKNESS,ONE-WAY,DRY,INJURY AND / OR TOW DUE TO CRASH,Y,NOT APPLICABLE,3600,W,FULLERTON AVE,Y,NONINCAPACITATING INJURY,0,0,2,21,7,5,41.92471241,-87.71705735
11/4/2019 22:01,30,STOP SIGN/FLASHER,CLEAR,"DARKNESS, LIGHTED ROAD",NOT DIVIDED,DRY,NO INJURY / DRIVE AWAY,N,DISREGARDING STOP SIGN,3300,N,DAMEN AVE,,NO INDICATION OF INJURY,0,0,0,22,2,11,41.94144033,-87.6785523
07/30/2019 08:00:00 PM,30,NO CONTROLS,CLEAR,"DARKNESS, LIGHTED ROAD",FOUR WAY,DRY,INJURY AND / OR TOW DUE TO CRASH,,UNABLE TO DETERMINE,100,E,CHICAGO AVE,,NONINCAPACITATING INJURY,0,0,1,20,3,7,41.89682212,-87.62556071
02/17/2020 09:38:00 AM,30,TRAFFIC SIGNAL,CLEAR,DAYLIGHT,T-INTERSECTION,DRY,INJURY AND / OR TOW DUE TO CRASH,Y,FAILING TO YIELD RIGHT-OF-WAY,101,N,CLINTON ST,,NONINCAPACITATING INJURY,0,0,1,9,2,2,41.88324216,-87.64108793
11/16/2015 11:30:00 AM,30,STOP SIGN/FLASHER,CLEAR,DAYLIGHT,NOT DIVIDED,DRY,INJURY AND / OR TOW DUE TO CRASH,,UNABLE TO DETERMINE,2600,W,ARMITAGE AVE,,"REPORTED, NOT EVIDENT",0,0,0,11,2,11,41.9176378,-87.69266702
08/28/2021 02:07:00 PM,20,TRAFFIC SIGNAL,CLEAR,DAYLIGHT,NOT DIVIDED,DRY,INJURY AND / OR TOW DUE TO CRASH,,UNABLE TO DETERMINE,11300,S,STATE ST,N,NONINCAPACITATING INJURY,0,0,1,14,7,8,41.68890708,-87.62314161
8/1/2019 15:10,30,STOP SIGN/FLASHER,CLEAR,DAYLIGHT,NOT DIVIDED,DRY,INJURY AND / OR TOW DUE TO CRASH,,FAILING TO YIELD RIGHT-OF-WAY,2258,N,KIMBALL AVE,,NONINCAPACITATING INJURY,0,0,1,15,5,8,41.92278689,-87.71219626
08/25/2017 08:45:00 AM,20,NO CONTROLS,CLEAR,DAYLIGHT,ONE-WAY,DRY,INJURY AND / OR TOW DUE TO CRASH,Y,UNABLE TO DETERMINE,1040,W,CATALPA AVE,Y,NONINCAPACITATING INJURY,0,0,1,8,6,8,41.98196237,-87.65676248
8/12/2023 13:40,30,NO CONTROLS,CLEAR,DAYLIGHT,DIVIDED - W/MEDIAN (NOT RAISED),DRY,INJURY AND / OR TOW DUE TO CRASH,,UNABLE TO DETERMINE,2934,N,MILWAUKEE AVE,Y,"REPORTED, NOT EVIDENT",0,0,0,13,7,8,41.93447945,-87.71650805
09/29/2016 10:00:00 AM,30,STOP SIGN/FLASHER,CLEAR,DAYLIGHT,DIVIDED - W/MEDIAN (NOT RAISED),DRY,NO INJURY / DRIVE AWAY,,UNABLE TO DETERMINE,700,S,HALSTED ST,,NO INDICATION OF INJURY,0,0,0,10,5,9,41.87340938,-87.647234
6/4/2023 17:45,30,TRAFFIC SIGNAL,CLEAR,DAYLIGHT,NOT DIVIDED,DRY,NO INJURY / DRIVE AWAY,,FAILING TO YIELD RIGHT-OF-WAY,3200,N,PULASKI RD,,NO INDICATION OF INJURY,0,0,0,17,1,6,41.93913815,-87.72733371
08/29/2023 07:38:00 AM,30,TRAFFIC SIGNAL,CLEAR,DAYLIGHT,FOUR WAY,DRY,INJURY AND / OR TOW DUE TO CRASH,,DISREGARDING OTHER TRAFFIC SIGNS,4700,S,CALIFORNIA AVE,,NONINCAPACITATING INJURY,0,0,1,7,3,8,41.80821705,-87.69435004
5/9/2021 14:54,30,TRAFFIC SIGNAL,CLEAR,DAYLIGHT,DIVIDED - W/MEDIAN (NOT RAISED),DRY,INJURY AND / OR TOW DUE TO CRASH,Y,NOT APPLICABLE,1900,N,CALIFORNIA AVE,,NONINCAPACITATING INJURY,0,0,1,14,1,5,41.91576102,-87.69729581
09/18/2023 05:25:00 PM,30,NO CONTROLS,CLEAR,DAYLIGHT,FOUR WAY,DRY,NO INJURY / DRIVE AWAY,Y,UNABLE TO DETERMINE,2100,S,CALIFORNIA AVE,,NO INDICATION OF INJURY,0,0,0,17,2,9,41.85368771,-87.69565175
4/2/2020 11:27,30,STOP SIGN/FLASHER,CLEAR,DAYLIGHT,ONE-WAY,DRY,INJURY AND / OR TOW DUE TO CRASH,Y,UNABLE TO DETERMINE,2200,N,KILBOURN AVE,,INCAPACITATING INJURY,0,1,0,11,5,4,41.92072135,-87.73904189
6/1/2020 18:10,30,NO CONTROLS,CLEAR,DAYLIGHT,NOT DIVIDED,DRY,INJURY AND / OR TOW DUE TO CRASH,,UNABLE TO DETERMINE,898,W,65TH ST,N,NONINCAPACITATING INJURY,0,0,1,18,2,6,41.7761853,-87.64706401
08/29/2021 07:35:00 PM,30,NO CONTROLS,CLEAR,"DARKNESS, LIGHTED ROAD",ONE-WAY,DRY,NO INJURY / DRIVE AWAY,Y,IMPROPER OVERTAKING/PASSING,180,W,GOETHE ST,,NO INDICATION OF INJURY,0,0,0,19,1,8,41.90583993,-87.63446644
9/8/2021 7:50,20,TRAFFIC SIGNAL,CLEAR,DAYLIGHT,ONE-WAY,DRY,NO INJURY / DRIVE AWAY,,UNABLE TO DETERMINE,5499,S,HOMAN AVE,,NO INDICATION OF INJURY,0,0,0,7,4,9,41.79348867,-87.70831165
8/3/2020 6:12,30,TRAFFIC SIGNAL,CLEAR,DAYLIGHT,FOUR WAY,DRY,INJURY AND / OR TOW DUE TO CRASH,Y,"OPERATING VEHICLE IN ERRATIC, RECKLESS, CARELESS, NEGLIGENT OR AGGRESSIVE MANNER",1601,W,PERSHING RD,,NONINCAPACITATING INJURY,0,0,1,6,2,8,41.82303726,-87.66570376
05/24/2020 06:00:00 PM,30,TRAFFIC SIGNAL,CLEAR,DAYLIGHT,NOT DIVIDED,DRY,INJURY AND / OR TOW DUE TO CRASH,Y,UNABLE TO DETERMINE,2801,W,ARMITAGE AVE,,INCAPACITATING INJURY,0,1,0,18,1,5,41.91737932,-87.69725064
07/22/2020 01:46:00 PM,30,NO CONTROLS,CLEAR,DAYLIGHT,OTHER,DRY,INJURY AND / OR TOW DUE TO CRASH,,"OPERATING VEHICLE IN ERRATIC, RECKLESS, CARELESS, NEGLIGENT OR AGGRESSIVE MANNER",3115,W,DOUGLAS BLVD,,NONINCAPACITATING INJURY,0,0,1,13,4,7,41.86242183,-87.70369775
7/7/2021 19:43,30,NO CONTROLS,RAIN,DARKNESS,NOT DIVIDED,WET,INJURY AND / OR TOW DUE TO CRASH,,DRIVING SKILLS/KNOWLEDGE/EXPERIENCE,1966,N,HALSTED ST,Y,"REPORTED, NOT EVIDENT",0,0,0,19,4,7,41.91785723,-87.64864233
06/25/2020 08:42:00 PM,30,NO CONTROLS,CLEAR,DARKNESS,NOT DIVIDED,DRY,INJURY AND / OR TOW DUE TO CRASH,,NOT APPLICABLE,1609,W,74TH ST,,NONINCAPACITATING INJURY,0,0,1,20,5,6,41.75934238,-87.66402029
2/10/2021 14:20,30,TRAFFIC SIGNAL,SNOW,DAWN,DIVIDED - W/MEDIAN (NOT RAISED),WET,INJURY AND / OR TOW DUE TO CRASH,Y,IMPROPER LANE USAGE,3553,N,KIMBALL AVE,,INCAPACITATING INJURY,0,1,0,14,4,2,41.94626905,-87.71255852
9/11/2019 15:30,30,TRAFFIC SIGNAL,CLEAR,DAYLIGHT,Y-INTERSECTION,DRY,INJURY AND / OR TOW DUE TO CRASH,,FAILING TO YIELD RIGHT-OF-WAY,1315,N,MILWAUKEE AVE,,INCAPACITATING INJURY,0,1,0,15,4,9,41.90566977,-87.66987011
6/11/2022 11:21,30,TRAFFIC SIGNAL,CLEAR,DAYLIGHT,FOUR WAY,DRY,NO INJURY / DRIVE AWAY,,IMPROPER LANE USAGE,2431,N,DAMEN AVE,,NO INDICATION OF INJURY,0,0,0,11,7,6,41.92594825,-87.67780765
07/27/2023 10:45:00 AM,30,NO CONTROLS,CLEAR,DAYLIGHT,DIVIDED - W/MEDIAN (NOT RAISED),DRY,INJURY AND / OR TOW DUE TO CRASH,Y,FAILING TO YIELD RIGHT-OF-WAY,428,N,CICERO AVE,,"REPORTED, NOT EVIDENT",0,0,0,10,5,7,41.88877741,-87.74573123
09/25/2021 09:44:00 AM,30,TRAFFIC SIGNAL,CLEAR,DAYLIGHT,FOUR WAY,DRY,NO INJURY / DRIVE AWAY,,UNABLE TO DETERMINE,3030,N,MELVINA AVE,,NO INDICATION OF INJURY,0,0,0,9,7,9,41.93568308,-87.7811293
05/16/2021 09:35:00 PM,30,NO CONTROLS,CLEAR,DARKNESS,DIVIDED - W/MEDIAN (NOT RAISED),DRY,INJURY AND / OR TOW DUE TO CRASH,,UNABLE TO DETERMINE,1222,N,DAMEN AVE,,INCAPACITATING INJURY,0,1,0,21,1,5,41.90400327,-87.67742794
06/20/2018 02:55:00 PM,30,STOP SIGN/FLASHER,CLEAR,DAYLIGHT,NOT DIVIDED,DRY,INJURY AND / OR TOW DUE TO CRASH,,UNABLE TO DETERMINE,4348,W,59TH ST,,NONINCAPACITATING INJURY,0,0,1,14,4,6,41.78595022,-87.73222439
07/17/2019 09:00:00 AM,30,NO CONTROLS,CLEAR,DAYLIGHT,DIVIDED - W/MEDIAN (NOT RAISED),DRY,INJURY AND / OR TOW DUE TO CRASH,,"VISION OBSCURED (SIGNS, TREE LIMBS, BUILDINGS, ETC.)",1900,S,HALSTED ST,,NONINCAPACITATING INJURY,0,0,1,9,4,7,41.85669125,-87.64675695
01/21/2021 03:57:00 PM,30,NO CONTROLS,CLEAR,DAYLIGHT,DIVIDED - W/MEDIAN (NOT RAISED),DRY,INJURY AND / OR TOW DUE TO CRASH,,IMPROPER LANE USAGE,6350,S,KEDZIE AVE,,INCAPACITATING INJURY,0,1,0,15,5,1,41.77747788,-87.70324981
9/5/2020 18:30,30,UNKNOWN,CLEAR,DUSK,ONE-WAY,DRY,INJURY AND / OR TOW DUE TO CRASH,,UNABLE TO DETERMINE,7900,S,PAXTON AVE,,NONINCAPACITATING INJURY,0,0,1,18,7,9,41.75157599,-87.5712511
07/18/2020 11:01:00 AM,35,NO CONTROLS,CLEAR,DAYLIGHT,NOT DIVIDED,DRY,INJURY AND / OR TOW DUE TO CRASH,,"VISION OBSCURED (SIGNS, TREE LIMBS, BUILDINGS, ETC.)",3849,W,GRAND AVE,,NONINCAPACITATING INJURY,0,0,1,11,7,7,41.90477429,-87.72323691
7/11/2020 10:42,30,TRAFFIC SIGNAL,CLEAR,DAYLIGHT,Y-INTERSECTION,DRY,INJURY AND / OR TOW DUE TO CRASH,,UNABLE TO DETERMINE,7900,S,SOUTH SHORE DR,,NONINCAPACITATING INJURY,0,0,1,10,7,7,41.7518556,-87.54825034
09/18/2019 07:15:00 AM,30,NO CONTROLS,CLEAR,DAYLIGHT,NOT DIVIDED,DRY,INJURY AND / OR TOW DUE TO CRASH,Y,FAILING TO YIELD RIGHT-OF-WAY,5698,S,PULASKI RD,,NONINCAPACITATING INJURY,0,0,1,7,4,9,41.78962162,-87.72320855
6/11/2021 19:15,30,NO CONTROLS,CLEAR,DAWN,NOT DIVIDED,DRY,NO INJURY / DRIVE AWAY,,NOT APPLICABLE,6453,S,KOMENSKY AVE,,NO INDICATION OF INJURY,0,0,0,19,6,6,41.77525851,-87.72374572
06/23/2023 04:55:00 PM,25,STOP SIGN/FLASHER,CLEAR,DAYLIGHT,FOUR WAY,DRY,NO INJURY / DRIVE AWAY,,DISREGARDING STOP SIGN,1200,W,61ST ST,,NO INDICATION OF INJURY,0,0,0,16,6,6,41.78335417,-87.65465646
5/11/2023 10:28,30,NO CONTROLS,CLEAR,DAYLIGHT,T-INTERSECTION,DRY,INJURY AND / OR TOW DUE TO CRASH,,UNABLE TO DETERMINE,1799,N,WELLS ST,,NONINCAPACITATING INJURY,0,0,1,10,5,5,41.91477528,-87.6346753
06/26/2019 06:20:00 PM,30,NO CONTROLS,CLEAR,DAYLIGHT,NOT DIVIDED,DRY,INJURY AND / OR TOW DUE TO CRASH,,"OPERATING VEHICLE IN ERRATIC, RECKLESS, CARELESS, NEGLIGENT OR AGGRESSIVE MANNER",605,W,FULLERTON PKWY,,NONINCAPACITATING INJURY,0,0,1,18,4,6,41.92541837,-87.64419439
12/10/2017 6:30,30,UNKNOWN,UNKNOWN,"DARKNESS, LIGHTED ROAD",DIVIDED - W/MEDIAN (NOT RAISED),UNKNOWN,NO INJURY / DRIVE AWAY,,UNABLE TO DETERMINE,1657,W,ADAMS ST,Y,NO INDICATION OF INJURY,0,0,0,6,1,12,41.87874971,-87.66902418
8/3/2022 21:11,35,NO CONTROLS,CLEAR,DUSK,NOT DIVIDED,WET,INJURY AND / OR TOW DUE TO CRASH,,"VISION OBSCURED (SIGNS, TREE LIMBS, BUILDINGS, ETC.)",660,N,STATE ST,Y,NO INDICATION OF INJURY,0,0,0,21,4,8,41.89418323,-87.62828581
10/22/2016 03:15:00 PM,0,TRAFFIC SIGNAL,CLEAR,DAYLIGHT,DIVIDED - W/MEDIAN BARRIER,DRY,INJURY AND / OR TOW DUE TO CRASH,,UNABLE TO DETERMINE,5100,S,LAKE PARK AVE,,NONINCAPACITATING INJURY,0,0,1,15,7,10,41.80237973,-87.58797941
09/16/2021 09:30:00 PM,35,TRAFFIC SIGNAL,CLEAR,"DARKNESS, LIGHTED ROAD",FOUR WAY,DRY,INJURY AND / OR TOW DUE TO CRASH,Y,DISREGARDING TRAFFIC SIGNALS,3200,W,NORTH AVE,,NONINCAPACITATING INJURY,0,0,1,21,5,9,41.9102243,-87.70703651
01/31/2020 02:30:00 PM,30,TRAFFIC SIGNAL,CLEAR,DAYLIGHT,NOT DIVIDED,WET,INJURY AND / OR TOW DUE TO CRASH,,FAILING TO YIELD RIGHT-OF-WAY,1199,N,WELLS ST,,NONINCAPACITATING INJURY,0,0,1,14,6,1,41.90380724,-87.6343296
05/27/2018 10:25:00 PM,30,NO CONTROLS,CLEAR,"DARKNESS, LIGHTED ROAD",DIVIDED - W/MEDIAN (NOT RAISED),DRY,INJURY AND / OR TOW DUE TO CRASH,,NOT APPLICABLE,1854,S,RACINE AVE,Y,NONINCAPACITATING INJURY,0,0,1,22,1,5,41.85632095,-87.65652361
06/16/2017 07:15:00 AM,30,YIELD,CLEAR,DAYLIGHT,DIVIDED - W/MEDIAN BARRIER,DRY,NO INJURY / DRIVE AWAY,Y,IMPROPER TURNING/NO SIGNAL,601,W,KINZIE ST,,NO INDICATION OF INJURY,0,0,0,7,6,6,41.88893872,-87.64294598
06/13/2019 04:30:00 PM,30,BICYCLE CROSSING SIGN,CLEAR,DAYLIGHT,DIVIDED - W/MEDIAN (NOT RAISED),UNKNOWN,INJURY AND / OR TOW DUE TO CRASH,Y,UNABLE TO DETERMINE,2800,W,DIVISION ST,,NONINCAPACITATING INJURY,0,0,1,16,5,6,41.90303477,-87.69694534
09/19/2023 04:15:00 PM,30,UNKNOWN,RAIN,DAYLIGHT,NOT DIVIDED,WET,INJURY AND / OR TOW DUE TO CRASH,,UNABLE TO DETERMINE,5050,W,FULLERTON AVE,,NONINCAPACITATING INJURY,0,0,1,16,3,9,41.92425667,-87.75325758
8/1/2016 15:00,30,NO CONTROLS,CLEAR,DAYLIGHT,ONE-WAY,DRY,NO INJURY / DRIVE AWAY,,UNABLE TO DETERMINE,3817,W,84TH PL,,NO INDICATION OF INJURY,0,0,0,15,2,8,41.73939168,-87.71743809
09/16/2023 04:00:00 PM,30,NO CONTROLS,CLEAR,DAYLIGHT,NOT DIVIDED,DRY,NO INJURY / DRIVE AWAY,,FAILING TO YIELD RIGHT-OF-WAY,5823,N,GLENWOOD AVE,,NO INDICATION OF INJURY,0,0,0,16,7,9,41.98734177,-87.66491676
11/5/2016 8:50,30,UNKNOWN,CLEAR,DAYLIGHT,NOT DIVIDED,DRY,NO INJURY / DRIVE AWAY,,UNABLE TO DETERMINE,532,W,79TH ST,Y,NO INDICATION OF INJURY,0,0,0,8,7,11,41.75083527,-87.63814532
10/21/2017 12:30:00 PM,30,NO CONTROLS,CLEAR,DAYLIGHT,DRIVEWAY,DRY,NO INJURY / DRIVE AWAY,,FAILING TO REDUCE SPEED TO AVOID CRASH,5332,W,BELLE PLAINE AVE,,NO INDICATION OF INJURY,0,0,0,12,7,10,41.95518699,-87.76102161
10/20/2023 01:15:00 PM,30,TRAFFIC SIGNAL,CLEAR,DAYLIGHT,ONE-WAY,DRY,NO INJURY / DRIVE AWAY,,NOT APPLICABLE,200,W,SUPERIOR ST,Y,NO INDICATION OF INJURY,0,0,0,13,6,10,41.89570336,-87.63425312
05/21/2021 09:20:00 AM,30,NO CONTROLS,CLEAR,DAYLIGHT,NOT DIVIDED,DRY,INJURY AND / OR TOW DUE TO CRASH,Y,UNABLE TO DETERMINE,5017,N,AUSTIN AVE,,NONINCAPACITATING INJURY,0,0,1,9,6,5,41.97314359,-87.77808533
08/21/2022 01:30:00 PM,30,STOP SIGN/FLASHER,CLEAR,DAYLIGHT,FOUR WAY,DRY,INJURY AND / OR TOW DUE TO CRASH,,UNABLE TO DETERMINE,9100,S,BALTIMORE AVE,,NONINCAPACITATING INJURY,0,0,1,13,1,8,41.73001106,-87.54864271
11/23/2020 01:00:00 PM,10,TRAFFIC SIGNAL,CLEAR,DAYLIGHT,RAMP,DRY,NO INJURY / DRIVE AWAY,,FAILING TO YIELD RIGHT-OF-WAY,1115,S,PLYMOUTH CT,,NO INDICATION OF INJURY,0,0,0,13,2,11,41.86901678,-87.62841015
07/13/2023 06:45:00 AM,30,TRAFFIC SIGNAL,CLEAR,DAWN,DIVIDED - W/MEDIAN BARRIER,WET,INJURY AND / OR TOW DUE TO CRASH,,DISREGARDING TRAFFIC SIGNALS,148,N,MICHIGAN AVE,,NONINCAPACITATING INJURY,0,0,1,6,5,7,41.88440613,-87.62459604
05/14/2022 10:55:00 PM,30,NO CONTROLS,CLEAR,"DARKNESS, LIGHTED ROAD",DIVIDED - W/MEDIAN (NOT RAISED),DRY,INJURY AND / OR TOW DUE TO CRASH,Y,UNABLE TO DETERMINE,336,E,87TH ST,,NONINCAPACITATING INJURY,0,0,1,22,7,5,41.73658891,-87.61622199
04/27/2021 11:50:00 AM,30,STOP SIGN/FLASHER,CLEAR,DAYLIGHT,FOUR WAY,DRY,INJURY AND / OR TOW DUE TO CRASH,,DISREGARDING STOP SIGN,5600,S,WABASH AVE,,NONINCAPACITATING INJURY,0,0,1,11,3,4,41.79278004,-87.624184
09/25/2023 02:11:00 PM,25,NO CONTROLS,CLEAR,DAYLIGHT,NOT DIVIDED,DRY,INJURY AND / OR TOW DUE TO CRASH,,DISTRACTION - FROM INSIDE VEHICLE,3400,N,PAULINA ST,Y,INCAPACITATING INJURY,0,1,0,14,2,9,41.94339597,-87.67134457
09/13/2017 05:00:00 PM,30,NO CONTROLS,CLOUDY/OVERCAST,DAYLIGHT,ALLEY,DRY,INJURY AND / OR TOW DUE TO CRASH,,"VISION OBSCURED (SIGNS, TREE LIMBS, BUILDINGS, ETC.)",815,W,ARMITAGE AVE,,NONINCAPACITATING INJURY,0,0,1,17,4,9,41.91806046,-87.6491558
5/12/2023 5:30,35,TRAFFIC SIGNAL,CLEAR,DAYLIGHT,FOUR WAY,DRY,INJURY AND / OR TOW DUE TO CRASH,,FAILING TO YIELD RIGHT-OF-WAY,7598,N,WESTERN AVE,,"REPORTED, NOT EVIDENT",0,0,0,5,6,5,42.019439,-87.69032202
8/1/2020 2:06,35,TRAFFIC SIGNAL,CLEAR,"DARKNESS, LIGHTED ROAD",FOUR WAY,DRY,INJURY AND / OR TOW DUE TO CRASH,Y,UNABLE TO DETERMINE,2399,N,MILWAUKEE AVE,,NONINCAPACITATING INJURY,0,0,1,2,7,8,41.92481674,-87.7002345
07/18/2018 09:05:00 PM,30,TRAFFIC SIGNAL,CLEAR,"DARKNESS, LIGHTED ROAD",NOT DIVIDED,DRY,INJURY AND / OR TOW DUE TO CRASH,Y,UNABLE TO DETERMINE,2900,S,HALSTED ST,,NONINCAPACITATING INJURY,0,0,1,21,4,7,41.84156505,-87.64651275
07/15/2017 04:00:00 PM,30,NO CONTROLS,CLEAR,DAYLIGHT,ONE-WAY,DRY,NO INJURY / DRIVE AWAY,,IMPROPER OVERTAKING/PASSING,500,E,ILLINOIS ST,,NO INDICATION OF INJURY,0,0,0,16,7,7,41.89120784,-87.6151303
09/28/2022 02:52:00 PM,30,TRAFFIC SIGNAL,CLEAR,DAYLIGHT,TRAFFIC ROUTE,DRY,INJURY AND / OR TOW DUE TO CRASH,,UNABLE TO DETERMINE,999,W,ROOSEVELT RD,,NONINCAPACITATING INJURY,0,0,1,14,4,9,41.86697921,-87.65094404
02/18/2017 08:25:00 AM,30,NO CONTROLS,CLEAR,DAYLIGHT,NOT DIVIDED,DRY,NO INJURY / DRIVE AWAY,,UNABLE TO DETERMINE,2600,N,LINCOLN AVE,,NO INDICATION OF INJURY,0,0,0,8,7,2,41.92897165,-87.65390176
01/22/2021 04:13:00 PM,30,TRAFFIC SIGNAL,CLEAR,DAYLIGHT,FOUR WAY,DRY,INJURY AND / OR TOW DUE TO CRASH,,DISREGARDING TRAFFIC SIGNALS,2001,W,CHICAGO AVE,N,NONINCAPACITATING INJURY,0,0,1,16,6,1,41.8957995,-87.67717088
9/9/2023 18:00,25,NO CONTROLS,CLEAR,DAYLIGHT,NOT DIVIDED,DRY,INJURY AND / OR TOW DUE TO CRASH,N,UNABLE TO DETERMINE,1239,S,HALSTED ST,,NONINCAPACITATING INJURY,0,0,1,18,7,9,41.86602971,-87.64673571
03/21/2020 05:16:00 PM,30,TRAFFIC SIGNAL,CLEAR,DAYLIGHT,NOT DIVIDED,DRY,INJURY AND / OR TOW DUE TO CRASH,,FAILING TO YIELD RIGHT-OF-WAY,2758,W,GRANVILLE AVE,,NONINCAPACITATING INJURY,0,0,1,17,7,3,41.99408853,-87.69945797
11/14/2019 09:18:00 AM,30,TRAFFIC SIGNAL,CLEAR,DAYLIGHT,FOUR WAY,DRY,INJURY AND / OR TOW DUE TO CRASH,,FAILING TO YIELD RIGHT-OF-WAY,42,E,VAN BUREN ST,,NONINCAPACITATING INJURY,0,0,1,9,5,11,41.87707962,-87.62614215
12/24/2018 11:45:00 PM,30,NO CONTROLS,CLEAR,"DARKNESS, LIGHTED ROAD",NOT DIVIDED,DRY,INJURY AND / OR TOW DUE TO CRASH,,NOT APPLICABLE,2625,N,HARLEM AVE,,NONINCAPACITATING INJURY,0,0,1,23,2,12,41.92792702,-87.80624604
01/18/2020 04:55:00 PM,30,NO CONTROLS,SNOW,DUSK,DIVIDED - W/MEDIAN (NOT RAISED),WET,INJURY AND / OR TOW DUE TO CRASH,Y,UNABLE TO DETERMINE,1202,E,63RD ST,,NONINCAPACITATING INJURY,0,0,1,16,7,1,41.78063342,-87.59604535
3/2/2022 13:20,30,NO CONTROLS,CLEAR,DAYLIGHT,DIVIDED - W/MEDIAN (NOT RAISED),WET,INJURY AND / OR TOW DUE TO CRASH,,UNABLE TO DETERMINE,5721,W,DIVERSEY AVE,,NONINCAPACITATING INJURY,0,0,1,13,4,3,41.93111988,-87.76964519
9/11/2018 6:45,30,STOP SIGN/FLASHER,CLEAR,DAYLIGHT,NOT DIVIDED,DRY,INJURY AND / OR TOW DUE TO CRASH,Y,UNABLE TO DETERMINE,1835,S,WESTERN AVE,,"REPORTED, NOT EVIDENT",0,0,0,6,3,9,41.85659109,-87.68561123
4/8/2021 16:47,30,TRAFFIC SIGNAL,RAIN,DAYLIGHT,DIVIDED - W/MEDIAN BARRIER,WET,INJURY AND / OR TOW DUE TO CRASH,Y,UNABLE TO DETERMINE,7900,S,STONY ISLAND AVE,,NONINCAPACITATING INJURY,0,0,1,16,5,4,41.7514606,-87.58597199
06/29/2021 05:50:00 PM,30,NO CONTROLS,CLEAR,DAYLIGHT,DIVIDED - W/MEDIAN (NOT RAISED),DRY,INJURY AND / OR TOW DUE TO CRASH,Y,UNABLE TO DETERMINE,2428,N,CALIFORNIA AVE,Y,NONINCAPACITATING INJURY,0,0,1,17,3,6,41.92568832,-87.69758304
7/6/2020 22:47,30,TRAFFIC SIGNAL,CLEAR,"DARKNESS, LIGHTED ROAD",NOT DIVIDED,DRY,INJURY AND / OR TOW DUE TO CRASH,Y,UNABLE TO DETERMINE,2799,W,59TH ST,,NONINCAPACITATING INJURY,0,0,1,22,2,7,41.78629869,-87.69352988
06/26/2022 07:15:00 PM,30,TRAFFIC SIGNAL,CLEAR,DAYLIGHT,FOUR WAY,DRY,INJURY AND / OR TOW DUE TO CRASH,,FAILING TO YIELD RIGHT-OF-WAY,5522,W,DEVON AVE,,INCAPACITATING INJURY,0,1,0,19,1,6,41.99741462,-87.76666169
01/29/2018 06:55:00 PM,30,NO CONTROLS,CLEAR,"DARKNESS, LIGHTED ROAD",OTHER,DRY,INJURY AND / OR TOW DUE TO CRASH,,FAILING TO YIELD RIGHT-OF-WAY,1552,W,47TH ST,,NONINCAPACITATING INJURY,0,0,1,18,2,1,41.80871944,-87.66460763
05/17/2023 09:00:00 PM,30,TRAFFIC SIGNAL,CLEAR,"DARKNESS, LIGHTED ROAD",FOUR WAY,DRY,INJURY AND / OR TOW DUE TO CRASH,,FAILING TO YIELD RIGHT-OF-WAY,4400,N,LINCOLN AVE,,NONINCAPACITATING INJURY,0,0,1,21,4,5,41.96142634,-87.6840214
3/1/2021 16:55,30,TRAFFIC SIGNAL,CLEAR,DUSK,FOUR WAY,DRY,INJURY AND / OR TOW DUE TO CRASH,,DISTRACTION - FROM OUTSIDE VEHICLE,1202,S,OAKLEY AVE,,NONINCAPACITATING INJURY,0,0,1,16,2,3,41.86652912,-87.68373343
9/7/2022 5:25,30,TRAFFIC SIGNAL,CLEAR,DAWN,T-INTERSECTION,DRY,INJURY AND / OR TOW DUE TO CRASH,,TURNING RIGHT ON RED,4401,W,OGDEN AVE,,NONINCAPACITATING INJURY,0,0,1,5,4,9,41.84757771,-87.73438435
10/27/2020 02:44:00 PM,30,TRAFFIC SIGNAL,RAIN,DAYLIGHT,NOT DIVIDED,WET,INJURY AND / OR TOW DUE TO CRASH,N,IMPROPER TURNING/NO SIGNAL,800,N,MILWAUKEE AVE,,NONINCAPACITATING INJURY,0,0,1,14,3,10,41.8962188,-87.6556039
10/27/2018 03:13:00 PM,30,NO CONTROLS,CLEAR,DAYLIGHT,NOT DIVIDED,DRY,INJURY AND / OR TOW DUE TO CRASH,,UNABLE TO DETERMINE,3338,N,LINCOLN AVE,Y,NONINCAPACITATING INJURY,0,0,1,15,7,10,41.94268422,-87.67092503
06/27/2019 12:41:00 PM,30,NO CONTROLS,CLEAR,DAYLIGHT,NOT DIVIDED,DRY,INJURY AND / OR TOW DUE TO CRASH,,FOLLOWING TOO CLOSELY,2039,W,LAWRENCE AVE,,NONINCAPACITATING INJURY,0,0,1,12,5,6,41.96862422,-87.68077849