CRASH_DATE,POSTED_SPEED_LIMIT,TRAFFIC_CONTROL_DEVICE,WEATHER_CONDITION,LIGHTING_CONDITION,TRAFFICWAY_TYPE,ROADWAY_SURFACE_COND,CRASH_TYPE,HIT_AND_RUN_I,PRIM_CONTRIBUTORY_CAUSE,STREET_NO,STREET_DIRECTION,STREET_NAME,DOORING_I,MOST_SEVERE_INJURY,INJURIES_FATAL,INJURIES_INCAPACITATING,INJURIES_NON_INCAPACITATING,CRASH_HOUR,CRASH_DAY_OF_WEEK,CRASH_MONTH,LATITUDE,LONGITUDE
06/22/2021 04:30:00 PM,30,NO CONTROLS,CLEAR,DAYLIGHT,DIVIDED - W/MEDIAN (NOT RAISED),DRY,NO INJURY / DRIVE AWAY,,FAILING TO YIELD RIGHT-OF-WAY,4700,S,HARDING AVE,,NO INDICATION OF INJURY,0,0,0,16,3,6,41.80779358,-87.72250336
7/10/2018 15:55,30,NO CONTROLS,CLEAR,DAYLIGHT,DRIVEWAY,DRY,INJURY AND / OR TOW DUE TO CRASH,,NOT APPLICABLE,3820,N,CICERO AVE,,NONINCAPACITATING INJURY,0,0,1,15,3,7,41.95039106,-87.74737867
08/13/2020 05:37:00 PM,15,TRAFFIC SIGNAL,CLEAR,DAYLIGHT,NOT DIVIDED,DRY,INJURY AND / OR TOW DUE TO CRASH,,UNABLE TO DETERMINE,2801,N,CLARK ST,,"REPORTED, NOT EVIDENT",0,0,0,17,5,8,41.93294171,-87.64482829
03/13/2020 01:20:00 PM,30,TRAFFIC SIGNAL,CLEAR,DAYLIGHT,DIVIDED - W/MEDIAN (NOT RAISED),DRY,NO INJURY / DRIVE AWAY,,FAILING TO YIELD RIGHT-OF-WAY,3207,N,ELSTON AVE,Y,NO INDICATION OF INJURY,0,0,0,13,6,3,41.93964661,-87.69847901
04/28/2021 05:01:00 PM,30,NO CONTROLS,RAIN,DAYLIGHT,DIVIDED - W/MEDIAN BARRIER,WET,INJURY AND / OR TOW DUE TO CRASH,,UNABLE TO DETERMINE,2600,S,ARCHER AVE,,NONINCAPACITATING INJURY,0,0,1,17,4,4,41.84528374,-87.65073887
04/16/2019 04:43:00 PM,30,NO CONTROLS,CLEAR,DAYLIGHT,DIVIDED - W/MEDIAN (NOT RAISED),DRY,INJURY AND / OR TOW DUE TO CRASH,,UNABLE TO DETERMINE,6261,N,LINCOLN AVE,,NONINCAPACITATING INJURY,0,0,1,16,3,4,41.9957096,-87.71579472
09/29/2023 08:10:00 AM,30,OTHER REG. SIGN,CLEAR,DAYLIGHT,DIVIDED - W/MEDIAN (NOT RAISED),DRY,INJURY AND / OR TOW DUE TO CRASH,,FAILING TO YIELD RIGHT-OF-WAY,5050,W,GRAND AVE,,NONINCAPACITATING INJURY,0,0,1,8,6,9,41.91664394,-87.75257861
05/26/2023 09:30:00 PM,30,STOP SIGN/FLASHER,CLEAR,"DARKNESS, LIGHTED ROAD",NOT DIVIDED,DRY,NO INJURY / DRIVE AWAY,Y,UNABLE TO DETERMINE,1899,W,AUGUSTA BLVD,,NO INDICATION OF INJURY,0,0,0,21,6,5,41.89948212,-87.67464719
08/21/2018 07:49:00 PM,30,UNKNOWN,RAIN,"DARKNESS, LIGHTED ROAD",NOT DIVIDED,WET,NO INJURY / DRIVE AWAY,,DRIVING SKILLS/KNOWLEDGE/EXPERIENCE,599,W,44TH PL,,NO INDICATION OF INJURY,0,0,0,19,3,8,41.81341694,-87.64066849
5/3/2022 10:30,15,NO CONTROLS,RAIN,DAYLIGHT,PARKING LOT,WET,NO INJURY / DRIVE AWAY,Y,FAILING TO YIELD RIGHT-OF-WAY,10900,S,DOTY AVE E,,NO INDICATION OF INJURY,0,0,0,10,3,5,41.69623253,-87.5958062
09/17/2018 10:07:00 AM,30,NO CONTROLS,CLEAR,DAYLIGHT,NOT DIVIDED,DRY,INJURY AND / OR TOW DUE TO CRASH,,DISREGARDING YIELD SIGN,1620,S,MICHIGAN AVE,N,NONINCAPACITATING INJURY,0,0,1,10,2,9,41.85964086,-87.62412018
12/4/2020 13:50,30,TRAFFIC SIGNAL,CLEAR,DAYLIGHT,NOT DIVIDED,DRY,NO INJURY / DRIVE AWAY,Y,UNABLE TO DETERMINE,4000,N,ROCKWELL ST,,NO INDICATION OF INJURY,0,0,0,13,6,12,41.95408518,-87.6933736
07/22/2023 11:23:00 PM,30,UNKNOWN,CLEAR,"DARKNESS, LIGHTED ROAD",ONE-WAY,DRY,NO INJURY / DRIVE AWAY,,IMPROPER LANE USAGE,5020,S,INDIANA AVE,,NO INDICATION OF INJURY,0,0,0,23,7,7,41.80318955,-87.62120312
07/30/2019 08:45:00 AM,30,NO CONTROLS,CLEAR,DAYLIGHT,DIVIDED - W/MEDIAN (NOT RAISED),DRY,INJURY AND / OR TOW DUE TO CRASH,,FAILING TO YIELD RIGHT-OF-WAY,2392,N,MILWAUKEE AVE,,INCAPACITATING INJURY,0,1,1,8,3,7,41.9246468,-87.7004206
8/9/2018 16:32,30,TRAFFIC SIGNAL,CLEAR,DAYLIGHT,NOT DIVIDED,DRY,NO INJURY / DRIVE AWAY,,UNABLE TO DETERMINE,3201,W,103RD ST,,NO INDICATION OF INJURY,0,0,0,16,5,8,41.70606769,-87.70138339
07/17/2018 03:00:00 PM,30,NO CONTROLS,CLEAR,DAYLIGHT,NOT DIVIDED,DRY,INJURY AND / OR TOW DUE TO CRASH,Y,UNABLE TO DETERMINE,2230,W,DEVON AVE,,NONINCAPACITATING INJURY,0,0,1,15,3,7,41.9979049,-87.68617217
07/17/2022 12:15:00 PM,30,NO CONTROLS,UNKNOWN,DAYLIGHT,NOT DIVIDED,UNKNOWN,INJURY AND / OR TOW DUE TO CRASH,,UNABLE TO DETERMINE,4920,N,BROADWAY,,"REPORTED, NOT EVIDENT",0,0,0,12,1,7,41.9721262,-87.65990118
02/28/2022 12:00:00 PM,30,NO CONTROLS,CLEAR,DAYLIGHT,T-INTERSECTION,DRY,INJURY AND / OR TOW DUE TO CRASH,,UNABLE TO DETERMINE,2079,N,CLYBOURN AVE,,NONINCAPACITATING INJURY,0,0,1,12,2,2,41.91930164,-87.66098128
11/18/2017 07:30:00 PM,10,NO CONTROLS,CLEAR,"DARKNESS, LIGHTED ROAD",ALLEY,DRY,NO INJURY / DRIVE AWAY,Y,UNABLE TO DETERMINE,4327,W,VAN BUREN ST,,NO INDICATION OF INJURY,0,0,0,19,7,11,41.87505235,-87.73394317
8/6/2018 17:00,25,STOP SIGN/FLASHER,CLEAR,DAYLIGHT,NOT DIVIDED,DRY,INJURY AND / OR TOW DUE TO CRASH,,FAILING TO YIELD RIGHT-OF-WAY,4923,N,MARINE DR,,INCAPACITATING INJURY,0,1,0,17,2,8,41.97235333,-87.65051249
4/5/2017 14:45,30,NO CONTROLS,RAIN,DAYLIGHT,ALLEY,WET,NO INJURY / DRIVE AWAY,Y,EXCEEDING SAFE SPEED FOR CONDITIONS,1010,W,WOLFRAM ST,,NO INDICATION OF INJURY,0,0,0,14,4,4,41.93364704,-87.65439163
09/23/2018 05:20:00 PM,30,TRAFFIC SIGNAL,CLEAR,DAYLIGHT,DIVIDED - W/MEDIAN (NOT RAISED),DRY,INJURY AND / OR TOW DUE TO CRASH,Y,"OPERATING VEHICLE IN ERRATIC, RECKLESS, CARELESS, NEGLIGENT OR AGGRESSIVE MANNER",3301,W,DEVON AVE,,FATAL,1,0,0,17,1,9,41.99723729,-87.71179778
6/12/2023 18:30,30,STOP SIGN/FLASHER,CLEAR,DAYLIGHT,NOT DIVIDED,UNKNOWN,INJURY AND / OR TOW DUE TO CRASH,Y,FAILING TO YIELD RIGHT-OF-WAY,4648,W,ALTGELD ST,,"REPORTED, NOT EVIDENT",0,0,0,18,2,6,41.92637411,-87.74370026
09/23/2017 10:00:00 AM,30,STOP SIGN/FLASHER,CLEAR,DAYLIGHT,NOT DIVIDED,UNKNOWN,INJURY AND / OR TOW DUE TO CRASH,,DISREGARDING STOP SIGN,1000,W,GRACE ST,,NONINCAPACITATING INJURY,0,0,1,10,7,9,41.95123328,-87.6545079
10/18/2020 08:09:00 AM,30,TRAFFIC SIGNAL,CLOUDY/OVERCAST,DAYLIGHT,NOT DIVIDED,DRY,INJURY AND / OR TOW DUE TO CRASH,,UNABLE TO DETERMINE,5900,S,ROCKWELL ST,,NONINCAPACITATING INJURY,0,0,1,8,1,10,41.78639342,-87.68886236
09/15/2021 08:47:00 AM,30,NO CONTROLS,CLEAR,DAYLIGHT,NOT DIVIDED,DRY,INJURY AND / OR TOW DUE TO CRASH,,FAILING TO YIELD RIGHT-OF-WAY,425,W,HARRISON ST,,NONINCAPACITATING INJURY,0,0,1,8,4,9,41.87430424,-87.63882
02/15/2018 05:18:00 PM,15,NO CONTROLS,CLEAR,DAWN,ONE-WAY,DRY,NO INJURY / DRIVE AWAY,,FAILING TO REDUCE SPEED TO AVOID CRASH,5353,W,ALTGELD ST,,NO INDICATION OF INJURY,0,0,0,17,5,2,41.92577942,-87.76083214
7/9/2018 8:45,30,TRAFFIC SIGNAL,CLEAR,DAYLIGHT,NOT DIVIDED,DRY,NO INJURY / DRIVE AWAY,Y,UNABLE TO DETERMINE,941,N,MILWAUKEE AVE,,NO INDICATION OF INJURY,0,0,0,8,2,7,41.89924697,-87.65983969
09/29/2019 05:28:00 PM,30,NO CONTROLS,CLEAR,DAYLIGHT,DIVIDED - W/MEDIAN (NOT RAISED),DRY,NO INJURY / DRIVE AWAY,,FAILING TO YIELD RIGHT-OF-WAY,2744,W,63RD ST,,NO INDICATION OF INJURY,0,0,0,17,1,9,41.77923522,-87.69274379
07/22/2023 12:20:00 AM,30,NO CONTROLS,CLEAR,"DARKNESS, LIGHTED ROAD",T-INTERSECTION,DRY,INJURY AND / OR TOW DUE TO CRASH,,DISREGARDING TRAFFIC SIGNALS,1232,W,GRAND AVE,,"REPORTED, NOT EVIDENT",0,0,0,0,7,7,41.89117273,-87.65894797
07/18/2021 09:30:00 PM,30,NO CONTROLS,CLEAR,DUSK,NOT DIVIDED,DRY,INJURY AND / OR TOW DUE TO CRASH,,"VISION OBSCURED (SIGNS, TREE LIMBS, BUILDINGS, ETC.)",5212,S,CORNELL AVE,,"REPORTED, NOT EVIDENT",0,0,0,21,1,7,41.80066599,-87.5860591
08/30/2023 08:20:00 AM,30,TRAFFIC SIGNAL,CLEAR,DAYLIGHT,ONE-WAY,DRY,NO INJURY / DRIVE AWAY,Y,UNABLE TO DETERMINE,3201,W,OGDEN AVE,Y,NO INDICATION OF INJURY,0,0,0,8,4,8,41.85772346,-87.70542197
12/16/2021 04:57:00 PM,30,TRAFFIC SIGNAL,CLEAR,"DARKNESS, LIGHTED ROAD",FOUR WAY,DRY,INJURY AND / OR TOW DUE TO CRASH,Y,FAILING TO YIELD RIGHT-OF-WAY,1400,S,MICHIGAN AVE,,NONINCAPACITATING INJURY,0,0,1,16,5,12,41.86400154,-87.62422573
07/22/2018 08:20:00 PM,30,NO CONTROLS,CLEAR,"DARKNESS, LIGHTED ROAD",ONE-WAY,DRY,INJURY AND / OR TOW DUE TO CRASH,,UNABLE TO DETERMINE,1827,S,TRUMBULL AVE,,NONINCAPACITATING INJURY,0,0,1,20,1,7,41.85632165,-87.7113289
09/20/2022 04:40:00 PM,30,STOP SIGN/FLASHER,CLEAR,DAYLIGHT,NOT DIVIDED,DRY,INJURY AND / OR TOW DUE TO CRASH,Y,FAILING TO YIELD RIGHT-OF-WAY,5600,N,CHRISTIANA AVE,,INCAPACITATING INJURY,0,1,0,16,3,9,41.9831068,-87.71267511
12/29/2017 01:00:00 PM,30,NO CONTROLS,SNOW,DAYLIGHT,DIVIDED - W/MEDIAN BARRIER,SNOW OR SLUSH,INJURY AND / OR TOW DUE TO CRASH,,UNABLE TO DETERMINE,2128,N,KEDZIE AVE,Y,NONINCAPACITATING INJURY,0,0,1,13,6,12,41.92015741,-87.70720804
10/15/2023 07:30:00 AM,30,NO CONTROLS,CLEAR,DAYLIGHT,NOT DIVIDED,DRY,INJURY AND / OR TOW DUE TO CRASH,,FAILING TO YIELD RIGHT-OF-WAY,2300,N,CLYBOURN AVE,,NONINCAPACITATING INJURY,0,0,1,7,1,10,41.92363541,-87.6674282
05/31/2022 03:44:00 PM,35,STOP SIGN/FLASHER,CLEAR,DAYLIGHT,T-INTERSECTION,DRY,INJURY AND / OR TOW DUE TO CRASH,,UNABLE TO DETERMINE,7345,S,STATE ST,,NONINCAPACITATING INJURY,0,0,1,15,3,5,41.76054197,-87.62465906
8/2/2018 18:30,30,TRAFFIC SIGNAL,CLEAR,DAYLIGHT,NOT DIVIDED,DRY,INJURY AND / OR TOW DUE TO CRASH,,UNABLE TO DETERMINE,6300,S,KENWOOD AVE,N,NONINCAPACITATING INJURY,0,0,1,18,5,8,41.78046179,-87.59320636
7/7/2023 10:45,30,NO CONTROLS,CLEAR,DAYLIGHT,T-INTERSECTION,DRY,INJURY AND / OR TOW DUE TO CRASH,,FAILING TO YIELD RIGHT-OF-WAY,1953,N,CLYBOURN AVE,,NONINCAPACITATING INJURY,0,0,1,10,6,7,41.9165503,-87.65716548
03/14/2018 07:00:00 PM,30,NO CONTROLS,CLEAR,DUSK,NOT DIVIDED,DRY,NO INJURY / DRIVE AWAY,,FAILING TO YIELD RIGHT-OF-WAY,3119,N,HALSTED ST,,NO INDICATION OF INJURY,0,0,0,19,4,3,41.93845852,-87.64907914
05/26/2018 12:20:00 PM,30,NO CONTROLS,CLEAR,DAYLIGHT,NOT DIVIDED,DRY,INJURY AND / OR TOW DUE TO CRASH,,IMPROPER TURNING/NO SIGNAL,2707,N,CALIFORNIA AVE,,NONINCAPACITATING INJURY,0,0,1,12,7,5,41.93053898,-87.69743008
10/17/2017 01:15:00 PM,30,TRAFFIC SIGNAL,CLEAR,DAYLIGHT,ONE-WAY,DRY,INJURY AND / OR TOW DUE TO CRASH,,NOT APPLICABLE,225,W,JACKSON BLVD,Y,"REPORTED, NOT EVIDENT",0,0,0,13,3,10,41.8780014,-87.63446443
9/11/2016 19:40,30,NO CONTROLS,CLEAR,DAYLIGHT,NOT DIVIDED,DRY,NO INJURY / DRIVE AWAY,,UNABLE TO DETERMINE,3599,N,AUSTIN AVE,,NO INDICATION OF INJURY,0,0,0,19,1,9,41.94572948,-87.77635411
09/18/2023 07:35:00 AM,30,TRAFFIC SIGNAL,CLEAR,DAYLIGHT,FOUR WAY,DRY,NO INJURY / DRIVE AWAY,,"VISION OBSCURED (SIGNS, TREE LIMBS, BUILDINGS, ETC.)",1000,N,WESTERN AVE,,NO INDICATION OF INJURY,0,0,0,7,2,9,41.89942256,-87.68708478
05/21/2019 07:40:00 AM,20,NO CONTROLS,RAIN,DAYLIGHT,NOT DIVIDED,WET,INJURY AND / OR TOW DUE TO CRASH,,NOT APPLICABLE,5115,N,DAMEN AVE,Y,NONINCAPACITATING INJURY,0,0,1,7,3,5,41.97521097,-87.67923146
09/14/2016 12:30:00 PM,30,NO CONTROLS,CLEAR,DAYLIGHT,NOT DIVIDED,DRY,NO INJURY / DRIVE AWAY,,FOLLOWING TOO CLOSELY,1876,N,DAMEN AVE,Y,NO INDICATION OF INJURY,0,0,0,12,4,9,41.91595533,-87.6777278
09/13/2018 01:38:00 PM,35,NO CONTROLS,CLEAR,DAYLIGHT,ONE-WAY,DRY,INJURY AND / OR TOW DUE TO CRASH,,FAILING TO YIELD RIGHT-OF-WAY,38,E,80TH ST,,"REPORTED, NOT EVIDENT",0,0,0,13,5,9,41.74926067,-87.6230294
8/3/2022 7:41,10,YIELD,CLEAR,DAYLIGHT,ONE-WAY,DRY,INJURY AND / OR TOW DUE TO CRASH,,IMPROPER OVERTAKING/PASSING,2901,S,FORT DEARBORN,,NONINCAPACITATING INJURY,0,0,1,7,4,8,41.84216338,-87.60939164
06/29/2021 05:28:00 PM,30,NO CONTROLS,CLEAR,DAYLIGHT,NOT DIVIDED,DRY,INJURY AND / OR TOW DUE TO CRASH,Y,UNABLE TO DETERMINE,155,W,59TH ST,,NONINCAPACITATING INJURY,0,0,1,17,3,6,41.7871643,-87.62981963
5/5/2021 20:45,30,NO CONTROLS,CLEAR,DUSK,NOT DIVIDED,DRY,INJURY AND / OR TOW DUE TO CRASH,Y,UNABLE TO DETERMINE,1051,N,MILWAUKEE AVE,N,"REPORTED, NOT EVIDENT",0,0,0,20,4,5,41.90083756,-87.66232523
9/9/2021 15:50,35,PEDESTRIAN CROSSING SIGN,CLEAR,DAYLIGHT,NOT DIVIDED,DRY,INJURY AND / OR TOW DUE TO CRASH,Y,UNABLE TO DETERMINE,4800,W,GLADYS AVE,,"REPORTED, NOT EVIDENT",0,0,0,15,5,9,41.87600031,-87.74517574
9/1/2019 10:00,30,NO CONTROLS,CLEAR,DAYLIGHT,NOT DIVIDED,DRY,INJURY AND / OR TOW DUE TO CRASH,Y,NOT APPLICABLE,7600,S,HALSTED ST,,"REPORTED, NOT EVIDENT",0,0,0,10,1,9,41.75599579,-87.64432824
06/26/2019 09:49:00 PM,30,NO CONTROLS,RAIN,"DARKNESS, LIGHTED ROAD",NOT DIVIDED,WET,INJURY AND / OR TOW DUE TO CRASH,Y,UNABLE TO DETERMINE,1144,N,HAMLIN AVE,,NONINCAPACITATING INJURY,0,0,1,21,4,6,41.90222266,-87.72156284
06/26/2020 11:47:00 AM,25,STOP SIGN/FLASHER,RAIN,DAYLIGHT,NOT DIVIDED,WET,INJURY AND / OR TOW DUE TO CRASH,Y,DISREGARDING STOP SIGN,2100,N,KOSTNER AVE,,"REPORTED, NOT EVIDENT",0,0,0,11,6,6,41.91891792,-87.73652546
10/4/2018 18:47,30,STOP SIGN/FLASHER,CLEAR,"DARKNESS, LIGHTED ROAD",NOT DIVIDED,DRY,INJURY AND / OR TOW DUE TO CRASH,,FAILING TO YIELD RIGHT-OF-WAY,1501,N,HALSTED ST,,NONINCAPACITATING INJURY,0,0,1,18,5,10,41.9086441,-87.64806633
09/17/2016 10:20:00 PM,20,NO CONTROLS,CLEAR,"DARKNESS, LIGHTED ROAD",NOT DIVIDED,DRY,INJURY AND / OR TOW DUE TO CRASH,,IMPROPER LANE USAGE,2426,W,GRANVILLE AVE,,NONINCAPACITATING INJURY,0,0,1,22,7,9,41.9941888,-87.69093479
7/6/2019 16:30,20,NO CONTROLS,CLEAR,DAYLIGHT,ONE-WAY,DRY,INJURY AND / OR TOW DUE TO CRASH,,UNABLE TO DETERMINE,4711,N,LINCOLN AVE,,NONINCAPACITATING INJURY,0,0,1,16,7,7,41.96691474,-87.68732115
05/17/2018 09:42:00 PM,35,NO CONTROLS,CLEAR,"DARKNESS, LIGHTED ROAD",NOT DIVIDED,DRY,NO INJURY / DRIVE AWAY,,UNABLE TO DETERMINE,3818,S,COTTAGE GROVE AVE,Y,NO INDICATION OF INJURY,0,0,0,21,5,5,41.82557405,-87.6078829
3/1/2019 23:45,30,NO CONTROLS,CLEAR,"DARKNESS, LIGHTED ROAD",DIVIDED - W/MEDIAN (NOT RAISED),DRY,INJURY AND / OR TOW DUE TO CRASH,Y,FAILING TO YIELD RIGHT-OF-WAY,1140,N,WELLS ST,,NONINCAPACITATING INJURY,0,0,1,23,6,3,41.90331113,-87.6346058
7/10/2020 19:17,30,NO CONTROLS,CLEAR,DAYLIGHT,DIVIDED - W/MEDIAN BARRIER,DRY,INJURY AND / OR TOW DUE TO CRASH,,UNABLE TO DETERMINE,47,W,POLK ST,,INCAPACITATING INJURY,0,1,0,19,6,7,41.87216696,-87.6295768
04/26/2021 03:55:00 PM,25,STOP SIGN/FLASHER,CLEAR,DAYLIGHT,ONE-WAY,DRY,INJURY AND / OR TOW DUE TO CRASH,Y,FAILING TO YIELD RIGHT-OF-WAY,5700,S,MAPLEWOOD AVE,,NONINCAPACITATING INJURY,0,0,1,15,2,4,41.79006165,-87.68774212
09/18/2016 05:00:00 PM,30,TRAFFIC SIGNAL,CLEAR,DAYLIGHT,DIVIDED - W/MEDIAN (NOT RAISED),DRY,NO INJURY / DRIVE AWAY,,FAILING TO YIELD RIGHT-OF-WAY,4506,W,BELMONT AVE,,NO INDICATION OF INJURY,0,0,0,17,1,9,41.93903431,-87.73979416
01/20/2021 08:11:00 PM,30,NO CONTROLS,CLEAR,DARKNESS,NOT DIVIDED,ICE,INJURY AND / OR TOW DUE TO CRASH,Y,UNABLE TO DETERMINE,7510,S,MORGAN ST,,NONINCAPACITATING INJURY,0,0,1,20,4,1,41.75732895,-87.64921319
8/3/2020 17:20,25,STOP SIGN/FLASHER,CLEAR,DAYLIGHT,OTHER,UNKNOWN,INJURY AND / OR TOW DUE TO CRASH,,FAILING TO YIELD RIGHT-OF-WAY,6247,N,LOUISE AVE,Y,NONINCAPACITATING INJURY,0,0,1,17,2,8,41.99446355,-87.76486718
5/12/2019 0:15,30,NO CONTROLS,CLEAR,"DARKNESS, LIGHTED ROAD",NOT DIVIDED,UNKNOWN,INJURY AND / OR TOW DUE TO CRASH,,NOT APPLICABLE,1519,N,MILWAUKEE AVE,Y,INCAPACITATING INJURY,0,1,0,0,1,5,41.90919964,-87.67539876
4/12/2020 9:41,30,NO CONTROLS,CLEAR,DAYLIGHT,T-INTERSECTION,DRY,INJURY AND / OR TOW DUE TO CRASH,,FAILING TO YIELD RIGHT-OF-WAY,1535,W,47TH ST,,NONINCAPACITATING INJURY,0,0,1,9,1,4,41.8085091,-87.66387726
10/8/2022 12:55,20,NO CONTROLS,CLEAR,DAYLIGHT,DIVIDED - W/MEDIAN (NOT RAISED),DRY,NO INJURY / DRIVE AWAY,Y,UNABLE TO DETERMINE,2901,S,THROOP ST,,NO INDICATION OF INJURY,0,0,0,12,7,10,41.8414571,-87.65220589
10/9/2021 11:32,30,NO CONTROLS,CLEAR,DAYLIGHT,DIVIDED - W/MEDIAN (NOT RAISED),DRY,INJURY AND / OR TOW DUE TO CRASH,,UNABLE TO DETERMINE,1890,N,MILWAUKEE AVE,Y,NONINCAPACITATING INJURY,0,0,1,11,7,10,41.91570892,-87.68592385
7/11/2022 18:15,30,TRAFFIC SIGNAL,CLEAR,DAYLIGHT,DIVIDED - W/MEDIAN (NOT RAISED),DRY,INJURY AND / OR TOW DUE TO CRASH,,FAILING TO YIELD RIGHT-OF-WAY,301,E,BALBO DR,,NONINCAPACITATING INJURY,0,0,1,18,2,7,41.87310624,-87.62042563
01/26/2023 05:23:00 PM,30,NO CONTROLS,SNOW,"DARKNESS, LIGHTED ROAD",NOT DIVIDED,WET,INJURY AND / OR TOW DUE TO CRASH,,IMPROPER LANE USAGE,1303,N,MILWAUKEE AVE,,NONINCAPACITATING INJURY,0,0,1,17,5,1,41.90541121,-87.66945824
12/21/2019 11:19:00 PM,30,STOP SIGN/FLASHER,CLEAR,"DARKNESS, LIGHTED ROAD",NOT DIVIDED,DRY,INJURY AND / OR TOW DUE TO CRASH,,FAILING TO YIELD RIGHT-OF-WAY,1031,W,LAKE ST,,NONINCAPACITATING INJURY,0,0,1,23,7,12,41.88545428,-87.65324435
05/15/2019 04:56:00 PM,30,TRAFFIC SIGNAL,CLEAR,DAYLIGHT,NOT DIVIDED,DRY,INJURY AND / OR TOW DUE TO CRASH,,FAILING TO YIELD RIGHT-OF-WAY,3149,N,CLYBOURN AVE,,NONINCAPACITATING INJURY,0,0,1,16,4,5,41.93880108,-87.68692713
11/6/2017 17:50,30,NO CONTROLS,CLEAR,"DARKNESS, LIGHTED ROAD",ALLEY,DRY,INJURY AND / OR TOW DUE TO CRASH,,FAILING TO YIELD RIGHT-OF-WAY,5650,N,GLENWOOD AVE,,INCAPACITATING INJURY,0,1,0,17,2,11,41.98503765,-87.66514412
2/12/2023 15:45,25,STOP SIGN/FLASHER,CLEAR,DAYLIGHT,NOT DIVIDED,DRY,INJURY AND / OR TOW DUE TO CRASH,,IMPROPER TURNING/NO SIGNAL,2900,W,25TH ST,,NONINCAPACITATING INJURY,0,0,1,15,1,2,41.84653136,-87.69782704
08/19/2020 12:15:00 PM,25,NO CONTROLS,CLEAR,DAYLIGHT,ONE-WAY,UNKNOWN,INJURY AND / OR TOW DUE TO CRASH,,UNABLE TO DETERMINE,1304,N,KEELER AVE,Y,NONINCAPACITATING INJURY,0,0,1,12,4,8,41.90457712,-87.73142653
8/3/2019 19:59,30,NO CONTROLS,CLEAR,DUSK,NOT DIVIDED,DRY,INJURY AND / OR TOW DUE TO CRASH,,FAILING TO YIELD RIGHT-OF-WAY,224,N,GREEN ST,Y,INCAPACITATING INJURY,0,1,0,19,7,8,41.88646952,-87.64881428
4/12/2017 13:56,30,NO CONTROLS,CLEAR,DAYLIGHT,DIVIDED - W/MEDIAN (NOT RAISED),DRY,NO INJURY / DRIVE AWAY,,DRIVING SKILLS/KNOWLEDGE/EXPERIENCE,20,W,KINZIE ST,Y,NO INDICATION OF INJURY,0,0,0,13,4,4,41.88935203,-87.62884885
11/4/2021 14:50,30,NO CONTROLS,CLEAR,DAYLIGHT,NOT DIVIDED,DRY,NO INJURY / DRIVE AWAY,Y,IMPROPER TURNING/NO SIGNAL,1317,N,WELLS ST,,NO INDICATION OF INJURY,0,0,0,14,5,11,41.9062421,-87.6344133
07/26/2023 01:00:00 PM,30,UNKNOWN,CLEAR,DAYLIGHT,NOT DIVIDED,DRY,INJURY AND / OR TOW DUE TO CRASH,Y,FAILING TO YIELD RIGHT-OF-WAY,1160,W,TAYLOR ST,,INCAPACITATING INJURY,0,2,0,13,4,7,41.86952647,-87.6566832
05/20/2018 05:41:00 PM,35,TRAFFIC SIGNAL,CLEAR,DAYLIGHT,NOT DIVIDED,DRY,INJURY AND / OR TOW DUE TO CRASH,,FAILING TO YIELD RIGHT-OF-WAY,8699,S,CARPENTER ST,,NONINCAPACITATING INJURY,0,0,1,17,1,5,41.73607768,-87.64955723
5/1/2018 8:30,30,NO CONTROLS,CLEAR,DAYLIGHT,DRIVEWAY,DRY,NO INJURY / DRIVE AWAY,Y,UNABLE TO DETERMINE,5301,W,IRVING PARK RD,,NO INDICATION OF INJURY,0,0,0,8,3,5,41.95315915,-87.75972945
07/28/2020 04:50:00 PM,30,NO CONTROLS,CLEAR,DAYLIGHT,NOT DIVIDED,DRY,INJURY AND / OR TOW DUE TO CRASH,,UNABLE TO DETERMINE,2450,W,47TH ST,Y,NONINCAPACITATING INJURY,0,0,1,16,3,7,41.80851812,-87.68628037
05/16/2021 06:15:00 PM,30,NO CONTROLS,CLEAR,DAYLIGHT,NOT DIVIDED,DRY,INJURY AND / OR TOW DUE TO CRASH,,UNABLE TO DETERMINE,1020,W,FULLERTON AVE,,INCAPACITATING INJURY,0,1,0,18,1,5,41.92547122,-87.65445227
6/10/2019 8:15,30,NO CONTROLS,CLEAR,DAYLIGHT,DIVIDED - W/MEDIAN (NOT RAISED),DRY,INJURY AND / OR TOW DUE TO CRASH,,DRIVING SKILLS/KNOWLEDGE/EXPERIENCE,2759,N,DAMEN AVE,Y,NONINCAPACITATING INJURY,0,0,1,8,2,6,41.93134783,-87.67805905
9/8/2022 11:00,30,NO CONTROLS,CLEAR,DAYLIGHT,DRIVEWAY,DRY,INJURY AND / OR TOW DUE TO CRASH,,FAILING TO YIELD RIGHT-OF-WAY,4038,N,SHERIDAN RD,,NONINCAPACITATING INJURY,0,0,1,11,5,9,41.95563199,-87.65472365
03/25/2019 03:10:00 PM,35,TRAFFIC SIGNAL,CLEAR,DAYLIGHT,NOT DIVIDED,DRY,INJURY AND / OR TOW DUE TO CRASH,,FAILING TO YIELD RIGHT-OF-WAY,4700,S,PULASKI RD,,INCAPACITATING INJURY,0,1,0,15,2,3,41.80778877,-87.72373033