CRASH_DATE,POSTED_SPEED_LIMIT,TRAFFIC_CONTROL_DEVICE,WEATHER_CONDITION,LIGHTING_CONDITION,TRAFFICWAY_TYPE,ROADWAY_SURFACE_COND,CRASH_TYPE,HIT_AND_RUN_I,PRIM_CONTRIBUTORY_CAUSE,STREET_NO,STREET_DIRECTION,STREET_NAME,DOORING_I,MOST_SEVERE_INJURY,INJURIES_FATAL,INJURIES_INCAPACITATING,INJURIES_NON_INCAPACITATING,CRASH_HOUR,CRASH_DAY_OF_WEEK,CRASH_MONTH,LATITUDE,LONGITUDE
08/15/2023 04:30:00 PM,30,STOP SIGN/FLASHER,CLEAR,DAYLIGHT,NOT DIVIDED,UNKNOWN,NO INJURY / DRIVE AWAY,Y,IMPROPER OVERTAKING/PASSING,4700,N,KENMORE AVE,,NO INDICATION OF INJURY,0,0,0,16,3,8,41.96733496,-87.65635375
08/18/2019 08:00:00 AM,30,NO CONTROLS,RAIN,DAYLIGHT,ONE-WAY,WET,INJURY AND / OR TOW DUE TO CRASH,,FAILING TO REDUCE SPEED TO AVOID CRASH,80,E,13TH ST,,NONINCAPACITATING INJURY,0,0,2,8,1,8,41.8658941,-87.62420012
10/12/2018 17:05,30,STOP SIGN/FLASHER,CLEAR,DAYLIGHT,DIVIDED - W/MEDIAN (NOT RAISED),UNKNOWN,INJURY AND / OR TOW DUE TO CRASH,,DISREGARDING STOP SIGN,6200,S,NARRAGANSETT AVE,,INCAPACITATING INJURY,0,1,0,17,6,10,41.77941341,-87.78147472
05/22/2019 05:38:00 PM,30,NO CONTROLS,CLEAR,DAYLIGHT,NOT DIVIDED,DRY,NO INJURY / DRIVE AWAY,,UNABLE TO DETERMINE,3531,N,LARAMIE AVE,Y,NO INDICATION OF INJURY,0,0,0,17,4,5,41.94516823,-87.75674209
10/5/2023 15:06,30,NO CONTROLS,CLEAR,DAYLIGHT,NOT DIVIDED,UNKNOWN,INJURY AND / OR TOW DUE TO CRASH,Y,UNABLE TO DETERMINE,1832,W,JUNEWAY TER,,INCAPACITATING INJURY,0,1,0,15,5,10,42.02266027,-87.67664724
11/21/2019 05:40:00 PM,20,NO CONTROLS,CLEAR,"DARKNESS, LIGHTED ROAD",DIVIDED - W/MEDIAN (NOT RAISED),DRY,INJURY AND / OR TOW DUE TO CRASH,Y,FAILING TO YIELD RIGHT-OF-WAY,8601,S,HALSTED ST,,NONINCAPACITATING INJURY,0,0,1,17,5,11,41.73797378,-87.64352541
04/20/2019 03:00:00 AM,30,UNKNOWN,CLEAR,DARKNESS,NOT DIVIDED,UNKNOWN,INJURY AND / OR TOW DUE TO CRASH,Y,DRIVING SKILLS/KNOWLEDGE/EXPERIENCE,7501,S,DORCHESTER AVE,,INCAPACITATING INJURY,0,1,0,3,7,4,41.75863521,-87.59065029
08/31/2023 07:50:00 AM,30,TRAFFIC SIGNAL,CLEAR,DAYLIGHT,NOT DIVIDED,DRY,INJURY AND / OR TOW DUE TO CRASH,Y,IMPROPER TURNING/NO SIGNAL,50,W,HARRISON ST,,"REPORTED, NOT EVIDENT",0,0,0,7,5,8,41.87464428,-87.6296485
06/23/2021 10:06:00 PM,35,NO CONTROLS,CLEAR,"DARKNESS, LIGHTED ROAD",NOT DIVIDED,DRY,INJURY AND / OR TOW DUE TO CRASH,,UNABLE TO DETERMINE,1345,N,WELLS ST,Y,NONINCAPACITATING INJURY,0,0,1,22,4,6,41.90707225,-87.63444045
12/16/2019 05:41:00 AM,30,NO CONTROLS,SNOW,"DARKNESS, LIGHTED ROAD",NOT DIVIDED,WET,INJURY AND / OR TOW DUE TO CRASH,,UNABLE TO DETERMINE,799,N,SEDGWICK ST,,NONINCAPACITATING INJURY,0,0,1,5,2,12,41.8965019,-87.63846653
11/16/2019 11:48:00 AM,30,TRAFFIC SIGNAL,CLEAR,DAYLIGHT,DIVIDED - W/MEDIAN (NOT RAISED),DRY,INJURY AND / OR TOW DUE TO CRASH,,FAILING TO YIELD RIGHT-OF-WAY,3600,W,BELMONT AVE,,NONINCAPACITATING INJURY,0,0,1,11,7,11,41.93932519,-87.71746163
06/26/2019 08:30:00 PM,40,TRAFFIC SIGNAL,CLEAR,"DARKNESS, LIGHTED ROAD",NOT DIVIDED,DRY,INJURY AND / OR TOW DUE TO CRASH,Y,UNABLE TO DETERMINE,6900,S,PULASKI RD,,INCAPACITATING INJURY,0,1,0,20,4,6,41.76768773,-87.72263085
9/1/2017 10:26,35,TRAFFIC SIGNAL,CLEAR,DAYLIGHT,DIVIDED - W/MEDIAN BARRIER,DRY,NO INJURY / DRIVE AWAY,,UNABLE TO DETERMINE,2002,W,87TH ST,N,NO INDICATION OF INJURY,0,0,0,10,6,9,41.73576496,-87.6728865
6/1/2018 15:21,30,NO CONTROLS,CLEAR,DAYLIGHT,ALLEY,DRY,INJURY AND / OR TOW DUE TO CRASH,Y,UNABLE TO DETERMINE,2000,W,59TH ST,,INCAPACITATING INJURY,0,1,0,15,6,6,41.78673715,-87.67415859
7/10/2022 5:40,30,TRAFFIC SIGNAL,CLEAR,DAYLIGHT,"FIVE POINT, OR MORE",DRY,INJURY AND / OR TOW DUE TO CRASH,,UNABLE TO DETERMINE,3959,N,CICERO AVE,,INCAPACITATING INJURY,0,1,0,5,1,7,41.95337048,-87.74715821
10/6/2019 15:56,30,NO CONTROLS,CLEAR,DAYLIGHT,NOT DIVIDED,DRY,NO INJURY / DRIVE AWAY,,NOT APPLICABLE,5000,W,65TH ST,,NO INDICATION OF INJURY,0,0,0,15,1,10,41.77477537,-87.7471344
4/9/2019 12:30,30,UNKNOWN,CLEAR,DAYLIGHT,NOT DIVIDED,DRY,INJURY AND / OR TOW DUE TO CRASH,Y,FOLLOWING TOO CLOSELY,3594,W,CHICAGO AVE,,NONINCAPACITATING INJURY,0,0,1,12,3,4,41.89557127,-87.7162551
05/15/2017 05:35:00 AM,30,NO CONTROLS,CLEAR,DAYLIGHT,DIVIDED - W/MEDIAN (NOT RAISED),DRY,INJURY AND / OR TOW DUE TO CRASH,,UNABLE TO DETERMINE,5021,N,DAMEN AVE,Y,NONINCAPACITATING INJURY,0,0,1,5,2,5,41.97308148,-87.67916631
10/16/2023 03:37:00 PM,30,TRAFFIC SIGNAL,CLEAR,DAYLIGHT,NOT DIVIDED,DRY,INJURY AND / OR TOW DUE TO CRASH,,UNABLE TO DETERMINE,10300,S,TORRENCE AVE,,"REPORTED, NOT EVIDENT",0,0,0,15,2,10,41.70807743,-87.55980687
5/12/2023 7:25,30,NO CONTROLS,CLEAR,DAYLIGHT,NOT DIVIDED,DRY,INJURY AND / OR TOW DUE TO CRASH,,UNABLE TO DETERMINE,3025,N,LINCOLN AVE,Y,NONINCAPACITATING INJURY,0,0,1,7,6,5,41.9367743,-87.66440125
07/18/2017 02:40:00 PM,35,NO CONTROLS,CLEAR,DAYLIGHT,DIVIDED - W/MEDIAN (NOT RAISED),DRY,INJURY AND / OR TOW DUE TO CRASH,,UNABLE TO DETERMINE,3400,W,ADDISON ST,,NONINCAPACITATING INJURY,0,0,1,14,3,7,41.94667525,-87.71277858
07/26/2017 06:00:00 AM,30,TRAFFIC SIGNAL,CLEAR,DAYLIGHT,DIVIDED - W/MEDIAN (NOT RAISED),DRY,INJURY AND / OR TOW DUE TO CRASH,Y,"OPERATING VEHICLE IN ERRATIC, RECKLESS, CARELESS, NEGLIGENT OR AGGRESSIVE MANNER",6428,W,DEVON AVE,,INCAPACITATING INJURY,0,1,0,6,4,7,41.99745572,-87.7884074
09/27/2017 07:15:00 PM,30,TRAFFIC SIGNAL,CLEAR,"DARKNESS, LIGHTED ROAD",DIVIDED - W/MEDIAN BARRIER,DRY,INJURY AND / OR TOW DUE TO CRASH,Y,UNABLE TO DETERMINE,5500,S,DAMEN AVE,,NONINCAPACITATING INJURY,0,0,1,19,4,9,41.79347836,-87.67442622
07/26/2018 08:04:00 AM,30,NO CONTROLS,CLEAR,DAYLIGHT,DIVIDED - W/MEDIAN (NOT RAISED),DRY,NO INJURY / DRIVE AWAY,,FAILING TO YIELD RIGHT-OF-WAY,210,N,WELLS ST,,NO INDICATION OF INJURY,0,0,0,8,5,7,41.8860284,-87.63408498
07/26/2023 09:38:00 PM,30,STOP SIGN/FLASHER,CLEAR,"DARKNESS, LIGHTED ROAD",ONE-WAY,DRY,NO INJURY / DRIVE AWAY,,UNABLE TO DETERMINE,800,N,PINE AVE,,NO INDICATION OF INJURY,0,0,0,21,4,7,41.89490977,-87.76371654
08/26/2017 10:55:00 PM,25,TRAFFIC SIGNAL,CLEAR,"DARKNESS, LIGHTED ROAD",ONE-WAY,DRY,INJURY AND / OR TOW DUE TO CRASH,Y,UNABLE TO DETERMINE,3201,W,BYRON ST,,NONINCAPACITATING INJURY,0,0,1,22,7,8,41.9519966,-87.70802239
10/25/2016 07:15:00 PM,30,NO CONTROLS,CLEAR,"DARKNESS, LIGHTED ROAD",NOT DIVIDED,DRY,NO INJURY / DRIVE AWAY,Y,FAILING TO YIELD RIGHT-OF-WAY,931,W,CHICAGO AVE,,NO INDICATION OF INJURY,0,0,0,19,3,10,41.89622614,-87.65115515
10/18/2016 02:28:00 PM,30,NO CONTROLS,CLEAR,DAYLIGHT,ONE-WAY,DRY,INJURY AND / OR TOW DUE TO CRASH,,UNABLE TO DETERMINE,5700,W,ADAMS BLVD,,"REPORTED, NOT EVIDENT",0,0,0,14,3,10,41.8778173,-87.76811483
09/23/2023 06:40:00 PM,30,NO CONTROLS,CLEAR,"DARKNESS, LIGHTED ROAD",DIVIDED - W/MEDIAN (NOT RAISED),DRY,NO INJURY / DRIVE AWAY,,EQUIPMENT - VEHICLE CONDITION,4024,N,KEDZIE AVE,,NO INDICATION OF INJURY,0,0,0,18,7,9,41.95468501,-87.70818516
09/22/2021 05:20:00 PM,30,NO CONTROLS,CLOUDY/OVERCAST,DAYLIGHT,NOT DIVIDED,DRY,INJURY AND / OR TOW DUE TO CRASH,,UNABLE TO DETERMINE,1528,W,21ST ST,Y,NONINCAPACITATING INJURY,0,0,1,17,4,9,41.85430392,-87.66478982
07/19/2018 06:30:00 PM,30,NO CONTROLS,CLEAR,DAYLIGHT,DIVIDED - W/MEDIAN (NOT RAISED),DRY,INJURY AND / OR TOW DUE TO CRASH,,FAILING TO YIELD RIGHT-OF-WAY,1520,N,DAMEN AVE,Y,NONINCAPACITATING INJURY,0,0,1,18,5,7,41.9089214,-87.6775678
07/24/2018 04:10:00 PM,30,TRAFFIC SIGNAL,CLEAR,DAYLIGHT,NOT DIVIDED,DRY,INJURY AND / OR TOW DUE TO CRASH,,FAILING TO YIELD RIGHT-OF-WAY,535,W,CHICAGO AVE,,"REPORTED, NOT EVIDENT",0,0,0,16,3,7,41.8963673,-87.64286725
9/5/2018 18:16,30,NO CONTROLS,RAIN,DAYLIGHT,NOT DIVIDED,WET,NO INJURY / DRIVE AWAY,,UNABLE TO DETERMINE,40,E,GRAND AVE,,NO INDICATION OF INJURY,0,0,0,18,4,9,41.89179678,-87.62649274
05/18/2021 08:10:00 AM,30,NO CONTROLS,CLEAR,DAYLIGHT,OTHER,DRY,INJURY AND / OR TOW DUE TO CRASH,,DRIVING SKILLS/KNOWLEDGE/EXPERIENCE,3600,N,RECREATION DR,,NONINCAPACITATING INJURY,0,0,1,8,3,5,41.94886557,-87.64303425
9/5/2017 18:00,35,NO CONTROLS,CLEAR,DAYLIGHT,PARKING LOT,DRY,INJURY AND / OR TOW DUE TO CRASH,,FAILING TO YIELD RIGHT-OF-WAY,4135,N,CICERO AVE,,"REPORTED, NOT EVIDENT",0,0,0,18,3,9,41.95646582,-87.74724753
05/17/2017 09:10:00 PM,30,STOP SIGN/FLASHER,CLEAR,DUSK,NOT DIVIDED,DRY,INJURY AND / OR TOW DUE TO CRASH,,NOT APPLICABLE,5707,S,DAMEN AVE,,INCAPACITATING INJURY,0,1,0,21,4,5,41.7900139,-87.67404154
10/11/2017 15:20,30,NO CONTROLS,CLEAR,DAYLIGHT,NOT DIVIDED,DRY,INJURY AND / OR TOW DUE TO CRASH,,UNABLE TO DETERMINE,3801,N,ASHLAND AVE,,NONINCAPACITATING INJURY,0,0,1,15,4,10,41.95073517,-87.6688129
04/23/2019 06:00:00 AM,35,NO CONTROLS,CLEAR,DAYLIGHT,NOT DIVIDED,DRY,INJURY AND / OR TOW DUE TO CRASH,,UNABLE TO DETERMINE,2001,N,WESTERN AVE,,NONINCAPACITATING INJURY,0,0,1,6,3,4,41.91760789,-87.687264
06/29/2019 12:02:00 PM,30,NO CONTROLS,CLEAR,DAYLIGHT,NOT DIVIDED,DRY,INJURY AND / OR TOW DUE TO CRASH,,UNABLE TO DETERMINE,5306,N,CLARK ST,Y,NONINCAPACITATING INJURY,0,0,1,12,7,6,41.97827366,-87.66848748
7/7/2020 16:30,30,NO CONTROLS,CLEAR,DAYLIGHT,DIVIDED - W/MEDIAN (NOT RAISED),DRY,INJURY AND / OR TOW DUE TO CRASH,,FAILING TO YIELD RIGHT-OF-WAY,1500,N,HALSTED ST,,NONINCAPACITATING INJURY,0,0,1,16,3,7,41.90863959,-87.64836015
05/16/2022 03:00:00 PM,15,NO CONTROLS,CLEAR,DAYLIGHT,ALLEY,DRY,NO INJURY / DRIVE AWAY,,UNABLE TO DETERMINE,4052,N,WESTERN AVE,,NO INDICATION OF INJURY,0,0,0,15,2,5,41.95562322,-87.68866131
6/1/2023 17:09,30,STOP SIGN/FLASHER,CLEAR,DAYLIGHT,FOUR WAY,DRY,INJURY AND / OR TOW DUE TO CRASH,,FAILING TO YIELD RIGHT-OF-WAY,2931,W,GRANVILLE AVE,,NONINCAPACITATING INJURY,0,0,1,17,5,6,41.99382746,-87.70309443
6/12/2017 17:45,30,NO CONTROLS,CLEAR,DAYLIGHT,DIVIDED - W/MEDIAN (NOT RAISED),DRY,INJURY AND / OR TOW DUE TO CRASH,,UNABLE TO DETERMINE,81,E,HARRISON ST,,NONINCAPACITATING INJURY,0,0,1,17,2,6,41.87432864,-87.62465224
05/20/2020 05:55:00 PM,30,NO CONTROLS,CLEAR,DAYLIGHT,ONE-WAY,DRY,INJURY AND / OR TOW DUE TO CRASH,,FAILING TO YIELD RIGHT-OF-WAY,2000,W,CHARLESTON ST,,NONINCAPACITATING INJURY,0,0,1,17,4,5,41.92014913,-87.67783067
06/26/2019 04:20:00 PM,20,NO CONTROLS,CLEAR,DAYLIGHT,DIVIDED - W/MEDIAN (NOT RAISED),DRY,INJURY AND / OR TOW DUE TO CRASH,,DRIVING SKILLS/KNOWLEDGE/EXPERIENCE,9500,S,ESCANABA AVE,,"REPORTED, NOT EVIDENT",0,0,0,16,4,6,41.72264099,-87.55399161
09/13/2018 12:35:00 PM,30,TRAFFIC SIGNAL,CLEAR,DAYLIGHT,CENTER TURN LANE,DRY,NO INJURY / DRIVE AWAY,,DISREGARDING TRAFFIC SIGNALS,600,S,WESTERN AVE,,NO INDICATION OF INJURY,0,0,0,12,5,9,41.8738459,-87.68638129
5/1/2023 14:45,30,NO CONTROLS,RAIN,DAYLIGHT,NOT DIVIDED,WET,INJURY AND / OR TOW DUE TO CRASH,,FAILING TO YIELD RIGHT-OF-WAY,1766,N,WELLS ST,,NONINCAPACITATING INJURY,0,0,1,14,2,5,41.91477018,-87.63496913
08/24/2023 04:30:00 PM,30,NO CONTROLS,CLEAR,DAYLIGHT,NOT DIVIDED,DRY,INJURY AND / OR TOW DUE TO CRASH,Y,IMPROPER OVERTAKING/PASSING,3129,N,DAMEN AVE,,NONINCAPACITATING INJURY,0,0,1,16,5,8,41.93861765,-87.67817913
10/2/2019 9:50,35,STOP SIGN/FLASHER,RAIN,DAYLIGHT,FOUR WAY,WET,NO INJURY / DRIVE AWAY,Y,DISREGARDING STOP SIGN,2301,W,TAYLOR ST,,NO INDICATION OF INJURY,0,0,0,9,4,10,41.86890111,-87.68371238
5/8/2018 22:10,35,NO CONTROLS,CLEAR,"DARKNESS, LIGHTED ROAD",NOT DIVIDED,DRY,NO INJURY / DRIVE AWAY,Y,UNABLE TO DETERMINE,2140,W,ADDISON ST,Y,NO INDICATION OF INJURY,0,0,0,22,3,5,41.9469204,-87.68259314
07/20/2019 01:50:00 PM,30,NO CONTROLS,CLEAR,DAYLIGHT,NOT DIVIDED,DRY,NO INJURY / DRIVE AWAY,,UNABLE TO DETERMINE,1152,W,19TH PL,,NO INDICATION OF INJURY,0,0,0,13,7,7,41.85603766,-87.65524537
9/8/2018 15:30,20,NO CONTROLS,CLEAR,DAYLIGHT,NOT DIVIDED,DRY,INJURY AND / OR TOW DUE TO CRASH,,FAILING TO YIELD RIGHT-OF-WAY,3801,W,65TH PL,N,NONINCAPACITATING INJURY,0,0,1,15,7,9,41.77406857,-87.7178615
08/27/2017 06:35:00 PM,35,STOP SIGN/FLASHER,CLEAR,DAYLIGHT,DIVIDED - W/MEDIAN (NOT RAISED),DRY,INJURY AND / OR TOW DUE TO CRASH,,DISREGARDING STOP SIGN,8800,S,HALSTED ST,,NONINCAPACITATING INJURY,0,0,1,18,1,8,41.73422263,-87.64371259
10/11/2018 10:55,25,TRAFFIC SIGNAL,CLEAR,DAYLIGHT,NOT DIVIDED,DRY,INJURY AND / OR TOW DUE TO CRASH,,IMPROPER OVERTAKING/PASSING,401,S,WELLS ST,,NONINCAPACITATING INJURY,0,0,1,10,5,10,41.87678858,-87.63354521
03/16/2023 04:13:00 PM,30,NO CONTROLS,UNKNOWN,DAYLIGHT,NOT DIVIDED,UNKNOWN,NO INJURY / DRIVE AWAY,,UNABLE TO DETERMINE,4318,N,CALIFORNIA AVE,,NO INDICATION OF INJURY,0,0,0,16,5,3,41.96001317,-87.69857297
9/3/2017 18:35,30,TRAFFIC SIGNAL,CLEAR,DAYLIGHT,NOT DIVIDED,DRY,NO INJURY / DRIVE AWAY,,UNABLE TO DETERMINE,1,E,CHICAGO AVE,,NO INDICATION OF INJURY,0,0,0,18,1,9,41.89656858,-87.62812919
08/21/2022 04:30:00 PM,30,NO CONTROLS,CLEAR,DAYLIGHT,ONE-WAY,DRY,NO INJURY / DRIVE AWAY,,UNABLE TO DETERMINE,1300,N,CAMPBELL AVE,,NO INDICATION OF INJURY,0,0,0,16,1,8,41.90491008,-87.68968543
07/28/2022 05:57:00 PM,35,TRAFFIC SIGNAL,CLEAR,DAYLIGHT,FOUR WAY,DRY,INJURY AND / OR TOW DUE TO CRASH,Y,DISREGARDING TRAFFIC SIGNALS,998,N,ELSTON AVE,,"REPORTED, NOT EVIDENT",0,0,0,17,5,7,41.89984343,-87.65679257
10/23/2020 02:33:00 PM,30,TRAFFIC SIGNAL,RAIN,DAYLIGHT,FOUR WAY,WET,INJURY AND / OR TOW DUE TO CRASH,,NOT APPLICABLE,843,N,CLARK ST,,NONINCAPACITATING INJURY,0,0,1,14,6,10,41.89790591,-87.63113071
7/1/2023 16:10,20,NO CONTROLS,RAIN,DAYLIGHT,NOT DIVIDED,WET,INJURY AND / OR TOW DUE TO CRASH,Y,UNABLE TO DETERMINE,3923,N,CLARENDON AVE,,NONINCAPACITATING INJURY,0,0,1,16,7,7,41.95352216,-87.64952616
06/13/2023 11:58:00 AM,30,TRAFFIC SIGNAL,RAIN,DAYLIGHT,FOUR WAY,WET,INJURY AND / OR TOW DUE TO CRASH,,DISREGARDING TRAFFIC SIGNALS,3100,S,MICHIGAN AVE,,NONINCAPACITATING INJURY,0,0,1,11,3,6,41.83824953,-87.62358837
4/12/2022 16:30,30,NO CONTROLS,CLEAR,DAYLIGHT,DRIVEWAY,DRY,INJURY AND / OR TOW DUE TO CRASH,,FAILING TO YIELD RIGHT-OF-WAY,3750,N,WESTERN AVE,,NONINCAPACITATING INJURY,0,0,1,16,3,4,41.95005729,-87.68849697
03/22/2021 03:52:00 PM,30,NO CONTROLS,CLEAR,DAYLIGHT,NOT DIVIDED,DRY,INJURY AND / OR TOW DUE TO CRASH,,FAILING TO YIELD RIGHT-OF-WAY,1841,W,HOWARD ST,,"REPORTED, NOT EVIDENT",0,0,0,15,2,3,42.01931744,-87.67734232
06/13/2023 07:40:00 AM,30,NO CONTROLS,CLEAR,DAYLIGHT,NOT DIVIDED,DRY,INJURY AND / OR TOW DUE TO CRASH,,IMPROPER TURNING/NO SIGNAL,4985,N,ELSTON AVE,,NONINCAPACITATING INJURY,0,0,2,7,3,6,41.97138047,-87.7452479
09/17/2019 10:15:00 AM,25,NO CONTROLS,CLEAR,DAYLIGHT,NOT DIVIDED,DRY,INJURY AND / OR TOW DUE TO CRASH,,IMPROPER TURNING/NO SIGNAL,3132,W,MONTROSE AVE,,NONINCAPACITATING INJURY,0,0,1,10,3,9,41.96130404,-87.70716548
12/14/2016 12:15:00 PM,5,NO CONTROLS,CLEAR,DAYLIGHT,PARKING LOT,ICE,NO INJURY / DRIVE AWAY,,UNABLE TO DETERMINE,1200,W,115TH ST,,NO INDICATION OF INJURY,0,0,0,12,4,12,41.68506116,-87.65193887
03/23/2023 03:25:00 PM,30,UNKNOWN,CLOUDY/OVERCAST,DAYLIGHT,NOT DIVIDED,UNKNOWN,INJURY AND / OR TOW DUE TO CRASH,,UNABLE TO DETERMINE,3199,N,ROCKWELL ST,,NONINCAPACITATING INJURY,0,0,1,15,5,3,41.93937661,-87.69286159
05/29/2021 07:25:00 PM,35,STOP SIGN/FLASHER,CLEAR,DAYLIGHT,NOT DIVIDED,UNKNOWN,NO INJURY / DRIVE AWAY,Y,DISREGARDING STOP SIGN,3701,N,SHEFFIELD AVE,Y,NO INDICATION OF INJURY,0,0,0,19,7,5,41.94915,-87.65424019
6/7/2023 13:00,30,NO CONTROLS,CLEAR,DAYLIGHT,NOT DIVIDED,DRY,INJURY AND / OR TOW DUE TO CRASH,,UNABLE TO DETERMINE,6301,N,RIDGE AVE,,NONINCAPACITATING INJURY,0,0,1,13,4,6,41.99564933,-87.67559802
10/21/2016 05:45:00 PM,30,NO CONTROLS,CLEAR,DAYLIGHT,NOT DIVIDED,DRY,NO INJURY / DRIVE AWAY,,FAILING TO YIELD RIGHT-OF-WAY,850,N,MILWAUKEE AVE,,NO INDICATION OF INJURY,0,0,0,17,6,10,41.89737225,-87.65739243
09/17/2023 08:45:00 PM,30,STOP SIGN/FLASHER,CLEAR,"DARKNESS, LIGHTED ROAD",NOT DIVIDED,DRY,NO INJURY / DRIVE AWAY,,UNABLE TO DETERMINE,6918,W,ARCHER AVE,,NO INDICATION OF INJURY,0,0,0,20,1,9,41.79220376,-87.7949046
6/12/2018 17:17,30,TRAFFIC SIGNAL,CLEAR,DAYLIGHT,DIVIDED - W/MEDIAN (NOT RAISED),DRY,NO INJURY / DRIVE AWAY,,IMPROPER OVERTAKING/PASSING,2300,W,OGDEN AVE,,NO INDICATION OF INJURY,0,0,0,17,3,6,41.86666019,-87.6838096
10/13/2018 12:15:00 PM,30,NO CONTROLS,CLEAR,DAYLIGHT,OTHER,DRY,INJURY AND / OR TOW DUE TO CRASH,Y,UNABLE TO DETERMINE,5242,S,PULASKI RD,,INCAPACITATING INJURY,0,1,0,12,7,10,41.79742719,-87.72342685
9/3/2017 18:30,25,NO CONTROLS,CLEAR,DAYLIGHT,ONE-WAY,DRY,INJURY AND / OR TOW DUE TO CRASH,,UNABLE TO DETERMINE,3035,W,VAN BUREN ST,,NONINCAPACITATING INJURY,0,0,1,18,1,9,41.87580262,-87.70243917
9/5/2017 10:20,25,NO CONTROLS,CLEAR,DAYLIGHT,NOT DIVIDED,DRY,INJURY AND / OR TOW DUE TO CRASH,,"VISION OBSCURED (SIGNS, TREE LIMBS, BUILDINGS, ETC.)",1345,W,DEVON AVE,,NONINCAPACITATING INJURY,0,0,1,10,3,9,41.99803401,-87.66478644
03/29/2023 08:56:00 AM,30,NO CONTROLS,CLEAR,DAYLIGHT,FOUR WAY,DRY,NO INJURY / DRIVE AWAY,,UNABLE TO DETERMINE,1101,W,MADISON ST,,NO INDICATION OF INJURY,0,0,0,8,4,3,41.8815526,-87.65473957
12/3/2022 21:40,35,YIELD,CLEAR,"DARKNESS, LIGHTED ROAD",NOT DIVIDED,DRY,INJURY AND / OR TOW DUE TO CRASH,Y,FAILING TO YIELD RIGHT-OF-WAY,800,S,STATE ST,,INCAPACITATING INJURY,0,1,0,21,7,12,41.87174062,-87.62767068
09/23/2023 05:40:00 PM,30,TRAFFIC SIGNAL,CLEAR,DAYLIGHT,NOT DIVIDED,DRY,INJURY AND / OR TOW DUE TO CRASH,,UNABLE TO DETERMINE,1799,W,CERMAK RD,,NONINCAPACITATING INJURY,0,0,1,17,7,9,41.8521389,-87.67088556
02/23/2020 01:00:00 PM,30,NO CONTROLS,CLEAR,DAYLIGHT,NOT DIVIDED,UNKNOWN,INJURY AND / OR TOW DUE TO CRASH,,"OPERATING VEHICLE IN ERRATIC, RECKLESS, CARELESS, NEGLIGENT OR AGGRESSIVE MANNER",1140,W,WILSON AVE,Y,NONINCAPACITATING INJURY,0,0,1,13,1,2,41.96548895,-87.6591587
07/17/2018 06:30:00 PM,0,TRAFFIC SIGNAL,CLEAR,DAYLIGHT,DIVIDED - W/MEDIAN (NOT RAISED),DRY,NO INJURY / DRIVE AWAY,,UNABLE TO DETERMINE,4301,S,DR MARTIN LUTHER KING JR DR,,NO INDICATION OF INJURY,0,0,0,18,3,7,41.81654679,-87.61664297
09/17/2023 01:30:00 PM,30,UNKNOWN,CLOUDY/OVERCAST,DAYLIGHT,NOT DIVIDED,UNKNOWN,NO INJURY / DRIVE AWAY,,DRIVING SKILLS/KNOWLEDGE/EXPERIENCE,1029,W,IRVING PARK RD,Y,NO INDICATION OF INJURY,0,0,0,13,1,9,41.95436155,-87.65567633
10/16/2016 11:20:00 PM,30,NO CONTROLS,CLEAR,"DARKNESS, LIGHTED ROAD",NOT DIVIDED,DRY,NO INJURY / DRIVE AWAY,Y,"OPERATING VEHICLE IN ERRATIC, RECKLESS, CARELESS, NEGLIGENT OR AGGRESSIVE MANNER",3927,N,RAVENSWOOD AVE,,NO INDICATION OF INJURY,0,0,0,23,1,10,41.95322868,-87.6736235
5/10/2017 15:45,30,TRAFFIC SIGNAL,RAIN,DAYLIGHT,ONE-WAY,WET,INJURY AND / OR TOW DUE TO CRASH,,IMPROPER TURNING/NO SIGNAL,436,S,WABASH AVE,,NONINCAPACITATING INJURY,0,0,1,15,4,5,41.8760741,-87.62618266
11/23/2019 10:25:00 PM,35,STOP SIGN/FLASHER,CLEAR,"DARKNESS, LIGHTED ROAD",DIVIDED - W/MEDIAN (NOT RAISED),DRY,INJURY AND / OR TOW DUE TO CRASH,,FAILING TO YIELD RIGHT-OF-WAY,1303,W,FULLERTON AVE,,NONINCAPACITATING INJURY,0,0,1,22,7,11,41.92514448,-87.66094379
09/15/2020 05:00:00 PM,30,UNKNOWN,CLEAR,DAYLIGHT,DIVIDED - W/MEDIAN (NOT RAISED),DRY,INJURY AND / OR TOW DUE TO CRASH,,UNABLE TO DETERMINE,2638,W,PRATT BLVD,Y,NONINCAPACITATING INJURY,0,0,1,17,3,9,42.00501815,-87.69649121
11/10/2022 21:42,30,TRAFFIC SIGNAL,CLEAR,"DARKNESS, LIGHTED ROAD",FOUR WAY,DRY,INJURY AND / OR TOW DUE TO CRASH,,DISREGARDING TRAFFIC SIGNALS,5801,W,MONTROSE AVE,,NONINCAPACITATING INJURY,0,0,1,21,5,11,41.96030773,-87.77218793
07/26/2022 05:05:00 PM,30,NO CONTROLS,CLEAR,DAYLIGHT,NOT DIVIDED,DRY,INJURY AND / OR TOW DUE TO CRASH,,UNABLE TO DETERMINE,2358,N,DAMEN AVE,Y,NONINCAPACITATING INJURY,0,0,1,17,3,7,41.9245131,-87.67801595