CRASH_DATE,POSTED_SPEED_LIMIT,TRAFFIC_CONTROL_DEVICE,WEATHER_CONDITION,LIGHTING_CONDITION,TRAFFICWAY_TYPE,ROADWAY_SURFACE_COND,CRASH_TYPE,HIT_AND_RUN_I,PRIM_CONTRIBUTORY_CAUSE,STREET_NO,STREET_DIRECTION,STREET_NAME,DOORING_I,MOST_SEVERE_INJURY,INJURIES_FATAL,INJURIES_INCAPACITATING,INJURIES_NON_INCAPACITATING,CRASH_HOUR,CRASH_DAY_OF_WEEK,CRASH_MONTH,LATITUDE,LONGITUDE
5/5/2019 21:11,30,NO CONTROLS,CLEAR,"DARKNESS, LIGHTED ROAD",DIVIDED - W/MEDIAN BARRIER,DRY,INJURY AND / OR TOW DUE TO CRASH,Y,UNABLE TO DETERMINE,200,W,ROOSEVELT RD,,NONINCAPACITATING INJURY,0,0,1,21,1,5,41.86744147,-87.63311106
6/5/2018 19:22,30,TRAFFIC SIGNAL,CLEAR,DUSK,NOT DIVIDED,DRY,INJURY AND / OR TOW DUE TO CRASH,,FAILING TO YIELD RIGHT-OF-WAY,2332,N,CLYBOURN AVE,,NONINCAPACITATING INJURY,0,0,1,19,3,6,41.92425794,-87.668296
10/17/2023 03:00:00 PM,30,NO CONTROLS,CLEAR,DAYLIGHT,DIVIDED - W/MEDIAN (NOT RAISED),DRY,INJURY AND / OR TOW DUE TO CRASH,Y,FOLLOWING TOO CLOSELY,1699,S,CANAL ST,,"REPORTED, NOT EVIDENT",0,0,0,15,3,10,41.85890486,-87.63882942
09/23/2023 10:30:00 AM,30,NO CONTROLS,CLEAR,DAYLIGHT,DIVIDED - W/MEDIAN (NOT RAISED),DRY,INJURY AND / OR TOW DUE TO CRASH,,UNABLE TO DETERMINE,2669,N,CICERO AVE,,NONINCAPACITATING INJURY,0,0,1,10,7,9,41.92948131,-87.74636255
10/11/2023 18:20,30,TRAFFIC SIGNAL,UNKNOWN,DAYLIGHT,NOT DIVIDED,UNKNOWN,NO INJURY / DRIVE AWAY,,UNABLE TO DETERMINE,3400,W,CHICAGO AVE,,NO INDICATION OF INJURY,0,0,0,18,4,10,41.89561585,-87.71149859
08/18/2022 08:00:00 PM,25,NO CONTROLS,CLEAR,"DARKNESS, LIGHTED ROAD",NOT DIVIDED,DRY,NO INJURY / DRIVE AWAY,,"VISION OBSCURED (SIGNS, TREE LIMBS, BUILDINGS, ETC.)",3541,N,BROADWAY,,NO INDICATION OF INJURY,0,0,0,20,5,8,41.94668526,-87.64670694
06/23/2022 07:15:00 AM,25,STOP SIGN/FLASHER,CLEAR,DAYLIGHT,FOUR WAY,DRY,NO INJURY / DRIVE AWAY,,UNABLE TO DETERMINE,11100,S,THROOP ST,,NO INDICATION OF INJURY,0,0,0,7,5,6,41.692162,-87.65468288
04/19/2020 05:14:00 PM,30,NO CONTROLS,CLEAR,DAYLIGHT,NOT DIVIDED,DRY,NO INJURY / DRIVE AWAY,,UNABLE TO DETERMINE,5339,N,CENTRAL AVE,,NO INDICATION OF INJURY,0,0,0,17,1,4,41.97851417,-87.76827879
07/13/2020 02:21:00 AM,25,STOP SIGN/FLASHER,CLEAR,"DARKNESS, LIGHTED ROAD",FOUR WAY,DRY,INJURY AND / OR TOW DUE TO CRASH,Y,UNABLE TO DETERMINE,1502,S,CENTRAL PARK AVE,,FATAL,1,0,0,2,2,7,41.86065218,-87.71540313
09/30/2018 11:00:00 AM,30,NO CONTROLS,CLEAR,DAYLIGHT,NOT DIVIDED,UNKNOWN,NO INJURY / DRIVE AWAY,,IMPROPER OVERTAKING/PASSING,828,W,BARRY AVE,,NO INDICATION OF INJURY,0,0,0,11,1,9,41.93826349,-87.65030971
06/22/2018 11:15:00 PM,30,TRAFFIC SIGNAL,CLEAR,DARKNESS,OTHER,UNKNOWN,INJURY AND / OR TOW DUE TO CRASH,,FAILING TO YIELD RIGHT-OF-WAY,300,N,DESPLAINES ST,,"REPORTED, NOT EVIDENT",0,0,0,23,6,6,41.88683405,-87.64442362
04/20/2018 06:20:00 PM,25,STOP SIGN/FLASHER,CLEAR,DAYLIGHT,NOT DIVIDED,DRY,INJURY AND / OR TOW DUE TO CRASH,,DISREGARDING STOP SIGN,4232,W,56TH ST,,NONINCAPACITATING INJURY,0,0,1,18,6,4,41.79144558,-87.72929812
5/6/2023 17:40,30,TRAFFIC SIGNAL,CLEAR,DAYLIGHT,FOUR WAY,DRY,INJURY AND / OR TOW DUE TO CRASH,,FAILING TO YIELD RIGHT-OF-WAY,3198,N,ELSTON AVE,,NONINCAPACITATING INJURY,0,0,1,17,7,5,41.93929194,-87.69839675
09/21/2021 06:43:00 PM,30,NO CONTROLS,CLEAR,DUSK,NOT DIVIDED,DRY,INJURY AND / OR TOW DUE TO CRASH,,DISTRACTION - FROM INSIDE VEHICLE,1023,W,WILSON AVE,Y,NONINCAPACITATING INJURY,0,0,1,18,3,9,41.96531063,-87.65578122
10/16/2021 09:55:00 AM,30,STOP SIGN/FLASHER,CLEAR,DAYLIGHT,OTHER,DRY,INJURY AND / OR TOW DUE TO CRASH,,UNABLE TO DETERMINE,1338,N,ASHLAND AVE,,NONINCAPACITATING INJURY,0,0,1,9,7,10,41.90618535,-87.66771634
03/21/2023 03:30:00 PM,25,NO CONTROLS,CLEAR,DAYLIGHT,NOT DIVIDED,DRY,INJURY AND / OR TOW DUE TO CRASH,Y,FOLLOWING TOO CLOSELY,1936,W,CHICAGO AVE,,NONINCAPACITATING INJURY,0,0,1,15,3,3,41.89603793,-87.67606494
7/5/2020 1:38,30,TRAFFIC SIGNAL,CLEAR,"DARKNESS, LIGHTED ROAD",NOT DIVIDED,DRY,INJURY AND / OR TOW DUE TO CRASH,,IMPROPER TURNING/NO SIGNAL,1559,S,CENTRAL PARK AVE,,NONINCAPACITATING INJURY,0,0,1,1,1,7,41.85906763,-87.71506157
07/23/2018 10:10:00 AM,30,TRAFFIC SIGNAL,CLEAR,DAYLIGHT,NOT DIVIDED,DRY,NO INJURY / DRIVE AWAY,N,IMPROPER LANE USAGE,500,W,KINZIE ST,,NO INDICATION OF INJURY,0,0,0,10,2,7,41.88915779,-87.63998599
6/12/2020 17:26,30,STOP SIGN/FLASHER,CLEAR,DAYLIGHT,FOUR WAY,DRY,INJURY AND / OR TOW DUE TO CRASH,,UNABLE TO DETERMINE,10800,S,EWING AVE,,NONINCAPACITATING INJURY,0,0,1,17,6,6,41.69901252,-87.53542791
07/15/2019 02:45:00 PM,30,NO CONTROLS,CLEAR,DAYLIGHT,NOT DIVIDED,DRY,INJURY AND / OR TOW DUE TO CRASH,,EQUIPMENT - VEHICLE CONDITION,3730,S,PARNELL AVE,Y,NONINCAPACITATING INJURY,0,0,1,14,2,7,41.82624158,-87.64005221
10/12/2019 9:40,30,NO CONTROLS,CLEAR,DAYLIGHT,NOT DIVIDED,DRY,INJURY AND / OR TOW DUE TO CRASH,,DRIVING SKILLS/KNOWLEDGE/EXPERIENCE,4519,N,SHERIDAN RD,Y,NONINCAPACITATING INJURY,0,0,1,9,7,10,41.96426756,-87.65462655
11/15/2021 12:48:00 AM,25,NO CONTROLS,CLEAR,"DARKNESS, LIGHTED ROAD",ONE-WAY,DRY,INJURY AND / OR TOW DUE TO CRASH,Y,UNABLE TO DETERMINE,748,W,52ND ST,,FATAL,1,0,0,0,2,11,41.79987984,-87.64481644
7/5/2022 17:08,30,NO CONTROLS,CLEAR,DAYLIGHT,NOT DIVIDED,DRY,NO INJURY / DRIVE AWAY,Y,UNABLE TO DETERMINE,3530,S,ARCHER AVE,,NO INDICATION OF INJURY,0,0,0,17,3,7,41.82973075,-87.67895513
07/16/2020 12:59:00 PM,30,NO CONTROLS,CLEAR,DAYLIGHT,NOT DIVIDED,DRY,INJURY AND / OR TOW DUE TO CRASH,,FAILING TO YIELD RIGHT-OF-WAY,744,N,STATE ST,Y,NONINCAPACITATING INJURY,0,0,1,12,5,7,41.89624057,-87.62833644
09/28/2017 01:30:00 PM,30,NO CONTROLS,CLEAR,DAYLIGHT,NOT DIVIDED,DRY,INJURY AND / OR TOW DUE TO CRASH,,FOLLOWING TOO CLOSELY,2,N,FRANKLIN ST,,INCAPACITATING INJURY,0,1,0,13,5,9,41.88196396,-87.63545917
04/19/2019 12:56:00 PM,30,STOP SIGN/FLASHER,CLEAR,DAYLIGHT,OTHER,DRY,INJURY AND / OR TOW DUE TO CRASH,,FAILING TO REDUCE SPEED TO AVOID CRASH,2520,N,NARRAGANSETT AVE,,NONINCAPACITATING INJURY,0,0,1,12,6,4,41.92629696,-87.78569482
12/24/2018 03:00:00 PM,20,NO CONTROLS,CLEAR,DAYLIGHT,ALLEY,DRY,INJURY AND / OR TOW DUE TO CRASH,,NOT APPLICABLE,4617,N,SACRAMENTO AVE,,"REPORTED, NOT EVIDENT",0,0,0,15,2,12,41.9653155,-87.70333824
5/10/2021 16:25,30,TRAFFIC SIGNAL,CLEAR,DAYLIGHT,NOT DIVIDED,DRY,INJURY AND / OR TOW DUE TO CRASH,,UNABLE TO DETERMINE,2,W,KINZIE ST,,NONINCAPACITATING INJURY,0,0,1,16,2,5,41.88936119,-87.62810422
7/12/2018 12:00,30,STOP SIGN/FLASHER,CLEAR,DAYLIGHT,NOT DIVIDED,DRY,INJURY AND / OR TOW DUE TO CRASH,,UNABLE TO DETERMINE,2057,W,ADDISON ST,,NONINCAPACITATING INJURY,0,0,1,12,5,7,41.94672366,-87.68083378
3/10/2018 18:30,30,NO CONTROLS,CLEAR,"DARKNESS, LIGHTED ROAD",DIVIDED - W/MEDIAN (NOT RAISED),DRY,INJURY AND / OR TOW DUE TO CRASH,Y,UNABLE TO DETERMINE,1815,N,KOSTNER AVE,,NONINCAPACITATING INJURY,0,0,1,18,7,3,41.91394221,-87.73608791
10/26/2017 06:00:00 PM,30,NO CONTROLS,CLEAR,"DARKNESS, LIGHTED ROAD",NOT DIVIDED,DRY,INJURY AND / OR TOW DUE TO CRASH,Y,FAILING TO YIELD RIGHT-OF-WAY,4002,N,CENTRAL PARK AVE,,"REPORTED, NOT EVIDENT",0,0,0,18,5,10,41.95393167,-87.71796463
11/2/2022 8:05,30,TRAFFIC SIGNAL,CLEAR,DAYLIGHT,CENTER TURN LANE,DRY,INJURY AND / OR TOW DUE TO CRASH,Y,FAILING TO YIELD RIGHT-OF-WAY,5956,N,CALIFORNIA AVE,,NONINCAPACITATING INJURY,0,0,1,8,4,11,41.99028918,-87.69954555
07/18/2020 12:33:00 PM,30,STOP SIGN/FLASHER,CLEAR,DAYLIGHT,NOT DIVIDED,DRY,INJURY AND / OR TOW DUE TO CRASH,,DRIVING SKILLS/KNOWLEDGE/EXPERIENCE,2458,N,OAK PARK AVE,,INCAPACITATING INJURY,0,1,0,12,7,7,41.92532397,-87.79544207
05/18/2021 08:28:00 PM,30,TRAFFIC SIGNAL,RAIN,DARKNESS,FOUR WAY,WET,INJURY AND / OR TOW DUE TO CRASH,Y,NOT APPLICABLE,2601,N,PULASKI RD,,NONINCAPACITATING INJURY,0,0,1,20,3,5,41.92822626,-87.72673102
05/25/2019 06:30:00 PM,25,NO CONTROLS,CLEAR,DAYLIGHT,NOT DIVIDED,DRY,INJURY AND / OR TOW DUE TO CRASH,,FAILING TO YIELD RIGHT-OF-WAY,3431,W,AINSLIE ST,,NONINCAPACITATING INJURY,0,0,1,18,7,5,41.97010026,-87.71469598
4/9/2019 19:50,30,STOP SIGN/FLASHER,CLEAR,"DARKNESS, LIGHTED ROAD",NOT DIVIDED,DRY,INJURY AND / OR TOW DUE TO CRASH,,UNABLE TO DETERMINE,2300,W,GRANVILLE AVE,,INCAPACITATING INJURY,0,1,0,19,3,4,41.99424297,-87.68737948
1/10/2020 19:00,30,NO CONTROLS,RAIN,"DARKNESS, LIGHTED ROAD",NOT DIVIDED,WET,INJURY AND / OR TOW DUE TO CRASH,,UNABLE TO DETERMINE,4046,W,ARMITAGE AVE,Y,"REPORTED, NOT EVIDENT",0,0,0,19,6,1,41.91725094,-87.72847122
4/8/2023 18:00,15,NO CONTROLS,CLEAR,DAYLIGHT,ALLEY,UNKNOWN,INJURY AND / OR TOW DUE TO CRASH,Y,FAILING TO YIELD RIGHT-OF-WAY,6345,N,WESTERN AVE,,NONINCAPACITATING INJURY,0,0,1,18,7,4,41.99724653,-87.68971998
9/7/2017 7:35,30,NO CONTROLS,CLEAR,DAYLIGHT,NOT DIVIDED,DRY,INJURY AND / OR TOW DUE TO CRASH,,FAILING TO YIELD RIGHT-OF-WAY,3223,W,BRYN MAWR AVE,,NONINCAPACITATING INJURY,0,0,1,7,5,9,41.98294985,-87.70984386
09/28/2020 09:50:00 PM,30,TRAFFIC SIGNAL,CLEAR,"DARKNESS, LIGHTED ROAD",NOT DIVIDED,DRY,INJURY AND / OR TOW DUE TO CRASH,,UNABLE TO DETERMINE,6300,S,WESTERN AVE,,"REPORTED, NOT EVIDENT",0,0,0,21,2,9,41.77912348,-87.6837831
6/10/2018 19:20,30,NO CONTROLS,CLEAR,DAYLIGHT,DIVIDED - W/MEDIAN (NOT RAISED),DRY,INJURY AND / OR TOW DUE TO CRASH,,UNABLE TO DETERMINE,3064,W,THORNDALE AVE,,INCAPACITATING INJURY,0,1,0,19,1,6,41.98852219,-87.70663939
10/27/2017 08:50:00 AM,30,NO CONTROLS,CLOUDY/OVERCAST,DAYLIGHT,NOT DIVIDED,DRY,NO INJURY / DRIVE AWAY,,FAILING TO YIELD RIGHT-OF-WAY,6121,N,NORTHWEST HWY,,NO INDICATION OF INJURY,0,0,0,8,6,10,41.99291566,-87.7997424
10/30/2021 09:15:00 AM,30,TRAFFIC SIGNAL,RAIN,DAYLIGHT,NOT DIVIDED,WET,INJURY AND / OR TOW DUE TO CRASH,,DISREGARDING TRAFFIC SIGNALS,2200,S,DAMEN AVE,,INCAPACITATING INJURY,0,1,0,9,7,10,41.85212766,-87.67598545
05/23/2021 01:37:00 AM,35,NO CONTROLS,CLEAR,DARKNESS,DIVIDED - W/MEDIAN (NOT RAISED),DRY,INJURY AND / OR TOW DUE TO CRASH,Y,UNABLE TO DETERMINE,6600,S,MORGAN ST,N,NONINCAPACITATING INJURY,0,0,1,1,1,5,41.77412895,-87.649646
11/23/2021 07:13:00 PM,30,NO CONTROLS,CLEAR,"DARKNESS, LIGHTED ROAD",NOT DIVIDED,DRY,INJURY AND / OR TOW DUE TO CRASH,,IMPROPER LANE USAGE,4730,W,DIVERSEY AVE,,"REPORTED, NOT EVIDENT",0,0,0,19,3,11,41.93165946,-87.74539801
8/5/2021 19:17,30,STOP SIGN/FLASHER,CLEAR,DUSK,NOT DIVIDED,DRY,NO INJURY / DRIVE AWAY,,FAILING TO YIELD RIGHT-OF-WAY,369,W,DIVISION ST,,NO INDICATION OF INJURY,0,0,0,19,5,8,41.9036843,-87.63828916
12/19/2022 02:30:00 PM,30,NO CONTROLS,CLEAR,DAWN,ONE-WAY,DRY,NO INJURY / DRIVE AWAY,,UNABLE TO DETERMINE,20,W,JACKSON BLVD,N,NO INDICATION OF INJURY,0,0,0,14,2,12,41.87828728,-87.62840255
8/7/2019 8:15,30,NO CONTROLS,CLEAR,DAYLIGHT,ALLEY,DRY,INJURY AND / OR TOW DUE TO CRASH,,UNABLE TO DETERMINE,558,W,DIVERSEY PKWY,,NONINCAPACITATING INJURY,0,0,1,8,4,8,41.9329347,-87.64367909
10/11/2017 8:50,30,NO CONTROLS,RAIN,DAYLIGHT,NOT DIVIDED,WET,INJURY AND / OR TOW DUE TO CRASH,,FAILING TO YIELD RIGHT-OF-WAY,2728,N,ELSTON AVE,,INCAPACITATING INJURY,0,1,1,8,4,10,41.9310266,-87.6863574
12/10/2018 15:30,30,NO CONTROLS,CLEAR,DAYLIGHT,ONE-WAY,DRY,INJURY AND / OR TOW DUE TO CRASH,Y,FAILING TO YIELD RIGHT-OF-WAY,298,W,ERIE ST,Y,"REPORTED, NOT EVIDENT",0,0,0,15,2,12,41.89408102,-87.6355674
05/23/2023 04:30:00 PM,30,NO CONTROLS,CLEAR,DAYLIGHT,CENTER TURN LANE,DRY,INJURY AND / OR TOW DUE TO CRASH,,UNABLE TO DETERMINE,920,W,DIVISION ST,,NONINCAPACITATING INJURY,0,0,1,16,3,5,41.90370044,-87.65189699
05/14/2022 08:44:00 AM,30,TRAFFIC SIGNAL,CLEAR,DAYLIGHT,FOUR WAY,DRY,INJURY AND / OR TOW DUE TO CRASH,,UNABLE TO DETERMINE,1600,E,75TH ST,,INCAPACITATING INJURY,0,1,0,8,7,5,41.75887774,-87.58568244
07/14/2020 05:50:00 PM,30,TRAFFIC SIGNAL,CLEAR,DAYLIGHT,DIVIDED - W/MEDIAN (NOT RAISED),DRY,INJURY AND / OR TOW DUE TO CRASH,Y,FOLLOWING TOO CLOSELY,700,W,NORTH AVE,,NONINCAPACITATING INJURY,0,0,1,17,3,7,41.91106505,-87.6458681
01/14/2022 06:50:00 PM,30,TRAFFIC SIGNAL,FREEZING RAIN/DRIZZLE,"DARKNESS, LIGHTED ROAD",FOUR WAY,WET,INJURY AND / OR TOW DUE TO CRASH,,WEATHER,2432,S,ARCHER AVE,,INCAPACITATING INJURY,0,1,0,18,6,1,41.8484116,-87.64405032
05/17/2021 06:18:00 PM,25,NO CONTROLS,CLEAR,DAYLIGHT,DIVIDED - W/MEDIAN (NOT RAISED),DRY,INJURY AND / OR TOW DUE TO CRASH,,UNABLE TO DETERMINE,5203,N,CLARK ST,,NONINCAPACITATING INJURY,0,0,1,18,2,5,41.97630115,-87.66827594
5/3/2019 17:30,30,NO CONTROLS,CLEAR,DAYLIGHT,DIVIDED - W/MEDIAN (NOT RAISED),UNKNOWN,NO INJURY / DRIVE AWAY,,FAILING TO YIELD RIGHT-OF-WAY,2427,N,ELSTON AVE,,NO INDICATION OF INJURY,0,0,0,17,6,5,41.92556925,-87.6780018
08/20/2020 06:21:00 PM,30,NO CONTROLS,CLEAR,DAYLIGHT,NOT DIVIDED,DRY,INJURY AND / OR TOW DUE TO CRASH,,UNABLE TO DETERMINE,11300,S,AVENUE N,,"REPORTED, NOT EVIDENT",0,0,0,18,5,8,41.68994664,-87.53904885
12/19/2022 07:54:00 PM,30,NO CONTROLS,CLEAR,"DARKNESS, LIGHTED ROAD",NOT DIVIDED,DRY,INJURY AND / OR TOW DUE TO CRASH,,FAILING TO YIELD RIGHT-OF-WAY,4000,W,66TH ST,,NONINCAPACITATING INJURY,0,0,1,19,2,12,41.77330064,-87.72268624
02/25/2019 12:30:00 PM,30,NO CONTROLS,CLEAR,DAYLIGHT,NOT DIVIDED,DRY,INJURY AND / OR TOW DUE TO CRASH,,FAILING TO YIELD RIGHT-OF-WAY,4320,W,BELMONT AVE,,NONINCAPACITATING INJURY,0,0,1,12,2,2,41.93909394,-87.73542504
08/27/2022 10:45:00 AM,30,STOP SIGN/FLASHER,CLEAR,DAYLIGHT,ONE-WAY,UNKNOWN,NO INJURY / DRIVE AWAY,,FAILING TO YIELD RIGHT-OF-WAY,8400,S,ST LAWRENCE AVE,,NO INDICATION OF INJURY,0,0,0,10,7,8,41.74201347,-87.60996733
2/7/2023 15:43,30,STOP SIGN/FLASHER,CLEAR,DAYLIGHT,T-INTERSECTION,DRY,INJURY AND / OR TOW DUE TO CRASH,,FAILING TO YIELD RIGHT-OF-WAY,1628,W,AUGUSTA BLVD,,NONINCAPACITATING INJURY,0,0,1,15,3,2,41.89979831,-87.66854453
5/4/2019 14:15,30,STOP SIGN/FLASHER,CLEAR,DAYLIGHT,NOT DIVIDED,DRY,INJURY AND / OR TOW DUE TO CRASH,Y,UNABLE TO DETERMINE,4500,S,SPAULDING AVE,,NONINCAPACITATING INJURY,0,0,1,14,7,5,41.81157217,-87.70667023
05/31/2021 12:09:00 PM,30,NO CONTROLS,CLEAR,DAYLIGHT,NOT DIVIDED,DRY,INJURY AND / OR TOW DUE TO CRASH,,FAILING TO YIELD RIGHT-OF-WAY,1918,S,MICHIGAN AVE,Y,NONINCAPACITATING INJURY,0,0,1,12,2,5,41.8560506,-87.62403663
12/20/2021 03:36:00 PM,30,TRAFFIC SIGNAL,CLEAR,DAYLIGHT,NOT DIVIDED,DRY,INJURY AND / OR TOW DUE TO CRASH,,FAILING TO REDUCE SPEED TO AVOID CRASH,3002,W,LOGAN BLVD,,NONINCAPACITATING INJURY,0,0,1,15,2,12,41.92853277,-87.70256215
10/19/2022 03:55:00 PM,30,NO CONTROLS,CLEAR,DAYLIGHT,NOT DIVIDED,DRY,NO INJURY / DRIVE AWAY,,IMPROPER TURNING/NO SIGNAL,4560,W,DIVERSEY AVE,,NO INDICATION OF INJURY,0,0,0,15,4,10,41.931708,-87.74160524
08/25/2018 03:40:00 PM,15,NO CONTROLS,CLEAR,DAYLIGHT,ALLEY,DRY,INJURY AND / OR TOW DUE TO CRASH,Y,EXCEEDING AUTHORIZED SPEED LIMIT,3324,W,WALNUT ST,,INCAPACITATING INJURY,0,1,0,15,7,8,41.88545663,-87.70981127
1/8/2019 15:03,5,NO CONTROLS,CLEAR,DAYLIGHT,DRIVEWAY,DRY,INJURY AND / OR TOW DUE TO CRASH,,UNABLE TO DETERMINE,2722,W,PRATT BLVD,Y,NONINCAPACITATING INJURY,0,0,1,15,3,1,42.00498924,-87.69824957
7/10/2019 21:00,10,NO CONTROLS,CLEAR,DAYLIGHT,PARKING LOT,DRY,INJURY AND / OR TOW DUE TO CRASH,,UNABLE TO DETERMINE,4400,W,ROOSEVELT RD,,NONINCAPACITATING INJURY,0,0,1,21,4,7,41.86614087,-87.73508956
9/3/2019 17:25,30,STOP SIGN/FLASHER,CLEAR,DAYLIGHT,ONE-WAY,DRY,INJURY AND / OR TOW DUE TO CRASH,,DISREGARDING STOP SIGN,4000,N,PARKSIDE AVE,Y,INCAPACITATING INJURY,0,1,0,17,3,9,41.95325625,-87.76837692
12/19/2020 11:45:00 AM,25,TRAFFIC SIGNAL,CLEAR,DAYLIGHT,NOT DIVIDED,DRY,INJURY AND / OR TOW DUE TO CRASH,,"VISION OBSCURED (SIGNS, TREE LIMBS, BUILDINGS, ETC.)",1963,N,CLYBOURN AVE,,INCAPACITATING INJURY,0,1,0,11,7,12,41.91682027,-87.65754658
6/8/2021 20:45,30,NO CONTROLS,CLEAR,DUSK,NOT DIVIDED,DRY,INJURY AND / OR TOW DUE TO CRASH,,IMPROPER LANE USAGE,2015,W,HOWARD ST,,NONINCAPACITATING INJURY,0,0,1,20,3,6,42.01934332,-87.68112913
7/9/2018 16:40,30,NO CONTROLS,CLEAR,DAYLIGHT,NOT DIVIDED,UNKNOWN,INJURY AND / OR TOW DUE TO CRASH,Y,UNABLE TO DETERMINE,2944,W,47TH ST,,NONINCAPACITATING INJURY,0,0,1,16,2,7,41.80832199,-87.6984052
7/6/2021 17:09,30,UNKNOWN,CLEAR,DAYLIGHT,NOT DIVIDED,DRY,INJURY AND / OR TOW DUE TO CRASH,Y,NOT APPLICABLE,3100,N,LAKE SHORE DR,,NONINCAPACITATING INJURY,0,0,1,17,3,7,41.93777126,-87.63745598
08/28/2018 05:27:00 PM,30,TRAFFIC SIGNAL,RAIN,DAYLIGHT,ONE-WAY,WET,INJURY AND / OR TOW DUE TO CRASH,,UNABLE TO DETERMINE,630,W,RANDOLPH ST,Y,NONINCAPACITATING INJURY,0,0,1,17,3,8,41.88453804,-87.64413275
08/14/2018 09:16:00 AM,25,STOP SIGN/FLASHER,CLEAR,DAYLIGHT,ONE-WAY,DRY,NO INJURY / DRIVE AWAY,,UNABLE TO DETERMINE,6400,W,GEORGE ST,,NO INDICATION OF INJURY,0,0,0,9,3,8,41.93294107,-87.78581353
10/20/2019 02:20:00 AM,30,NO CONTROLS,CLEAR,"DARKNESS, LIGHTED ROAD",NOT DIVIDED,DRY,NO INJURY / DRIVE AWAY,Y,IMPROPER OVERTAKING/PASSING,2233,N,LINCOLN AVE,,NO INDICATION OF INJURY,0,0,0,2,1,10,41.92273153,-87.64475289
08/29/2022 07:25:00 PM,30,TRAFFIC SIGNAL,CLEAR,"DARKNESS, LIGHTED ROAD",NOT DIVIDED,DRY,INJURY AND / OR TOW DUE TO CRASH,,"OPERATING VEHICLE IN ERRATIC, RECKLESS, CARELESS, NEGLIGENT OR AGGRESSIVE MANNER",59,S,RACINE AVE,,NO INDICATION OF INJURY,0,0,0,19,2,8,41.88037339,-87.65695421
10/11/2023 17:10,25,NO CONTROLS,CLEAR,DAYLIGHT,ONE-WAY,DRY,INJURY AND / OR TOW DUE TO CRASH,Y,UNABLE TO DETERMINE,2041,W,ARTHUR AVE,,NONINCAPACITATING INJURY,0,0,1,17,4,10,41.99957064,-87.68180791
07/18/2017 07:30:00 PM,30,STOP SIGN/FLASHER,CLEAR,DAYLIGHT,ONE-WAY,DRY,NO INJURY / DRIVE AWAY,,UNABLE TO DETERMINE,6019,N,WASHTENAW AVE,,NO INDICATION OF INJURY,0,0,0,19,3,7,41.9910363,-87.69683644
3/6/2018 6:20,30,TRAFFIC SIGNAL,CLOUDY/OVERCAST,"DARKNESS, LIGHTED ROAD",DIVIDED - W/MEDIAN (NOT RAISED),WET,INJURY AND / OR TOW DUE TO CRASH,,DISREGARDING TRAFFIC SIGNALS,1731,S,ASHLAND AVE,,NONINCAPACITATING INJURY,0,0,1,6,3,3,41.85784278,-87.66599344
07/13/2022 02:19:00 PM,30,TRAFFIC SIGNAL,CLEAR,DAYLIGHT,FOUR WAY,DRY,INJURY AND / OR TOW DUE TO CRASH,Y,UNABLE TO DETERMINE,4,S,KEDZIE AVE,,"REPORTED, NOT EVIDENT",0,0,0,14,4,7,41.88084163,-87.70626607
12/13/2019 02:58:00 PM,10,NO CONTROLS,CLEAR,DAYLIGHT,ALLEY,UNKNOWN,NO INJURY / DRIVE AWAY,,IMPROPER BACKING,742,W,WRIGHTWOOD AVE,,NO INDICATION OF INJURY,0,0,0,14,6,12,41.92919735,-87.64815178
7/4/2022 16:49,30,STOP SIGN/FLASHER,RAIN,DAYLIGHT,T-INTERSECTION,WET,INJURY AND / OR TOW DUE TO CRASH,,UNABLE TO DETERMINE,3424,W,BELMONT AVE,,NONINCAPACITATING INJURY,0,0,1,16,2,7,41.93937033,-87.71356602
09/19/2018 09:10:00 AM,30,NO CONTROLS,CLEAR,DAYLIGHT,NOT DIVIDED,DRY,INJURY AND / OR TOW DUE TO CRASH,,UNABLE TO DETERMINE,725,W,IRVING PARK RD,Y,INCAPACITATING INJURY,0,1,0,9,4,9,41.9544676,-87.6488149
09/28/2018 09:35:00 AM,30,TRAFFIC SIGNAL,CLEAR,DAYLIGHT,DIVIDED - W/MEDIAN BARRIER,DRY,NO INJURY / DRIVE AWAY,,DISREGARDING STOP SIGN,5430,S,DORCHESTER AVE,,NO INDICATION OF INJURY,0,0,0,9,6,9,41.79717388,-87.59187792
07/26/2020 09:40:00 PM,30,NO CONTROLS,CLEAR,"DARKNESS, LIGHTED ROAD",NOT DIVIDED,WET,NO INJURY / DRIVE AWAY,,DRIVING SKILLS/KNOWLEDGE/EXPERIENCE,2210,N,CALIFORNIA AVE,,NO INDICATION OF INJURY,0,0,0,21,1,7,41.92202353,-87.69747725
05/31/2018 08:33:00 PM,30,TRAFFIC SIGNAL,CLEAR,DUSK,CENTER TURN LANE,DRY,NO INJURY / DRIVE AWAY,,FAILING TO REDUCE SPEED TO AVOID CRASH,140,W,NORTH AVE,,NO INDICATION OF INJURY,0,0,0,20,5,5,41.91127201,-87.63322899
10/20/2017 05:00:00 PM,30,NO CONTROLS,UNKNOWN,DUSK,DIVIDED - W/MEDIAN (NOT RAISED),UNKNOWN,INJURY AND / OR TOW DUE TO CRASH,,UNABLE TO DETERMINE,4229,N,LINCOLN AVE,,NONINCAPACITATING INJURY,0,0,1,17,6,10,41.95867813,-87.68176383