CRASH_DATE,POSTED_SPEED_LIMIT,TRAFFIC_CONTROL_DEVICE,WEATHER_CONDITION,LIGHTING_CONDITION,TRAFFICWAY_TYPE,ROADWAY_SURFACE_COND,CRASH_TYPE,HIT_AND_RUN_I,PRIM_CONTRIBUTORY_CAUSE,STREET_NO,STREET_DIRECTION,STREET_NAME,DOORING_I,MOST_SEVERE_INJURY,INJURIES_FATAL,INJURIES_INCAPACITATING,INJURIES_NON_INCAPACITATING,CRASH_HOUR,CRASH_DAY_OF_WEEK,CRASH_MONTH,LATITUDE,LONGITUDE
7/9/2022 19:00,30,NO CONTROLS,CLEAR,DAYLIGHT,NOT DIVIDED,DRY,NO INJURY / DRIVE AWAY,,UNABLE TO DETERMINE,1600,N,WELLS ST,,NO INDICATION OF INJURY,0,0,0,19,7,7,41.91119542,-87.63485888
09/27/2023 03:20:00 PM,30,TRAFFIC SIGNAL,CLEAR,DAYLIGHT,NOT DIVIDED,DRY,NO INJURY / DRIVE AWAY,,UNABLE TO DETERMINE,33,N,KEDZIE AVE,N,NO INDICATION OF INJURY,0,0,0,15,4,9,41.88193017,-87.70600284
07/31/2022 04:30:00 PM,30,NO CONTROLS,CLEAR,DAYLIGHT,NOT DIVIDED,DRY,NO INJURY / DRIVE AWAY,Y,DRIVING SKILLS/KNOWLEDGE/EXPERIENCE,2045,W,NORTH AVE,Y,NO INDICATION OF INJURY,0,0,0,16,1,7,41.91034133,-87.67928261
5/8/2022 11:45,35,STOP SIGN/FLASHER,CLEAR,DAYLIGHT,FOUR WAY,DRY,INJURY AND / OR TOW DUE TO CRASH,Y,IMPROPER TURNING/NO SIGNAL,6300,S,DR MARTIN LUTHER KING JR DR,,"REPORTED, NOT EVIDENT",0,0,0,11,1,5,41.78021132,-87.61576829
5/5/2018 19:00,30,NO CONTROLS,CLEAR,DAYLIGHT,NOT DIVIDED,DRY,INJURY AND / OR TOW DUE TO CRASH,,UNABLE TO DETERMINE,1615,W,FOSTER AVE,Y,NONINCAPACITATING INJURY,0,0,1,19,7,5,41.97605277,-87.67026832
11/28/2017 06:00:00 PM,15,STOP SIGN/FLASHER,CLEAR,"DARKNESS, LIGHTED ROAD",ONE-WAY,DRY,INJURY AND / OR TOW DUE TO CRASH,Y,UNABLE TO DETERMINE,2299,N,LONG AVE,,NONINCAPACITATING INJURY,0,0,1,18,3,11,41.92212868,-87.76085807
07/13/2018 01:25:00 PM,30,TRAFFIC SIGNAL,CLEAR,DAYLIGHT,NOT DIVIDED,DRY,INJURY AND / OR TOW DUE TO CRASH,Y,FAILING TO YIELD RIGHT-OF-WAY,2201,S,HALSTED ST,,NONINCAPACITATING INJURY,0,0,1,13,6,7,41.85249876,-87.64634467
08/14/2019 08:03:00 AM,30,NO CONTROLS,CLEAR,DAYLIGHT,T-INTERSECTION,DRY,INJURY AND / OR TOW DUE TO CRASH,,FAILING TO YIELD RIGHT-OF-WAY,24,N,DEARBORN ST,,NONINCAPACITATING INJURY,0,0,1,8,4,8,41.88255019,-87.62956705
09/21/2022 06:21:00 PM,30,NO CONTROLS,CLEAR,DAYLIGHT,NOT DIVIDED,DRY,NO INJURY / DRIVE AWAY,,UNABLE TO DETERMINE,1965,N,MILWAUKEE AVE,Y,NO INDICATION OF INJURY,0,0,0,18,4,9,41.9172691,-87.68789714
08/17/2023 08:23:00 PM,30,STOP SIGN/FLASHER,CLEAR,"DARKNESS, LIGHTED ROAD",T-INTERSECTION,DRY,INJURY AND / OR TOW DUE TO CRASH,Y,UNABLE TO DETERMINE,10333,S,INDIANA AVE,,NONINCAPACITATING INJURY,0,0,1,20,5,8,41.70623278,-87.61846872
10/27/2016 08:00:00 AM,30,NO CONTROLS,CLEAR,DAYLIGHT,NOT DIVIDED,DRY,NO INJURY / DRIVE AWAY,,UNABLE TO DETERMINE,4100,S,INDIANA AVE,,NO INDICATION OF INJURY,0,0,0,8,5,10,41.82007718,-87.62165066
05/29/2022 04:49:00 PM,30,BICYCLE CROSSING SIGN,CLEAR,DAYLIGHT,NOT DIVIDED,UNKNOWN,INJURY AND / OR TOW DUE TO CRASH,,DISREGARDING YIELD SIGN,4600,N,LAKE SHORE DR NB,,NONINCAPACITATING INJURY,0,0,1,16,1,5,41.96571849,-87.64747666
09/21/2017 03:43:00 PM,30,STOP SIGN/FLASHER,CLEAR,DAYLIGHT,DIVIDED - W/MEDIAN (NOT RAISED),DRY,INJURY AND / OR TOW DUE TO CRASH,,UNABLE TO DETERMINE,5303,N,KIMBALL AVE,,NONINCAPACITATING INJURY,0,0,1,15,5,9,41.97767701,-87.71344462
11/6/2016 13:50,20,TRAFFIC SIGNAL,CLEAR,"DARKNESS, LIGHTED ROAD",NOT DIVIDED,DRY,NO INJURY / DRIVE AWAY,,UNABLE TO DETERMINE,4400,W,GRAND AVE,,NO INDICATION OF INJURY,0,0,0,13,1,11,41.91018141,-87.73624887
07/18/2018 10:00:00 AM,30,STOP SIGN/FLASHER,CLEAR,DAYLIGHT,NOT DIVIDED,DRY,NO INJURY / DRIVE AWAY,,FOLLOWING TOO CLOSELY,801,S,HALSTED ST,,NO INDICATION OF INJURY,0,0,0,10,4,7,41.87185759,-87.6468729
6/11/2018 20:25,30,NO CONTROLS,CLEAR,DARKNESS,OTHER,DRY,INJURY AND / OR TOW DUE TO CRASH,,UNABLE TO DETERMINE,3941,N,ASHLAND AVE,Y,NONINCAPACITATING INJURY,0,0,1,20,2,6,41.95365395,-87.66888348
03/26/2023 01:35:00 PM,30,STOP SIGN/FLASHER,CLEAR,DAYLIGHT,FOUR WAY,DRY,INJURY AND / OR TOW DUE TO CRASH,,IMPROPER LANE USAGE,5826,W,FULLERTON AVE,,NONINCAPACITATING INJURY,0,0,1,13,1,3,41.92399572,-87.7720111
06/20/2020 01:33:00 PM,30,NO CONTROLS,CLEAR,DAYLIGHT,ALLEY,DRY,INJURY AND / OR TOW DUE TO CRASH,,NOT APPLICABLE,169,W,HURON ST,,NONINCAPACITATING INJURY,0,0,1,13,7,6,41.89468441,-87.63398823
02/29/2016 03:25:00 PM,30,NO CONTROLS,CLEAR,DAYLIGHT,DIVIDED - W/MEDIAN (NOT RAISED),DRY,INJURY AND / OR TOW DUE TO CRASH,,FAILING TO YIELD RIGHT-OF-WAY,3300,N,ASHLAND AVE,,"REPORTED, NOT EVIDENT",0,0,0,15,2,2,41.94156586,-87.6688604
06/22/2019 07:09:00 PM,30,TRAFFIC SIGNAL,CLEAR,DUSK,DIVIDED - W/MEDIAN (NOT RAISED),DRY,INJURY AND / OR TOW DUE TO CRASH,,UNABLE TO DETERMINE,1144,W,ADDISON ST,Y,NONINCAPACITATING INJURY,0,0,1,19,7,6,41.94726619,-87.65859628
6/11/2023 0:06,30,TRAFFIC SIGNAL,CLEAR,"DARKNESS, LIGHTED ROAD",DIVIDED - W/MEDIAN (NOT RAISED),DRY,INJURY AND / OR TOW DUE TO CRASH,,FAILING TO YIELD RIGHT-OF-WAY,4200,N,KEELER AVE,,NONINCAPACITATING INJURY,0,0,1,0,1,6,41.95733431,-87.73273324
6/1/2023 15:00,30,TRAFFIC SIGNAL,CLEAR,DAYLIGHT,NOT DIVIDED,DRY,INJURY AND / OR TOW DUE TO CRASH,,FAILING TO YIELD RIGHT-OF-WAY,800,E,87TH ST,,NONINCAPACITATING INJURY,0,0,1,15,5,6,41.73675996,-87.60476457
7/11/2023 16:00,30,NO CONTROLS,CLEAR,DAYLIGHT,NOT DIVIDED,DRY,INJURY AND / OR TOW DUE TO CRASH,,"OPERATING VEHICLE IN ERRATIC, RECKLESS, CARELESS, NEGLIGENT OR AGGRESSIVE MANNER",6131,W,DIVERSEY AVE,,NONINCAPACITATING INJURY,0,0,1,16,3,7,41.93097623,-87.77967017
09/26/2021 09:21:00 PM,30,TRAFFIC SIGNAL,CLEAR,DAYLIGHT,T-INTERSECTION,DRY,INJURY AND / OR TOW DUE TO CRASH,,DISREGARDING TRAFFIC SIGNALS,49,E,WASHINGTON ST,N,NONINCAPACITATING INJURY,0,0,1,21,1,9,41.88311136,-87.62605128
7/11/2023 17:45,30,STOP SIGN/FLASHER,CLEAR,DAYLIGHT,T-INTERSECTION,DRY,INJURY AND / OR TOW DUE TO CRASH,Y,UNABLE TO DETERMINE,2953,W,CHICAGO AVE,,NONINCAPACITATING INJURY,0,0,1,17,3,7,41.89549841,-87.70130631
08/18/2023 03:50:00 PM,20,NO CONTROLS,UNKNOWN,DAYLIGHT,ONE-WAY,UNKNOWN,INJURY AND / OR TOW DUE TO CRASH,,UNABLE TO DETERMINE,6715,S,KILDARE AVE,N,NONINCAPACITATING INJURY,0,0,1,15,6,8,41.77080127,-87.72972962
03/24/2022 05:30:00 PM,30,NO CONTROLS,CLEAR,DAYLIGHT,DIVIDED - W/MEDIAN (NOT RAISED),DRY,NO INJURY / DRIVE AWAY,,UNABLE TO DETERMINE,3034,N,PULASKI RD,,NO INDICATION OF INJURY,0,0,0,17,5,3,41.93645758,-87.72725654
11/2/2022 15:43,30,NO CONTROLS,CLEAR,DAYLIGHT,NOT DIVIDED,DRY,INJURY AND / OR TOW DUE TO CRASH,,UNABLE TO DETERMINE,751,N,STATE ST,Y,NONINCAPACITATING INJURY,0,0,1,15,4,11,41.89642202,-87.62804636
09/30/2019 08:30:00 AM,35,NO CONTROLS,CLEAR,DAYLIGHT,FOUR WAY,DRY,INJURY AND / OR TOW DUE TO CRASH,,"VISION OBSCURED (SIGNS, TREE LIMBS, BUILDINGS, ETC.)",235,N,WESTERN AVE,,NONINCAPACITATING INJURY,0,0,1,8,2,9,41.88565545,-87.68640695
11/20/2019 03:32:00 PM,30,YIELD,CLEAR,DARKNESS,OTHER,DRY,INJURY AND / OR TOW DUE TO CRASH,Y,FAILING TO YIELD RIGHT-OF-WAY,3600,N,RECREATION DR,,NONINCAPACITATING INJURY,0,0,1,15,4,11,41.94886557,-87.64303425
08/21/2017 07:45:00 PM,30,TRAFFIC SIGNAL,CLEAR,"DARKNESS, LIGHTED ROAD",CENTER TURN LANE,DRY,NO INJURY / DRIVE AWAY,Y,UNABLE TO DETERMINE,4359,N,WESTERN AVE,,NO INDICATION OF INJURY,0,0,0,19,2,8,41.96126966,-87.68853467
08/24/2022 07:15:00 AM,30,NO CONTROLS,CLEAR,DAYLIGHT,DIVIDED - W/MEDIAN (NOT RAISED),DRY,INJURY AND / OR TOW DUE TO CRASH,,IMPROPER LANE USAGE,4656,N,KEDZIE AVE,N,NONINCAPACITATING INJURY,0,0,1,7,4,8,41.96618937,-87.70855151
04/22/2019 05:30:00 PM,30,NO CONTROLS,CLEAR,DAYLIGHT,NOT DIVIDED,DRY,INJURY AND / OR TOW DUE TO CRASH,,FAILING TO YIELD RIGHT-OF-WAY,930,N,ORLEANS ST,Y,"REPORTED, NOT EVIDENT",0,0,0,17,2,4,41.89988722,-87.63744444
9/6/2023 11:00,30,OTHER,CLEAR,DAYLIGHT,NOT DIVIDED,DRY,INJURY AND / OR TOW DUE TO CRASH,,NOT APPLICABLE,3223,S,HALSTED ST,Y,NONINCAPACITATING INJURY,0,0,1,11,4,9,41.83555378,-87.64607072
5/12/2022 10:45,30,STOP SIGN/FLASHER,CLEAR,DAYLIGHT,DIVIDED - W/MEDIAN (NOT RAISED),DRY,INJURY AND / OR TOW DUE TO CRASH,,FAILING TO YIELD RIGHT-OF-WAY,2300,W,LYNDALE ST,,NONINCAPACITATING INJURY,0,0,1,10,5,5,41.9227573,-87.68515185
09/13/2020 07:50:00 PM,30,STOP SIGN/FLASHER,CLEAR,"DARKNESS, LIGHTED ROAD",NOT DIVIDED,DRY,INJURY AND / OR TOW DUE TO CRASH,,DISREGARDING STOP SIGN,435,N,ABERDEEN ST,,NONINCAPACITATING INJURY,0,0,1,19,1,9,41.89000765,-87.65445157
8/4/2019 11:41,30,UNKNOWN,CLEAR,DAYLIGHT,DIVIDED - W/MEDIAN (NOT RAISED),DRY,NO INJURY / DRIVE AWAY,Y,DISREGARDING TRAFFIC SIGNALS,2400,N,STOCKTON DR,,NO INDICATION OF INJURY,0,0,0,11,1,8,41.92579468,-87.63627027
08/13/2023 05:08:00 PM,35,NO CONTROLS,CLEAR,DAYLIGHT,NOT DIVIDED,UNKNOWN,INJURY AND / OR TOW DUE TO CRASH,,UNABLE TO DETERMINE,813,N,DAMEN AVE,Y,NONINCAPACITATING INJURY,0,0,1,17,1,8,41.89637013,-87.67691836
4/12/2022 10:45,30,NO CONTROLS,CLEAR,DAYLIGHT,NOT DIVIDED,DRY,INJURY AND / OR TOW DUE TO CRASH,,FAILING TO YIELD RIGHT-OF-WAY,6400,W,DEVON AVE,,NONINCAPACITATING INJURY,0,0,1,10,3,4,41.99746398,-87.78761024
05/24/2021 09:00:00 PM,30,NO CONTROLS,CLEAR,"DARKNESS, LIGHTED ROAD",ONE-WAY,DRY,NO INJURY / DRIVE AWAY,Y,IMPROPER LANE USAGE,303,W,RANDOLPH ST,,NO INDICATION OF INJURY,0,0,0,21,2,5,41.88435559,-87.63550656
7/9/2020 6:45,30,NO CONTROLS,CLEAR,DAYLIGHT,DIVIDED - W/MEDIAN (NOT RAISED),DRY,INJURY AND / OR TOW DUE TO CRASH,,UNABLE TO DETERMINE,2406,N,MILWAUKEE AVE,Y,NONINCAPACITATING INJURY,0,0,1,6,5,7,41.92484069,-87.70073806
6/11/2021 8:45,30,TRAFFIC SIGNAL,CLEAR,DAYLIGHT,OTHER,DRY,INJURY AND / OR TOW DUE TO CRASH,,DISREGARDING TRAFFIC SIGNALS,1000,W,ROOSEVELT RD,,INCAPACITATING INJURY,0,1,0,8,6,6,41.86719645,-87.65108822
05/25/2023 10:02:00 PM,30,UNKNOWN,UNKNOWN,UNKNOWN,FOUR WAY,UNKNOWN,NO INJURY / DRIVE AWAY,,NOT APPLICABLE,600,W,BELMONT AVE,,NO INDICATION OF INJURY,0,0,0,22,5,5,41.94015208,-87.6445257
7/11/2018 15:25,30,TRAFFIC SIGNAL,CLEAR,DAYLIGHT,NOT DIVIDED,DRY,NO INJURY / DRIVE AWAY,,UNABLE TO DETERMINE,6835,N,OVERHILL AVE,,NO INDICATION OF INJURY,0,0,0,15,4,7,42.00436613,-87.81877052
06/22/2018 03:00:00 PM,25,STOP SIGN/FLASHER,CLEAR,DAYLIGHT,ONE-WAY,WET,INJURY AND / OR TOW DUE TO CRASH,,FAILING TO YIELD RIGHT-OF-WAY,2400,N,MARMORA AVE,,NONINCAPACITATING INJURY,0,0,1,15,6,6,41.92395431,-87.773436
10/8/2017 13:28,30,NO CONTROLS,CLEAR,DAYLIGHT,NOT DIVIDED,DRY,INJURY AND / OR TOW DUE TO CRASH,,"EVASIVE ACTION DUE TO ANIMAL, OBJECT, NONMOTORIST",1507,N,MILWAUKEE AVE,,INCAPACITATING INJURY,0,1,0,13,1,10,41.90893375,-87.67498389
8/9/2020 15:30,30,NO CONTROLS,CLEAR,DAYLIGHT,NOT DIVIDED,DRY,INJURY AND / OR TOW DUE TO CRASH,,"EVASIVE ACTION DUE TO ANIMAL, OBJECT, NONMOTORIST",1149,W,ARMITAGE AVE,,NONINCAPACITATING INJURY,0,0,1,15,1,8,41.91793801,-87.6573019
07/17/2018 06:55:00 PM,30,TRAFFIC SIGNAL,CLEAR,DAYLIGHT,NOT DIVIDED,DRY,INJURY AND / OR TOW DUE TO CRASH,,FAILING TO YIELD RIGHT-OF-WAY,1600,S,KOSTNER AVE,,NONINCAPACITATING INJURY,0,0,1,18,3,7,41.85868185,-87.73488064
9/7/2017 20:55,30,NO CONTROLS,CLEAR,"DARKNESS, LIGHTED ROAD",NOT DIVIDED,DRY,INJURY AND / OR TOW DUE TO CRASH,,NOT APPLICABLE,4311,W,NORTH AVE,Y,NONINCAPACITATING INJURY,0,0,1,20,5,9,41.9096717,-87.73429798
09/16/2023 04:35:00 PM,30,NO CONTROLS,CLEAR,DAYLIGHT,TRAFFIC ROUTE,DRY,INJURY AND / OR TOW DUE TO CRASH,,FAILING TO YIELD RIGHT-OF-WAY,4100,N,KEDZIE AVE,,NONINCAPACITATING INJURY,0,0,1,16,7,9,41.95577997,-87.70821671
11/10/2015 19:15,30,NO CONTROLS,CLEAR,"DARKNESS, LIGHTED ROAD",DIVIDED - W/MEDIAN (NOT RAISED),DRY,NO INJURY / DRIVE AWAY,,UNABLE TO DETERMINE,710,N,STATE ST,,NO INDICATION OF INJURY,0,0,0,19,3,11,41.89527518,-87.62830986
10/2/2023 8:05,30,TRAFFIC SIGNAL,CLEAR,DAYLIGHT,DIVIDED - W/MEDIAN BARRIER,DRY,INJURY AND / OR TOW DUE TO CRASH,,FAILING TO YIELD RIGHT-OF-WAY,200,N,OGDEN AVE,,NONINCAPACITATING INJURY,0,0,1,8,2,10,41.8854749,-87.66280519
7/11/2019 8:10,30,TRAFFIC SIGNAL,CLEAR,DAYLIGHT,NOT DIVIDED,DRY,INJURY AND / OR TOW DUE TO CRASH,,IMPROPER TURNING/NO SIGNAL,627,N,CLARK ST,,NONINCAPACITATING INJURY,0,0,1,8,5,7,41.89313856,-87.63102015
3/7/2021 18:50,30,NO CONTROLS,CLEAR,"DARKNESS, LIGHTED ROAD",NOT DIVIDED,DRY,NO INJURY / DRIVE AWAY,,IMPROPER BACKING,2865,N,CLARK ST,,NO INDICATION OF INJURY,0,0,0,18,1,3,41.93446177,-87.64605916
8/9/2018 13:00,25,NO CONTROLS,CLEAR,DAYLIGHT,ONE-WAY,DRY,INJURY AND / OR TOW DUE TO CRASH,,DRIVING SKILLS/KNOWLEDGE/EXPERIENCE,829,W,KINZIE ST,,"REPORTED, NOT EVIDENT",0,0,0,13,5,8,41.8889245,-87.64869543
7/8/2019 12:19,30,TRAFFIC SIGNAL,CLEAR,DAYLIGHT,NOT DIVIDED,DRY,INJURY AND / OR TOW DUE TO CRASH,,IMPROPER LANE USAGE,749,N,PULASKI RD,,NONINCAPACITATING INJURY,0,0,1,12,2,7,41.89499326,-87.72592284
12/11/2018 15:09,30,STOP SIGN/FLASHER,CLEAR,DAYLIGHT,DIVIDED - W/MEDIAN (NOT RAISED),DRY,INJURY AND / OR TOW DUE TO CRASH,,UNABLE TO DETERMINE,3228,N,BROADWAY,Y,NONINCAPACITATING INJURY,0,0,1,15,3,12,41.94095495,-87.64457434
08/31/2023 05:30:00 PM,30,NO CONTROLS,CLEAR,DAYLIGHT,T-INTERSECTION,DRY,INJURY AND / OR TOW DUE TO CRASH,,UNABLE TO DETERMINE,1301,W,BELMONT AVE,,NONINCAPACITATING INJURY,0,0,1,17,5,8,41.93968918,-87.66137114
7/7/2019 18:19,25,NO CONTROLS,CLEAR,DAYLIGHT,OTHER,DRY,NO INJURY / DRIVE AWAY,,NOT APPLICABLE,4511,N,MULLIGAN AVE,,NO INDICATION OF INJURY,0,0,0,18,1,7,41.96243307,-87.78550882
7/3/2021 23:40,25,TRAFFIC SIGNAL,CLEAR,"DARKNESS, LIGHTED ROAD",FOUR WAY,DRY,INJURY AND / OR TOW DUE TO CRASH,,UNABLE TO DETERMINE,1,W,WASHINGTON ST,,NONINCAPACITATING INJURY,0,0,1,23,7,7,41.88310863,-87.62794877
07/16/2018 12:24:00 PM,30,TRAFFIC SIGNAL,CLEAR,DAYLIGHT,CENTER TURN LANE,DRY,INJURY AND / OR TOW DUE TO CRASH,,EQUIPMENT - VEHICLE CONDITION,600,W,GRAND AVE,,NONINCAPACITATING INJURY,0,0,1,12,2,7,41.89136375,-87.64307947
10/23/2020 01:09:00 PM,30,NO CONTROLS,RAIN,DAYLIGHT,NOT DIVIDED,WET,INJURY AND / OR TOW DUE TO CRASH,,UNABLE TO DETERMINE,6202,W,HIGGINS AVE,,FATAL,1,0,1,13,6,10,41.97487062,-87.78311747
12/15/2022 07:48:00 PM,35,UNKNOWN,FREEZING RAIN/DRIZZLE,"DARKNESS, LIGHTED ROAD",NOT DIVIDED,SNOW OR SLUSH,INJURY AND / OR TOW DUE TO CRASH,Y,UNABLE TO DETERMINE,900,E,63RD ST,,NONINCAPACITATING INJURY,0,0,1,19,5,12,41.7805605,-87.60263357
10/12/2019 15:36,30,NO CONTROLS,CLEAR,DAYLIGHT,FOUR WAY,DRY,INJURY AND / OR TOW DUE TO CRASH,,UNABLE TO DETERMINE,2627,W,59TH ST,,"REPORTED, NOT EVIDENT",0,0,0,15,7,10,41.78635847,-87.68987254
6/1/2021 19:00,30,TRAFFIC SIGNAL,CLEAR,DAYLIGHT,NOT DIVIDED,DRY,INJURY AND / OR TOW DUE TO CRASH,,UNABLE TO DETERMINE,7700,S,SOUTH SHORE DR,,NONINCAPACITATING INJURY,0,0,1,19,3,6,41.75691518,-87.55353477
8/6/2021 8:40,30,NO CONTROLS,CLEAR,DAYLIGHT,ONE-WAY,DRY,INJURY AND / OR TOW DUE TO CRASH,,IMPROPER BACKING,3046,N,LAWNDALE AVE,,NONINCAPACITATING INJURY,0,0,1,8,6,8,41.93693561,-87.71996038
08/17/2018 03:30:00 PM,30,NO CONTROLS,CLEAR,DAYLIGHT,NOT DIVIDED,DRY,INJURY AND / OR TOW DUE TO CRASH,,UNABLE TO DETERMINE,800,E,92ND ST,,INCAPACITATING INJURY,0,1,0,15,6,8,41.7276443,-87.60454223
04/21/2016 09:00:00 AM,30,NO CONTROLS,CLEAR,DAYLIGHT,DIVIDED - W/MEDIAN (NOT RAISED),DRY,NO INJURY / DRIVE AWAY,,FAILING TO YIELD RIGHT-OF-WAY,552,W,VAN BUREN ST,Y,NO INDICATION OF INJURY,0,0,0,9,5,4,41.87685406,-87.64163231
06/19/2019 06:40:00 AM,30,TRAFFIC SIGNAL,CLEAR,DAYLIGHT,DIVIDED - W/MEDIAN (NOT RAISED),DRY,INJURY AND / OR TOW DUE TO CRASH,Y,UNABLE TO DETERMINE,1700,N,DAMEN AVE,,"REPORTED, NOT EVIDENT",0,0,0,6,4,6,41.91234422,-87.67765394
09/29/2017 04:30:00 PM,25,NO CONTROLS,CLEAR,DAYLIGHT,NOT DIVIDED,DRY,NO INJURY / DRIVE AWAY,,FAILING TO YIELD RIGHT-OF-WAY,1036,W,IRVING PARK RD,,NO INDICATION OF INJURY,0,0,0,16,6,9,41.95457339,-87.65606002
5/12/2017 7:30,30,STOP SIGN/FLASHER,CLEAR,DAYLIGHT,DIVIDED - W/MEDIAN (NOT RAISED),DRY,INJURY AND / OR TOW DUE TO CRASH,,FAILING TO YIELD RIGHT-OF-WAY,2608,N,CALIFORNIA AVE,,NONINCAPACITATING INJURY,0,0,1,7,6,5,41.92899762,-87.6976773
03/28/2020 12:30:00 PM,30,NO CONTROLS,CLEAR,DAYLIGHT,ONE-WAY,DRY,NO INJURY / DRIVE AWAY,,NOT APPLICABLE,421,W,MELROSE ST,,NO INDICATION OF INJURY,0,0,0,12,7,3,41.94108038,-87.64041312
10/6/2020 19:50,30,YIELD,CLEAR,"DARKNESS, LIGHTED ROAD",NOT DIVIDED,DRY,INJURY AND / OR TOW DUE TO CRASH,,FAILING TO YIELD RIGHT-OF-WAY,3057,N,PULASKI RD,,NONINCAPACITATING INJURY,0,0,1,19,3,10,41.93710698,-87.72698208
04/28/2020 02:16:00 PM,30,TRAFFIC SIGNAL,CLEAR,DAYLIGHT,DIVIDED - W/MEDIAN BARRIER,DRY,INJURY AND / OR TOW DUE TO CRASH,,DISREGARDING TRAFFIC SIGNALS,400,N,LA SALLE DR,,NONINCAPACITATING INJURY,0,0,1,14,3,4,41.88922537,-87.63267412
5/6/2021 15:09,20,TRAFFIC SIGNAL,CLEAR,DAYLIGHT,ONE-WAY,DRY,INJURY AND / OR TOW DUE TO CRASH,,UNABLE TO DETERMINE,5159,W,BLOOMINGDALE AVE,N,NONINCAPACITATING INJURY,0,0,1,15,5,5,41.91305688,-87.7550563
05/25/2023 05:33:00 PM,30,NO CONTROLS,CLEAR,DAYLIGHT,NOT DIVIDED,DRY,INJURY AND / OR TOW DUE TO CRASH,,"EVASIVE ACTION DUE TO ANIMAL, OBJECT, NONMOTORIST",7215,N,CALIFORNIA AVE,,NONINCAPACITATING INJURY,0,0,1,17,5,5,42.01255231,-87.6995657
6/5/2023 3:49,25,UNKNOWN,CLEAR,"DARKNESS, LIGHTED ROAD",NOT DIVIDED,DRY,INJURY AND / OR TOW DUE TO CRASH,Y,UNABLE TO DETERMINE,4001,N,CLARENDON AVE,,INCAPACITATING INJURY,0,1,0,3,2,6,41.95461856,-87.64955464
12/21/2017 08:10:00 PM,25,NO CONTROLS,CLEAR,"DARKNESS, LIGHTED ROAD",DIVIDED - W/MEDIAN (NOT RAISED),DRY,INJURY AND / OR TOW DUE TO CRASH,Y,"OPERATING VEHICLE IN ERRATIC, RECKLESS, CARELESS, NEGLIGENT OR AGGRESSIVE MANNER",3810,N,SOUTHPORT AVE,N,INCAPACITATING INJURY,0,1,0,20,5,12,41.95115978,-87.66427753
9/12/2019 12:50,30,NO CONTROLS,CLEAR,DAYLIGHT,NOT DIVIDED,DRY,INJURY AND / OR TOW DUE TO CRASH,,UNABLE TO DETERMINE,832,W,JACKSON BLVD,,INCAPACITATING INJURY,0,1,0,12,5,9,41.87803852,-87.64851896
10/9/2023 10:30,30,TRAFFIC SIGNAL,CLEAR,DAYLIGHT,FOUR WAY,DRY,INJURY AND / OR TOW DUE TO CRASH,Y,UNABLE TO DETERMINE,1800,S,ASHLAND AVE,,INCAPACITATING INJURY,0,1,0,10,2,10,41.85774877,-87.66628522
5/7/2018 7:19,30,NO CONTROLS,CLEAR,DAYLIGHT,NOT DIVIDED,DRY,INJURY AND / OR TOW DUE TO CRASH,,UNABLE TO DETERMINE,3751,W,ARMITAGE AVE,Y,INCAPACITATING INJURY,0,1,0,7,2,5,41.91711938,-87.72128755
12/3/2019 10:20,30,NO CONTROLS,CLEAR,DAYLIGHT,NOT DIVIDED,UNKNOWN,INJURY AND / OR TOW DUE TO CRASH,,DRIVING SKILLS/KNOWLEDGE/EXPERIENCE,3037,N,CLARK ST,Y,NONINCAPACITATING INJURY,0,0,1,10,3,12,41.9374331,-87.64846483
01/15/2017 10:40:00 AM,30,NO CONTROLS,CLEAR,DAYLIGHT,ONE-WAY,DRY,INJURY AND / OR TOW DUE TO CRASH,Y,UNABLE TO DETERMINE,2699,W,SUPERIOR ST,,"REPORTED, NOT EVIDENT",0,0,0,10,1,1,41.89463894,-87.69408224
05/24/2018 12:00:00 PM,35,TRAFFIC SIGNAL,CLEAR,DAYLIGHT,DIVIDED - W/MEDIAN BARRIER,DRY,NO INJURY / DRIVE AWAY,,IMPROPER BACKING,650,N,MICHIGAN AVE,,NO INDICATION OF INJURY,0,0,0,12,5,5,41.89409532,-87.62438357
09/27/2022 09:00:00 AM,30,STOP SIGN/FLASHER,CLEAR,DAYLIGHT,RAMP,DRY,NO INJURY / DRIVE AWAY,,DRIVING SKILLS/KNOWLEDGE/EXPERIENCE,254,W,FULLERTON DR,,NO INDICATION OF INJURY,0,0,0,9,3,9,41.92578857,-87.63572759
02/19/2017 03:00:00 PM,30,STOP SIGN/FLASHER,CLEAR,DAYLIGHT,ONE-WAY,DRY,INJURY AND / OR TOW DUE TO CRASH,,DRIVING ON WRONG SIDE/WRONG WAY,7100,S,MAY ST,,NONINCAPACITATING INJURY,0,0,1,15,1,2,41.76497908,-87.65303986
07/17/2016 07:45:00 PM,30,NO CONTROLS,CLEAR,DAYLIGHT,NOT DIVIDED,DRY,NO INJURY / DRIVE AWAY,,DISTRACTION - FROM OUTSIDE VEHICLE,1610,N,WELLS ST,Y,NO INDICATION OF INJURY,0,0,0,19,1,7,41.91149437,-87.6348681