CRASH_DATE,POSTED_SPEED_LIMIT,TRAFFIC_CONTROL_DEVICE,WEATHER_CONDITION,LIGHTING_CONDITION,TRAFFICWAY_TYPE,ROADWAY_SURFACE_COND,CRASH_TYPE,HIT_AND_RUN_I,PRIM_CONTRIBUTORY_CAUSE,STREET_NO,STREET_DIRECTION,STREET_NAME,DOORING_I,MOST_SEVERE_INJURY,INJURIES_FATAL,INJURIES_INCAPACITATING,INJURIES_NON_INCAPACITATING,CRASH_HOUR,CRASH_DAY_OF_WEEK,CRASH_MONTH,LATITUDE,LONGITUDE
07/14/2020 06:45:00 PM,30,NO CONTROLS,CLEAR,DAYLIGHT,NOT DIVIDED,DRY,NO INJURY / DRIVE AWAY,,NOT APPLICABLE,1521,S,PULASKI RD,Y,NO INDICATION OF INJURY,0,0,0,18,3,7,41.8600391,-87.72484229
7/7/2023 23:45,30,TRAFFIC SIGNAL,CLEAR,"DARKNESS, LIGHTED ROAD",NOT DIVIDED,DRY,NO INJURY / DRIVE AWAY,,UNABLE TO DETERMINE,150,W,HUBBARD ST,,NO INDICATION OF INJURY,0,0,0,23,6,7,41.89010564,-87.63306865
5/5/2022 13:45,30,NO CONTROLS,RAIN,DAYLIGHT,NOT DIVIDED,WET,NO INJURY / DRIVE AWAY,,UNABLE TO DETERMINE,5058,N,CLARK ST,,NO INDICATION OF INJURY,0,0,0,13,5,5,41.97417663,-87.66833321
07/17/2018 08:49:00 AM,30,NO CONTROLS,CLEAR,DAYLIGHT,DIVIDED - W/MEDIAN (NOT RAISED),DRY,INJURY AND / OR TOW DUE TO CRASH,,FAILING TO YIELD RIGHT-OF-WAY,1238,W,HUBBARD ST,,INCAPACITATING INJURY,0,1,1,8,3,7,41.89008179,-87.65889424
1/8/2019 14:30,30,TRAFFIC SIGNAL,CLEAR,DAYLIGHT,DIVIDED - W/MEDIAN (NOT RAISED),DRY,NO INJURY / DRIVE AWAY,,UNABLE TO DETERMINE,3900,S,ARCHER AVE,,NO INDICATION OF INJURY,0,0,0,14,3,1,41.82290968,-87.69009733
8/10/2022 21:18,30,NO CONTROLS,CLEAR,"DARKNESS, LIGHTED ROAD",DIVIDED - W/MEDIAN (NOT RAISED),DRY,INJURY AND / OR TOW DUE TO CRASH,,FAILING TO YIELD RIGHT-OF-WAY,1556,N,MILWAUKEE AVE,Y,NONINCAPACITATING INJURY,0,0,1,21,4,8,41.90970297,-87.67663737
08/31/2022 08:08:00 PM,30,TRAFFIC SIGNAL,CLEAR,"DARKNESS, LIGHTED ROAD",FOUR WAY,DRY,INJURY AND / OR TOW DUE TO CRASH,,UNABLE TO DETERMINE,3200,N,DAMEN AVE,,INCAPACITATING INJURY,0,1,0,20,4,8,41.93961611,-87.67850353
08/22/2021 11:25:00 AM,30,TRAFFIC SIGNAL,CLEAR,DAYLIGHT,DIVIDED - W/MEDIAN (NOT RAISED),DRY,INJURY AND / OR TOW DUE TO CRASH,Y,"OPERATING VEHICLE IN ERRATIC, RECKLESS, CARELESS, NEGLIGENT OR AGGRESSIVE MANNER",1801,S,HALSTED ST,,NONINCAPACITATING INJURY,0,0,1,11,1,8,41.85750277,-87.64648608
10/26/2020 06:10:00 PM,30,TRAFFIC SIGNAL,CLEAR,"DARKNESS, LIGHTED ROAD",NOT DIVIDED,DRY,INJURY AND / OR TOW DUE TO CRASH,Y,UNABLE TO DETERMINE,1200,S,BLUE ISLAND AVE,,"REPORTED, NOT EVIDENT",0,0,0,18,2,10,41.86705645,-87.65348711
09/21/2023 11:14:00 AM,30,TRAFFIC SIGNAL,CLEAR,DAYLIGHT,FOUR WAY,DRY,INJURY AND / OR TOW DUE TO CRASH,,FAILING TO REDUCE SPEED TO AVOID CRASH,7100,S,SOUTH SHORE DR,,NONINCAPACITATING INJURY,0,0,1,11,5,9,41.7661952,-87.56290818
10/7/2018 14:55,30,UNKNOWN,CLEAR,DAYLIGHT,DIVIDED - W/MEDIAN (NOT RAISED),DRY,NO INJURY / DRIVE AWAY,,FAILING TO YIELD RIGHT-OF-WAY,2943,W,LAWRENCE AVE,,NO INDICATION OF INJURY,0,0,0,14,1,10,41.96839095,-87.70279266
01/27/2022 11:07:00 PM,30,TRAFFIC SIGNAL,SNOW,"DARKNESS, LIGHTED ROAD",NOT DIVIDED,WET,INJURY AND / OR TOW DUE TO CRASH,Y,DISREGARDING TRAFFIC SIGNALS,100,N,STATE ST,,INCAPACITATING INJURY,0,1,0,23,5,1,41.88324838,-87.62801718
07/20/2022 08:08:00 AM,30,TRAFFIC SIGNAL,CLEAR,DAYLIGHT,NOT DIVIDED,DRY,INJURY AND / OR TOW DUE TO CRASH,Y,IMPROPER OVERTAKING/PASSING,4000,W,GRAND AVE,,NONINCAPACITATING INJURY,0,0,1,8,4,7,41.90625887,-87.72635348
09/25/2020 04:50:00 PM,25,NO CONTROLS,CLEAR,DAYLIGHT,NOT DIVIDED,DRY,INJURY AND / OR TOW DUE TO CRASH,,UNABLE TO DETERMINE,6510,N,GLENWOOD AVE,,NONINCAPACITATING INJURY,0,0,1,16,6,9,42.00036084,-87.66572933
09/16/2020 07:40:00 PM,30,TRAFFIC SIGNAL,CLEAR,"DARKNESS, LIGHTED ROAD",DIVIDED - W/MEDIAN (NOT RAISED),DRY,INJURY AND / OR TOW DUE TO CRASH,,BICYCLE ADVANCING LEGALLY ON RED LIGHT,5149,N,PULASKI RD,,NONINCAPACITATING INJURY,0,0,1,19,4,9,41.97514877,-87.72807497
10/5/2020 15:40,30,TRAFFIC SIGNAL,CLEAR,DAYLIGHT,FOUR WAY,DRY,INJURY AND / OR TOW DUE TO CRASH,,UNABLE TO DETERMINE,6401,N,MILWAUKEE AVE,,NONINCAPACITATING INJURY,0,0,1,15,2,10,41.9975074,-87.78783595
07/18/2023 08:35:00 AM,30,STOP SIGN/FLASHER,CLEAR,DAYLIGHT,NOT DIVIDED,DRY,INJURY AND / OR TOW DUE TO CRASH,,NOT APPLICABLE,955,N,HOYNE AVE,,"REPORTED, NOT EVIDENT",0,0,0,8,3,7,41.89934101,-87.6794486
5/5/2023 12:49,30,STOP SIGN/FLASHER,CLEAR,DAYLIGHT,DIVIDED - W/MEDIAN (NOT RAISED),DRY,INJURY AND / OR TOW DUE TO CRASH,,FAILING TO YIELD RIGHT-OF-WAY,3099,N,LAKE SHORE DR,,"REPORTED, NOT EVIDENT",0,0,0,12,6,5,41.93773848,-87.63712669
10/3/2017 11:48,30,UNKNOWN,UNKNOWN,UNKNOWN,ONE-WAY,UNKNOWN,INJURY AND / OR TOW DUE TO CRASH,,UNABLE TO DETERMINE,2399,N,NEVA AVE,,NONINCAPACITATING INJURY,0,0,1,11,3,10,41.92367345,-87.80425351
06/25/2019 11:42:00 AM,30,NO CONTROLS,CLEAR,"DARKNESS, LIGHTED ROAD",ONE-WAY,DRY,INJURY AND / OR TOW DUE TO CRASH,Y,"OPERATING VEHICLE IN ERRATIC, RECKLESS, CARELESS, NEGLIGENT OR AGGRESSIVE MANNER",1400,N,HOYNE AVE,,"REPORTED, NOT EVIDENT",0,0,0,11,3,6,41.90714931,-87.67996396
09/28/2017 07:00:00 PM,30,NO CONTROLS,CLEAR,DAYLIGHT,DIVIDED - W/MEDIAN (NOT RAISED),DRY,INJURY AND / OR TOW DUE TO CRASH,,IMPROPER LANE USAGE,4367,N,ELSTON AVE,,NONINCAPACITATING INJURY,0,0,1,19,5,9,41.96012847,-87.72832018
06/17/2022 02:00:00 PM,30,TRAFFIC SIGNAL,CLEAR,DAYLIGHT,NOT DIVIDED,DRY,INJURY AND / OR TOW DUE TO CRASH,,DISREGARDING OTHER TRAFFIC SIGNS,5130,N,SHERIDAN RD,,NONINCAPACITATING INJURY,0,0,1,14,6,6,41.97628306,-87.65514777
9/4/2020 20:05,30,TRAFFIC SIGNAL,CLEAR,DARKNESS,FOUR WAY,DRY,INJURY AND / OR TOW DUE TO CRASH,N,DISREGARDING TRAFFIC SIGNALS,3401,W,DIVISION ST,,INCAPACITATING INJURY,0,1,0,20,6,9,41.9026766,-87.71180215
5/11/2022 9:50,25,NO CONTROLS,CLEAR,DAYLIGHT,FOUR WAY,DRY,INJURY AND / OR TOW DUE TO CRASH,Y,UNABLE TO DETERMINE,1800,S,PULASKI RD,,NONINCAPACITATING INJURY,0,0,1,9,4,5,41.85694146,-87.72505491
03/16/2019 09:30:00 AM,30,STOP SIGN/FLASHER,CLEAR,DAYLIGHT,NOT DIVIDED,DRY,NO INJURY / DRIVE AWAY,Y,UNABLE TO DETERMINE,2832,S,STEWART AVE,,NO INDICATION OF INJURY,0,0,0,9,7,3,41.84156356,-87.6366054
3/5/2017 14:30,30,STOP SIGN/FLASHER,CLEAR,DAYLIGHT,DRIVEWAY,DRY,INJURY AND / OR TOW DUE TO CRASH,,FAILING TO YIELD RIGHT-OF-WAY,3227,W,ADDISON ST,,NONINCAPACITATING INJURY,0,0,1,14,1,3,41.94651094,-87.70896897
5/1/2021 20:15,30,TRAFFIC SIGNAL,CLEAR,"DARKNESS, LIGHTED ROAD",ONE-WAY,DRY,NO INJURY / DRIVE AWAY,N,FAILING TO YIELD RIGHT-OF-WAY,5200,W,WRIGHTWOOD AVE,,NO INDICATION OF INJURY,0,0,0,20,7,5,41.92788596,-87.75640791
11/3/2018 9:00,30,UNKNOWN,CLEAR,DAYLIGHT,NOT DIVIDED,DRY,NO INJURY / DRIVE AWAY,,FAILING TO YIELD RIGHT-OF-WAY,2936,N,SOUTHPORT AVE,,NO INDICATION OF INJURY,0,0,0,9,7,11,41.93537513,-87.66380867
06/30/2021 03:10:00 PM,30,STOP SIGN/FLASHER,CLOUDY/OVERCAST,DAYLIGHT,FOUR WAY,WET,INJURY AND / OR TOW DUE TO CRASH,Y,UNABLE TO DETERMINE,400,N,GREEN ST,,NONINCAPACITATING INJURY,0,0,1,15,4,6,41.88904294,-87.64887381
09/15/2018 10:36:00 PM,30,NO CONTROLS,CLEAR,"DARKNESS, LIGHTED ROAD",ONE-WAY,DRY,INJURY AND / OR TOW DUE TO CRASH,Y,DRIVING ON WRONG SIDE/WRONG WAY,909,N,LAVERGNE AVE,,NONINCAPACITATING INJURY,0,0,1,22,7,9,41.89705914,-87.75060829
07/30/2016 12:40:00 PM,25,NO CONTROLS,CLOUDY/OVERCAST,DAYLIGHT,ONE-WAY,DRY,INJURY AND / OR TOW DUE TO CRASH,,NOT APPLICABLE,203,S,CLINTON ST,Y,NONINCAPACITATING INJURY,0,0,1,12,7,7,41.8791991,-87.64095997
06/24/2021 03:00:00 PM,30,TRAFFIC SIGNAL,RAIN,DAYLIGHT,FOUR WAY,WET,NO INJURY / DRIVE AWAY,Y,IMPROPER LANE USAGE,1700,N,KOSTNER AVE,,NO INDICATION OF INJURY,0,0,0,15,5,6,41.91167236,-87.73631206
5/7/2018 22:00,30,NO CONTROLS,CLEAR,"DARKNESS, LIGHTED ROAD",DIVIDED - W/MEDIAN (NOT RAISED),DRY,INJURY AND / OR TOW DUE TO CRASH,,UNABLE TO DETERMINE,6399,W,SCHUBERT AVE,N,INCAPACITATING INJURY,0,1,0,22,2,5,41.92905952,-87.78557965
4/10/2019 21:45,35,NO CONTROLS,CLOUDY/OVERCAST,"DARKNESS, LIGHTED ROAD",NOT DIVIDED,DRY,NO INJURY / DRIVE AWAY,Y,UNABLE TO DETERMINE,5715,N,SHERIDAN RD,,NO INDICATION OF INJURY,0,0,0,21,4,4,41.98603755,-87.65512269
07/28/2022 05:40:00 PM,30,NO CONTROLS,CLEAR,DAYLIGHT,DIVIDED - W/MEDIAN (NOT RAISED),DRY,INJURY AND / OR TOW DUE TO CRASH,,UNABLE TO DETERMINE,3080,N,MILWAUKEE AVE,,NONINCAPACITATING INJURY,0,0,1,17,5,7,41.93704669,-87.72072236
9/5/2019 17:40,30,NO CONTROLS,CLEAR,DAYLIGHT,NOT DIVIDED,DRY,INJURY AND / OR TOW DUE TO CRASH,,UNABLE TO DETERMINE,2005,W,DIVISION ST,Y,NONINCAPACITATING INJURY,0,0,1,17,5,9,41.90307675,-87.67752782
6/10/2023 18:52,40,NO CONTROLS,CLEAR,DUSK,NOT DIVIDED,DRY,INJURY AND / OR TOW DUE TO CRASH,,IMPROPER LANE USAGE,6199,W,DEVON AVE,,NONINCAPACITATING INJURY,0,0,1,18,7,6,41.99728741,-87.78271541
09/23/2017 05:54:00 PM,30,TRAFFIC SIGNAL,CLEAR,DAYLIGHT,OTHER,WET,NO INJURY / DRIVE AWAY,,UNABLE TO DETERMINE,658,N,HALSTED ST,,NO INDICATION OF INJURY,0,0,0,17,7,9,41.89395876,-87.64784119
06/23/2019 01:10:00 AM,30,TRAFFIC SIGNAL,CLEAR,"DARKNESS, LIGHTED ROAD",T-INTERSECTION,DRY,INJURY AND / OR TOW DUE TO CRASH,,UNABLE TO DETERMINE,5999,W,GRAND AVE,,NONINCAPACITATING INJURY,0,0,1,1,1,6,41.92044096,-87.77557778
07/23/2022 10:39:00 PM,30,STOP SIGN/FLASHER,CLEAR,"DARKNESS, LIGHTED ROAD",DIVIDED - W/MEDIAN (NOT RAISED),DRY,INJURY AND / OR TOW DUE TO CRASH,,UNABLE TO DETERMINE,2502,W,DEVON AVE,Y,INCAPACITATING INJURY,0,1,0,22,7,7,41.99779515,-87.69247307
09/14/2021 06:45:00 AM,30,NO CONTROLS,CLEAR,DAYLIGHT,ONE-WAY,DRY,INJURY AND / OR TOW DUE TO CRASH,,"VISION OBSCURED (SIGNS, TREE LIMBS, BUILDINGS, ETC.)",18,S,WELLS ST,,NONINCAPACITATING INJURY,0,0,1,6,3,9,41.88132458,-87.6339572
10/8/2016 0:15,30,NO CONTROLS,CLEAR,DARKNESS,DIVIDED - W/MEDIAN (NOT RAISED),DRY,NO INJURY / DRIVE AWAY,Y,UNABLE TO DETERMINE,1430,S,LOOMIS ST,,NO INDICATION OF INJURY,0,0,0,0,7,10,41.86247933,-87.66159424
07/26/2021 03:12:00 PM,30,TRAFFIC SIGNAL,CLEAR,DAYLIGHT,NOT DIVIDED,DRY,NO INJURY / DRIVE AWAY,,UNABLE TO DETERMINE,1300,W,DIVISION ST,,NO INDICATION OF INJURY,0,0,0,15,2,7,41.90356174,-87.66068899
11/1/2019 23:05,30,UNKNOWN,CLEAR,"DARKNESS, LIGHTED ROAD",NOT DIVIDED,WET,NO INJURY / DRIVE AWAY,Y,UNABLE TO DETERMINE,1899,W,CORTLAND ST,,NO INDICATION OF INJURY,0,0,0,23,6,11,41.91587613,-87.67508612
07/22/2022 03:45:00 PM,30,NO CONTROLS,CLEAR,DAYLIGHT,DIVIDED - W/MEDIAN (NOT RAISED),DRY,INJURY AND / OR TOW DUE TO CRASH,Y,IMPROPER OVERTAKING/PASSING,4900,W,CHICAGO AVE,,NONINCAPACITATING INJURY,0,0,1,15,6,7,41.89509362,-87.74838172
9/8/2018 3:30,30,TRAFFIC SIGNAL,CLEAR,"DARKNESS, LIGHTED ROAD",NOT DIVIDED,DRY,NO INJURY / DRIVE AWAY,,FAILING TO YIELD RIGHT-OF-WAY,800,W,ADDISON ST,,NO INDICATION OF INJURY,0,0,0,3,7,9,41.94742642,-87.64954043
10/20/2019 11:41:00 AM,30,STOP SIGN/FLASHER,CLEAR,DAYLIGHT,NOT DIVIDED,DRY,NO INJURY / DRIVE AWAY,,FAILING TO YIELD RIGHT-OF-WAY,3100,N,RACINE AVE,,NO INDICATION OF INJURY,0,0,0,11,1,10,41.93805902,-87.65905089
8/4/2017 13:00,30,TRAFFIC SIGNAL,CLEAR,DAYLIGHT,DIVIDED - W/MEDIAN (NOT RAISED),DRY,INJURY AND / OR TOW DUE TO CRASH,,FAILING TO YIELD RIGHT-OF-WAY,1770,N,MILWAUKEE AVE,,INCAPACITATING INJURY,0,1,0,13,6,8,41.91345632,-87.6824489
06/19/2018 07:35:00 PM,30,TRAFFIC SIGNAL,CLEAR,DAYLIGHT,NOT DIVIDED,DRY,NO INJURY / DRIVE AWAY,,DISREGARDING OTHER TRAFFIC SIGNS,1940,N,WESTERN AVE,,NO INDICATION OF INJURY,0,0,0,19,3,6,41.91679702,-87.6875355
07/28/2022 09:19:00 PM,15,NO CONTROLS,CLEAR,"DARKNESS, LIGHTED ROAD",PARKING LOT,DRY,INJURY AND / OR TOW DUE TO CRASH,,UNABLE TO DETERMINE,6601,S,HALSTED ST,,NONINCAPACITATING INJURY,0,0,1,21,5,7,41.77425215,-87.64449655
03/23/2018 07:56:00 PM,30,TRAFFIC SIGNAL,CLEAR,DARKNESS,DIVIDED - W/MEDIAN (NOT RAISED),DRY,INJURY AND / OR TOW DUE TO CRASH,,DISREGARDING TRAFFIC SIGNALS,4800,W,ADDISON ST,,"REPORTED, NOT EVIDENT",0,0,0,19,6,3,41.94623183,-87.74719769
08/27/2017 11:58:00 AM,30,NO CONTROLS,CLEAR,DAYLIGHT,DIVIDED - W/MEDIAN (NOT RAISED),DRY,INJURY AND / OR TOW DUE TO CRASH,,FAILING TO YIELD RIGHT-OF-WAY,1650,N,MILWAUKEE AVE,,NONINCAPACITATING INJURY,0,0,1,11,1,8,41.91133374,-87.67916661
8/1/2023 16:15,30,NO CONTROLS,CLEAR,DAYLIGHT,NOT DIVIDED,DRY,NO INJURY / DRIVE AWAY,,UNABLE TO DETERMINE,3057,N,ASHLAND AVE,,NO INDICATION OF INJURY,0,0,0,16,3,8,41.93775888,-87.66844527
06/14/2018 09:50:00 PM,35,NO CONTROLS,CLEAR,"DARKNESS, LIGHTED ROAD",NOT DIVIDED,DRY,INJURY AND / OR TOW DUE TO CRASH,Y,IMPROPER LANE USAGE,1500,S,MICHIGAN AVE,,"REPORTED, NOT EVIDENT",0,0,0,21,5,6,41.86188082,-87.62417382
04/26/2020 07:20:00 PM,30,NO CONTROLS,CLEAR,DUSK,ONE-WAY,DRY,INJURY AND / OR TOW DUE TO CRASH,,NOT APPLICABLE,922,W,WASHINGTON BLVD,,NONINCAPACITATING INJURY,0,0,1,19,1,4,41.88319599,-87.65075879
11/28/2020 10:37:00 AM,30,NO CONTROLS,CLEAR,DAYLIGHT,NOT DIVIDED,DRY,INJURY AND / OR TOW DUE TO CRASH,,DRIVING SKILLS/KNOWLEDGE/EXPERIENCE,3399,W,FULLERTON AVE,Y,"REPORTED, NOT EVIDENT",0,0,0,10,7,11,41.92455248,-87.7120343
7/7/2018 19:30,30,NO CONTROLS,CLEAR,DAYLIGHT,NOT DIVIDED,DRY,INJURY AND / OR TOW DUE TO CRASH,Y,NOT APPLICABLE,6737,S,PULASKI RD,,NONINCAPACITATING INJURY,0,0,1,19,7,7,41.77029026,-87.72240132
10/4/2022 16:17,30,NO CONTROLS,CLEAR,DAYLIGHT,NOT DIVIDED,DRY,NO INJURY / DRIVE AWAY,,"EVASIVE ACTION DUE TO ANIMAL, OBJECT, NONMOTORIST",5353,N,HARLEM AVE,,NO INDICATION OF INJURY,0,0,0,16,3,10,41.97862919,-87.80684493
4/12/2019 4:50,30,TRAFFIC SIGNAL,CLEAR,"DARKNESS, LIGHTED ROAD",NOT DIVIDED,DRY,INJURY AND / OR TOW DUE TO CRASH,,"OPERATING VEHICLE IN ERRATIC, RECKLESS, CARELESS, NEGLIGENT OR AGGRESSIVE MANNER",5200,S,CICERO AVE,,"REPORTED, NOT EVIDENT",0,0,0,4,6,4,41.79855828,-87.74307187
04/25/2023 07:35:00 AM,20,NO CONTROLS,RAIN,DAYLIGHT,ALLEY,WET,INJURY AND / OR TOW DUE TO CRASH,,FAILING TO YIELD RIGHT-OF-WAY,4338,N,SPAULDING AVE,,NONINCAPACITATING INJURY,0,0,1,7,3,4,41.96052821,-87.7108238
02/22/2019 04:30:00 PM,30,NO CONTROLS,CLEAR,DAYLIGHT,NOT DIVIDED,DRY,INJURY AND / OR TOW DUE TO CRASH,,DRIVING SKILLS/KNOWLEDGE/EXPERIENCE,3205,W,DIVISION ST,,"REPORTED, NOT EVIDENT",0,0,0,16,6,2,41.90271947,-87.70706131
06/14/2023 01:20:00 PM,30,NO CONTROLS,CLEAR,DAYLIGHT,NOT DIVIDED,DRY,INJURY AND / OR TOW DUE TO CRASH,Y,UNABLE TO DETERMINE,7808,S,HALSTED ST,,NONINCAPACITATING INJURY,0,0,1,13,4,6,41.75213684,-87.64422891
03/20/2022 08:30:00 PM,30,TRAFFIC SIGNAL,CLEAR,DARKNESS,NOT DIVIDED,UNKNOWN,INJURY AND / OR TOW DUE TO CRASH,,UNABLE TO DETERMINE,1000,W,IRVING PARK RD,,NONINCAPACITATING INJURY,0,0,1,20,1,3,41.95459692,-87.65462725
8/4/2017 13:30,30,TRAFFIC SIGNAL,CLEAR,DAYLIGHT,DIVIDED - W/MEDIAN (NOT RAISED),DRY,NO INJURY / DRIVE AWAY,,UNABLE TO DETERMINE,4640,N,ASHLAND AVE,,NO INDICATION OF INJURY,0,0,0,13,6,8,41.96645096,-87.66952494
08/26/2021 09:20:00 AM,35,NO CONTROLS,CLEAR,DAYLIGHT,NOT DIVIDED,DRY,INJURY AND / OR TOW DUE TO CRASH,,UNABLE TO DETERMINE,5525,N,CENTRAL AVE,Y,NONINCAPACITATING INJURY,0,0,1,9,5,8,41.981887,-87.76821708
07/21/2020 07:14:00 PM,30,NO CONTROLS,RAIN,DAYLIGHT,DIVIDED - W/MEDIAN (NOT RAISED),WET,INJURY AND / OR TOW DUE TO CRASH,Y,UNABLE TO DETERMINE,4022,N,CLARENDON AVE,,NONINCAPACITATING INJURY,0,0,1,19,3,7,41.95524934,-87.64986881
07/26/2018 09:30:00 AM,30,TRAFFIC SIGNAL,CLEAR,DAYLIGHT,NOT DIVIDED,DRY,NO INJURY / DRIVE AWAY,,UNABLE TO DETERMINE,798,S,DAMEN AVE,,NO INDICATION OF INJURY,0,0,0,9,5,7,41.87153933,-87.67653254
07/22/2016 02:20:00 PM,5,NO CONTROLS,CLEAR,DAYLIGHT,PARKING LOT,DRY,NO INJURY / DRIVE AWAY,,"DISTRACTION - OTHER ELECTRONIC DEVICE (NAVIGATION DEVICE, DVD PLAYER, ETC.)",7445,S,STONY ISLAND AVE,,NO INDICATION OF INJURY,0,0,0,14,6,7,41.75925774,-87.58560214
8/6/2019 18:30,30,STOP SIGN/FLASHER,CLEAR,DAYLIGHT,NOT DIVIDED,DRY,INJURY AND / OR TOW DUE TO CRASH,,UNABLE TO DETERMINE,1279,N,CLYBOURN AVE,,NONINCAPACITATING INJURY,0,0,1,18,3,8,41.90539173,-87.64161588
08/19/2023 06:45:00 PM,30,TRAFFIC SIGNAL,CLEAR,DAYLIGHT,NOT DIVIDED,DRY,INJURY AND / OR TOW DUE TO CRASH,,FOLLOWING TOO CLOSELY,179,W,CHICAGO AVE,,NONINCAPACITATING INJURY,0,0,1,18,7,8,41.89648707,-87.63412555
11/11/2018 13:05,5,NO CONTROLS,CLEAR,DAYLIGHT,PARKING LOT,DRY,INJURY AND / OR TOW DUE TO CRASH,,DRIVING SKILLS/KNOWLEDGE/EXPERIENCE,2753,W,PRATT BLVD,,NONINCAPACITATING INJURY,0,0,1,13,1,11,42.00474826,-87.69950796
5/2/2023 7:30,30,NO CONTROLS,CLEAR,DAYLIGHT,NOT DIVIDED,DRY,INJURY AND / OR TOW DUE TO CRASH,,UNABLE TO DETERMINE,750,N,WELLS ST,Y,NONINCAPACITATING INJURY,0,0,1,7,3,5,41.89633573,-87.63434063
9/3/2017 1:20,30,NO CONTROLS,CLEAR,DAYLIGHT,DIVIDED - W/MEDIAN (NOT RAISED),DRY,INJURY AND / OR TOW DUE TO CRASH,,FAILING TO YIELD RIGHT-OF-WAY,7305,W,IRVING PARK RD,,NONINCAPACITATING INJURY,0,0,1,1,1,9,41.95259052,-87.81000295
10/23/2018 01:26:00 PM,30,NO CONTROLS,CLEAR,DAYLIGHT,NOT DIVIDED,DRY,INJURY AND / OR TOW DUE TO CRASH,,PHYSICAL CONDITION OF DRIVER,4872,N,CLARK ST,,"REPORTED, NOT EVIDENT",0,0,0,13,3,10,41.97100694,-87.66788533
10/10/2015 16:00,25,TRAFFIC SIGNAL,CLEAR,DAYLIGHT,ONE-WAY,DRY,INJURY AND / OR TOW DUE TO CRASH,,UNABLE TO DETERMINE,100,E,GRAND AVE,,NONINCAPACITATING INJURY,0,0,1,16,7,10,41.89182349,-87.62531771
08/16/2017 09:00:00 PM,30,NO CONTROLS,CLEAR,"DARKNESS, LIGHTED ROAD",DIVIDED - W/MEDIAN (NOT RAISED),WET,INJURY AND / OR TOW DUE TO CRASH,,FAILING TO YIELD RIGHT-OF-WAY,2300,S,CALIFORNIA AVE,,NONINCAPACITATING INJURY,0,0,1,21,4,8,41.85003172,-87.69554347
8/1/2022 16:15,30,NO CONTROLS,CLEAR,DAYLIGHT,FOUR WAY,DRY,INJURY AND / OR TOW DUE TO CRASH,,UNABLE TO DETERMINE,3333,W,DIVISION ST,,NONINCAPACITATING INJURY,0,0,1,16,2,8,41.90268063,-87.71067008
07/24/2018 05:05:00 PM,35,TRAFFIC SIGNAL,CLEAR,DAYLIGHT,DIVIDED - W/MEDIAN (NOT RAISED),DRY,INJURY AND / OR TOW DUE TO CRASH,,UNABLE TO DETERMINE,4200,N,LINCOLN AVE,,NONINCAPACITATING INJURY,0,0,1,17,3,7,41.95776421,-87.68145271
10/22/2023 03:15:00 PM,30,TRAFFIC SIGNAL,CLEAR,DAYLIGHT,FOUR WAY,DRY,INJURY AND / OR TOW DUE TO CRASH,,FAILING TO YIELD RIGHT-OF-WAY,2799,N,ORCHARD ST,,"REPORTED, NOT EVIDENT",0,0,0,15,1,10,41.9327116,-87.64643242
09/20/2019 08:30:00 PM,30,STOP SIGN/FLASHER,UNKNOWN,"DARKNESS, LIGHTED ROAD",DIVIDED - W/MEDIAN (NOT RAISED),UNKNOWN,INJURY AND / OR TOW DUE TO CRASH,Y,UNABLE TO DETERMINE,2000,W,13TH ST,,INCAPACITATING INJURY,0,1,0,20,6,9,41.86504563,-87.67632308
07/14/2023 03:10:00 PM,30,NO CONTROLS,CLEAR,DAYLIGHT,ONE-WAY,DRY,NO INJURY / DRIVE AWAY,,DRIVING SKILLS/KNOWLEDGE/EXPERIENCE,1549,N,LEAVITT ST,,NO INDICATION OF INJURY,0,0,0,15,6,7,41.91004513,-87.68218951
05/16/2022 04:00:00 PM,35,NO CONTROLS,CLEAR,DAYLIGHT,NOT DIVIDED,DRY,INJURY AND / OR TOW DUE TO CRASH,,UNABLE TO DETERMINE,1710,N,DAMEN AVE,Y,NONINCAPACITATING INJURY,0,0,1,16,2,5,41.91265815,-87.67766029
06/14/2020 07:00:00 PM,30,NO CONTROLS,CLEAR,DAYLIGHT,NOT DIVIDED,DRY,NO INJURY / DRIVE AWAY,,"VISION OBSCURED (SIGNS, TREE LIMBS, BUILDINGS, ETC.)",2556,N,CLARK ST,Y,NO INDICATION OF INJURY,0,0,0,19,1,6,41.92918048,-87.64276898
10/2/2016 14:40,30,NO CONTROLS,CLEAR,DAYLIGHT,NOT DIVIDED,DRY,NO INJURY / DRIVE AWAY,,FAILING TO YIELD RIGHT-OF-WAY,3501,W,LAWRENCE AVE,N,NO INDICATION OF INJURY,0,0,0,14,1,10,41.96826586,-87.71586772
5/4/2023 22:20,30,TRAFFIC SIGNAL,CLEAR,"DARKNESS, LIGHTED ROAD",NOT DIVIDED,DRY,INJURY AND / OR TOW DUE TO CRASH,,DISREGARDING TRAFFIC SIGNALS,1019,W,NORTH AVE,,"REPORTED, NOT EVIDENT",0,0,0,22,5,5,41.91071506,-87.65402816