CRASH_DATE,POSTED_SPEED_LIMIT,TRAFFIC_CONTROL_DEVICE,WEATHER_CONDITION,LIGHTING_CONDITION,TRAFFICWAY_TYPE,ROADWAY_SURFACE_COND,CRASH_TYPE,HIT_AND_RUN_I,PRIM_CONTRIBUTORY_CAUSE,STREET_NO,STREET_DIRECTION,STREET_NAME,DOORING_I,MOST_SEVERE_INJURY,INJURIES_FATAL,INJURIES_INCAPACITATING,INJURIES_NON_INCAPACITATING,CRASH_HOUR,CRASH_DAY_OF_WEEK,CRASH_MONTH,LATITUDE,LONGITUDE
03/22/2022 08:18:00 PM,30,STOP SIGN/FLASHER,CLEAR,"DARKNESS, LIGHTED ROAD",NOT DIVIDED,DRY,INJURY AND / OR TOW DUE TO CRASH,Y,FAILING TO YIELD RIGHT-OF-WAY,4101,W,51ST ST,,INCAPACITATING INJURY,0,1,0,20,3,3,41.8004076,-87.72588555
08/31/2021 03:15:00 PM,30,NO CONTROLS,CLEAR,DAYLIGHT,NOT DIVIDED,DRY,INJURY AND / OR TOW DUE TO CRASH,Y,"OPERATING VEHICLE IN ERRATIC, RECKLESS, CARELESS, NEGLIGENT OR AGGRESSIVE MANNER",4317,N,MILWAUKEE AVE,,INCAPACITATING INJURY,0,1,0,15,3,8,41.95936833,-87.75320868
03/31/2021 08:59:00 AM,30,TRAFFIC SIGNAL,CLEAR,DAYLIGHT,FOUR WAY,DRY,INJURY AND / OR TOW DUE TO CRASH,,FAILING TO YIELD RIGHT-OF-WAY,300,E,JACKSON DR,,NONINCAPACITATING INJURY,0,0,1,8,4,3,41.87844405,-87.62051796
02/26/2019 09:15:00 AM,30,NO CONTROLS,SNOW,DAYLIGHT,NOT DIVIDED,WET,NO INJURY / DRIVE AWAY,,DRIVING SKILLS/KNOWLEDGE/EXPERIENCE,2844,N,DAMEN AVE,,NO INDICATION OF INJURY,0,0,0,9,3,2,41.93365004,-87.67831182
03/22/2017 10:00:00 PM,30,TRAFFIC SIGNAL,CLEAR,DARKNESS,DIVIDED - W/MEDIAN BARRIER,DRY,INJURY AND / OR TOW DUE TO CRASH,,FAILING TO REDUCE SPEED TO AVOID CRASH,2604,N,WESTERN AVE,,INCAPACITATING INJURY,0,1,0,22,4,3,41.92882076,-87.68792763
09/20/2023 06:00:00 PM,30,TRAFFIC SIGNAL,CLEAR,DAYLIGHT,DIVIDED - W/MEDIAN BARRIER,DRY,INJURY AND / OR TOW DUE TO CRASH,Y,IMPROPER TURNING/NO SIGNAL,3099,N,HALSTED ST,,INCAPACITATING INJURY,0,1,0,18,4,9,41.93775568,-87.64905009
7/9/2022 21:03,30,NO CONTROLS,CLEAR,"DARKNESS, LIGHTED ROAD",ONE-WAY,DRY,INJURY AND / OR TOW DUE TO CRASH,,UNABLE TO DETERMINE,2324,N,KEDZIE BLVD,Y,NONINCAPACITATING INJURY,0,0,1,21,7,7,41.92368984,-87.70733443
03/14/2020 05:10:00 PM,30,TRAFFIC SIGNAL,SNOW,DAYLIGHT,NOT DIVIDED,WET,INJURY AND / OR TOW DUE TO CRASH,,FAILING TO YIELD RIGHT-OF-WAY,6600,S,JEFFERY DR,,INCAPACITATING INJURY,0,1,0,17,7,3,41.77530752,-87.57531092
04/27/2021 10:20:00 AM,35,NO CONTROLS,CLEAR,DAYLIGHT,DRIVEWAY,WET,INJURY AND / OR TOW DUE TO CRASH,,"VISION OBSCURED (SIGNS, TREE LIMBS, BUILDINGS, ETC.)",5490,N,HARLEM AVE,,"REPORTED, NOT EVIDENT",0,0,0,10,3,4,41.980852,-87.80712201
10/31/2017 06:28:00 PM,35,TRAFFIC SIGNAL,CLEAR,DARKNESS,NOT DIVIDED,WET,NO INJURY / DRIVE AWAY,Y,DISREGARDING TRAFFIC SIGNALS,2000,N,LARAMIE AVE,,NO INDICATION OF INJURY,0,0,0,18,3,10,41.91701737,-87.75608734
09/28/2023 07:58:00 PM,20,NO CONTROLS,CLEAR,DARKNESS,T-INTERSECTION,DRY,INJURY AND / OR TOW DUE TO CRASH,,UNABLE TO DETERMINE,218,W,LAKE ST,,NONINCAPACITATING INJURY,0,0,1,19,5,9,41.8858412,-87.63465132
1/11/2020 11:45,30,NO CONTROLS,RAIN,"DARKNESS, LIGHTED ROAD",DIVIDED - W/MEDIAN BARRIER,WET,INJURY AND / OR TOW DUE TO CRASH,,FAILING TO REDUCE SPEED TO AVOID CRASH,400,N,OGDEN AVE,,NONINCAPACITATING INJURY,0,0,1,11,7,1,41.8889401,-87.66078761
8/2/2020 0:00,30,NO CONTROLS,RAIN,"DARKNESS, LIGHTED ROAD",NOT DIVIDED,WET,INJURY AND / OR TOW DUE TO CRASH,,FAILING TO YIELD RIGHT-OF-WAY,3641,N,HALSTED ST,,"REPORTED, NOT EVIDENT",0,0,0,0,1,8,41.94852457,-87.64937612
06/24/2019 02:10:00 PM,30,OTHER,RAIN,DAYLIGHT,ONE-WAY,WET,NO INJURY / DRIVE AWAY,Y,DRIVING ON WRONG SIDE/WRONG WAY,810,W,ALDINE AVE,,NO INDICATION OF INJURY,0,0,0,14,2,6,41.94190243,-87.64980632
08/20/2016 03:15:00 PM,35,NO CONTROLS,CLEAR,DAYLIGHT,DIVIDED - W/MEDIAN (NOT RAISED),WET,INJURY AND / OR TOW DUE TO CRASH,Y,UNABLE TO DETERMINE,1701,W,59TH ST,,INCAPACITATING INJURY,0,1,0,15,7,8,41.78660765,-87.6668787
9/9/2019 20:15,30,TRAFFIC SIGNAL,CLEAR,"DARKNESS, LIGHTED ROAD",NOT DIVIDED,DRY,INJURY AND / OR TOW DUE TO CRASH,,UNABLE TO DETERMINE,5800,N,CENTRAL AVE,,NONINCAPACITATING INJURY,0,0,1,20,2,9,41.98614956,-87.76841997
8/7/2019 8:20,30,TRAFFIC SIGNAL,CLEAR,DAYLIGHT,NOT DIVIDED,DRY,NO INJURY / DRIVE AWAY,,FAILING TO YIELD RIGHT-OF-WAY,1960,N,ELSTON AVE,,NO INDICATION OF INJURY,0,0,0,8,4,8,41.91783446,-87.66761611
06/14/2019 08:15:00 PM,30,STOP SIGN/FLASHER,CLEAR,DUSK,DIVIDED - W/MEDIAN (NOT RAISED),DRY,NO INJURY / DRIVE AWAY,,DISREGARDING STOP SIGN,1430,E,HYDE PARK BLVD,,NO INDICATION OF INJURY,0,0,0,20,6,6,41.80254657,-87.59057611
5/10/2018 16:20,30,NO CONTROLS,CLEAR,DAYLIGHT,NOT DIVIDED,DRY,INJURY AND / OR TOW DUE TO CRASH,,FAILING TO YIELD RIGHT-OF-WAY,4100,N,KIMBALL AVE,,NONINCAPACITATING INJURY,0,0,1,16,5,5,41.95573933,-87.71311827
1/3/2023 11:45,30,NO CONTROLS,RAIN,DAYLIGHT,NOT DIVIDED,WET,INJURY AND / OR TOW DUE TO CRASH,,UNABLE TO DETERMINE,5601,S,HARLEM AVE,,NONINCAPACITATING INJURY,0,0,1,11,3,1,41.79004397,-87.8013004
03/14/2022 11:20:00 AM,30,OTHER,CLEAR,DAYLIGHT,ONE-WAY,DRY,INJURY AND / OR TOW DUE TO CRASH,Y,DISREGARDING STOP SIGN,1501,W,IRVING PARK RD,N,NONINCAPACITATING INJURY,0,0,1,11,2,3,41.95419941,-87.66759336
07/28/2020 11:00:00 AM,15,NO CONTROLS,CLEAR,DAYLIGHT,PARKING LOT,DRY,NO INJURY / DRIVE AWAY,,NOT APPLICABLE,2940,N,ASHLAND AVE,,NO INDICATION OF INJURY,0,0,0,11,3,7,41.93547203,-87.66865454
7/10/2022 20:10,30,TRAFFIC SIGNAL,RAIN,DUSK,DIVIDED - W/MEDIAN (NOT RAISED),WET,NO INJURY / DRIVE AWAY,,DRIVING SKILLS/KNOWLEDGE/EXPERIENCE,2027,S,HALSTED ST,,NO INDICATION OF INJURY,0,0,0,20,1,7,41.85461029,-87.64640306
07/25/2019 11:17:00 AM,30,TRAFFIC SIGNAL,CLEAR,DAYLIGHT,FOUR WAY,DRY,INJURY AND / OR TOW DUE TO CRASH,,FAILING TO YIELD RIGHT-OF-WAY,200,S,LA SALLE ST,,NONINCAPACITATING INJURY,0,0,1,11,5,7,41.87936625,-87.63243763
10/16/2017 03:25:00 PM,15,TRAFFIC SIGNAL,CLEAR,DAYLIGHT,OTHER,DRY,INJURY AND / OR TOW DUE TO CRASH,,FAILING TO REDUCE SPEED TO AVOID CRASH,7600,S,HALSTED ST,,NONINCAPACITATING INJURY,0,0,1,15,2,10,41.75599579,-87.64432824
1/12/2021 19:10,30,STOP SIGN/FLASHER,CLEAR,DARKNESS,NOT DIVIDED,UNKNOWN,INJURY AND / OR TOW DUE TO CRASH,Y,IMPROPER OVERTAKING/PASSING,3900,N,SHERIDAN RD,,NONINCAPACITATING INJURY,0,0,1,19,3,1,41.95271366,-87.65463891
05/15/2022 04:10:00 PM,30,NO CONTROLS,CLEAR,DAYLIGHT,NOT DIVIDED,DRY,INJURY AND / OR TOW DUE TO CRASH,Y,UNABLE TO DETERMINE,2023,N,ELSTON AVE,,NONINCAPACITATING INJURY,0,0,1,16,1,5,41.91865968,-87.66803824
03/21/2016 09:35:00 AM,30,NO CONTROLS,CLEAR,DAYLIGHT,DIVIDED - W/MEDIAN (NOT RAISED),DRY,NO INJURY / DRIVE AWAY,,FOLLOWING TOO CLOSELY,1658,N,MILWAUKEE AVE,,NO INDICATION OF INJURY,0,0,0,9,2,3,41.91144287,-87.67933447
10/4/2017 13:15,30,TRAFFIC SIGNAL,CLOUDY/OVERCAST,DAYLIGHT,ONE-WAY,DRY,NO INJURY / DRIVE AWAY,,UNABLE TO DETERMINE,2156,S,WASHTENAW AVE,,NO INDICATION OF INJURY,0,0,0,13,4,10,41.85203756,-87.69314404
06/27/2018 12:06:00 PM,30,STOP SIGN/FLASHER,CLEAR,DAYLIGHT,DIVIDED - W/MEDIAN (NOT RAISED),DRY,INJURY AND / OR TOW DUE TO CRASH,,FAILING TO YIELD RIGHT-OF-WAY,1200,W,WINONA ST,,NONINCAPACITATING INJURY,0,0,1,12,4,6,41.97553678,-87.65997733
8/11/2019 12:27,30,NO CONTROLS,CLEAR,DAYLIGHT,DIVIDED - W/MEDIAN (NOT RAISED),DRY,INJURY AND / OR TOW DUE TO CRASH,,UNABLE TO DETERMINE,3327,W,ARMITAGE AVE,Y,NONINCAPACITATING INJURY,0,0,1,12,1,8,41.91723821,-87.71141424
9/4/2019 9:51,30,STOP SIGN/FLASHER,CLEAR,DAYLIGHT,ONE-WAY,DRY,INJURY AND / OR TOW DUE TO CRASH,,FAILING TO YIELD RIGHT-OF-WAY,3947,N,MOBILE AVE,,NONINCAPACITATING INJURY,0,0,1,9,4,9,41.95252988,-87.78342603
08/28/2017 09:09:00 PM,30,NO CONTROLS,CLEAR,"DARKNESS, LIGHTED ROAD",NOT DIVIDED,DRY,INJURY AND / OR TOW DUE TO CRASH,,NOT APPLICABLE,1225,N,WELLS ST,Y,NONINCAPACITATING INJURY,0,0,1,21,2,8,41.90465048,-87.63436067
7/4/2019 19:29,30,NO CONTROLS,CLEAR,DAYLIGHT,NOT DIVIDED,DRY,INJURY AND / OR TOW DUE TO CRASH,Y,UNABLE TO DETERMINE,100,W,ONTARIO ST,Y,NONINCAPACITATING INJURY,0,0,1,19,5,7,41.89333774,-87.6312445
6/11/2022 18:50,30,NO CONTROLS,CLEAR,DAYLIGHT,NOT DIVIDED,DRY,INJURY AND / OR TOW DUE TO CRASH,,FAILING TO YIELD RIGHT-OF-WAY,1850,W,NORTH AVE,,NONINCAPACITATING INJURY,0,0,1,18,7,6,41.91063972,-87.6746225
1/2/2020 10:30,30,STOP SIGN/FLASHER,CLEAR,DAYLIGHT,FOUR WAY,DRY,INJURY AND / OR TOW DUE TO CRASH,,FAILING TO YIELD RIGHT-OF-WAY,5128,N,CLARK ST,,"REPORTED, NOT EVIDENT",0,0,0,10,5,1,41.97522362,-87.66845901
07/18/2021 08:53:00 PM,30,TRAFFIC SIGNAL,CLEAR,"DARKNESS, LIGHTED ROAD",NOT DIVIDED,DRY,NO INJURY / DRIVE AWAY,Y,IMPROPER LANE USAGE,499,N,HALSTED ST,,NO INDICATION OF INJURY,0,0,0,20,1,7,41.89112692,-87.64747245
10/7/2019 19:00,30,UNKNOWN,UNKNOWN,DARKNESS,UNKNOWN,UNKNOWN,INJURY AND / OR TOW DUE TO CRASH,Y,UNABLE TO DETERMINE,5841,N,CLARK ST,,"REPORTED, NOT EVIDENT",0,0,0,19,2,10,41.98830305,-87.66966749
09/19/2019 08:30:00 AM,30,TRAFFIC SIGNAL,CLEAR,DAYLIGHT,NOT DIVIDED,DRY,INJURY AND / OR TOW DUE TO CRASH,Y,UNABLE TO DETERMINE,1408,N,MILWAUKEE AVE,,NONINCAPACITATING INJURY,0,0,1,8,5,9,41.90742473,-87.67307367
5/3/2020 16:00,25,UNKNOWN,CLEAR,DARKNESS,DIVIDED - W/MEDIAN (NOT RAISED),UNKNOWN,INJURY AND / OR TOW DUE TO CRASH,,UNABLE TO DETERMINE,6310,N,WESTERN AVE,,"REPORTED, NOT EVIDENT",0,0,0,16,1,5,41.99628183,-87.68998285
05/20/2019 07:00:00 PM,30,STOP SIGN/FLASHER,CLEAR,DAYLIGHT,NOT DIVIDED,WET,INJURY AND / OR TOW DUE TO CRASH,,FAILING TO YIELD RIGHT-OF-WAY,2857,N,LARAMIE AVE,,NONINCAPACITATING INJURY,0,0,1,19,2,5,41.93312566,-87.75633632
3/8/2023 4:58,30,TRAFFIC SIGNAL,CLEAR,"DARKNESS, LIGHTED ROAD",NOT DIVIDED,DRY,INJURY AND / OR TOW DUE TO CRASH,,FAILING TO YIELD RIGHT-OF-WAY,5100,S,KEDZIE AVE,,NONINCAPACITATING INJURY,0,0,1,4,4,3,41.80072726,-87.70391022
10/22/2017 02:20:00 PM,30,NO CONTROLS,RAIN,DAYLIGHT,NOT DIVIDED,WET,INJURY AND / OR TOW DUE TO CRASH,,FAILING TO YIELD RIGHT-OF-WAY,2229,W,AUGUSTA BLVD,,INCAPACITATING INJURY,0,1,0,14,1,10,41.89933589,-87.68322492
5/7/2018 19:05,30,TRAFFIC SIGNAL,CLEAR,DAYLIGHT,NOT DIVIDED,DRY,NO INJURY / DRIVE AWAY,,FAILING TO YIELD RIGHT-OF-WAY,2500,W,FOSTER AVE,,NO INDICATION OF INJURY,0,0,0,19,2,5,41.97597679,-87.69243428
11/7/2017 9:10,30,NO CONTROLS,CLEAR,DAYLIGHT,DIVIDED - W/MEDIAN (NOT RAISED),DRY,INJURY AND / OR TOW DUE TO CRASH,Y,FAILING TO YIELD RIGHT-OF-WAY,214,N,HOMAN AVE,,NONINCAPACITATING INJURY,0,0,1,9,3,11,41.88510313,-87.71127829
08/31/2018 12:00:00 PM,30,NO CONTROLS,CLEAR,DAYLIGHT,OTHER,DRY,INJURY AND / OR TOW DUE TO CRASH,,UNABLE TO DETERMINE,11100,S,MICHIGAN AVE,,NONINCAPACITATING INJURY,0,0,1,12,6,8,41.69255976,-87.6211937
10/5/2017 12:00,30,NO CONTROLS,CLEAR,DAYLIGHT,NOT DIVIDED,DRY,INJURY AND / OR TOW DUE TO CRASH,,UNABLE TO DETERMINE,4800,N,MAGNOLIA AVE,,NONINCAPACITATING INJURY,0,0,1,12,5,10,41.96906429,-87.66119427
7/1/2018 12:00,30,UNKNOWN,CLEAR,DAYLIGHT,NOT DIVIDED,DRY,INJURY AND / OR TOW DUE TO CRASH,,FAILING TO YIELD RIGHT-OF-WAY,10800,S,AVENUE D,,NONINCAPACITATING INJURY,0,0,1,12,1,7,41.69896409,-87.52832667
9/6/2021 18:00,25,TRAFFIC SIGNAL,CLEAR,DAYLIGHT,DIVIDED - W/MEDIAN (NOT RAISED),UNKNOWN,INJURY AND / OR TOW DUE TO CRASH,Y,UNABLE TO DETERMINE,2500,W,NORTH AVE,,NONINCAPACITATING INJURY,0,0,1,18,2,9,41.91040334,-87.68973062
10/5/2016 9:45,30,TRAFFIC SIGNAL,CLEAR,DAYLIGHT,DIVIDED - W/MEDIAN BARRIER,DRY,INJURY AND / OR TOW DUE TO CRASH,,FAILING TO YIELD RIGHT-OF-WAY,101,N,WACKER DR,,INCAPACITATING INJURY,0,1,0,9,4,10,41.88323435,-87.63664906
10/8/2020 1:00,30,NO CONTROLS,CLEAR,"DARKNESS, LIGHTED ROAD",NOT DIVIDED,DRY,INJURY AND / OR TOW DUE TO CRASH,N,UNABLE TO DETERMINE,2000,W,GRAND AVE,,INCAPACITATING INJURY,0,1,0,1,5,10,41.89093109,-87.67703497
07/14/2022 05:16:00 PM,30,TRAFFIC SIGNAL,CLEAR,DAYLIGHT,FOUR WAY,DRY,INJURY AND / OR TOW DUE TO CRASH,,UNABLE TO DETERMINE,798,W,DIVERSEY PKWY,,NONINCAPACITATING INJURY,0,0,1,17,5,7,41.93283123,-87.64894917
11/3/2019 14:50,30,TRAFFIC SIGNAL,CLEAR,DAYLIGHT,DRIVEWAY,DRY,INJURY AND / OR TOW DUE TO CRASH,,FAILING TO YIELD RIGHT-OF-WAY,7200,W,FOSTER AVE,,NONINCAPACITATING INJURY,0,0,1,14,1,11,41.974648,-87.80712789
01/15/2017 05:15:00 PM,35,NO CONTROLS,CLEAR,DARKNESS,DIVIDED - W/MEDIAN (NOT RAISED),DRY,INJURY AND / OR TOW DUE TO CRASH,Y,UNABLE TO DETERMINE,5758,S,WESTERN AVE,,NONINCAPACITATING INJURY,0,0,1,17,1,1,41.78844828,-87.68403338
10/19/2018 09:30:00 AM,30,NO CONTROLS,CLEAR,DAYLIGHT,NOT DIVIDED,DRY,NO INJURY / DRIVE AWAY,Y,IMPROPER LANE USAGE,1404,W,CERMAK RD,,NO INDICATION OF INJURY,0,0,0,9,6,10,41.85252372,-87.6614421
10/1/2023 19:52,30,TRAFFIC SIGNAL,CLEAR,"DARKNESS, LIGHTED ROAD",NOT REPORTED,DRY,NO INJURY / DRIVE AWAY,,DISREGARDING TRAFFIC SIGNALS,4959,N,DAMEN AVE,,NO INDICATION OF INJURY,0,0,0,19,1,10,41.97230888,-87.67914624
5/4/2023 18:33,25,NO CONTROLS,CLEAR,DAYLIGHT,FOUR WAY,DRY,INJURY AND / OR TOW DUE TO CRASH,,FAILING TO REDUCE SPEED TO AVOID CRASH,3214,N,OVERHILL AVE,,"REPORTED, NOT EVIDENT",0,0,0,18,5,5,41.93833454,-87.81912855
3/4/2018 16:00,30,TRAFFIC SIGNAL,CLEAR,DAYLIGHT,DIVIDED - W/MEDIAN (NOT RAISED),DRY,INJURY AND / OR TOW DUE TO CRASH,,UNABLE TO DETERMINE,200,N,CICERO AVE,,NONINCAPACITATING INJURY,0,0,1,16,1,3,41.8844735,-87.74557079
7/7/2020 6:50,30,STOP SIGN/FLASHER,CLEAR,DAYLIGHT,DIVIDED - W/MEDIAN (NOT RAISED),DRY,NO INJURY / DRIVE AWAY,,UNABLE TO DETERMINE,2201,W,HARRISON ST,,NO INDICATION OF INJURY,0,0,0,6,3,7,41.87385372,-87.68146334
04/16/2021 12:50:00 PM,30,TRAFFIC SIGNAL,CLEAR,DAYLIGHT,ONE-WAY,DRY,INJURY AND / OR TOW DUE TO CRASH,,DISREGARDING TRAFFIC SIGNALS,100,N,CLINTON ST,,"REPORTED, NOT EVIDENT",0,0,0,12,6,4,41.8832369,-87.64138162
9/11/2017 14:25,0,NO CONTROLS,CLEAR,DAYLIGHT,ONE-WAY,UNKNOWN,INJURY AND / OR TOW DUE TO CRASH,,NOT APPLICABLE,6237,S,MAPLEWOOD AVE,,INCAPACITATING INJURY,0,1,0,14,2,9,41.77992112,-87.68717824
07/13/2023 05:00:00 PM,20,STOP SIGN/FLASHER,CLEAR,DAYLIGHT,NOT DIVIDED,DRY,INJURY AND / OR TOW DUE TO CRASH,Y,DISREGARDING STOP SIGN,6399,N,KILDARE AVE,,NONINCAPACITATING INJURY,0,0,1,17,5,7,41.9971517,-87.73605168
11/7/2022 18:20,30,STOP SIGN/FLASHER,CLEAR,"DARKNESS, LIGHTED ROAD",DIVIDED - W/MEDIAN (NOT RAISED),DRY,INJURY AND / OR TOW DUE TO CRASH,,UNABLE TO DETERMINE,1500,N,CALIFORNIA AVE,,"REPORTED, NOT EVIDENT",0,0,0,18,2,11,41.9084853,-87.6971623
9/9/2023 20:50,30,NO CONTROLS,CLEAR,"DARKNESS, LIGHTED ROAD",NOT DIVIDED,DRY,NO INJURY / DRIVE AWAY,,UNABLE TO DETERMINE,410,N,DEARBORN ST,Y,NO INDICATION OF INJURY,0,0,0,20,7,9,41.88963425,-87.6297443
05/31/2019 07:35:00 AM,30,TRAFFIC SIGNAL,CLEAR,DAYLIGHT,NOT DIVIDED,DRY,NO INJURY / DRIVE AWAY,,FAILING TO YIELD RIGHT-OF-WAY,4200,W,59TH ST,,NO INDICATION OF INJURY,0,0,0,7,6,5,41.78599526,-87.7279146
02/29/2020 05:00:00 PM,30,STOP SIGN/FLASHER,CLEAR,DAYLIGHT,ONE-WAY,DRY,INJURY AND / OR TOW DUE TO CRASH,,FAILING TO YIELD RIGHT-OF-WAY,1737,W,THOME AVE,,NONINCAPACITATING INJURY,0,0,1,17,7,2,41.99548345,-87.67335699
03/23/2023 12:20:00 PM,30,STOP SIGN/FLASHER,CLOUDY/OVERCAST,DAYLIGHT,DIVIDED - W/MEDIAN (NOT RAISED),UNKNOWN,INJURY AND / OR TOW DUE TO CRASH,,IMPROPER TURNING/NO SIGNAL,3399,N,SHEFFIELD AVE,,NONINCAPACITATING INJURY,0,0,1,12,5,3,41.94348317,-87.6540684
9/7/2017 20:45,30,NO CONTROLS,CLEAR,"DARKNESS, LIGHTED ROAD",NOT DIVIDED,DRY,NO INJURY / DRIVE AWAY,,FOLLOWING TOO CLOSELY,343,E,MC FETRIDGE DR,,NO INDICATION OF INJURY,0,0,0,20,5,9,41.86487683,-87.61894211
9/6/2017 9:15,30,TRAFFIC SIGNAL,CLEAR,DAYLIGHT,DIVIDED - W/MEDIAN (NOT RAISED),DRY,INJURY AND / OR TOW DUE TO CRASH,Y,IMPROPER TURNING/NO SIGNAL,5102,S,PULASKI RD,,"REPORTED, NOT EVIDENT",0,0,0,9,4,9,41.80038239,-87.7235161
09/21/2019 10:39:00 AM,25,STOP SIGN/FLASHER,CLEAR,DAYLIGHT,UNKNOWN INTERSECTION TYPE,WET,INJURY AND / OR TOW DUE TO CRASH,,UNABLE TO DETERMINE,599,W,WILSON DR,,INCAPACITATING INJURY,0,1,0,10,7,9,41.96574962,-87.6457359
04/15/2022 12:45:00 PM,30,NO CONTROLS,CLEAR,DAYLIGHT,NOT DIVIDED,DRY,INJURY AND / OR TOW DUE TO CRASH,Y,FAILING TO YIELD RIGHT-OF-WAY,1649,N,DAMEN AVE,,INCAPACITATING INJURY,0,1,0,12,6,4,41.91197123,-87.67735194
9/5/2018 6:45,30,TRAFFIC SIGNAL,CLEAR,DAYLIGHT,DIVIDED - W/MEDIAN (NOT RAISED),DRY,INJURY AND / OR TOW DUE TO CRASH,,FAILING TO YIELD RIGHT-OF-WAY,1200,W,AUGUSTA BLVD,,NONINCAPACITATING INJURY,0,0,1,6,4,9,41.89999271,-87.6566981
06/27/2021 11:50:00 AM,30,NO CONTROLS,CLEAR,DAYLIGHT,DIVIDED - W/MEDIAN (NOT RAISED),DRY,INJURY AND / OR TOW DUE TO CRASH,,FAILING TO YIELD RIGHT-OF-WAY,420,W,BELMONT AVE,,NONINCAPACITATING INJURY,0,0,1,11,1,6,41.94021289,-87.64044977
06/13/2020 03:23:00 PM,30,NO CONTROLS,CLEAR,DAYLIGHT,NOT DIVIDED,DRY,INJURY AND / OR TOW DUE TO CRASH,,DRIVING SKILLS/KNOWLEDGE/EXPERIENCE,1341,S,HALSTED ST,,NONINCAPACITATING INJURY,0,0,1,15,7,6,41.86420569,-87.646687
06/20/2018 02:00:00 PM,30,TRAFFIC SIGNAL,CLEAR,DAYLIGHT,NOT DIVIDED,DRY,INJURY AND / OR TOW DUE TO CRASH,,UNABLE TO DETERMINE,36,W,GRAND AVE,,NONINCAPACITATING INJURY,0,0,1,14,4,6,41.89175706,-87.62957511
08/19/2021 11:46:00 AM,30,TRAFFIC SIGNAL,CLEAR,DAYLIGHT,DIVIDED - W/MEDIAN (NOT RAISED),DRY,NO INJURY / DRIVE AWAY,,UNABLE TO DETERMINE,4299,S,WESTERN BLVD,,NO INDICATION OF INJURY,0,0,0,11,5,8,41.81575149,-87.68392697
2/8/2022 10:30,30,TRAFFIC SIGNAL,CLEAR,DAYLIGHT,NOT DIVIDED,DRY,INJURY AND / OR TOW DUE TO CRASH,,FAILING TO YIELD RIGHT-OF-WAY,3200,N,AUSTIN AVE,,"REPORTED, NOT EVIDENT",0,0,0,10,3,2,41.93849112,-87.77636315
10/29/2018 08:50:00 PM,30,NO CONTROLS,CLEAR,DARKNESS,NOT DIVIDED,DRY,INJURY AND / OR TOW DUE TO CRASH,,FAILING TO YIELD RIGHT-OF-WAY,2171,N,MILWAUKEE AVE,,NONINCAPACITATING INJURY,0,0,1,20,2,10,41.92074573,-87.69359695
11/2/2015 15:39,20,TRAFFIC SIGNAL,CLEAR,DAYLIGHT,DIVIDED - W/MEDIAN (NOT RAISED),DRY,NO INJURY / DRIVE AWAY,,UNABLE TO DETERMINE,213,W,ROOSEVELT RD,,NO INDICATION OF INJURY,0,0,0,15,2,11,41.86721416,-87.63342029
04/13/2023 06:00:00 PM,35,NO CONTROLS,CLEAR,DAYLIGHT,T-INTERSECTION,DRY,INJURY AND / OR TOW DUE TO CRASH,,UNABLE TO DETERMINE,7100,S,COLES AVE,,NONINCAPACITATING INJURY,0,0,1,18,5,4,41.76619122,-87.5647703
10/5/2023 7:20,30,NO CONTROLS,RAIN,DAYLIGHT,NOT DIVIDED,WET,INJURY AND / OR TOW DUE TO CRASH,Y,FAILING TO YIELD RIGHT-OF-WAY,2000,N,MAGNOLIA AVE,,NONINCAPACITATING INJURY,0,0,1,7,5,10,41.91835213,-87.65973382
10/15/2023 01:00:00 PM,20,NO CONTROLS,CLEAR,DAYLIGHT,ALLEY,DRY,INJURY AND / OR TOW DUE TO CRASH,,"VISION OBSCURED (SIGNS, TREE LIMBS, BUILDINGS, ETC.)",4415,N,SPAULDING AVE,,NONINCAPACITATING INJURY,0,0,1,13,1,10,41.96165205,-87.71055481
05/31/2022 09:07:00 AM,30,TRAFFIC SIGNAL,CLEAR,DAYLIGHT,FOUR WAY,DRY,INJURY AND / OR TOW DUE TO CRASH,,FAILING TO YIELD RIGHT-OF-WAY,4340,N,ELSTON AVE,,NONINCAPACITATING INJURY,0,0,1,9,3,5,41.95958909,-87.72797014
12/10/2017 13:15,30,NO CONTROLS,CLOUDY/OVERCAST,DARKNESS,DIVIDED - W/MEDIAN (NOT RAISED),DRY,NO INJURY / DRIVE AWAY,,UNABLE TO DETERMINE,1620,N,SHEFFIELD AVE,,NO INDICATION OF INJURY,0,0,0,13,1,12,41.91146915,-87.65327794
06/27/2020 08:02:00 PM,30,STOP SIGN/FLASHER,CLEAR,"DARKNESS, LIGHTED ROAD",NOT DIVIDED,DRY,INJURY AND / OR TOW DUE TO CRASH,Y,UNABLE TO DETERMINE,500,W,SUPERIOR ST,,NONINCAPACITATING INJURY,0,0,1,20,7,6,41.89560871,-87.64157917
3/5/2018 8:55,15,TRAFFIC SIGNAL,CLEAR,DAYLIGHT,ONE-WAY,DRY,INJURY AND / OR TOW DUE TO CRASH,,"VISION OBSCURED (SIGNS, TREE LIMBS, BUILDINGS, ETC.)",2300,S,HAMLIN AVE,,NONINCAPACITATING INJURY,0,0,1,8,2,3,41.84961522,-87.71996706