CRASH_DATE,POSTED_SPEED_LIMIT,TRAFFIC_CONTROL_DEVICE,WEATHER_CONDITION,LIGHTING_CONDITION,TRAFFICWAY_TYPE,ROADWAY_SURFACE_COND,CRASH_TYPE,HIT_AND_RUN_I,PRIM_CONTRIBUTORY_CAUSE,STREET_NO,STREET_DIRECTION,STREET_NAME,DOORING_I,MOST_SEVERE_INJURY,INJURIES_FATAL,INJURIES_INCAPACITATING,INJURIES_NON_INCAPACITATING,CRASH_HOUR,CRASH_DAY_OF_WEEK,CRASH_MONTH,LATITUDE,LONGITUDE
08/26/2020 09:50:00 AM,35,NO CONTROLS,CLEAR,DAYLIGHT,DRIVEWAY,DRY,INJURY AND / OR TOW DUE TO CRASH,,UNABLE TO DETERMINE,4550,W,BELMONT AVE,,INCAPACITATING INJURY,0,1,0,9,4,8,41.9390093,-87.74151988
05/28/2019 09:45:00 AM,30,NO CONTROLS,CLOUDY/OVERCAST,DAYLIGHT,ONE-WAY,DRY,NO INJURY / DRIVE AWAY,,UNABLE TO DETERMINE,98,S,DESPLAINES ST,Y,NO INDICATION OF INJURY,0,0,0,9,3,5,41.88059221,-87.64423052
08/16/2018 04:35:00 PM,30,NO CONTROLS,CLEAR,DAYLIGHT,NOT DIVIDED,DRY,INJURY AND / OR TOW DUE TO CRASH,,FAILING TO YIELD RIGHT-OF-WAY,3902,W,MADISON ST,,NONINCAPACITATING INJURY,0,0,1,16,5,8,41.88086454,-87.72342432
4/6/2019 22:05,30,TRAFFIC SIGNAL,CLEAR,"DARKNESS, LIGHTED ROAD",NOT DIVIDED,DRY,INJURY AND / OR TOW DUE TO CRASH,Y,FAILING TO YIELD RIGHT-OF-WAY,6058,N,JERSEY AVE,,"REPORTED, NOT EVIDENT",0,0,0,22,7,4,41.99197217,-87.71150799
09/29/2022 04:25:00 PM,30,TRAFFIC SIGNAL,CLEAR,DAYLIGHT,FOUR WAY,DRY,NO INJURY / DRIVE AWAY,,NOT APPLICABLE,6258,S,OAK PARK AVE,,NO INDICATION OF INJURY,0,0,0,16,5,9,41.77756374,-87.79116114
06/16/2018 06:45:00 PM,30,STOP SIGN/FLASHER,CLEAR,DAYLIGHT,ONE-WAY,DRY,INJURY AND / OR TOW DUE TO CRASH,,UNABLE TO DETERMINE,1500,N,WICKER PARK AVE,,NONINCAPACITATING INJURY,0,0,1,18,7,6,41.90812837,-87.67634202
4/10/2021 23:30,30,NO CONTROLS,RAIN,"DARKNESS, LIGHTED ROAD",OTHER,WET,INJURY AND / OR TOW DUE TO CRASH,Y,FAILING TO REDUCE SPEED TO AVOID CRASH,3212,W,CATALPA AVE,,INCAPACITATING INJURY,0,1,0,23,7,4,41.98136117,-87.70934866
7/4/2023 17:11,30,TRAFFIC SIGNAL,CLEAR,DAYLIGHT,NOT DIVIDED,DRY,INJURY AND / OR TOW DUE TO CRASH,Y,UNABLE TO DETERMINE,300,E,RANDOLPH ST,,"REPORTED, NOT EVIDENT",0,0,0,17,3,7,41.88462379,-87.62047604
09/20/2022 08:43:00 AM,30,STOP SIGN/FLASHER,CLEAR,DAYLIGHT,ONE-WAY,DRY,NO INJURY / DRIVE AWAY,,UNABLE TO DETERMINE,3058,N,NARRAGANSETT AVE,,NO INDICATION OF INJURY,0,0,0,8,3,9,41.93644338,-87.78601727
04/17/2021 02:15:00 PM,25,NO CONTROLS,CLEAR,DAYLIGHT,NOT DIVIDED,DRY,INJURY AND / OR TOW DUE TO CRASH,Y,UNABLE TO DETERMINE,5411,W,MONTROSE AVE,,NONINCAPACITATING INJURY,0,0,1,14,7,4,41.96042637,-87.7628185
6/3/2021 17:55,35,STOP SIGN/FLASHER,CLEAR,DAYLIGHT,NOT DIVIDED,DRY,INJURY AND / OR TOW DUE TO CRASH,,DISREGARDING STOP SIGN,8500,S,HOLLAND RD,,NONINCAPACITATING INJURY,0,0,1,17,5,6,41.73989671,-87.63208907
06/26/2018 11:50:00 AM,30,NO CONTROLS,CLEAR,DAYLIGHT,OTHER,DRY,NO INJURY / DRIVE AWAY,Y,UNABLE TO DETERMINE,1629,N,DAMEN AVE,Y,NO INDICATION OF INJURY,0,0,0,11,3,6,41.91133676,-87.67733626
01/21/2021 10:15:00 PM,30,NO CONTROLS,CLEAR,"DARKNESS, LIGHTED ROAD",UNKNOWN INTERSECTION TYPE,DRY,INJURY AND / OR TOW DUE TO CRASH,,IMPROPER OVERTAKING/PASSING,2000,W,BERTEAU AVE,,NONINCAPACITATING INJURY,0,0,1,22,5,1,41.9579141,-87.67898966
11/16/2016 01:45:00 PM,30,NO CONTROLS,CLEAR,DAYLIGHT,DIVIDED - W/MEDIAN (NOT RAISED),DRY,INJURY AND / OR TOW DUE TO CRASH,,FAILING TO YIELD RIGHT-OF-WAY,5501,S,DAMEN AVE,,NONINCAPACITATING INJURY,0,0,1,13,4,11,41.79348635,-87.67413305
7/8/2019 18:20,30,TRAFFIC SIGNAL,CLEAR,DAYLIGHT,NOT DIVIDED,DRY,INJURY AND / OR TOW DUE TO CRASH,,UNABLE TO DETERMINE,1400,N,LARRABEE ST,,NONINCAPACITATING INJURY,0,0,1,18,2,7,41.90658104,-87.64344909
09/29/2023 02:15:00 PM,30,STOP SIGN/FLASHER,CLEAR,DAYLIGHT,FOUR WAY,DRY,INJURY AND / OR TOW DUE TO CRASH,,UNABLE TO DETERMINE,4559,W,WILSON AVE,,NONINCAPACITATING INJURY,0,0,1,14,6,9,41.96432136,-87.74265243
07/26/2021 10:40:00 PM,30,NO CONTROLS,CLEAR,"DARKNESS, LIGHTED ROAD",DIVIDED - W/MEDIAN (NOT RAISED),DRY,INJURY AND / OR TOW DUE TO CRASH,Y,"OPERATING VEHICLE IN ERRATIC, RECKLESS, CARELESS, NEGLIGENT OR AGGRESSIVE MANNER",1232,W,NORTH AVE,,NONINCAPACITATING INJURY,0,0,1,22,2,7,41.91087554,-87.65827824
08/29/2018 06:00:00 PM,30,STOP SIGN/FLASHER,CLEAR,DAYLIGHT,NOT DIVIDED,DRY,NO INJURY / DRIVE AWAY,,FAILING TO YIELD RIGHT-OF-WAY,5100,W,DIVERSEY AVE,,NO INDICATION OF INJURY,0,0,0,18,4,8,41.93154177,-87.75408622
9/11/2017 16:10,35,TRAFFIC SIGNAL,CLEAR,DAYLIGHT,NOT DIVIDED,DRY,INJURY AND / OR TOW DUE TO CRASH,,DISREGARDING TRAFFIC SIGNALS,1100,N,LARAMIE AVE,,INCAPACITATING INJURY,0,1,0,16,2,9,41.90050693,-87.75588188
4/4/2019 11:50,30,NO CONTROLS,RAIN,DAYLIGHT,DIVIDED - W/MEDIAN (NOT RAISED),WET,INJURY AND / OR TOW DUE TO CRASH,,FAILING TO YIELD RIGHT-OF-WAY,1853,N,PAULINA ST,,NONINCAPACITATING INJURY,0,0,1,11,5,4,41.91582083,-87.67012353
6/10/2019 13:00,30,NO CONTROLS,CLEAR,DAYLIGHT,DIVIDED - W/MEDIAN (NOT RAISED),DRY,NO INJURY / DRIVE AWAY,Y,UNABLE TO DETERMINE,2341,N,DAMEN AVE,,NO INDICATION OF INJURY,0,0,0,13,2,6,41.92395218,-87.67770061
8/7/2020 18:55,30,NO CONTROLS,CLEAR,DAYLIGHT,NOT DIVIDED,DRY,INJURY AND / OR TOW DUE TO CRASH,,UNABLE TO DETERMINE,1330,N,MILWAUKEE AVE,Y,"REPORTED, NOT EVIDENT",0,0,0,18,6,8,41.90584088,-87.67059736
10/14/2023 12:30:00 AM,30,TRAFFIC SIGNAL,RAIN,"DARKNESS, LIGHTED ROAD",Y-INTERSECTION,WET,INJURY AND / OR TOW DUE TO CRASH,Y,UNABLE TO DETERMINE,2015,N,ELSTON AVE,,NONINCAPACITATING INJURY,0,0,1,0,7,10,41.91843356,-87.66777346
08/27/2018 06:55:00 PM,35,NO CONTROLS,CLEAR,DUSK,DIVIDED - W/MEDIAN (NOT RAISED),DRY,INJURY AND / OR TOW DUE TO CRASH,,IMPROPER OVERTAKING/PASSING,3538,W,NORTH AVE,,INCAPACITATING INJURY,0,1,0,18,2,8,41.91011567,-87.71569304
4/1/2019 16:00,30,TRAFFIC SIGNAL,CLEAR,DAYLIGHT,DIVIDED - W/MEDIAN (NOT RAISED),DRY,NO INJURY / DRIVE AWAY,,UNABLE TO DETERMINE,400,S,DAMEN AVE,,NO INDICATION OF INJURY,0,0,0,16,2,4,41.87618617,-87.67667397
10/27/2017 07:45:00 PM,25,TRAFFIC SIGNAL,CLEAR,"DARKNESS, LIGHTED ROAD",NOT DIVIDED,DRY,INJURY AND / OR TOW DUE TO CRASH,,FAILING TO YIELD RIGHT-OF-WAY,1024,W,ARMITAGE AVE,Y,NONINCAPACITATING INJURY,0,0,1,19,6,10,41.91820014,-87.65440564
7/8/2021 22:24,30,TRAFFIC SIGNAL,CLEAR,DARKNESS,FOUR WAY,DRY,INJURY AND / OR TOW DUE TO CRASH,,DISREGARDING TRAFFIC SIGNALS,241,W,WACKER DR,,NONINCAPACITATING INJURY,0,0,1,22,5,7,41.88671012,-87.63513865
9/6/2018 15:00,35,TRAFFIC SIGNAL,RAIN,DAYLIGHT,DIVIDED - W/MEDIAN (NOT RAISED),WET,INJURY AND / OR TOW DUE TO CRASH,Y,UNABLE TO DETERMINE,9310,S,COTTAGE GROVE AVE,,NONINCAPACITATING INJURY,0,0,1,15,5,9,41.7253297,-87.60470256
6/6/2022 12:00,30,NO CONTROLS,RAIN,DAYLIGHT,NOT DIVIDED,WET,INJURY AND / OR TOW DUE TO CRASH,,FAILING TO YIELD RIGHT-OF-WAY,1101,S,CANAL ST,,NONINCAPACITATING INJURY,0,0,1,12,2,6,41.86888971,-87.63909893
08/31/2016 09:15:00 PM,30,NO CONTROLS,CLEAR,"DARKNESS, LIGHTED ROAD",NOT DIVIDED,DRY,INJURY AND / OR TOW DUE TO CRASH,,UNABLE TO DETERMINE,2231,W,WABANSIA AVE,Y,"REPORTED, NOT EVIDENT",0,0,0,21,4,8,41.91252051,-87.6837263
11/25/2019 04:10:00 PM,30,TRAFFIC SIGNAL,CLEAR,DUSK,DIVIDED - W/MEDIAN (NOT RAISED),DRY,INJURY AND / OR TOW DUE TO CRASH,Y,UNABLE TO DETERMINE,2413,W,LAWRENCE AVE,,"REPORTED, NOT EVIDENT",0,0,0,16,2,11,41.96850106,-87.68943553
10/29/2021 05:53:00 PM,30,NO CONTROLS,RAIN,"DARKNESS, LIGHTED ROAD",NOT DIVIDED,WET,INJURY AND / OR TOW DUE TO CRASH,,WEATHER,5501,W,ADDISON ST,,NONINCAPACITATING INJURY,0,0,1,17,6,10,41.94579753,-87.76435673
06/22/2020 12:51:00 PM,35,TRAFFIC SIGNAL,CLOUDY/OVERCAST,DAYLIGHT,Y-INTERSECTION,DRY,INJURY AND / OR TOW DUE TO CRASH,,UNABLE TO DETERMINE,2898,N,LINCOLN AVE,,NONINCAPACITATING INJURY,0,0,1,12,2,6,41.93416882,-87.66117542
08/25/2021 02:00:00 PM,30,UNKNOWN,CLEAR,DAYLIGHT,UNKNOWN,DRY,INJURY AND / OR TOW DUE TO CRASH,Y,UNABLE TO DETERMINE,1200,W,ROOSEVELT RD,,NONINCAPACITATING INJURY,0,0,1,14,4,8,41.86710548,-87.65674501
08/28/2019 01:00:00 PM,30,NO CONTROLS,CLEAR,DAYLIGHT,NOT DIVIDED,DRY,INJURY AND / OR TOW DUE TO CRASH,,FAILING TO YIELD RIGHT-OF-WAY,1006,W,LAKE ST,Y,NONINCAPACITATING INJURY,0,0,1,13,4,8,41.88568795,-87.65246445
12/3/2022 20:20,30,TRAFFIC SIGNAL,CLEAR,"DARKNESS, LIGHTED ROAD",T-INTERSECTION,DRY,INJURY AND / OR TOW DUE TO CRASH,Y,UNABLE TO DETERMINE,2101,W,CHICAGO AVE,,NONINCAPACITATING INJURY,0,0,2,20,7,12,41.8957563,-87.6796197
10/6/2017 19:52,30,NO CONTROLS,RAIN,"DARKNESS, LIGHTED ROAD",DIVIDED - W/MEDIAN BARRIER,WET,INJURY AND / OR TOW DUE TO CRASH,Y,FOLLOWING TOO CLOSELY,4550,S,CICERO AVE,,INCAPACITATING INJURY,0,1,0,19,6,10,41.80976145,-87.74335407
07/20/2021 08:20:00 AM,35,NO CONTROLS,CLEAR,DAYLIGHT,NOT DIVIDED,DRY,INJURY AND / OR TOW DUE TO CRASH,,DRIVING SKILLS/KNOWLEDGE/EXPERIENCE,4347,W,IRVING PARK RD,Y,NONINCAPACITATING INJURY,0,0,1,8,3,7,41.9534279,-87.73735907
6/4/2018 12:32,30,NO CONTROLS,CLEAR,DAYLIGHT,NOT DIVIDED,DRY,INJURY AND / OR TOW DUE TO CRASH,,FAILING TO YIELD RIGHT-OF-WAY,636,W,IRVING PARK RD,Y,NONINCAPACITATING INJURY,0,0,1,12,2,6,41.9547272,-87.64645705
07/20/2020 03:50:00 PM,30,TRAFFIC SIGNAL,CLEAR,DAYLIGHT,DIVIDED - W/MEDIAN BARRIER,DRY,INJURY AND / OR TOW DUE TO CRASH,,UNABLE TO DETERMINE,901,S,MICHIGAN AVE,,INCAPACITATING INJURY,0,1,0,15,2,7,41.8705633,-87.62399297
8/6/2020 20:15,25,TRAFFIC SIGNAL,CLEAR,"DARKNESS, LIGHTED ROAD",NOT DIVIDED,DRY,INJURY AND / OR TOW DUE TO CRASH,,UNABLE TO DETERMINE,500,W,DIVERSEY PKWY,,NONINCAPACITATING INJURY,0,0,1,20,5,8,41.93297686,-87.64149609
04/30/2021 11:10:00 PM,30,TRAFFIC SIGNAL,CLEAR,"DARKNESS, LIGHTED ROAD",DIVIDED - W/MEDIAN (NOT RAISED),DRY,INJURY AND / OR TOW DUE TO CRASH,,DISREGARDING TRAFFIC SIGNALS,1,S,HOMAN AVE,,NONINCAPACITATING INJURY,0,0,1,23,6,4,41.88085323,-87.71085657
10/5/2018 13:45,30,NO CONTROLS,CLEAR,DAYLIGHT,ONE-WAY,DRY,NO INJURY / DRIVE AWAY,Y,DRIVING ON WRONG SIDE/WRONG WAY,250,W,VAN BUREN ST,,NO INDICATION OF INJURY,0,0,0,13,6,10,41.87693666,-87.63510521
06/22/2017 08:05:00 AM,30,NO CONTROLS,CLEAR,DAYLIGHT,DIVIDED - W/MEDIAN (NOT RAISED),DRY,INJURY AND / OR TOW DUE TO CRASH,Y,IMPROPER OVERTAKING/PASSING,1759,W,CHICAGO AVE,,NONINCAPACITATING INJURY,0,0,1,8,5,6,41.89588321,-87.6721088
9/10/2019 7:15,30,TRAFFIC SIGNAL,CLEAR,DAYLIGHT,DIVIDED - W/MEDIAN (NOT RAISED),DRY,NO INJURY / DRIVE AWAY,,NOT APPLICABLE,600,S,WESTERN AVE,,NO INDICATION OF INJURY,0,0,0,7,3,9,41.8738459,-87.68638129
10/9/2017 21:25,30,NO CONTROLS,CLEAR,"DARKNESS, LIGHTED ROAD",DIVIDED - W/MEDIAN BARRIER,DRY,INJURY AND / OR TOW DUE TO CRASH,,UNABLE TO DETERMINE,1718,S,STATE ST,,"REPORTED, NOT EVIDENT",0,0,0,21,2,10,41.85837259,-87.62735617
09/15/2018 11:35:00 AM,30,STOP SIGN/FLASHER,CLEAR,DAYLIGHT,NOT DIVIDED,DRY,INJURY AND / OR TOW DUE TO CRASH,,DISREGARDING STOP SIGN,2919,N,BROADWAY,,NONINCAPACITATING INJURY,0,0,1,11,7,9,41.93555816,-87.64410158
11/27/2018 08:21:00 AM,30,NO CONTROLS,CLEAR,DAYLIGHT,NOT DIVIDED,ICE,NO INJURY / DRIVE AWAY,,WEATHER,1047,N,HALSTED ST,,NO INDICATION OF INJURY,0,0,0,8,3,11,41.9014671,-87.6478356
8/9/2019 18:40,30,TRAFFIC SIGNAL,CLEAR,DAYLIGHT,DIVIDED - W/MEDIAN (NOT RAISED),DRY,NO INJURY / DRIVE AWAY,,UNABLE TO DETERMINE,5600,W,MADISON ST,,NO INDICATION OF INJURY,0,0,0,18,6,8,41.88035456,-87.76494814
09/22/2020 06:00:00 PM,30,NO CONTROLS,CLEAR,DAYLIGHT,NOT DIVIDED,DRY,INJURY AND / OR TOW DUE TO CRASH,,IMPROPER TURNING/NO SIGNAL,2642,N,CLYBOURN AVE,,NONINCAPACITATING INJURY,0,0,1,18,3,9,41.92949952,-87.67511741
10/6/2017 18:45,30,TRAFFIC SIGNAL,RAIN,DARKNESS,NOT DIVIDED,WET,NO INJURY / DRIVE AWAY,,UNABLE TO DETERMINE,2557,N,MILWAUKEE AVE,,NO INDICATION OF INJURY,0,0,0,18,6,10,41.92787101,-87.70521637
7/11/2022 17:48,30,STOP SIGN/FLASHER,CLEAR,DAYLIGHT,DIVIDED - W/MEDIAN (NOT RAISED),DRY,INJURY AND / OR TOW DUE TO CRASH,Y,DISREGARDING STOP SIGN,1957,W,SCHOOL ST,,NONINCAPACITATING INJURY,0,0,1,17,2,7,41.94128989,-87.67820524
7/7/2021 13:55,25,STOP SIGN/FLASHER,CLEAR,DAYLIGHT,FOUR WAY,DRY,INJURY AND / OR TOW DUE TO CRASH,,UNABLE TO DETERMINE,4307,W,ARMITAGE AVE,,NONINCAPACITATING INJURY,0,0,1,13,4,7,41.91695751,-87.73417847
03/26/2019 07:45:00 AM,30,NO CONTROLS,CLEAR,DAYLIGHT,DIVIDED - W/MEDIAN (NOT RAISED),DRY,INJURY AND / OR TOW DUE TO CRASH,,DRIVING SKILLS/KNOWLEDGE/EXPERIENCE,2641,W,FULLERTON AVE,Y,"REPORTED, NOT EVIDENT",0,0,0,7,3,3,41.92472963,-87.69408535
12/17/2016 09:20:00 AM,30,NO CONTROLS,SNOW,DAYLIGHT,DIVIDED - W/MEDIAN (NOT RAISED),SNOW OR SLUSH,INJURY AND / OR TOW DUE TO CRASH,,UNABLE TO DETERMINE,1300,W,ROOSEVELT RD,,NONINCAPACITATING INJURY,0,0,1,9,7,12,41.86706467,-87.65924974
09/18/2017 08:35:00 AM,30,STOP SIGN/FLASHER,CLEAR,DAYLIGHT,OTHER,DRY,INJURY AND / OR TOW DUE TO CRASH,,FAILING TO YIELD RIGHT-OF-WAY,3700,W,CERMAK RD,,INCAPACITATING INJURY,0,1,1,8,2,9,41.85174268,-87.71749344
7/1/2019 18:32,30,STOP SIGN/FLASHER,CLEAR,DUSK,NOT DIVIDED,DRY,INJURY AND / OR TOW DUE TO CRASH,Y,FAILING TO YIELD RIGHT-OF-WAY,2732,W,45TH ST,,NONINCAPACITATING INJURY,0,0,1,18,2,7,41.81203919,-87.69315789
5/1/2019 8:00,30,UNKNOWN,RAIN,DAYLIGHT,NOT DIVIDED,WET,NO INJURY / DRIVE AWAY,,IMPROPER LANE USAGE,1,S,DESPLAINES ST,,NO INDICATION OF INJURY,0,0,0,8,4,5,41.88175915,-87.64397765
05/23/2023 05:45:00 PM,30,NO CONTROLS,CLEAR,DAYLIGHT,DIVIDED - W/MEDIAN (NOT RAISED),DRY,NO INJURY / DRIVE AWAY,,FAILING TO YIELD RIGHT-OF-WAY,2645,N,ELSTON AVE,,NO INDICATION OF INJURY,0,0,0,17,3,5,41.92980221,-87.68414171
8/5/2022 1:25,30,NO CONTROLS,CLEAR,"DARKNESS, LIGHTED ROAD",ONE-WAY,DRY,INJURY AND / OR TOW DUE TO CRASH,Y,FAILING TO YIELD RIGHT-OF-WAY,2532,W,68TH ST,,INCAPACITATING INJURY,0,2,0,1,6,8,41.77020747,-87.68712783
09/23/2023 10:58:00 PM,30,TRAFFIC SIGNAL,CLEAR,"DARKNESS, LIGHTED ROAD",CENTER TURN LANE,DRY,INJURY AND / OR TOW DUE TO CRASH,,DRIVING ON WRONG SIDE/WRONG WAY,1950,W,NORTH AVE,,INCAPACITATING INJURY,0,1,0,22,7,9,41.91060161,-87.67712004
10/13/2021 08:30:00 AM,30,STOP SIGN/FLASHER,CLEAR,DAYLIGHT,NOT DIVIDED,DRY,INJURY AND / OR TOW DUE TO CRASH,,FAILING TO YIELD RIGHT-OF-WAY,7399,N,SACRAMENTO AVE,,NONINCAPACITATING INJURY,0,0,1,8,4,10,42.01554828,-87.70422996
08/20/2018 07:40:00 AM,30,NO CONTROLS,CLEAR,DAYLIGHT,NOT DIVIDED,DRY,NO INJURY / DRIVE AWAY,,UNABLE TO DETERMINE,120,N,HOYNE AVE,,NO INDICATION OF INJURY,0,0,0,7,2,8,41.8837728,-87.67929475
4/11/2019 20:07,30,TRAFFIC SIGNAL,CLEAR,"DARKNESS, LIGHTED ROAD",CENTER TURN LANE,DRY,INJURY AND / OR TOW DUE TO CRASH,Y,DISREGARDING TRAFFIC SIGNALS,7901,S,COTTAGE GROVE AVE,,"REPORTED, NOT EVIDENT",0,0,0,20,5,4,41.75119493,-87.60507416
11/14/2022 03:00:00 PM,15,NO CONTROLS,CLEAR,DAYLIGHT,ALLEY,DRY,INJURY AND / OR TOW DUE TO CRASH,,UNABLE TO DETERMINE,3114,N,KOSTNER AVE,,NONINCAPACITATING INJURY,0,0,1,15,2,11,41.93762885,-87.73713926
10/7/2018 14:40,30,NO CONTROLS,RAIN,DAYLIGHT,NOT DIVIDED,WET,INJURY AND / OR TOW DUE TO CRASH,Y,FAILING TO YIELD RIGHT-OF-WAY,1737,W,18TH ST,,INCAPACITATING INJURY,0,1,0,14,1,10,41.85762701,-87.67020682
8/10/2017 9:15,30,NO CONTROLS,CLEAR,DAYLIGHT,NOT DIVIDED,DRY,INJURY AND / OR TOW DUE TO CRASH,Y,FAILING TO YIELD RIGHT-OF-WAY,1624,N,HALSTED ST,Y,NONINCAPACITATING INJURY,0,0,1,9,5,8,41.91170007,-87.64844096
08/13/2022 10:45:00 PM,20,UNKNOWN,CLEAR,DARKNESS,OTHER,DRY,INJURY AND / OR TOW DUE TO CRASH,Y,UNABLE TO DETERMINE,10716,S,FOREST AVE,,NONINCAPACITATING INJURY,0,0,1,22,7,8,41.69945069,-87.61613657
08/16/2023 12:25:00 PM,35,NO CONTROLS,CLEAR,DAYLIGHT,NOT DIVIDED,DRY,INJURY AND / OR TOW DUE TO CRASH,,EQUIPMENT - VEHICLE CONDITION,2426,W,47TH ST,,NONINCAPACITATING INJURY,0,0,1,12,4,8,41.80853426,-87.68544929
06/22/2017 05:40:00 PM,30,TRAFFIC SIGNAL,CLEAR,DAWN,NOT DIVIDED,DRY,INJURY AND / OR TOW DUE TO CRASH,,DISREGARDING TRAFFIC SIGNALS,4000,W,CONGRESS PKWY,,"REPORTED, NOT EVIDENT",0,0,0,17,5,6,41.87446701,-87.7255684
09/16/2019 07:15:00 AM,30,TRAFFIC SIGNAL,CLEAR,DAYLIGHT,ONE-WAY,DRY,NO INJURY / DRIVE AWAY,,UNABLE TO DETERMINE,4829,N,WOLCOTT AVE,Y,NO INDICATION OF INJURY,0,0,0,7,2,9,41.96967991,-87.67608467
4/7/2021 19:26,30,TRAFFIC SIGNAL,CLEAR,DUSK,FOUR WAY,DRY,NO INJURY / DRIVE AWAY,,UNABLE TO DETERMINE,37,W,OAK ST,,NO INDICATION OF INJURY,0,0,0,19,4,4,41.90046398,-87.62980706
04/22/2018 11:20:00 PM,30,NO CONTROLS,CLEAR,DARKNESS,NOT DIVIDED,DRY,INJURY AND / OR TOW DUE TO CRASH,Y,FOLLOWING TOO CLOSELY,700,W,CHICAGO AVE,,"REPORTED, NOT EVIDENT",0,0,0,23,1,4,41.89653431,-87.64616344
10/6/2017 17:08,30,NO CONTROLS,RAIN,DAYLIGHT,OTHER,WET,INJURY AND / OR TOW DUE TO CRASH,,UNABLE TO DETERMINE,435,N,HALSTED ST,,NONINCAPACITATING INJURY,0,0,1,17,6,10,41.8900733,-87.64746235
11/5/2018 16:50,30,TRAFFIC SIGNAL,RAIN,DAYLIGHT,OTHER,WET,INJURY AND / OR TOW DUE TO CRASH,,FAILING TO YIELD RIGHT-OF-WAY,800,W,ERIE ST,,NONINCAPACITATING INJURY,0,0,1,16,2,11,41.8934848,-87.64773384
12/21/2019 11:35:00 AM,30,TRAFFIC SIGNAL,CLEAR,DAYLIGHT,NOT DIVIDED,DRY,NO INJURY / DRIVE AWAY,,UNABLE TO DETERMINE,7194,W,CORTLAND ST,,NO INDICATION OF INJURY,0,0,0,11,7,12,41.91447191,-87.80585974
5/5/2021 16:30,30,STOP SIGN/FLASHER,CLEAR,DAYLIGHT,FOUR WAY,DRY,NO INJURY / DRIVE AWAY,,UNABLE TO DETERMINE,8500,S,SAGINAW AVE,,NO INDICATION OF INJURY,0,0,0,16,4,5,41.74081687,-87.5601338
07/16/2019 11:43:00 PM,30,TRAFFIC SIGNAL,CLEAR,"DARKNESS, LIGHTED ROAD",DIVIDED - W/MEDIAN (NOT RAISED),DRY,INJURY AND / OR TOW DUE TO CRASH,,"VISION OBSCURED (SIGNS, TREE LIMBS, BUILDINGS, ETC.)",1959,N,HALSTED ST,Y,NONINCAPACITATING INJURY,0,0,1,23,3,7,41.9176534,-87.64833967
4/5/2018 22:45,30,TRAFFIC SIGNAL,SLEET/HAIL,"DARKNESS, LIGHTED ROAD",NOT DIVIDED,WET,INJURY AND / OR TOW DUE TO CRASH,,FAILING TO REDUCE SPEED TO AVOID CRASH,7100,S,DR MARTIN LUTHER KING JR DR,,INCAPACITATING INJURY,0,1,0,22,5,4,41.76561882,-87.61540725
4/10/2022 17:30,30,NO CONTROLS,CLEAR,DAYLIGHT,NOT DIVIDED,DRY,INJURY AND / OR TOW DUE TO CRASH,,FAILING TO YIELD RIGHT-OF-WAY,4410,N,CENTRAL PARK AVE,,"REPORTED, NOT EVIDENT",0,0,0,17,1,4,41.96143956,-87.71820073
07/14/2020 02:34:00 PM,15,STOP SIGN/FLASHER,CLEAR,DAYLIGHT,NOT DIVIDED,DRY,INJURY AND / OR TOW DUE TO CRASH,,DISREGARDING STOP SIGN,5850,N,GLENWOOD AVE,,NONINCAPACITATING INJURY,0,0,1,14,3,7,41.98813867,-87.66523405
06/14/2023 05:35:00 PM,30,NO CONTROLS,CLEAR,DAYLIGHT,DIVIDED - W/MEDIAN (NOT RAISED),DRY,INJURY AND / OR TOW DUE TO CRASH,,UNABLE TO DETERMINE,335,N,RACINE AVE,,"REPORTED, NOT EVIDENT",0,0,0,17,4,6,41.88766089,-87.65670968
10/15/2021 01:30:00 PM,30,STOP SIGN/FLASHER,CLEAR,DAYLIGHT,ONE-WAY,DRY,NO INJURY / DRIVE AWAY,,UNABLE TO DETERMINE,1024,W,BELDEN AVE,Y,NO INDICATION OF INJURY,0,0,0,13,6,10,41.92364631,-87.65461855
6/6/2018 17:03,25,STOP SIGN/FLASHER,CLEAR,DAYLIGHT,NOT DIVIDED,DRY,INJURY AND / OR TOW DUE TO CRASH,,FAILING TO YIELD RIGHT-OF-WAY,2058,N,SHEFFIELD AVE,Y,NONINCAPACITATING INJURY,0,0,1,17,4,6,41.9198286,-87.65357153
12/21/2020 03:20:00 PM,30,NO CONTROLS,CLEAR,DAYLIGHT,DIVIDED - W/MEDIAN (NOT RAISED),DRY,NO INJURY / DRIVE AWAY,,FOLLOWING TOO CLOSELY,4822,S,KEDZIE AVE,,NO INDICATION OF INJURY,0,0,0,15,2,12,41.80560873,-87.70405309
8/3/2021 9:34,30,YIELD,CLEAR,DAYLIGHT,NOT DIVIDED,DRY,NO INJURY / DRIVE AWAY,,FAILING TO YIELD RIGHT-OF-WAY,3218,W,26TH ST,,NO INDICATION OF INJURY,0,0,0,9,3,8,41.84461506,-87.70592457
06/27/2022 12:30:00 PM,30,TRAFFIC SIGNAL,CLEAR,DAYLIGHT,"FIVE POINT, OR MORE",DRY,INJURY AND / OR TOW DUE TO CRASH,,FAILING TO YIELD RIGHT-OF-WAY,401,W,ARMITAGE AVE,,NONINCAPACITATING INJURY,0,0,1,12,2,6,41.91821173,-87.6388733