CRASH_DATE,POSTED_SPEED_LIMIT,TRAFFIC_CONTROL_DEVICE,WEATHER_CONDITION,LIGHTING_CONDITION,TRAFFICWAY_TYPE,ROADWAY_SURFACE_COND,CRASH_TYPE,HIT_AND_RUN_I,PRIM_CONTRIBUTORY_CAUSE,STREET_NO,STREET_DIRECTION,STREET_NAME,DOORING_I,MOST_SEVERE_INJURY,INJURIES_FATAL,INJURIES_INCAPACITATING,INJURIES_NON_INCAPACITATING,CRASH_HOUR,CRASH_DAY_OF_WEEK,CRASH_MONTH,LATITUDE,LONGITUDE
03/22/2023 12:40:00 PM,30,NO CONTROLS,CLEAR,DAYLIGHT,NOT DIVIDED,DRY,INJURY AND / OR TOW DUE TO CRASH,,FAILING TO YIELD RIGHT-OF-WAY,1415,W,FULLERTON AVE,,"REPORTED, NOT EVIDENT",0,0,0,12,4,3,41.92509839,-87.66399095
7/7/2020 14:54,30,TRAFFIC SIGNAL,CLEAR,DAYLIGHT,DIVIDED - W/MEDIAN BARRIER,DRY,INJURY AND / OR TOW DUE TO CRASH,,DISREGARDING TRAFFIC SIGNALS,1200,S,STATE ST,Y,"REPORTED, NOT EVIDENT",0,0,0,14,3,7,41.86733051,-87.62756602
05/23/2023 11:30:00 AM,30,NO CONTROLS,CLEAR,DAYLIGHT,NOT DIVIDED,DRY,NO INJURY / DRIVE AWAY,N,FAILING TO YIELD RIGHT-OF-WAY,27,W,JACKSON BLVD,,NO INDICATION OF INJURY,0,0,0,11,3,5,41.87806443,-87.62869595
07/18/2023 03:15:00 PM,30,NO CONTROLS,CLEAR,DAYLIGHT,FOUR WAY,DRY,INJURY AND / OR TOW DUE TO CRASH,Y,FAILING TO YIELD RIGHT-OF-WAY,400,W,CHICAGO AVE,,NONINCAPACITATING INJURY,0,0,1,15,3,7,41.89664123,-87.63868894
11/20/2018 11:00:00 AM,30,NO CONTROLS,CLEAR,DUSK,ONE-WAY,DRY,NO INJURY / DRIVE AWAY,Y,PHYSICAL CONDITION OF DRIVER,1710,N,MERRIMAC AVE,,NO INDICATION OF INJURY,0,0,0,11,3,11,41.91139184,-87.78182003
02/23/2020 02:47:00 PM,30,STOP SIGN/FLASHER,CLEAR,DAYLIGHT,NOT DIVIDED,DRY,NO INJURY / DRIVE AWAY,,UNABLE TO DETERMINE,9477,S,EWING AVE,,NO INDICATION OF INJURY,0,0,0,14,1,2,41.72323659,-87.53661343
08/13/2021 03:15:00 PM,30,NO CONTROLS,CLEAR,DAYLIGHT,DIVIDED - W/MEDIAN (NOT RAISED),DRY,INJURY AND / OR TOW DUE TO CRASH,Y,UNABLE TO DETERMINE,6401,N,KEDZIE AVE,,NONINCAPACITATING INJURY,0,0,1,15,6,8,41.99748145,-87.70919807
7/7/2019 19:00,30,TRAFFIC SIGNAL,CLEAR,DAYLIGHT,NOT DIVIDED,DRY,INJURY AND / OR TOW DUE TO CRASH,,"VISION OBSCURED (SIGNS, TREE LIMBS, BUILDINGS, ETC.)",1552,W,DIVISION ST,,INCAPACITATING INJURY,0,1,1,19,1,7,41.9034634,-87.66699208
10/2/2019 14:00,30,NO CONTROLS,RAIN,DAYLIGHT,NOT DIVIDED,WET,NO INJURY / DRIVE AWAY,,FAILING TO YIELD RIGHT-OF-WAY,4915,W,IRVING PARK RD,Y,NO INDICATION OF INJURY,0,0,0,14,4,10,41.95326662,-87.75048836
12/14/2018 04:36:00 PM,30,NO CONTROLS,CLEAR,DARKNESS,NOT DIVIDED,DRY,NO INJURY / DRIVE AWAY,Y,UNABLE TO DETERMINE,642,W,GRAND AVE,,NO INDICATION OF INJURY,0,0,0,16,6,12,41.89133436,-87.64451498
6/1/2019 23:15,30,UNKNOWN,CLEAR,"DARKNESS, LIGHTED ROAD",NOT DIVIDED,DRY,INJURY AND / OR TOW DUE TO CRASH,Y,UNABLE TO DETERMINE,3210,N,CICERO AVE,,"REPORTED, NOT EVIDENT",0,0,0,23,7,6,41.93916408,-87.7470229
09/28/2022 07:19:00 AM,20,STOP SIGN/FLASHER,CLEAR,DAYLIGHT,T-INTERSECTION,DRY,INJURY AND / OR TOW DUE TO CRASH,,NOT APPLICABLE,3426,W,WILSON AVE,Y,NONINCAPACITATING INJURY,0,0,1,7,4,9,41.96486018,-87.71441411
07/17/2018 12:00:00 PM,30,NO CONTROLS,CLEAR,DAYLIGHT,NOT DIVIDED,DRY,NO INJURY / DRIVE AWAY,,BICYCLE ADVANCING LEGALLY ON RED LIGHT,7158,W,GUNNISON ST,,NO INDICATION OF INJURY,0,0,0,12,3,7,41.96837993,-87.80710153
3/8/2017 18:00,30,NO CONTROLS,CLEAR,DAYLIGHT,DIVIDED - W/MEDIAN (NOT RAISED),DRY,NO INJURY / DRIVE AWAY,,DRIVING SKILLS/KNOWLEDGE/EXPERIENCE,170,N,HALSTED ST,,NO INDICATION OF INJURY,0,0,0,18,4,3,41.88518884,-87.64760656
7/8/2020 7:14,30,STOP SIGN/FLASHER,CLEAR,DAYLIGHT,NOT DIVIDED,DRY,INJURY AND / OR TOW DUE TO CRASH,,UNABLE TO DETERMINE,5200,N,ELSTON AVE,N,NONINCAPACITATING INJURY,0,0,1,7,4,7,41.9752581,-87.75199056
09/15/2018 09:41:00 PM,30,NO CONTROLS,CLEAR,"DARKNESS, LIGHTED ROAD",DIVIDED - W/MEDIAN (NOT RAISED),DRY,NO INJURY / DRIVE AWAY,,ANIMAL,4121,N,CENTRAL AVE,,NO INDICATION OF INJURY,0,0,0,21,7,9,41.95566911,-87.76693624
03/14/2020 03:51:00 PM,30,NO CONTROLS,SNOW,DAYLIGHT,ONE-WAY,WET,NO INJURY / DRIVE AWAY,,DRIVING SKILLS/KNOWLEDGE/EXPERIENCE,504,N,WELLS ST,Y,NO INDICATION OF INJURY,0,0,0,15,7,3,41.89095521,-87.63420044
07/15/2021 01:45:00 PM,35,NO CONTROLS,CLOUDY/OVERCAST,DAYLIGHT,FOUR WAY,DRY,NO INJURY / DRIVE AWAY,Y,UNABLE TO DETERMINE,3128,W,IRVING PARK RD,,NO INDICATION OF INJURY,0,0,0,13,5,7,41.95403846,-87.70673481
06/22/2022 09:53:00 PM,30,NO CONTROLS,CLEAR,"DARKNESS, LIGHTED ROAD",NOT DIVIDED,DRY,INJURY AND / OR TOW DUE TO CRASH,,UNABLE TO DETERMINE,2600,N,KOSTNER AVE,,NONINCAPACITATING INJURY,0,0,1,21,4,6,41.92867188,-87.73688307
09/28/2019 02:20:00 PM,30,NO CONTROLS,CLEAR,DAYLIGHT,NOT DIVIDED,DRY,INJURY AND / OR TOW DUE TO CRASH,,NOT APPLICABLE,2000,W,MARQUETTE RD,,NONINCAPACITATING INJURY,0,0,1,14,7,9,41.77218557,-87.67377607
02/27/2018 04:50:00 PM,35,NO CONTROLS,CLEAR,DAYLIGHT,DIVIDED - W/MEDIAN (NOT RAISED),DRY,INJURY AND / OR TOW DUE TO CRASH,,FAILING TO YIELD RIGHT-OF-WAY,6399,W,SCHUBERT AVE,,INCAPACITATING INJURY,0,1,0,16,3,2,41.92905952,-87.78557965
2/10/2023 15:50,30,NO CONTROLS,CLEAR,DAYLIGHT,NOT DIVIDED,DRY,INJURY AND / OR TOW DUE TO CRASH,,FAILING TO YIELD RIGHT-OF-WAY,1138,W,ARMITAGE AVE,Y,NONINCAPACITATING INJURY,0,0,1,15,6,2,41.91816331,-87.65695401
8/2/2019 13:30,30,UNKNOWN,CLEAR,DAYLIGHT,UNKNOWN INTERSECTION TYPE,DRY,INJURY AND / OR TOW DUE TO CRASH,Y,UNABLE TO DETERMINE,15,W,95TH ST,,"REPORTED, NOT EVIDENT",0,0,0,13,6,8,41.72151497,-87.62461017
07/24/2023 05:20:00 PM,30,NO CONTROLS,CLEAR,DAYLIGHT,NOT DIVIDED,DRY,INJURY AND / OR TOW DUE TO CRASH,Y,UNABLE TO DETERMINE,2430,S,HOYNE AVE,,INCAPACITATING INJURY,0,1,0,17,2,7,41.84765238,-87.67832055
06/25/2020 07:00:00 PM,35,NO CONTROLS,CLEAR,DAWN,FOUR WAY,DRY,NO INJURY / DRIVE AWAY,,FOLLOWING TOO CLOSELY,5157,N,CICERO AVE,,NO INDICATION OF INJURY,0,0,0,19,5,6,41.97520292,-87.74783863
9/12/2021 10:38,25,NO CONTROLS,CLEAR,DAYLIGHT,ONE-WAY,DRY,INJURY AND / OR TOW DUE TO CRASH,Y,UNABLE TO DETERMINE,727,S,INDEPENDENCE BLVD,,FATAL,1,0,0,10,1,9,41.87176575,-87.71956136
06/19/2020 04:30:00 PM,30,NO CONTROLS,CLEAR,DAYLIGHT,NOT DIVIDED,DRY,NO INJURY / DRIVE AWAY,,UNABLE TO DETERMINE,2000,N,LAWNDALE AVE,,NO INDICATION OF INJURY,0,0,0,16,6,6,41.91729761,-87.71936676
10/11/2021 13:30,30,NO CONTROLS,RAIN,DAYLIGHT,OTHER,WET,NO INJURY / DRIVE AWAY,,UNABLE TO DETERMINE,2300,W,DIVERSEY AVE,,NO INDICATION OF INJURY,0,0,0,13,2,10,41.93230681,-87.68558701
07/21/2020 02:20:00 PM,30,TRAFFIC SIGNAL,CLEAR,DAYLIGHT,NOT DIVIDED,DRY,NO INJURY / DRIVE AWAY,,DISREGARDING TRAFFIC SIGNALS,199,W,OHIO ST,,NO INDICATION OF INJURY,0,0,0,14,3,7,41.89227973,-87.634012
9/5/2018 8:25,30,TRAFFIC SIGNAL,CLEAR,DAYLIGHT,DIVIDED - W/MEDIAN (NOT RAISED),DRY,INJURY AND / OR TOW DUE TO CRASH,Y,UNABLE TO DETERMINE,498,W,63RD ST,,"REPORTED, NOT EVIDENT",0,0,0,8,4,9,41.77997915,-87.63744655
07/17/2019 06:40:00 PM,30,NO CONTROLS,RAIN,DUSK,DIVIDED - W/MEDIAN (NOT RAISED),WET,INJURY AND / OR TOW DUE TO CRASH,,UNABLE TO DETERMINE,808,W,ARMITAGE AVE,Y,NONINCAPACITATING INJURY,0,0,1,18,4,7,41.91828484,-87.64888606
07/26/2018 07:21:00 PM,25,TRAFFIC SIGNAL,CLEAR,DAYLIGHT,ONE-WAY,DRY,INJURY AND / OR TOW DUE TO CRASH,,UNABLE TO DETERMINE,2400,N,LAKE SHORE DR NB,,NONINCAPACITATING INJURY,0,0,1,19,5,7,41.92616072,-87.63151467
5/1/2021 17:26,30,NO CONTROLS,CLEAR,DAYLIGHT,NOT DIVIDED,DRY,INJURY AND / OR TOW DUE TO CRASH,Y,UNABLE TO DETERMINE,510,N,RUSH ST,,NONINCAPACITATING INJURY,0,0,1,17,7,5,41.89130988,-87.62551124
06/24/2018 12:13:00 AM,35,TRAFFIC SIGNAL,CLEAR,DARKNESS,DIVIDED - W/MEDIAN (NOT RAISED),DRY,INJURY AND / OR TOW DUE TO CRASH,,DISREGARDING TRAFFIC SIGNALS,6600,N,SHERIDAN RD,,NONINCAPACITATING INJURY,0,0,1,0,1,6,42.00259638,-87.66093221
07/18/2021 11:25:00 AM,30,NO CONTROLS,CLEAR,DAYLIGHT,NOT DIVIDED,DRY,NO INJURY / DRIVE AWAY,,UNABLE TO DETERMINE,1199,W,GRANVILLE AVE,,NO INDICATION OF INJURY,0,0,0,11,1,7,41.99444336,-87.6603417
06/19/2020 01:20:00 PM,30,NO CONTROLS,CLEAR,DAYLIGHT,ONE-WAY,DRY,INJURY AND / OR TOW DUE TO CRASH,,DISTRACTION - FROM INSIDE VEHICLE,3318,S,LITUANICA AVE,Y,NONINCAPACITATING INJURY,0,0,1,13,6,6,41.83417152,-87.64875749
10/9/2017 13:20,30,NO CONTROLS,CLEAR,DAYLIGHT,NOT DIVIDED,DRY,NO INJURY / DRIVE AWAY,Y,FAILING TO YIELD RIGHT-OF-WAY,6901,W,FOREST PRESERVE AVE,,NO INDICATION OF INJURY,0,0,0,13,2,10,41.95774567,-87.79888952
03/31/2018 08:35:00 PM,30,TRAFFIC SIGNAL,CLEAR,"DARKNESS, LIGHTED ROAD",NOT DIVIDED,DRY,NO INJURY / DRIVE AWAY,,UNABLE TO DETERMINE,1155,N,DEARBORN ST,,NO INDICATION OF INJURY,0,0,0,20,7,3,41.90344695,-87.6298249
9/6/2017 15:00,0,STOP SIGN/FLASHER,CLEAR,DAYLIGHT,DIVIDED - W/MEDIAN (NOT RAISED),DRY,NO INJURY / DRIVE AWAY,Y,FAILING TO YIELD RIGHT-OF-WAY,2898,N,PULASKI RD,,NO INDICATION OF INJURY,0,0,0,15,4,9,41.93357969,-87.72717508
7/12/2022 21:06,30,TRAFFIC SIGNAL,CLEAR,DARKNESS,ONE-WAY,DRY,INJURY AND / OR TOW DUE TO CRASH,Y,FAILING TO YIELD RIGHT-OF-WAY,520,N,DEARBORN ST,,NONINCAPACITATING INJURY,0,0,1,21,3,7,41.89160129,-87.62979671
9/9/2019 8:15,30,NO CONTROLS,UNKNOWN,DAYLIGHT,ONE-WAY,WET,INJURY AND / OR TOW DUE TO CRASH,Y,UNABLE TO DETERMINE,2037,N,LONG AVE,Y,NONINCAPACITATING INJURY,0,0,1,8,2,9,41.9177938,-87.76072316
05/30/2022 06:20:00 PM,20,NO CONTROLS,CLEAR,DAYLIGHT,FOUR WAY,DRY,INJURY AND / OR TOW DUE TO CRASH,Y,FAILING TO YIELD RIGHT-OF-WAY,2402,N,TRIPP AVE,,INCAPACITATING INJURY,0,1,0,18,2,5,41.92455732,-87.73304162
10/20/2021 06:05:00 PM,30,TRAFFIC SIGNAL,UNKNOWN,DUSK,ONE-WAY,UNKNOWN,INJURY AND / OR TOW DUE TO CRASH,Y,IMPROPER OVERTAKING/PASSING,43,E,OHIO ST,,NONINCAPACITATING INJURY,0,0,1,18,4,10,41.89239475,-87.62641534
6/2/2017 15:45,30,UNKNOWN,CLEAR,DAYLIGHT,NOT DIVIDED,UNKNOWN,INJURY AND / OR TOW DUE TO CRASH,,FAILING TO YIELD RIGHT-OF-WAY,1640,W,BELMONT AVE,Y,NONINCAPACITATING INJURY,0,0,1,15,6,6,41.93978397,-87.67029582
08/30/2016 01:55:00 PM,30,NO CONTROLS,CLEAR,DAYLIGHT,NOT DIVIDED,DRY,INJURY AND / OR TOW DUE TO CRASH,,NOT APPLICABLE,4037,N,LINCOLN AVE,Y,"REPORTED, NOT EVIDENT",0,0,0,13,3,8,41.95534057,-87.6794195
09/14/2018 07:55:00 AM,40,NO CONTROLS,CLEAR,DAYLIGHT,ONE-WAY,DRY,INJURY AND / OR TOW DUE TO CRASH,,FAILING TO YIELD RIGHT-OF-WAY,2701,W,LAWRENCE AVE,,"REPORTED, NOT EVIDENT",0,0,0,7,6,9,41.96844205,-87.69630358
9/4/2021 16:46,30,NO CONTROLS,CLOUDY/OVERCAST,DAYLIGHT,NOT DIVIDED,DRY,INJURY AND / OR TOW DUE TO CRASH,,IMPROPER LANE USAGE,4560,W,ARMITAGE AVE,,INCAPACITATING INJURY,0,1,0,16,7,9,41.91709881,-87.74105981
5/12/2022 6:50,30,STOP SIGN/FLASHER,CLEAR,DAYLIGHT,NOT DIVIDED,DRY,INJURY AND / OR TOW DUE TO CRASH,Y,FAILING TO YIELD RIGHT-OF-WAY,2200,N,SOUTHPORT AVE,,NONINCAPACITATING INJURY,0,0,1,6,5,5,41.92170732,-87.66334756
1/2/2020 22:26,30,NO CONTROLS,CLEAR,"DARKNESS, LIGHTED ROAD",DIVIDED - W/MEDIAN BARRIER,WET,INJURY AND / OR TOW DUE TO CRASH,,FAILING TO REDUCE SPEED TO AVOID CRASH,2099,W,IRVING PARK RD,,INCAPACITATING INJURY,0,1,0,22,5,1,41.95401197,-87.68111928
05/17/2023 02:40:00 PM,30,STOP SIGN/FLASHER,CLEAR,DAYLIGHT,FOUR WAY,DRY,INJURY AND / OR TOW DUE TO CRASH,,"VISION OBSCURED (SIGNS, TREE LIMBS, BUILDINGS, ETC.)",3630,N,CICERO AVE,,NONINCAPACITATING INJURY,0,0,1,14,4,5,41.94707557,-87.74726232
11/5/2021 12:35,30,NO CONTROLS,CLEAR,DAYLIGHT,NOT DIVIDED,DRY,NO INJURY / DRIVE AWAY,,FAILING TO YIELD RIGHT-OF-WAY,7433,N,CLARK ST,,NO INDICATION OF INJURY,0,0,0,12,6,11,42.01687218,-87.67520868
04/30/2021 02:20:00 PM,30,UNKNOWN,CLEAR,DAYLIGHT,NOT DIVIDED,UNKNOWN,INJURY AND / OR TOW DUE TO CRASH,,UNABLE TO DETERMINE,601,W,DIVERSEY PKWY,Y,NONINCAPACITATING INJURY,0,0,1,14,6,4,41.93271525,-87.64367133
9/10/2020 15:30,30,TRAFFIC SIGNAL,CLEAR,DAYLIGHT,FOUR WAY,DRY,NO INJURY / DRIVE AWAY,,FAILING TO YIELD RIGHT-OF-WAY,610,W,IRVING PARK RD,,NO INDICATION OF INJURY,0,0,0,15,5,9,41.95474034,-87.64564204
3/10/2021 15:46,30,STOP SIGN/FLASHER,CLEAR,DAYLIGHT,NOT DIVIDED,DRY,INJURY AND / OR TOW DUE TO CRASH,,FAILING TO REDUCE SPEED TO AVOID CRASH,4002,S,WESTERN AVE,,NONINCAPACITATING INJURY,0,0,1,15,4,3,41.82095424,-87.68490909
8/3/2021 20:25,35,TRAFFIC SIGNAL,CLEAR,DARKNESS,NOT DIVIDED,DRY,INJURY AND / OR TOW DUE TO CRASH,,FAILING TO YIELD RIGHT-OF-WAY,7545,N,CLARK ST,,NONINCAPACITATING INJURY,0,0,1,20,3,8,42.01899422,-87.67599607
09/30/2022 10:00:00 PM,25,STOP SIGN/FLASHER,CLEAR,"DARKNESS, LIGHTED ROAD",FOUR WAY,DRY,INJURY AND / OR TOW DUE TO CRASH,,UNABLE TO DETERMINE,6099,N,IONIA AVE,,NONINCAPACITATING INJURY,0,0,1,22,6,9,41.99186159,-87.74086452
10/19/2021 08:40:00 AM,30,NO CONTROLS,CLEAR,DAYLIGHT,NOT DIVIDED,DRY,INJURY AND / OR TOW DUE TO CRASH,,UNABLE TO DETERMINE,826,N,WELLS ST,,NONINCAPACITATING INJURY,0,0,1,8,3,10,41.89737498,-87.63437886
01/13/2023 05:38:00 PM,25,NO CONTROLS,CLEAR,"DARKNESS, LIGHTED ROAD",NOT DIVIDED,DRY,INJURY AND / OR TOW DUE TO CRASH,,FAILING TO YIELD RIGHT-OF-WAY,7340,N,CLARK ST,Y,NONINCAPACITATING INJURY,0,0,1,17,6,1,42.01497569,-87.6751762
08/21/2020 06:40:00 PM,25,NO CONTROLS,CLEAR,DAYLIGHT,NOT DIVIDED,DRY,INJURY AND / OR TOW DUE TO CRASH,,UNABLE TO DETERMINE,3900,E,110TH ST,,INCAPACITATING INJURY,0,1,0,18,6,8,41.69555254,-87.52945136
9/12/2021 22:00,30,NO CONTROLS,CLEAR,"DARKNESS, LIGHTED ROAD",NOT DIVIDED,DRY,INJURY AND / OR TOW DUE TO CRASH,Y,FAILING TO YIELD RIGHT-OF-WAY,2600,W,26TH ST,,NONINCAPACITATING INJURY,0,0,1,22,1,9,41.84486489,-87.69041379
8/11/2022 16:28,35,TRAFFIC SIGNAL,CLEAR,DAYLIGHT,NOT DIVIDED,DRY,INJURY AND / OR TOW DUE TO CRASH,,IMPROPER LANE USAGE,810,W,NORTH AVE,,"REPORTED, NOT EVIDENT",0,0,0,16,5,8,41.91102258,-87.64876152
10/1/2021 2:42,30,NO CONTROLS,CLEAR,"DARKNESS, LIGHTED ROAD",NOT DIVIDED,DRY,NO INJURY / DRIVE AWAY,,FAILING TO REDUCE SPEED TO AVOID CRASH,11044,S,BISHOP ST,,NO INDICATION OF INJURY,0,0,0,2,6,10,41.69261094,-87.6587571
08/19/2017 03:00:00 PM,30,STOP SIGN/FLASHER,CLEAR,DAYLIGHT,OTHER,DRY,INJURY AND / OR TOW DUE TO CRASH,Y,FAILING TO REDUCE SPEED TO AVOID CRASH,3000,S,HAMLIN AVE,,NONINCAPACITATING INJURY,0,0,1,15,7,8,41.83871126,-87.71966342
10/26/2017 04:25:00 PM,30,STOP SIGN/FLASHER,CLEAR,DAYLIGHT,NOT DIVIDED,DRY,INJURY AND / OR TOW DUE TO CRASH,,UNABLE TO DETERMINE,1600,S,LOOMIS ST,,NONINCAPACITATING INJURY,0,0,2,16,5,10,41.85963957,-87.66151911
10/27/2021 09:07:00 AM,30,NO CONTROLS,CLEAR,DAYLIGHT,NOT DIVIDED,DRY,NO INJURY / DRIVE AWAY,Y,UNABLE TO DETERMINE,3524,W,CHICAGO AVE,,NO INDICATION OF INJURY,0,0,0,9,4,10,41.895585,-87.71481445
04/20/2023 04:45:00 PM,30,UNKNOWN,UNKNOWN,UNKNOWN,NOT DIVIDED,UNKNOWN,INJURY AND / OR TOW DUE TO CRASH,Y,UNABLE TO DETERMINE,2100,W,IRVING PARK RD,,NONINCAPACITATING INJURY,0,0,1,16,5,4,41.95422964,-87.68124681
4/12/2016 17:15,30,TRAFFIC SIGNAL,CLEAR,DAYLIGHT,ONE-WAY,UNKNOWN,INJURY AND / OR TOW DUE TO CRASH,Y,UNABLE TO DETERMINE,7100,S,STATE ST,,INCAPACITATING INJURY,0,1,0,17,3,4,41.76539361,-87.62505048
08/27/2022 11:30:00 AM,30,TRAFFIC SIGNAL,CLEAR,DAYLIGHT,FOUR WAY,DRY,INJURY AND / OR TOW DUE TO CRASH,Y,UNABLE TO DETERMINE,5800,W,GRAND AVE,,NONINCAPACITATING INJURY,0,0,1,11,7,8,41.9197749,-87.77072653
09/29/2023 05:45:00 PM,30,UNKNOWN,UNKNOWN,UNKNOWN,NOT DIVIDED,UNKNOWN,INJURY AND / OR TOW DUE TO CRASH,,UNABLE TO DETERMINE,276,N,CANAL ST,,"REPORTED, NOT EVIDENT",0,0,0,17,6,9,41.88675103,-87.64002958
09/22/2019 02:40:00 PM,30,TRAFFIC SIGNAL,RAIN,DAYLIGHT,NOT DIVIDED,WET,INJURY AND / OR TOW DUE TO CRASH,Y,UNABLE TO DETERMINE,401,S,CALIFORNIA AVE,,NONINCAPACITATING INJURY,0,0,1,14,1,9,41.87596703,-87.6960058
06/21/2022 09:20:00 AM,15,NO CONTROLS,CLEAR,DAYLIGHT,ONE-WAY,DRY,INJURY AND / OR TOW DUE TO CRASH,N,UNABLE TO DETERMINE,3916,W,BELDEN AVE,,"REPORTED, NOT EVIDENT",0,0,0,9,3,6,41.9227861,-87.72496459
06/27/2019 02:45:00 PM,35,NO CONTROLS,CLEAR,DAYLIGHT,FOUR WAY,DRY,INJURY AND / OR TOW DUE TO CRASH,Y,FAILING TO YIELD RIGHT-OF-WAY,10400,S,KEDZIE AVE,N,NONINCAPACITATING INJURY,0,0,1,14,5,6,41.7042594,-87.70142524
09/28/2017 08:30:00 AM,30,NO CONTROLS,CLEAR,DAYLIGHT,NOT DIVIDED,DRY,INJURY AND / OR TOW DUE TO CRASH,,UNABLE TO DETERMINE,2500,N,RACINE AVE,Y,NONINCAPACITATING INJURY,0,0,1,8,5,9,41.92713816,-87.65866377
10/22/2018 04:36:00 PM,30,STOP SIGN/FLASHER,CLEAR,DAYLIGHT,ONE-WAY,DRY,INJURY AND / OR TOW DUE TO CRASH,Y,UNABLE TO DETERMINE,4800,W,POTOMAC AVE,,"REPORTED, NOT EVIDENT",0,0,0,16,2,10,41.90428039,-87.74612928
07/19/2018 06:00:00 PM,30,NO CONTROLS,CLEAR,DAYLIGHT,NOT DIVIDED,DRY,NO INJURY / DRIVE AWAY,,IMPROPER LANE USAGE,60,W,KINZIE ST,Y,NO INDICATION OF INJURY,0,0,0,18,5,7,41.88933322,-87.63028247
05/19/2017 11:05:00 AM,30,TRAFFIC SIGNAL,RAIN,DAYLIGHT,DIVIDED - W/MEDIAN (NOT RAISED),WET,INJURY AND / OR TOW DUE TO CRASH,Y,UNABLE TO DETERMINE,6700,S,ASHLAND AVE,,NONINCAPACITATING INJURY,0,0,1,11,6,5,41.77209823,-87.66416462
9/10/2021 12:52,25,STOP SIGN/FLASHER,CLEAR,DAYLIGHT,FOUR WAY,UNKNOWN,INJURY AND / OR TOW DUE TO CRASH,,UNABLE TO DETERMINE,2800,W,ROSEMONT AVE,,NONINCAPACITATING INJURY,0,0,1,12,6,9,41.99587848,-87.69964035
7/2/2023 0:55,30,TRAFFIC SIGNAL,RAIN,"DARKNESS, LIGHTED ROAD",FOUR WAY,WET,INJURY AND / OR TOW DUE TO CRASH,,FAILING TO YIELD RIGHT-OF-WAY,1002,W,31ST ST,,INCAPACITATING INJURY,0,1,0,0,1,7,41.83808684,-87.65143114
6/6/2023 0:50,30,TRAFFIC SIGNAL,CLEAR,"DARKNESS, LIGHTED ROAD",FOUR WAY,DRY,NO INJURY / DRIVE AWAY,,IMPROPER LANE USAGE,2157,N,DAMEN AVE,,NO INDICATION OF INJURY,0,0,0,0,3,6,41.92130256,-87.67760256
07/23/2019 11:00:00 AM,30,NO CONTROLS,CLEAR,DAYLIGHT,DIVIDED - W/MEDIAN BARRIER,DRY,INJURY AND / OR TOW DUE TO CRASH,,IMPROPER LANE USAGE,1833,S,STATE ST,,NONINCAPACITATING INJURY,0,0,1,11,3,7,41.85688467,-87.62702859
10/25/2019 07:00:00 PM,30,NO CONTROLS,CLEAR,"DARKNESS, LIGHTED ROAD",NOT DIVIDED,DRY,INJURY AND / OR TOW DUE TO CRASH,,UNABLE TO DETERMINE,1803,N,HUMBOLDT BLVD,,NONINCAPACITATING INJURY,0,0,1,19,6,10,41.9139861,-87.70183567
07/24/2018 03:30:00 PM,30,NO CONTROLS,CLEAR,DAYLIGHT,DIVIDED - W/MEDIAN (NOT RAISED),DRY,INJURY AND / OR TOW DUE TO CRASH,,NOT APPLICABLE,3222,W,FOSTER AVE,Y,"REPORTED, NOT EVIDENT",0,0,0,15,3,7,41.97584741,-87.70960356
12/2/2018 16:53,30,NO CONTROLS,RAIN,"DARKNESS, LIGHTED ROAD",NOT DIVIDED,WET,INJURY AND / OR TOW DUE TO CRASH,,FAILING TO YIELD RIGHT-OF-WAY,2799,S,HALSTED ST,,"REPORTED, NOT EVIDENT",0,0,0,16,1,12,41.8435489,-87.64626557
10/2/2023 17:10,30,UNKNOWN,CLEAR,DAWN,FOUR WAY,DRY,INJURY AND / OR TOW DUE TO CRASH,,UNABLE TO DETERMINE,4598,N,BROADWAY,N,NONINCAPACITATING INJURY,0,0,1,17,2,10,41.96527014,-87.65755429
10/9/2019 14:58,30,STOP SIGN/FLASHER,CLEAR,DAYLIGHT,RAMP,DRY,INJURY AND / OR TOW DUE TO CRASH,,FAILING TO YIELD RIGHT-OF-WAY,730,W,JACKSON BLVD,,NONINCAPACITATING INJURY,0,0,1,14,4,10,41.87807978,-87.6453871
06/17/2022 07:35:00 PM,30,STOP SIGN/FLASHER,CLEAR,DAYLIGHT,FOUR WAY,DRY,INJURY AND / OR TOW DUE TO CRASH,,FAILING TO YIELD RIGHT-OF-WAY,3428,W,LAWRENCE AVE,,NONINCAPACITATING INJURY,0,0,1,19,6,6,41.96849906,-87.71452863
10/6/2023 14:30,30,STOP SIGN/FLASHER,CLEAR,DAYLIGHT,T-INTERSECTION,DRY,INJURY AND / OR TOW DUE TO CRASH,Y,UNABLE TO DETERMINE,2800,W,BYRON ST,,"REPORTED, NOT EVIDENT",0,0,0,14,6,10,41.95226254,-87.69825052
06/16/2016 09:50:00 PM,30,NO CONTROLS,CLEAR,"DARKNESS, LIGHTED ROAD",NOT DIVIDED,DRY,NO INJURY / DRIVE AWAY,Y,IMPROPER LANE USAGE,5830,S,KARLOV AVE,N,NO INDICATION OF INJURY,0,0,0,21,5,6,41.78686566,-87.72558077