CRASH_DATE,POSTED_SPEED_LIMIT,TRAFFIC_CONTROL_DEVICE,WEATHER_CONDITION,LIGHTING_CONDITION,TRAFFICWAY_TYPE,ROADWAY_SURFACE_COND,CRASH_TYPE,HIT_AND_RUN_I,PRIM_CONTRIBUTORY_CAUSE,STREET_NO,STREET_DIRECTION,STREET_NAME,DOORING_I,MOST_SEVERE_INJURY,INJURIES_FATAL,INJURIES_INCAPACITATING,INJURIES_NON_INCAPACITATING,CRASH_HOUR,CRASH_DAY_OF_WEEK,CRASH_MONTH,LATITUDE,LONGITUDE
08/18/2017 07:10:00 PM,30,TRAFFIC SIGNAL,CLEAR,DUSK,DIVIDED - W/MEDIAN BARRIER,DRY,INJURY AND / OR TOW DUE TO CRASH,,UNABLE TO DETERMINE,1900,N,ASHLAND AVE,,INCAPACITATING INJURY,0,1,0,19,6,8,41.91614728,-87.66794735
10/18/2021 07:50:00 AM,30,TRAFFIC SIGNAL,CLEAR,DAYLIGHT,NOT DIVIDED,DRY,NO INJURY / DRIVE AWAY,,UNABLE TO DETERMINE,4802,N,CALIFORNIA AVE,,NO INDICATION OF INJURY,0,0,0,7,2,10,41.96863879,-87.69883973
9/11/2020 18:55,30,TRAFFIC SIGNAL,CLOUDY/OVERCAST,DAYLIGHT,CENTER TURN LANE,DRY,INJURY AND / OR TOW DUE TO CRASH,,DISREGARDING ROAD MARKINGS,4810,W,IRVING PARK RD,,NONINCAPACITATING INJURY,0,0,1,18,6,9,41.9535154,-87.74778232
08/20/2016 08:22:00 PM,30,TRAFFIC SIGNAL,CLEAR,DUSK,DIVIDED - W/MEDIAN (NOT RAISED),DRY,INJURY AND / OR TOW DUE TO CRASH,,UNABLE TO DETERMINE,10259,S,COTTAGE GROVE AVE,,NONINCAPACITATING INJURY,0,0,1,20,7,8,41.70750582,-87.60635306
09/22/2017 03:00:00 PM,30,TRAFFIC SIGNAL,CLEAR,DAYLIGHT,DIVIDED - W/MEDIAN (NOT RAISED),DRY,INJURY AND / OR TOW DUE TO CRASH,Y,DISREGARDING TRAFFIC SIGNALS,2599,S,WESTERN AVE,,NONINCAPACITATING INJURY,0,0,1,15,6,9,41.84492946,-87.68530433
03/19/2019 12:40:00 PM,25,NO CONTROLS,CLEAR,DAYLIGHT,OTHER,DRY,INJURY AND / OR TOW DUE TO CRASH,,"VISION OBSCURED (SIGNS, TREE LIMBS, BUILDINGS, ETC.)",10300,S,EBERHART AVE,,"REPORTED, NOT EVIDENT",0,0,0,12,3,3,41.70725776,-87.6114734
04/20/2021 05:00:00 PM,15,NO CONTROLS,UNKNOWN,DAYLIGHT,ONE-WAY,UNKNOWN,INJURY AND / OR TOW DUE TO CRASH,,UNABLE TO DETERMINE,850,W,EASTWOOD AVE,Y,NONINCAPACITATING INJURY,0,0,1,17,3,4,41.96652845,-87.65171856
08/24/2023 04:05:00 PM,30,UNKNOWN,CLEAR,DAYLIGHT,DIVIDED - W/MEDIAN (NOT RAISED),DRY,INJURY AND / OR TOW DUE TO CRASH,Y,UNABLE TO DETERMINE,5901,N,GLENWOOD AVE,,"REPORTED, NOT EVIDENT",0,0,0,16,5,8,41.98905659,-87.66496807
12/10/2019 6:50,30,TRAFFIC SIGNAL,CLOUDY/OVERCAST,DAYLIGHT,NOT DIVIDED,DRY,INJURY AND / OR TOW DUE TO CRASH,Y,DRIVING SKILLS/KNOWLEDGE/EXPERIENCE,2737,W,DIVERSEY AVE,,"REPORTED, NOT EVIDENT",0,0,0,6,3,12,41.93198652,-87.69680448
10/19/2016 07:50:00 AM,30,NO CONTROLS,CLEAR,DAYLIGHT,DIVIDED - W/MEDIAN (NOT RAISED),DRY,NO INJURY / DRIVE AWAY,Y,IMPROPER BACKING,1233,W,DIVERSEY PKWY,,NO INDICATION OF INJURY,0,0,0,7,4,10,41.93242589,-87.65997516
11/7/2020 12:30,30,UNKNOWN,UNKNOWN,UNKNOWN,NOT DIVIDED,UNKNOWN,INJURY AND / OR TOW DUE TO CRASH,,UNABLE TO DETERMINE,2401,N,STOCKTON DR,,NONINCAPACITATING INJURY,0,0,1,12,7,11,41.92592379,-87.63603252
06/30/2023 06:00:00 PM,20,NO CONTROLS,CLEAR,DAYLIGHT,NOT DIVIDED,DRY,NO INJURY / DRIVE AWAY,,FAILING TO YIELD RIGHT-OF-WAY,1422,N,HONORE ST,,NO INDICATION OF INJURY,0,0,0,18,6,6,41.90881,-87.67564272
09/25/2020 12:01:00 PM,30,TRAFFIC SIGNAL,CLEAR,DAYLIGHT,NOT DIVIDED,DRY,INJURY AND / OR TOW DUE TO CRASH,,UNABLE TO DETERMINE,232,W,OHIO ST,,NONINCAPACITATING INJURY,0,0,1,12,6,9,41.89247902,-87.63552273
08/30/2020 10:40:00 PM,30,NO CONTROLS,CLEAR,"DARKNESS, LIGHTED ROAD",NOT DIVIDED,DRY,INJURY AND / OR TOW DUE TO CRASH,,DISTRACTION - FROM INSIDE VEHICLE,812,W,MONTROSE AVE,Y,NONINCAPACITATING INJURY,0,0,1,22,1,8,41.96194557,-87.65043795
4/8/2019 19:20,30,NO CONTROLS,CLEAR,DAYLIGHT,DIVIDED - W/MEDIAN (NOT RAISED),DRY,INJURY AND / OR TOW DUE TO CRASH,,NOT APPLICABLE,2622,N,MILWAUKEE AVE,,NONINCAPACITATING INJURY,0,0,1,19,2,4,41.92936759,-87.7080965
04/16/2022 10:10:00 PM,30,STOP SIGN/FLASHER,CLEAR,"DARKNESS, LIGHTED ROAD",NOT DIVIDED,DRY,INJURY AND / OR TOW DUE TO CRASH,Y,IMPROPER LANE USAGE,900,W,MADISON ST,,INCAPACITATING INJURY,0,1,0,22,7,4,41.88184639,-87.64976002
09/14/2016 04:50:00 PM,30,TRAFFIC SIGNAL,CLEAR,DUSK,DIVIDED - W/MEDIAN (NOT RAISED),UNKNOWN,NO INJURY / DRIVE AWAY,,UNABLE TO DETERMINE,4300,S,PULASKI RD,Y,NO INDICATION OF INJURY,0,0,0,16,4,9,41.81510102,-87.72400523
09/30/2019 07:00:00 AM,30,TRAFFIC SIGNAL,FOG/SMOKE/HAZE,DAYLIGHT,NOT DIVIDED,DRY,INJURY AND / OR TOW DUE TO CRASH,,"VISION OBSCURED (SIGNS, TREE LIMBS, BUILDINGS, ETC.)",7300,N,SHERIDAN RD,,NONINCAPACITATING INJURY,0,0,1,7,2,9,42.01395778,-87.66424324
6/5/2021 17:45,30,UNKNOWN,UNKNOWN,UNKNOWN,OTHER,UNKNOWN,NO INJURY / DRIVE AWAY,,UNABLE TO DETERMINE,934,W,WILSON AVE,,NO INDICATION OF INJURY,0,0,0,17,7,6,41.96555423,-87.65378164
08/23/2018 05:20:00 PM,30,STOP SIGN/FLASHER,CLEAR,DAYLIGHT,NOT DIVIDED,DRY,NO INJURY / DRIVE AWAY,,FAILING TO YIELD RIGHT-OF-WAY,4211,N,CALIFORNIA AVE,,NO INDICATION OF INJURY,0,0,0,17,5,8,41.95797396,-87.69821625
7/6/2017 8:45,30,STOP SIGN/FLASHER,CLEAR,DAYLIGHT,ONE-WAY,DRY,INJURY AND / OR TOW DUE TO CRASH,,FAILING TO YIELD RIGHT-OF-WAY,5525,S,PULASKI RD,,NONINCAPACITATING INJURY,0,0,1,8,5,7,41.79233004,-87.72298623
08/29/2022 07:45:00 AM,30,NO CONTROLS,UNKNOWN,UNKNOWN,NOT DIVIDED,UNKNOWN,INJURY AND / OR TOW DUE TO CRASH,,IMPROPER TURNING/NO SIGNAL,3737,N,WESTERN AVE,,"REPORTED, NOT EVIDENT",0,0,0,7,2,8,41.94966455,-87.68819214
9/6/2023 11:20,30,UNKNOWN,CLEAR,DAYLIGHT,NOT DIVIDED,DRY,NO INJURY / DRIVE AWAY,Y,UNABLE TO DETERMINE,911,N,RUSH ST,,NO INDICATION OF INJURY,0,0,0,11,4,9,41.89953067,-87.62680787
07/18/2017 04:10:00 PM,30,NO CONTROLS,CLEAR,DAYLIGHT,NOT DIVIDED,DRY,NO INJURY / DRIVE AWAY,,NOT APPLICABLE,155,E,51ST ST,,NO INDICATION OF INJURY,0,0,0,16,3,7,41.80191572,-87.62110463
08/30/2022 10:36:00 PM,35,NO CONTROLS,CLEAR,DARKNESS,NOT DIVIDED,DRY,INJURY AND / OR TOW DUE TO CRASH,,UNABLE TO DETERMINE,5599,W,BRYN MAWR AVE,,INCAPACITATING INJURY,0,1,0,22,3,8,41.98283025,-87.76828237
05/23/2021 02:10:00 PM,30,TRAFFIC SIGNAL,CLEAR,DAYLIGHT,DIVIDED - W/MEDIAN (NOT RAISED),DRY,INJURY AND / OR TOW DUE TO CRASH,,FAILING TO YIELD RIGHT-OF-WAY,3998,N,DRAKE AVE,,NONINCAPACITATING INJURY,0,0,1,14,1,5,41.95371784,-87.7167328
8/6/2020 17:49,30,NO CONTROLS,CLEAR,DAYLIGHT,NOT DIVIDED,DRY,NO INJURY / DRIVE AWAY,,UNABLE TO DETERMINE,1500,N,CLYBOURN AVE,Y,NO INDICATION OF INJURY,0,0,0,17,5,8,41.90856014,-87.64645269
12/26/2015 09:30:00 PM,30,TRAFFIC SIGNAL,RAIN,"DARKNESS, LIGHTED ROAD",NOT DIVIDED,WET,NO INJURY / DRIVE AWAY,,UNABLE TO DETERMINE,2801,W,DEVON AVE,,NO INDICATION OF INJURY,0,0,0,21,7,12,41.99745005,-87.69969979
11/6/2020 20:15,30,TRAFFIC SIGNAL,CLEAR,"DARKNESS, LIGHTED ROAD",DIVIDED - W/MEDIAN (NOT RAISED),DRY,INJURY AND / OR TOW DUE TO CRASH,,FAILING TO YIELD RIGHT-OF-WAY,7500,S,JEFFERY BLVD,,NONINCAPACITATING INJURY,0,0,1,20,6,11,41.75878382,-87.57628665
10/4/2017 6:00,25,TRAFFIC SIGNAL,CLOUDY/OVERCAST,"DARKNESS, LIGHTED ROAD",DIVIDED - W/MEDIAN (NOT RAISED),DRY,INJURY AND / OR TOW DUE TO CRASH,Y,DRIVING ON WRONG SIDE/WRONG WAY,1901,N,PULASKI RD,,INCAPACITATING INJURY,0,1,0,6,4,10,41.91544076,-87.72637013
6/6/2019 8:35,30,NO CONTROLS,CLEAR,DAYLIGHT,ONE-WAY,DRY,INJURY AND / OR TOW DUE TO CRASH,,IMPROPER LANE USAGE,440,N,WELLS ST,,NONINCAPACITATING INJURY,0,0,1,8,5,6,41.89038185,-87.63418484
5/7/2018 13:00,35,UNKNOWN,CLEAR,DAYLIGHT,NOT DIVIDED,UNKNOWN,NO INJURY / DRIVE AWAY,,UNABLE TO DETERMINE,7800,S,HALSTED ST,N,NO INDICATION OF INJURY,0,0,0,13,2,5,41.75236341,-87.64423481
1/9/2019 12:28,30,STOP SIGN/FLASHER,CLEAR,DAYLIGHT,NOT DIVIDED,DRY,INJURY AND / OR TOW DUE TO CRASH,,UNABLE TO DETERMINE,5555,N,BERNARD ST,,NONINCAPACITATING INJURY,0,0,1,12,4,1,41.98278911,-87.71479099
08/24/2023 04:23:00 PM,30,NO CONTROLS,CLEAR,DAYLIGHT,NOT DIVIDED,DRY,INJURY AND / OR TOW DUE TO CRASH,,"VISION OBSCURED (SIGNS, TREE LIMBS, BUILDINGS, ETC.)",3167,N,MILWAUKEE AVE,,INCAPACITATING INJURY,0,1,0,16,5,8,41.93862257,-87.72285747
02/15/2023 04:40:00 PM,30,NO CONTROLS,CLEAR,"DARKNESS, LIGHTED ROAD",NOT DIVIDED,DRY,INJURY AND / OR TOW DUE TO CRASH,,FAILING TO REDUCE SPEED TO AVOID CRASH,5959,W,MONTROSE AVE,,NONINCAPACITATING INJURY,0,0,1,16,4,2,41.9602425,-87.7769559
05/25/2022 09:44:00 PM,30,NO CONTROLS,CLEAR,"DARKNESS, LIGHTED ROAD",NOT DIVIDED,DRY,INJURY AND / OR TOW DUE TO CRASH,Y,UNABLE TO DETERMINE,5443,W,DIVERSEY AVE,,INCAPACITATING INJURY,0,1,0,21,4,5,41.93120847,-87.76309329
12/2/2019 21:17,30,TRAFFIC SIGNAL,CLEAR,"DARKNESS, LIGHTED ROAD",FOUR WAY,DRY,INJURY AND / OR TOW DUE TO CRASH,Y,DISREGARDING TRAFFIC SIGNALS,1600,N,WELLS ST,,NONINCAPACITATING INJURY,0,0,1,21,2,12,41.91119542,-87.63485888
11/29/2017 02:30:00 PM,30,TRAFFIC SIGNAL,CLEAR,DAYLIGHT,NOT DIVIDED,DRY,INJURY AND / OR TOW DUE TO CRASH,Y,UNABLE TO DETERMINE,8300,S,VINCENNES AVE,N,NONINCAPACITATING INJURY,0,0,1,14,4,11,41.74350456,-87.6366628
11/17/2017 04:45:00 PM,30,STOP SIGN/FLASHER,RAIN,DARKNESS,NOT DIVIDED,WET,NO INJURY / DRIVE AWAY,,UNABLE TO DETERMINE,828,W,KINZIE ST,,NO INDICATION OF INJURY,0,0,0,16,6,11,41.88914382,-87.64870843
4/12/2019 15:39,30,STOP SIGN/FLASHER,CLEAR,DAYLIGHT,DIVIDED - W/MEDIAN (NOT RAISED),DRY,NO INJURY / DRIVE AWAY,,UNABLE TO DETERMINE,900,W,71ST ST,,NO INDICATION OF INJURY,0,0,0,15,6,4,41.76527417,-87.64690483
03/13/2021 11:00:00 PM,30,TRAFFIC SIGNAL,CLEAR,"DARKNESS, LIGHTED ROAD",Y-INTERSECTION,DRY,INJURY AND / OR TOW DUE TO CRASH,,DISREGARDING TRAFFIC SIGNALS,199,W,WASHINGTON ST,,INCAPACITATING INJURY,0,1,0,23,7,3,41.88309981,-87.63378834
08/23/2018 05:05:00 PM,30,NO CONTROLS,CLEAR,DAYLIGHT,NOT DIVIDED,DRY,INJURY AND / OR TOW DUE TO CRASH,,UNABLE TO DETERMINE,1521,W,18TH ST,Y,"REPORTED, NOT EVIDENT",0,0,0,17,5,8,41.85771273,-87.66461609
09/30/2021 05:00:00 PM,30,TRAFFIC SIGNAL,CLEAR,DAYLIGHT,FOUR WAY,DRY,NO INJURY / DRIVE AWAY,,FAILING TO YIELD RIGHT-OF-WAY,410,N,DEARBORN ST,,NO INDICATION OF INJURY,0,0,0,17,5,9,41.88963425,-87.6297443
05/25/2023 06:45:00 AM,30,STOP SIGN/FLASHER,CLOUDY/OVERCAST,DAYLIGHT,NOT DIVIDED,DRY,INJURY AND / OR TOW DUE TO CRASH,,DRIVING SKILLS/KNOWLEDGE/EXPERIENCE,2873,S,ARCHER AVE,,NONINCAPACITATING INJURY,0,0,1,6,5,5,41.84215536,-87.65663424
7/6/2022 21:02,30,TRAFFIC SIGNAL,CLEAR,DAYLIGHT,NOT DIVIDED,DRY,NO INJURY / DRIVE AWAY,Y,FOLLOWING TOO CLOSELY,701,W,ADDISON ST,,NO INDICATION OF INJURY,0,0,0,21,4,7,41.94721525,-87.647368
11/8/2018 21:17,30,TRAFFIC SIGNAL,CLEAR,"DARKNESS, LIGHTED ROAD",NOT DIVIDED,DRY,INJURY AND / OR TOW DUE TO CRASH,Y,UNABLE TO DETERMINE,5199,W,MAYPOLE AVE,,NONINCAPACITATING INJURY,0,0,1,21,5,11,41.88421179,-87.75514431
07/31/2019 05:51:00 PM,30,TRAFFIC SIGNAL,CLEAR,DAYLIGHT,NOT DIVIDED,DRY,INJURY AND / OR TOW DUE TO CRASH,,IMPROPER TURNING/NO SIGNAL,1946,N,MILWAUKEE AVE,,NONINCAPACITATING INJURY,0,0,1,17,4,7,41.91671531,-87.68747365
06/13/2018 08:47:00 PM,25,UNKNOWN,CLEAR,DUSK,DIVIDED - W/MEDIAN (NOT RAISED),DRY,INJURY AND / OR TOW DUE TO CRASH,,UNABLE TO DETERMINE,2999,W,LAWRENCE AVE,Y,"REPORTED, NOT EVIDENT",0,0,0,20,4,6,41.9683848,-87.7035678
05/29/2023 02:00:00 PM,30,NO CONTROLS,CLEAR,DAYLIGHT,FOUR WAY,DRY,NO INJURY / DRIVE AWAY,,NOT APPLICABLE,3800,S,ARCHER AVE,,NO INDICATION OF INJURY,0,0,0,14,2,5,41.82445623,-87.68755151
09/21/2021 05:15:00 PM,30,NO CONTROLS,CLEAR,DAYLIGHT,NOT DIVIDED,DRY,NO INJURY / DRIVE AWAY,,UNABLE TO DETERMINE,1532,N,WELLS ST,Y,NO INDICATION OF INJURY,0,0,0,17,3,9,41.91012979,-87.63482528
10/17/2022 07:50:00 AM,30,STOP SIGN/FLASHER,CLEAR,DAYLIGHT,FOUR WAY,DRY,INJURY AND / OR TOW DUE TO CRASH,,FAILING TO YIELD RIGHT-OF-WAY,5124,N,WESTERN AVE,,"REPORTED, NOT EVIDENT",0,0,0,7,2,10,41.97487353,-87.68926204
8/7/2021 17:00,25,NO CONTROLS,CLEAR,DAYLIGHT,NOT DIVIDED,DRY,INJURY AND / OR TOW DUE TO CRASH,Y,UNABLE TO DETERMINE,2809,W,POLK ST,,NONINCAPACITATING INJURY,0,0,1,17,7,8,41.87094911,-87.69645271
12/3/2018 11:00,30,NO CONTROLS,CLEAR,DAYLIGHT,ONE-WAY,DRY,NO INJURY / DRIVE AWAY,,UNABLE TO DETERMINE,200,N,DEARBORN ST,,NO INDICATION OF INJURY,0,0,0,11,2,12,41.88579631,-87.62964615
8/8/2020 20:07,30,STOP SIGN/FLASHER,CLEAR,"DARKNESS, LIGHTED ROAD",T-INTERSECTION,DRY,INJURY AND / OR TOW DUE TO CRASH,,FAILING TO YIELD RIGHT-OF-WAY,4598,N,RICHMOND ST,,NONINCAPACITATING INJURY,0,0,1,20,7,8,41.96466003,-87.70238551
08/19/2021 01:03:00 AM,30,NO CONTROLS,CLEAR,"DARKNESS, LIGHTED ROAD",NOT DIVIDED,DRY,INJURY AND / OR TOW DUE TO CRASH,,PHYSICAL CONDITION OF DRIVER,1250,N,HOMAN AVE,,NONINCAPACITATING INJURY,0,0,1,1,5,8,41.90431114,-87.71187099
07/28/2017 08:55:00 PM,30,NO CONTROLS,CLEAR,"DARKNESS, LIGHTED ROAD",DIVIDED - W/MEDIAN (NOT RAISED),DRY,INJURY AND / OR TOW DUE TO CRASH,,UNABLE TO DETERMINE,2112,N,ASHLAND AVE,,"REPORTED, NOT EVIDENT",0,0,0,20,6,7,41.92024549,-87.66857296
05/20/2023 10:09:00 PM,30,TRAFFIC SIGNAL,CLEAR,"DARKNESS, LIGHTED ROAD",NOT DIVIDED,DRY,INJURY AND / OR TOW DUE TO CRASH,,NOT APPLICABLE,13730,S,BRAINARD AVE,N,NONINCAPACITATING INJURY,0,0,1,22,7,5,41.64566748,-87.54250981
4/9/2022 17:00,30,NO CONTROLS,CLEAR,DAYLIGHT,ONE-WAY,DRY,NO INJURY / DRIVE AWAY,,"VISION OBSCURED (SIGNS, TREE LIMBS, BUILDINGS, ETC.)",70,E,RANDOLPH ST,,NO INDICATION OF INJURY,0,0,0,17,7,4,41.88460813,-87.6253512
05/23/2018 08:30:00 AM,30,NO CONTROLS,CLEAR,DAYLIGHT,NOT DIVIDED,DRY,INJURY AND / OR TOW DUE TO CRASH,,FAILING TO YIELD RIGHT-OF-WAY,1230,N,WELLS ST,,NONINCAPACITATING INJURY,0,0,1,8,4,5,41.90482953,-87.63466106
03/15/2022 04:15:00 PM,30,TRAFFIC SIGNAL,CLEAR,DAYLIGHT,NOT DIVIDED,DRY,NO INJURY / DRIVE AWAY,,UNABLE TO DETERMINE,2555,N,PULASKI RD,,NO INDICATION OF INJURY,0,0,0,16,3,3,41.92793173,-87.72672317
09/24/2015 04:48:00 PM,30,TRAFFIC SIGNAL,CLEAR,DAYLIGHT,DIVIDED - W/MEDIAN BARRIER,DRY,NO INJURY / DRIVE AWAY,,IMPROPER OVERTAKING/PASSING,720,S,MICHIGAN AVE,,NO INDICATION OF INJURY,0,0,0,16,5,9,41.87279887,-87.62433781
9/9/2022 19:12,30,TRAFFIC SIGNAL,CLEAR,DAYLIGHT,ONE-WAY,DRY,INJURY AND / OR TOW DUE TO CRASH,,DRIVING ON WRONG SIDE/WRONG WAY,200,S,CLARK ST,,NONINCAPACITATING INJURY,0,0,1,19,6,9,41.87938042,-87.63096596
03/28/2018 08:30:00 PM,30,TRAFFIC SIGNAL,RAIN,"DARKNESS, LIGHTED ROAD",NOT DIVIDED,WET,INJURY AND / OR TOW DUE TO CRASH,,FAILING TO YIELD RIGHT-OF-WAY,4632,W,47TH ST,,NONINCAPACITATING INJURY,0,0,1,20,4,3,41.80777613,-87.73972198
07/18/2018 03:45:00 PM,30,TRAFFIC SIGNAL,CLEAR,DAYLIGHT,NOT DIVIDED,DRY,INJURY AND / OR TOW DUE TO CRASH,,FAILING TO REDUCE SPEED TO AVOID CRASH,6401,N,NORTHWEST HWY,,"REPORTED, NOT EVIDENT",0,0,0,15,4,7,41.99709561,-87.80676215
09/25/2022 07:35:00 PM,30,TRAFFIC SIGNAL,CLEAR,"DARKNESS, LIGHTED ROAD",NOT REPORTED,DRY,INJURY AND / OR TOW DUE TO CRASH,Y,DISREGARDING OTHER TRAFFIC SIGNS,153,W,CONGRESS PKWY,,NONINCAPACITATING INJURY,0,0,1,19,1,9,41.87547942,-87.63250083
01/20/2018 06:50:00 PM,30,NO CONTROLS,CLEAR,"DARKNESS, LIGHTED ROAD",NOT DIVIDED,WET,INJURY AND / OR TOW DUE TO CRASH,,UNABLE TO DETERMINE,3033,N,BROADWAY,Y,"REPORTED, NOT EVIDENT",0,0,0,18,7,1,41.9374868,-87.64416738
10/2/2022 14:00,30,TRAFFIC SIGNAL,CLEAR,DAYLIGHT,DIVIDED - W/MEDIAN (NOT RAISED),DRY,INJURY AND / OR TOW DUE TO CRASH,,BICYCLE ADVANCING LEGALLY ON RED LIGHT,3162,S,ASHLAND AVE,,NONINCAPACITATING INJURY,0,0,1,14,1,10,41.8360522,-87.66584962
09/13/2018 03:47:00 PM,30,TRAFFIC SIGNAL,CLEAR,DAYLIGHT,DIVIDED - W/MEDIAN (NOT RAISED),DRY,NO INJURY / DRIVE AWAY,,UNABLE TO DETERMINE,4001,W,FOSTER AVE,,NO INDICATION OF INJURY,0,0,0,15,5,9,41.97542111,-87.72833095
10/19/2017 06:55:00 AM,30,TRAFFIC SIGNAL,CLEAR,DAYLIGHT,DIVIDED - W/MEDIAN (NOT RAISED),DRY,INJURY AND / OR TOW DUE TO CRASH,,DISREGARDING TRAFFIC SIGNALS,158,S,PAULINA ST,,INCAPACITATING INJURY,0,1,0,6,5,10,41.87891757,-87.66937644
07/13/2017 06:20:00 PM,30,NO CONTROLS,CLEAR,DAYLIGHT,NOT DIVIDED,DRY,INJURY AND / OR TOW DUE TO CRASH,,UNABLE TO DETERMINE,1954,W,WILSON AVE,Y,"REPORTED, NOT EVIDENT",0,0,0,18,5,7,41.96521605,-87.67830268
10/17/2022 06:11:00 PM,30,TRAFFIC SIGNAL,UNKNOWN,UNKNOWN,FOUR WAY,UNKNOWN,INJURY AND / OR TOW DUE TO CRASH,Y,FAILING TO YIELD RIGHT-OF-WAY,3200,W,NORTH AVE,,NONINCAPACITATING INJURY,0,0,1,18,2,10,41.9102243,-87.70703651
11/12/2020 17:00,30,OTHER,CLEAR,DUSK,UNKNOWN,DRY,NO INJURY / DRIVE AWAY,,UNABLE TO DETERMINE,4177,N,CLARENDON AVE,Y,NO INDICATION OF INJURY,0,0,0,17,5,11,41.9578181,-87.64964909
06/28/2018 10:28:00 PM,30,NO CONTROLS,CLEAR,"DARKNESS, LIGHTED ROAD",DIVIDED - W/MEDIAN (NOT RAISED),DRY,INJURY AND / OR TOW DUE TO CRASH,Y,FAILING TO YIELD RIGHT-OF-WAY,3000,W,CHICAGO AVE,,NONINCAPACITATING INJURY,0,0,1,22,5,6,41.89570453,-87.70221852
5/10/2023 7:30,30,TRAFFIC SIGNAL,CLEAR,DAYLIGHT,FOUR WAY,DRY,NO INJURY / DRIVE AWAY,,FAILING TO YIELD RIGHT-OF-WAY,430,N,ORLEANS ST,,NO INDICATION OF INJURY,0,0,0,7,4,5,41.88998003,-87.63713132
07/17/2023 08:01:00 PM,15,STOP SIGN/FLASHER,CLEAR,DAYLIGHT,NOT DIVIDED,DRY,INJURY AND / OR TOW DUE TO CRASH,Y,FAILING TO YIELD RIGHT-OF-WAY,1300,S,CHRISTIANA AVE,,NONINCAPACITATING INJURY,0,0,1,20,2,7,41.8644477,-87.7094147
12/1/2021 11:14,25,TRAFFIC SIGNAL,CLEAR,DAYLIGHT,NOT DIVIDED,DRY,INJURY AND / OR TOW DUE TO CRASH,,"VISION OBSCURED (SIGNS, TREE LIMBS, BUILDINGS, ETC.)",13302,S,AVENUE O,N,INCAPACITATING INJURY,0,1,0,11,4,12,41.65351275,-87.54002909
05/26/2021 01:45:00 PM,25,NO CONTROLS,CLEAR,DAYLIGHT,ONE-WAY,DRY,NO INJURY / DRIVE AWAY,,BICYCLE ADVANCING LEGALLY ON RED LIGHT,5900,S,WOLCOTT AVE,,NO INDICATION OF INJURY,0,0,0,13,4,5,41.78656463,-87.67181631
07/20/2023 10:08:00 PM,30,UNKNOWN,UNKNOWN,"DARKNESS, LIGHTED ROAD",NOT DIVIDED,UNKNOWN,INJURY AND / OR TOW DUE TO CRASH,,UNABLE TO DETERMINE,2055,N,CLARK ST,Y,NO INDICATION OF INJURY,0,0,0,22,5,7,41.91996356,-87.63691267
10/30/2017 07:49:00 PM,30,STOP SIGN/FLASHER,CLEAR,"DARKNESS, LIGHTED ROAD",DIVIDED - W/MEDIAN BARRIER,DRY,INJURY AND / OR TOW DUE TO CRASH,,FAILING TO YIELD RIGHT-OF-WAY,1801,W,IRVING PARK RD,,NONINCAPACITATING INJURY,0,0,1,19,2,10,41.95410434,-87.67431577
12/12/2018 14:30,30,TRAFFIC SIGNAL,CLEAR,DAYLIGHT,NOT DIVIDED,DRY,NO INJURY / DRIVE AWAY,,UNABLE TO DETERMINE,1841,W,LAWRENCE AVE,,NO INDICATION OF INJURY,0,0,0,14,4,12,41.96868632,-87.67612925
4/1/2023 11:15,30,NO CONTROLS,CLOUDY/OVERCAST,DAYLIGHT,ONE-WAY,WET,INJURY AND / OR TOW DUE TO CRASH,,DISREGARDING OTHER TRAFFIC SIGNS,317,W,GOETHE ST,,NONINCAPACITATING INJURY,0,0,1,11,7,4,41.90557226,-87.63733677
6/8/2018 7:30,25,NO CONTROLS,CLEAR,DAYLIGHT,ALLEY,DRY,INJURY AND / OR TOW DUE TO CRASH,,DRIVING SKILLS/KNOWLEDGE/EXPERIENCE,6345,N,CALIFORNIA AVE,,NONINCAPACITATING INJURY,0,0,1,7,6,6,41.99708573,-87.69947566
04/23/2019 05:00:00 PM,30,TRAFFIC SIGNAL,CLEAR,DAYLIGHT,OTHER,DRY,NO INJURY / DRIVE AWAY,,UNABLE TO DETERMINE,800,N,MILWAUKEE AVE,,NO INDICATION OF INJURY,0,0,0,17,3,4,41.8962188,-87.6556039
05/30/2020 09:18:00 AM,30,TRAFFIC SIGNAL,CLEAR,DAYLIGHT,FOUR WAY,DRY,INJURY AND / OR TOW DUE TO CRASH,,DISTRACTION - FROM INSIDE VEHICLE,2801,S,ARCHER AVE,,NONINCAPACITATING INJURY,0,0,1,9,7,5,41.84337985,-87.65409115
10/26/2018 04:00:00 PM,30,TRAFFIC SIGNAL,CLEAR,DAYLIGHT,NOT DIVIDED,DRY,INJURY AND / OR TOW DUE TO CRASH,Y,FAILING TO REDUCE SPEED TO AVOID CRASH,3002,W,WASHINGTON BLVD,,NONINCAPACITATING INJURY,0,0,1,16,6,10,41.88295517,-87.70145466
05/20/2023 08:10:00 PM,30,TRAFFIC SIGNAL,CLEAR,"DARKNESS, LIGHTED ROAD",DIVIDED - W/MEDIAN BARRIER,DRY,INJURY AND / OR TOW DUE TO CRASH,Y,FAILING TO YIELD RIGHT-OF-WAY,800,S,CENTRAL AVE,,NONINCAPACITATING INJURY,0,0,1,20,7,5,41.8701072,-87.76457143