CRASH_DATE,POSTED_SPEED_LIMIT,TRAFFIC_CONTROL_DEVICE,WEATHER_CONDITION,LIGHTING_CONDITION,TRAFFICWAY_TYPE,ROADWAY_SURFACE_COND,CRASH_TYPE,HIT_AND_RUN_I,PRIM_CONTRIBUTORY_CAUSE,STREET_NO,STREET_DIRECTION,STREET_NAME,DOORING_I,MOST_SEVERE_INJURY,INJURIES_FATAL,INJURIES_INCAPACITATING,INJURIES_NON_INCAPACITATING,CRASH_HOUR,CRASH_DAY_OF_WEEK,CRASH_MONTH,LATITUDE,LONGITUDE
05/29/2018 06:30:00 PM,30,UNKNOWN,CLEAR,DAYLIGHT,NOT DIVIDED,DRY,NO INJURY / DRIVE AWAY,,UNABLE TO DETERMINE,801,N,MILWAUKEE AVE,,NO INDICATION OF INJURY,0,0,0,18,3,5,41.89638448,-87.65541112
07/14/2022 04:18:00 PM,30,TRAFFIC SIGNAL,CLEAR,DAYLIGHT,DIVIDED - W/MEDIAN (NOT RAISED),DRY,INJURY AND / OR TOW DUE TO CRASH,Y,UNABLE TO DETERMINE,2040,N,ELSTON AVE,,NONINCAPACITATING INJURY,0,0,1,16,5,7,41.91880493,-87.66866522
1/12/2018 14:58,30,TRAFFIC SIGNAL,SNOW,"DARKNESS, LIGHTED ROAD",DIVIDED - W/MEDIAN BARRIER,WET,INJURY AND / OR TOW DUE TO CRASH,,DISREGARDING TRAFFIC SIGNALS,98,E,LOWER WACKER DR,,"REPORTED, NOT EVIDENT",0,0,0,14,6,1,41.88844446,-87.6246567
8/9/2017 23:22,30,NO CONTROLS,CLEAR,"DARKNESS, LIGHTED ROAD",NOT DIVIDED,DRY,NO INJURY / DRIVE AWAY,Y,UNABLE TO DETERMINE,2211,S,PRINCETON AVE,,NO INDICATION OF INJURY,0,0,0,23,4,8,41.8525327,-87.63464783
07/26/2018 07:05:00 PM,30,NO CONTROLS,CLEAR,DAYLIGHT,PARKING LOT,DRY,INJURY AND / OR TOW DUE TO CRASH,Y,UNABLE TO DETERMINE,444,S,KOSTNER AVE,,NONINCAPACITATING INJURY,0,0,1,19,5,7,41.8742723,-87.73539024
03/17/2022 08:00:00 AM,30,NO CONTROLS,CLEAR,DAYLIGHT,NOT DIVIDED,DRY,INJURY AND / OR TOW DUE TO CRASH,,FAILING TO YIELD RIGHT-OF-WAY,4038,N,LINCOLN AVE,,NONINCAPACITATING INJURY,0,0,1,8,5,3,41.95513709,-87.67960826
4/7/2021 19:50,30,STOP SIGN/FLASHER,CLEAR,"DARKNESS, LIGHTED ROAD",NOT DIVIDED,DRY,INJURY AND / OR TOW DUE TO CRASH,Y,FAILING TO YIELD RIGHT-OF-WAY,759,W,72ND ST,,NONINCAPACITATING INJURY,0,0,1,19,4,4,41.76328158,-87.6438496
02/22/2018 04:51:00 PM,30,NO CONTROLS,CLEAR,DAYLIGHT,DIVIDED - W/MEDIAN (NOT RAISED),DRY,INJURY AND / OR TOW DUE TO CRASH,,UNABLE TO DETERMINE,301,W,CERMAK RD,N,"REPORTED, NOT EVIDENT",0,0,0,16,5,2,41.85276322,-87.63493555
06/20/2022 02:00:00 PM,25,NO CONTROLS,CLEAR,DAYLIGHT,NOT DIVIDED,DRY,NO INJURY / DRIVE AWAY,Y,NOT APPLICABLE,500,S,CENTRAL AVE,,NO INDICATION OF INJURY,0,0,0,14,2,6,41.87377325,-87.7647697
4/6/2019 10:15,25,NO CONTROLS,CLEAR,DAYLIGHT,NOT DIVIDED,DRY,NO INJURY / DRIVE AWAY,,NOT APPLICABLE,6009,N,GLENWOOD AVE,Y,NO INDICATION OF INJURY,0,0,0,10,7,4,41.99115515,-87.66502872
09/29/2017 10:56:00 AM,30,NO CONTROLS,CLEAR,DAYLIGHT,DIVIDED - W/MEDIAN (NOT RAISED),DRY,INJURY AND / OR TOW DUE TO CRASH,,UNABLE TO DETERMINE,1601,N,HALSTED ST,,"REPORTED, NOT EVIDENT",0,0,0,10,6,9,41.91094452,-87.64812519
4/5/2022 21:30,30,STOP SIGN/FLASHER,CLEAR,"DARKNESS, LIGHTED ROAD",FOUR WAY,DRY,INJURY AND / OR TOW DUE TO CRASH,,FAILING TO YIELD RIGHT-OF-WAY,932,S,LEAVITT ST,,NONINCAPACITATING INJURY,0,0,1,21,3,4,41.86948999,-87.68136626
9/10/2019 7:40,25,STOP SIGN/FLASHER,CLEAR,DAYLIGHT,NOT DIVIDED,DRY,INJURY AND / OR TOW DUE TO CRASH,,FAILING TO YIELD RIGHT-OF-WAY,650,W,WILSON DR,,NONINCAPACITATING INJURY,0,0,1,7,3,9,41.96576328,-87.64737503
12/14/2021 04:45:00 PM,30,NO CONTROLS,CLEAR,DUSK,NOT DIVIDED,DRY,INJURY AND / OR TOW DUE TO CRASH,,UNABLE TO DETERMINE,5000,N,KEDZIE AVE,Y,NONINCAPACITATING INJURY,0,0,1,16,3,12,41.97217897,-87.70872946
10/17/2017 05:31:00 PM,35,NO CONTROLS,CLEAR,DAYLIGHT,NOT DIVIDED,DRY,INJURY AND / OR TOW DUE TO CRASH,,UNABLE TO DETERMINE,10451,S,COTTAGE GROVE AVE,N,NONINCAPACITATING INJURY,0,0,1,17,3,10,41.70403538,-87.60713637
06/23/2023 04:55:00 PM,30,NO CONTROLS,CLEAR,DAYLIGHT,FOUR WAY,DRY,INJURY AND / OR TOW DUE TO CRASH,,IMPROPER TURNING/NO SIGNAL,5401,N,BROADWAY,N,NONINCAPACITATING INJURY,0,0,1,16,6,6,41.9800652,-87.65982411
12/2/2021 16:35,24,STOP SIGN/FLASHER,CLEAR,DUSK,FOUR WAY,DRY,INJURY AND / OR TOW DUE TO CRASH,Y,DISREGARDING STOP SIGN,525,W,31ST ST,,NONINCAPACITATING INJURY,0,0,1,16,5,12,41.83801436,-87.64013332
08/18/2019 05:30:00 PM,30,NO CONTROLS,CLEAR,DAYLIGHT,DIVIDED - W/MEDIAN (NOT RAISED),DRY,INJURY AND / OR TOW DUE TO CRASH,Y,HAD BEEN DRINKING (USE WHEN ARREST IS NOT MADE),6200,N,NORTHWEST HWY,,NONINCAPACITATING INJURY,0,0,1,17,1,8,41.99429544,-87.8025379
08/17/2017 09:05:00 AM,30,NO CONTROLS,CLEAR,DAYLIGHT,NOT DIVIDED,DRY,NO INJURY / DRIVE AWAY,,UNABLE TO DETERMINE,4422,N,CLARK ST,,NO INDICATION OF INJURY,0,0,0,9,5,8,41.96232735,-87.6662533
10/23/2023 03:45:00 PM,30,NO CONTROLS,CLEAR,DAYLIGHT,NOT DIVIDED,DRY,NO INJURY / DRIVE AWAY,,UNABLE TO DETERMINE,3618,W,AUGUSTA BLVD,,NO INDICATION OF INJURY,0,0,0,15,2,10,41.89920918,-87.7173202
5/5/2018 23:40,30,NO CONTROLS,CLEAR,"DARKNESS, LIGHTED ROAD",NOT DIVIDED,DRY,NO INJURY / DRIVE AWAY,,UNABLE TO DETERMINE,3356,N,HALSTED ST,Y,NO INDICATION OF INJURY,0,0,0,23,7,5,41.94350571,-87.64951884
07/27/2021 09:30:00 AM,30,NO CONTROLS,CLEAR,DAYLIGHT,NOT DIVIDED,DRY,NO INJURY / DRIVE AWAY,Y,UNABLE TO DETERMINE,440,N,DRAKE AVE,,NO INDICATION OF INJURY,0,0,0,9,3,7,41.88944778,-87.71506703
11/6/2019 6:58,30,TRAFFIC SIGNAL,CLEAR,DAYLIGHT,T-INTERSECTION,DRY,INJURY AND / OR TOW DUE TO CRASH,,UNABLE TO DETERMINE,3800,N,MILWAUKEE AVE,,FATAL,1,0,0,6,4,11,41.94998958,-87.74194753
06/27/2022 09:05:00 AM,30,STOP SIGN/FLASHER,CLEAR,DAYLIGHT,NOT DIVIDED,DRY,INJURY AND / OR TOW DUE TO CRASH,,FAILING TO YIELD RIGHT-OF-WAY,1875,N,DAMEN AVE,,NONINCAPACITATING INJURY,0,0,1,9,2,6,41.91592075,-87.67743307
07/19/2018 07:20:00 AM,30,TRAFFIC SIGNAL,CLEAR,DAYLIGHT,DIVIDED - W/MEDIAN (NOT RAISED),DRY,INJURY AND / OR TOW DUE TO CRASH,,DISREGARDING TRAFFIC SIGNALS,2599,N,WESTERN AVE,,NONINCAPACITATING INJURY,0,0,1,7,5,7,41.92862183,-87.68762638
4/4/2018 11:10,30,NO CONTROLS,CLEAR,DAYLIGHT,NOT DIVIDED,DRY,INJURY AND / OR TOW DUE TO CRASH,,DRIVING SKILLS/KNOWLEDGE/EXPERIENCE,1333,S,WABASH AVE,Y,NONINCAPACITATING INJURY,0,0,1,11,4,4,41.86480835,-87.62562362
10/12/2023 17:41,25,NO CONTROLS,RAIN,DAYLIGHT,NOT DIVIDED,WET,INJURY AND / OR TOW DUE TO CRASH,,UNABLE TO DETERMINE,1100,W,WRIGHTWOOD AVE,,NONINCAPACITATING INJURY,0,0,1,17,5,10,41.92907358,-87.65628462
12/15/2020 04:20:00 PM,30,NO CONTROLS,CLEAR,"DARKNESS, LIGHTED ROAD",DIVIDED - W/MEDIAN (NOT RAISED),DRY,INJURY AND / OR TOW DUE TO CRASH,,UNABLE TO DETERMINE,4515,N,CLARK ST,,NONINCAPACITATING INJURY,0,0,1,16,3,12,41.96395376,-87.66630775
09/16/2023 11:45:00 PM,30,TRAFFIC SIGNAL,CLEAR,DARKNESS,FOUR WAY,DRY,NO INJURY / DRIVE AWAY,,FAILING TO YIELD RIGHT-OF-WAY,1200,N,WELLS ST,,NO INDICATION OF INJURY,0,0,0,23,7,9,41.90390599,-87.63462624
10/20/2015 11:18:00 PM,30,TRAFFIC SIGNAL,RAIN,"DARKNESS, LIGHTED ROAD",DIVIDED - W/MEDIAN (NOT RAISED),WET,INJURY AND / OR TOW DUE TO CRASH,,FAILING TO YIELD RIGHT-OF-WAY,2351,W,ADDISON ST,,NONINCAPACITATING INJURY,0,0,1,23,3,10,41.94662543,-87.68785695
09/30/2023 03:00:00 PM,30,NO CONTROLS,CLEAR,DAYLIGHT,NOT DIVIDED,DRY,NO INJURY / DRIVE AWAY,,NOT APPLICABLE,3000,W,26TH ST,,NO INDICATION OF INJURY,0,0,0,15,7,9,41.84471918,-87.70021954
07/24/2023 05:45:00 PM,30,NO CONTROLS,CLEAR,DAYLIGHT,NOT DIVIDED,DRY,INJURY AND / OR TOW DUE TO CRASH,,FAILING TO YIELD RIGHT-OF-WAY,1500,N,KINGSBURY ST,Y,NONINCAPACITATING INJURY,0,0,1,17,2,7,41.9081888,-87.65204825
07/17/2017 04:40:00 PM,30,NO CONTROLS,CLEAR,DAYLIGHT,NOT DIVIDED,DRY,NO INJURY / DRIVE AWAY,,UNABLE TO DETERMINE,1600,W,POLK ST,,NO INDICATION OF INJURY,0,0,0,16,2,7,41.87173646,-87.66659906
09/20/2018 07:50:00 PM,35,NO CONTROLS,CLEAR,"DARKNESS, LIGHTED ROAD",DIVIDED - W/MEDIAN (NOT RAISED),DRY,NO INJURY / DRIVE AWAY,,FAILING TO YIELD RIGHT-OF-WAY,4727,N,CLARK ST,,NO INDICATION OF INJURY,0,0,0,19,5,9,41.96792094,-87.66714964
09/13/2019 03:10:00 PM,30,NO CONTROLS,CLEAR,DAYLIGHT,NOT DIVIDED,UNKNOWN,INJURY AND / OR TOW DUE TO CRASH,,IMPROPER OVERTAKING/PASSING,3700,N,SOUTHPORT AVE,,"REPORTED, NOT EVIDENT",0,0,0,15,6,9,41.94897809,-87.66421752
11/23/2016 02:33:00 PM,0,NO CONTROLS,RAIN,DAYLIGHT,NOT DIVIDED,WET,INJURY AND / OR TOW DUE TO CRASH,,FAILING TO YIELD RIGHT-OF-WAY,1560,N,CLARK ST,Y,NONINCAPACITATING INJURY,0,0,1,14,4,11,41.91113068,-87.63182397
10/18/2017 11:00:00 AM,35,TRAFFIC SIGNAL,CLEAR,DAYLIGHT,NOT DIVIDED,DRY,INJURY AND / OR TOW DUE TO CRASH,,"VISION OBSCURED (SIGNS, TREE LIMBS, BUILDINGS, ETC.)",6400,N,CALDWELL AVE,,INCAPACITATING INJURY,0,1,0,11,4,10,41.99723149,-87.76681826
07/21/2023 11:42:00 PM,30,TRAFFIC SIGNAL,CLEAR,"DARKNESS, LIGHTED ROAD",NOT DIVIDED,DRY,INJURY AND / OR TOW DUE TO CRASH,,FAILING TO YIELD RIGHT-OF-WAY,4700,S,WESTERN BLVD,,NONINCAPACITATING INJURY,0,0,1,23,6,7,41.80836955,-87.6840194
04/26/2023 04:45:00 PM,30,NO CONTROLS,CLEAR,DAYLIGHT,NOT DIVIDED,DRY,INJURY AND / OR TOW DUE TO CRASH,,DRIVING SKILLS/KNOWLEDGE/EXPERIENCE,846,W,HARRISON ST,,NONINCAPACITATING INJURY,0,0,1,16,4,4,41.87453086,-87.64891624
8/4/2022 15:00,30,TRAFFIC SIGNAL,CLEAR,DAYLIGHT,ONE-WAY,DRY,INJURY AND / OR TOW DUE TO CRASH,,DRIVING ON WRONG SIDE/WRONG WAY,188,W,ONTARIO ST,,NONINCAPACITATING INJURY,0,0,1,15,5,8,41.89329935,-87.63403946
9/11/2023 13:50,30,STOP SIGN/FLASHER,RAIN,DAYLIGHT,FOUR WAY,WET,INJURY AND / OR TOW DUE TO CRASH,,UNABLE TO DETERMINE,1850,W,MONTEREY AVE,,NONINCAPACITATING INJURY,0,0,1,13,2,9,41.69139471,-87.66839367
8/7/2017 11:45,30,NO CONTROLS,CLEAR,DAYLIGHT,NOT DIVIDED,DRY,INJURY AND / OR TOW DUE TO CRASH,,UNABLE TO DETERMINE,415,W,KINZIE ST,,NONINCAPACITATING INJURY,0,0,1,11,2,8,41.88898343,-87.63889949
10/17/2023 10:00:00 PM,30,TRAFFIC SIGNAL,UNKNOWN,UNKNOWN,NOT DIVIDED,UNKNOWN,NO INJURY / DRIVE AWAY,Y,UNABLE TO DETERMINE,4542,N,WESTERN AVE,,NO INDICATION OF INJURY,0,0,0,22,3,10,41.96443287,-87.68892258
03/19/2021 04:50:00 PM,30,NO CONTROLS,CLEAR,DAYLIGHT,DIVIDED - W/MEDIAN (NOT RAISED),DRY,INJURY AND / OR TOW DUE TO CRASH,,UNABLE TO DETERMINE,704,N,MILWAUKEE AVE,N,NONINCAPACITATING INJURY,0,0,1,16,6,3,41.8943325,-87.65268021
12/19/2018 02:15:00 PM,30,TRAFFIC SIGNAL,CLEAR,DAYLIGHT,NOT DIVIDED,DRY,INJURY AND / OR TOW DUE TO CRASH,,DISREGARDING TRAFFIC SIGNALS,4500,N,WESTERN AVE,,NONINCAPACITATING INJURY,0,0,1,14,4,12,41.96322288,-87.68888611
04/18/2018 09:34:00 PM,30,NO CONTROLS,RAIN,"DARKNESS, LIGHTED ROAD",ALLEY,WET,INJURY AND / OR TOW DUE TO CRASH,,WEATHER,4807,N,KIMBALL AVE,,NONINCAPACITATING INJURY,0,0,1,21,4,4,41.96866459,-87.71322576
12/14/2021 04:40:00 PM,30,UNKNOWN,CLEAR,DAYLIGHT,NOT DIVIDED,DRY,INJURY AND / OR TOW DUE TO CRASH,,IMPROPER TURNING/NO SIGNAL,938,W,MONTROSE AVE,,"REPORTED, NOT EVIDENT",0,0,0,16,3,12,41.9619,-87.65387859
8/1/2017 18:52,30,NO CONTROLS,CLEAR,DAYLIGHT,NOT DIVIDED,DRY,INJURY AND / OR TOW DUE TO CRASH,,FAILING TO YIELD RIGHT-OF-WAY,3340,E,108TH ST,,NONINCAPACITATING INJURY,0,0,1,18,3,8,41.69925476,-87.54216494
09/28/2022 02:00:00 PM,30,TRAFFIC SIGNAL,UNKNOWN,DAYLIGHT,NOT DIVIDED,UNKNOWN,NO INJURY / DRIVE AWAY,Y,UNABLE TO DETERMINE,830,N,MICHIGAN AVE,,NO INDICATION OF INJURY,0,0,0,14,4,9,41.89762925,-87.62427007
08/19/2017 08:35:00 PM,30,TRAFFIC SIGNAL,CLEAR,"DARKNESS, LIGHTED ROAD",OTHER,DRY,INJURY AND / OR TOW DUE TO CRASH,,DISREGARDING TRAFFIC SIGNALS,6399,N,BROADWAY,,NONINCAPACITATING INJURY,0,0,1,20,7,8,41.99810629,-87.66038967
10/2/2020 17:40,30,TRAFFIC SIGNAL,CLOUDY/OVERCAST,DAYLIGHT,DIVIDED - W/MEDIAN (NOT RAISED),UNKNOWN,INJURY AND / OR TOW DUE TO CRASH,,IMPROPER TURNING/NO SIGNAL,400,E,MONROE DR,,"REPORTED, NOT EVIDENT",0,0,0,17,6,10,41.88102972,-87.61728157
07/20/2019 05:54:00 PM,30,NO CONTROLS,CLEAR,DAYLIGHT,DIVIDED - W/MEDIAN BARRIER,DRY,INJURY AND / OR TOW DUE TO CRASH,Y,FOLLOWING TOO CLOSELY,1200,S,COLUMBUS DR,,NONINCAPACITATING INJURY,0,0,1,17,7,7,41.86738791,-87.62049103
3/11/2022 16:29,30,NO CONTROLS,CLEAR,DAYLIGHT,ALLEY,DRY,INJURY AND / OR TOW DUE TO CRASH,,"VISION OBSCURED (SIGNS, TREE LIMBS, BUILDINGS, ETC.)",2419,W,DIVISION ST,,NONINCAPACITATING INJURY,0,0,1,16,6,3,41.90289853,-87.6877766
7/10/2018 15:35,30,TRAFFIC SIGNAL,CLEAR,DAYLIGHT,NOT DIVIDED,DRY,INJURY AND / OR TOW DUE TO CRASH,,UNABLE TO DETERMINE,1958,N,HERMITAGE AVE,,"REPORTED, NOT EVIDENT",0,0,0,15,3,7,41.91778427,-87.67168963
10/9/2019 19:45,30,TRAFFIC SIGNAL,CLEAR,"DARKNESS, LIGHTED ROAD",DIVIDED - W/MEDIAN (NOT RAISED),DRY,INJURY AND / OR TOW DUE TO CRASH,,FAILING TO YIELD RIGHT-OF-WAY,3300,N,LINCOLN AVE,,NONINCAPACITATING INJURY,0,0,1,19,4,10,41.94154269,-87.67012443
10/4/2023 9:40,30,NO CONTROLS,UNKNOWN,DAYLIGHT,NOT DIVIDED,UNKNOWN,INJURY AND / OR TOW DUE TO CRASH,,NOT APPLICABLE,3500,N,LINCOLN AVE,Y,NONINCAPACITATING INJURY,0,0,1,9,4,10,41.9451524,-87.67265035
10/2/2019 16:00,30,UNKNOWN,RAIN,DAYLIGHT,NOT DIVIDED,WET,INJURY AND / OR TOW DUE TO CRASH,,UNABLE TO DETERMINE,2200,N,MILWAUKEE AVE,,NONINCAPACITATING INJURY,0,0,1,16,4,10,41.92073413,-87.69404109
01/25/2017 06:35:00 PM,30,NO CONTROLS,RAIN,"DARKNESS, LIGHTED ROAD",NOT DIVIDED,WET,NO INJURY / DRIVE AWAY,,UNABLE TO DETERMINE,100,W,ROOSEVELT RD,,NO INDICATION OF INJURY,0,0,0,18,4,1,41.86748292,-87.6304928
09/20/2018 11:56:00 AM,30,NO CONTROLS,CLEAR,DAYLIGHT,NOT DIVIDED,DRY,INJURY AND / OR TOW DUE TO CRASH,,DISTRACTION - FROM INSIDE VEHICLE,903,W,BELMONT AVE,Y,INCAPACITATING INJURY,0,1,0,11,5,9,41.93983634,-87.65173777
10/22/2023 03:00:00 PM,35,NO CONTROLS,UNKNOWN,UNKNOWN,UNKNOWN,UNKNOWN,NO INJURY / DRIVE AWAY,,UNABLE TO DETERMINE,2650,W,61ST ST,,NO INDICATION OF INJURY,0,0,0,15,1,10,41.78291306,-87.69066261
09/13/2018 08:00:00 AM,30,STOP SIGN/FLASHER,CLEAR,DAYLIGHT,OTHER,DRY,INJURY AND / OR TOW DUE TO CRASH,,DISREGARDING STOP SIGN,1540,N,KEDZIE AVE,,NONINCAPACITATING INJURY,0,0,1,8,5,9,41.90953277,-87.70715041
6/10/2019 17:30,20,OTHER,CLEAR,DAYLIGHT,NOT DIVIDED,DRY,INJURY AND / OR TOW DUE TO CRASH,Y,UNABLE TO DETERMINE,2433,W,GRANVILLE AVE,,NONINCAPACITATING INJURY,0,0,1,17,2,6,41.99396709,-87.69113096
11/19/2020 01:10:00 PM,30,TRAFFIC SIGNAL,CLEAR,DAYLIGHT,NOT DIVIDED,DRY,NO INJURY / DRIVE AWAY,,DRIVING ON WRONG SIDE/WRONG WAY,122,W,79TH ST,,NO INDICATION OF INJURY,0,0,0,13,5,11,41.75100315,-87.62795522
11/18/2019 09:39:00 AM,30,TRAFFIC SIGNAL,CLEAR,DAYLIGHT,NOT DIVIDED,DRY,INJURY AND / OR TOW DUE TO CRASH,,FAILING TO YIELD RIGHT-OF-WAY,4700,S,STATE ST,,NONINCAPACITATING INJURY,0,0,1,9,2,11,41.80914302,-87.62622913
9/11/2018 8:40,30,NO CONTROLS,CLEAR,DAYLIGHT,DIVIDED - W/MEDIAN (NOT RAISED),DRY,NO INJURY / DRIVE AWAY,,DRIVING SKILLS/KNOWLEDGE/EXPERIENCE,3212,N,BROADWAY,,NO INDICATION OF INJURY,0,0,0,8,3,9,41.94046476,-87.64455986
10/11/2023 18:07,20,NO CONTROLS,RAIN,"DARKNESS, LIGHTED ROAD",ONE-WAY,WET,INJURY AND / OR TOW DUE TO CRASH,,FAILING TO YIELD RIGHT-OF-WAY,4715,S,HOYNE AVE,,NONINCAPACITATING INJURY,0,0,1,18,4,10,41.80801163,-87.67695691
09/27/2015 02:00:00 PM,30,TRAFFIC SIGNAL,CLEAR,"DARKNESS, LIGHTED ROAD",NOT DIVIDED,DRY,NO INJURY / DRIVE AWAY,Y,IMPROPER TURNING/NO SIGNAL,1939,N,WESTERN AVE,,NO INDICATION OF INJURY,0,0,0,14,1,9,41.91680089,-87.68724162
06/28/2022 08:15:00 PM,30,TRAFFIC SIGNAL,UNKNOWN,UNKNOWN,DIVIDED - W/MEDIAN (NOT RAISED),UNKNOWN,NO INJURY / DRIVE AWAY,,UNABLE TO DETERMINE,15,E,OAK ST,,NO INDICATION OF INJURY,0,0,0,20,3,6,41.90064725,-87.62754741
04/16/2021 07:40:00 PM,30,TRAFFIC SIGNAL,CLEAR,DAYLIGHT,NOT DIVIDED,DRY,INJURY AND / OR TOW DUE TO CRASH,,UNABLE TO DETERMINE,600,S,SACRAMENTO BLVD,Y,INCAPACITATING INJURY,0,1,0,19,6,4,41.87369846,-87.70115825
08/24/2019 04:20:00 PM,25,NO CONTROLS,CLEAR,DAYLIGHT,NOT DIVIDED,DRY,INJURY AND / OR TOW DUE TO CRASH,,UNABLE TO DETERMINE,3601,W,GRAND AVE,,INCAPACITATING INJURY,0,1,0,16,7,8,41.90216858,-87.7166763
06/15/2020 10:35:00 AM,30,NO CONTROLS,CLEAR,DAYLIGHT,NOT DIVIDED,DRY,INJURY AND / OR TOW DUE TO CRASH,,FAILING TO YIELD RIGHT-OF-WAY,4108,N,LINCOLN AVE,Y,NONINCAPACITATING INJURY,0,0,1,10,2,6,41.95618973,-87.68034861
09/21/2017 05:30:00 PM,30,NO CONTROLS,CLEAR,DAYLIGHT,ONE-WAY,DRY,NO INJURY / DRIVE AWAY,,DRIVING SKILLS/KNOWLEDGE/EXPERIENCE,149,W,MONROE ST,,NO INDICATION OF INJURY,0,0,0,17,5,9,41.8805691,-87.63225243
11/7/2022 19:30,30,UNKNOWN,CLEAR,DARKNESS,NOT DIVIDED,DRY,INJURY AND / OR TOW DUE TO CRASH,Y,NOT APPLICABLE,5708,S,JUSTINE ST,,INCAPACITATING INJURY,0,1,0,19,2,11,41.78995911,-87.66339489
09/17/2019 07:12:00 PM,30,STOP SIGN/FLASHER,CLEAR,"DARKNESS, LIGHTED ROAD",UNKNOWN INTERSECTION TYPE,DRY,INJURY AND / OR TOW DUE TO CRASH,Y,DISREGARDING STOP SIGN,3100,W,57TH ST,,NONINCAPACITATING INJURY,0,0,1,19,3,9,41.79003155,-87.70107906
6/7/2022 21:11,30,TRAFFIC SIGNAL,CLEAR,"DARKNESS, LIGHTED ROAD",NOT DIVIDED,DRY,INJURY AND / OR TOW DUE TO CRASH,,DISREGARDING TRAFFIC SIGNALS,6000,W,DICKENS AVE,,NONINCAPACITATING INJURY,0,0,1,21,3,6,41.91801958,-87.77557855
04/16/2021 06:45:00 PM,30,TRAFFIC SIGNAL,CLEAR,DAYLIGHT,FOUR WAY,DRY,NO INJURY / DRIVE AWAY,Y,UNABLE TO DETERMINE,2221,N,HALSTED ST,,NO INDICATION OF INJURY,0,0,0,18,6,4,41.92247348,-87.64850854
5/11/2022 9:45,30,NO CONTROLS,CLEAR,DAYLIGHT,FOUR WAY,DRY,INJURY AND / OR TOW DUE TO CRASH,Y,FAILING TO YIELD RIGHT-OF-WAY,1998,W,PRATT BLVD,,NONINCAPACITATING INJURY,0,0,1,9,4,5,42.00531849,-87.68006376
10/6/2020 17:45,30,NO CONTROLS,CLEAR,DAYLIGHT,NOT DIVIDED,DRY,NO INJURY / DRIVE AWAY,,FAILING TO YIELD RIGHT-OF-WAY,4027,W,DIVERSEY AVE,Y,NO INDICATION OF INJURY,0,0,0,17,3,10,41.93166402,-87.72808651
06/21/2018 06:37:00 PM,30,TRAFFIC SIGNAL,CLEAR,DAWN,DIVIDED - W/MEDIAN (NOT RAISED),WET,INJURY AND / OR TOW DUE TO CRASH,,FOLLOWING TOO CLOSELY,7427,S,ASHLAND AVE,,INCAPACITATING INJURY,0,1,0,18,5,6,41.75869028,-87.66347895
12/23/2017 02:45:00 PM,45,TRAFFIC SIGNAL,CLEAR,DAYLIGHT,OTHER,DRY,INJURY AND / OR TOW DUE TO CRASH,Y,DISREGARDING TRAFFIC SIGNALS,6232,S,LAKE SHORE DR,,NONINCAPACITATING INJURY,0,0,1,14,7,12,41.78132031,-87.57507937
8/5/2023 8:00,30,UNKNOWN,CLOUDY/OVERCAST,DAYLIGHT,DIVIDED - W/MEDIAN (NOT RAISED),DRY,INJURY AND / OR TOW DUE TO CRASH,,UNABLE TO DETERMINE,3401,S,CALIFORNIA AVE,N,INCAPACITATING INJURY,0,2,0,8,7,8,41.8321338,-87.69472806
9/9/2017 7:32,30,YIELD,CLEAR,DAYLIGHT,DIVIDED - W/MEDIAN (NOT RAISED),DRY,INJURY AND / OR TOW DUE TO CRASH,,FAILING TO YIELD RIGHT-OF-WAY,458,N,CICERO AVE,,NONINCAPACITATING INJURY,0,0,1,7,7,9,41.88952204,-87.74576128
05/23/2018 02:09:00 PM,20,NO CONTROLS,CLEAR,DAYLIGHT,DIVIDED - W/MEDIAN (NOT RAISED),UNKNOWN,INJURY AND / OR TOW DUE TO CRASH,,UNABLE TO DETERMINE,3138,N,LONG AVE,Y,NONINCAPACITATING INJURY,0,0,1,14,4,5,41.93800657,-87.76171914
03/14/2018 06:08:00 PM,30,NO CONTROLS,CLEAR,DAWN,NOT DIVIDED,DRY,INJURY AND / OR TOW DUE TO CRASH,,UNABLE TO DETERMINE,816,S,CENTRAL PARK AVE,,NONINCAPACITATING INJURY,0,0,1,18,4,3,41.87025425,-87.71568994
8/7/2022 17:19,30,NO CONTROLS,CLOUDY/OVERCAST,DAYLIGHT,DIVIDED - W/MEDIAN (NOT RAISED),DRY,INJURY AND / OR TOW DUE TO CRASH,Y,UNABLE TO DETERMINE,118,W,75TH ST,,NONINCAPACITATING INJURY,0,0,1,17,1,8,41.75829242,-87.62796879
8/12/2018 0:21,35,UNKNOWN,CLEAR,"DARKNESS, LIGHTED ROAD",ONE-WAY,DRY,INJURY AND / OR TOW DUE TO CRASH,Y,UNDER THE INFLUENCE OF ALCOHOL/DRUGS (USE WHEN ARREST IS EFFECTED),1200,W,COLUMBIA AVE,,INCAPACITATING INJURY,0,1,0,0,1,8,42.00463964,-87.6609893