CRASH_DATE,POSTED_SPEED_LIMIT,TRAFFIC_CONTROL_DEVICE,WEATHER_CONDITION,LIGHTING_CONDITION,TRAFFICWAY_TYPE,ROADWAY_SURFACE_COND,CRASH_TYPE,HIT_AND_RUN_I,PRIM_CONTRIBUTORY_CAUSE,STREET_NO,STREET_DIRECTION,STREET_NAME,DOORING_I,MOST_SEVERE_INJURY,INJURIES_FATAL,INJURIES_INCAPACITATING,INJURIES_NON_INCAPACITATING,CRASH_HOUR,CRASH_DAY_OF_WEEK,CRASH_MONTH,LATITUDE,LONGITUDE
6/9/2016 9:00,30,NO CONTROLS,CLOUDY/OVERCAST,DAYLIGHT,NOT DIVIDED,DRY,NO INJURY / DRIVE AWAY,Y,"OPERATING VEHICLE IN ERRATIC, RECKLESS, CARELESS, NEGLIGENT OR AGGRESSIVE MANNER",1129,W,CHICAGO AVE,,NO INDICATION OF INJURY,0,0,0,9,5,6,41.89613873,-87.65634571
06/18/2019 03:11:00 PM,30,STOP SIGN/FLASHER,CLEAR,DAYLIGHT,NOT DIVIDED,DRY,INJURY AND / OR TOW DUE TO CRASH,,UNABLE TO DETERMINE,3300,S,WALLACE ST,,NONINCAPACITATING INJURY,0,0,1,15,3,6,41.83436696,-87.64147035
11/21/2020 11:15:00 PM,30,TRAFFIC SIGNAL,CLEAR,"DARKNESS, LIGHTED ROAD",NOT DIVIDED,DRY,INJURY AND / OR TOW DUE TO CRASH,,FAILING TO YIELD RIGHT-OF-WAY,800,W,ROOSEVELT RD,,NONINCAPACITATING INJURY,0,0,1,23,7,11,41.8672631,-87.64697269
07/14/2022 05:00:00 PM,30,NO CONTROLS,CLEAR,DAYLIGHT,NOT DIVIDED,DRY,INJURY AND / OR TOW DUE TO CRASH,Y,FOLLOWING TOO CLOSELY,4022,W,PALMER ST,,"REPORTED, NOT EVIDENT",0,0,0,17,5,7,41.92092303,-87.72765465
08/26/2021 02:40:00 PM,30,NO CONTROLS,CLEAR,DAYLIGHT,DIVIDED - W/MEDIAN (NOT RAISED),DRY,INJURY AND / OR TOW DUE TO CRASH,,UNABLE TO DETERMINE,1333,S,HALSTED ST,Y,NONINCAPACITATING INJURY,0,0,1,14,5,8,41.86447946,-87.64669273
9/1/2023 11:55,30,NO CONTROLS,CLEAR,DAYLIGHT,NOT DIVIDED,DRY,NO INJURY / DRIVE AWAY,,IMPROPER TURNING/NO SIGNAL,1038,W,18TH ST,,NO INDICATION OF INJURY,0,0,0,11,6,9,41.85811153,-87.65300981
05/16/2022 09:00:00 AM,30,NO CONTROLS,CLEAR,DAYLIGHT,DIVIDED - W/MEDIAN (NOT RAISED),DRY,INJURY AND / OR TOW DUE TO CRASH,,UNABLE TO DETERMINE,116,S,HALSTED ST,Y,"REPORTED, NOT EVIDENT",0,0,0,9,2,5,41.87994232,-87.64745274
05/15/2018 05:20:00 PM,30,NO CONTROLS,CLEAR,DAYLIGHT,NOT DIVIDED,DRY,INJURY AND / OR TOW DUE TO CRASH,,FAILING TO YIELD RIGHT-OF-WAY,4397,N,CICERO AVE,,"REPORTED, NOT EVIDENT",0,0,0,17,3,5,41.96068491,-87.74738425
07/18/2018 02:20:00 PM,30,TRAFFIC SIGNAL,CLEAR,DAYLIGHT,NOT DIVIDED,DRY,INJURY AND / OR TOW DUE TO CRASH,,UNABLE TO DETERMINE,5200,N,DAMEN AVE,Y,NONINCAPACITATING INJURY,0,0,1,14,4,7,41.97607494,-87.67955246
01/30/2021 03:05:00 PM,30,TRAFFIC SIGNAL,SNOW,DAYLIGHT,FOUR WAY,WET,NO INJURY / DRIVE AWAY,,WEATHER,3200,W,ADDISON ST,,NO INDICATION OF INJURY,0,0,0,15,7,1,41.94674003,-87.70787549
6/6/2016 13:30,30,UNKNOWN,UNKNOWN,DAYLIGHT,DIVIDED - W/MEDIAN (NOT RAISED),UNKNOWN,INJURY AND / OR TOW DUE TO CRASH,,DRIVING SKILLS/KNOWLEDGE/EXPERIENCE,3635,N,KEDZIE AVE,,INCAPACITATING INJURY,0,1,1,13,2,6,41.94768507,-87.70770229
11/24/2019 04:07:00 PM,30,NO CONTROLS,CLEAR,DAYLIGHT,NOT DIVIDED,DRY,INJURY AND / OR TOW DUE TO CRASH,,FAILING TO YIELD RIGHT-OF-WAY,3100,S,THROOP ST,,NONINCAPACITATING INJURY,0,0,1,16,1,11,41.83783109,-87.6585865
09/29/2019 07:35:00 PM,20,STOP SIGN/FLASHER,RAIN,"DARKNESS, LIGHTED ROAD",ONE-WAY,WET,INJURY AND / OR TOW DUE TO CRASH,,UNABLE TO DETERMINE,5059,W,PARKER AVE,,NONINCAPACITATING INJURY,0,0,1,19,1,9,41.93042014,-87.75380104
10/12/2020 13:58,30,STOP SIGN/FLASHER,RAIN,DAYLIGHT,CENTER TURN LANE,WET,INJURY AND / OR TOW DUE TO CRASH,,FOLLOWING TOO CLOSELY,6350,N,WESTERN AVE,,NONINCAPACITATING INJURY,0,0,1,13,2,10,41.99741048,-87.69001973
6/4/2021 18:50,30,TRAFFIC SIGNAL,CLEAR,DAYLIGHT,FOUR WAY,DRY,INJURY AND / OR TOW DUE TO CRASH,,NOT APPLICABLE,2402,W,OGDEN AVE,,NONINCAPACITATING INJURY,0,0,1,18,6,6,41.86480257,-87.68622167
11/11/2020 16:52,30,TRAFFIC SIGNAL,CLEAR,"DARKNESS, LIGHTED ROAD",T-INTERSECTION,DRY,INJURY AND / OR TOW DUE TO CRASH,,FAILING TO YIELD RIGHT-OF-WAY,2801,N,WOLCOTT AVE,,NONINCAPACITATING INJURY,0,0,1,16,4,11,41.93236883,-87.67552221
08/14/2020 02:53:00 PM,30,TRAFFIC SIGNAL,CLEAR,DAYLIGHT,FOUR WAY,DRY,INJURY AND / OR TOW DUE TO CRASH,,"OPERATING VEHICLE IN ERRATIC, RECKLESS, CARELESS, NEGLIGENT OR AGGRESSIVE MANNER",1,W,ROOSEVELT RD,,INCAPACITATING INJURY,0,1,0,14,6,8,41.86730244,-87.62751761
03/18/2022 02:52:00 PM,30,STOP SIGN/FLASHER,RAIN,DAYLIGHT,DIVIDED - W/MEDIAN (NOT RAISED),WET,INJURY AND / OR TOW DUE TO CRASH,Y,UNABLE TO DETERMINE,1758,W,19TH ST,,NONINCAPACITATING INJURY,0,0,1,14,6,3,41.85601456,-87.67095526
03/24/2022 12:31:00 PM,30,TRAFFIC SIGNAL,RAIN,DAYLIGHT,NOT DIVIDED,WET,INJURY AND / OR TOW DUE TO CRASH,Y,IMPROPER TURNING/NO SIGNAL,1000,N,DAMEN AVE,,"REPORTED, NOT EVIDENT",0,0,0,12,5,3,41.89959483,-87.67730374
9/8/2022 14:45,30,STOP SIGN/FLASHER,CLEAR,DAYLIGHT,FOUR WAY,DRY,NO INJURY / DRIVE AWAY,,FAILING TO YIELD RIGHT-OF-WAY,2000,W,HUBBARD ST,,NO INDICATION OF INJURY,0,0,0,14,5,9,41.88983392,-87.67699972
08/25/2021 05:00:00 PM,30,TRAFFIC SIGNAL,CLEAR,DAYLIGHT,NOT DIVIDED,DRY,INJURY AND / OR TOW DUE TO CRASH,,IMPROPER OVERTAKING/PASSING,8111,S,SOUTH CHICAGO AVE,N,NONINCAPACITATING INJURY,0,0,1,17,4,8,41.74741019,-87.57968269
8/7/2019 10:15,25,STOP SIGN/FLASHER,CLEAR,DAYLIGHT,ONE-WAY,DRY,NO INJURY / DRIVE AWAY,,DISREGARDING STOP SIGN,2630,W,WARREN BLVD,,NO INDICATION OF INJURY,0,0,0,10,4,8,41.88213982,-87.69217652
06/21/2022 05:00:00 PM,30,TRAFFIC SIGNAL,CLEAR,DAYLIGHT,NOT DIVIDED,DRY,INJURY AND / OR TOW DUE TO CRASH,,FAILING TO YIELD RIGHT-OF-WAY,100,S,LAKE SHORE DR SB,,"REPORTED, NOT EVIDENT",0,0,0,17,3,6,41.88085605,-87.61763589
09/24/2017 02:37:00 PM,30,TRAFFIC SIGNAL,CLEAR,DAYLIGHT,NOT DIVIDED,DRY,INJURY AND / OR TOW DUE TO CRASH,,FAILING TO YIELD RIGHT-OF-WAY,4700,W,DIVERSEY AVE,,NONINCAPACITATING INJURY,0,0,1,14,1,9,41.93167452,-87.74420824
4/7/2018 18:35,30,NO CONTROLS,CLEAR,DAYLIGHT,NOT DIVIDED,DRY,INJURY AND / OR TOW DUE TO CRASH,,IMPROPER LANE USAGE,5100,S,ELLIS AVE,,NONINCAPACITATING INJURY,0,0,1,18,7,4,41.80224038,-87.60151227
6/8/2022 21:13,30,STOP SIGN/FLASHER,CLEAR,DARKNESS,T-INTERSECTION,UNKNOWN,INJURY AND / OR TOW DUE TO CRASH,,DISREGARDING STOP SIGN,6801,N,RAVENSWOOD AVE,,NONINCAPACITATING INJURY,0,0,1,21,4,6,42.00537253,-87.675087
07/24/2018 09:40:00 PM,30,UNKNOWN,CLEAR,"DARKNESS, LIGHTED ROAD",DIVIDED - W/MEDIAN (NOT RAISED),UNKNOWN,INJURY AND / OR TOW DUE TO CRASH,,NOT APPLICABLE,801,S,HALSTED ST,N,"REPORTED, NOT EVIDENT",0,0,0,21,3,7,41.87185759,-87.6468729
06/26/2021 03:41:00 PM,30,TRAFFIC SIGNAL,RAIN,DAYLIGHT,NOT DIVIDED,WET,NO INJURY / DRIVE AWAY,,UNABLE TO DETERMINE,2610,N,HALSTED ST,,NO INDICATION OF INJURY,0,0,0,15,7,6,41.92946206,-87.64904948
5/4/2018 16:55,30,NO CONTROLS,CLEAR,DAYLIGHT,NOT DIVIDED,DRY,INJURY AND / OR TOW DUE TO CRASH,,FAILING TO YIELD RIGHT-OF-WAY,1010,N,CLARK ST,,NONINCAPACITATING INJURY,0,0,1,16,6,5,41.90092043,-87.63150722
04/22/2022 05:51:00 PM,25,STOP SIGN/FLASHER,CLEAR,DUSK,DIVIDED - W/MEDIAN BARRIER,WET,INJURY AND / OR TOW DUE TO CRASH,,UNABLE TO DETERMINE,1051,W,RANDOLPH ST,,NONINCAPACITATING INJURY,0,0,1,17,6,4,41.88417997,-87.65411135
12/31/2019 02:25:00 PM,30,NO CONTROLS,CLEAR,DAYLIGHT,DIVIDED - W/MEDIAN (NOT RAISED),SNOW OR SLUSH,INJURY AND / OR TOW DUE TO CRASH,,FAILING TO YIELD RIGHT-OF-WAY,1401,S,CANAL ST,,"REPORTED, NOT EVIDENT",0,0,0,14,3,12,41.86360411,-87.63897966
12/30/2021 04:30:00 PM,30,UNKNOWN,CLEAR,UNKNOWN,NOT DIVIDED,UNKNOWN,INJURY AND / OR TOW DUE TO CRASH,Y,UNABLE TO DETERMINE,908,W,MONTROSE AVE,,"REPORTED, NOT EVIDENT",0,0,0,16,5,12,41.96191447,-87.65275134
10/12/2017 23:49,25,DELINEATORS,CLEAR,"DARKNESS, LIGHTED ROAD",NOT DIVIDED,DRY,INJURY AND / OR TOW DUE TO CRASH,,DISTRACTION - FROM INSIDE VEHICLE,3507,N,HALSTED ST,Y,NONINCAPACITATING INJURY,0,0,1,23,5,10,41.9456985,-87.6492916
10/18/2017 07:45:00 AM,0,NO CONTROLS,CLEAR,DAYLIGHT,NOT DIVIDED,DRY,INJURY AND / OR TOW DUE TO CRASH,,IMPROPER OVERTAKING/PASSING,300,S,STATE ST,,NONINCAPACITATING INJURY,0,0,1,7,4,10,41.87811121,-87.62782208
7/9/2022 19:15,30,TRAFFIC SIGNAL,UNKNOWN,UNKNOWN,NOT DIVIDED,UNKNOWN,INJURY AND / OR TOW DUE TO CRASH,,DISTRACTION - FROM INSIDE VEHICLE,1316,S,HALSTED ST,Y,"REPORTED, NOT EVIDENT",0,0,0,19,7,7,41.8649599,-87.64699992
8/4/2018 18:42,30,NO CONTROLS,CLEAR,DAYLIGHT,NOT DIVIDED,DRY,INJURY AND / OR TOW DUE TO CRASH,,FAILING TO YIELD RIGHT-OF-WAY,311,S,CENTRAL AVE,,NONINCAPACITATING INJURY,0,0,1,18,7,8,41.8761547,-87.764568
01/24/2018 10:05:00 AM,30,TRAFFIC SIGNAL,CLEAR,DAYLIGHT,OTHER,DRY,NO INJURY / DRIVE AWAY,,DISREGARDING TRAFFIC SIGNALS,101,S,MICHIGAN AVE,,NO INDICATION OF INJURY,0,0,0,10,4,1,41.88075664,-87.62418986
7/12/2019 22:44,30,NO CONTROLS,CLEAR,"DARKNESS, LIGHTED ROAD",NOT DIVIDED,DRY,INJURY AND / OR TOW DUE TO CRASH,Y,UNABLE TO DETERMINE,2000,S,HALSTED ST,,NONINCAPACITATING INJURY,0,0,1,22,6,7,41.85531495,-87.64671824
12/3/2020 18:33,30,NO CONTROLS,CLEAR,"DARKNESS, LIGHTED ROAD",DIVIDED - W/MEDIAN (NOT RAISED),DRY,NO INJURY / DRIVE AWAY,,EQUIPMENT - VEHICLE CONDITION,1770,N,MILWAUKEE AVE,,NO INDICATION OF INJURY,0,0,0,18,5,12,41.91345632,-87.6824489
06/25/2019 09:37:00 AM,35,TRAFFIC SIGNAL,CLEAR,DAYLIGHT,NOT DIVIDED,DRY,INJURY AND / OR TOW DUE TO CRASH,,UNABLE TO DETERMINE,3201,N,ASHLAND AVE,,NONINCAPACITATING INJURY,0,0,1,9,3,6,41.93974462,-87.6685161
8/6/2020 19:05,30,NO CONTROLS,CLEAR,DAYLIGHT,NOT DIVIDED,DRY,INJURY AND / OR TOW DUE TO CRASH,,UNABLE TO DETERMINE,3913,N,BROADWAY,,NONINCAPACITATING INJURY,0,0,1,19,5,8,41.95325699,-87.64954604
10/16/2017 05:30:00 PM,30,NO CONTROLS,CLEAR,DAYLIGHT,ONE-WAY,DRY,INJURY AND / OR TOW DUE TO CRASH,,FOLLOWING TOO CLOSELY,630,N,CLARK ST,,"REPORTED, NOT EVIDENT",0,0,0,17,2,10,41.89326784,-87.63131593
08/16/2019 09:29:00 PM,30,STOP SIGN/FLASHER,CLEAR,"DARKNESS, LIGHTED ROAD",DIVIDED - W/MEDIAN (NOT RAISED),DRY,NO INJURY / DRIVE AWAY,Y,DISREGARDING STOP SIGN,936,W,WEBSTER AVE,,NO INDICATION OF INJURY,0,0,0,21,6,8,41.92186504,-87.65250765
7/11/2022 10:00,10,NO CONTROLS,CLEAR,DAYLIGHT,DRIVEWAY,DRY,NO INJURY / DRIVE AWAY,,DRIVING ON WRONG SIDE/WRONG WAY,1316,W,CERMAK RD,,NO INDICATION OF INJURY,0,0,0,10,2,7,41.85255525,-87.65941106
05/16/2022 06:00:00 AM,30,NO CONTROLS,CLEAR,DAYLIGHT,NOT DIVIDED,DRY,NO INJURY / DRIVE AWAY,,FOLLOWING TOO CLOSELY,458,S,DAMEN AVE,,NO INDICATION OF INJURY,0,0,0,6,2,5,41.87503627,-87.67663458
10/19/2018 05:00:00 PM,30,TRAFFIC SIGNAL,RAIN,DAYLIGHT,NOT DIVIDED,WET,INJURY AND / OR TOW DUE TO CRASH,Y,UNABLE TO DETERMINE,7400,S,HALSTED ST,,NONINCAPACITATING INJURY,0,0,1,17,6,10,41.75967458,-87.64442024
6/4/2019 17:20,30,NO CONTROLS,CLEAR,DAYLIGHT,NOT DIVIDED,DRY,INJURY AND / OR TOW DUE TO CRASH,,UNABLE TO DETERMINE,3020,W,103RD ST,,INCAPACITATING INJURY,0,1,0,17,3,6,41.70636154,-87.6972856
8/8/2019 12:45,30,STOP SIGN/FLASHER,CLEAR,DAYLIGHT,NOT DIVIDED,DRY,INJURY AND / OR TOW DUE TO CRASH,,UNABLE TO DETERMINE,2437,N,RACINE AVE,,NONINCAPACITATING INJURY,0,0,1,12,5,8,41.92636771,-87.65834301
07/15/2023 02:52:00 PM,30,TRAFFIC SIGNAL,CLEAR,DAYLIGHT,NOT DIVIDED,DRY,NO INJURY / DRIVE AWAY,,NOT APPLICABLE,299,S,STATE ST,,NO INDICATION OF INJURY,0,0,0,14,7,7,41.87820977,-87.62753115
07/14/2023 08:00:00 AM,30,UNKNOWN,CLOUDY/OVERCAST,DAYLIGHT,UNKNOWN,UNKNOWN,NO INJURY / DRIVE AWAY,,UNABLE TO DETERMINE,1955,W,WINNEMAC AVE,,NO INDICATION OF INJURY,0,0,0,8,6,7,41.97315953,-87.67847299
10/27/2021 08:22:00 PM,25,NO CONTROLS,CLEAR,DARKNESS,NOT DIVIDED,DRY,INJURY AND / OR TOW DUE TO CRASH,Y,UNABLE TO DETERMINE,1712,W,ADDISON ST,,NO INDICATION OF INJURY,0,0,0,20,4,10,41.94705912,-87.67189075
09/27/2021 04:20:00 PM,30,UNKNOWN,CLEAR,DAYLIGHT,DIVIDED - W/MEDIAN (NOT RAISED),DRY,INJURY AND / OR TOW DUE TO CRASH,Y,UNABLE TO DETERMINE,3440,N,MILWAUKEE AVE,,NONINCAPACITATING INJURY,0,0,1,16,2,9,41.94373165,-87.73168571
10/19/2020 06:15:00 PM,30,NO CONTROLS,RAIN,DARKNESS,NOT DIVIDED,WET,INJURY AND / OR TOW DUE TO CRASH,Y,FAILING TO YIELD RIGHT-OF-WAY,3258,N,OAK PARK AVE,Y,NONINCAPACITATING INJURY,0,0,1,18,2,10,41.93988524,-87.79591094
07/24/2023 04:30:00 PM,30,NO CONTROLS,CLEAR,DAYLIGHT,DIVIDED - W/MEDIAN (NOT RAISED),DRY,INJURY AND / OR TOW DUE TO CRASH,,IMPROPER TURNING/NO SIGNAL,1521,S,HALSTED ST,,NONINCAPACITATING INJURY,0,0,1,16,2,7,41.86110623,-87.64659506
6/6/2023 7:18,35,TRAFFIC SIGNAL,CLEAR,DAYLIGHT,NOT DIVIDED,DRY,INJURY AND / OR TOW DUE TO CRASH,,UNABLE TO DETERMINE,2000,N,CLYBOURN AVE,,NONINCAPACITATING INJURY,0,0,1,7,3,6,41.91758179,-87.6590229
6/10/2023 20:04,30,NO CONTROLS,CLEAR,DUSK,NOT DIVIDED,DRY,INJURY AND / OR TOW DUE TO CRASH,N,"EVASIVE ACTION DUE TO ANIMAL, OBJECT, NONMOTORIST",1360,N,LAKE SHORE DR NB,,NONINCAPACITATING INJURY,0,0,1,20,7,6,41.90756465,-87.62565846
08/20/2016 04:00:00 PM,30,UNKNOWN,UNKNOWN,UNKNOWN,DIVIDED - W/MEDIAN (NOT RAISED),UNKNOWN,NO INJURY / DRIVE AWAY,,UNABLE TO DETERMINE,3600,N,HALSTED ST,,NO INDICATION OF INJURY,0,0,0,16,7,8,41.94740174,-87.64963658
04/17/2023 07:38:00 AM,30,STOP SIGN/FLASHER,SNOW,DAYLIGHT,FOUR WAY,WET,INJURY AND / OR TOW DUE TO CRASH,Y,FAILING TO YIELD RIGHT-OF-WAY,4332,W,IRVING PARK RD,,NONINCAPACITATING INJURY,0,0,1,7,2,4,41.95365207,-87.73686498
8/2/2018 9:10,30,TRAFFIC SIGNAL,CLEAR,DAYLIGHT,NOT DIVIDED,DRY,INJURY AND / OR TOW DUE TO CRASH,,IMPROPER TURNING/NO SIGNAL,3400,W,FULLERTON AVE,,NONINCAPACITATING INJURY,0,0,1,9,5,8,41.9247696,-87.71216993
6/1/2018 17:41,30,STOP SIGN/FLASHER,CLEAR,DAYLIGHT,NOT DIVIDED,DRY,INJURY AND / OR TOW DUE TO CRASH,,FAILING TO YIELD RIGHT-OF-WAY,1240,N,HALSTED ST,,NONINCAPACITATING INJURY,0,0,1,17,6,6,41.90470696,-87.64827037
09/19/2022 01:10:00 PM,15,NO CONTROLS,CLEAR,DAYLIGHT,PARKING LOT,DRY,NO INJURY / DRIVE AWAY,,UNABLE TO DETERMINE,4798,W,IRVING PARK RD,,NO INDICATION OF INJURY,0,0,0,13,2,9,41.95353056,-87.74722436
10/19/2017 02:00:00 PM,30,NO CONTROLS,CLEAR,DAYLIGHT,NOT DIVIDED,DRY,INJURY AND / OR TOW DUE TO CRASH,,FAILING TO YIELD RIGHT-OF-WAY,709,N,DAMEN AVE,,NONINCAPACITATING INJURY,0,0,1,14,5,10,41.8943851,-87.67686177
8/8/2021 0:00,30,NO CONTROLS,CLEAR,DAYLIGHT,ONE-WAY,DRY,NO INJURY / DRIVE AWAY,Y,UNABLE TO DETERMINE,402,E,89TH ST,,NO INDICATION OF INJURY,0,0,0,0,1,8,41.73296211,-87.61423772
05/13/2019 03:07:00 PM,30,NO CONTROLS,CLEAR,DAYLIGHT,NOT DIVIDED,DRY,INJURY AND / OR TOW DUE TO CRASH,Y,UNABLE TO DETERMINE,1023,W,ARGYLE ST,,NONINCAPACITATING INJURY,0,0,1,15,2,5,41.97318775,-87.65592129
3/5/2023 13:20,30,NO CONTROLS,CLEAR,DAYLIGHT,NOT DIVIDED,DRY,INJURY AND / OR TOW DUE TO CRASH,Y,UNABLE TO DETERMINE,4221,N,KEDZIE AVE,,NONINCAPACITATING INJURY,0,0,1,13,1,3,41.95820862,-87.70800291
01/26/2018 12:10:00 PM,30,LANE USE MARKING,CLEAR,DAYLIGHT,NOT DIVIDED,DRY,INJURY AND / OR TOW DUE TO CRASH,Y,FAILING TO YIELD RIGHT-OF-WAY,751,S,CANAL ST,,NONINCAPACITATING INJURY,0,0,1,12,6,1,41.87210743,-87.63920823
06/22/2019 01:15:00 AM,30,TRAFFIC SIGNAL,CLEAR,"DARKNESS, LIGHTED ROAD",FOUR WAY,DRY,INJURY AND / OR TOW DUE TO CRASH,,DISREGARDING TRAFFIC SIGNALS,200,W,NORTH AVE,,"REPORTED, NOT EVIDENT",0,0,0,1,7,6,41.91127114,-87.63476048
04/29/2023 04:30:00 PM,30,STOP SIGN/FLASHER,CLEAR,DAYLIGHT,NOT DIVIDED,DRY,INJURY AND / OR TOW DUE TO CRASH,,UNABLE TO DETERMINE,7100,S,UNION AVE,,NONINCAPACITATING INJURY,0,0,1,16,7,4,41.76515609,-87.64168827
06/28/2020 07:30:00 PM,30,NO CONTROLS,CLEAR,DAYLIGHT,DIVIDED - W/MEDIAN (NOT RAISED),DRY,NO INJURY / DRIVE AWAY,,DRIVING ON WRONG SIDE/WRONG WAY,2400,S,LEAVITT ST,,NO INDICATION OF INJURY,0,0,0,19,1,6,41.84842782,-87.68078957
06/20/2018 06:50:00 PM,30,NO CONTROLS,CLEAR,DUSK,NOT DIVIDED,DRY,NO INJURY / DRIVE AWAY,,DRIVING SKILLS/KNOWLEDGE/EXPERIENCE,938,W,29TH ST,Y,NO INDICATION OF INJURY,0,0,0,18,4,6,41.84112195,-87.65043055
11/15/2018 02:15:00 PM,30,NO CONTROLS,CLEAR,DUSK,NOT DIVIDED,DRY,NO INJURY / DRIVE AWAY,,NOT APPLICABLE,5600,S,PULASKI RD,,NO INDICATION OF INJURY,0,0,0,14,5,11,41.79134942,-87.72325532
07/19/2018 12:30:00 PM,0,TRAFFIC SIGNAL,CLEAR,DAYLIGHT,DIVIDED - W/MEDIAN (NOT RAISED),DRY,INJURY AND / OR TOW DUE TO CRASH,,DRIVING SKILLS/KNOWLEDGE/EXPERIENCE,4901,W,BELMONT AVE,,INCAPACITATING INJURY,0,1,0,12,5,7,41.93868507,-87.74936701
10/8/2016 16:00,30,NO CONTROLS,CLEAR,DAYLIGHT,ONE-WAY,DRY,NO INJURY / DRIVE AWAY,,FOLLOWING TOO CLOSELY,1800,S,RUBLE ST,,NO INDICATION OF INJURY,0,0,0,16,7,10,41.85754775,-87.64392609
2/7/2019 12:48,30,TRAFFIC SIGNAL,CLOUDY/OVERCAST,DAYLIGHT,NOT DIVIDED,WET,INJURY AND / OR TOW DUE TO CRASH,Y,FAILING TO YIELD RIGHT-OF-WAY,3100,S,CALIFORNIA AVE,,"REPORTED, NOT EVIDENT",0,0,0,12,5,2,41.83727705,-87.69517225
10/24/2017 07:35:00 AM,30,TRAFFIC SIGNAL,RAIN,DAWN,DIVIDED - W/MEDIAN (NOT RAISED),WET,INJURY AND / OR TOW DUE TO CRASH,,FAILING TO YIELD RIGHT-OF-WAY,4700,S,RACINE AVE,,NONINCAPACITATING INJURY,0,0,1,7,3,10,41.80868788,-87.65538678
8/8/2021 12:52,30,TRAFFIC SIGNAL,CLEAR,DAYLIGHT,NOT DIVIDED,DRY,NO INJURY / DRIVE AWAY,,UNABLE TO DETERMINE,1801,W,DIVISION ST,,NO INDICATION OF INJURY,0,0,0,12,1,8,41.90315615,-87.67242232
5/10/2021 8:50,30,NO CONTROLS,CLEAR,DAYLIGHT,NOT DIVIDED,DRY,INJURY AND / OR TOW DUE TO CRASH,Y,IMPROPER LANE USAGE,1324,S,CENTRAL PARK AVE,,NONINCAPACITATING INJURY,0,0,1,8,2,5,41.86361131,-87.71548796
06/15/2023 05:30:00 AM,30,NO CONTROLS,CLEAR,DAWN,DIVIDED - W/MEDIAN (NOT RAISED),DRY,INJURY AND / OR TOW DUE TO CRASH,,UNABLE TO DETERMINE,2130,N,ELSTON AVE,Y,NONINCAPACITATING INJURY,0,0,1,5,5,6,41.92015903,-87.67061215
06/15/2023 03:35:00 PM,30,NO CONTROLS,CLEAR,DAYLIGHT,NOT DIVIDED,DRY,INJURY AND / OR TOW DUE TO CRASH,,FAILING TO YIELD RIGHT-OF-WAY,1653,S,BLUE ISLAND AVE,,NONINCAPACITATING INJURY,0,0,1,15,5,6,41.85836854,-87.66055162
12/29/2021 02:28:00 PM,30,TRAFFIC SIGNAL,CLEAR,DAYLIGHT,FOUR WAY,DRY,INJURY AND / OR TOW DUE TO CRASH,,FAILING TO YIELD RIGHT-OF-WAY,4759,N,SHERIDAN RD,,"REPORTED, NOT EVIDENT",0,0,0,14,4,12,41.96904668,-87.65467406
07/19/2020 06:10:00 PM,30,NO CONTROLS,CLEAR,DAYLIGHT,ONE-WAY,DRY,NO INJURY / DRIVE AWAY,,UNABLE TO DETERMINE,435,W,EVERGREEN AVE,Y,NO INDICATION OF INJURY,0,0,0,18,1,7,41.9063846,-87.63987861
11/14/2020 11:25:00 AM,30,STOP SIGN/FLASHER,CLEAR,DAYLIGHT,T-INTERSECTION,DRY,NO INJURY / DRIVE AWAY,,FAILING TO YIELD RIGHT-OF-WAY,2900,N,HALSTED ST,,NO INDICATION OF INJURY,0,0,0,11,7,11,41.93458684,-87.64922532
06/20/2018 11:43:00 AM,30,NO CONTROLS,CLEAR,DAYLIGHT,DIVIDED - W/MEDIAN (NOT RAISED),DRY,INJURY AND / OR TOW DUE TO CRASH,,UNABLE TO DETERMINE,929,W,35TH ST,Y,NONINCAPACITATING INJURY,0,0,1,11,4,6,41.83060359,-87.6489436
9/1/2022 22:00,35,NO CONTROLS,CLEAR,"DARKNESS, LIGHTED ROAD",DIVIDED - W/MEDIAN (NOT RAISED),DRY,INJURY AND / OR TOW DUE TO CRASH,Y,FAILING TO YIELD RIGHT-OF-WAY,1121,S,CICERO AVE,,INCAPACITATING INJURY,0,1,0,22,5,9,41.86669873,-87.7446333
10/13/2020 11:15:00 AM,35,NO CONTROLS,CLEAR,DAYLIGHT,DIVIDED - W/MEDIAN (NOT RAISED),DRY,NO INJURY / DRIVE AWAY,,IMPROPER LANE USAGE,114,W,DIVISION ST,,NO INDICATION OF INJURY,0,0,0,11,3,10,41.9039993,-87.63214109
07/28/2022 03:15:00 PM,30,NO CONTROLS,CLEAR,DAYLIGHT,OTHER,DRY,INJURY AND / OR TOW DUE TO CRASH,,UNABLE TO DETERMINE,2960,W,CERMAK RD,,"REPORTED, NOT EVIDENT",0,0,0,15,5,7,41.85194911,-87.70030294
07/28/2023 09:10:00 PM,30,NO CONTROLS,CLEAR,"DARKNESS, LIGHTED ROAD",NOT DIVIDED,DRY,NO INJURY / DRIVE AWAY,,DISTRACTION - FROM INSIDE VEHICLE,2400,W,DEVON AVE,Y,NO INDICATION OF INJURY,0,0,0,21,6,7,41.99783811,-87.68994854