CRASH_DATE,POSTED_SPEED_LIMIT,TRAFFIC_CONTROL_DEVICE,WEATHER_CONDITION,LIGHTING_CONDITION,TRAFFICWAY_TYPE,ROADWAY_SURFACE_COND,CRASH_TYPE,HIT_AND_RUN_I,PRIM_CONTRIBUTORY_CAUSE,STREET_NO,STREET_DIRECTION,STREET_NAME,DOORING_I,MOST_SEVERE_INJURY,INJURIES_FATAL,INJURIES_INCAPACITATING,INJURIES_NON_INCAPACITATING,CRASH_HOUR,CRASH_DAY_OF_WEEK,CRASH_MONTH,LATITUDE,LONGITUDE
8/1/2023 20:00,30,NO CONTROLS,CLEAR,"DARKNESS, LIGHTED ROAD",DIVIDED - W/MEDIAN (NOT RAISED),DRY,NO INJURY / DRIVE AWAY,,FAILING TO YIELD RIGHT-OF-WAY,4999,W,LAWRENCE AVE,,NO INDICATION OF INJURY,0,0,0,20,3,8,41.96785831,-87.75257257
08/29/2021 10:00:00 AM,30,TRAFFIC SIGNAL,CLEAR,DAYLIGHT,DIVIDED - W/MEDIAN (NOT RAISED),DRY,NO INJURY / DRIVE AWAY,,FOLLOWING TOO CLOSELY,2600,S,WESTERN AVE,,NO INDICATION OF INJURY,0,0,0,10,1,8,41.84482038,-87.68559311
11/11/2021 0:00,30,UNKNOWN,UNKNOWN,UNKNOWN,DIVIDED - W/MEDIAN (NOT RAISED),DRY,NO INJURY / DRIVE AWAY,Y,UNABLE TO DETERMINE,2800,N,CLARK ST,,NO INDICATION OF INJURY,0,0,0,0,5,11,41.9328287,-87.64508035
06/19/2021 01:00:00 PM,30,STOP SIGN/FLASHER,CLEAR,DAYLIGHT,FOUR WAY,DRY,INJURY AND / OR TOW DUE TO CRASH,,UNABLE TO DETERMINE,1129,W,WASHINGTON BLVD,,"REPORTED, NOT EVIDENT",0,0,0,13,7,6,41.88289296,-87.65550522
5/8/2020 15:17,30,NO CONTROLS,CLEAR,DAYLIGHT,NOT DIVIDED,DRY,INJURY AND / OR TOW DUE TO CRASH,,FAILING TO YIELD RIGHT-OF-WAY,2124,N,STAVE ST,,NONINCAPACITATING INJURY,0,0,1,15,6,5,41.91976921,-87.69518789
10/4/2018 7:10,25,STOP SIGN/FLASHER,CLEAR,DAYLIGHT,ONE-WAY,DRY,INJURY AND / OR TOW DUE TO CRASH,,FAILING TO YIELD RIGHT-OF-WAY,2800,N,MASON AVE,Y,NONINCAPACITATING INJURY,0,0,1,7,5,10,41.93124486,-87.77489889
04/15/2023 08:00:00 PM,30,TRAFFIC SIGNAL,CLEAR,"DARKNESS, LIGHTED ROAD",FOUR WAY,UNKNOWN,INJURY AND / OR TOW DUE TO CRASH,Y,UNABLE TO DETERMINE,6800,W,DIVERSEY AVE,,"REPORTED, NOT EVIDENT",0,0,0,20,7,4,41.93099256,-87.79552886
06/19/2023 05:07:00 PM,30,NO CONTROLS,CLEAR,DAYLIGHT,NOT DIVIDED,DRY,INJURY AND / OR TOW DUE TO CRASH,,UNABLE TO DETERMINE,1078,W,MONTROSE AVE,,NONINCAPACITATING INJURY,0,0,1,17,2,6,41.96185899,-87.65721409
05/14/2020 08:48:00 PM,30,TRAFFIC SIGNAL,CLEAR,"DARKNESS, LIGHTED ROAD",FOUR WAY,DRY,NO INJURY / DRIVE AWAY,Y,FAILING TO YIELD RIGHT-OF-WAY,6430,N,HARLEM AVE,,NO INDICATION OF INJURY,0,0,0,20,5,5,41.99781479,-87.80693866
09/16/2023 04:07:00 PM,30,TRAFFIC SIGNAL,CLEAR,DAYLIGHT,NOT DIVIDED,DRY,INJURY AND / OR TOW DUE TO CRASH,,UNABLE TO DETERMINE,3223,N,KIMBALL AVE,,NONINCAPACITATING INJURY,0,0,1,16,7,9,41.93996891,-87.71237634
4/8/2019 12:00,30,NO CONTROLS,CLEAR,DAYLIGHT,DIVIDED - W/MEDIAN (NOT RAISED),DRY,INJURY AND / OR TOW DUE TO CRASH,,NOT APPLICABLE,2348,N,DAMEN AVE,Y,NONINCAPACITATING INJURY,0,0,1,12,2,4,41.92422923,-87.67800567
10/18/2023 04:20:00 PM,30,NO CONTROLS,CLEAR,DAYLIGHT,DIVIDED - W/MEDIAN (NOT RAISED),DRY,INJURY AND / OR TOW DUE TO CRASH,,UNABLE TO DETERMINE,2305,N,CICERO AVE,,NONINCAPACITATING INJURY,0,0,1,16,4,10,41.92258014,-87.74611148
02/13/2019 04:25:00 PM,30,NO CONTROLS,CLEAR,DAYLIGHT,NOT DIVIDED,DRY,INJURY AND / OR TOW DUE TO CRASH,,FAILING TO YIELD RIGHT-OF-WAY,2525,N,LINCOLN AVE,,NONINCAPACITATING INJURY,0,0,1,16,4,2,41.92788537,-87.65196091
8/12/2019 21:25,30,STOP SIGN/FLASHER,RAIN,DARKNESS,FOUR WAY,WET,INJURY AND / OR TOW DUE TO CRASH,,UNABLE TO DETERMINE,2618,W,GLENLAKE AVE,,NONINCAPACITATING INJURY,0,0,1,21,2,8,41.99233032,-87.6954733
04/14/2023 07:28:00 PM,30,TRAFFIC SIGNAL,CLEAR,"DARKNESS, LIGHTED ROAD",DIVIDED - W/MEDIAN (NOT RAISED),DRY,INJURY AND / OR TOW DUE TO CRASH,Y,"OPERATING VEHICLE IN ERRATIC, RECKLESS, CARELESS, NEGLIGENT OR AGGRESSIVE MANNER",6400,N,CALIFORNIA AVE,,NONINCAPACITATING INJURY,0,0,1,19,6,4,41.99764913,-87.69979263
08/25/2022 07:52:00 PM,30,NO CONTROLS,CLEAR,DUSK,NOT DIVIDED,DRY,NO INJURY / DRIVE AWAY,,FAILING TO REDUCE SPEED TO AVOID CRASH,2332,W,LAWRENCE AVE,,NO INDICATION OF INJURY,0,0,0,19,5,8,41.96874568,-87.68773276
2/12/2020 10:05,30,NO CONTROLS,CLEAR,DAYLIGHT,DIVIDED - W/MEDIAN (NOT RAISED),DRY,INJURY AND / OR TOW DUE TO CRASH,,UNABLE TO DETERMINE,4758,N,MILWAUKEE AVE,Y,NONINCAPACITATING INJURY,0,0,1,10,4,2,41.96697566,-87.7601477
04/27/2020 10:33:00 AM,30,STOP SIGN/FLASHER,CLEAR,DAYLIGHT,NOT DIVIDED,DRY,NO INJURY / DRIVE AWAY,Y,DISREGARDING STOP SIGN,6700,S,RHODES AVE,,NO INDICATION OF INJURY,0,0,0,10,2,4,41.77293559,-87.61197264
07/24/2020 02:35:00 PM,30,TRAFFIC SIGNAL,CLEAR,DAYLIGHT,NOT DIVIDED,DRY,NO INJURY / DRIVE AWAY,,FAILING TO YIELD RIGHT-OF-WAY,700,N,STATE ST,,NO INDICATION OF INJURY,0,0,0,14,6,7,41.8949145,-87.62830113
4/12/2018 17:15,35,LANE USE MARKING,CLEAR,DAYLIGHT,NOT DIVIDED,DRY,NO INJURY / DRIVE AWAY,,DISREGARDING ROAD MARKINGS,1649,N,DAMEN AVE,Y,NO INDICATION OF INJURY,0,0,0,17,5,4,41.91197123,-87.67735194
09/26/2018 07:03:00 PM,30,NO CONTROLS,CLEAR,"DARKNESS, LIGHTED ROAD",NOT DIVIDED,DRY,INJURY AND / OR TOW DUE TO CRASH,,FAILING TO YIELD RIGHT-OF-WAY,4100,W,LAWRENCE AVE,,NONINCAPACITATING INJURY,0,0,1,19,4,9,41.96832415,-87.73054321
9/11/2018 13:15,30,NO CONTROLS,CLEAR,DAYLIGHT,ONE-WAY,DRY,INJURY AND / OR TOW DUE TO CRASH,,IMPROPER OVERTAKING/PASSING,199,N,WELLS ST,,NONINCAPACITATING INJURY,0,0,1,13,3,9,41.88570004,-87.63378225
09/22/2019 11:50:00 AM,30,NO CONTROLS,CLEAR,DAYLIGHT,PARKING LOT,DRY,NO INJURY / DRIVE AWAY,,UNABLE TO DETERMINE,6737,S,PULASKI RD,,NO INDICATION OF INJURY,0,0,0,11,1,9,41.77029026,-87.72240132
05/22/2019 06:55:00 PM,15,TRAFFIC SIGNAL,CLEAR,DAYLIGHT,OTHER,"SAND, MUD, DIRT",INJURY AND / OR TOW DUE TO CRASH,,FAILING TO YIELD RIGHT-OF-WAY,144,E,LA SALLE DR,,NONINCAPACITATING INJURY,0,0,1,18,4,5,41.91338277,-87.6261767
04/30/2022 05:40:00 PM,30,NO CONTROLS,CLEAR,DAYLIGHT,DIVIDED - W/MEDIAN (NOT RAISED),WET,INJURY AND / OR TOW DUE TO CRASH,,IMPROPER LANE USAGE,149,N,STATE ST,,NONINCAPACITATING INJURY,0,0,1,17,7,4,41.88446083,-87.62776308
11/30/2021 09:00:00 AM,35,OTHER,CLEAR,DAYLIGHT,NOT DIVIDED,DRY,INJURY AND / OR TOW DUE TO CRASH,,NOT APPLICABLE,2119,W,NORTH AVE,Y,NONINCAPACITATING INJURY,0,0,1,9,3,11,41.91031426,-87.68075944
2/6/2019 19:20,30,STOP SIGN/FLASHER,RAIN,"DARKNESS, LIGHTED ROAD",NOT DIVIDED,WET,INJURY AND / OR TOW DUE TO CRASH,Y,UNABLE TO DETERMINE,3001,W,83RD ST,,NONINCAPACITATING INJURY,0,0,1,19,4,2,41.74246668,-87.69736497
06/26/2019 06:10:00 PM,30,TRAFFIC SIGNAL,CLEAR,DAYLIGHT,ONE-WAY,DRY,NO INJURY / DRIVE AWAY,,IMPROPER TURNING/NO SIGNAL,140,W,WASHINGTON ST,,NO INDICATION OF INJURY,0,0,0,18,4,6,41.88331996,-87.63210739
09/19/2020 02:40:00 PM,30,NO CONTROLS,CLEAR,DAYLIGHT,ONE-WAY,DRY,NO INJURY / DRIVE AWAY,,UNABLE TO DETERMINE,1928,S,BLUE ISLAND AVE,Y,NO INDICATION OF INJURY,0,0,0,14,7,9,41.85522576,-87.66358222
12/19/2017 03:38:00 PM,20,STOP SIGN/FLASHER,CLEAR,DAYLIGHT,ONE-WAY,DRY,INJURY AND / OR TOW DUE TO CRASH,,FAILING TO YIELD RIGHT-OF-WAY,2500,S,SPRINGFIELD AVE,,NONINCAPACITATING INJURY,0,0,1,15,3,12,41.84602988,-87.72230714
8/4/2021 7:30,20,STOP SIGN/FLASHER,CLEAR,DAYLIGHT,NOT DIVIDED,DRY,INJURY AND / OR TOW DUE TO CRASH,Y,FAILING TO YIELD RIGHT-OF-WAY,3632,W,AUGUSTA BLVD,,"REPORTED, NOT EVIDENT",0,0,0,7,4,8,41.89920783,-87.71759297
02/14/2023 06:20:00 PM,20,UNKNOWN,RAIN,"DARKNESS, LIGHTED ROAD",PARKING LOT,WET,INJURY AND / OR TOW DUE TO CRASH,,UNABLE TO DETERMINE,2901,S,POPLAR AVE,,"REPORTED, NOT EVIDENT",0,0,0,18,3,2,41.84134899,-87.64950769
06/20/2023 07:42:00 AM,30,TRAFFIC SIGNAL,CLEAR,DAYLIGHT,NOT DIVIDED,DRY,INJURY AND / OR TOW DUE TO CRASH,,IMPROPER OVERTAKING/PASSING,6551,N,SHERIDAN RD,,NONINCAPACITATING INJURY,0,0,1,7,3,6,42.00163407,-87.66060143
10/5/2020 17:00,30,NO CONTROLS,CLEAR,DAYLIGHT,FOUR WAY,DRY,INJURY AND / OR TOW DUE TO CRASH,,FAILING TO YIELD RIGHT-OF-WAY,8701,S,BENNETT AVE,,NONINCAPACITATING INJURY,0,0,1,17,2,10,41.73693215,-87.57800045
7/6/2022 7:39,30,NO CONTROLS,RAIN,DAYLIGHT,ALLEY,WET,INJURY AND / OR TOW DUE TO CRASH,Y,FAILING TO YIELD RIGHT-OF-WAY,3514,W,LELAND AVE,,NONINCAPACITATING INJURY,0,0,1,7,4,7,41.96665907,-87.71640911
12/21/2018 06:00:00 PM,30,NO CONTROLS,CLEAR,DARKNESS,NOT DIVIDED,WET,INJURY AND / OR TOW DUE TO CRASH,Y,UNABLE TO DETERMINE,1400,N,CALIFORNIA AVE,,"REPORTED, NOT EVIDENT",0,0,0,18,6,12,41.90666708,-87.69711838
5/11/2019 14:40,30,NO CONTROLS,RAIN,DAYLIGHT,NOT DIVIDED,WET,INJURY AND / OR TOW DUE TO CRASH,,WEATHER,2300,N,LARAMIE AVE,,NONINCAPACITATING INJURY,0,0,1,14,7,5,41.92232356,-87.75624063
8/7/2020 20:42,35,STOP SIGN/FLASHER,CLEAR,DUSK,NOT DIVIDED,DRY,INJURY AND / OR TOW DUE TO CRASH,Y,FAILING TO REDUCE SPEED TO AVOID CRASH,7340,N,ROGERS AVE,,NONINCAPACITATING INJURY,0,0,1,20,6,8,42.01468225,-87.67838211
6/11/2018 18:00,15,TRAFFIC SIGNAL,CLEAR,DAYLIGHT,NOT DIVIDED,DRY,NO INJURY / DRIVE AWAY,,FAILING TO YIELD RIGHT-OF-WAY,800,E,61ST ST,,NO INDICATION OF INJURY,0,0,0,18,2,6,41.78416891,-87.60593202
11/3/2018 14:33,30,TRAFFIC SIGNAL,CLEAR,DAYLIGHT,NOT DIVIDED,DRY,INJURY AND / OR TOW DUE TO CRASH,,FAILING TO YIELD RIGHT-OF-WAY,1030,W,NORTH AVE,,NONINCAPACITATING INJURY,0,0,1,14,7,11,41.91093166,-87.65423265
7/5/2017 22:30,30,STOP SIGN/FLASHER,CLEAR,"DARKNESS, LIGHTED ROAD",ONE-WAY,DRY,INJURY AND / OR TOW DUE TO CRASH,Y,FAILING TO YIELD RIGHT-OF-WAY,5600,S,WHIPPLE ST,,NONINCAPACITATING INJURY,0,0,1,22,4,7,41.79166955,-87.69998816
07/15/2017 09:25:00 AM,30,TRAFFIC SIGNAL,CLEAR,DAYLIGHT,NOT DIVIDED,DRY,INJURY AND / OR TOW DUE TO CRASH,,FAILING TO YIELD RIGHT-OF-WAY,4400,N,ELSTON AVE,,NONINCAPACITATING INJURY,0,0,1,9,7,7,41.9609248,-87.7299069
11/2/2022 16:40,30,NO CONTROLS,CLEAR,DAYLIGHT,FOUR WAY,DRY,INJURY AND / OR TOW DUE TO CRASH,,UNABLE TO DETERMINE,3444,N,ELSTON AVE,,NONINCAPACITATING INJURY,0,0,1,16,4,11,41.94371789,-87.70482698
11/2/2018 9:50,30,TRAFFIC SIGNAL,CLEAR,DAYLIGHT,NOT DIVIDED,DRY,NO INJURY / DRIVE AWAY,,FAILING TO YIELD RIGHT-OF-WAY,1,W,HURON ST,,NO INDICATION OF INJURY,0,0,0,9,6,11,41.89476515,-87.62822906
09/16/2018 05:00:00 PM,30,STOP SIGN/FLASHER,CLEAR,DAYLIGHT,NOT DIVIDED,DRY,NO INJURY / DRIVE AWAY,,CELL PHONE USE OTHER THAN TEXTING,1859,W,GRANVILLE AVE,,NO INDICATION OF INJURY,0,0,0,17,1,9,41.9942042,-87.6770821
07/29/2021 08:20:00 AM,30,UNKNOWN,CLEAR,DAYLIGHT,NOT DIVIDED,UNKNOWN,INJURY AND / OR TOW DUE TO CRASH,,UNABLE TO DETERMINE,1198,N,ELSTON AVE,,INCAPACITATING INJURY,0,1,0,8,5,7,41.90333116,-87.65835727
4/7/2021 16:45,35,NO CONTROLS,CLEAR,DAYLIGHT,DIVIDED - W/MEDIAN BARRIER,DRY,INJURY AND / OR TOW DUE TO CRASH,,NOT APPLICABLE,2130,W,95TH ST,,NONINCAPACITATING INJURY,0,0,2,16,4,4,41.72113787,-87.67607118
06/21/2023 08:19:00 AM,30,TRAFFIC SIGNAL,CLEAR,DAYLIGHT,DIVIDED - W/MEDIAN BARRIER,DRY,INJURY AND / OR TOW DUE TO CRASH,,BICYCLE ADVANCING LEGALLY ON RED LIGHT,341,N,MICHIGAN AVE,,NONINCAPACITATING INJURY,0,0,1,8,4,6,41.88770883,-87.6244101
10/21/2017 05:22:00 AM,30,NO CONTROLS,CLEAR,DUSK,NOT DIVIDED,DRY,NO INJURY / DRIVE AWAY,,IMPROPER LANE USAGE,3000,N,HALSTED ST,,NO INDICATION OF INJURY,0,0,0,5,7,10,41.93644801,-87.64929075
09/19/2019 05:40:00 PM,25,TRAFFIC SIGNAL,CLEAR,DAYLIGHT,NOT DIVIDED,DRY,NO INJURY / DRIVE AWAY,,UNABLE TO DETERMINE,1030,W,CHICAGO AVE,,NO INDICATION OF INJURY,0,0,0,17,5,9,41.89640005,-87.65374951
11/24/2021 08:00:00 AM,30,NO CONTROLS,UNKNOWN,DAYLIGHT,NOT DIVIDED,UNKNOWN,INJURY AND / OR TOW DUE TO CRASH,,FAILING TO YIELD RIGHT-OF-WAY,2477,S,ARCHER AVE,,NONINCAPACITATING INJURY,0,0,1,8,4,11,41.84755805,-87.64549599
10/23/2017 12:20:00 PM,0,NO CONTROLS,RAIN,DAYLIGHT,DIVIDED - W/MEDIAN BARRIER,WET,NO INJURY / DRIVE AWAY,Y,UNABLE TO DETERMINE,6300,S,STATE ST,,NO INDICATION OF INJURY,0,0,0,12,2,10,41.78000828,-87.62552251
10/12/2022 7:25,25,NO CONTROLS,RAIN,"DARKNESS, LIGHTED ROAD",NOT DIVIDED,WET,INJURY AND / OR TOW DUE TO CRASH,,IMPROPER TURNING/NO SIGNAL,4848,N,CLARK ST,,INCAPACITATING INJURY,0,1,0,7,4,10,41.97035134,-87.66781377
6/12/2017 17:30,30,STOP SIGN/FLASHER,CLEAR,DAYLIGHT,DIVIDED - W/MEDIAN (NOT RAISED),DRY,NO INJURY / DRIVE AWAY,,UNABLE TO DETERMINE,200,S,MICHIGAN AVE,Y,NO INDICATION OF INJURY,0,0,0,17,2,6,41.87948933,-87.62449813
04/13/2017 03:25:00 PM,30,NO CONTROLS,CLEAR,DAYLIGHT,ONE-WAY,DRY,INJURY AND / OR TOW DUE TO CRASH,,FAILING TO YIELD RIGHT-OF-WAY,2832,W,ARGYLE ST,Y,NONINCAPACITATING INJURY,0,0,1,15,5,4,41.97227301,-87.70016774
9/7/2023 7:00,30,TRAFFIC SIGNAL,CLEAR,DAYLIGHT,FOUR WAY,DRY,NO INJURY / DRIVE AWAY,Y,UNABLE TO DETERMINE,500,N,OAKLEY BLVD,,NO INDICATION OF INJURY,0,0,0,7,5,9,41.89073529,-87.68439711
06/18/2018 04:30:00 PM,20,STOP SIGN/FLASHER,CLEAR,DAYLIGHT,NOT DIVIDED,DRY,INJURY AND / OR TOW DUE TO CRASH,,FAILING TO YIELD RIGHT-OF-WAY,1100,W,34TH PL,,NONINCAPACITATING INJURY,0,0,1,16,2,6,41.8316835,-87.65354218
08/29/2017 08:00:00 AM,30,TRAFFIC SIGNAL,CLEAR,DAYLIGHT,NOT DIVIDED,DRY,INJURY AND / OR TOW DUE TO CRASH,,FAILING TO YIELD RIGHT-OF-WAY,140,S,DAMEN AVE,,NONINCAPACITATING INJURY,0,0,1,8,3,8,41.87880741,-87.67672813
08/29/2020 08:15:00 PM,30,STOP SIGN/FLASHER,CLEAR,"DARKNESS, LIGHTED ROAD",FOUR WAY,DRY,INJURY AND / OR TOW DUE TO CRASH,Y,FAILING TO YIELD RIGHT-OF-WAY,4700,N,CLARK ST,,NONINCAPACITATING INJURY,0,0,1,20,7,8,41.96715109,-87.66728414
6/9/2023 18:30,30,TRAFFIC SIGNAL,CLEAR,DAYLIGHT,NOT DIVIDED,DRY,INJURY AND / OR TOW DUE TO CRASH,,FAILING TO YIELD RIGHT-OF-WAY,199,W,18TH ST,,NONINCAPACITATING INJURY,0,0,1,18,6,6,41.85764304,-87.63185003
03/17/2018 01:45:00 PM,30,NO CONTROLS,CLEAR,DAYLIGHT,DIVIDED - W/MEDIAN (NOT RAISED),DRY,NO INJURY / DRIVE AWAY,,UNABLE TO DETERMINE,3101,N,NARRAGANSETT AVE,,NO INDICATION OF INJURY,0,0,0,13,7,3,41.93654014,-87.78572629
07/13/2018 07:09:00 PM,30,NO CONTROLS,CLEAR,DAYLIGHT,DIVIDED - W/MEDIAN (NOT RAISED),DRY,INJURY AND / OR TOW DUE TO CRASH,,UNABLE TO DETERMINE,823,W,LAWRENCE AVE,Y,INCAPACITATING INJURY,0,1,0,19,6,7,41.96902918,-87.65113815
06/29/2022 04:59:00 PM,30,OTHER,CLEAR,DAYLIGHT,NOT DIVIDED,DRY,INJURY AND / OR TOW DUE TO CRASH,,FAILING TO YIELD RIGHT-OF-WAY,1413,N,WELLS ST,Y,NONINCAPACITATING INJURY,0,0,1,16,4,6,41.90807859,-87.63446923
10/10/2023 19:15,30,NO CONTROLS,CLEAR,"DARKNESS, LIGHTED ROAD",FOUR WAY,DRY,INJURY AND / OR TOW DUE TO CRASH,,DISREGARDING TRAFFIC SIGNALS,2443,N,SACRAMENTO AVE,,NONINCAPACITATING INJURY,0,0,1,19,3,10,41.9260569,-87.70220236
6/5/2019 16:06,30,NO CONTROLS,CLEAR,DAYLIGHT,ONE-WAY,DRY,NO INJURY / DRIVE AWAY,,FAILING TO YIELD RIGHT-OF-WAY,501,E,SOLIDARITY DR,Y,NO INDICATION OF INJURY,0,0,0,16,4,6,41.86599659,-87.61368588
11/15/2016 05:15:00 PM,30,NO CONTROLS,CLEAR,DAYLIGHT,ONE-WAY,DRY,NO INJURY / DRIVE AWAY,,UNABLE TO DETERMINE,553,N,ORLEANS ST,,NO INDICATION OF INJURY,0,0,0,17,3,11,41.89233518,-87.63690672
10/15/2021 08:30:00 AM,30,TRAFFIC SIGNAL,CLEAR,DAYLIGHT,DIVIDED - W/MEDIAN BARRIER,DRY,INJURY AND / OR TOW DUE TO CRASH,,UNABLE TO DETERMINE,2963,N,MILWAUKEE AVE,,"REPORTED, NOT EVIDENT",0,0,0,8,6,10,41.93520906,-87.7172386
03/27/2021 12:29:00 PM,30,NO CONTROLS,CLEAR,DAYLIGHT,NOT DIVIDED,DRY,INJURY AND / OR TOW DUE TO CRASH,,FAILING TO YIELD RIGHT-OF-WAY,1372,N,MILWAUKEE AVE,,NONINCAPACITATING INJURY,0,0,1,12,7,3,41.90665738,-87.67187112
08/30/2023 05:25:00 PM,30,TRAFFIC SIGNAL,CLEAR,DAYLIGHT,DIVIDED - W/MEDIAN (NOT RAISED),DRY,INJURY AND / OR TOW DUE TO CRASH,,UNABLE TO DETERMINE,3604,W,FOSTER AVE,,NONINCAPACITATING INJURY,0,0,1,17,4,8,41.97574441,-87.71866041
07/20/2018 05:35:00 PM,30,NO CONTROLS,CLEAR,DAYLIGHT,ONE-WAY,DRY,NO INJURY / DRIVE AWAY,Y,"OPERATING VEHICLE IN ERRATIC, RECKLESS, CARELESS, NEGLIGENT OR AGGRESSIVE MANNER",3930,N,JANSSEN AVE,,NO INDICATION OF INJURY,0,0,0,17,6,7,41.95344774,-87.66597011
09/30/2019 05:58:00 PM,30,NO CONTROLS,CLEAR,DAYLIGHT,DIVIDED - W/MEDIAN (NOT RAISED),DRY,INJURY AND / OR TOW DUE TO CRASH,,FAILING TO YIELD RIGHT-OF-WAY,9900,S,BELL AVE,,NONINCAPACITATING INJURY,0,0,1,17,2,9,41.71361615,-87.67835506
05/17/2018 03:30:00 PM,30,UNKNOWN,CLEAR,DAYLIGHT,NOT DIVIDED,DRY,INJURY AND / OR TOW DUE TO CRASH,,UNABLE TO DETERMINE,3200,N,CICERO AVE,,"REPORTED, NOT EVIDENT",0,0,0,15,5,5,41.93887056,-87.74702056
9/2/2023 22:55,30,NO CONTROLS,CLEAR,"DARKNESS, LIGHTED ROAD",Y-INTERSECTION,DRY,INJURY AND / OR TOW DUE TO CRASH,Y,UNABLE TO DETERMINE,3229,W,BELMONT AVE,,NONINCAPACITATING INJURY,0,0,1,22,7,9,41.93921007,-87.70881871
9/11/2018 7:35,30,TRAFFIC SIGNAL,CLEAR,DAYLIGHT,NOT DIVIDED,DRY,NO INJURY / DRIVE AWAY,,TURNING RIGHT ON RED,800,W,ADDISON ST,,NO INDICATION OF INJURY,0,0,0,7,3,9,41.94742642,-87.64954043
08/19/2023 05:28:00 PM,30,TRAFFIC SIGNAL,CLEAR,DAYLIGHT,DIVIDED - W/MEDIAN (NOT RAISED),DRY,INJURY AND / OR TOW DUE TO CRASH,Y,UNABLE TO DETERMINE,959,N,MILWAUKEE AVE,,NONINCAPACITATING INJURY,0,0,1,17,7,8,41.8995988,-87.66037466
10/14/2021 04:04:00 PM,30,NO CONTROLS,CLEAR,DAYLIGHT,DIVIDED - W/MEDIAN (NOT RAISED),DRY,INJURY AND / OR TOW DUE TO CRASH,,FAILING TO REDUCE SPEED TO AVOID CRASH,4595,N,ELSTON AVE,,NONINCAPACITATING INJURY,0,0,1,16,5,10,41.96452837,-87.73471031
6/1/2017 16:30,30,NO CONTROLS,CLEAR,DAYLIGHT,NOT DIVIDED,UNKNOWN,NO INJURY / DRIVE AWAY,,UNABLE TO DETERMINE,4148,W,ARMITAGE AVE,,NO INDICATION OF INJURY,0,0,0,16,5,6,41.91721952,-87.73099327
6/2/2020 15:00,30,NO CONTROLS,CLEAR,DAYLIGHT,DIVIDED - W/MEDIAN (NOT RAISED),DRY,INJURY AND / OR TOW DUE TO CRASH,Y,UNABLE TO DETERMINE,7698,S,DR MARTIN LUTHER KING JR DR,,NONINCAPACITATING INJURY,0,0,1,15,3,6,41.75485427,-87.61519004
09/26/2017 12:45:00 PM,30,NO CONTROLS,CLEAR,DAYLIGHT,ONE-WAY,DRY,INJURY AND / OR TOW DUE TO CRASH,,IMPROPER LANE USAGE,135,W,RANDOLPH ST,Y,NONINCAPACITATING INJURY,0,0,1,12,3,9,41.88436362,-87.63196584
10/25/2022 07:25:00 AM,30,TRAFFIC SIGNAL,RAIN,DAYLIGHT,NOT DIVIDED,WET,INJURY AND / OR TOW DUE TO CRASH,Y,FAILING TO YIELD RIGHT-OF-WAY,759,N,KEDZIE AVE,,NONINCAPACITATING INJURY,0,0,1,7,3,10,41.89546466,-87.70640646
6/10/2022 18:06,30,TRAFFIC SIGNAL,CLEAR,DAYLIGHT,FOUR WAY,DRY,INJURY AND / OR TOW DUE TO CRASH,,FAILING TO YIELD RIGHT-OF-WAY,3602,N,MILWAUKEE AVE,,"REPORTED, NOT EVIDENT",0,0,0,18,6,6,41.94626948,-87.73586358
08/14/2019 02:45:00 PM,30,STOP SIGN/FLASHER,CLEAR,DAYLIGHT,T-INTERSECTION,UNKNOWN,INJURY AND / OR TOW DUE TO CRASH,,FAILING TO YIELD RIGHT-OF-WAY,3300,N,ELSTON AVE,,NONINCAPACITATING INJURY,0,0,1,14,4,8,41.94131598,-87.70133674
7/9/2020 14:43,25,UNKNOWN,CLEAR,DAYLIGHT,NOT DIVIDED,DRY,INJURY AND / OR TOW DUE TO CRASH,,UNABLE TO DETERMINE,2600,S,SPAULDING AVE,,NONINCAPACITATING INJURY,0,0,1,14,5,7,41.84439004,-87.70762015
08/23/2022 05:00:00 PM,30,NO CONTROLS,CLEAR,DAYLIGHT,CENTER TURN LANE,DRY,INJURY AND / OR TOW DUE TO CRASH,,FAILING TO YIELD RIGHT-OF-WAY,1154,S,CANAL ST,,"REPORTED, NOT EVIDENT",0,0,0,17,3,8,41.86743957,-87.63934118
02/26/2019 07:25:00 PM,30,NO CONTROLS,CLEAR,"DARKNESS, LIGHTED ROAD",DIVIDED - W/MEDIAN BARRIER,DRY,NO INJURY / DRIVE AWAY,,IMPROPER OVERTAKING/PASSING,908,W,MADISON ST,,NO INDICATION OF INJURY,0,0,0,19,3,2,41.88183917,-87.65011105
9/8/2018 12:40,30,NO CONTROLS,CLEAR,DAYLIGHT,DIVIDED - W/MEDIAN (NOT RAISED),DRY,NO INJURY / DRIVE AWAY,,FAILING TO YIELD RIGHT-OF-WAY,1515,N,DAMEN AVE,Y,NO INDICATION OF INJURY,0,0,0,12,7,9,41.90874167,-87.67726794
11/23/2022 04:40:00 PM,20,STOP SIGN/FLASHER,CLEAR,DAYLIGHT,T-INTERSECTION,DRY,NO INJURY / DRIVE AWAY,Y,FAILING TO YIELD RIGHT-OF-WAY,2600,W,26TH ST,,NO INDICATION OF INJURY,0,0,0,16,4,11,41.84486489,-87.69041379