CRASH_DATE,POSTED_SPEED_LIMIT,TRAFFIC_CONTROL_DEVICE,WEATHER_CONDITION,LIGHTING_CONDITION,TRAFFICWAY_TYPE,ROADWAY_SURFACE_COND,CRASH_TYPE,HIT_AND_RUN_I,PRIM_CONTRIBUTORY_CAUSE,STREET_NO,STREET_DIRECTION,STREET_NAME,DOORING_I,MOST_SEVERE_INJURY,INJURIES_FATAL,INJURIES_INCAPACITATING,INJURIES_NON_INCAPACITATING,CRASH_HOUR,CRASH_DAY_OF_WEEK,CRASH_MONTH,LATITUDE,LONGITUDE
6/3/2019 18:15,35,NO CONTROLS,CLEAR,DUSK,DIVIDED - W/MEDIAN (NOT RAISED),DRY,INJURY AND / OR TOW DUE TO CRASH,,UNABLE TO DETERMINE,1057,N,CALIFORNIA AVE,Y,NONINCAPACITATING INJURY,0,0,1,18,2,6,41.9010234,-87.69668758
10/5/2022 9:00,30,STOP SIGN/FLASHER,CLEAR,DAYLIGHT,FOUR WAY,DRY,INJURY AND / OR TOW DUE TO CRASH,,DISREGARDING STOP SIGN,2000,N,FREMONT ST,,NONINCAPACITATING INJURY,0,0,1,9,4,10,41.91823195,-87.65108756
06/13/2023 02:40:00 PM,30,UNKNOWN,RAIN,DAYLIGHT,NOT DIVIDED,WET,NO INJURY / DRIVE AWAY,,IMPROPER OVERTAKING/PASSING,3131,N,CLARK ST,,NO INDICATION OF INJURY,0,0,0,14,3,6,41.93858787,-87.649396
07/22/2023 03:00:00 PM,20,NO CONTROLS,UNKNOWN,UNKNOWN,ONE-WAY,UNKNOWN,INJURY AND / OR TOW DUE TO CRASH,Y,UNABLE TO DETERMINE,2651,N,LAVERGNE AVE,,NONINCAPACITATING INJURY,0,0,1,15,7,7,41.92938138,-87.75127418
06/25/2021 04:59:00 PM,25,NO CONTROLS,CLEAR,DAYLIGHT,ONE-WAY,WET,INJURY AND / OR TOW DUE TO CRASH,Y,NOT APPLICABLE,2443,N,LAWNDALE AVE,,NONINCAPACITATING INJURY,0,0,1,16,6,6,41.92584663,-87.71932236
7/6/2020 17:50,30,NO CONTROLS,CLEAR,DAYLIGHT,DRIVEWAY,DRY,INJURY AND / OR TOW DUE TO CRASH,,UNABLE TO DETERMINE,3148,W,CERMAK RD,N,NONINCAPACITATING INJURY,0,0,1,17,2,7,41.85188218,-87.70473922
7/7/2021 14:15,30,TRAFFIC SIGNAL,CLEAR,DAYLIGHT,DIVIDED - W/MEDIAN (NOT RAISED),DRY,NO INJURY / DRIVE AWAY,N,UNABLE TO DETERMINE,2358,W,MONROE ST,,NO INDICATION OF INJURY,0,0,0,14,4,7,41.87996165,-87.68604198
01/17/2018 07:45:00 AM,30,NO CONTROLS,CLEAR,DAYLIGHT,ONE-WAY,DRY,INJURY AND / OR TOW DUE TO CRASH,,UNABLE TO DETERMINE,410,N,DEARBORN ST,,NONINCAPACITATING INJURY,0,0,1,7,4,1,41.88963425,-87.6297443
10/8/2021 5:45,35,STOP SIGN/FLASHER,CLEAR,DAWN,FOUR WAY,DRY,INJURY AND / OR TOW DUE TO CRASH,,IMPROPER TURNING/NO SIGNAL,640,N,WELLS ST,,NONINCAPACITATING INJURY,0,0,1,5,6,10,41.89365848,-87.63427038
10/22/2023 07:10:00 PM,30,UNKNOWN,CLEAR,DARKNESS,NOT DIVIDED,DRY,INJURY AND / OR TOW DUE TO CRASH,,IMPROPER LANE USAGE,399,E,MARQUETTE RD,,NONINCAPACITATING INJURY,0,0,1,19,1,10,41.77285891,-87.61552915
07/20/2018 11:46:00 AM,25,TRAFFIC SIGNAL,RAIN,DAYLIGHT,DIVIDED - W/MEDIAN BARRIER,WET,NO INJURY / DRIVE AWAY,,IMPROPER LANE USAGE,2431,S,MICHIGAN AVE,,NO INDICATION OF INJURY,0,0,0,11,6,7,41.84825865,-87.6235363
06/22/2019 07:46:00 AM,30,STOP SIGN/FLASHER,CLEAR,DAYLIGHT,NOT DIVIDED,DRY,INJURY AND / OR TOW DUE TO CRASH,,UNABLE TO DETERMINE,2520,S,BLUE ISLAND AVE,,NONINCAPACITATING INJURY,0,0,1,7,7,6,41.84667163,-87.68094079
07/30/2020 12:45:00 PM,30,NO CONTROLS,CLEAR,DAYLIGHT,NOT DIVIDED,DRY,NO INJURY / DRIVE AWAY,,FAILING TO YIELD RIGHT-OF-WAY,14,W,GRAND AVE,,NO INDICATION OF INJURY,0,0,0,12,5,7,41.89176977,-87.62865384
01/24/2018 06:45:00 PM,30,TRAFFIC SIGNAL,CLEAR,"DARKNESS, LIGHTED ROAD",DIVIDED - W/MEDIAN (NOT RAISED),SNOW OR SLUSH,NO INJURY / DRIVE AWAY,Y,FAILING TO YIELD RIGHT-OF-WAY,4400,N,RAVENSWOOD AVE,,NO INDICATION OF INJURY,0,0,0,18,4,1,41.96160621,-87.67467076
05/31/2022 11:07:00 AM,30,TRAFFIC SIGNAL,CLEAR,DAYLIGHT,FOUR WAY,DRY,INJURY AND / OR TOW DUE TO CRASH,,UNABLE TO DETERMINE,1599,W,MARQUETTE RD,,NONINCAPACITATING INJURY,0,0,1,11,3,5,41.77208327,-87.66395686
8/6/2019 8:36,30,NO CONTROLS,CLEAR,DAYLIGHT,DIVIDED - W/MEDIAN (NOT RAISED),DRY,INJURY AND / OR TOW DUE TO CRASH,,FAILING TO YIELD RIGHT-OF-WAY,1506,N,MILWAUKEE AVE,,INCAPACITATING INJURY,0,1,0,8,3,8,41.90896025,-87.67547637
7/7/2019 14:23,0,NO CONTROLS,CLEAR,DAYLIGHT,ALLEY,DRY,INJURY AND / OR TOW DUE TO CRASH,,NOT APPLICABLE,3700,N,MONTICELLO AVE,,"REPORTED, NOT EVIDENT",0,0,0,14,1,7,41.948398,-87.71903778
02/24/2018 04:43:00 PM,30,TRAFFIC SIGNAL,RAIN,DAYLIGHT,NOT DIVIDED,WET,INJURY AND / OR TOW DUE TO CRASH,,FAILING TO YIELD RIGHT-OF-WAY,1654,W,119TH ST,,NONINCAPACITATING INJURY,0,0,1,16,7,2,41.67761706,-87.66311315
02/18/2017 07:40:00 PM,25,NO CONTROLS,CLEAR,"DARKNESS, LIGHTED ROAD",DIVIDED - W/MEDIAN BARRIER,DRY,NO INJURY / DRIVE AWAY,,UNABLE TO DETERMINE,2608,N,KEDZIE AVE,,NO INDICATION OF INJURY,0,0,0,19,7,2,41.92875976,-87.70778971
3/4/2021 16:24,30,TRAFFIC SIGNAL,CLEAR,DAYLIGHT,DIVIDED - W/MEDIAN (NOT RAISED),DRY,INJURY AND / OR TOW DUE TO CRASH,Y,UNABLE TO DETERMINE,1202,N,HAMLIN AVE,,NONINCAPACITATING INJURY,0,0,1,16,5,3,41.90280864,-87.72157993
7/3/2019 10:40,15,TRAFFIC SIGNAL,CLEAR,DAYLIGHT,PARKING LOT,DRY,INJURY AND / OR TOW DUE TO CRASH,,FAILING TO YIELD RIGHT-OF-WAY,1600,N,LAKE SHORE DR,,"REPORTED, NOT EVIDENT",0,0,0,10,4,7,41.91122456,-87.62648257
09/24/2019 08:00:00 AM,30,NO CONTROLS,CLEAR,DAYLIGHT,ONE-WAY,DRY,INJURY AND / OR TOW DUE TO CRASH,,UNABLE TO DETERMINE,7632,W,HIGGINS AVE,,NONINCAPACITATING INJURY,0,0,1,8,3,9,41.9838876,-87.8179519
9/9/2018 18:00,30,TRAFFIC SIGNAL,CLEAR,DAYLIGHT,NOT DIVIDED,DRY,NO INJURY / DRIVE AWAY,Y,UNABLE TO DETERMINE,5959,W,WRIGHTWOOD AVE,,NO INDICATION OF INJURY,0,0,0,18,1,9,41.9273746,-87.77580908
07/31/2017 12:05:00 PM,30,NO CONTROLS,CLEAR,DAYLIGHT,DIVIDED - W/MEDIAN (NOT RAISED),DRY,INJURY AND / OR TOW DUE TO CRASH,,UNABLE TO DETERMINE,170,N,GREEN ST,Y,INCAPACITATING INJURY,0,1,0,12,2,7,41.88516052,-87.64877322
10/20/2022 08:08:00 PM,30,NO CONTROLS,CLEAR,"DARKNESS, LIGHTED ROAD",NOT DIVIDED,DRY,INJURY AND / OR TOW DUE TO CRASH,,FAILING TO YIELD RIGHT-OF-WAY,3816,W,LAWRENCE AVE,,"REPORTED, NOT EVIDENT",0,0,0,20,5,10,41.96839547,-87.7238949
08/31/2021 08:31:00 AM,30,NO CONTROLS,CLEAR,DAYLIGHT,NOT DIVIDED,DRY,INJURY AND / OR TOW DUE TO CRASH,,UNABLE TO DETERMINE,3301,W,55TH ST,,INCAPACITATING INJURY,0,1,0,8,3,8,41.79336822,-87.70606366
7/5/2021 10:52,30,TRAFFIC SIGNAL,CLEAR,DAYLIGHT,NOT DIVIDED,DRY,INJURY AND / OR TOW DUE TO CRASH,,DRIVING SKILLS/KNOWLEDGE/EXPERIENCE,1458,W,BARRY AVE,,INCAPACITATING INJURY,0,1,0,10,2,7,41.93801187,-87.66606273
06/21/2020 05:40:00 PM,30,NO CONTROLS,CLEAR,DAYLIGHT,NOT DIVIDED,DRY,NO INJURY / DRIVE AWAY,,NOT APPLICABLE,1923,W,CHICAGO AVE,,NO INDICATION OF INJURY,0,0,0,17,1,6,41.89582643,-87.67553247
9/2/2022 16:30,30,STOP SIGN/FLASHER,CLEAR,DAYLIGHT,FOUR WAY,DRY,NO INJURY / DRIVE AWAY,,UNABLE TO DETERMINE,6100,S,LAFLIN ST,N,NO INDICATION OF INJURY,0,0,0,16,6,9,41.78305124,-87.66201175
07/31/2018 04:45:00 PM,30,TRAFFIC SIGNAL,CLEAR,DAYLIGHT,DIVIDED - W/MEDIAN BARRIER,DRY,NO INJURY / DRIVE AWAY,Y,FOLLOWING TOO CLOSELY,1801,S,HALSTED ST,,NO INDICATION OF INJURY,0,0,0,16,3,7,41.85750277,-87.64648608
07/20/2017 11:45:00 PM,30,LANE USE MARKING,CLEAR,DAYLIGHT,DIVIDED - W/MEDIAN (NOT RAISED),DRY,NO INJURY / DRIVE AWAY,,FAILING TO YIELD RIGHT-OF-WAY,1600,S,HALSTED ST,,NO INDICATION OF INJURY,0,0,0,23,5,7,41.85987078,-87.64685126
7/11/2019 19:05,25,NO CONTROLS,CLEAR,DUSK,ONE-WAY,DRY,NO INJURY / DRIVE AWAY,,"EVASIVE ACTION DUE TO ANIMAL, OBJECT, NONMOTORIST",111,W,JACKSON BLVD,,NO INDICATION OF INJURY,0,0,0,19,5,7,41.87803443,-87.63117141
11/29/2022 05:30:00 PM,30,NO CONTROLS,RAIN,"DARKNESS, LIGHTED ROAD",NOT DIVIDED,UNKNOWN,INJURY AND / OR TOW DUE TO CRASH,,UNABLE TO DETERMINE,3215,N,MILWAUKEE AVE,,"REPORTED, NOT EVIDENT",0,0,0,17,3,11,41.9394975,-87.72427823
04/25/2017 06:30:00 PM,30,TRAFFIC SIGNAL,CLEAR,DUSK,NOT DIVIDED,DRY,INJURY AND / OR TOW DUE TO CRASH,Y,DISREGARDING TRAFFIC SIGNALS,2400,N,AUSTIN AVE,,NONINCAPACITATING INJURY,0,0,1,18,3,4,41.92384659,-87.77586325
06/22/2022 09:05:00 PM,30,TRAFFIC SIGNAL,CLEAR,"DARKNESS, LIGHTED ROAD",FOUR WAY,DRY,INJURY AND / OR TOW DUE TO CRASH,Y,UNABLE TO DETERMINE,10900,S,KEDZIE AVE,,NONINCAPACITATING INJURY,0,0,1,21,4,6,41.69512438,-87.7010939
7/11/2020 20:10,30,NO CONTROLS,CLEAR,DUSK,NOT DIVIDED,DRY,INJURY AND / OR TOW DUE TO CRASH,,FAILING TO YIELD RIGHT-OF-WAY,2228,W,DEVON AVE,,NONINCAPACITATING INJURY,0,0,1,20,7,7,41.9979049,-87.68617217
7/5/2022 12:15,30,TRAFFIC SIGNAL,CLEAR,DAYLIGHT,FOUR WAY,DRY,NO INJURY / DRIVE AWAY,Y,DISREGARDING TRAFFIC SIGNALS,300,W,GRAND AVE,,NO INDICATION OF INJURY,0,0,0,12,3,7,41.89167563,-87.63565139
9/12/2020 20:11,35,NO CONTROLS,RAIN,"DARKNESS, LIGHTED ROAD",NOT DIVIDED,WET,INJURY AND / OR TOW DUE TO CRASH,,UNABLE TO DETERMINE,6716,W,IRVING PARK RD,,NONINCAPACITATING INJURY,0,0,1,20,7,9,41.95288466,-87.79457108
06/17/2020 06:20:00 PM,30,NO CONTROLS,CLEAR,DAYLIGHT,FOUR WAY,DRY,INJURY AND / OR TOW DUE TO CRASH,N,UNABLE TO DETERMINE,2723,N,HALSTED ST,N,NONINCAPACITATING INJURY,0,0,1,18,4,6,41.93223004,-87.64884722
06/20/2023 07:39:00 AM,30,STOP SIGN/FLASHER,CLEAR,DAYLIGHT,NOT DIVIDED,DRY,NO INJURY / DRIVE AWAY,,DISREGARDING STOP SIGN,1027,W,LAKE ST,,NO INDICATION OF INJURY,0,0,0,7,3,6,41.88545428,-87.65324435
11/8/2018 8:01,30,NO CONTROLS,CLEAR,DAYLIGHT,NOT DIVIDED,DRY,INJURY AND / OR TOW DUE TO CRASH,,DRIVING SKILLS/KNOWLEDGE/EXPERIENCE,2626,N,CLYBOURN AVE,Y,NONINCAPACITATING INJURY,0,0,1,8,5,11,41.92919299,-87.67476591
05/31/2022 08:00:00 AM,30,UNKNOWN,CLEAR,DAYLIGHT,ONE-WAY,UNKNOWN,INJURY AND / OR TOW DUE TO CRASH,Y,UNABLE TO DETERMINE,621,N,LEAMINGTON AVE,,NONINCAPACITATING INJURY,0,0,1,8,3,5,41.89196937,-87.7541216
10/11/2020 15:14,30,STOP SIGN/FLASHER,CLEAR,DAYLIGHT,NOT DIVIDED,DRY,INJURY AND / OR TOW DUE TO CRASH,Y,NOT APPLICABLE,4398,W,PALMER ST,,NONINCAPACITATING INJURY,0,0,1,15,1,10,41.92081634,-87.7363761
9/6/2017 7:45,30,NO CONTROLS,CLEAR,DAYLIGHT,NOT DIVIDED,DRY,INJURY AND / OR TOW DUE TO CRASH,,FAILING TO YIELD RIGHT-OF-WAY,1010,N,CLARK ST,,"REPORTED, NOT EVIDENT",0,0,0,7,4,9,41.90092043,-87.63150722
7/8/2016 12:55,30,STOP SIGN/FLASHER,CLEAR,DAYLIGHT,DIVIDED - W/MEDIAN (NOT RAISED),DRY,INJURY AND / OR TOW DUE TO CRASH,,FAILING TO YIELD RIGHT-OF-WAY,1215,W,TAYLOR ST,,NONINCAPACITATING INJURY,0,0,1,12,6,7,41.86929595,-87.65740599
6/11/2021 19:55,30,UNKNOWN,CLEAR,DAYLIGHT,NOT DIVIDED,UNKNOWN,INJURY AND / OR TOW DUE TO CRASH,Y,UNABLE TO DETERMINE,1418,W,LAKE ST,,NONINCAPACITATING INJURY,0,0,1,19,6,6,41.88551143,-87.6631666
08/15/2021 09:20:00 AM,30,STOP SIGN/FLASHER,CLEAR,DAYLIGHT,T-INTERSECTION,DRY,INJURY AND / OR TOW DUE TO CRASH,Y,UNABLE TO DETERMINE,6831,S,PULASKI RD,,NONINCAPACITATING INJURY,0,0,1,9,1,8,41.76869562,-87.72236098
8/5/2017 11:48,30,NO CONTROLS,CLEAR,DAYLIGHT,DIVIDED - W/MEDIAN (NOT RAISED),DRY,INJURY AND / OR TOW DUE TO CRASH,,FAILING TO REDUCE SPEED TO AVOID CRASH,4900,W,CHICAGO AVE,,"REPORTED, NOT EVIDENT",0,0,0,11,7,8,41.89509362,-87.74838172
08/22/2023 06:25:00 PM,30,NO CONTROLS,CLEAR,DAYLIGHT,ALLEY,DRY,INJURY AND / OR TOW DUE TO CRASH,,IMPROPER TURNING/NO SIGNAL,1514,W,MONTROSE AVE,,NONINCAPACITATING INJURY,0,0,1,18,3,8,41.961715,-87.66840761
10/18/2022 07:10:00 PM,20,TRAFFIC SIGNAL,CLEAR,"DARKNESS, LIGHTED ROAD",NOT DIVIDED,DRY,INJURY AND / OR TOW DUE TO CRASH,,UNABLE TO DETERMINE,200,W,43RD ST,,INCAPACITATING INJURY,0,1,0,19,3,10,41.81652734,-87.63125596
9/2/2020 22:05,30,STOP SIGN/FLASHER,CLEAR,"DARKNESS, LIGHTED ROAD",NOT DIVIDED,DRY,INJURY AND / OR TOW DUE TO CRASH,,FAILING TO YIELD RIGHT-OF-WAY,2600,N,SOUTHPORT AVE,,NONINCAPACITATING INJURY,0,0,1,22,4,9,41.92889109,-87.66359222
09/16/2021 09:00:00 PM,30,TRAFFIC SIGNAL,CLEAR,"DARKNESS, LIGHTED ROAD",FOUR WAY,DRY,INJURY AND / OR TOW DUE TO CRASH,,DISREGARDING TRAFFIC SIGNALS,2401,N,LAMON AVE,,"REPORTED, NOT EVIDENT",0,0,0,21,5,9,41.92426503,-87.74861852
07/28/2022 12:15:00 PM,30,NO CONTROLS,CLEAR,DAYLIGHT,DIVIDED - W/MEDIAN (NOT RAISED),DRY,INJURY AND / OR TOW DUE TO CRASH,Y,FAILING TO YIELD RIGHT-OF-WAY,800,S,RACINE AVE,,"REPORTED, NOT EVIDENT",0,0,0,12,5,7,41.87175572,-87.65697826
08/25/2020 01:20:00 PM,20,STOP SIGN/FLASHER,CLEAR,DUSK,DIVIDED - W/MEDIAN (NOT RAISED),DRY,INJURY AND / OR TOW DUE TO CRASH,,"VISION OBSCURED (SIGNS, TREE LIMBS, BUILDINGS, ETC.)",1200,W,FULTON MARKET,,NONINCAPACITATING INJURY,0,0,1,13,3,8,41.88678503,-87.6569421
05/30/2022 01:45:00 PM,30,NO CONTROLS,CLEAR,DAYLIGHT,CENTER TURN LANE,DRY,NO INJURY / DRIVE AWAY,,FAILING TO YIELD RIGHT-OF-WAY,4353,S,KEDZIE AVE,,NO INDICATION OF INJURY,0,0,0,13,2,5,41.81381497,-87.70405353
06/27/2023 01:09:00 PM,30,STOP SIGN/FLASHER,CLEAR,DAYLIGHT,ONE-WAY,DRY,NO INJURY / DRIVE AWAY,,DRIVING SKILLS/KNOWLEDGE/EXPERIENCE,4828,W,PALMER ST,,NO INDICATION OF INJURY,0,0,0,13,3,6,41.92067871,-87.74738186
8/1/2019 9:00,30,NO CONTROLS,CLEAR,DAYLIGHT,DIVIDED - W/MEDIAN (NOT RAISED),DRY,INJURY AND / OR TOW DUE TO CRASH,,FAILING TO YIELD RIGHT-OF-WAY,1668,N,MILWAUKEE AVE,,NONINCAPACITATING INJURY,0,0,1,9,5,8,41.91162933,-87.67962205
4/10/2023 15:19,30,UNKNOWN,CLEAR,DAYLIGHT,UNKNOWN,DRY,NO INJURY / DRIVE AWAY,,UNABLE TO DETERMINE,4414,S,EVANS AVE,,NO INDICATION OF INJURY,0,0,0,15,2,4,41.81447955,-87.60845505
09/20/2022 08:30:00 PM,30,STOP SIGN/FLASHER,UNKNOWN,"DARKNESS, LIGHTED ROAD",FOUR WAY,UNKNOWN,INJURY AND / OR TOW DUE TO CRASH,Y,DRIVING ON WRONG SIDE/WRONG WAY,5661,N,GLENWOOD AVE,,NONINCAPACITATING INJURY,0,0,1,20,3,9,41.98534076,-87.66485765
10/4/2020 15:30,30,STOP SIGN/FLASHER,CLEAR,DAYLIGHT,NOT DIVIDED,DRY,NO INJURY / DRIVE AWAY,,UNABLE TO DETERMINE,4013,S,ARCHER AVE,,NO INDICATION OF INJURY,0,0,0,15,1,10,41.82071628,-87.69321081
08/16/2018 02:00:00 PM,30,UNKNOWN,CLEAR,DAYLIGHT,NOT DIVIDED,UNKNOWN,INJURY AND / OR TOW DUE TO CRASH,,UNABLE TO DETERMINE,3100,N,LINCOLN AVE,Y,NONINCAPACITATING INJURY,0,0,1,14,5,8,41.9379016,-87.66640186
03/28/2021 04:58:00 PM,25,NO CONTROLS,CLEAR,DAYLIGHT,ONE-WAY,DRY,NO INJURY / DRIVE AWAY,,UNABLE TO DETERMINE,4399,N,LAKE SHORE DR NB,,NO INDICATION OF INJURY,0,0,0,16,1,3,41.96195363,-87.64607681
08/14/2019 06:08:00 PM,30,TRAFFIC SIGNAL,CLOUDY/OVERCAST,DAWN,FOUR WAY,DRY,INJURY AND / OR TOW DUE TO CRASH,Y,FOLLOWING TOO CLOSELY,3158,W,CERMAK RD,,"REPORTED, NOT EVIDENT",0,0,0,18,4,8,41.85187579,-87.70519652
6/8/2021 19:35,30,NO CONTROLS,CLEAR,DAYLIGHT,DIVIDED - W/MEDIAN (NOT RAISED),DRY,INJURY AND / OR TOW DUE TO CRASH,,UNABLE TO DETERMINE,450,W,BELMONT AVE,,NONINCAPACITATING INJURY,0,0,1,19,3,6,41.94019832,-87.64154502
07/23/2019 07:50:00 PM,30,NO CONTROLS,CLEAR,DAYLIGHT,NOT DIVIDED,DRY,NO INJURY / DRIVE AWAY,,UNABLE TO DETERMINE,3006,N,HALSTED ST,,NO INDICATION OF INJURY,0,0,0,19,3,7,41.93661097,-87.64929717
09/14/2023 06:49:00 PM,30,TRAFFIC SIGNAL,CLEAR,"DARKNESS, LIGHTED ROAD",NOT DIVIDED,DRY,NO INJURY / DRIVE AWAY,,UNABLE TO DETERMINE,2300,S,CANAL ST,,NO INDICATION OF INJURY,0,0,0,18,5,9,41.85083702,-87.63862815
6/3/2022 21:45,30,STOP SIGN/FLASHER,UNKNOWN,"DARKNESS, LIGHTED ROAD",NOT DIVIDED,UNKNOWN,NO INJURY / DRIVE AWAY,Y,UNABLE TO DETERMINE,1900,S,HALSTED ST,,NO INDICATION OF INJURY,0,0,0,21,6,6,41.85669125,-87.64675695
8/10/2021 20:23,35,STOP SIGN/FLASHER,RAIN,"DARKNESS, LIGHTED ROAD",T-INTERSECTION,WET,INJURY AND / OR TOW DUE TO CRASH,,UNABLE TO DETERMINE,11198,S,STATE LINE RD,,INCAPACITATING INJURY,0,1,0,20,3,8,41.69189221,-87.52480641
11/1/2019 23:00,30,STOP SIGN/FLASHER,FOG/SMOKE/HAZE,"DARKNESS, LIGHTED ROAD",ONE-WAY,WET,INJURY AND / OR TOW DUE TO CRASH,Y,DISREGARDING STOP SIGN,1332,N,KILDARE AVE,,NONINCAPACITATING INJURY,0,0,1,23,6,11,41.90530951,-87.73390631
9/9/2022 17:25,30,NO CONTROLS,CLEAR,DAYLIGHT,T-INTERSECTION,DRY,NO INJURY / DRIVE AWAY,,UNABLE TO DETERMINE,4200,W,WRIGHTWOOD AVE,,NO INDICATION OF INJURY,0,0,0,17,6,9,41.92816138,-87.73184175
6/8/2022 16:30,30,NO CONTROLS,CLEAR,DAYLIGHT,DIVIDED - W/MEDIAN (NOT RAISED),WET,INJURY AND / OR TOW DUE TO CRASH,,FAILING TO YIELD RIGHT-OF-WAY,2415,W,LUNT AVE,,NONINCAPACITATING INJURY,0,0,1,16,4,6,42.00853323,-87.69079853
9/1/2017 17:00,30,NO CONTROLS,CLEAR,DAYLIGHT,DIVIDED - W/MEDIAN (NOT RAISED),DRY,INJURY AND / OR TOW DUE TO CRASH,,UNABLE TO DETERMINE,1649,N,MILWAUKEE AVE,Y,NONINCAPACITATING INJURY,0,0,1,17,6,9,41.91143126,-87.67886881
7/8/2019 18:45,30,NO CONTROLS,UNKNOWN,UNKNOWN,ALLEY,UNKNOWN,INJURY AND / OR TOW DUE TO CRASH,,UNABLE TO DETERMINE,4900,W,STRONG ST,,NONINCAPACITATING INJURY,0,0,1,18,2,7,41.97084299,-87.75036693
10/23/2023 05:27:00 PM,30,NO CONTROLS,CLEAR,DUSK,NOT DIVIDED,DRY,INJURY AND / OR TOW DUE TO CRASH,Y,DISTRACTION - FROM INSIDE VEHICLE,1235,N,CICERO AVE,,NONINCAPACITATING INJURY,0,0,1,17,2,10,41.90341545,-87.74583666
11/12/2016 18:00,25,NO CONTROLS,CLEAR,DARKNESS,OTHER,DRY,NO INJURY / DRIVE AWAY,,UNABLE TO DETERMINE,2400,W,FULLERTON AVE,Y,NO INDICATION OF INJURY,0,0,0,18,7,11,41.92500994,-87.68770475
1/9/2021 17:00,15,NO CONTROLS,CLEAR,"DARKNESS, LIGHTED ROAD",ONE-WAY,DRY,INJURY AND / OR TOW DUE TO CRASH,Y,UNABLE TO DETERMINE,951,E,SOLIDARITY DR,,NONINCAPACITATING INJURY,0,0,1,17,7,1,41.86608798,-87.60746462
05/24/2022 08:23:00 PM,30,STOP SIGN/FLASHER,CLEAR,DUSK,FOUR WAY,DRY,INJURY AND / OR TOW DUE TO CRASH,,UNABLE TO DETERMINE,3100,W,IRVING PARK RD,,NONINCAPACITATING INJURY,0,0,1,20,3,5,41.95404495,-87.70563638
09/15/2021 09:00:00 PM,30,NO CONTROLS,CLEAR,"DARKNESS, LIGHTED ROAD",NOT DIVIDED,UNKNOWN,NO INJURY / DRIVE AWAY,Y,UNABLE TO DETERMINE,2900,W,CORTLAND ST,,NO INDICATION OF INJURY,0,0,0,21,4,9,41.91576308,-87.69931154
7/12/2018 14:51,30,NO CONTROLS,CLEAR,DAYLIGHT,DIVIDED - W/MEDIAN (NOT RAISED),DRY,NO INJURY / DRIVE AWAY,,DRIVING SKILLS/KNOWLEDGE/EXPERIENCE,4643,N,CLARK ST,Y,NO INDICATION OF INJURY,0,0,0,14,5,7,41.96655606,-87.66685847
08/19/2015 06:45:00 PM,30,NO CONTROLS,CLEAR,DAYLIGHT,NOT DIVIDED,DRY,NO INJURY / DRIVE AWAY,,UNABLE TO DETERMINE,105,W,HARRISON ST,,NO INDICATION OF INJURY,0,0,0,18,4,8,41.87440974,-87.6308549
07/13/2020 04:00:00 PM,25,NO CONTROLS,CLEAR,DAYLIGHT,NOT DIVIDED,DRY,INJURY AND / OR TOW DUE TO CRASH,,UNABLE TO DETERMINE,2735,S,LAWNDALE AVE,,NONINCAPACITATING INJURY,0,0,1,16,2,7,41.84145945,-87.71700727
10/10/2017 18:30,30,STOP SIGN/FLASHER,RAIN,"DARKNESS, LIGHTED ROAD",NOT DIVIDED,WET,INJURY AND / OR TOW DUE TO CRASH,,NOT APPLICABLE,5958,W,SUNNYSIDE AVE,,NONINCAPACITATING INJURY,0,0,1,18,3,10,41.96233469,-87.77702341
11/4/2022 18:30,30,STOP SIGN/FLASHER,CLOUDY/OVERCAST,"DARKNESS, LIGHTED ROAD",FOUR WAY,DRY,INJURY AND / OR TOW DUE TO CRASH,,DISREGARDING STOP SIGN,9701,S,COMMERCIAL AVE,,NONINCAPACITATING INJURY,0,0,1,18,6,11,41.71902631,-87.55088273
07/25/2018 06:20:00 PM,30,TRAFFIC SIGNAL,CLEAR,DAYLIGHT,DIVIDED - W/MEDIAN (NOT RAISED),DRY,INJURY AND / OR TOW DUE TO CRASH,,IMPROPER TURNING/NO SIGNAL,1730,N,MILWAUKEE AVE,,INCAPACITATING INJURY,0,1,0,18,4,7,41.91268488,-87.68125704
09/14/2017 07:15:00 AM,30,TRAFFIC SIGNAL,CLEAR,DAYLIGHT,NOT DIVIDED,DRY,NO INJURY / DRIVE AWAY,,DISREGARDING STOP SIGN,5024,N,DAMEN AVE,,NO INDICATION OF INJURY,0,0,0,7,5,9,41.97320415,-87.67946505
10/31/2023 03:45:00 PM,30,TRAFFIC SIGNAL,SNOW,DAYLIGHT,ONE-WAY,SNOW OR SLUSH,NO INJURY / DRIVE AWAY,,FAILING TO REDUCE SPEED TO AVOID CRASH,553,W,ADAMS ST,,NO INDICATION OF INJURY,0,0,0,15,3,10,41.87917194,-87.6417081
01/27/2022 11:30:00 PM,30,TRAFFIC SIGNAL,CLEAR,DARKNESS,FOUR WAY,DRY,INJURY AND / OR TOW DUE TO CRASH,,UNABLE TO DETERMINE,1198,S,HALSTED ST,,"REPORTED, NOT EVIDENT",0,0,0,23,5,1,41.86723997,-87.6470655