CRASH_DATE,POSTED_SPEED_LIMIT,TRAFFIC_CONTROL_DEVICE,WEATHER_CONDITION,LIGHTING_CONDITION,TRAFFICWAY_TYPE,ROADWAY_SURFACE_COND,CRASH_TYPE,HIT_AND_RUN_I,PRIM_CONTRIBUTORY_CAUSE,STREET_NO,STREET_DIRECTION,STREET_NAME,DOORING_I,MOST_SEVERE_INJURY,INJURIES_FATAL,INJURIES_INCAPACITATING,INJURIES_NON_INCAPACITATING,CRASH_HOUR,CRASH_DAY_OF_WEEK,CRASH_MONTH,LATITUDE,LONGITUDE
06/30/2019 02:45:00 PM,30,TRAFFIC SIGNAL,RAIN,DAYLIGHT,DIVIDED - W/MEDIAN (NOT RAISED),WET,NO INJURY / DRIVE AWAY,,WEATHER,2800,W,MONTROSE AVE,,NO INDICATION OF INJURY,0,0,0,14,1,6,41.96135865,-87.69854417
9/7/2017 8:31,30,NO CONTROLS,CLEAR,DAYLIGHT,ONE-WAY,DRY,INJURY AND / OR TOW DUE TO CRASH,,UNABLE TO DETERMINE,414,N,WELLS ST,Y,"REPORTED, NOT EVIDENT",0,0,0,8,5,9,41.88972017,-87.63416995
7/12/2021 1:31,30,NO CONTROLS,FREEZING RAIN/DRIZZLE,"DARKNESS, LIGHTED ROAD",NOT DIVIDED,WET,INJURY AND / OR TOW DUE TO CRASH,,UNABLE TO DETERMINE,920,N,LARRABEE ST,,NONINCAPACITATING INJURY,0,0,1,1,2,7,41.89941233,-87.64319917
8/1/2023 14:00,30,TRAFFIC SIGNAL,CLEAR,DAYLIGHT,FOUR WAY,DRY,INJURY AND / OR TOW DUE TO CRASH,,UNABLE TO DETERMINE,4700,S,HALSTED ST,,"REPORTED, NOT EVIDENT",0,0,0,14,3,8,41.80881504,-87.64568295
05/29/2018 08:16:00 PM,30,TRAFFIC SIGNAL,CLEAR,DARKNESS,NOT DIVIDED,DRY,INJURY AND / OR TOW DUE TO CRASH,,FAILING TO YIELD RIGHT-OF-WAY,8300,S,DAMEN AVE,,INCAPACITATING INJURY,0,1,0,20,3,5,41.74284998,-87.67310736
10/11/2020 16:20,30,NO CONTROLS,CLEAR,DAYLIGHT,NOT DIVIDED,DRY,NO INJURY / DRIVE AWAY,,UNABLE TO DETERMINE,1600,W,NORTH AVE,,NO INDICATION OF INJURY,0,0,0,16,1,10,41.91073912,-87.66775554
8/5/2016 13:45,30,NO CONTROLS,CLEAR,DAYLIGHT,NOT DIVIDED,DRY,NO INJURY / DRIVE AWAY,Y,IMPROPER TURNING/NO SIGNAL,3219,N,HALSTED ST,,NO INDICATION OF INJURY,0,0,0,13,6,8,41.94052651,-87.64913653
05/30/2019 03:20:00 PM,30,NO CONTROLS,CLEAR,DAYLIGHT,DIVIDED - W/MEDIAN (NOT RAISED),DRY,INJURY AND / OR TOW DUE TO CRASH,,NOT APPLICABLE,1900,W,OGDEN AVE,,"REPORTED, NOT EVIDENT",0,0,0,15,5,5,41.87478326,-87.67420035
12/26/2019 01:50:00 PM,30,TRAFFIC SIGNAL,CLEAR,DAYLIGHT,NOT DIVIDED,DRY,INJURY AND / OR TOW DUE TO CRASH,,FAILING TO YIELD RIGHT-OF-WAY,5999,N,LINCOLN AVE,,NONINCAPACITATING INJURY,0,0,1,13,5,12,41.99043687,-87.70722734
05/21/2022 01:00:00 PM,35,NO CONTROLS,RAIN,DAYLIGHT,NOT DIVIDED,DRY,NO INJURY / DRIVE AWAY,,FAILING TO YIELD RIGHT-OF-WAY,2805,W,CERMAK RD,,NO INDICATION OF INJURY,0,0,0,13,7,5,41.85178875,-87.69578559
4/3/2017 2:20,30,NO CONTROLS,CLEAR,"DARKNESS, LIGHTED ROAD",DIVIDED - W/MEDIAN (NOT RAISED),DRY,INJURY AND / OR TOW DUE TO CRASH,Y,UNABLE TO DETERMINE,7218,S,DAMEN AVE,,NONINCAPACITATING INJURY,0,0,1,2,2,4,41.76238035,-87.67361596
06/24/2020 04:39:00 PM,30,OTHER,CLEAR,DAYLIGHT,DIVIDED - W/MEDIAN BARRIER,DRY,INJURY AND / OR TOW DUE TO CRASH,,DISREGARDING ROAD MARKINGS,7040,S,STONY ISLAND AVE,,NONINCAPACITATING INJURY,0,0,1,16,4,6,41.76671759,-87.58649243
06/27/2017 03:50:00 PM,30,STOP SIGN/FLASHER,CLEAR,DAYLIGHT,NOT DIVIDED,DRY,NO INJURY / DRIVE AWAY,,UNABLE TO DETERMINE,6800,S,LOWE AVE,Y,NO INDICATION OF INJURY,0,0,0,15,3,6,41.77063271,-87.6403965
06/18/2019 03:00:00 PM,30,NO CONTROLS,CLEAR,DAYLIGHT,NOT DIVIDED,DRY,INJURY AND / OR TOW DUE TO CRASH,,UNABLE TO DETERMINE,3588,S,RACINE AVE,,INCAPACITATING INJURY,0,1,0,15,3,6,41.82872594,-87.65581192
04/28/2023 12:21:00 PM,35,TRAFFIC SIGNAL,CLEAR,DAYLIGHT,ONE-WAY,DRY,INJURY AND / OR TOW DUE TO CRASH,,UNABLE TO DETERMINE,535,W,ADAMS ST,,NONINCAPACITATING INJURY,0,0,1,12,6,4,41.87918365,-87.64103045
8/1/2020 22:33,30,NO CONTROLS,RAIN,"DARKNESS, LIGHTED ROAD",NOT DIVIDED,WET,NO INJURY / DRIVE AWAY,,UNABLE TO DETERMINE,804,W,ARMITAGE AVE,Y,NO INDICATION OF INJURY,0,0,0,22,7,8,41.91828761,-87.64872965
01/29/2020 12:45:00 PM,30,NO CONTROLS,CLEAR,DAYLIGHT,NOT DIVIDED,DRY,NO INJURY / DRIVE AWAY,,UNABLE TO DETERMINE,125,N,GREEN ST,,NO INDICATION OF INJURY,0,0,0,12,4,1,41.88389693,-87.6484421
8/9/2023 23:30,30,NO CONTROLS,CLEAR,"DARKNESS, LIGHTED ROAD",NOT DIVIDED,DRY,INJURY AND / OR TOW DUE TO CRASH,,IMPROPER OVERTAKING/PASSING,4212,W,ARMITAGE AVE,,NONINCAPACITATING INJURY,0,0,1,23,4,8,41.91720442,-87.73205991
05/31/2021 02:27:00 AM,30,STOP SIGN/FLASHER,CLEAR,"DARKNESS, LIGHTED ROAD",FOUR WAY,DRY,INJURY AND / OR TOW DUE TO CRASH,,UNABLE TO DETERMINE,1000,W,WAVELAND AVE,N,NONINCAPACITATING INJURY,0,0,1,2,2,5,41.94915254,-87.65444659
7/7/2019 7:52,35,NO CONTROLS,CLEAR,DAYLIGHT,DRIVEWAY,DRY,INJURY AND / OR TOW DUE TO CRASH,,DRIVING SKILLS/KNOWLEDGE/EXPERIENCE,6100,S,WESTERN AVE,,NONINCAPACITATING INJURY,0,0,1,7,1,7,41.7828162,-87.683886
05/13/2022 01:00:00 PM,30,NO CONTROLS,CLEAR,DAYLIGHT,NOT DIVIDED,DRY,NO INJURY / DRIVE AWAY,N,IMPROPER TURNING/NO SIGNAL,1521,N,DAMEN AVE,,NO INDICATION OF INJURY,0,0,0,13,6,5,41.90892693,-87.677274
6/6/2021 16:14,30,TRAFFIC SIGNAL,CLEAR,DAYLIGHT,ROUNDABOUT,DRY,INJURY AND / OR TOW DUE TO CRASH,,FAILING TO YIELD RIGHT-OF-WAY,6412,N,CALDWELL AVE,Y,NONINCAPACITATING INJURY,0,0,1,16,1,6,41.99742056,-87.76721936
08/17/2020 07:45:00 PM,30,TRAFFIC SIGNAL,CLEAR,DUSK,NOT DIVIDED,DRY,NO INJURY / DRIVE AWAY,,FAILING TO YIELD RIGHT-OF-WAY,2100,S,WENTWORTH AVE,,NO INDICATION OF INJURY,0,0,0,19,2,8,41.85412074,-87.63195792
10/3/2022 16:30,30,TRAFFIC SIGNAL,CLOUDY/OVERCAST,UNKNOWN,OTHER,UNKNOWN,INJURY AND / OR TOW DUE TO CRASH,,UNABLE TO DETERMINE,4200,W,ADDISON ST,,NONINCAPACITATING INJURY,0,0,1,16,2,10,41.94641755,-87.73230972
12/3/2021 4:05,30,NO CONTROLS,CLEAR,"DARKNESS, LIGHTED ROAD",DIVIDED - W/MEDIAN (NOT RAISED),DRY,INJURY AND / OR TOW DUE TO CRASH,Y,NOT APPLICABLE,3025,N,WESTERN AVE,,NONINCAPACITATING INJURY,0,0,1,4,6,12,41.93663651,-87.68784552
09/26/2017 03:00:00 PM,30,NO CONTROLS,CLEAR,DAYLIGHT,PARKING LOT,DRY,NO INJURY / DRIVE AWAY,N,UNABLE TO DETERMINE,749,W,31ST ST,,NO INDICATION OF INJURY,0,0,0,15,3,9,41.83794125,-87.6457954
09/21/2018 02:45:00 PM,35,TRAFFIC SIGNAL,CLEAR,DAYLIGHT,NOT DIVIDED,DRY,NO INJURY / DRIVE AWAY,,UNABLE TO DETERMINE,2500,S,CALIFORNIA AVE,N,NO INDICATION OF INJURY,0,0,0,14,6,9,41.84640072,-87.69541632
08/27/2021 05:15:00 PM,30,STOP SIGN/FLASHER,CLEAR,DAYLIGHT,FOUR WAY,DRY,NO INJURY / DRIVE AWAY,Y,UNABLE TO DETERMINE,1199,S,RACINE AVE,,NO INDICATION OF INJURY,0,0,0,17,6,8,41.86704053,-87.65653562
11/13/2020 03:28:00 PM,20,STOP SIGN/FLASHER,CLEAR,DAYLIGHT,T-INTERSECTION,DRY,INJURY AND / OR TOW DUE TO CRASH,,UNABLE TO DETERMINE,8556,S,VINCENNES AVE,,NONINCAPACITATING INJURY,0,0,1,15,6,11,41.73883236,-87.64115073
6/10/2023 17:20,30,NO CONTROLS,CLEAR,DAYLIGHT,NOT DIVIDED,DRY,INJURY AND / OR TOW DUE TO CRASH,,UNABLE TO DETERMINE,6314,W,RAVEN ST,,NONINCAPACITATING INJURY,0,0,1,17,7,6,41.99435313,-87.78570052
12/12/2015 17:00,30,TRAFFIC SIGNAL,UNKNOWN,"DARKNESS, LIGHTED ROAD",NOT DIVIDED,UNKNOWN,INJURY AND / OR TOW DUE TO CRASH,Y,DISREGARDING TRAFFIC SIGNALS,2458,N,MILWAUKEE AVE,,NONINCAPACITATING INJURY,0,0,1,17,7,12,41.9259582,-87.70256182
1/11/2022 13:20,30,NO CONTROLS,CLEAR,DAYLIGHT,NOT DIVIDED,SNOW OR SLUSH,INJURY AND / OR TOW DUE TO CRASH,,OBSTRUCTED CROSSWALKS,6301,N,WESTERN AVE,,NONINCAPACITATING INJURY,0,0,1,13,3,1,41.99600502,-87.68967943
09/29/2022 04:00:00 PM,30,UNKNOWN,UNKNOWN,UNKNOWN,FOUR WAY,UNKNOWN,NO INJURY / DRIVE AWAY,Y,UNABLE TO DETERMINE,1033,W,FULTON MARKET,,NO INDICATION OF INJURY,0,0,0,16,5,9,41.8866126,-87.65339374
01/29/2021 03:30:00 PM,30,TRAFFIC SIGNAL,CLOUDY/OVERCAST,DAYLIGHT,NOT DIVIDED,SNOW OR SLUSH,NO INJURY / DRIVE AWAY,Y,UNABLE TO DETERMINE,951,N,DAMEN AVE,,NO INDICATION OF INJURY,0,0,0,15,6,1,41.89927578,-87.67700084
07/20/2021 08:33:00 AM,30,STOP SIGN/FLASHER,CLEAR,DAYLIGHT,ONE-WAY,DRY,INJURY AND / OR TOW DUE TO CRASH,,FAILING TO YIELD RIGHT-OF-WAY,3600,N,NEW ENGLAND AVE,,NONINCAPACITATING INJURY,0,0,1,8,3,7,41.94551542,-87.79856581
06/18/2021 02:05:00 PM,30,TRAFFIC SIGNAL,CLEAR,DAYLIGHT,DIVIDED - W/MEDIAN (NOT RAISED),DRY,NO INJURY / DRIVE AWAY,,FOLLOWING TOO CLOSELY,405,W,DIVERSEY PKWY,,NO INDICATION OF INJURY,0,0,0,14,6,6,41.93279632,-87.63957948
05/23/2018 02:47:00 PM,30,NO CONTROLS,CLEAR,DAYLIGHT,PARKING LOT,DRY,NO INJURY / DRIVE AWAY,,UNABLE TO DETERMINE,10213,S,VINCENNES AVE,,NO INDICATION OF INJURY,0,0,0,14,4,5,41.70814254,-87.65536955
05/24/2022 05:15:00 PM,30,NO CONTROLS,CLEAR,DAYLIGHT,DIVIDED - W/MEDIAN (NOT RAISED),DRY,NO INJURY / DRIVE AWAY,Y,IMPROPER OVERTAKING/PASSING,1100,N,WOLCOTT AVE,Y,NO INDICATION OF INJURY,0,0,0,17,3,5,41.90147268,-87.67491532
10/10/2021 3:15,30,NO CONTROLS,CLEAR,"DARKNESS, LIGHTED ROAD",NOT DIVIDED,DRY,INJURY AND / OR TOW DUE TO CRASH,Y,"OPERATING VEHICLE IN ERRATIC, RECKLESS, CARELESS, NEGLIGENT OR AGGRESSIVE MANNER",869,N,ORLEANS ST,,INCAPACITATING INJURY,0,1,0,3,1,10,41.89855586,-87.63709998
07/23/2018 08:45:00 PM,30,TRAFFIC SIGNAL,CLEAR,"DARKNESS, LIGHTED ROAD",NOT DIVIDED,DRY,INJURY AND / OR TOW DUE TO CRASH,,DISREGARDING TRAFFIC SIGNALS,6700,S,JEFFERY BLVD,,NONINCAPACITATING INJURY,0,0,1,20,2,7,41.77336841,-87.57663855
4/11/2018 10:55,30,NO CONTROLS,CLEAR,DAYLIGHT,NOT DIVIDED,DRY,INJURY AND / OR TOW DUE TO CRASH,,UNABLE TO DETERMINE,3051,W,LAWRENCE AVE,Y,NONINCAPACITATING INJURY,0,0,1,10,4,4,41.96836816,-87.70565576
09/26/2020 11:20:00 AM,30,NO CONTROLS,CLEAR,DAYLIGHT,NOT DIVIDED,DRY,INJURY AND / OR TOW DUE TO CRASH,,FAILING TO YIELD RIGHT-OF-WAY,2165,N,MILWAUKEE AVE,N,NONINCAPACITATING INJURY,0,0,1,11,7,9,41.92062709,-87.69340388
10/1/2018 15:20,30,TRAFFIC SIGNAL,CLEAR,DAYLIGHT,DIVIDED - W/MEDIAN (NOT RAISED),DRY,INJURY AND / OR TOW DUE TO CRASH,Y,UNABLE TO DETERMINE,2208,W,DIVERSEY PKWY,,"REPORTED, NOT EVIDENT",0,0,0,15,2,10,41.93233148,-87.68340314
9/7/2018 11:47,30,STOP SIGN/FLASHER,RAIN,DAYLIGHT,DIVIDED - W/MEDIAN (NOT RAISED),WET,INJURY AND / OR TOW DUE TO CRASH,,UNABLE TO DETERMINE,1700,N,WINCHESTER AVE,,"REPORTED, NOT EVIDENT",0,0,0,11,6,9,41.91241504,-87.6764365
8/5/2019 12:25,30,TRAFFIC SIGNAL,CLEAR,DAYLIGHT,CENTER TURN LANE,DRY,INJURY AND / OR TOW DUE TO CRASH,,DRIVING ON WRONG SIDE/WRONG WAY,7900,S,COTTAGE GROVE AVE,,"REPORTED, NOT EVIDENT",0,0,0,12,2,8,41.75119434,-87.60536733
06/13/2019 12:20:00 PM,30,NO CONTROLS,CLEAR,DAYLIGHT,ONE-WAY,DRY,INJURY AND / OR TOW DUE TO CRASH,,DRIVING ON WRONG SIDE/WRONG WAY,456,N,DEARBORN ST,,NONINCAPACITATING INJURY,0,0,1,12,5,6,41.89079125,-87.62977414
07/24/2018 03:45:00 PM,25,NO CONTROLS,CLEAR,DAYLIGHT,NOT DIVIDED,DRY,INJURY AND / OR TOW DUE TO CRASH,,FAILING TO YIELD RIGHT-OF-WAY,800,N,PEORIA ST,,NONINCAPACITATING INJURY,0,0,1,15,3,7,41.8964054,-87.64994677
7/12/2023 8:15,30,TRAFFIC SIGNAL,RAIN,DAYLIGHT,FOUR WAY,WET,INJURY AND / OR TOW DUE TO CRASH,Y,UNABLE TO DETERMINE,2801,W,55TH ST,,NONINCAPACITATING INJURY,0,0,1,8,4,7,41.79358001,-87.69385554
02/18/2023 11:14:00 PM,30,NO CONTROLS,CLEAR,"DARKNESS, LIGHTED ROAD",NOT DIVIDED,DRY,INJURY AND / OR TOW DUE TO CRASH,Y,UNABLE TO DETERMINE,3832,W,LAWRENCE AVE,,INCAPACITATING INJURY,0,1,0,23,7,2,41.96838972,-87.72452573
8/4/2022 21:20,30,TRAFFIC SIGNAL,CLEAR,"DARKNESS, LIGHTED ROAD",NOT DIVIDED,DRY,NO INJURY / DRIVE AWAY,Y,UNABLE TO DETERMINE,1800,W,MADISON ST,,NO INDICATION OF INJURY,0,0,0,21,5,8,41.88149866,-87.6718102
03/23/2018 12:20:00 PM,30,TRAFFIC SIGNAL,CLEAR,DAYLIGHT,OTHER,DRY,INJURY AND / OR TOW DUE TO CRASH,Y,UNABLE TO DETERMINE,3800,W,ROOSEVELT RD,,INCAPACITATING INJURY,0,1,0,12,6,3,41.86634859,-87.72019539
07/17/2021 10:10:00 AM,30,NO CONTROLS,CLEAR,DAYLIGHT,NOT DIVIDED,DRY,INJURY AND / OR TOW DUE TO CRASH,,FAILING TO YIELD RIGHT-OF-WAY,2213,W,ROSCOE ST,,"REPORTED, NOT EVIDENT",0,0,0,10,7,7,41.94303907,-87.68386302
07/30/2022 09:50:00 PM,30,TRAFFIC SIGNAL,CLEAR,DARKNESS,NOT DIVIDED,DRY,INJURY AND / OR TOW DUE TO CRASH,Y,UNABLE TO DETERMINE,2301,S,CANAL ST,,NONINCAPACITATING INJURY,0,0,1,21,7,7,41.85084127,-87.63833458
06/18/2019 06:45:00 PM,30,UNKNOWN,CLEAR,DAYLIGHT,NOT DIVIDED,DRY,INJURY AND / OR TOW DUE TO CRASH,,FAILING TO YIELD RIGHT-OF-WAY,3443,N,HALSTED ST,,NONINCAPACITATING INJURY,0,0,1,18,3,6,41.94493701,-87.64926815
10/13/2021 08:05:00 AM,25,STOP SIGN/FLASHER,CLEAR,DAYLIGHT,DIVIDED - W/MEDIAN (NOT RAISED),DRY,NO INJURY / DRIVE AWAY,,NOT APPLICABLE,5130,N,SIMONDS DR,,NO INDICATION OF INJURY,0,0,0,8,4,10,41.97657069,-87.64854595
03/18/2018 04:30:00 PM,35,NO CONTROLS,CLEAR,DAYLIGHT,NOT DIVIDED,DRY,NO INJURY / DRIVE AWAY,,FAILING TO YIELD RIGHT-OF-WAY,4802,W,WELLINGTON AVE,,NO INDICATION OF INJURY,0,0,0,16,1,3,41.93528773,-87.74694252
10/14/2020 03:25:00 PM,20,STOP SIGN/FLASHER,CLEAR,DAYLIGHT,FOUR WAY,DRY,INJURY AND / OR TOW DUE TO CRASH,,DISREGARDING STOP SIGN,4599,N,ALBANY AVE,,NONINCAPACITATING INJURY,0,0,1,15,4,10,41.96463694,-87.70576144
07/13/2019 04:16:00 PM,30,TRAFFIC SIGNAL,CLEAR,DAYLIGHT,FOUR WAY,DRY,NO INJURY / DRIVE AWAY,Y,UNABLE TO DETERMINE,700,N,MICHIGAN AVE,,NO INDICATION OF INJURY,0,0,0,16,7,7,41.89497951,-87.62439997
05/22/2023 03:30:00 PM,20,NO CONTROLS,CLEAR,DAYLIGHT,NOT DIVIDED,DRY,NO INJURY / DRIVE AWAY,,FAILING TO YIELD RIGHT-OF-WAY,10300,S,SEELEY AVE,Y,NO INDICATION OF INJURY,0,0,0,15,2,5,41.70642674,-87.67317589
12/31/2020 10:26:00 AM,30,NO CONTROLS,CLEAR,DAYLIGHT,ONE-WAY,ICE,NO INJURY / DRIVE AWAY,,WEATHER,4349,S,TROY ST,,NO INDICATION OF INJURY,0,0,0,10,5,12,41.81436323,-87.70286365
06/13/2022 07:35:00 PM,30,NO CONTROLS,RAIN,DUSK,T-INTERSECTION,WET,INJURY AND / OR TOW DUE TO CRASH,Y,IMPROPER TURNING/NO SIGNAL,1126,W,FULLERTON AVE,,NONINCAPACITATING INJURY,0,0,1,19,2,6,41.92542542,-87.65704473
08/18/2018 10:00:00 AM,30,STOP SIGN/FLASHER,CLEAR,DAYLIGHT,OTHER,DRY,INJURY AND / OR TOW DUE TO CRASH,,NOT APPLICABLE,3157,S,PULASKI RD,N,INCAPACITATING INJURY,0,1,0,10,7,8,41.83521255,-87.72416538
04/26/2020 02:50:00 PM,30,NO CONTROLS,CLEAR,DAYLIGHT,NOT DIVIDED,UNKNOWN,NO INJURY / DRIVE AWAY,,UNABLE TO DETERMINE,3098,N,DAMEN AVE,,NO INDICATION OF INJURY,0,0,0,14,1,4,41.93770284,-87.67844262
05/22/2023 08:15:00 AM,30,STOP SIGN/FLASHER,CLEAR,DAYLIGHT,NOT DIVIDED,DRY,INJURY AND / OR TOW DUE TO CRASH,,NOT APPLICABLE,4259,N,KEDZIE AVE,,NONINCAPACITATING INJURY,0,0,1,8,2,5,41.95927675,-87.70803898
09/17/2015 04:45:00 PM,20,NO CONTROLS,CLEAR,DAYLIGHT,NOT DIVIDED,DRY,INJURY AND / OR TOW DUE TO CRASH,,UNABLE TO DETERMINE,400,E,RANDOLPH ST,,NONINCAPACITATING INJURY,0,0,1,16,5,9,41.88464637,-87.6172485
09/21/2021 08:06:00 AM,30,STOP SIGN/FLASHER,RAIN,DAYLIGHT,T-INTERSECTION,WET,NO INJURY / DRIVE AWAY,,FAILING TO YIELD RIGHT-OF-WAY,1000,E,41ST PL,,NO INDICATION OF INJURY,0,0,0,8,3,9,41.81970543,-87.60236636
08/29/2019 06:02:00 PM,30,NO CONTROLS,CLEAR,DAYLIGHT,DIVIDED - W/MEDIAN (NOT RAISED),DRY,INJURY AND / OR TOW DUE TO CRASH,,DISTRACTION - FROM INSIDE VEHICLE,6245,W,BELMONT AVE,Y,NONINCAPACITATING INJURY,0,0,1,18,5,8,41.9382526,-87.78285304
07/28/2021 09:10:00 PM,20,NO CONTROLS,CLEAR,"DARKNESS, LIGHTED ROAD",ALLEY,DRY,NO INJURY / DRIVE AWAY,,UNABLE TO DETERMINE,4828,W,IRVING PARK RD,,NO INDICATION OF INJURY,0,0,0,21,4,7,41.95351351,-87.74840851
10/8/2018 18:06,35,TRAFFIC SIGNAL,CLEAR,DUSK,ONE-WAY,DRY,INJURY AND / OR TOW DUE TO CRASH,,FAILING TO YIELD RIGHT-OF-WAY,527,N,DEARBORN ST,,NONINCAPACITATING INJURY,0,0,1,18,2,10,41.8916103,-87.62950314
09/24/2022 09:04:00 AM,30,POLICE/FLAGMAN,CLEAR,DAYLIGHT,Y-INTERSECTION,DRY,INJURY AND / OR TOW DUE TO CRASH,,FAILING TO YIELD RIGHT-OF-WAY,3431,N,CLARK ST,,NONINCAPACITATING INJURY,0,0,1,9,7,9,41.94441596,-87.6540496
04/15/2016 05:00:00 PM,30,NO CONTROLS,CLEAR,DAYLIGHT,OTHER,DRY,NO INJURY / DRIVE AWAY,Y,IMPROPER OVERTAKING/PASSING,5506,S,STATE ST,,NO INDICATION OF INJURY,0,0,0,17,6,4,41.79406819,-87.62583185
7/11/2018 22:25,25,NO CONTROLS,CLEAR,"DARKNESS, LIGHTED ROAD",DIVIDED - W/MEDIAN (NOT RAISED),DRY,INJURY AND / OR TOW DUE TO CRASH,Y,IMPROPER OVERTAKING/PASSING,3032,N,WESTERN AVE,,NONINCAPACITATING INJURY,0,0,1,22,4,7,41.93682196,-87.68821502
8/7/2022 11:59,30,NO CONTROLS,RAIN,DAYLIGHT,NOT DIVIDED,UNKNOWN,INJURY AND / OR TOW DUE TO CRASH,,IMPROPER OVERTAKING/PASSING,1333,W,BELMONT AVE,,NONINCAPACITATING INJURY,0,0,1,11,1,8,41.93967565,-87.66253481
11/3/2016 16:00,30,UNKNOWN,CLEAR,DAYLIGHT,DIVIDED - W/MEDIAN (NOT RAISED),DRY,NO INJURY / DRIVE AWAY,,DISREGARDING TRAFFIC SIGNALS,2801,N,DAMEN AVE,,NO INDICATION OF INJURY,0,0,0,16,5,11,41.93233107,-87.67798873
07/19/2019 11:36:00 PM,30,TRAFFIC SIGNAL,CLEAR,"DARKNESS, LIGHTED ROAD",NOT DIVIDED,UNKNOWN,NO INJURY / DRIVE AWAY,,UNABLE TO DETERMINE,6700,S,STONY ISLAND AVE,,NO INDICATION OF INJURY,0,0,0,23,6,7,41.7732929,-87.58644237
11/7/2020 19:30,30,NO CONTROLS,CLEAR,"DARKNESS, LIGHTED ROAD",NOT DIVIDED,DRY,INJURY AND / OR TOW DUE TO CRASH,,DRIVING SKILLS/KNOWLEDGE/EXPERIENCE,2410,N,MILWAUKEE AVE,Y,NONINCAPACITATING INJURY,0,0,1,19,7,11,41.92491617,-87.70086166
10/21/2023 01:05:00 PM,30,TRAFFIC SIGNAL,CLEAR,DAYLIGHT,NOT DIVIDED,DRY,NO INJURY / DRIVE AWAY,Y,BICYCLE ADVANCING LEGALLY ON RED LIGHT,3550,S,ARCHER AVE,,NO INDICATION OF INJURY,0,0,0,13,7,10,41.82930851,-87.67964372
9/2/2019 22:20,30,TRAFFIC SIGNAL,CLEAR,"DARKNESS, LIGHTED ROAD",DIVIDED - W/MEDIAN (NOT RAISED),DRY,INJURY AND / OR TOW DUE TO CRASH,,FAILING TO YIELD RIGHT-OF-WAY,4699,W,NORTH AVE,,NONINCAPACITATING INJURY,0,0,1,22,2,9,41.90954292,-87.74351694
07/17/2023 01:53:00 PM,30,STOP SIGN/FLASHER,CLEAR,DAYLIGHT,T-INTERSECTION,DRY,INJURY AND / OR TOW DUE TO CRASH,Y,DISREGARDING TRAFFIC SIGNALS,5500,S,INDIANA AVE,,NONINCAPACITATING INJURY,0,0,1,13,2,7,41.79436896,-87.62098331
8/2/2016 19:30,30,NO CONTROLS,CLEAR,DUSK,ONE-WAY,DRY,NO INJURY / DRIVE AWAY,,UNABLE TO DETERMINE,1510,N,DAMEN AVE,Y,NO INDICATION OF INJURY,0,0,0,19,3,8,41.90860882,-87.67755853
7/3/2017 17:10,30,NO CONTROLS,CLEAR,DAYLIGHT,DIVIDED - W/MEDIAN (NOT RAISED),DRY,INJURY AND / OR TOW DUE TO CRASH,,FAILING TO YIELD RIGHT-OF-WAY,5900,S,CENTRAL PARK AVE,,INCAPACITATING INJURY,0,1,0,17,2,7,41.78605918,-87.71304733
9/9/2020 7:50,30,TRAFFIC SIGNAL,CLOUDY/OVERCAST,DAYLIGHT,T-INTERSECTION,DRY,INJURY AND / OR TOW DUE TO CRASH,,DISREGARDING OTHER TRAFFIC SIGNS,2000,W,WARREN BLVD,,FATAL,1,0,0,7,4,9,41.88233986,-87.67678799
6/7/2016 16:20,25,NO CONTROLS,CLEAR,DAYLIGHT,NOT DIVIDED,DRY,NO INJURY / DRIVE AWAY,Y,UNABLE TO DETERMINE,150,N,CANAL ST,,NO INDICATION OF INJURY,0,0,0,16,3,6,41.88463148,-87.63994669
9/8/2021 20:45,30,STOP SIGN/FLASHER,CLEAR,"DARKNESS, LIGHTED ROAD",NOT DIVIDED,DRY,INJURY AND / OR TOW DUE TO CRASH,,FAILING TO YIELD RIGHT-OF-WAY,3900,N,SHERIDAN RD,,NONINCAPACITATING INJURY,0,0,1,20,4,9,41.95271366,-87.65463891
4/9/2021 20:05,15,NO CONTROLS,CLEAR,"DARKNESS, LIGHTED ROAD",PARKING LOT,DRY,INJURY AND / OR TOW DUE TO CRASH,,UNABLE TO DETERMINE,2939,W,ADDISON ST,,NONINCAPACITATING INJURY,0,0,1,20,6,4,41.94653898,-87.70208489
02/28/2023 07:42:00 AM,30,BICYCLE CROSSING SIGN,CLEAR,DAYLIGHT,DIVIDED - W/MEDIAN (NOT RAISED),DRY,INJURY AND / OR TOW DUE TO CRASH,,FAILING TO YIELD RIGHT-OF-WAY,624,N,HALSTED ST,,NONINCAPACITATING INJURY,0,0,1,7,3,2,41.89313364,-87.64780859
11/16/2021 11:30:00 PM,30,STOP SIGN/FLASHER,CLEAR,"DARKNESS, LIGHTED ROAD",T-INTERSECTION,DRY,INJURY AND / OR TOW DUE TO CRASH,Y,FAILING TO YIELD RIGHT-OF-WAY,700,S,LOOMIS ST,,NONINCAPACITATING INJURY,0,0,1,23,3,11,41.87333967,-87.66190963
03/31/2023 03:51:00 PM,30,NO CONTROLS,CLEAR,DAYLIGHT,NOT DIVIDED,DRY,NO INJURY / DRIVE AWAY,,"OPERATING VEHICLE IN ERRATIC, RECKLESS, CARELESS, NEGLIGENT OR AGGRESSIVE MANNER",1626,W,MONTROSE AVE,,NO INDICATION OF INJURY,0,0,0,15,6,3,41.96168666,-87.67036723