CRASH_DATE,POSTED_SPEED_LIMIT,TRAFFIC_CONTROL_DEVICE,WEATHER_CONDITION,LIGHTING_CONDITION,TRAFFICWAY_TYPE,ROADWAY_SURFACE_COND,CRASH_TYPE,HIT_AND_RUN_I,PRIM_CONTRIBUTORY_CAUSE,STREET_NO,STREET_DIRECTION,STREET_NAME,DOORING_I,MOST_SEVERE_INJURY,INJURIES_FATAL,INJURIES_INCAPACITATING,INJURIES_NON_INCAPACITATING,CRASH_HOUR,CRASH_DAY_OF_WEEK,CRASH_MONTH,LATITUDE,LONGITUDE
06/13/2022 01:50:00 PM,30,NO CONTROLS,CLEAR,DAYLIGHT,OTHER,DRY,INJURY AND / OR TOW DUE TO CRASH,,NOT APPLICABLE,6430,S,CICERO AVE,,NONINCAPACITATING INJURY,0,0,1,13,2,6,41.77566337,-87.74232781
11/8/2017 7:45,30,STOP SIGN/FLASHER,CLEAR,DAYLIGHT,NOT DIVIDED,DRY,NO INJURY / DRIVE AWAY,,IMPROPER TURNING/NO SIGNAL,1600,W,HUBBARD ST,,NO INDICATION OF INJURY,0,0,0,7,4,11,41.889996,-87.66716037
11/11/2018 11:25,30,TRAFFIC SIGNAL,CLEAR,DAYLIGHT,NOT DIVIDED,DRY,INJURY AND / OR TOW DUE TO CRASH,,DRIVING SKILLS/KNOWLEDGE/EXPERIENCE,1415,S,PULASKI RD,,NONINCAPACITATING INJURY,0,0,1,11,1,11,41.86203693,-87.72489702
9/7/2017 7:30,30,STOP SIGN/FLASHER,CLEAR,DAYLIGHT,NOT DIVIDED,DRY,INJURY AND / OR TOW DUE TO CRASH,,FAILING TO YIELD RIGHT-OF-WAY,800,W,50TH ST,,INCAPACITATING INJURY,0,1,0,7,5,9,41.8035129,-87.64551623
06/27/2022 11:05:00 PM,35,NO CONTROLS,CLEAR,DARKNESS,NOT DIVIDED,DRY,INJURY AND / OR TOW DUE TO CRASH,,NOT APPLICABLE,5399,W,SUNNYSIDE AVE,,INCAPACITATING INJURY,0,1,0,23,2,6,41.96230515,-87.76226892
12/15/2017 06:40:00 AM,30,TRAFFIC SIGNAL,CLEAR,"DARKNESS, LIGHTED ROAD",NOT DIVIDED,DRY,INJURY AND / OR TOW DUE TO CRASH,,FAILING TO YIELD RIGHT-OF-WAY,6330,N,HARLEM AVE,,INCAPACITATING INJURY,0,1,0,6,6,12,41.996427,-87.80695199
08/16/2018 02:53:00 PM,30,NO CONTROLS,CLEAR,DAYLIGHT,NOT DIVIDED,DRY,INJURY AND / OR TOW DUE TO CRASH,Y,DRIVING ON WRONG SIDE/WRONG WAY,2106,N,LOREL AVE,,NONINCAPACITATING INJURY,0,0,1,14,5,8,41.91890716,-87.7598201
09/29/2018 05:23:00 PM,30,STOP SIGN/FLASHER,CLEAR,DAYLIGHT,NOT DIVIDED,DRY,INJURY AND / OR TOW DUE TO CRASH,,BICYCLE ADVANCING LEGALLY ON RED LIGHT,1315,N,MILWAUKEE AVE,Y,NONINCAPACITATING INJURY,0,0,1,17,7,9,41.90566977,-87.66987011
10/14/2023 10:00:00 PM,30,TRAFFIC SIGNAL,CLOUDY/OVERCAST,"DARKNESS, LIGHTED ROAD",NOT REPORTED,WET,INJURY AND / OR TOW DUE TO CRASH,Y,DISREGARDING TRAFFIC SIGNALS,33,N,DEARBORN ST,,"REPORTED, NOT EVIDENT",0,0,0,22,7,10,41.88280623,-87.6292815
07/22/2019 06:47:00 PM,30,TRAFFIC SIGNAL,CLEAR,DAYLIGHT,NOT DIVIDED,DRY,INJURY AND / OR TOW DUE TO CRASH,Y,IMPROPER LANE USAGE,2214,N,HALSTED ST,,NONINCAPACITATING INJURY,0,0,1,18,2,7,41.9222985,-87.648796
10/5/2022 15:30,30,UNKNOWN,CLEAR,DAYLIGHT,DIVIDED - W/MEDIAN (NOT RAISED),DRY,NO INJURY / DRIVE AWAY,Y,DRIVING SKILLS/KNOWLEDGE/EXPERIENCE,2755,N,LINCOLN AVE,N,NO INDICATION OF INJURY,0,0,0,15,4,10,41.93197156,-87.65767532
5/12/2022 8:00,25,STOP SIGN/FLASHER,CLEAR,DAYLIGHT,ONE-WAY,UNKNOWN,INJURY AND / OR TOW DUE TO CRASH,,FAILING TO YIELD RIGHT-OF-WAY,3332,W,BYRON ST,,NONINCAPACITATING INJURY,0,0,1,8,5,5,41.95216077,-87.71177154
04/13/2023 02:19:00 PM,30,TRAFFIC SIGNAL,CLEAR,DAYLIGHT,FOUR WAY,DRY,INJURY AND / OR TOW DUE TO CRASH,,DISREGARDING TRAFFIC SIGNALS,2356,W,MONTROSE AVE,,NONINCAPACITATING INJURY,0,0,1,14,5,4,41.96142464,-87.68854112
12/12/2021 21:46,35,NO CONTROLS,CLEAR,"DARKNESS, LIGHTED ROAD",NOT DIVIDED,DRY,NO INJURY / DRIVE AWAY,Y,UNABLE TO DETERMINE,5770,S,ARCHER AVE,,NO INDICATION OF INJURY,0,0,0,21,1,12,41.7966219,-87.75723963
7/10/2023 10:35,30,TRAFFIC SIGNAL,CLEAR,DAYLIGHT,FOUR WAY,DRY,INJURY AND / OR TOW DUE TO CRASH,,UNABLE TO DETERMINE,5800,N,SHERIDAN RD,,NONINCAPACITATING INJURY,0,0,1,10,2,7,41.9874468,-87.655453
07/29/2018 02:05:00 PM,30,STOP SIGN/FLASHER,CLEAR,DAYLIGHT,OTHER,DRY,INJURY AND / OR TOW DUE TO CRASH,,FAILING TO YIELD RIGHT-OF-WAY,5000,N,KEDZIE AVE,,NONINCAPACITATING INJURY,0,0,1,14,1,7,41.97217897,-87.70872946
03/25/2018 08:19:00 PM,30,NO CONTROLS,CLEAR,"DARKNESS, LIGHTED ROAD",ONE-WAY,DRY,INJURY AND / OR TOW DUE TO CRASH,,DRIVING SKILLS/KNOWLEDGE/EXPERIENCE,6415,N,SHERIDAN RD,,INCAPACITATING INJURY,0,1,0,20,1,3,41.99870057,-87.66024277
11/12/2020 13:45,30,TRAFFIC SIGNAL,CLEAR,DAYLIGHT,FOUR WAY,DRY,NO INJURY / DRIVE AWAY,,UNABLE TO DETERMINE,1105,W,WILSON AVE,,NO INDICATION OF INJURY,0,0,0,13,5,11,41.9652869,-87.65769664
7/12/2018 13:05,30,NO CONTROLS,CLEAR,DAYLIGHT,NOT DIVIDED,DRY,NO INJURY / DRIVE AWAY,,UNABLE TO DETERMINE,240,E,103RD ST,,NO INDICATION OF INJURY,0,0,0,13,5,7,41.70737367,-87.61703039
07/23/2017 12:15:00 PM,30,STOP SIGN/FLASHER,CLEAR,DAYLIGHT,ONE-WAY,DRY,INJURY AND / OR TOW DUE TO CRASH,,DRIVING ON WRONG SIDE/WRONG WAY,5800,W,WRIGHTWOOD AVE,,NONINCAPACITATING INJURY,0,0,1,12,1,7,41.92766564,-87.77104405
09/18/2022 02:25:00 PM,30,TRAFFIC SIGNAL,CLEAR,DAYLIGHT,NOT DIVIDED,DRY,NO INJURY / DRIVE AWAY,Y,UNABLE TO DETERMINE,1601,W,NORTH AVE,,NO INDICATION OF INJURY,0,0,0,14,1,9,41.91051964,-87.66774969
6/10/2022 14:26,30,STOP SIGN/FLASHER,CLEAR,DAYLIGHT,FOUR WAY,DRY,INJURY AND / OR TOW DUE TO CRASH,,FAILING TO YIELD RIGHT-OF-WAY,2427,W,HOLLYWOOD AVE,,INCAPACITATING INJURY,0,1,0,14,6,6,41.98487361,-87.6906533
08/28/2017 11:58:00 AM,35,STOP SIGN/FLASHER,CLEAR,DAYLIGHT,DIVIDED - W/MEDIAN BARRIER,DRY,INJURY AND / OR TOW DUE TO CRASH,,DRIVING ON WRONG SIDE/WRONG WAY,6122,N,MILWAUKEE AVE,,INCAPACITATING INJURY,0,1,0,11,2,8,41.99282866,-87.78383639
8/5/2021 16:48,30,NO CONTROLS,CLEAR,DAYLIGHT,DRIVEWAY,DRY,INJURY AND / OR TOW DUE TO CRASH,,UNABLE TO DETERMINE,4332,N,KEYSTONE AVE,,NONINCAPACITATING INJURY,0,0,1,16,5,8,41.96005391,-87.7295471
8/7/2023 15:00,30,UNKNOWN,UNKNOWN,DAYLIGHT,NOT DIVIDED,UNKNOWN,INJURY AND / OR TOW DUE TO CRASH,Y,UNABLE TO DETERMINE,2800,N,PULASKI RD,,"REPORTED, NOT EVIDENT",0,0,0,15,2,8,41.93183103,-87.72712687
11/23/2021 02:50:00 PM,30,NO CONTROLS,CLEAR,DAWN,ALLEY,DRY,INJURY AND / OR TOW DUE TO CRASH,,UNABLE TO DETERMINE,6838,W,WAVELAND AVE,,NONINCAPACITATING INJURY,0,0,1,14,3,11,41.94737312,-87.79764979
6/3/2022 13:33,15,NO CONTROLS,CLEAR,DAYLIGHT,ALLEY,DRY,NO INJURY / DRIVE AWAY,,FAILING TO YIELD RIGHT-OF-WAY,5655,W,51ST ST,,NO INDICATION OF INJURY,0,0,0,13,6,6,41.79992789,-87.76472379
10/5/2023 13:54,30,STOP SIGN/FLASHER,CLEAR,DAYLIGHT,DIVIDED - W/MEDIAN (NOT RAISED),DRY,INJURY AND / OR TOW DUE TO CRASH,Y,UNABLE TO DETERMINE,7301,N,SHERIDAN RD,,NONINCAPACITATING INJURY,0,0,1,13,5,10,42.01404113,-87.66397091
06/23/2020 06:06:00 PM,30,STOP SIGN/FLASHER,CLEAR,DAYLIGHT,NOT DIVIDED,DRY,NO INJURY / DRIVE AWAY,,DISREGARDING STOP SIGN,71,E,21ST ST,,NO INDICATION OF INJURY,0,0,0,18,3,6,41.85416835,-87.62425115
6/4/2023 13:20,30,NO CONTROLS,CLEAR,DAYLIGHT,NOT DIVIDED,DRY,INJURY AND / OR TOW DUE TO CRASH,,"VISION OBSCURED (SIGNS, TREE LIMBS, BUILDINGS, ETC.)",2940,N,SOUTHPORT AVE,,NONINCAPACITATING INJURY,0,0,1,13,1,6,41.93550054,-87.66381347
04/29/2023 08:56:00 AM,40,TRAFFIC SIGNAL,CLEAR,DAYLIGHT,FOUR WAY,DRY,INJURY AND / OR TOW DUE TO CRASH,,FAILING TO YIELD RIGHT-OF-WAY,100,S,LAKE SHORE DR NB,,NONINCAPACITATING INJURY,0,0,1,8,7,4,41.88085605,-87.61763589
05/25/2018 10:16:00 PM,30,TRAFFIC SIGNAL,CLEAR,DARKNESS,NOT DIVIDED,DRY,INJURY AND / OR TOW DUE TO CRASH,,UNABLE TO DETERMINE,1605,W,SCHOOL ST,,NONINCAPACITATING INJURY,0,0,1,22,6,5,41.94140959,-87.66895262
03/28/2019 07:40:00 AM,30,NO CONTROLS,CLEAR,DAYLIGHT,NOT DIVIDED,DRY,INJURY AND / OR TOW DUE TO CRASH,,"OPERATING VEHICLE IN ERRATIC, RECKLESS, CARELESS, NEGLIGENT OR AGGRESSIVE MANNER",2720,N,SHEFFIELD AVE,Y,NONINCAPACITATING INJURY,0,0,1,7,5,3,41.93140689,-87.65396391
11/16/2021 01:44:00 PM,30,STOP SIGN/FLASHER,CLEAR,DAYLIGHT,NOT DIVIDED,DRY,INJURY AND / OR TOW DUE TO CRASH,Y,UNABLE TO DETERMINE,2800,N,MASON AVE,,NONINCAPACITATING INJURY,0,0,1,13,3,11,41.93124486,-87.77489889
08/18/2021 03:30:00 PM,30,NO CONTROLS,CLEAR,DAYLIGHT,NOT DIVIDED,DRY,INJURY AND / OR TOW DUE TO CRASH,,FAILING TO YIELD RIGHT-OF-WAY,3127,N,RACINE AVE,Y,NONINCAPACITATING INJURY,0,0,1,15,4,8,41.93882983,-87.65878572
5/1/2018 9:47,30,TRAFFIC SIGNAL,CLEAR,DAYLIGHT,NOT DIVIDED,DRY,INJURY AND / OR TOW DUE TO CRASH,,DISREGARDING TRAFFIC SIGNALS,341,W,GRAND AVE,,NONINCAPACITATING INJURY,0,0,1,9,3,5,41.89143477,-87.63710678
9/12/2023 15:30,30,NO CONTROLS,CLEAR,DAYLIGHT,NOT DIVIDED,DRY,NO INJURY / DRIVE AWAY,,FAILING TO YIELD RIGHT-OF-WAY,6125,N,CLARK ST,,NO INDICATION OF INJURY,0,0,0,15,3,9,41.99347942,-87.66998199
11/20/2015 09:05:00 PM,30,TRAFFIC SIGNAL,SNOW,"DARKNESS, LIGHTED ROAD",NOT DIVIDED,SNOW OR SLUSH,NO INJURY / DRIVE AWAY,,WEATHER,1001,W,WELLINGTON AVE,,NO INDICATION OF INJURY,0,0,0,21,6,11,41.93616061,-87.65404039
08/13/2017 06:16:00 PM,0,NO CONTROLS,CLEAR,DAYLIGHT,ALLEY,DRY,INJURY AND / OR TOW DUE TO CRASH,,UNABLE TO DETERMINE,5331,W,NORTH AVE,,"REPORTED, NOT EVIDENT",0,0,0,18,1,8,41.90934519,-87.75934523
04/28/2018 03:30:00 PM,30,TRAFFIC SIGNAL,CLEAR,DAYLIGHT,NOT DIVIDED,DRY,INJURY AND / OR TOW DUE TO CRASH,,IMPROPER LANE USAGE,3801,W,ARMITAGE AVE,,NONINCAPACITATING INJURY,0,0,1,15,7,4,41.91711238,-87.72172367
08/18/2020 10:40:00 AM,25,STOP SIGN/FLASHER,CLEAR,DAYLIGHT,ONE-WAY,DRY,NO INJURY / DRIVE AWAY,Y,UNABLE TO DETERMINE,3400,N,LAVERGNE AVE,N,NO INDICATION OF INJURY,0,0,0,10,3,8,41.9424568,-87.75204635
3/4/2023 17:34,30,TRAFFIC SIGNAL,RAIN,DARKNESS,NOT DIVIDED,WET,INJURY AND / OR TOW DUE TO CRASH,,WEATHER,658,W,ROOSEVELT RD,,INCAPACITATING INJURY,0,1,0,17,7,3,41.86729631,-87.64458075
6/11/2018 7:48,25,STOP SIGN/FLASHER,RAIN,DAYLIGHT,ONE-WAY,WET,INJURY AND / OR TOW DUE TO CRASH,,WEATHER,6964,N,GREENVIEW AVE,,"REPORTED, NOT EVIDENT",0,0,0,7,2,6,42.00859887,-87.66803512
07/17/2020 04:30:00 PM,30,NO CONTROLS,CLEAR,DAYLIGHT,NOT DIVIDED,DRY,INJURY AND / OR TOW DUE TO CRASH,,"EVASIVE ACTION DUE TO ANIMAL, OBJECT, NONMOTORIST",2011,N,DAMEN AVE,,NONINCAPACITATING INJURY,0,0,1,16,6,7,41.91811082,-87.6774867
4/10/2020 16:40,30,STOP SIGN/FLASHER,CLEAR,DAYLIGHT,ONE-WAY,DRY,INJURY AND / OR TOW DUE TO CRASH,Y,UNABLE TO DETERMINE,4990,W,ADAMS ST,,"REPORTED, NOT EVIDENT",0,0,0,16,6,4,41.87865563,-87.7492554
8/11/2023 8:55,30,OTHER,RAIN,DAYLIGHT,NOT DIVIDED,WET,INJURY AND / OR TOW DUE TO CRASH,,FAILING TO YIELD RIGHT-OF-WAY,5318,W,FULLERTON AVE,,NONINCAPACITATING INJURY,0,0,1,8,6,8,41.92417524,-87.75938239
09/24/2018 04:16:00 PM,35,TRAFFIC SIGNAL,RAIN,DAYLIGHT,NOT DIVIDED,WET,INJURY AND / OR TOW DUE TO CRASH,,FAILING TO REDUCE SPEED TO AVOID CRASH,3800,W,GRAND AVE,,NONINCAPACITATING INJURY,0,0,1,16,2,9,41.90432679,-87.72146699
08/21/2020 05:40:00 PM,30,NO CONTROLS,CLEAR,DAYLIGHT,NOT DIVIDED,DRY,NO INJURY / DRIVE AWAY,,UNABLE TO DETERMINE,806,W,WEBSTER AVE,,NO INDICATION OF INJURY,0,0,0,17,6,8,41.92192156,-87.64894867
08/26/2021 07:35:00 PM,30,TRAFFIC SIGNAL,CLEAR,DAYLIGHT,DIVIDED - W/MEDIAN BARRIER,DRY,NO INJURY / DRIVE AWAY,,UNABLE TO DETERMINE,1828,N,CLARK ST,,NO INDICATION OF INJURY,0,0,0,19,5,8,41.91560837,-87.63451275
1/12/2019 1:23,30,STOP SIGN/FLASHER,CLEAR,DARKNESS,ONE-WAY,DRY,INJURY AND / OR TOW DUE TO CRASH,Y,UNABLE TO DETERMINE,199,S,KILBOURN AVE,,"REPORTED, NOT EVIDENT",0,0,0,1,7,1,41.87787877,-87.73768357
9/3/2020 10:50,20,NO CONTROLS,CLEAR,DAYLIGHT,NOT DIVIDED,DRY,NO INJURY / DRIVE AWAY,,FAILING TO YIELD RIGHT-OF-WAY,6971,N,GREENVIEW AVE,,NO INDICATION OF INJURY,0,0,0,10,5,9,42.0087862,-87.66774687
09/13/2019 09:30:00 AM,30,UNKNOWN,CLEAR,DAYLIGHT,NOT DIVIDED,DRY,NO INJURY / DRIVE AWAY,,FAILING TO YIELD RIGHT-OF-WAY,1557,S,CENTRAL PARK AVE,,NO INDICATION OF INJURY,0,0,0,9,6,9,41.85912439,-87.71506277
07/31/2022 01:25:00 PM,30,NO CONTROLS,CLEAR,DAYLIGHT,NOT DIVIDED,DRY,INJURY AND / OR TOW DUE TO CRASH,,UNABLE TO DETERMINE,2257,N,MILWAUKEE AVE,,NONINCAPACITATING INJURY,0,0,1,13,1,7,41.92211367,-87.69584038
06/15/2023 12:30:00 PM,30,NO CONTROLS,CLEAR,DAYLIGHT,NOT DIVIDED,DRY,INJURY AND / OR TOW DUE TO CRASH,,UNABLE TO DETERMINE,1913,N,ROCKWELL ST,Y,NONINCAPACITATING INJURY,0,0,1,12,5,6,41.91614239,-87.69211703
09/18/2020 06:26:00 PM,30,TRAFFIC SIGNAL,CLEAR,DAYLIGHT,NOT DIVIDED,DRY,INJURY AND / OR TOW DUE TO CRASH,Y,IMPROPER OVERTAKING/PASSING,2153,S,CALIFORNIA AVE,,NONINCAPACITATING INJURY,0,0,1,18,6,9,41.85213895,-87.69530475
9/7/2021 15:20,30,STOP SIGN/FLASHER,CLOUDY/OVERCAST,DAYLIGHT,DIVIDED - W/MEDIAN (NOT RAISED),WET,INJURY AND / OR TOW DUE TO CRASH,,FAILING TO YIELD RIGHT-OF-WAY,6533,W,FOSTER AVE,,NONINCAPACITATING INJURY,0,0,1,15,3,9,41.97551247,-87.79156857
02/27/2020 08:45:00 AM,30,OTHER,CLEAR,DAYLIGHT,DIVIDED - W/MEDIAN (NOT RAISED),DRY,INJURY AND / OR TOW DUE TO CRASH,,ROAD CONSTRUCTION/MAINTENANCE,1300,N,MILWAUKEE AVE,N,NONINCAPACITATING INJURY,0,0,1,8,5,2,41.90520009,-87.66957875
02/27/2018 03:54:00 PM,30,LANE USE MARKING,CLEAR,DAYLIGHT,NOT DIVIDED,DRY,INJURY AND / OR TOW DUE TO CRASH,,FAILING TO YIELD RIGHT-OF-WAY,2123,N,DAMEN AVE,,NONINCAPACITATING INJURY,0,0,1,15,3,2,41.92037386,-87.6775705
09/28/2017 12:52:00 PM,30,TRAFFIC SIGNAL,CLEAR,DAYLIGHT,NOT DIVIDED,DRY,INJURY AND / OR TOW DUE TO CRASH,,UNABLE TO DETERMINE,1559,W,51ST ST,,NONINCAPACITATING INJURY,0,0,1,12,5,9,41.8012094,-87.66471263
6/8/2022 18:10,35,NO CONTROLS,RAIN,DAYLIGHT,NOT DIVIDED,WET,INJURY AND / OR TOW DUE TO CRASH,Y,FOLLOWING TOO CLOSELY,572,E,113TH ST,,"REPORTED, NOT EVIDENT",0,0,0,18,4,6,41.68927791,-87.60840254
07/30/2021 08:45:00 AM,30,TRAFFIC SIGNAL,CLEAR,DAYLIGHT,NOT DIVIDED,DRY,NO INJURY / DRIVE AWAY,,UNABLE TO DETERMINE,680,W,FULLERTON PKWY,,NO INDICATION OF INJURY,0,0,0,8,6,7,41.92560492,-87.646219
06/24/2021 10:10:00 AM,30,STOP SIGN/FLASHER,CLEAR,DAYLIGHT,DIVIDED - W/MEDIAN (NOT RAISED),DRY,INJURY AND / OR TOW DUE TO CRASH,Y,FAILING TO YIELD RIGHT-OF-WAY,6861,W,ADDISON ST,,"REPORTED, NOT EVIDENT",0,0,0,10,5,6,41.94532191,-87.79834828
04/26/2023 08:40:00 AM,30,NO CONTROLS,CLEAR,DAYLIGHT,ONE-WAY,DRY,INJURY AND / OR TOW DUE TO CRASH,,FAILING TO YIELD RIGHT-OF-WAY,2411,W,WARREN BLVD,Y,NONINCAPACITATING INJURY,0,0,1,8,4,4,41.88197408,-87.68694342
09/15/2018 08:45:00 PM,30,TRAFFIC SIGNAL,CLEAR,"DARKNESS, LIGHTED ROAD",NOT DIVIDED,DRY,INJURY AND / OR TOW DUE TO CRASH,,UNABLE TO DETERMINE,1155,N,WELLS ST,,NONINCAPACITATING INJURY,0,0,1,20,7,9,41.90369817,-87.63432661
08/19/2021 11:12:00 AM,30,NO CONTROLS,CLEAR,DAYLIGHT,DIVIDED - W/MEDIAN BARRIER,DRY,INJURY AND / OR TOW DUE TO CRASH,Y,FOLLOWING TOO CLOSELY,98,N,MICHIGAN AVE,,NONINCAPACITATING INJURY,0,0,1,11,5,8,41.88317111,-87.62454402
05/16/2019 05:52:00 PM,30,STOP SIGN/FLASHER,CLEAR,DAYLIGHT,NOT DIVIDED,UNKNOWN,NO INJURY / DRIVE AWAY,Y,FAILING TO YIELD RIGHT-OF-WAY,641,N,MILWAUKEE AVE,,NO INDICATION OF INJURY,0,0,0,17,5,5,41.8933894,-87.65076876
8/11/2022 6:20,30,NO CONTROLS,CLEAR,DAYLIGHT,ONE-WAY,DRY,INJURY AND / OR TOW DUE TO CRASH,Y,UNABLE TO DETERMINE,9899,S,AVENUE L,Y,FATAL,1,0,0,6,5,8,41.71589022,-87.53633845
6/8/2019 15:00,30,STOP SIGN/FLASHER,CLEAR,DAYLIGHT,NOT DIVIDED,DRY,INJURY AND / OR TOW DUE TO CRASH,Y,UNABLE TO DETERMINE,4800,S,WESTERN BLVD,,NONINCAPACITATING INJURY,0,0,1,15,7,6,41.80655585,-87.68395536
08/25/2022 10:32:00 AM,30,NO CONTROLS,RAIN,DAYLIGHT,NOT DIVIDED,WET,INJURY AND / OR TOW DUE TO CRASH,,FAILING TO YIELD RIGHT-OF-WAY,2229,S,HALSTED ST,,NONINCAPACITATING INJURY,0,0,1,10,5,8,41.85177802,-87.64632168
08/23/2017 12:33:00 AM,30,STOP SIGN/FLASHER,CLEAR,"DARKNESS, LIGHTED ROAD",NOT DIVIDED,DRY,INJURY AND / OR TOW DUE TO CRASH,Y,DISREGARDING STOP SIGN,1600,W,ESTES AVE,,NONINCAPACITATING INJURY,0,0,1,0,4,8,42.01159819,-87.67026959
04/30/2021 05:30:00 PM,30,NO CONTROLS,CLEAR,DAYLIGHT,NOT DIVIDED,DRY,NO INJURY / DRIVE AWAY,Y,UNABLE TO DETERMINE,998,S,HALSTED ST,,NO INDICATION OF INJURY,0,0,0,17,6,4,41.8696379,-87.64710951
2/11/2020 6:56,30,TRAFFIC SIGNAL,CLEAR,DAYLIGHT,"FIVE POINT, OR MORE",DRY,INJURY AND / OR TOW DUE TO CRASH,,DISREGARDING TRAFFIC SIGNALS,3953,N,MONTICELLO AVE,,NONINCAPACITATING INJURY,0,0,1,6,3,2,41.95354088,-87.71890751
02/18/2018 09:39:00 PM,35,NO CONTROLS,CLEAR,"DARKNESS, LIGHTED ROAD",NOT DIVIDED,DRY,INJURY AND / OR TOW DUE TO CRASH,,FAILING TO REDUCE SPEED TO AVOID CRASH,2401,N,SEMINARY AVE,,INCAPACITATING INJURY,0,1,0,21,1,2,41.92539465,-87.65588206
12/12/2018 13:29,30,STOP SIGN/FLASHER,CLEAR,DAYLIGHT,OTHER,DRY,INJURY AND / OR TOW DUE TO CRASH,,FAILING TO YIELD RIGHT-OF-WAY,4800,N,FRANCISCO AVE,,NONINCAPACITATING INJURY,0,0,1,13,4,12,41.96856988,-87.6999454
08/20/2020 05:45:00 PM,25,STOP SIGN/FLASHER,CLEAR,DAYLIGHT,NOT DIVIDED,DRY,INJURY AND / OR TOW DUE TO CRASH,,UNABLE TO DETERMINE,6759,N,WASHTENAW AVE,,NONINCAPACITATING INJURY,0,0,1,17,5,8,42.00480058,-87.69723657
8/3/2020 14:13,30,TRAFFIC SIGNAL,CLEAR,DAYLIGHT,NOT DIVIDED,DRY,INJURY AND / OR TOW DUE TO CRASH,,FAILING TO YIELD RIGHT-OF-WAY,680,W,FULLERTON PKWY,,INCAPACITATING INJURY,0,1,0,14,2,8,41.92560492,-87.646219
3/4/2017 11:30,35,TRAFFIC SIGNAL,CLEAR,DAYLIGHT,DIVIDED - W/MEDIAN BARRIER,DRY,INJURY AND / OR TOW DUE TO CRASH,,IMPROPER LANE USAGE,9902,S,HALSTED ST,,NONINCAPACITATING INJURY,0,0,1,11,7,3,41.71406173,-87.64314305
9/11/2021 16:35,30,TRAFFIC SIGNAL,CLEAR,DAYLIGHT,Y-INTERSECTION,DRY,INJURY AND / OR TOW DUE TO CRASH,,FAILING TO YIELD RIGHT-OF-WAY,759,N,MILWAUKEE AVE,,NONINCAPACITATING INJURY,0,0,1,16,7,9,41.89564245,-87.65426297
10/8/2019 22:00,30,TRAFFIC SIGNAL,CLEAR,"DARKNESS, LIGHTED ROAD",UNKNOWN INTERSECTION TYPE,DRY,INJURY AND / OR TOW DUE TO CRASH,Y,UNABLE TO DETERMINE,4000,W,NORTH AVE,,NONINCAPACITATING INJURY,0,0,1,22,3,10,41.90999558,-87.72639469
02/21/2016 04:15:00 PM,30,TRAFFIC SIGNAL,CLEAR,DAYLIGHT,DIVIDED - W/MEDIAN (NOT RAISED),DRY,INJURY AND / OR TOW DUE TO CRASH,N,UNABLE TO DETERMINE,6558,S,STONY ISLAND AVE,Y,"REPORTED, NOT EVIDENT",0,0,0,16,1,2,41.77527888,-87.58643706
04/16/2018 10:48:00 PM,30,STOP SIGN/FLASHER,CLEAR,"DARKNESS, LIGHTED ROAD",NOT DIVIDED,DRY,INJURY AND / OR TOW DUE TO CRASH,Y,FAILING TO YIELD RIGHT-OF-WAY,4600,N,CENTRAL PARK AVE,,"REPORTED, NOT EVIDENT",0,0,0,22,2,4,41.96479928,-87.71829323
09/26/2022 07:18:00 AM,30,UNKNOWN,UNKNOWN,DAYLIGHT,NOT DIVIDED,UNKNOWN,INJURY AND / OR TOW DUE TO CRASH,Y,UNABLE TO DETERMINE,1540,N,CLARK ST,,"REPORTED, NOT EVIDENT",0,0,0,7,2,9,41.91061037,-87.63179897
03/13/2018 08:25:00 AM,30,NO CONTROLS,CLEAR,DAYLIGHT,OTHER,DRY,NO INJURY / DRIVE AWAY,,DRIVING SKILLS/KNOWLEDGE/EXPERIENCE,500,W,WASHINGTON BLVD,Y,NO INDICATION OF INJURY,0,0,0,8,3,3,41.88329092,-87.63978476
08/27/2022 02:30:00 PM,30,NO CONTROLS,CLEAR,DAYLIGHT,NOT DIVIDED,DRY,INJURY AND / OR TOW DUE TO CRASH,Y,UNABLE TO DETERMINE,2919,W,HARRISON ST,,NONINCAPACITATING INJURY,0,0,1,14,7,8,41.87365451,-87.69936213
6/3/2022 16:30,30,TRAFFIC SIGNAL,CLEAR,DAYLIGHT,NOT DIVIDED,DRY,INJURY AND / OR TOW DUE TO CRASH,,"VISION OBSCURED (SIGNS, TREE LIMBS, BUILDINGS, ETC.)",2355,W,101ST ST,,NONINCAPACITATING INJURY,0,0,1,16,6,6,41.70990565,-87.68150893
09/29/2017 02:15:00 PM,35,TRAFFIC SIGNAL,CLEAR,DAYLIGHT,NOT DIVIDED,DRY,NO INJURY / DRIVE AWAY,,UNABLE TO DETERMINE,1600,N,ASHLAND AVE,,NO INDICATION OF INJURY,0,0,0,14,6,9,41.91071924,-87.66784081
7/12/2023 17:21,30,NO CONTROLS,CLOUDY/OVERCAST,DAYLIGHT,NOT DIVIDED,WET,INJURY AND / OR TOW DUE TO CRASH,,FAILING TO YIELD RIGHT-OF-WAY,1357,N,MILWAUKEE AVE,,INCAPACITATING INJURY,0,1,0,17,4,7,41.90659584,-87.67132302