CRASH_DATE,POSTED_SPEED_LIMIT,TRAFFIC_CONTROL_DEVICE,WEATHER_CONDITION,LIGHTING_CONDITION,TRAFFICWAY_TYPE,ROADWAY_SURFACE_COND,CRASH_TYPE,HIT_AND_RUN_I,PRIM_CONTRIBUTORY_CAUSE,STREET_NO,STREET_DIRECTION,STREET_NAME,DOORING_I,MOST_SEVERE_INJURY,INJURIES_FATAL,INJURIES_INCAPACITATING,INJURIES_NON_INCAPACITATING,CRASH_HOUR,CRASH_DAY_OF_WEEK,CRASH_MONTH,LATITUDE,LONGITUDE
07/28/2018 05:50:00 PM,30,NO CONTROLS,CLEAR,DAYLIGHT,NOT DIVIDED,DRY,NO INJURY / DRIVE AWAY,Y,IMPROPER OVERTAKING/PASSING,4358,W,OGDEN AVE,,NO INDICATION OF INJURY,0,0,0,17,7,7,41.84817352,-87.73332209
09/21/2018 04:32:00 PM,25,STOP SIGN/FLASHER,CLEAR,DAYLIGHT,ONE-WAY,DRY,INJURY AND / OR TOW DUE TO CRASH,,UNABLE TO DETERMINE,5259,S,WASHTENAW AVE,,NONINCAPACITATING INJURY,0,0,1,16,6,9,41.79747427,-87.69131638
03/28/2018 05:20:00 PM,30,NO CONTROLS,CLEAR,"DARKNESS, LIGHTED ROAD",DIVIDED - W/MEDIAN (NOT RAISED),DRY,NO INJURY / DRIVE AWAY,,UNABLE TO DETERMINE,811,N,DAMEN AVE,,NO INDICATION OF INJURY,0,0,0,17,4,3,41.89629798,-87.67691623
9/1/2019 3:10,30,STOP SIGN/FLASHER,RAIN,"DARKNESS, LIGHTED ROAD",DIVIDED - W/MEDIAN (NOT RAISED),WET,INJURY AND / OR TOW DUE TO CRASH,Y,DISREGARDING STOP SIGN,4302,W,KINZIE ST,,NONINCAPACITATING INJURY,0,0,1,3,1,9,41.88779996,-87.73344097
06/15/2020 04:58:00 PM,30,NO CONTROLS,CLEAR,DAYLIGHT,NOT DIVIDED,DRY,INJURY AND / OR TOW DUE TO CRASH,,FAILING TO YIELD RIGHT-OF-WAY,4243,N,DAMEN AVE,Y,"REPORTED, NOT EVIDENT",0,0,0,16,2,6,41.95907972,-87.67875436
10/2/2018 13:30,30,NO CONTROLS,CLEAR,DAYLIGHT,NOT DIVIDED,WET,INJURY AND / OR TOW DUE TO CRASH,,FAILING TO YIELD RIGHT-OF-WAY,1649,W,FOSTER AVE,Y,NONINCAPACITATING INJURY,0,0,1,13,3,10,41.97603421,-87.67156634
06/28/2019 06:40:00 AM,30,STOP SIGN/FLASHER,CLEAR,DAYLIGHT,NOT DIVIDED,UNKNOWN,INJURY AND / OR TOW DUE TO CRASH,Y,FAILING TO YIELD RIGHT-OF-WAY,6936,N,WOLCOTT AVE,,NONINCAPACITATING INJURY,0,0,1,6,6,6,42.00763767,-87.67816349
05/23/2020 07:13:00 AM,30,TRAFFIC SIGNAL,CLEAR,DAYLIGHT,NOT DIVIDED,DRY,NO INJURY / DRIVE AWAY,,UNABLE TO DETERMINE,600,N,MICHIGAN AVE,,NO INDICATION OF INJURY,0,0,0,7,7,5,41.89259323,-87.62433405
9/4/2018 15:25,30,TRAFFIC SIGNAL,CLEAR,DAYLIGHT,DIVIDED - W/MEDIAN (NOT RAISED),DRY,NO INJURY / DRIVE AWAY,Y,UNABLE TO DETERMINE,4701,W,79TH ST,,NO INDICATION OF INJURY,0,0,0,15,3,9,41.74907939,-87.73898441
12/17/2022 06:10:00 PM,30,NO CONTROLS,CLEAR,"DARKNESS, LIGHTED ROAD",DIVIDED - W/MEDIAN (NOT RAISED),WET,INJURY AND / OR TOW DUE TO CRASH,,UNABLE TO DETERMINE,1936,N,CLARK ST,,"REPORTED, NOT EVIDENT",0,0,0,18,7,12,41.9176515,-87.63576931
1/12/2017 19:05,30,STOP SIGN/FLASHER,RAIN,DARKNESS,NOT DIVIDED,WET,NO INJURY / DRIVE AWAY,,UNABLE TO DETERMINE,10400,S,WENTWORTH AVE,,NO INDICATION OF INJURY,0,0,0,19,5,1,41.70523319,-87.62837124
07/17/2021 03:00:00 PM,30,NO CONTROLS,CLEAR,DAYLIGHT,T-INTERSECTION,DRY,NO INJURY / DRIVE AWAY,,"VISION OBSCURED (SIGNS, TREE LIMBS, BUILDINGS, ETC.)",126,N,DESPLAINES ST,,NO INDICATION OF INJURY,0,0,0,15,7,7,41.88404343,-87.64434038
12/6/2022 16:50,30,NO CONTROLS,CLEAR,"DARKNESS, LIGHTED ROAD",NOT DIVIDED,DRY,NO INJURY / DRIVE AWAY,,FAILING TO YIELD RIGHT-OF-WAY,210,W,NORTH AVE,,NO INDICATION OF INJURY,0,0,0,16,3,12,41.91126962,-87.63516785
9/3/2019 17:35,30,STOP SIGN/FLASHER,CLEAR,DAYLIGHT,OTHER,DRY,INJURY AND / OR TOW DUE TO CRASH,,UNABLE TO DETERMINE,3958,W,THOMAS ST,,NONINCAPACITATING INJURY,0,0,1,17,3,9,41.90095743,-87.72619173
07/26/2017 01:20:00 PM,30,TRAFFIC SIGNAL,CLEAR,DAYLIGHT,NOT DIVIDED,WET,INJURY AND / OR TOW DUE TO CRASH,N,UNABLE TO DETERMINE,3198,N,KEDZIE AVE,,NONINCAPACITATING INJURY,0,0,1,13,4,7,41.93931332,-87.70784365
9/7/2019 20:11,30,NO CONTROLS,CLEAR,"DARKNESS, LIGHTED ROAD",NOT DIVIDED,DRY,NO INJURY / DRIVE AWAY,,UNABLE TO DETERMINE,1375,N,MILWAUKEE AVE,,NO INDICATION OF INJURY,0,0,0,20,7,9,41.90690225,-87.67180216
01/24/2020 06:01:00 PM,30,TRAFFIC SIGNAL,RAIN,"DARKNESS, LIGHTED ROAD",FOUR WAY,WET,INJURY AND / OR TOW DUE TO CRASH,,FAILING TO YIELD RIGHT-OF-WAY,9200,S,COMMERCIAL AVE,,INCAPACITATING INJURY,0,1,0,18,6,1,41.7281728,-87.55135937
04/26/2019 08:45:00 AM,30,NO CONTROLS,CLEAR,DAYLIGHT,NOT DIVIDED,DRY,INJURY AND / OR TOW DUE TO CRASH,,UNABLE TO DETERMINE,1879,N,MILWAUKEE AVE,Y,"REPORTED, NOT EVIDENT",0,0,0,8,6,4,41.91564372,-87.6853748
9/1/2018 10:00,15,NO CONTROLS,RAIN,DAYLIGHT,PARKING LOT,WET,NO INJURY / DRIVE AWAY,,"EVASIVE ACTION DUE TO ANIMAL, OBJECT, NONMOTORIST",73,E,47TH ST,,NO INDICATION OF INJURY,0,0,0,10,7,9,41.80917373,-87.62309647
8/9/2018 18:26,30,NO CONTROLS,CLEAR,DAYLIGHT,ONE-WAY,WET,INJURY AND / OR TOW DUE TO CRASH,,UNABLE TO DETERMINE,320,N,DEARBORN ST,,NONINCAPACITATING INJURY,0,0,1,18,5,8,41.88807038,-87.62969226
7/2/2020 15:00,30,NO CONTROLS,CLEAR,DAYLIGHT,ONE-WAY,DRY,INJURY AND / OR TOW DUE TO CRASH,,DRIVING ON WRONG SIDE/WRONG WAY,504,N,GREEN ST,,NONINCAPACITATING INJURY,0,0,1,15,5,7,41.89133821,-87.64894251
03/25/2018 09:30:00 PM,25,STOP SIGN/FLASHER,CLEAR,DARKNESS,NOT DIVIDED,DRY,INJURY AND / OR TOW DUE TO CRASH,,UNABLE TO DETERMINE,3999,W,57TH PL,,NONINCAPACITATING INJURY,0,0,1,21,1,3,41.78856044,-87.72290771
12/21/2020 04:34:00 PM,30,TRAFFIC SIGNAL,CLEAR,"DARKNESS, LIGHTED ROAD",DIVIDED - W/MEDIAN (NOT RAISED),DRY,INJURY AND / OR TOW DUE TO CRASH,,FAILING TO YIELD RIGHT-OF-WAY,4600,N,SHERIDAN RD,,NONINCAPACITATING INJURY,0,0,1,16,2,12,41.96547528,-87.65493561
01/27/2018 11:04:00 PM,30,NO CONTROLS,CLEAR,"DARKNESS, LIGHTED ROAD",NOT DIVIDED,DRY,INJURY AND / OR TOW DUE TO CRASH,Y,FAILING TO YIELD RIGHT-OF-WAY,1144,N,HAMLIN AVE,,NONINCAPACITATING INJURY,0,0,1,23,7,1,41.90222266,-87.72156284
8/11/2023 6:52,30,TRAFFIC SIGNAL,CLOUDY/OVERCAST,DAYLIGHT,T-INTERSECTION,DRY,INJURY AND / OR TOW DUE TO CRASH,,UNABLE TO DETERMINE,720,S,CICERO AVE,,NONINCAPACITATING INJURY,0,0,1,6,6,8,41.87145813,-87.74507456
4/5/2019 14:30,30,TRAFFIC SIGNAL,CLEAR,DAYLIGHT,DIVIDED - W/MEDIAN (NOT RAISED),DRY,INJURY AND / OR TOW DUE TO CRASH,,FAILING TO YIELD RIGHT-OF-WAY,7201,W,HOWARD ST,,NONINCAPACITATING INJURY,0,0,1,14,6,4,42.01885429,-87.80659634
5/10/2018 20:40,30,LANE USE MARKING,UNKNOWN,"DARKNESS, LIGHTED ROAD",NOT DIVIDED,UNKNOWN,INJURY AND / OR TOW DUE TO CRASH,,UNABLE TO DETERMINE,2665,N,HALSTED ST,Y,NONINCAPACITATING INJURY,0,0,1,20,5,5,41.9308999,-87.6488032
06/22/2023 06:00:00 PM,30,UNKNOWN,UNKNOWN,UNKNOWN,NOT DIVIDED,UNKNOWN,INJURY AND / OR TOW DUE TO CRASH,Y,UNABLE TO DETERMINE,2601,N,MILWAUKEE AVE,,"REPORTED, NOT EVIDENT",0,0,0,18,5,6,41.9288491,-87.70681721
12/22/2021 10:30:00 AM,25,PEDESTRIAN CROSSING SIGN,CLEAR,DAYLIGHT,ONE-WAY,DRY,NO INJURY / DRIVE AWAY,,FAILING TO YIELD RIGHT-OF-WAY,3298,N,ASHLAND AVE,,NO INDICATION OF INJURY,0,0,0,10,4,12,41.94147516,-87.66885773
9/6/2019 18:24,30,NO CONTROLS,CLEAR,DAYLIGHT,ONE-WAY,DRY,INJURY AND / OR TOW DUE TO CRASH,Y,IMPROPER LANE USAGE,10,S,DESPLAINES ST,,NONINCAPACITATING INJURY,0,0,1,18,6,9,41.88150831,-87.64426188
05/20/2018 06:12:00 PM,30,TRAFFIC SIGNAL,CLEAR,DAYLIGHT,NOT DIVIDED,DRY,INJURY AND / OR TOW DUE TO CRASH,,UNABLE TO DETERMINE,5700,S,WOODLAWN AVE,,NONINCAPACITATING INJURY,0,0,1,18,1,5,41.79135357,-87.5966016
10/10/2018 13:44,25,TRAFFIC SIGNAL,RAIN,DAYLIGHT,DIVIDED - W/MEDIAN (NOT RAISED),WET,INJURY AND / OR TOW DUE TO CRASH,,WEATHER,1031,N,HERMITAGE AVE,,NONINCAPACITATING INJURY,0,0,1,13,4,10,41.90057488,-87.6709415
07/14/2019 04:00:00 PM,30,UNKNOWN,CLEAR,DAYLIGHT,NOT DIVIDED,UNKNOWN,INJURY AND / OR TOW DUE TO CRASH,Y,UNABLE TO DETERMINE,957,N,LARAMIE AVE,,"REPORTED, NOT EVIDENT",0,0,0,16,1,7,41.89843588,-87.75554032
12/1/2021 18:45,30,NO CONTROLS,CLEAR,DARKNESS,OTHER,DRY,INJURY AND / OR TOW DUE TO CRASH,Y,NOT APPLICABLE,4999,S,PULASKI RD,,NONINCAPACITATING INJURY,0,0,1,18,4,12,41.80241455,-87.72328066
08/21/2022 06:40:00 PM,30,NO CONTROLS,CLEAR,DUSK,ONE-WAY,UNKNOWN,NO INJURY / DRIVE AWAY,,UNABLE TO DETERMINE,2432,W,BERWYN AVE,,NO INDICATION OF INJURY,0,0,0,18,1,8,41.97780051,-87.69058743
07/14/2021 06:15:00 PM,35,STOP SIGN/FLASHER,CLEAR,DAYLIGHT,T-INTERSECTION,DRY,INJURY AND / OR TOW DUE TO CRASH,,UNABLE TO DETERMINE,4000,N,LECLAIRE AVE,,NONINCAPACITATING INJURY,0,0,1,18,4,7,41.9534195,-87.75483884
07/23/2021 05:15:00 PM,30,NO CONTROLS,CLEAR,DAYLIGHT,ALLEY,DRY,NO INJURY / DRIVE AWAY,,UNABLE TO DETERMINE,3942,N,ORIOLE AVE,,NO INDICATION OF INJURY,0,0,0,17,6,7,41.95199586,-87.81719663
06/27/2022 05:08:00 PM,30,NO CONTROLS,CLEAR,DAYLIGHT,NOT DIVIDED,DRY,INJURY AND / OR TOW DUE TO CRASH,,NOT APPLICABLE,13108,S,LANGLEY AVE,,INCAPACITATING INJURY,0,1,0,17,2,6,41.6570663,-87.60528012
07/28/2022 10:17:00 AM,25,TRAFFIC SIGNAL,CLEAR,DAYLIGHT,NOT DIVIDED,DRY,NO INJURY / DRIVE AWAY,,DISREGARDING TRAFFIC SIGNALS,1400,W,DIVISION ST,,NO INDICATION OF INJURY,0,0,0,10,5,7,41.90351744,-87.66269103
09/23/2020 04:55:00 PM,30,NO CONTROLS,CLEAR,DAYLIGHT,NOT DIVIDED,DRY,NO INJURY / DRIVE AWAY,Y,FAILING TO YIELD RIGHT-OF-WAY,4674,W,72ND ST,,NO INDICATION OF INJURY,0,0,0,16,4,9,41.76227577,-87.73959679
12/20/2020 01:00:00 PM,30,STOP SIGN/FLASHER,CLEAR,DAYLIGHT,FOUR WAY,DRY,INJURY AND / OR TOW DUE TO CRASH,Y,DISREGARDING STOP SIGN,408,W,80TH ST,,NONINCAPACITATING INJURY,0,0,1,13,1,12,41.74905967,-87.63479547
7/4/2023 1:20,30,TRAFFIC SIGNAL,CLEAR,"DARKNESS, LIGHTED ROAD",DIVIDED - W/MEDIAN (NOT RAISED),UNKNOWN,INJURY AND / OR TOW DUE TO CRASH,Y,DRIVING ON WRONG SIDE/WRONG WAY,1769,N,MILWAUKEE AVE,,NONINCAPACITATING INJURY,0,0,1,1,3,7,41.91362273,-87.68225721
5/1/2022 13:00,30,NO CONTROLS,CLEAR,DAYLIGHT,NOT DIVIDED,DRY,INJURY AND / OR TOW DUE TO CRASH,Y,FOLLOWING TOO CLOSELY,3005,S,ARCHER AVE,,NONINCAPACITATING INJURY,0,0,1,13,1,5,41.83988635,-87.66133363
08/27/2019 05:05:00 PM,30,TRAFFIC SIGNAL,CLEAR,DAYLIGHT,NOT DIVIDED,DRY,INJURY AND / OR TOW DUE TO CRASH,,DISREGARDING TRAFFIC SIGNALS,7100,S,YATES BLVD,,NONINCAPACITATING INJURY,0,0,1,17,3,8,41.7662877,-87.56663327
4/7/2019 16:08,30,TRAFFIC SIGNAL,CLEAR,DAYLIGHT,NOT DIVIDED,DRY,INJURY AND / OR TOW DUE TO CRASH,,UNABLE TO DETERMINE,5959,W,DIVERSEY AVE,,INCAPACITATING INJURY,0,1,0,16,1,4,41.9310303,-87.77590313
07/21/2016 06:00:00 PM,30,NO CONTROLS,CLEAR,DAYLIGHT,NOT DIVIDED,DRY,NO INJURY / DRIVE AWAY,,UNABLE TO DETERMINE,746,N,DAMEN AVE,,NO INDICATION OF INJURY,0,0,0,18,5,7,41.89549254,-87.67718724
07/26/2021 12:51:00 PM,35,TRAFFIC SIGNAL,CLEAR,DAYLIGHT,OTHER,DRY,INJURY AND / OR TOW DUE TO CRASH,,NOT APPLICABLE,1800,W,PETERSON AVE,,INCAPACITATING INJURY,0,1,0,12,2,7,41.9908611,-87.67535593
11/13/2018 05:36:00 PM,30,TRAFFIC SIGNAL,CLEAR,DARKNESS,NOT DIVIDED,DRY,NO INJURY / DRIVE AWAY,Y,FAILING TO YIELD RIGHT-OF-WAY,4798,N,BROADWAY,,NO INDICATION OF INJURY,0,0,0,17,3,11,41.96901521,-87.65981715
06/27/2020 05:18:00 PM,35,TRAFFIC SIGNAL,CLEAR,DAYLIGHT,FOUR WAY,DRY,INJURY AND / OR TOW DUE TO CRASH,,FAILING TO YIELD RIGHT-OF-WAY,999,N,MICHIGAN AVE,,INCAPACITATING INJURY,0,1,0,17,7,6,41.90075885,-87.62398426
09/29/2020 03:00:00 PM,30,NO CONTROLS,CLEAR,DAYLIGHT,NOT DIVIDED,DRY,NO INJURY / DRIVE AWAY,,UNABLE TO DETERMINE,2336,N,DAMEN AVE,,NO INDICATION OF INJURY,0,0,0,15,3,9,41.92384077,-87.67799029
8/9/2018 14:54,30,STOP SIGN/FLASHER,CLEAR,DAYLIGHT,ONE-WAY,DRY,INJURY AND / OR TOW DUE TO CRASH,,FAILING TO REDUCE SPEED TO AVOID CRASH,1656,N,KEELER AVE,,NONINCAPACITATING INJURY,0,0,1,14,5,8,41.91149279,-87.73140904
9/7/2020 21:08,20,STOP SIGN/FLASHER,CLEAR,"DARKNESS, LIGHTED ROAD",ONE-WAY,DRY,NO INJURY / DRIVE AWAY,,UNABLE TO DETERMINE,6200,S,MAPLEWOOD AVE,,NO INDICATION OF INJURY,0,0,0,21,2,9,41.78093472,-87.68749901
07/23/2019 08:22:00 PM,30,NO CONTROLS,CLEAR,DAYLIGHT,OTHER,DRY,INJURY AND / OR TOW DUE TO CRASH,Y,FOLLOWING TOO CLOSELY,551,E,PERSHING RD,,INCAPACITATING INJURY,0,1,0,20,3,7,41.82377441,-87.61312332
04/13/2018 08:30:00 AM,20,NO CONTROLS,CLEAR,DAYLIGHT,NOT DIVIDED,DRY,INJURY AND / OR TOW DUE TO CRASH,,FAILING TO YIELD RIGHT-OF-WAY,4450,W,57TH ST,,NONINCAPACITATING INJURY,0,0,1,8,6,4,41.78956809,-87.73490437
08/28/2019 08:05:00 PM,25,NO CONTROLS,CLEAR,DARKNESS,NOT DIVIDED,DRY,INJURY AND / OR TOW DUE TO CRASH,,DRIVING ON WRONG SIDE/WRONG WAY,1639,E,HAYES DR,,"REPORTED, NOT EVIDENT",0,0,0,20,4,8,41.78052496,-87.58468542
9/2/2023 5:50,50,NO CONTROLS,CLEAR,"DARKNESS, LIGHTED ROAD",DIVIDED - W/MEDIAN (NOT RAISED),DRY,INJURY AND / OR TOW DUE TO CRASH,,UNABLE TO DETERMINE,11600,W,IRVING PARK RD,,NONINCAPACITATING INJURY,0,0,1,5,7,9,41.95376608,-87.91419707
07/16/2023 07:54:00 PM,30,TRAFFIC SIGNAL,CLEAR,DAYLIGHT,FOUR WAY,DRY,INJURY AND / OR TOW DUE TO CRASH,,NOT APPLICABLE,3798,W,26TH ST,,NONINCAPACITATING INJURY,0,0,1,19,1,7,41.84442732,-87.71961445
06/24/2023 10:40:00 AM,25,STOP SIGN/FLASHER,CLEAR,DAYLIGHT,FOUR WAY,DRY,NO INJURY / DRIVE AWAY,,FAILING TO YIELD RIGHT-OF-WAY,2000,W,IOWA ST,,NO INDICATION OF INJURY,0,0,0,10,7,6,41.89783917,-87.67722969
7/2/2020 7:17,30,NO CONTROLS,CLEAR,DAYLIGHT,NOT DIVIDED,DRY,NO INJURY / DRIVE AWAY,,UNABLE TO DETERMINE,6915,N,SHERIDAN RD,,NO INDICATION OF INJURY,0,0,0,7,5,7,42.00727783,-87.66131063
9/11/2020 16:47,30,NO CONTROLS,CLEAR,DAYLIGHT,DIVIDED - W/MEDIAN BARRIER,DRY,INJURY AND / OR TOW DUE TO CRASH,Y,FAILING TO YIELD RIGHT-OF-WAY,3910,N,ASHLAND AVE,,NONINCAPACITATING INJURY,0,0,1,16,6,9,41.9528284,-87.66915453
7/5/2022 22:01,30,TRAFFIC SIGNAL,CLOUDY/OVERCAST,"DARKNESS, LIGHTED ROAD",DIVIDED - W/MEDIAN (NOT RAISED),DRY,INJURY AND / OR TOW DUE TO CRASH,,DISREGARDING TRAFFIC SIGNALS,98,S,MICHIGAN AVE,,INCAPACITATING INJURY,0,1,0,22,3,7,41.88089012,-87.62448327
2/7/2020 17:54,30,NO CONTROLS,CLEAR,"DARKNESS, LIGHTED ROAD",NOT DIVIDED,DRY,INJURY AND / OR TOW DUE TO CRASH,,UNABLE TO DETERMINE,1613,N,WELLS ST,Y,NONINCAPACITATING INJURY,0,0,1,17,6,2,41.91155921,-87.63457611
07/24/2020 03:00:00 PM,35,TRAFFIC SIGNAL,CLEAR,DAYLIGHT,DIVIDED - W/MEDIAN BARRIER,DRY,INJURY AND / OR TOW DUE TO CRASH,,UNABLE TO DETERMINE,4300,S,WESTERN AVE,Y,NONINCAPACITATING INJURY,0,0,1,15,6,7,41.81560321,-87.68477272
08/16/2023 09:40:00 PM,30,NO CONTROLS,CLEAR,DARKNESS,ONE-WAY,DRY,INJURY AND / OR TOW DUE TO CRASH,N,PHYSICAL CONDITION OF DRIVER,5465,S,INGLESIDE AVE,,NONINCAPACITATING INJURY,0,0,1,21,4,8,41.79604931,-87.60260358
05/25/2022 03:00:00 PM,30,STOP SIGN/FLASHER,CLEAR,DAYLIGHT,FOUR WAY,DRY,INJURY AND / OR TOW DUE TO CRASH,,UNABLE TO DETERMINE,1200,W,BARRY AVE,,NONINCAPACITATING INJURY,0,0,1,15,4,5,41.93812443,-87.65902476
7/9/2020 13:35,15,NO CONTROLS,CLEAR,DAYLIGHT,ALLEY,DRY,INJURY AND / OR TOW DUE TO CRASH,,UNABLE TO DETERMINE,3555,N,CICERO AVE,,INCAPACITATING INJURY,0,1,0,13,5,7,41.94608754,-87.74691498
07/29/2022 12:10:00 PM,30,NO CONTROLS,CLEAR,DAYLIGHT,DRIVEWAY,DRY,INJURY AND / OR TOW DUE TO CRASH,,"VISION OBSCURED (SIGNS, TREE LIMBS, BUILDINGS, ETC.)",4920,N,KENMORE AVE,,NONINCAPACITATING INJURY,0,0,1,12,6,7,41.9722005,-87.65644765
06/17/2018 07:00:00 PM,35,TRAFFIC SIGNAL,UNKNOWN,DAYLIGHT,DIVIDED - W/MEDIAN BARRIER,UNKNOWN,INJURY AND / OR TOW DUE TO CRASH,,DISREGARDING TRAFFIC SIGNALS,11101,S,HALSTED ST,,NONINCAPACITATING INJURY,0,0,1,19,1,6,41.69226709,-87.64222983
8/1/2021 17:00,30,NO CONTROLS,CLEAR,DAYLIGHT,DIVIDED - W/MEDIAN BARRIER,DRY,NO INJURY / DRIVE AWAY,,UNABLE TO DETERMINE,221,S,MICHIGAN AVE,,NO INDICATION OF INJURY,0,0,0,17,1,8,41.87903381,-87.62419217
09/25/2016 04:00:00 PM,30,NO CONTROLS,CLEAR,DAYLIGHT,NOT DIVIDED,DRY,NO INJURY / DRIVE AWAY,,UNABLE TO DETERMINE,1300,E,55TH ST,,NO INDICATION OF INJURY,0,0,0,16,1,9,41.79519568,-87.59484745
07/23/2018 08:30:00 PM,30,NO CONTROLS,CLEAR,DUSK,NOT DIVIDED,DRY,INJURY AND / OR TOW DUE TO CRASH,Y,IMPROPER OVERTAKING/PASSING,702,S,KOSTNER AVE,,NONINCAPACITATING INJURY,0,0,1,20,2,7,41.87232617,-87.7353291
07/21/2021 03:05:00 PM,30,OTHER,CLEAR,DAYLIGHT,NOT DIVIDED,DRY,INJURY AND / OR TOW DUE TO CRASH,,UNABLE TO DETERMINE,847,W,EASTMAN ST,,"REPORTED, NOT EVIDENT",0,0,0,15,4,7,41.90733366,-87.65010913
06/26/2021 02:15:00 AM,30,STOP SIGN/FLASHER,RAIN,"DARKNESS, LIGHTED ROAD",FOUR WAY,WET,INJURY AND / OR TOW DUE TO CRASH,,FAILING TO REDUCE SPEED TO AVOID CRASH,1500,W,CORNELIA AVE,,INCAPACITATING INJURY,0,1,0,2,7,6,41.94531326,-87.66645425
08/13/2023 03:15:00 PM,30,TRAFFIC SIGNAL,CLEAR,DAYLIGHT,DIVIDED - W/MEDIAN (NOT RAISED),DRY,INJURY AND / OR TOW DUE TO CRASH,Y,UNABLE TO DETERMINE,100,N,LARAMIE AVE,,NONINCAPACITATING INJURY,0,0,1,15,1,8,41.88239319,-87.7552877
04/14/2018 03:00:00 PM,30,NO CONTROLS,RAIN,DAYLIGHT,NOT DIVIDED,WET,NO INJURY / DRIVE AWAY,,UNABLE TO DETERMINE,5730,S,KEDZIE AVE,,NO INDICATION OF INJURY,0,0,0,15,7,4,41.78894313,-87.70357458
06/23/2018 02:55:00 PM,30,NO CONTROLS,CLEAR,DAYLIGHT,NOT DIVIDED,DRY,INJURY AND / OR TOW DUE TO CRASH,,FAILING TO YIELD RIGHT-OF-WAY,5347,W,DEVON AVE,Y,INCAPACITATING INJURY,0,1,0,14,7,6,41.99722548,-87.76266112
07/25/2018 07:45:00 PM,30,TRAFFIC SIGNAL,CLEAR,DAYLIGHT,NOT DIVIDED,DRY,NO INJURY / DRIVE AWAY,Y,FAILING TO YIELD RIGHT-OF-WAY,1200,S,WABASH AVE,,NO INDICATION OF INJURY,0,0,0,19,4,7,41.86734642,-87.62597476
8/12/2018 18:55,30,TRAFFIC SIGNAL,CLEAR,DAYLIGHT,DIVIDED - W/MEDIAN (NOT RAISED),DRY,INJURY AND / OR TOW DUE TO CRASH,Y,IMPROPER LANE USAGE,1736,W,DIVISION ST,,"REPORTED, NOT EVIDENT",0,0,0,18,1,8,41.90338992,-87.67152182
08/28/2023 08:20:00 AM,30,TRAFFIC SIGNAL,CLEAR,DAYLIGHT,NOT DIVIDED,DRY,NO INJURY / DRIVE AWAY,,FOLLOWING TOO CLOSELY,99,N,JEFFERSON ST,,NO INDICATION OF INJURY,0,0,0,8,2,8,41.88310723,-87.6425514
6/4/2018 15:45,20,NO CONTROLS,CLEAR,DAYLIGHT,DIVIDED - W/MEDIAN (NOT RAISED),DRY,INJURY AND / OR TOW DUE TO CRASH,,FAILING TO YIELD RIGHT-OF-WAY,2431,W,25TH ST,,NONINCAPACITATING INJURY,0,0,1,15,2,6,41.84645618,-87.68683798
7/7/2019 17:00,30,STOP SIGN/FLASHER,CLEAR,DAYLIGHT,ONE-WAY,UNKNOWN,INJURY AND / OR TOW DUE TO CRASH,,UNABLE TO DETERMINE,6944,N,OAKLEY AVE,,NONINCAPACITATING INJURY,0,0,1,17,1,7,42.00760874,-87.68821669
9/6/2023 17:25,30,NO CONTROLS,CLEAR,DAYLIGHT,DIVIDED - W/MEDIAN (NOT RAISED),DRY,NO INJURY / DRIVE AWAY,,UNABLE TO DETERMINE,5020,N,CALIFORNIA AVE,,NO INDICATION OF INJURY,0,0,0,17,4,9,41.97276408,-87.69897535
10/11/2018 15:18,30,TRAFFIC SIGNAL,CLEAR,DAYLIGHT,DIVIDED - W/MEDIAN (NOT RAISED),DRY,INJURY AND / OR TOW DUE TO CRASH,,FAILING TO REDUCE SPEED TO AVOID CRASH,445,N,HALSTED ST,Y,NONINCAPACITATING INJURY,0,0,1,15,5,10,41.89028378,-87.64745839
11/11/2022 15:35,30,NO CONTROLS,CLEAR,DAYLIGHT,NOT DIVIDED,DRY,INJURY AND / OR TOW DUE TO CRASH,,FAILING TO YIELD RIGHT-OF-WAY,11046,S,CENTRAL PARK AVE,,NONINCAPACITATING INJURY,0,0,1,15,6,11,41.69184342,-87.71074008
07/28/2020 07:46:00 PM,30,NO CONTROLS,CLEAR,DAYLIGHT,DIVIDED - W/MEDIAN (NOT RAISED),DRY,INJURY AND / OR TOW DUE TO CRASH,Y,UNABLE TO DETERMINE,700,W,FULLERTON AVE,,NONINCAPACITATING INJURY,0,0,1,19,3,7,41.92560232,-87.64638177
8/10/2018 14:30,30,NO CONTROLS,CLEAR,DAYLIGHT,ONE-WAY,DRY,INJURY AND / OR TOW DUE TO CRASH,,FAILING TO YIELD RIGHT-OF-WAY,1500,W,CARMEN AVE,,NONINCAPACITATING INJURY,0,0,1,14,6,8,41.97447183,-87.66828633
06/30/2021 06:10:00 PM,30,NO CONTROLS,RAIN,DAYLIGHT,DIVIDED - W/MEDIAN (NOT RAISED),WET,INJURY AND / OR TOW DUE TO CRASH,,UNABLE TO DETERMINE,3447,W,BELMONT AVE,Y,NONINCAPACITATING INJURY,0,0,1,18,4,6,41.93914224,-87.71440188