CRASH_DATE,POSTED_SPEED_LIMIT,TRAFFIC_CONTROL_DEVICE,WEATHER_CONDITION,LIGHTING_CONDITION,TRAFFICWAY_TYPE,ROADWAY_SURFACE_COND,CRASH_TYPE,HIT_AND_RUN_I,PRIM_CONTRIBUTORY_CAUSE,STREET_NO,STREET_DIRECTION,STREET_NAME,DOORING_I,MOST_SEVERE_INJURY,INJURIES_FATAL,INJURIES_INCAPACITATING,INJURIES_NON_INCAPACITATING,CRASH_HOUR,CRASH_DAY_OF_WEEK,CRASH_MONTH,LATITUDE,LONGITUDE
09/20/2018 09:16:00 PM,30,NO CONTROLS,CLEAR,"DARKNESS, LIGHTED ROAD",DIVIDED - W/MEDIAN (NOT RAISED),DRY,INJURY AND / OR TOW DUE TO CRASH,,"VISION OBSCURED (SIGNS, TREE LIMBS, BUILDINGS, ETC.)",1753,N,MILWAUKEE AVE,,NONINCAPACITATING INJURY,0,0,1,21,5,9,41.91334247,-87.68182248
06/20/2022 07:30:00 PM,15,STOP SIGN/FLASHER,CLEAR,DAYLIGHT,ONE-WAY,DRY,NO INJURY / DRIVE AWAY,,FAILING TO YIELD RIGHT-OF-WAY,5800,S,CENTRAL AVE,,NO INDICATION OF INJURY,0,0,0,19,2,6,41.78715687,-87.76223311
10/25/2019 01:40:00 PM,25,NO CONTROLS,CLEAR,DAYLIGHT,NOT DIVIDED,DRY,INJURY AND / OR TOW DUE TO CRASH,,UNABLE TO DETERMINE,3530,N,SOUTHPORT AVE,Y,NONINCAPACITATING INJURY,0,0,1,13,6,10,41.94609558,-87.66413731
05/18/2022 03:45:00 PM,30,NO CONTROLS,CLEAR,DAYLIGHT,DIVIDED - W/MEDIAN (NOT RAISED),DRY,NO INJURY / DRIVE AWAY,,UNABLE TO DETERMINE,2900,N,CALIFORNIA AVE,,NO INDICATION OF INJURY,0,0,0,15,4,5,41.93395934,-87.69781853
08/15/2023 12:40:00 PM,30,NO CONTROLS,CLEAR,DAYLIGHT,NOT DIVIDED,DRY,INJURY AND / OR TOW DUE TO CRASH,,"VISION OBSCURED (SIGNS, TREE LIMBS, BUILDINGS, ETC.)",4722,N,KEDZIE AVE,,NONINCAPACITATING INJURY,0,0,1,12,3,8,41.96733957,-87.70858546
10/12/2021 14:55,30,NO CONTROLS,CLEAR,DAYLIGHT,DIVIDED - W/MEDIAN (NOT RAISED),DRY,INJURY AND / OR TOW DUE TO CRASH,,UNABLE TO DETERMINE,818,W,31ST ST,,"REPORTED, NOT EVIDENT",0,0,0,14,3,10,41.83814927,-87.6469528
03/31/2018 02:00:00 PM,0,TRAFFIC SIGNAL,CLEAR,DAYLIGHT,DIVIDED - W/MEDIAN (NOT RAISED),DRY,INJURY AND / OR TOW DUE TO CRASH,Y,UNABLE TO DETERMINE,1155,N,DEARBORN ST,Y,NONINCAPACITATING INJURY,0,0,1,14,7,3,41.90344695,-87.6298249
05/18/2018 04:17:00 PM,20,NO CONTROLS,CLOUDY/OVERCAST,DAYLIGHT,NOT DIVIDED,DRY,INJURY AND / OR TOW DUE TO CRASH,,IMPROPER OVERTAKING/PASSING,3338,W,110TH ST,,NONINCAPACITATING INJURY,0,0,1,16,6,5,41.6934394,-87.70502874
4/8/2019 13:00,30,NO CONTROLS,CLEAR,DAYLIGHT,NOT DIVIDED,DRY,INJURY AND / OR TOW DUE TO CRASH,,FAILING TO YIELD RIGHT-OF-WAY,1474,N,MILWAUKEE AVE,,NONINCAPACITATING INJURY,0,0,1,13,2,4,41.90861123,-87.67493205
07/17/2018 03:12:00 PM,30,TRAFFIC SIGNAL,CLEAR,DAYLIGHT,DIVIDED - W/MEDIAN (NOT RAISED),DRY,INJURY AND / OR TOW DUE TO CRASH,,DISREGARDING TRAFFIC SIGNALS,500,W,ROOSEVELT RD,,"REPORTED, NOT EVIDENT",0,0,0,15,3,7,41.86736269,-87.6392932
9/10/2017 14:25,30,NO CONTROLS,CLEAR,DAYLIGHT,DIVIDED - W/MEDIAN (NOT RAISED),DRY,NO INJURY / DRIVE AWAY,,NOT APPLICABLE,3419,W,IRVING PARK RD,Y,NO INDICATION OF INJURY,0,0,0,14,1,9,41.95373531,-87.71372313
08/25/2018 11:41:00 PM,30,NO CONTROLS,CLEAR,"DARKNESS, LIGHTED ROAD",NOT DIVIDED,UNKNOWN,INJURY AND / OR TOW DUE TO CRASH,,UNABLE TO DETERMINE,3740,N,CLARK ST,Y,NONINCAPACITATING INJURY,0,0,1,23,7,8,41.95016849,-87.65907862
1/10/2023 13:22,30,UNKNOWN,CLEAR,DAYLIGHT,FOUR WAY,DRY,INJURY AND / OR TOW DUE TO CRASH,,FAILING TO YIELD RIGHT-OF-WAY,150,W,RANDOLPH ST,,NONINCAPACITATING INJURY,0,0,1,13,3,1,41.88458266,-87.63250801
11/6/2023 15:59,20,STOP SIGN/FLASHER,CLEAR,DAYLIGHT,ONE-WAY,DRY,INJURY AND / OR TOW DUE TO CRASH,,FAILING TO YIELD RIGHT-OF-WAY,3927,N,NORA AVE,,"REPORTED, NOT EVIDENT",0,0,0,15,2,11,41.9516271,-87.80218169
08/14/2018 05:50:00 PM,30,STOP SIGN/FLASHER,CLEAR,DAYLIGHT,NOT DIVIDED,DRY,NO INJURY / DRIVE AWAY,Y,IMPROPER OVERTAKING/PASSING,3099,N,KOSTNER AVE,,NO INDICATION OF INJURY,0,0,0,17,3,8,41.93705848,-87.73682578
9/9/2019 16:05,30,STOP SIGN/FLASHER,CLEAR,DAYLIGHT,FOUR WAY,DRY,NO INJURY / DRIVE AWAY,Y,IMPROPER OVERTAKING/PASSING,1059,W,WELLINGTON AVE,,NO INDICATION OF INJURY,0,0,0,16,2,9,41.93612528,-87.65634941
08/16/2018 08:07:00 PM,35,NO CONTROLS,CLEAR,"DARKNESS, LIGHTED ROAD",DIVIDED - W/MEDIAN (NOT RAISED),DRY,INJURY AND / OR TOW DUE TO CRASH,,FAILING TO YIELD RIGHT-OF-WAY,1610,W,DEVON AVE,Y,NONINCAPACITATING INJURY,0,0,1,20,5,8,41.99817878,-87.67108484
05/23/2018 09:30:00 PM,30,TRAFFIC SIGNAL,CLEAR,"DARKNESS, LIGHTED ROAD",ONE-WAY,DRY,INJURY AND / OR TOW DUE TO CRASH,Y,"OPERATING VEHICLE IN ERRATIC, RECKLESS, CARELESS, NEGLIGENT OR AGGRESSIVE MANNER",60,E,GRAND AVE,Y,NONINCAPACITATING INJURY,0,0,1,21,4,5,41.89181437,-87.62568527
6/4/2018 21:20,30,TRAFFIC SIGNAL,CLEAR,"DARKNESS, LIGHTED ROAD",NOT DIVIDED,DRY,NO INJURY / DRIVE AWAY,,DISREGARDING TRAFFIC SIGNALS,3400,W,PALMER ST,,NO INDICATION OF INJURY,0,0,0,21,2,6,41.92111249,-87.71207568
1/9/2019 11:15,30,NO CONTROLS,CLEAR,DAYLIGHT,ONE-WAY,DRY,INJURY AND / OR TOW DUE TO CRASH,,IMPROPER OVERTAKING/PASSING,100,E,DELAWARE PL,,"REPORTED, NOT EVIDENT",0,0,0,11,4,1,41.89929234,-87.62600747
4/3/2023 20:22,30,TRAFFIC SIGNAL,RAIN,"DARKNESS, LIGHTED ROAD",FOUR WAY,WET,INJURY AND / OR TOW DUE TO CRASH,Y,DISREGARDING TRAFFIC SIGNALS,3100,S,PULASKI RD,,NONINCAPACITATING INJURY,0,0,1,20,2,4,41.83678964,-87.72449547
10/1/2023 18:30,30,TRAFFIC SIGNAL,CLEAR,DAWN,DIVIDED - W/MEDIAN (NOT RAISED),DRY,INJURY AND / OR TOW DUE TO CRASH,,UNABLE TO DETERMINE,5900,S,PULASKI RD,,"REPORTED, NOT EVIDENT",0,0,0,18,1,10,41.78588849,-87.72310659
9/1/2023 14:00,30,NO CONTROLS,CLEAR,DAYLIGHT,NOT DIVIDED,DRY,INJURY AND / OR TOW DUE TO CRASH,,FAILING TO YIELD RIGHT-OF-WAY,430,N,ORLEANS ST,,NONINCAPACITATING INJURY,0,0,1,14,6,9,41.88998003,-87.63713132
10/6/2018 23:15,35,TRAFFIC SIGNAL,CLEAR,"DARKNESS, LIGHTED ROAD",DIVIDED - W/MEDIAN (NOT RAISED),DRY,INJURY AND / OR TOW DUE TO CRASH,,UNABLE TO DETERMINE,3700,S,WESTERN BLVD,,NONINCAPACITATING INJURY,0,0,1,23,7,10,41.82620568,-87.68449332
08/27/2020 04:41:00 PM,30,STOP SIGN/FLASHER,CLEAR,DAYLIGHT,T-INTERSECTION,DRY,INJURY AND / OR TOW DUE TO CRASH,,UNABLE TO DETERMINE,9101,S,BISHOP ST,,INCAPACITATING INJURY,0,1,1,16,5,8,41.72847673,-87.65905418
09/13/2018 08:00:00 AM,30,NO CONTROLS,CLEAR,DAYLIGHT,NOT DIVIDED,DRY,NO INJURY / DRIVE AWAY,Y,NOT APPLICABLE,230,E,79TH ST,,NO INDICATION OF INJURY,0,0,0,8,5,9,41.75116792,-87.61840895
09/29/2023 05:45:00 PM,30,NO CONTROLS,CLEAR,DAYLIGHT,NOT DIVIDED,DRY,INJURY AND / OR TOW DUE TO CRASH,,FAILING TO REDUCE SPEED TO AVOID CRASH,1032,W,ALBION AVE,,NONINCAPACITATING INJURY,0,0,1,17,6,9,42.00270398,-87.65783423
10/10/2022 17:16,30,TRAFFIC SIGNAL,CLEAR,DAYLIGHT,FOUR WAY,DRY,NO INJURY / DRIVE AWAY,,NOT APPLICABLE,3400,W,ADDISON ST,,NO INDICATION OF INJURY,0,0,0,17,2,10,41.94667525,-87.71277858
01/20/2019 04:40:00 PM,30,STOP SIGN/FLASHER,CLEAR,DAYLIGHT,NOT DIVIDED,WET,INJURY AND / OR TOW DUE TO CRASH,,FAILING TO YIELD RIGHT-OF-WAY,4660,W,MADISON ST,,NONINCAPACITATING INJURY,0,0,1,16,1,1,41.88063956,-87.74251518
06/13/2021 05:18:00 PM,25,NO CONTROLS,CLEAR,DAYLIGHT,OTHER,OTHER,INJURY AND / OR TOW DUE TO CRASH,,"EVASIVE ACTION DUE TO ANIMAL, OBJECT, NONMOTORIST",20,E,117TH ST,,"REPORTED, NOT EVIDENT",0,0,0,17,1,6,41.68175802,-87.6219766
07/26/2019 05:50:00 PM,30,TRAFFIC SIGNAL,CLEAR,DAYLIGHT,NOT DIVIDED,DRY,INJURY AND / OR TOW DUE TO CRASH,Y,UNABLE TO DETERMINE,759,N,KEDZIE AVE,,NONINCAPACITATING INJURY,0,0,1,17,6,7,41.89546466,-87.70640646
6/3/2018 17:00,30,NO CONTROLS,CLEAR,DAYLIGHT,NOT DIVIDED,DRY,NO INJURY / DRIVE AWAY,,UNABLE TO DETERMINE,4119,W,CULLOM AVE,,NO INDICATION OF INJURY,0,0,0,17,1,6,41.95898698,-87.73022916
08/17/2022 05:05:00 PM,35,TRAFFIC SIGNAL,CLEAR,DAYLIGHT,NOT DIVIDED,DRY,INJURY AND / OR TOW DUE TO CRASH,,FAILING TO YIELD RIGHT-OF-WAY,999,W,FULLERTON AVE,,NONINCAPACITATING INJURY,0,0,1,17,4,8,41.92526828,-87.65348756
04/23/2019 09:00:00 AM,25,TRAFFIC SIGNAL,CLEAR,DAYLIGHT,NOT DIVIDED,DRY,INJURY AND / OR TOW DUE TO CRASH,Y,UNABLE TO DETERMINE,205,W,WACKER DR,,NONINCAPACITATING INJURY,0,0,1,9,3,4,41.8867073,-87.63415039
06/17/2020 01:59:00 PM,45,TRAFFIC SIGNAL,CLEAR,DAYLIGHT,NOT DIVIDED,DRY,NO INJURY / DRIVE AWAY,,UNABLE TO DETERMINE,201,W,47TH ST,,NO INDICATION OF INJURY,0,0,0,13,4,6,41.80905216,-87.63087745
6/7/2019 12:00,30,NO CONTROLS,CLEAR,DAYLIGHT,NOT DIVIDED,DRY,INJURY AND / OR TOW DUE TO CRASH,,UNABLE TO DETERMINE,3304,N,LINCOLN AVE,,NONINCAPACITATING INJURY,0,0,1,12,6,6,41.94166295,-87.67020885
05/30/2018 05:35:00 PM,30,TRAFFIC SIGNAL,CLEAR,DAYLIGHT,NOT DIVIDED,DRY,INJURY AND / OR TOW DUE TO CRASH,,DISREGARDING TRAFFIC SIGNALS,2400,N,AUSTIN AVE,,INCAPACITATING INJURY,0,1,0,17,4,5,41.92384659,-87.77586325
10/27/2017 06:20:00 PM,30,TRAFFIC SIGNAL,CLEAR,"DARKNESS, LIGHTED ROAD",NOT DIVIDED,DRY,NO INJURY / DRIVE AWAY,,FAILING TO YIELD RIGHT-OF-WAY,1399,N,MILWAUKEE AVE,,NO INDICATION OF INJURY,0,0,0,18,6,10,41.90738764,-87.67256284
9/4/2017 18:00,30,NO CONTROLS,CLEAR,DAYLIGHT,NOT DIVIDED,DRY,INJURY AND / OR TOW DUE TO CRASH,,UNABLE TO DETERMINE,4908,W,FERDINAND ST,Y,INCAPACITATING INJURY,0,1,0,18,2,9,41.88965119,-87.7484934
09/20/2021 04:42:00 PM,30,NO CONTROLS,CLEAR,DAYLIGHT,DIVIDED - W/MEDIAN (NOT RAISED),DRY,INJURY AND / OR TOW DUE TO CRASH,,FAILING TO YIELD RIGHT-OF-WAY,369,W,GRAND AVE,,NONINCAPACITATING INJURY,0,0,1,16,2,9,41.89141931,-87.63822133
05/27/2020 05:45:00 PM,30,TRAFFIC SIGNAL,CLEAR,DAYLIGHT,UNKNOWN INTERSECTION TYPE,DRY,INJURY AND / OR TOW DUE TO CRASH,,UNABLE TO DETERMINE,781,N,MILWAUKEE AVE,,NONINCAPACITATING INJURY,0,0,1,17,4,5,41.89596184,-87.65476069
12/1/2022 12:50,30,UNKNOWN,CLEAR,DAYLIGHT,FOUR WAY,DRY,INJURY AND / OR TOW DUE TO CRASH,,UNABLE TO DETERMINE,750,S,RACINE AVE,,FATAL,1,0,0,12,5,12,41.87180287,-87.6569771
7/12/2022 16:20,30,NO CONTROLS,CLEAR,DAYLIGHT,ONE-WAY,DRY,INJURY AND / OR TOW DUE TO CRASH,,FAILING TO YIELD RIGHT-OF-WAY,2306,S,KILDARE AVE,,NONINCAPACITATING INJURY,0,0,1,16,3,7,41.84932576,-87.73133413
5/1/2021 16:05,30,TRAFFIC SIGNAL,CLEAR,DAYLIGHT,"FIVE POINT, OR MORE",DRY,INJURY AND / OR TOW DUE TO CRASH,,FAILING TO YIELD RIGHT-OF-WAY,2900,N,LINCOLN AVE,,NONINCAPACITATING INJURY,0,0,1,16,7,5,41.93434693,-87.66142435
8/12/2020 7:45,30,NO CONTROLS,CLEAR,DAYLIGHT,PARKING LOT,WET,INJURY AND / OR TOW DUE TO CRASH,,UNABLE TO DETERMINE,1705,W,ROOSEVELT RD,,"REPORTED, NOT EVIDENT",0,0,0,7,4,8,41.86674559,-87.66911825
08/14/2016 01:50:00 PM,30,NO CONTROLS,CLEAR,DAYLIGHT,DIVIDED - W/MEDIAN (NOT RAISED),DRY,NO INJURY / DRIVE AWAY,,FAILING TO YIELD RIGHT-OF-WAY,2642,N,MILWAUKEE AVE,Y,NO INDICATION OF INJURY,0,0,0,13,1,8,41.92974419,-87.70874482
09/14/2017 06:10:00 PM,30,NO CONTROLS,CLEAR,DAYLIGHT,NOT DIVIDED,DRY,NO INJURY / DRIVE AWAY,,DISREGARDING OTHER TRAFFIC SIGNS,625,W,ADAMS ST,,NO INDICATION OF INJURY,0,0,0,18,5,9,41.8791526,-87.64370274
12/1/2021 9:10,30,TRAFFIC SIGNAL,RAIN,DAYLIGHT,DIVIDED - W/MEDIAN (NOT RAISED),WET,INJURY AND / OR TOW DUE TO CRASH,,DISREGARDING TRAFFIC SIGNALS,500,W,ROOSEVELT RD,,NONINCAPACITATING INJURY,0,0,1,9,4,12,41.86736269,-87.6392932
10/30/2018 08:40:00 AM,30,TRAFFIC SIGNAL,CLEAR,DAYLIGHT,NOT DIVIDED,DRY,INJURY AND / OR TOW DUE TO CRASH,,UNABLE TO DETERMINE,2053,S,CANALPORT AVE,,NONINCAPACITATING INJURY,0,0,1,8,3,10,41.85466255,-87.64642523
12/13/2018 10:45:00 PM,30,TRAFFIC SIGNAL,RAIN,"DARKNESS, LIGHTED ROAD",ONE-WAY,WET,NO INJURY / DRIVE AWAY,,DRIVING ON WRONG SIDE/WRONG WAY,199,S,CANAL ST,,NO INDICATION OF INJURY,0,0,0,22,5,12,41.87938167,-87.63946078
9/7/2016 16:34,30,NO CONTROLS,CLEAR,DAYLIGHT,ALLEY,DRY,NO INJURY / DRIVE AWAY,,UNABLE TO DETERMINE,1700,N,LARAMIE AVE,,NO INDICATION OF INJURY,0,0,0,16,4,9,41.91137922,-87.75587684
07/16/2020 05:00:00 PM,30,NO CONTROLS,CLEAR,DAYLIGHT,DIVIDED - W/MEDIAN (NOT RAISED),DRY,INJURY AND / OR TOW DUE TO CRASH,Y,NOT APPLICABLE,2734,W,MONTROSE AVE,Y,NONINCAPACITATING INJURY,0,0,1,17,5,7,41.96136541,-87.69746516
11/24/2017 03:06:00 PM,30,NO CONTROLS,CLEAR,DAYLIGHT,ONE-WAY,DRY,INJURY AND / OR TOW DUE TO CRASH,Y,UNABLE TO DETERMINE,2157,S,MILLARD AVE,,NONINCAPACITATING INJURY,0,0,1,15,6,11,41.85233131,-87.71609104
11/3/2019 18:05,30,NO CONTROLS,CLOUDY/OVERCAST,DUSK,NOT DIVIDED,DRY,NO INJURY / DRIVE AWAY,Y,UNABLE TO DETERMINE,4035,W,FULLERTON AVE,Y,NO INDICATION OF INJURY,0,0,0,18,1,11,41.92435812,-87.72821204
5/4/2023 15:50,30,NO CONTROLS,CLEAR,DAYLIGHT,ONE-WAY,UNKNOWN,NO INJURY / DRIVE AWAY,,NOT APPLICABLE,2200,N,MASON AVE,,NO INDICATION OF INJURY,0,0,0,15,5,5,41.9204163,-87.77452832
1/5/2019 12:00,30,NO CONTROLS,CLEAR,DAYLIGHT,NOT DIVIDED,DRY,INJURY AND / OR TOW DUE TO CRASH,,NOT APPLICABLE,4932,W,MONTROSE AVE,,NONINCAPACITATING INJURY,0,0,1,12,7,1,41.96078827,-87.75127215
8/8/2023 3:30,30,UNKNOWN,CLEAR,DAYLIGHT,NOT DIVIDED,DRY,NO INJURY / DRIVE AWAY,,UNABLE TO DETERMINE,4725,S,CICERO AVE,,NO INDICATION OF INJURY,0,0,0,3,3,8,41.80685498,-87.74298397
07/27/2018 11:00:00 PM,35,TRAFFIC SIGNAL,CLEAR,"DARKNESS, LIGHTED ROAD",DIVIDED - W/MEDIAN (NOT RAISED),DRY,INJURY AND / OR TOW DUE TO CRASH,Y,"OPERATING VEHICLE IN ERRATIC, RECKLESS, CARELESS, NEGLIGENT OR AGGRESSIVE MANNER",800,W,CERMAK RD,,INCAPACITATING INJURY,0,1,0,23,6,7,41.85275518,-87.64657986
04/25/2016 04:30:00 PM,30,TRAFFIC SIGNAL,CLEAR,DAYLIGHT,NOT DIVIDED,DRY,INJURY AND / OR TOW DUE TO CRASH,Y,FAILING TO YIELD RIGHT-OF-WAY,1400,N,CLYBOURN AVE,,NONINCAPACITATING INJURY,0,0,1,16,2,4,41.90639707,-87.64344149
07/19/2022 08:55:00 PM,30,NO CONTROLS,CLEAR,"DARKNESS, LIGHTED ROAD",NOT DIVIDED,DRY,INJURY AND / OR TOW DUE TO CRASH,,IMPROPER TURNING/NO SIGNAL,3833,N,BROADWAY,,NONINCAPACITATING INJURY,0,0,1,20,3,7,41.95220766,-87.64948924
08/17/2023 03:45:00 PM,30,NO CONTROLS,CLEAR,DAYLIGHT,T-INTERSECTION,UNKNOWN,INJURY AND / OR TOW DUE TO CRASH,,DISREGARDING STOP SIGN,333,W,KINZIE ST,,"REPORTED, NOT EVIDENT",0,0,0,15,5,8,41.88902497,-87.63704713
05/21/2020 07:37:00 AM,30,TRAFFIC SIGNAL,CLEAR,DAYLIGHT,NOT DIVIDED,DRY,INJURY AND / OR TOW DUE TO CRASH,,FAILING TO YIELD RIGHT-OF-WAY,800,N,WELLS ST,,"REPORTED, NOT EVIDENT",0,0,0,7,5,5,41.89663375,-87.63435134
05/27/2017 11:40:00 AM,30,NO CONTROLS,CLEAR,DAYLIGHT,NOT DIVIDED,DRY,NO INJURY / DRIVE AWAY,Y,FAILING TO YIELD RIGHT-OF-WAY,1658,N,MILWAUKEE AVE,,NO INDICATION OF INJURY,0,0,0,11,7,5,41.91144287,-87.67933447
9/5/2022 17:45,30,NO CONTROLS,CLOUDY/OVERCAST,DAYLIGHT,T-INTERSECTION,UNKNOWN,INJURY AND / OR TOW DUE TO CRASH,,UNABLE TO DETERMINE,6652,N,WESTERN AVE,,NONINCAPACITATING INJURY,0,0,1,17,2,9,42.00274784,-87.69015997
5/8/2018 16:30,30,STOP SIGN/FLASHER,CLEAR,DAYLIGHT,NOT DIVIDED,DRY,NO INJURY / DRIVE AWAY,Y,FAILING TO YIELD RIGHT-OF-WAY,401,S,FINANCIAL PL,,NO INDICATION OF INJURY,0,0,0,16,3,5,41.87680038,-87.63296219
08/20/2021 04:40:00 PM,30,NO CONTROLS,CLOUDY/OVERCAST,DAYLIGHT,DIVIDED - W/MEDIAN (NOT RAISED),DRY,INJURY AND / OR TOW DUE TO CRASH,Y,FOLLOWING TOO CLOSELY,541,N,KEDZIE AVE,,"REPORTED, NOT EVIDENT",0,0,0,16,6,8,41.89158096,-87.70628918
10/6/2018 16:40,30,NO CONTROLS,CLEAR,"DARKNESS, LIGHTED ROAD",NOT DIVIDED,DRY,NO INJURY / DRIVE AWAY,,UNABLE TO DETERMINE,6930,N,RIDGE BLVD,,NO INDICATION OF INJURY,0,0,0,16,7,10,42.00726809,-87.68127854
08/19/2017 12:24:00 AM,35,TRAFFIC SIGNAL,CLEAR,"DARKNESS, LIGHTED ROAD",OTHER,DRY,INJURY AND / OR TOW DUE TO CRASH,,DISREGARDING TRAFFIC SIGNALS,800,N,MILWAUKEE AVE,,INCAPACITATING INJURY,0,1,0,0,7,8,41.8962188,-87.6556039
02/14/2018 06:00:00 PM,30,OTHER REG. SIGN,CLEAR,DAYLIGHT,NOT DIVIDED,DRY,INJURY AND / OR TOW DUE TO CRASH,Y,UNABLE TO DETERMINE,1730,W,HARRISON ST,,INCAPACITATING INJURY,0,1,0,18,4,2,41.87423512,-87.67028505
10/21/2017 01:30:00 PM,30,TRAFFIC SIGNAL,CLEAR,DAYLIGHT,NOT DIVIDED,DRY,INJURY AND / OR TOW DUE TO CRASH,,DISREGARDING TRAFFIC SIGNALS,4525,W,NORTH AVE,,"REPORTED, NOT EVIDENT",0,0,0,13,7,10,41.9095949,-87.73980172
7/12/2017 13:22,30,TRAFFIC SIGNAL,RAIN,DAYLIGHT,NOT DIVIDED,WET,INJURY AND / OR TOW DUE TO CRASH,,FAILING TO YIELD RIGHT-OF-WAY,122,E,OAK ST,N,NONINCAPACITATING INJURY,0,0,1,13,4,7,41.9009092,-87.6247018
04/30/2018 07:50:00 PM,15,NO CONTROLS,CLEAR,"DARKNESS, LIGHTED ROAD",NOT DIVIDED,DRY,NO INJURY / DRIVE AWAY,Y,FAILING TO YIELD RIGHT-OF-WAY,2930,W,ARGYLE ST,,NO INDICATION OF INJURY,0,0,0,19,2,4,41.97225229,-87.70247144
04/19/2018 05:31:00 PM,30,SCHOOL ZONE,CLEAR,DAYLIGHT,NOT DIVIDED,UNKNOWN,INJURY AND / OR TOW DUE TO CRASH,,NOT APPLICABLE,5400,W,GRAND AVE,,NONINCAPACITATING INJURY,0,0,1,17,5,4,41.91797885,-87.76096865
06/15/2019 10:50:00 AM,30,NO CONTROLS,CLEAR,DAYLIGHT,DIVIDED - W/MEDIAN (NOT RAISED),UNKNOWN,INJURY AND / OR TOW DUE TO CRASH,Y,FAILING TO REDUCE SPEED TO AVOID CRASH,3730,W,MADISON ST,,NONINCAPACITATING INJURY,0,0,1,10,7,6,41.88091939,-87.71926913
8/11/2017 19:45,30,NO CONTROLS,CLEAR,"DARKNESS, LIGHTED ROAD",DIVIDED - W/MEDIAN (NOT RAISED),DRY,NO INJURY / DRIVE AWAY,,FAILING TO YIELD RIGHT-OF-WAY,2337,N,LINCOLN AVE,Y,NO INDICATION OF INJURY,0,0,0,19,6,8,41.92458665,-87.64734789
10/5/2018 16:17,25,NO CONTROLS,CLOUDY/OVERCAST,DAYLIGHT,DIVIDED - W/MEDIAN BARRIER,DRY,INJURY AND / OR TOW DUE TO CRASH,,UNABLE TO DETERMINE,6306,N,KEDZIE AVE,,INCAPACITATING INJURY,0,1,0,16,6,10,41.99587431,-87.70945323
6/3/2022 9:14,30,TRAFFIC SIGNAL,CLEAR,DAYLIGHT,NOT DIVIDED,DRY,INJURY AND / OR TOW DUE TO CRASH,,FAILING TO YIELD RIGHT-OF-WAY,1200,E,47TH ST,,NONINCAPACITATING INJURY,0,0,1,9,6,6,41.80975215,-87.59674728
09/20/2018 02:36:00 PM,15,NO CONTROLS,CLEAR,DAYLIGHT,OTHER,DRY,INJURY AND / OR TOW DUE TO CRASH,,NOT APPLICABLE,1442,W,63RD ST,,NONINCAPACITATING INJURY,0,0,1,14,5,9,41.77962901,-87.66105482
6/3/2023 12:25,30,NO CONTROLS,CLEAR,DAYLIGHT,DIVIDED - W/MEDIAN (NOT RAISED),DRY,INJURY AND / OR TOW DUE TO CRASH,,NOT APPLICABLE,5314,N,CLARK ST,,NONINCAPACITATING INJURY,0,0,1,12,7,6,41.97854777,-87.66847404
10/7/2017 15:25,30,STOP SIGN/FLASHER,RAIN,DARKNESS,NOT DIVIDED,WET,INJURY AND / OR TOW DUE TO CRASH,Y,UNABLE TO DETERMINE,1468,W,MONTROSE AVE,,NONINCAPACITATING INJURY,0,0,1,15,7,10,41.96172297,-87.66764069
03/31/2021 10:25:00 AM,30,NO CONTROLS,CLEAR,DAYLIGHT,NOT DIVIDED,DRY,INJURY AND / OR TOW DUE TO CRASH,,FAILING TO YIELD RIGHT-OF-WAY,4526,N,CLARK ST,Y,NONINCAPACITATING INJURY,0,0,1,10,4,3,41.96425787,-87.66667122
6/5/2021 8:30,0,NO CONTROLS,CLEAR,DAYLIGHT,NOT DIVIDED,DRY,INJURY AND / OR TOW DUE TO CRASH,Y,DRIVING SKILLS/KNOWLEDGE/EXPERIENCE,363,E,ERIE ST,,NONINCAPACITATING INJURY,0,0,1,8,7,6,41.89413779,-87.61788677
11/28/2021 03:00:00 PM,30,STOP SIGN/FLASHER,CLEAR,DAYLIGHT,NOT DIVIDED,DRY,NO INJURY / DRIVE AWAY,,DISREGARDING STOP SIGN,4200,W,MARQUETTE RD,,NO INDICATION OF INJURY,0,0,0,15,1,11,41.7714258,-87.72751588
10/15/2020 09:52:00 AM,30,TRAFFIC SIGNAL,CLEAR,DAYLIGHT,FOUR WAY,DRY,INJURY AND / OR TOW DUE TO CRASH,,DISREGARDING TRAFFIC SIGNALS,2800,N,WESTERN AVE,,NONINCAPACITATING INJURY,0,0,1,9,5,10,41.93221699,-87.68803328
08/30/2020 09:25:00 PM,30,UNKNOWN,CLEAR,"DARKNESS, LIGHTED ROAD",NOT DIVIDED,UNKNOWN,NO INJURY / DRIVE AWAY,,FAILING TO YIELD RIGHT-OF-WAY,3000,N,CLARK ST,,NO INDICATION OF INJURY,0,0,0,21,1,8,41.93644033,-87.64800621
9/7/2018 23:30,30,TRAFFIC SIGNAL,CLEAR,"DARKNESS, LIGHTED ROAD",DIVIDED - W/MEDIAN (NOT RAISED),DRY,INJURY AND / OR TOW DUE TO CRASH,,FAILING TO YIELD RIGHT-OF-WAY,1300,N,CLARK ST,N,INCAPACITATING INJURY,0,1,0,23,6,9,41.90588039,-87.63165813