CRASH_DATE,POSTED_SPEED_LIMIT,TRAFFIC_CONTROL_DEVICE,WEATHER_CONDITION,LIGHTING_CONDITION,TRAFFICWAY_TYPE,ROADWAY_SURFACE_COND,CRASH_TYPE,HIT_AND_RUN_I,PRIM_CONTRIBUTORY_CAUSE,STREET_NO,STREET_DIRECTION,STREET_NAME,DOORING_I,MOST_SEVERE_INJURY,INJURIES_FATAL,INJURIES_INCAPACITATING,INJURIES_NON_INCAPACITATING,CRASH_HOUR,CRASH_DAY_OF_WEEK,CRASH_MONTH,LATITUDE,LONGITUDE
07/23/2017 12:46:00 AM,30,NO CONTROLS,CLEAR,"DARKNESS, LIGHTED ROAD",NOT DIVIDED,DRY,NO INJURY / DRIVE AWAY,Y,FOLLOWING TOO CLOSELY,3210,W,MADISON ST,,NO INDICATION OF INJURY,0,0,0,0,1,7,41.88107695,-87.70661406
06/13/2022 12:54:00 PM,30,STOP SIGN/FLASHER,CLEAR,DAYLIGHT,TRAFFIC ROUTE,DRY,INJURY AND / OR TOW DUE TO CRASH,,"VISION OBSCURED (SIGNS, TREE LIMBS, BUILDINGS, ETC.)",4800,N,BERNARD ST,,NONINCAPACITATING INJURY,0,0,1,12,2,6,41.96847706,-87.71473748
12/11/2021 11:10,30,NO CONTROLS,CLEAR,DAYLIGHT,DIVIDED - W/MEDIAN (NOT RAISED),WET,NO INJURY / DRIVE AWAY,,IMPROPER LANE USAGE,4647,W,AUGUSTA BLVD,,NO INDICATION OF INJURY,0,0,0,11,7,12,41.89863655,-87.74319174
06/26/2019 05:50:00 PM,30,NO CONTROLS,CLEAR,DAYLIGHT,NOT DIVIDED,UNKNOWN,INJURY AND / OR TOW DUE TO CRASH,,IMPROPER OVERTAKING/PASSING,2119,N,STOCKTON DR,,NONINCAPACITATING INJURY,0,0,1,17,4,6,41.92079048,-87.63551387
8/3/2020 19:55,30,NO CONTROLS,RAIN,DUSK,DIVIDED - W/MEDIAN (NOT RAISED),WET,NO INJURY / DRIVE AWAY,Y,UNABLE TO DETERMINE,3954,N,PULASKI RD,,NO INDICATION OF INJURY,0,0,0,19,2,8,41.95348027,-87.72775979
08/28/2018 04:15:00 PM,30,NO CONTROLS,CLEAR,DUSK,NOT DIVIDED,DRY,NO INJURY / DRIVE AWAY,N,NOT APPLICABLE,3999,W,AUGUSTA BLVD,,NO INDICATION OF INJURY,0,0,0,16,3,8,41.89891211,-87.7261273
03/16/2018 05:40:00 AM,30,STOP SIGN/FLASHER,CLEAR,"DARKNESS, LIGHTED ROAD",ONE-WAY,DRY,INJURY AND / OR TOW DUE TO CRASH,,UNABLE TO DETERMINE,2358,W,MEDILL AVE,,"REPORTED, NOT EVIDENT",0,0,0,5,6,3,41.92424528,-87.68750007
01/25/2023 08:08:00 AM,30,STOP SIGN/FLASHER,SNOW,DAYLIGHT,NOT DIVIDED,SNOW OR SLUSH,NO INJURY / DRIVE AWAY,,UNABLE TO DETERMINE,3927,W,CORTLAND ST,,NO INDICATION OF INJURY,0,0,0,8,4,1,41.91524994,-87.72521899
08/20/2017 03:55:00 PM,0,STOP SIGN/FLASHER,CLEAR,DAYLIGHT,NOT DIVIDED,DRY,INJURY AND / OR TOW DUE TO CRASH,,UNABLE TO DETERMINE,1601,N,CLARK ST,Y,NONINCAPACITATING INJURY,0,0,1,15,1,8,41.91131036,-87.63156657
09/21/2021 05:58:00 PM,30,TRAFFIC SIGNAL,CLEAR,DUSK,CENTER TURN LANE,DRY,NO INJURY / DRIVE AWAY,Y,FAILING TO YIELD RIGHT-OF-WAY,7159,W,BELMONT AVE,,NO INDICATION OF INJURY,0,0,0,17,3,9,41.93788913,-87.80649762
09/15/2017 03:20:00 PM,30,STOP SIGN/FLASHER,CLEAR,DAYLIGHT,NOT DIVIDED,DRY,NO INJURY / DRIVE AWAY,Y,FAILING TO YIELD RIGHT-OF-WAY,300,N,HOMAN AVE,,NO INDICATION OF INJURY,0,0,0,15,6,9,41.88640664,-87.71131565
08/25/2023 11:02:00 AM,25,NO CONTROLS,CLEAR,DAYLIGHT,DIVIDED - W/MEDIAN (NOT RAISED),DRY,INJURY AND / OR TOW DUE TO CRASH,,NOT APPLICABLE,3146,S,HALSTED ST,Y,NONINCAPACITATING INJURY,0,0,1,11,6,8,41.83665364,-87.64639195
10/4/2019 18:09,40,TRAFFIC SIGNAL,CLOUDY/OVERCAST,"DARKNESS, LIGHTED ROAD",NOT DIVIDED,UNKNOWN,INJURY AND / OR TOW DUE TO CRASH,Y,IMPROPER TURNING/NO SIGNAL,3724,W,26TH ST,,NONINCAPACITATING INJURY,0,0,1,18,6,10,41.84444042,-87.71839492
7/1/2019 12:22,30,TRAFFIC SIGNAL,CLEAR,DAYLIGHT,FOUR WAY,DRY,INJURY AND / OR TOW DUE TO CRASH,,FAILING TO YIELD RIGHT-OF-WAY,1199,N,DAMEN AVE,,NONINCAPACITATING INJURY,0,0,1,12,2,7,41.90316898,-87.67711017
10/29/2019 01:40:00 PM,30,NO CONTROLS,CLEAR,DAYLIGHT,DRIVEWAY,DRY,INJURY AND / OR TOW DUE TO CRASH,,UNABLE TO DETERMINE,6108,N,WESTERN AVE,,NONINCAPACITATING INJURY,0,0,1,13,3,10,41.99258749,-87.68986215
03/16/2018 08:10:00 AM,30,NO CONTROLS,CLEAR,DAYLIGHT,ALLEY,DRY,INJURY AND / OR TOW DUE TO CRASH,,FAILING TO YIELD RIGHT-OF-WAY,2056,N,MILWAUKEE AVE,,NONINCAPACITATING INJURY,0,0,1,8,6,3,41.91860614,-87.69054888
02/22/2022 03:24:00 PM,30,NO CONTROLS,RAIN,DAYLIGHT,NOT DIVIDED,WET,NO INJURY / DRIVE AWAY,Y,UNABLE TO DETERMINE,5900,N,PULASKI RD,,NO INDICATION OF INJURY,0,0,0,15,3,2,41.98848729,-87.72872777
09/23/2020 07:25:00 PM,30,TRAFFIC SIGNAL,CLEAR,"DARKNESS, LIGHTED ROAD",NOT DIVIDED,DRY,NO INJURY / DRIVE AWAY,,FOLLOWING TOO CLOSELY,1600,N,AUSTIN AVE,,NO INDICATION OF INJURY,0,0,0,19,4,9,41.90939057,-87.7756631
5/11/2018 13:55,30,NO CONTROLS,CLEAR,DAYLIGHT,ONE-WAY,DRY,NO INJURY / DRIVE AWAY,Y,IMPROPER LANE USAGE,657,N,SANGAMON ST,,NO INDICATION OF INJURY,0,0,0,13,6,5,41.8936285,-87.65134779
08/24/2017 07:39:00 PM,15,STOP SIGN/FLASHER,CLEAR,"DARKNESS, LIGHTED ROAD",NOT DIVIDED,DRY,INJURY AND / OR TOW DUE TO CRASH,,FAILING TO YIELD RIGHT-OF-WAY,2899,W,PRATT BLVD,Y,NONINCAPACITATING INJURY,0,0,1,19,5,8,42.00469458,-87.70215105
4/12/2023 17:50,30,NO CONTROLS,CLEAR,DAYLIGHT,NOT DIVIDED,UNKNOWN,NO INJURY / DRIVE AWAY,,UNABLE TO DETERMINE,4755,N,HERMITAGE AVE,Y,NO INDICATION OF INJURY,0,0,0,17,4,4,41.96863915,-87.67244544
10/25/2021 01:40:00 PM,35,TRAFFIC SIGNAL,RAIN,DAYLIGHT,NOT DIVIDED,WET,INJURY AND / OR TOW DUE TO CRASH,,FAILING TO YIELD RIGHT-OF-WAY,5200,W,CHICAGO AVE,N,NONINCAPACITATING INJURY,0,0,1,13,2,10,41.89504414,-87.75566533
07/28/2017 07:29:00 AM,30,TRAFFIC SIGNAL,CLEAR,DAYLIGHT,DIVIDED - W/MEDIAN (NOT RAISED),DRY,INJURY AND / OR TOW DUE TO CRASH,,UNABLE TO DETERMINE,42,W,HARRISON ST,,INCAPACITATING INJURY,0,1,0,7,6,7,41.87464944,-87.62918544
07/14/2021 08:00:00 PM,25,STOP SIGN/FLASHER,CLOUDY/OVERCAST,DUSK,FOUR WAY,DRY,INJURY AND / OR TOW DUE TO CRASH,,FAILING TO YIELD RIGHT-OF-WAY,7300,N,SACRAMENTO AVE,,FATAL,1,0,0,20,4,7,42.01382663,-87.70455995
06/26/2019 03:45:00 PM,30,NO CONTROLS,CLEAR,DAYLIGHT,NOT DIVIDED,DRY,NO INJURY / DRIVE AWAY,Y,DRIVING SKILLS/KNOWLEDGE/EXPERIENCE,10300,S,AVENUE L,,NO INDICATION OF INJURY,0,0,0,15,4,6,41.7081243,-87.53664299
09/29/2023 07:05:00 PM,30,TRAFFIC SIGNAL,CLEAR,DAYLIGHT,NOT DIVIDED,DRY,INJURY AND / OR TOW DUE TO CRASH,Y,UNABLE TO DETERMINE,99,W,KINZIE ST,,NONINCAPACITATING INJURY,0,0,1,19,6,9,41.88910214,-87.63098607
12/23/2021 10:40:00 AM,25,STOP SIGN/FLASHER,CLEAR,DAYLIGHT,ONE-WAY,DRY,INJURY AND / OR TOW DUE TO CRASH,Y,UNABLE TO DETERMINE,1516,W,CATALPA AVE,,NONINCAPACITATING INJURY,0,0,1,10,5,12,41.98176781,-87.66918715
09/28/2017 05:35:00 PM,30,TRAFFIC SIGNAL,CLEAR,DAYLIGHT,NOT DIVIDED,DRY,NO INJURY / DRIVE AWAY,,FAILING TO YIELD RIGHT-OF-WAY,4700,W,IRVING PARK RD,,NO INDICATION OF INJURY,0,0,0,17,5,9,41.95355433,-87.74566755
8/11/2022 16:45,30,NO CONTROLS,CLEAR,DAYLIGHT,NOT DIVIDED,DRY,INJURY AND / OR TOW DUE TO CRASH,Y,IMPROPER OVERTAKING/PASSING,5032,S,WOODLAWN AVE,,NONINCAPACITATING INJURY,0,0,1,16,5,8,41.80321543,-87.5968644
10/5/2017 15:45,9,NO CONTROLS,CLEAR,DAYLIGHT,NOT DIVIDED,DRY,INJURY AND / OR TOW DUE TO CRASH,Y,UNABLE TO DETERMINE,2124,E,67TH ST,,INCAPACITATING INJURY,0,1,0,15,5,10,41.77359651,-87.57297376
8/12/2023 18:00,30,NO CONTROLS,CLEAR,DAYLIGHT,DIVIDED - W/MEDIAN (NOT RAISED),DRY,INJURY AND / OR TOW DUE TO CRASH,Y,UNABLE TO DETERMINE,699,W,ADDISON ST,Y,NONINCAPACITATING INJURY,0,0,1,18,7,8,41.94727552,-87.64713629
07/26/2021 06:30:00 PM,30,NO CONTROLS,CLEAR,DAYLIGHT,NOT DIVIDED,DRY,NO INJURY / DRIVE AWAY,,FAILING TO YIELD RIGHT-OF-WAY,1615,W,DIVERSEY PKWY,,NO INDICATION OF INJURY,0,0,0,18,2,7,41.93228596,-87.66904311
08/29/2019 08:10:00 PM,30,TRAFFIC SIGNAL,CLEAR,"DARKNESS, LIGHTED ROAD",DIVIDED - W/MEDIAN (NOT RAISED),DRY,NO INJURY / DRIVE AWAY,,UNABLE TO DETERMINE,2770,N,LINCOLN AVE,,NO INDICATION OF INJURY,0,0,0,20,5,8,41.93210717,-87.65828943
10/24/2019 07:55:00 PM,30,NO CONTROLS,CLEAR,"DARKNESS, LIGHTED ROAD",DIVIDED - W/MEDIAN (NOT RAISED),DRY,INJURY AND / OR TOW DUE TO CRASH,,FAILING TO YIELD RIGHT-OF-WAY,856,N,WELLS ST,,NONINCAPACITATING INJURY,0,0,1,19,5,10,41.89816167,-87.63440734
11/17/2017 02:00:00 PM,30,TRAFFIC SIGNAL,CLEAR,DAYLIGHT,NOT DIVIDED,DRY,NO INJURY / DRIVE AWAY,,FAILING TO YIELD RIGHT-OF-WAY,302,W,ILLINOIS ST,,NO INDICATION OF INJURY,0,0,0,14,6,11,41.89087254,-87.6357169
6/6/2022 8:25,30,NO CONTROLS,RAIN,DAYLIGHT,T-INTERSECTION,WET,INJURY AND / OR TOW DUE TO CRASH,,UNABLE TO DETERMINE,4700,W,BELMONT AVE,,NONINCAPACITATING INJURY,0,0,1,8,2,6,41.93897796,-87.74392645
10/6/2021 18:00,30,TRAFFIC SIGNAL,CLEAR,DAYLIGHT,NOT DIVIDED,DRY,INJURY AND / OR TOW DUE TO CRASH,Y,UNABLE TO DETERMINE,99,N,HAMLIN BLVD,,INCAPACITATING INJURY,0,1,0,18,4,10,41.88184401,-87.72067165
11/22/2022 08:17:00 AM,30,TRAFFIC SIGNAL,CLEAR,DAYLIGHT,DIVIDED - W/MEDIAN BARRIER,DRY,NO INJURY / DRIVE AWAY,N,FAILING TO YIELD RIGHT-OF-WAY,3500,S,ASHLAND AVE,,NO INDICATION OF INJURY,0,0,0,8,3,11,41.83040813,-87.66571276
10/10/2017 18:00,30,STOP SIGN/FLASHER,RAIN,"DARKNESS, LIGHTED ROAD",DIVIDED - W/MEDIAN (NOT RAISED),WET,INJURY AND / OR TOW DUE TO CRASH,,FAILING TO YIELD RIGHT-OF-WAY,1500,W,ADDISON ST,,NONINCAPACITATING INJURY,0,0,1,18,3,10,41.94713795,-87.66650317
3/11/2016 17:15,25,STOP SIGN/FLASHER,CLEAR,DAYLIGHT,ONE-WAY,DRY,INJURY AND / OR TOW DUE TO CRASH,,FAILING TO YIELD RIGHT-OF-WAY,700,E,62ND ST,,NONINCAPACITATING INJURY,0,0,1,17,6,3,41.78230012,-87.60836814
9/5/2017 19:02,30,NO CONTROLS,CLEAR,DAYLIGHT,NOT DIVIDED,DRY,INJURY AND / OR TOW DUE TO CRASH,,UNABLE TO DETERMINE,1138,W,71ST ST,,INCAPACITATING INJURY,0,2,0,19,3,9,41.76517819,-87.6532137
07/26/2023 06:41:00 PM,30,TRAFFIC SIGNAL,CLEAR,DAYLIGHT,DIVIDED - W/MEDIAN (NOT RAISED),DRY,INJURY AND / OR TOW DUE TO CRASH,,FAILING TO YIELD RIGHT-OF-WAY,3040,N,CLARK ST,,"REPORTED, NOT EVIDENT",0,0,0,18,4,7,41.93741732,-87.64879561
04/14/2022 12:11:00 PM,25,NO CONTROLS,CLEAR,DAYLIGHT,ONE-WAY,DRY,NO INJURY / DRIVE AWAY,N,UNABLE TO DETERMINE,1129,E,59TH ST,,NO INDICATION OF INJURY,0,0,0,12,5,4,41.78767022,-87.59839488
12/4/2022 17:30,20,STOP SIGN/FLASHER,CLEAR,DUSK,ROUNDABOUT,UNKNOWN,INJURY AND / OR TOW DUE TO CRASH,Y,DISREGARDING STOP SIGN,2598,W,POTOMAC AVE,,INCAPACITATING INJURY,0,1,0,17,1,12,41.90490547,-87.69193643
08/16/2019 07:52:00 PM,30,NO CONTROLS,CLEAR,DUSK,NOT DIVIDED,DRY,INJURY AND / OR TOW DUE TO CRASH,,UNABLE TO DETERMINE,1448,N,LA SALLE DR,,NONINCAPACITATING INJURY,0,0,1,19,6,8,41.9090904,-87.63323258
2/5/2016 13:15,30,UNKNOWN,CLEAR,DAYLIGHT,NOT DIVIDED,DRY,NO INJURY / DRIVE AWAY,,UNABLE TO DETERMINE,833,W,GRAND AVE,,NO INDICATION OF INJURY,0,0,0,13,6,2,41.89105972,-87.64884985
10/19/2018 06:39:00 PM,30,NO CONTROLS,RAIN,"DARKNESS, LIGHTED ROAD",NOT DIVIDED,WET,NO INJURY / DRIVE AWAY,,DRIVING SKILLS/KNOWLEDGE/EXPERIENCE,1755,N,DAMEN AVE,Y,NO INDICATION OF INJURY,0,0,0,18,6,10,41.91389749,-87.67739257
10/24/2020 05:47:00 PM,30,TRAFFIC SIGNAL,CLEAR,DAYLIGHT,DIVIDED - W/MEDIAN BARRIER,DRY,INJURY AND / OR TOW DUE TO CRASH,,DRIVING SKILLS/KNOWLEDGE/EXPERIENCE,1600,W,GRACE ST,,NONINCAPACITATING INJURY,0,0,2,17,7,10,41.95074845,-87.66902082
12/31/2021 01:46:00 PM,30,NO CONTROLS,RAIN,DAYLIGHT,DIVIDED - W/MEDIAN BARRIER,WET,INJURY AND / OR TOW DUE TO CRASH,,UNABLE TO DETERMINE,1910,E,71ST ST,,NONINCAPACITATING INJURY,0,0,1,13,6,12,41.76633562,-87.57826972
10/16/2020 11:30:00 PM,30,NO CONTROLS,CLEAR,DARKNESS,NOT DIVIDED,DRY,INJURY AND / OR TOW DUE TO CRASH,,UNABLE TO DETERMINE,1144,N,CALIFORNIA AVE,,"REPORTED, NOT EVIDENT",0,0,0,23,6,10,41.90243528,-87.69701536
05/23/2018 05:51:00 PM,30,TRAFFIC SIGNAL,CLEAR,DAYLIGHT,CENTER TURN LANE,DRY,INJURY AND / OR TOW DUE TO CRASH,,FAILING TO YIELD RIGHT-OF-WAY,6761,N,CLARK ST,,"REPORTED, NOT EVIDENT",0,0,0,17,4,5,42.00531173,-87.67294054
01/16/2023 07:00:00 PM,30,NO CONTROLS,CLEAR,DARKNESS,ONE-WAY,WET,NO INJURY / DRIVE AWAY,Y,IMPROPER LANE USAGE,60,E,SUPERIOR ST,,NO INDICATION OF INJURY,0,0,0,19,2,1,41.89582637,-87.62581058
11/25/2019 05:36:00 PM,30,NO CONTROLS,CLEAR,"DARKNESS, LIGHTED ROAD",NOT DIVIDED,DRY,NO INJURY / DRIVE AWAY,,DRIVING SKILLS/KNOWLEDGE/EXPERIENCE,1433,W,PENSACOLA AVE,Y,NO INDICATION OF INJURY,0,0,0,17,2,11,41.9606188,-87.66571392
11/30/2017 06:01:00 PM,30,TRAFFIC SIGNAL,CLEAR,"DARKNESS, LIGHTED ROAD",NOT DIVIDED,DRY,INJURY AND / OR TOW DUE TO CRASH,,FAILING TO YIELD RIGHT-OF-WAY,5558,N,CLARK ST,,"REPORTED, NOT EVIDENT",0,0,0,18,5,11,41.98342527,-87.66889261
8/12/2021 14:00,30,NO CONTROLS,CLEAR,DAYLIGHT,ALLEY,DRY,INJURY AND / OR TOW DUE TO CRASH,Y,UNABLE TO DETERMINE,323,E,47TH ST,,NONINCAPACITATING INJURY,0,0,1,14,5,8,41.80924212,-87.61856789
05/14/2021 03:40:00 PM,25,STOP SIGN/FLASHER,CLEAR,DAYLIGHT,ONE-WAY,DRY,INJURY AND / OR TOW DUE TO CRASH,Y,UNABLE TO DETERMINE,4101,N,LARAMIE AVE,,NONINCAPACITATING INJURY,0,0,1,15,6,5,41.95517088,-87.75706066
11/30/2015 10:00:00 PM,30,TRAFFIC SIGNAL,RAIN,"DARKNESS, LIGHTED ROAD",NOT DIVIDED,WET,NO INJURY / DRIVE AWAY,Y,FAILING TO YIELD RIGHT-OF-WAY,758,W,WEBSTER AVE,,NO INDICATION OF INJURY,0,0,0,22,2,11,41.92192726,-87.64861084
12/19/2018 11:00:00 PM,30,NO CONTROLS,CLEAR,"DARKNESS, LIGHTED ROAD",NOT DIVIDED,DRY,INJURY AND / OR TOW DUE TO CRASH,,UNABLE TO DETERMINE,1441,W,WINNEMAC AVE,Y,NONINCAPACITATING INJURY,0,0,1,23,4,12,41.97327931,-87.66630733
09/15/2022 04:15:00 PM,30,STOP SIGN/FLASHER,CLEAR,DAYLIGHT,DIVIDED - W/MEDIAN (NOT RAISED),DRY,INJURY AND / OR TOW DUE TO CRASH,,UNABLE TO DETERMINE,4600,N,HERMITAGE AVE,,NONINCAPACITATING INJURY,0,0,1,16,5,9,41.96527926,-87.67266118
4/4/2018 19:51,30,TRAFFIC SIGNAL,CLEAR,"DARKNESS, LIGHTED ROAD",ONE-WAY,DRY,INJURY AND / OR TOW DUE TO CRASH,,IMPROPER LANE USAGE,500,W,MADISON ST,,"REPORTED, NOT EVIDENT",0,0,0,19,4,4,41.88199434,-87.63975869
11/7/2022 15:43,30,NO CONTROLS,CLEAR,DAYLIGHT,DIVIDED - W/MEDIAN (NOT RAISED),DRY,INJURY AND / OR TOW DUE TO CRASH,Y,UNABLE TO DETERMINE,2022,S,HALSTED ST,,"REPORTED, NOT EVIDENT",0,0,0,15,2,11,41.85475779,-87.64670118
9/1/2021 18:20,15,STOP SIGN/FLASHER,CLEAR,DAYLIGHT,FOUR WAY,DRY,NO INJURY / DRIVE AWAY,Y,UNABLE TO DETERMINE,900,W,VAN BUREN ST,,NO INDICATION OF INJURY,0,0,0,18,4,9,41.87674627,-87.64959909
09/29/2019 06:55:00 PM,30,NO CONTROLS,CLEAR,"DARKNESS, LIGHTED ROAD",NOT DIVIDED,DRY,INJURY AND / OR TOW DUE TO CRASH,,"DISTRACTION - OTHER ELECTRONIC DEVICE (NAVIGATION DEVICE, DVD PLAYER, ETC.)",3216,N,BROADWAY,Y,NONINCAPACITATING INJURY,0,0,1,18,1,9,41.94058786,-87.64456369
11/2/2019 17:33,30,STOP SIGN/FLASHER,CLEAR,DAYLIGHT,DIVIDED - W/MEDIAN (NOT RAISED),DRY,INJURY AND / OR TOW DUE TO CRASH,Y,FAILING TO YIELD RIGHT-OF-WAY,6201,S,CALIFORNIA AVE,,"REPORTED, NOT EVIDENT",0,0,0,17,7,11,41.78085203,-87.69329393
02/20/2017 01:45:00 PM,30,TRAFFIC SIGNAL,CLEAR,DAYLIGHT,NOT DIVIDED,DRY,NO INJURY / DRIVE AWAY,Y,DISREGARDING TRAFFIC SIGNALS,200,N,LOWER COLUMBUS DR,,NO INDICATION OF INJURY,0,0,0,13,2,2,41.88585184,-87.62086026
7/11/2017 17:46,35,NO CONTROLS,CLEAR,DAYLIGHT,NOT DIVIDED,DRY,INJURY AND / OR TOW DUE TO CRASH,,DISTRACTION - FROM INSIDE VEHICLE,4407,N,KEDZIE AVE,Y,NONINCAPACITATING INJURY,0,0,1,17,3,7,41.96140282,-87.70810852
05/27/2020 02:22:00 PM,30,NO CONTROLS,CLEAR,DAYLIGHT,NOT DIVIDED,DRY,INJURY AND / OR TOW DUE TO CRASH,Y,FAILING TO YIELD RIGHT-OF-WAY,332,S,HALSTED ST,,NONINCAPACITATING INJURY,0,0,1,14,4,5,41.8769314,-87.64735656
8/3/2017 14:05,30,NO CONTROLS,CLEAR,DAYLIGHT,ONE-WAY,DRY,NO INJURY / DRIVE AWAY,Y,UNABLE TO DETERMINE,2800,N,SEMINARY AVE,,NO INDICATION OF INJURY,0,0,0,14,5,8,41.9326401,-87.65643287
07/24/2017 06:05:00 PM,25,TRAFFIC SIGNAL,CLEAR,DAYLIGHT,NOT DIVIDED,DRY,INJURY AND / OR TOW DUE TO CRASH,,FAILING TO YIELD RIGHT-OF-WAY,4600,N,SHERIDAN RD,,NONINCAPACITATING INJURY,0,0,1,18,2,7,41.96547528,-87.65493561
8/7/2019 16:45,30,STOP SIGN/FLASHER,CLEAR,DAYLIGHT,NOT DIVIDED,DRY,INJURY AND / OR TOW DUE TO CRASH,,FAILING TO YIELD RIGHT-OF-WAY,1599,W,SUMMERDALE AVE,,"REPORTED, NOT EVIDENT",0,0,0,16,4,8,41.97880159,-87.66961868
7/3/2021 19:30,30,NO CONTROLS,CLEAR,DAYLIGHT,DIVIDED - W/MEDIAN (NOT RAISED),DRY,NO INJURY / DRIVE AWAY,,UNABLE TO DETERMINE,1700,W,FOSTER AVE,,NO INDICATION OF INJURY,0,0,0,19,7,7,41.97624552,-87.6721929
03/27/2019 06:10:00 PM,30,TRAFFIC SIGNAL,CLEAR,DAWN,DIVIDED - W/MEDIAN (NOT RAISED),DRY,NO INJURY / DRIVE AWAY,Y,FAILING TO YIELD RIGHT-OF-WAY,780,N,MILWAUKEE AVE,,NO INDICATION OF INJURY,0,0,0,18,4,3,41.89579624,-87.6549536
08/30/2023 05:30:00 PM,30,NO CONTROLS,CLEAR,DAYLIGHT,DIVIDED - W/MEDIAN (NOT RAISED),DRY,INJURY AND / OR TOW DUE TO CRASH,,FOLLOWING TOO CLOSELY,3341,N,LINCOLN AVE,,NONINCAPACITATING INJURY,0,0,1,17,4,8,41.94257283,-87.67051293
12/7/2019 18:00,30,TRAFFIC SIGNAL,CLEAR,"DARKNESS, LIGHTED ROAD",NOT DIVIDED,DRY,INJURY AND / OR TOW DUE TO CRASH,,UNABLE TO DETERMINE,430,N,STATE ST,Y,NONINCAPACITATING INJURY,0,0,1,18,7,12,41.89010221,-87.62815723
8/9/2022 16:38,30,NO CONTROLS,CLEAR,DAYLIGHT,NOT DIVIDED,DRY,INJURY AND / OR TOW DUE TO CRASH,,FAILING TO YIELD RIGHT-OF-WAY,1643,N,DAMEN AVE,,NONINCAPACITATING INJURY,0,0,1,16,3,8,41.91179042,-87.67734748
12/18/2017 04:22:00 PM,30,TRAFFIC SIGNAL,CLEAR,DAYLIGHT,ONE-WAY,WET,NO INJURY / DRIVE AWAY,,FAILING TO YIELD RIGHT-OF-WAY,798,W,WASHINGTON BLVD,,NO INDICATION OF INJURY,0,0,0,16,2,12,41.88325643,-87.64736559
09/24/2019 03:40:00 PM,30,NO CONTROLS,CLEAR,DAYLIGHT,PARKING LOT,DRY,INJURY AND / OR TOW DUE TO CRASH,,FAILING TO YIELD RIGHT-OF-WAY,4020,N,NARRAGANSETT AVE,,NONINCAPACITATING INJURY,0,0,1,15,3,9,41.95359417,-87.78673181
10/4/2018 12:00,30,NO CONTROLS,CLEAR,DAYLIGHT,NOT DIVIDED,DRY,NO INJURY / DRIVE AWAY,,UNABLE TO DETERMINE,113,S,STATE ST,,NO INDICATION OF INJURY,0,0,0,12,5,10,41.88036175,-87.62758311
09/22/2018 05:15:00 PM,35,TRAFFIC SIGNAL,CLEAR,DAYLIGHT,ONE-WAY,DRY,INJURY AND / OR TOW DUE TO CRASH,,DISREGARDING TRAFFIC SIGNALS,200,W,98TH PL,N,NONINCAPACITATING INJURY,0,0,1,17,7,9,41.71631295,-87.62867976
11/10/2017 15:30,25,NO CONTROLS,SNOW,DAYLIGHT,NOT DIVIDED,SNOW OR SLUSH,INJURY AND / OR TOW DUE TO CRASH,,UNABLE TO DETERMINE,4719,N,MANOR AVE,,NONINCAPACITATING INJURY,0,0,1,15,6,11,41.96722461,-87.70190905
05/31/2018 04:45:00 PM,35,STOP SIGN/FLASHER,CLEAR,DAYLIGHT,NOT DIVIDED,DRY,NO INJURY / DRIVE AWAY,,UNABLE TO DETERMINE,429,N,PAULINA ST,,NO INDICATION OF INJURY,0,0,0,16,5,5,41.889739,-87.66939877
08/22/2021 08:20:00 PM,30,STOP SIGN/FLASHER,CLEAR,"DARKNESS, LIGHTED ROAD",FOUR WAY,DRY,INJURY AND / OR TOW DUE TO CRASH,Y,UNABLE TO DETERMINE,900,W,119TH ST,,INCAPACITATING INJURY,0,1,0,20,1,8,41.6778894,-87.64440981
10/26/2022 08:00:00 AM,30,STOP SIGN/FLASHER,CLEAR,DAYLIGHT,FOUR WAY,DRY,INJURY AND / OR TOW DUE TO CRASH,,FAILING TO YIELD RIGHT-OF-WAY,2000,W,CARROLL AVE,,NONINCAPACITATING INJURY,0,0,1,8,4,10,41.88778325,-87.67694288
09/19/2019 12:38:00 AM,30,TRAFFIC SIGNAL,CLEAR,"DARKNESS, LIGHTED ROAD",FOUR WAY,DRY,INJURY AND / OR TOW DUE TO CRASH,,TURNING RIGHT ON RED,5156,W,FULLERTON AVE,,INCAPACITATING INJURY,0,1,0,0,5,9,41.9242203,-87.75594985
10/25/2017 04:30:00 PM,30,TRAFFIC SIGNAL,CLEAR,DAYLIGHT,OTHER,DRY,NO INJURY / DRIVE AWAY,,NOT APPLICABLE,2366,N,CLYBOURN AVE,,NO INDICATION OF INJURY,0,0,0,16,4,10,41.92493987,-87.66924609
07/30/2018 11:18:00 PM,30,STOP SIGN/FLASHER,CLEAR,"DARKNESS, LIGHTED ROAD",DIVIDED - W/MEDIAN (NOT RAISED),DRY,INJURY AND / OR TOW DUE TO CRASH,Y,EXCEEDING AUTHORIZED SPEED LIMIT,1158,N,ASHLAND AVE,,INCAPACITATING INJURY,0,1,0,23,2,7,41.9032982,-87.66764081
09/27/2022 07:30:00 PM,30,STOP SIGN/FLASHER,CLEAR,"DARKNESS, LIGHTED ROAD",FOUR WAY,DRY,INJURY AND / OR TOW DUE TO CRASH,,FAILING TO YIELD RIGHT-OF-WAY,4200,N,RAVENSWOOD AVE,,NONINCAPACITATING INJURY,0,0,1,19,3,9,41.9579664,-87.67402386