CRASH_DATE,POSTED_SPEED_LIMIT,TRAFFIC_CONTROL_DEVICE,WEATHER_CONDITION,LIGHTING_CONDITION,TRAFFICWAY_TYPE,ROADWAY_SURFACE_COND,CRASH_TYPE,HIT_AND_RUN_I,PRIM_CONTRIBUTORY_CAUSE,STREET_NO,STREET_DIRECTION,STREET_NAME,DOORING_I,MOST_SEVERE_INJURY,INJURIES_FATAL,INJURIES_INCAPACITATING,INJURIES_NON_INCAPACITATING,CRASH_HOUR,CRASH_DAY_OF_WEEK,CRASH_MONTH,LATITUDE,LONGITUDE
12/3/2017 18:45,30,TRAFFIC SIGNAL,CLEAR,"DARKNESS, LIGHTED ROAD",NOT DIVIDED,DRY,NO INJURY / DRIVE AWAY,,IMPROPER TURNING/NO SIGNAL,3200,N,SOUTHPORT AVE,,NO INDICATION OF INJURY,0,0,0,18,1,12,41.93980742,-87.6639694
8/1/2019 18:00,30,NO CONTROLS,CLEAR,DAYLIGHT,NOT DIVIDED,DRY,INJURY AND / OR TOW DUE TO CRASH,,DRIVING SKILLS/KNOWLEDGE/EXPERIENCE,2145,N,HALSTED ST,,NONINCAPACITATING INJURY,0,0,1,18,5,8,41.92133239,-87.64847174
7/12/2016 15:41,35,NO CONTROLS,CLEAR,DAYLIGHT,NOT DIVIDED,DRY,INJURY AND / OR TOW DUE TO CRASH,Y,FAILING TO YIELD RIGHT-OF-WAY,1598,W,GRANVILLE AVE,,NONINCAPACITATING INJURY,0,0,1,15,3,7,41.99455132,-87.67003135
01/31/2018 07:40:00 AM,30,NO CONTROLS,CLEAR,DAYLIGHT,NOT DIVIDED,DRY,NO INJURY / DRIVE AWAY,,FAILING TO YIELD RIGHT-OF-WAY,233,E,CHICAGO AVE,,NO INDICATION OF INJURY,0,0,0,7,4,1,41.89666419,-87.62144573
03/30/2018 09:00:00 PM,25,NO CONTROLS,CLEAR,"DARKNESS, LIGHTED ROAD",ONE-WAY,DRY,NO INJURY / DRIVE AWAY,,DRIVING SKILLS/KNOWLEDGE/EXPERIENCE,1030,W,ARDMORE AVE,,NO INDICATION OF INJURY,0,0,0,21,6,3,41.98744229,-87.65666226
12/4/2017 15:25,30,TRAFFIC SIGNAL,CLEAR,DAYLIGHT,NOT DIVIDED,DRY,NO INJURY / DRIVE AWAY,,IMPROPER LANE USAGE,4400,W,MONTROSE AVE,,NO INDICATION OF INJURY,0,0,0,15,2,12,41.96093771,-87.73849688
9/2/2022 17:34,30,STOP SIGN/FLASHER,CLEAR,DAYLIGHT,DIVIDED - W/MEDIAN (NOT RAISED),DRY,NO INJURY / DRIVE AWAY,Y,IMPROPER OVERTAKING/PASSING,3900,W,MONTROSE AVE,N,NO INDICATION OF INJURY,0,0,0,17,6,9,41.96108671,-87.72544399
08/26/2020 04:00:00 PM,30,TRAFFIC SIGNAL,CLEAR,DAYLIGHT,DIVIDED - W/MEDIAN (NOT RAISED),DRY,INJURY AND / OR TOW DUE TO CRASH,Y,UNABLE TO DETERMINE,3159,W,25TH ST,,NONINCAPACITATING INJURY,0,0,1,16,4,8,41.84622715,-87.70502529
3/9/2022 15:52,25,NO CONTROLS,CLEAR,DAYLIGHT,NOT DIVIDED,DRY,INJURY AND / OR TOW DUE TO CRASH,,IMPROPER OVERTAKING/PASSING,2500,N,CENTRAL AVE,,NONINCAPACITATING INJURY,0,0,1,15,4,3,41.92589288,-87.76620483
08/31/2022 06:54:00 AM,30,TRAFFIC SIGNAL,CLEAR,DAYLIGHT,FOUR WAY,DRY,INJURY AND / OR TOW DUE TO CRASH,Y,UNABLE TO DETERMINE,4801,W,DIVERSEY AVE,,NONINCAPACITATING INJURY,0,0,1,6,4,8,41.93142191,-87.74671546
11/28/2022 12:45:00 PM,30,STOP SIGN/FLASHER,CLEAR,DAYLIGHT,NOT DIVIDED,UNKNOWN,INJURY AND / OR TOW DUE TO CRASH,,IMPROPER OVERTAKING/PASSING,600,W,LAWRENCE DR,,"REPORTED, NOT EVIDENT",0,0,0,12,2,11,41.9697609,-87.64587341
09/13/2018 09:05:00 AM,40,STOP SIGN/FLASHER,CLEAR,DAYLIGHT,NOT DIVIDED,DRY,INJURY AND / OR TOW DUE TO CRASH,,DISREGARDING STOP SIGN,4204,N,MARINE DR,,NONINCAPACITATING INJURY,0,0,1,9,5,9,41.95867503,-87.64665885
10/3/2018 17:30,30,NO CONTROLS,CLEAR,DAYLIGHT,DIVIDED - W/MEDIAN (NOT RAISED),DRY,INJURY AND / OR TOW DUE TO CRASH,,IMPROPER TURNING/NO SIGNAL,2730,W,MONTROSE AVE,,"REPORTED, NOT EVIDENT",0,0,0,17,4,10,41.96136654,-87.69730551
10/19/2020 09:55:00 PM,30,TRAFFIC SIGNAL,RAIN,"DARKNESS, LIGHTED ROAD",NOT DIVIDED,WET,NO INJURY / DRIVE AWAY,,UNABLE TO DETERMINE,4300,S,WESTERN AVE,,NO INDICATION OF INJURY,0,0,0,21,2,10,41.81560321,-87.68477272
8/1/2020 19:38,30,NO CONTROLS,CLEAR,DAYLIGHT,DIVIDED - W/MEDIAN (NOT RAISED),DRY,INJURY AND / OR TOW DUE TO CRASH,Y,"OPERATING VEHICLE IN ERRATIC, RECKLESS, CARELESS, NEGLIGENT OR AGGRESSIVE MANNER",2759,N,HARLEM AVE,N,NONINCAPACITATING INJURY,0,0,1,19,7,8,41.93074442,-87.80634529
04/21/2022 01:50:00 PM,30,STOP SIGN/FLASHER,CLEAR,DAYLIGHT,NOT DIVIDED,DRY,INJURY AND / OR TOW DUE TO CRASH,,IMPROPER LANE USAGE,1576,N,MILWAUKEE AVE,,NONINCAPACITATING INJURY,0,0,1,13,5,4,41.91005984,-87.67719123
06/20/2023 01:45:00 PM,15,NO CONTROLS,CLEAR,DAYLIGHT,NOT DIVIDED,DRY,INJURY AND / OR TOW DUE TO CRASH,,FAILING TO YIELD RIGHT-OF-WAY,6519,N,KEDZIE AVE,Y,NONINCAPACITATING INJURY,0,0,1,13,3,6,41.99980581,-87.70921829
8/5/2023 0:52,30,NO CONTROLS,CLEAR,"DARKNESS, LIGHTED ROAD",ALLEY,DRY,INJURY AND / OR TOW DUE TO CRASH,,UNABLE TO DETERMINE,24,N,DEARBORN ST,N,NONINCAPACITATING INJURY,0,0,1,0,7,8,41.88255019,-87.62956705
6/12/2023 9:00,30,TRAFFIC SIGNAL,CLEAR,DAYLIGHT,NOT DIVIDED,DRY,NO INJURY / DRIVE AWAY,,IMPROPER LANE USAGE,350,N,LA SALLE DR,Y,NO INDICATION OF INJURY,0,0,0,9,2,6,41.88887789,-87.6326624
05/21/2020 12:40:00 PM,20,NO CONTROLS,CLEAR,DAYLIGHT,NOT DIVIDED,DRY,NO INJURY / DRIVE AWAY,,FAILING TO YIELD RIGHT-OF-WAY,4127,N,MILWAUKEE AVE,,NO INDICATION OF INJURY,0,0,0,12,5,5,41.9560352,-87.75032572
8/8/2017 18:35,30,NO CONTROLS,CLEAR,DAYLIGHT,NOT DIVIDED,DRY,INJURY AND / OR TOW DUE TO CRASH,,FAILING TO YIELD RIGHT-OF-WAY,1273,N,MILWAUKEE AVE,Y,NONINCAPACITATING INJURY,0,0,1,18,3,8,41.90498112,-87.66878475
7/1/2023 16:17,30,NO CONTROLS,CLEAR,DAYLIGHT,OTHER,DRY,INJURY AND / OR TOW DUE TO CRASH,,FAILING TO YIELD RIGHT-OF-WAY,3412,S,ARCHER AVE,,NONINCAPACITATING INJURY,0,0,1,16,7,7,41.83192152,-87.67537934
09/16/2020 05:30:00 PM,30,NO CONTROLS,CLEAR,DAYLIGHT,NOT DIVIDED,DRY,INJURY AND / OR TOW DUE TO CRASH,Y,UNABLE TO DETERMINE,5030,N,LINCOLN AVE,,NONINCAPACITATING INJURY,0,0,1,17,4,9,41.97263768,-87.69131743
10/23/2022 01:00:00 PM,30,NO CONTROLS,CLEAR,DAYLIGHT,NOT DIVIDED,DRY,INJURY AND / OR TOW DUE TO CRASH,,"VISION OBSCURED (SIGNS, TREE LIMBS, BUILDINGS, ETC.)",2255,S,CALIFORNIA AVE,,"REPORTED, NOT EVIDENT",0,0,0,13,1,10,41.8502532,-87.69525732
8/12/2023 17:05,30,NO CONTROLS,CLEAR,DAYLIGHT,NOT DIVIDED,DRY,INJURY AND / OR TOW DUE TO CRASH,,IMPROPER TURNING/NO SIGNAL,6221,W,IRVING PARK RD,,NONINCAPACITATING INJURY,0,0,1,17,7,8,41.95285844,-87.78257875
06/19/2023 06:20:00 PM,30,NO CONTROLS,CLEAR,DAYLIGHT,OTHER,UNKNOWN,INJURY AND / OR TOW DUE TO CRASH,Y,FOLLOWING TOO CLOSELY,1328,N,ARTESIAN AVE,,NONINCAPACITATING INJURY,0,0,1,18,2,6,41.90571438,-87.68847625
8/3/2018 18:03,30,NO CONTROLS,CLEAR,DAYLIGHT,DIVIDED - W/MEDIAN (NOT RAISED),DRY,INJURY AND / OR TOW DUE TO CRASH,,"OPERATING VEHICLE IN ERRATIC, RECKLESS, CARELESS, NEGLIGENT OR AGGRESSIVE MANNER",1316,W,TAYLOR ST,Y,INCAPACITATING INJURY,0,1,0,18,6,8,41.86947757,-87.65990411
07/30/2021 03:45:00 PM,30,NO CONTROLS,CLEAR,DAYLIGHT,NOT DIVIDED,DRY,INJURY AND / OR TOW DUE TO CRASH,,UNABLE TO DETERMINE,3165,N,HALSTED ST,,INCAPACITATING INJURY,0,1,0,15,6,7,41.93975179,-87.64911274
07/29/2019 02:45:00 PM,30,UNKNOWN,RAIN,DAYLIGHT,NOT DIVIDED,WET,INJURY AND / OR TOW DUE TO CRASH,Y,IMPROPER OVERTAKING/PASSING,2735,N,CLARK ST,,NONINCAPACITATING INJURY,0,0,1,14,2,7,41.93231824,-87.64465065
08/22/2023 07:59:00 AM,30,NO CONTROLS,CLEAR,DAYLIGHT,NOT DIVIDED,DRY,INJURY AND / OR TOW DUE TO CRASH,,FAILING TO YIELD RIGHT-OF-WAY,2234,W,DIVISION ST,,INCAPACITATING INJURY,0,1,0,7,3,8,41.90319292,-87.68341338
06/17/2018 07:00:00 PM,30,NO CONTROLS,CLEAR,DAYLIGHT,NOT DIVIDED,DRY,INJURY AND / OR TOW DUE TO CRASH,,IMPROPER BACKING,3803,W,MADISON ST,,NONINCAPACITATING INJURY,0,0,1,19,1,6,41.8806765,-87.72095224
6/8/2021 19:24,30,NO CONTROLS,CLEAR,DUSK,NOT DIVIDED,DRY,INJURY AND / OR TOW DUE TO CRASH,Y,FAILING TO YIELD RIGHT-OF-WAY,2200,N,HAMLIN AVE,,NONINCAPACITATING INJURY,0,0,1,19,3,6,41.92092734,-87.72192541
9/8/2019 16:50,30,NO CONTROLS,CLEAR,DAYLIGHT,DIVIDED - W/MEDIAN (NOT RAISED),DRY,INJURY AND / OR TOW DUE TO CRASH,,FAILING TO YIELD RIGHT-OF-WAY,1354,W,OHIO ST,,NONINCAPACITATING INJURY,0,0,1,16,1,9,41.8926062,-87.66164696
06/21/2017 12:48:00 PM,35,NO CONTROLS,CLEAR,DAYLIGHT,NOT DIVIDED,DRY,INJURY AND / OR TOW DUE TO CRASH,,DISREGARDING ROAD MARKINGS,1517,W,LAWRENCE AVE,,NONINCAPACITATING INJURY,0,0,1,12,4,6,41.96877758,-87.66822692
07/19/2020 06:46:00 AM,30,TRAFFIC SIGNAL,RAIN,DAYLIGHT,FOUR WAY,WET,INJURY AND / OR TOW DUE TO CRASH,,FAILING TO YIELD RIGHT-OF-WAY,4100,W,MONTROSE AVE,,INCAPACITATING INJURY,0,1,0,6,1,7,41.96103576,-87.72976389
05/19/2019 05:32:00 PM,30,TRAFFIC SIGNAL,CLEAR,DAYLIGHT,DIVIDED - W/MEDIAN BARRIER,DRY,NO INJURY / DRIVE AWAY,Y,NOT APPLICABLE,799,S,PLYMOUTH CT,,NO INDICATION OF INJURY,0,0,0,17,1,5,41.87234441,-87.62848729
08/29/2020 12:00:00 PM,30,NO CONTROLS,CLEAR,DAYLIGHT,NOT DIVIDED,DRY,INJURY AND / OR TOW DUE TO CRASH,,UNABLE TO DETERMINE,1112,W,ARMITAGE AVE,Y,INCAPACITATING INJURY,0,1,0,12,7,8,41.91817961,-87.65585984
2/11/2020 13:12,30,NO CONTROLS,CLEAR,DAYLIGHT,NOT DIVIDED,DRY,INJURY AND / OR TOW DUE TO CRASH,Y,UNABLE TO DETERMINE,3463,N,BROADWAY,,NONINCAPACITATING INJURY,0,0,1,13,3,2,41.94497417,-87.64565976
11/18/2019 08:05:00 AM,30,NO CONTROLS,CLEAR,DAYLIGHT,NOT DIVIDED,WET,INJURY AND / OR TOW DUE TO CRASH,,DISTRACTION - FROM INSIDE VEHICLE,1305,S,HALSTED ST,Y,NONINCAPACITATING INJURY,0,0,1,8,2,11,41.86522451,-87.64671358
05/30/2019 05:23:00 PM,30,NO CONTROLS,CLEAR,DAYLIGHT,DIVIDED - W/MEDIAN (NOT RAISED),DRY,INJURY AND / OR TOW DUE TO CRASH,,NOT APPLICABLE,333,N,DESPLAINES ST,,NONINCAPACITATING INJURY,0,0,1,17,5,5,41.88784584,-87.64415775
7/2/2018 16:20,30,TRAFFIC SIGNAL,CLEAR,DAYLIGHT,NOT DIVIDED,DRY,NO INJURY / DRIVE AWAY,Y,UNABLE TO DETERMINE,5150,N,BROADWAY,,NO INDICATION OF INJURY,0,0,0,16,2,7,41.97610349,-87.66000807
05/23/2023 07:50:00 PM,30,NO CONTROLS,CLEAR,DUSK,ONE-WAY,DRY,INJURY AND / OR TOW DUE TO CRASH,,FAILING TO YIELD RIGHT-OF-WAY,5517,S,WHIPPLE ST,,NONINCAPACITATING INJURY,0,0,1,19,3,5,41.79304203,-87.69973314
09/27/2019 05:38:00 AM,30,TRAFFIC SIGNAL,CLEAR,"DARKNESS, LIGHTED ROAD","FIVE POINT, OR MORE",DRY,INJURY AND / OR TOW DUE TO CRASH,,TURNING RIGHT ON RED,1598,W,CERMAK RD,,"REPORTED, NOT EVIDENT",0,0,0,5,6,9,41.85244343,-87.66590805
11/5/2019 17:09,30,NO CONTROLS,CLEAR,"DARKNESS, LIGHTED ROAD",NOT DIVIDED,DRY,NO INJURY / DRIVE AWAY,,UNABLE TO DETERMINE,1199,S,HALSTED ST,,NO INDICATION OF INJURY,0,0,0,17,3,11,41.86724054,-87.6467718
04/20/2016 04:10:00 PM,30,TRAFFIC SIGNAL,CLEAR,DAYLIGHT,NOT DIVIDED,DRY,INJURY AND / OR TOW DUE TO CRASH,,UNABLE TO DETERMINE,1200,N,MILWAUKEE AVE,,NONINCAPACITATING INJURY,0,0,1,16,4,4,41.9033078,-87.66663209
08/13/2016 01:40:00 PM,30,NO CONTROLS,CLEAR,DAYLIGHT,NOT DIVIDED,DRY,INJURY AND / OR TOW DUE TO CRASH,,FAILING TO YIELD RIGHT-OF-WAY,2000,N,CLYBOURN AVE,,NONINCAPACITATING INJURY,0,0,1,13,7,8,41.91758179,-87.6590229
07/21/2018 03:57:00 PM,30,TRAFFIC SIGNAL,CLEAR,DAYLIGHT,DIVIDED - W/MEDIAN (NOT RAISED),UNKNOWN,NO INJURY / DRIVE AWAY,Y,"OPERATING VEHICLE IN ERRATIC, RECKLESS, CARELESS, NEGLIGENT OR AGGRESSIVE MANNER",1167,S,STATE ST,,NO INDICATION OF INJURY,0,0,0,15,7,7,41.86750701,-87.62727445
6/8/2018 18:45,30,TRAFFIC SIGNAL,CLEAR,DAYLIGHT,NOT DIVIDED,DRY,NO INJURY / DRIVE AWAY,Y,FAILING TO YIELD RIGHT-OF-WAY,3600,W,MONTROSE AVE,,NO INDICATION OF INJURY,0,0,0,18,6,6,41.9611785,-87.7181026
8/3/2020 17:17,30,STOP SIGN/FLASHER,CLEAR,DAYLIGHT,NOT DIVIDED,DRY,INJURY AND / OR TOW DUE TO CRASH,,FAILING TO YIELD RIGHT-OF-WAY,2199,S,WOLCOTT AVE,N,NONINCAPACITATING INJURY,0,0,1,17,2,8,41.8522592,-87.67324513
07/28/2022 11:30:00 PM,35,TRAFFIC SIGNAL,UNKNOWN,"DARKNESS, LIGHTED ROAD",FOUR WAY,UNKNOWN,INJURY AND / OR TOW DUE TO CRASH,,FAILING TO YIELD RIGHT-OF-WAY,550,S,DEARBORN ST,,NONINCAPACITATING INJURY,0,0,1,23,5,7,41.87472706,-87.62936034
10/2/2018 21:44,35,TRAFFIC SIGNAL,CLEAR,"DARKNESS, LIGHTED ROAD",DIVIDED - W/MEDIAN (NOT RAISED),DRY,INJURY AND / OR TOW DUE TO CRASH,,DISREGARDING TRAFFIC SIGNALS,4502,N,BROADWAY,,NONINCAPACITATING INJURY,0,0,1,21,3,10,41.96383534,-87.65663591
10/5/2021 15:00,30,YIELD,CLEAR,DAYLIGHT,NOT DIVIDED,DRY,NO INJURY / DRIVE AWAY,,FAILING TO YIELD RIGHT-OF-WAY,320,N,DEARBORN ST,,NO INDICATION OF INJURY,0,0,0,15,3,10,41.88807038,-87.62969226
7/9/2021 16:30,30,TRAFFIC SIGNAL,CLEAR,DAYLIGHT,NOT DIVIDED,DRY,INJURY AND / OR TOW DUE TO CRASH,Y,FOLLOWING TOO CLOSELY,1630,W,FULLERTON AVE,,NONINCAPACITATING INJURY,0,0,1,16,6,7,41.92524665,-87.6692521
7/1/2021 10:40,30,STOP SIGN/FLASHER,CLEAR,DAYLIGHT,NOT DIVIDED,DRY,INJURY AND / OR TOW DUE TO CRASH,,FAILING TO YIELD RIGHT-OF-WAY,2600,N,KOSTNER AVE,,NONINCAPACITATING INJURY,0,0,1,10,5,7,41.92867188,-87.73688307
08/19/2022 05:41:00 PM,30,NO CONTROLS,CLEAR,DAYLIGHT,NOT DIVIDED,DRY,INJURY AND / OR TOW DUE TO CRASH,,IMPROPER TURNING/NO SIGNAL,2722,N,ELSTON AVE,,NONINCAPACITATING INJURY,0,0,1,17,6,8,41.93089955,-87.686173
11/1/2018 17:20,30,TRAFFIC SIGNAL,CLEAR,"DARKNESS, LIGHTED ROAD",ONE-WAY,DRY,INJURY AND / OR TOW DUE TO CRASH,,FAILING TO YIELD RIGHT-OF-WAY,500,W,RANDOLPH ST,,INCAPACITATING INJURY,0,1,0,17,5,11,41.88455161,-87.63987424
7/3/2023 19:10,30,NO CONTROLS,CLEAR,DAYLIGHT,NOT DIVIDED,DRY,NO INJURY / DRIVE AWAY,,UNABLE TO DETERMINE,2531,N,HALSTED ST,,NO INDICATION OF INJURY,0,0,0,19,2,7,41.92813748,-87.64870991
11/18/2018 11:30:00 AM,30,TRAFFIC SIGNAL,CLEAR,DAYLIGHT,NOT DIVIDED,DRY,NO INJURY / DRIVE AWAY,Y,UNABLE TO DETERMINE,2500,S,KEDZIE AVE,,NO INDICATION OF INJURY,0,0,0,11,1,11,41.84624146,-87.70523892
09/24/2021 02:18:00 PM,30,UNKNOWN,UNKNOWN,UNKNOWN,NOT DIVIDED,UNKNOWN,INJURY AND / OR TOW DUE TO CRASH,Y,UNABLE TO DETERMINE,1229,S,WABASH AVE,,NONINCAPACITATING INJURY,0,0,1,14,6,9,41.86662396,-87.62566539
5/8/2022 23:15,30,TRAFFIC SIGNAL,CLEAR,"DARKNESS, LIGHTED ROAD",NOT DIVIDED,DRY,INJURY AND / OR TOW DUE TO CRASH,,DISREGARDING TRAFFIC SIGNALS,2000,W,WASHINGTON BLVD,,"REPORTED, NOT EVIDENT",0,0,0,23,1,5,41.88325493,-87.67681517
05/15/2018 10:03:00 PM,25,TRAFFIC SIGNAL,CLEAR,"DARKNESS, LIGHTED ROAD",ONE-WAY,DRY,INJURY AND / OR TOW DUE TO CRASH,,NOT APPLICABLE,149,W,LAKE ST,,NONINCAPACITATING INJURY,0,0,1,22,3,5,41.88562815,-87.6323723
09/13/2019 04:30:00 PM,25,NO CONTROLS,CLEAR,DAYLIGHT,ONE-WAY,DRY,NO INJURY / DRIVE AWAY,,UNABLE TO DETERMINE,50,W,MAPLE ST,Y,NO INDICATION OF INJURY,0,0,0,16,6,9,41.901969,-87.63024753
10/23/2017 08:00:00 AM,35,NO CONTROLS,RAIN,DAYLIGHT,DIVIDED - W/MEDIAN (NOT RAISED),WET,INJURY AND / OR TOW DUE TO CRASH,N,FAILING TO YIELD RIGHT-OF-WAY,6601,S,PULASKI RD,,"REPORTED, NOT EVIDENT",0,0,0,8,2,10,41.77314684,-87.72247613
09/14/2023 12:08:00 PM,25,STOP SIGN/FLASHER,CLEAR,DAYLIGHT,FOUR WAY,DRY,NO INJURY / DRIVE AWAY,,FAILING TO YIELD RIGHT-OF-WAY,1100,W,CARROLL AVE,,NO INDICATION OF INJURY,0,0,0,12,5,9,41.8878408,-87.65459527
11/3/2018 11:30,30,STOP SIGN/FLASHER,CLEAR,"DARKNESS, LIGHTED ROAD",NOT DIVIDED,DRY,INJURY AND / OR TOW DUE TO CRASH,Y,IMPROPER OVERTAKING/PASSING,310,N,GREEN ST,,NONINCAPACITATING INJURY,0,0,1,11,7,11,41.88719206,-87.64882807
12/7/2018 6:50,30,TRAFFIC SIGNAL,CLEAR,DAYLIGHT,NOT DIVIDED,WET,INJURY AND / OR TOW DUE TO CRASH,,FAILING TO REDUCE SPEED TO AVOID CRASH,40,W,RANDOLPH ST,,NONINCAPACITATING INJURY,0,0,1,6,6,12,41.88459127,-87.62937873
9/7/2023 23:36,30,TRAFFIC SIGNAL,CLEAR,DARKNESS,FOUR WAY,DRY,NO INJURY / DRIVE AWAY,,DISREGARDING OTHER TRAFFIC SIGNS,3898,S,DR MARTIN LUTHER KING JR DR,,NO INDICATION OF INJURY,0,0,0,23,5,9,41.82392271,-87.61714589
08/22/2022 10:57:00 PM,30,NO CONTROLS,CLEAR,"DARKNESS, LIGHTED ROAD",T-INTERSECTION,DRY,INJURY AND / OR TOW DUE TO CRASH,Y,FAILING TO YIELD RIGHT-OF-WAY,3799,W,ARTHINGTON ST,,NONINCAPACITATING INJURY,0,0,1,22,2,8,41.86978005,-87.71955833
09/18/2015 02:30:00 PM,30,NO CONTROLS,CLOUDY/OVERCAST,DAYLIGHT,NOT DIVIDED,WET,NO INJURY / DRIVE AWAY,,FAILING TO YIELD RIGHT-OF-WAY,4907,N,CLARK ST,Y,NO INDICATION OF INJURY,0,0,0,14,6,9,41.97197707,-87.66769908
6/7/2019 12:20,30,NO CONTROLS,CLEAR,DAYLIGHT,NOT DIVIDED,DRY,INJURY AND / OR TOW DUE TO CRASH,,UNABLE TO DETERMINE,4810,W,ARMITAGE AVE,Y,NONINCAPACITATING INJURY,0,0,1,12,6,6,41.91703862,-87.74661854
12/18/2017 05:00:00 PM,20,NO CONTROLS,CLEAR,DARKNESS,NOT DIVIDED,DRY,INJURY AND / OR TOW DUE TO CRASH,,NOT APPLICABLE,3630,N,SOUTHPORT AVE,,NONINCAPACITATING INJURY,0,0,1,17,2,12,41.94800455,-87.66418623
02/26/2023 05:50:00 PM,30,NO CONTROLS,CLEAR,DAYLIGHT,NOT DIVIDED,DRY,INJURY AND / OR TOW DUE TO CRASH,Y,NOT APPLICABLE,6201,S,KEDZIE AVE,,NONINCAPACITATING INJURY,0,0,1,17,1,2,41.78075291,-87.70303971
07/27/2018 01:30:00 PM,30,NO CONTROLS,CLEAR,DAYLIGHT,DIVIDED - W/MEDIAN (NOT RAISED),DRY,INJURY AND / OR TOW DUE TO CRASH,Y,IMPROPER OVERTAKING/PASSING,2600,W,ROOSEVELT RD,,NONINCAPACITATING INJURY,0,0,1,13,6,7,41.86666586,-87.69160626
05/16/2021 11:22:00 AM,30,NO CONTROLS,CLEAR,DAYLIGHT,NOT DIVIDED,DRY,INJURY AND / OR TOW DUE TO CRASH,,UNABLE TO DETERMINE,1810,N,SHEFFIELD AVE,Y,NONINCAPACITATING INJURY,0,0,1,11,1,5,41.91413489,-87.65337487
08/21/2023 11:55:00 AM,35,TRAFFIC SIGNAL,CLEAR,DAYLIGHT,NOT DIVIDED,DRY,NO INJURY / DRIVE AWAY,,FAILING TO YIELD RIGHT-OF-WAY,2401,N,LINCOLN AVE,,NO INDICATION OF INJURY,0,0,0,11,2,8,41.9255964,-87.64875031
09/19/2019 07:25:00 AM,30,TRAFFIC SIGNAL,CLEAR,DAYLIGHT,NOT DIVIDED,DRY,INJURY AND / OR TOW DUE TO CRASH,,NOT APPLICABLE,2400,N,NARRAGANSETT AVE,,"REPORTED, NOT EVIDENT",0,0,0,7,5,9,41.92377708,-87.78559306
11/5/2018 18:00,30,NO CONTROLS,CLEAR,"DARKNESS, LIGHTED ROAD",NOT DIVIDED,DRY,INJURY AND / OR TOW DUE TO CRASH,,UNABLE TO DETERMINE,1940,W,ADDISON ST,,NONINCAPACITATING INJURY,0,0,1,18,2,11,41.94698441,-87.677757
09/25/2020 07:47:00 PM,30,TRAFFIC SIGNAL,CLEAR,"DARKNESS, LIGHTED ROAD",NOT DIVIDED,DRY,INJURY AND / OR TOW DUE TO CRASH,,NOT APPLICABLE,3498,S,ARCHER AVE,,NONINCAPACITATING INJURY,0,0,1,19,6,9,41.83052159,-87.67769153
10/11/2019 23:25,30,STOP SIGN/FLASHER,CLEAR,"DARKNESS, LIGHTED ROAD",FOUR WAY,DRY,INJURY AND / OR TOW DUE TO CRASH,,FAILING TO YIELD RIGHT-OF-WAY,3455,N,ELSTON AVE,,NONINCAPACITATING INJURY,0,0,1,23,6,10,41.94395126,-87.70473137
6/3/2022 15:20,30,UNKNOWN,CLEAR,DAYLIGHT,NOT DIVIDED,UNKNOWN,NO INJURY / DRIVE AWAY,,UNABLE TO DETERMINE,36,W,ELM ST,,NO INDICATION OF INJURY,0,0,0,15,6,6,41.90326514,-87.62989912
06/27/2019 08:00:00 PM,30,NO CONTROLS,CLEAR,DAYLIGHT,ALLEY,DRY,NO INJURY / DRIVE AWAY,Y,FAILING TO YIELD RIGHT-OF-WAY,65,E,ROOSEVELT RD,,NO INDICATION OF INJURY,0,0,0,20,5,6,41.86733814,-87.62484223
11/21/2022 07:45:00 AM,30,NO CONTROLS,CLEAR,DAYLIGHT,ALLEY,DRY,INJURY AND / OR TOW DUE TO CRASH,,FAILING TO YIELD RIGHT-OF-WAY,4346,W,HIRSCH ST,,NONINCAPACITATING INJURY,0,0,1,7,2,11,41.90625161,-87.73567207
7/9/2020 17:30,25,NO CONTROLS,CLEAR,DAYLIGHT,ONE-WAY,DRY,INJURY AND / OR TOW DUE TO CRASH,,NOT APPLICABLE,2627,N,SEMINARY AVE,Y,"REPORTED, NOT EVIDENT",0,0,0,17,5,7,41.92976986,-87.65603855
07/21/2017 05:00:00 PM,20,STOP SIGN/FLASHER,CLOUDY/OVERCAST,DAYLIGHT,ONE-WAY,UNKNOWN,INJURY AND / OR TOW DUE TO CRASH,,EXCEEDING AUTHORIZED SPEED LIMIT,1800,N,LINDER AVE,,INCAPACITATING INJURY,0,1,0,17,6,7,41.91312524,-87.76328055
06/19/2023 07:08:00 PM,30,TRAFFIC SIGNAL,CLEAR,DAYLIGHT,NOT DIVIDED,DRY,INJURY AND / OR TOW DUE TO CRASH,,TURNING RIGHT ON RED,8801,W,HIGGINS RD,,NONINCAPACITATING INJURY,0,0,1,19,2,6,41.98781561,-87.84702181
7/4/2018 14:40,30,STOP SIGN/FLASHER,CLEAR,DAYLIGHT,DIVIDED - W/MEDIAN (NOT RAISED),DRY,INJURY AND / OR TOW DUE TO CRASH,,FAILING TO YIELD RIGHT-OF-WAY,4052,W,FOSTER AVE,,NONINCAPACITATING INJURY,0,0,1,14,4,7,41.97561985,-87.73025823
07/29/2022 02:15:00 PM,30,NO CONTROLS,CLEAR,DAYLIGHT,FOUR WAY,DRY,INJURY AND / OR TOW DUE TO CRASH,,FAILING TO YIELD RIGHT-OF-WAY,457,N,MILWAUKEE AVE,,NONINCAPACITATING INJURY,0,0,1,14,6,7,41.89029019,-87.64597808