CRASH_DATE,POSTED_SPEED_LIMIT,TRAFFIC_CONTROL_DEVICE,WEATHER_CONDITION,LIGHTING_CONDITION,TRAFFICWAY_TYPE,ROADWAY_SURFACE_COND,CRASH_TYPE,HIT_AND_RUN_I,PRIM_CONTRIBUTORY_CAUSE,STREET_NO,STREET_DIRECTION,STREET_NAME,DOORING_I,MOST_SEVERE_INJURY,INJURIES_FATAL,INJURIES_INCAPACITATING,INJURIES_NON_INCAPACITATING,CRASH_HOUR,CRASH_DAY_OF_WEEK,CRASH_MONTH,LATITUDE,LONGITUDE
9/3/2021 18:36,30,TRAFFIC SIGNAL,CLEAR,DAYLIGHT,NOT DIVIDED,DRY,INJURY AND / OR TOW DUE TO CRASH,Y,UNABLE TO DETERMINE,6100,S,ASHLAND AVE,,NONINCAPACITATING INJURY,0,0,1,18,6,9,41.78301761,-87.66445401
09/23/2018 02:51:00 PM,0,NO CONTROLS,CLEAR,DAYLIGHT,NOT DIVIDED,DRY,INJURY AND / OR TOW DUE TO CRASH,,UNABLE TO DETERMINE,1246,N,WELLS ST,,NONINCAPACITATING INJURY,0,0,1,14,1,9,41.90524023,-87.6346755
01/14/2017 09:06:00 PM,35,TRAFFIC SIGNAL,CLEAR,"DARKNESS, LIGHTED ROAD",DIVIDED - W/MEDIAN (NOT RAISED),DRY,INJURY AND / OR TOW DUE TO CRASH,Y,FAILING TO YIELD RIGHT-OF-WAY,6700,S,STATE ST,,INCAPACITATING INJURY,0,1,0,21,7,1,41.77263463,-87.62527215
07/25/2022 06:10:00 PM,30,NO CONTROLS,CLEAR,DAYLIGHT,NOT DIVIDED,DRY,INJURY AND / OR TOW DUE TO CRASH,,IMPROPER TURNING/NO SIGNAL,941,S,RACINE AVE,,INCAPACITATING INJURY,0,1,0,18,2,7,41.86946059,-87.65660929
09/22/2017 06:25:00 PM,30,STOP SIGN/FLASHER,CLEAR,"DARKNESS, LIGHTED ROAD",NOT DIVIDED,DRY,NO INJURY / DRIVE AWAY,,UNABLE TO DETERMINE,3139,N,HALSTED ST,,NO INDICATION OF INJURY,0,0,0,18,6,9,41.93905314,-87.64908967
09/30/2022 05:05:00 PM,30,NO CONTROLS,CLEAR,DAYLIGHT,DIVIDED - W/MEDIAN (NOT RAISED),DRY,INJURY AND / OR TOW DUE TO CRASH,,UNABLE TO DETERMINE,1812,N,MILWAUKEE AVE,Y,NONINCAPACITATING INJURY,0,0,1,17,6,9,41.91426145,-87.68368605
3/11/2017 10:00,35,STOP SIGN/FLASHER,CLEAR,DAYLIGHT,OTHER,DRY,NO INJURY / DRIVE AWAY,,NOT APPLICABLE,700,W,MADISON ST,,NO INDICATION OF INJURY,0,0,0,10,7,3,41.8819098,-87.6456222
5/12/2017 15:00,30,UNKNOWN,UNKNOWN,UNKNOWN,UNKNOWN,UNKNOWN,NO INJURY / DRIVE AWAY,,NOT APPLICABLE,2245,W,DIVISION ST,,NO INDICATION OF INJURY,0,0,0,15,6,5,41.90296264,-87.68396027
9/11/2019 13:05,30,STOP SIGN/FLASHER,CLEAR,DAYLIGHT,NOT DIVIDED,DRY,INJURY AND / OR TOW DUE TO CRASH,Y,FAILING TO YIELD RIGHT-OF-WAY,5500,W,DIVERSEY AVE,,NONINCAPACITATING INJURY,0,0,1,13,4,9,41.9314189,-87.76385415
08/23/2018 02:17:00 AM,30,NO CONTROLS,CLEAR,"DARKNESS, LIGHTED ROAD",DIVIDED - W/MEDIAN BARRIER,DRY,INJURY AND / OR TOW DUE TO CRASH,Y,UNABLE TO DETERMINE,4497,W,DIVISION ST,,FATAL,1,0,0,2,5,8,41.90236336,-87.7384742
06/18/2018 06:43:00 AM,20,TRAFFIC SIGNAL,CLEAR,DAYLIGHT,DIVIDED - W/MEDIAN (NOT RAISED),DRY,INJURY AND / OR TOW DUE TO CRASH,,UNABLE TO DETERMINE,5600,W,DIVERSEY AVE,,NONINCAPACITATING INJURY,0,0,1,6,2,6,41.93138598,-87.76631053
09/21/2022 05:41:00 PM,30,STOP SIGN/FLASHER,CLEAR,DAYLIGHT,T-INTERSECTION,DRY,INJURY AND / OR TOW DUE TO CRASH,,"VISION OBSCURED (SIGNS, TREE LIMBS, BUILDINGS, ETC.)",2100,S,HALSTED ST,,NONINCAPACITATING INJURY,0,0,1,17,4,9,41.85392279,-87.64667598
9/1/2022 11:26,15,NO CONTROLS,CLEAR,DAYLIGHT,ALLEY,DRY,INJURY AND / OR TOW DUE TO CRASH,Y,"OPERATING VEHICLE IN ERRATIC, RECKLESS, CARELESS, NEGLIGENT OR AGGRESSIVE MANNER",5351,W,OAKDALE AVE,,NONINCAPACITATING INJURY,0,0,1,11,5,9,41.93397306,-87.76100005
9/12/2023 9:00,30,NO CONTROLS,CLEAR,DAYLIGHT,NOT DIVIDED,DRY,INJURY AND / OR TOW DUE TO CRASH,,NOT APPLICABLE,2500,W,PETERSON AVE,,"REPORTED, NOT EVIDENT",0,0,0,9,3,9,41.99059321,-87.69216196
09/30/2019 11:10:00 PM,30,NO CONTROLS,CLEAR,"DARKNESS, LIGHTED ROAD",NOT DIVIDED,DRY,INJURY AND / OR TOW DUE TO CRASH,,UNABLE TO DETERMINE,2053,W,DIVISION ST,Y,NONINCAPACITATING INJURY,0,0,1,23,2,9,41.90304274,-87.67934669
03/21/2020 11:12:00 AM,30,NO CONTROLS,CLEAR,DAYLIGHT,NOT DIVIDED,DRY,INJURY AND / OR TOW DUE TO CRASH,,FAILING TO YIELD RIGHT-OF-WAY,3811,W,LAWRENCE AVE,Y,NONINCAPACITATING INJURY,0,0,1,11,7,3,41.9681787,-87.7236327
10/19/2021 07:20:00 PM,30,STOP SIGN/FLASHER,CLEAR,DARKNESS,FOUR WAY,DRY,INJURY AND / OR TOW DUE TO CRASH,Y,UNABLE TO DETERMINE,3800,W,CORTLAND ST,,NONINCAPACITATING INJURY,0,0,1,19,3,10,41.91551087,-87.72167816
06/28/2022 05:25:00 PM,25,NO CONTROLS,CLEAR,DAYLIGHT,NOT DIVIDED,DRY,INJURY AND / OR TOW DUE TO CRASH,,IMPROPER OVERTAKING/PASSING,5021,N,CLARK ST,,NONINCAPACITATING INJURY,0,0,1,17,3,6,41.97320704,-87.66789874
05/25/2018 09:10:00 AM,30,NO CONTROLS,CLEAR,DAYLIGHT,NOT DIVIDED,DRY,NO INJURY / DRIVE AWAY,,UNABLE TO DETERMINE,400,N,SACRAMENTO BLVD,,NO INDICATION OF INJURY,0,0,0,9,6,5,41.88850333,-87.70156666
09/20/2017 11:35:00 PM,30,UNKNOWN,CLEAR,"DARKNESS, LIGHTED ROAD",NOT DIVIDED,DRY,NO INJURY / DRIVE AWAY,,FAILING TO YIELD RIGHT-OF-WAY,5900,N,KIMBALL AVE,,NO INDICATION OF INJURY,0,0,0,23,4,9,41.98854883,-87.71407431
12/21/2019 08:31:00 PM,30,NO CONTROLS,CLEAR,"DARKNESS, LIGHTED ROAD",NOT DIVIDED,DRY,INJURY AND / OR TOW DUE TO CRASH,,UNABLE TO DETERMINE,511,N,WABASH AVE,Y,NONINCAPACITATING INJURY,0,0,1,20,7,12,41.89129165,-87.62655748
01/26/2020 07:05:00 PM,35,NO CONTROLS,CLEAR,"DARKNESS, LIGHTED ROAD",NOT DIVIDED,DRY,INJURY AND / OR TOW DUE TO CRASH,,FAILING TO YIELD RIGHT-OF-WAY,4015,W,IRVING PARK RD,Y,NONINCAPACITATING INJURY,0,0,1,19,1,1,41.95353444,-87.72804142
04/20/2018 07:15:00 PM,30,TRAFFIC SIGNAL,CLEAR,DAYLIGHT,NOT DIVIDED,DRY,INJURY AND / OR TOW DUE TO CRASH,Y,UNABLE TO DETERMINE,600,S,CENTRAL AVE,,NONINCAPACITATING INJURY,0,0,1,19,6,4,41.87277222,-87.76473185
7/6/2018 9:40,30,NO CONTROLS,CLEAR,"DARKNESS, LIGHTED ROAD",NOT DIVIDED,DRY,INJURY AND / OR TOW DUE TO CRASH,,UNABLE TO DETERMINE,1660,N,MILWAUKEE AVE,,NONINCAPACITATING INJURY,0,0,1,9,6,7,41.91148025,-87.67939197
6/1/2022 14:45,30,TRAFFIC SIGNAL,CLEAR,DAYLIGHT,NOT DIVIDED,UNKNOWN,INJURY AND / OR TOW DUE TO CRASH,Y,FAILING TO YIELD RIGHT-OF-WAY,2400,N,STOCKTON DR,,NONINCAPACITATING INJURY,0,0,1,14,4,6,41.92579468,-87.63627027
8/8/2019 7:20,30,NO CONTROLS,CLEAR,DAYLIGHT,NOT DIVIDED,DRY,NO INJURY / DRIVE AWAY,,FAILING TO YIELD RIGHT-OF-WAY,1699,W,FOSTER AVE,,NO INDICATION OF INJURY,0,0,0,7,5,8,41.97602885,-87.67194854
11/17/2018 02:10:00 PM,25,NO CONTROLS,RAIN,DAYLIGHT,DIVIDED - W/MEDIAN (NOT RAISED),WET,NO INJURY / DRIVE AWAY,,DRIVING SKILLS/KNOWLEDGE/EXPERIENCE,5599,N,CALIFORNIA AVE,Y,NO INDICATION OF INJURY,0,0,0,14,7,11,41.98307809,-87.69900876
06/28/2023 05:45:00 PM,30,TRAFFIC SIGNAL,CLEAR,DAYLIGHT,FOUR WAY,DRY,INJURY AND / OR TOW DUE TO CRASH,,UNABLE TO DETERMINE,2311,W,LOGAN BLVD,,NONINCAPACITATING INJURY,0,0,1,17,4,6,41.93014753,-87.68560152
08/17/2022 01:53:00 PM,30,TRAFFIC SIGNAL,CLEAR,DAYLIGHT,FOUR WAY,DRY,INJURY AND / OR TOW DUE TO CRASH,,FAILING TO YIELD RIGHT-OF-WAY,5602,W,LAKE ST,,NONINCAPACITATING INJURY,0,0,1,13,4,8,41.88783883,-87.76526655
6/1/2021 11:50,30,STOP SIGN/FLASHER,CLEAR,DAYLIGHT,NOT DIVIDED,DRY,INJURY AND / OR TOW DUE TO CRASH,Y,DISREGARDING STOP SIGN,757,E,38TH ST,,NONINCAPACITATING INJURY,0,0,1,11,3,6,41.82572538,-87.60859768
5/10/2022 15:16,30,TRAFFIC SIGNAL,CLEAR,DAYLIGHT,FOUR WAY,DRY,INJURY AND / OR TOW DUE TO CRASH,,IMPROPER TURNING/NO SIGNAL,4599,N,LINCOLN AVE,,NONINCAPACITATING INJURY,0,0,1,15,3,5,41.96487099,-87.685933
10/22/2018 02:30:00 PM,30,NO CONTROLS,CLEAR,DAYLIGHT,NOT DIVIDED,DRY,NO INJURY / DRIVE AWAY,,FAILING TO YIELD RIGHT-OF-WAY,4327,W,LAWRENCE AVE,,NO INDICATION OF INJURY,0,0,0,14,2,10,41.96803778,-87.73660147
10/3/2018 17:00,30,NO CONTROLS,CLEAR,"DARKNESS, LIGHTED ROAD",NOT DIVIDED,DRY,INJURY AND / OR TOW DUE TO CRASH,,FAILING TO YIELD RIGHT-OF-WAY,5219,W,FULLERTON AVE,,"REPORTED, NOT EVIDENT",0,0,0,17,4,10,41.92398519,-87.75691482
12/12/2021 15:55,30,TRAFFIC SIGNAL,CLEAR,DAYLIGHT,NOT DIVIDED,DRY,INJURY AND / OR TOW DUE TO CRASH,Y,FAILING TO YIELD RIGHT-OF-WAY,1800,S,STATE ST,,"REPORTED, NOT EVIDENT",0,0,0,15,1,12,41.85774485,-87.62734138
09/28/2019 05:36:00 PM,30,NO CONTROLS,CLEAR,DAYLIGHT,DIVIDED - W/MEDIAN (NOT RAISED),DRY,INJURY AND / OR TOW DUE TO CRASH,,FAILING TO YIELD RIGHT-OF-WAY,4401,S,ARCHER AVE,,INCAPACITATING INJURY,0,1,0,17,7,9,41.8132719,-87.70534703
08/28/2016 01:00:00 PM,30,TRAFFIC SIGNAL,CLEAR,DAYLIGHT,NOT DIVIDED,DRY,INJURY AND / OR TOW DUE TO CRASH,,UNABLE TO DETERMINE,2211,N,MILWAUKEE AVE,Y,"REPORTED, NOT EVIDENT",0,0,0,13,1,8,41.92107616,-87.69413786
11/17/2017 07:30:00 AM,30,NO CONTROLS,CLEAR,DAYLIGHT,NOT DIVIDED,DRY,INJURY AND / OR TOW DUE TO CRASH,,UNABLE TO DETERMINE,5900,S,GREEN ST,,"REPORTED, NOT EVIDENT",0,0,0,7,6,11,41.7869155,-87.64632871
10/19/2023 06:45:00 PM,30,NO CONTROLS,RAIN,"DARKNESS, LIGHTED ROAD",PARKING LOT,WET,INJURY AND / OR TOW DUE TO CRASH,,UNABLE TO DETERMINE,2399,W,111TH ST,,INCAPACITATING INJURY,0,1,0,18,5,10,41.69166843,-87.68104406
9/7/2022 9:00,30,NO CONTROLS,CLEAR,DAYLIGHT,DIVIDED - W/MEDIAN (NOT RAISED),DRY,INJURY AND / OR TOW DUE TO CRASH,,FAILING TO YIELD RIGHT-OF-WAY,6400,N,CLARK ST,,INCAPACITATING INJURY,0,1,0,9,4,9,41.99808762,-87.67074683
12/21/2019 01:45:00 PM,30,TRAFFIC SIGNAL,CLEAR,DAYLIGHT,DIVIDED - W/MEDIAN (NOT RAISED),DRY,NO INJURY / DRIVE AWAY,Y,IMPROPER LANE USAGE,1010,W,MADISON ST,Y,NO INDICATION OF INJURY,0,0,0,13,7,12,41.8818012,-87.65252916
10/7/2017 11:20,30,UNKNOWN,UNKNOWN,UNKNOWN,NOT DIVIDED,UNKNOWN,NO INJURY / DRIVE AWAY,,UNABLE TO DETERMINE,5301,S,CORNELL AVE,Y,NO INDICATION OF INJURY,0,0,0,11,7,10,41.79951669,-87.58536506
11/8/2021 18:35,30,NO CONTROLS,CLEAR,"DARKNESS, LIGHTED ROAD",NOT DIVIDED,DRY,NO INJURY / DRIVE AWAY,Y,"OPERATING VEHICLE IN ERRATIC, RECKLESS, CARELESS, NEGLIGENT OR AGGRESSIVE MANNER",6258,S,KOLIN AVE,,NO INDICATION OF INJURY,0,0,0,18,2,11,41.77864597,-87.73145281
10/23/2018 04:00:00 PM,30,NO CONTROLS,CLEAR,DAYLIGHT,NOT DIVIDED,DRY,INJURY AND / OR TOW DUE TO CRASH,,FAILING TO YIELD RIGHT-OF-WAY,1704,N,MILWAUKEE AVE,,NONINCAPACITATING INJURY,0,0,1,16,3,10,41.91227322,-87.68062401
7/6/2020 19:48,20,STOP SIGN/FLASHER,CLEAR,DAYLIGHT,ONE-WAY,DRY,INJURY AND / OR TOW DUE TO CRASH,,"VISION OBSCURED (SIGNS, TREE LIMBS, BUILDINGS, ETC.)",5800,S,KEELER AVE,,NONINCAPACITATING INJURY,0,0,1,19,2,7,41.78765872,-87.72805054
08/23/2019 02:20:00 PM,30,TRAFFIC SIGNAL,CLEAR,DAYLIGHT,DIVIDED - W/MEDIAN (NOT RAISED),DRY,INJURY AND / OR TOW DUE TO CRASH,,FAILING TO YIELD RIGHT-OF-WAY,900,N,WILLARD CT,,NONINCAPACITATING INJURY,0,0,1,14,6,8,41.89834532,-87.65870376
09/18/2022 04:19:00 PM,30,TRAFFIC SIGNAL,CLEAR,DAYLIGHT,NOT DIVIDED,DRY,INJURY AND / OR TOW DUE TO CRASH,Y,FAILING TO YIELD RIGHT-OF-WAY,1959,E,71ST ST,N,NONINCAPACITATING INJURY,0,0,1,16,1,9,41.76595816,-87.57643407
11/30/2017 02:40:00 PM,30,STOP SIGN/FLASHER,CLEAR,DAYLIGHT,DIVIDED - W/MEDIAN (NOT RAISED),DRY,INJURY AND / OR TOW DUE TO CRASH,,EQUIPMENT - VEHICLE CONDITION,5600,W,61ST ST,,NONINCAPACITATING INJURY,0,0,1,14,5,11,41.78183071,-87.76193709
6/3/2022 21:10,30,NO CONTROLS,CLEAR,DARKNESS,DIVIDED - W/MEDIAN (NOT RAISED),DRY,INJURY AND / OR TOW DUE TO CRASH,,"OPERATING VEHICLE IN ERRATIC, RECKLESS, CARELESS, NEGLIGENT OR AGGRESSIVE MANNER",2141,N,WESTERN AVE,,INCAPACITATING INJURY,0,1,0,21,6,6,41.9210466,-87.68737545
08/28/2018 03:20:00 PM,30,NO CONTROLS,CLEAR,DAYLIGHT,NOT DIVIDED,DRY,NO INJURY / DRIVE AWAY,,UNABLE TO DETERMINE,1872,N,HOYNE AVE,Y,NO INDICATION OF INJURY,0,0,0,15,3,8,41.91583627,-87.68018756
05/27/2022 03:48:00 PM,15,NO CONTROLS,CLEAR,DAYLIGHT,ALLEY,DRY,INJURY AND / OR TOW DUE TO CRASH,,UNABLE TO DETERMINE,5448,S,NASHVILLE AVE,,NONINCAPACITATING INJURY,0,0,1,15,6,5,41.79268717,-87.78685126
12/20/2022 04:56:00 PM,30,NO CONTROLS,CLEAR,"DARKNESS, LIGHTED ROAD",NOT DIVIDED,DRY,NO INJURY / DRIVE AWAY,Y,IMPROPER OVERTAKING/PASSING,1804,W,CHICAGO AVE,N,NO INDICATION OF INJURY,0,0,0,16,3,12,41.8960966,-87.67244991
11/6/2021 21:25,30,NO CONTROLS,CLEAR,"DARKNESS, LIGHTED ROAD",NOT DIVIDED,DRY,INJURY AND / OR TOW DUE TO CRASH,Y,FOLLOWING TOO CLOSELY,1128,W,DIVERSEY PKWY,,"REPORTED, NOT EVIDENT",0,0,0,21,7,11,41.93269485,-87.65706389
10/1/2018 22:20,30,NO CONTROLS,CLEAR,"DARKNESS, LIGHTED ROAD",DIVIDED - W/MEDIAN (NOT RAISED),DRY,NO INJURY / DRIVE AWAY,Y,FAILING TO YIELD RIGHT-OF-WAY,1337,S,CENTRAL PARK AVE,,NO INDICATION OF INJURY,0,0,0,22,2,10,41.86330814,-87.71518574
08/17/2019 02:20:00 PM,30,NO CONTROLS,UNKNOWN,DAYLIGHT,NOT DIVIDED,UNKNOWN,INJURY AND / OR TOW DUE TO CRASH,Y,UNABLE TO DETERMINE,4743,W,ARMITAGE AVE,,NONINCAPACITATING INJURY,0,0,1,14,7,8,41.91683055,-87.74538786
5/3/2022 13:45,20,NO CONTROLS,RAIN,DAYLIGHT,ONE-WAY,WET,INJURY AND / OR TOW DUE TO CRASH,,UNABLE TO DETERMINE,1339,W,BARRY AVE,Y,INCAPACITATING INJURY,0,1,0,13,3,5,41.93784536,-87.66286454
12/13/2017 10:40:00 AM,30,TRAFFIC SIGNAL,CLEAR,DAYLIGHT,DIVIDED - W/MEDIAN (NOT RAISED),DRY,INJURY AND / OR TOW DUE TO CRASH,,DISREGARDING TRAFFIC SIGNALS,2801,W,51ST ST,,INCAPACITATING INJURY,0,1,0,10,4,12,41.80087847,-87.69405731
10/16/2022 05:10:00 PM,30,TRAFFIC SIGNAL,CLEAR,DAYLIGHT,NOT DIVIDED,DRY,INJURY AND / OR TOW DUE TO CRASH,,FAILING TO YIELD RIGHT-OF-WAY,5700,S,MICHIGAN AVE,,NONINCAPACITATING INJURY,0,0,1,17,1,10,41.79097663,-87.62251742
11/4/2019 20:06,30,STOP SIGN/FLASHER,CLEAR,"DARKNESS, LIGHTED ROAD",FOUR WAY,DRY,INJURY AND / OR TOW DUE TO CRASH,,UNABLE TO DETERMINE,7100,S,STONY ISLAND AVE,,NONINCAPACITATING INJURY,0,0,1,20,2,11,41.76592819,-87.58647008
03/22/2016 07:05:00 PM,30,NO CONTROLS,CLEAR,"DARKNESS, LIGHTED ROAD",NOT DIVIDED,DRY,INJURY AND / OR TOW DUE TO CRASH,,NOT APPLICABLE,517,N,HALSTED ST,Y,NONINCAPACITATING INJURY,0,0,1,19,3,3,41.89175404,-87.64749335
06/14/2017 02:55:00 PM,30,NO CONTROLS,RAIN,DAYLIGHT,NOT DIVIDED,WET,INJURY AND / OR TOW DUE TO CRASH,,UNABLE TO DETERMINE,1199,S,PULASKI RD,,INCAPACITATING INJURY,0,1,0,14,4,6,41.8662287,-87.72503071
11/8/2022 16:55,30,NO CONTROLS,CLEAR,"DARKNESS, LIGHTED ROAD",DIVIDED - W/MEDIAN BARRIER,DRY,INJURY AND / OR TOW DUE TO CRASH,,UNABLE TO DETERMINE,5119,N,CENTRAL AVE,,"REPORTED, NOT EVIDENT",0,0,0,16,3,11,41.97415278,-87.76836393
08/18/2018 01:32:00 AM,30,NO CONTROLS,CLEAR,"DARKNESS, LIGHTED ROAD",DIVIDED - W/MEDIAN (NOT RAISED),DRY,INJURY AND / OR TOW DUE TO CRASH,,UNDER THE INFLUENCE OF ALCOHOL/DRUGS (USE WHEN ARREST IS EFFECTED),6720,W,GRAND AVE,,INCAPACITATING INJURY,0,1,0,1,7,8,41.92372075,-87.79367976
07/22/2023 11:30:00 PM,30,STOP SIGN/FLASHER,CLEAR,"DARKNESS, LIGHTED ROAD",DIVIDED - W/MEDIAN (NOT RAISED),DRY,INJURY AND / OR TOW DUE TO CRASH,Y,FAILING TO YIELD RIGHT-OF-WAY,1500,W,18TH ST,,NONINCAPACITATING INJURY,0,0,1,23,7,7,41.85794319,-87.66388429
07/21/2018 03:30:00 PM,30,NO CONTROLS,CLEAR,DAYLIGHT,PARKING LOT,DRY,NO INJURY / DRIVE AWAY,,UNABLE TO DETERMINE,1565,N,HALSTED ST,,NO INDICATION OF INJURY,0,0,0,15,7,7,41.91049507,-87.64811458
7/7/2018 20:30,30,NO CONTROLS,CLEAR,DAYLIGHT,NOT DIVIDED,DRY,INJURY AND / OR TOW DUE TO CRASH,,NOT APPLICABLE,4015,N,LINCOLN AVE,Y,NONINCAPACITATING INJURY,0,0,1,20,7,7,41.95485438,-87.67907596
09/23/2021 01:05:00 PM,30,NO CONTROLS,CLEAR,DAYLIGHT,NOT DIVIDED,DRY,INJURY AND / OR TOW DUE TO CRASH,Y,UNABLE TO DETERMINE,2430,N,HALSTED ST,N,NONINCAPACITATING INJURY,0,0,1,13,5,9,41.92635215,-87.64893977
08/31/2022 02:05:00 PM,30,NO CONTROLS,CLEAR,DAYLIGHT,NOT DIVIDED,DRY,INJURY AND / OR TOW DUE TO CRASH,Y,"OPERATING VEHICLE IN ERRATIC, RECKLESS, CARELESS, NEGLIGENT OR AGGRESSIVE MANNER",2232,E,72ND ST,,INCAPACITATING INJURY,0,1,0,14,4,8,41.7645066,-87.57006964
05/31/2022 09:10:00 PM,30,STOP SIGN/FLASHER,CLEAR,"DARKNESS, LIGHTED ROAD",FOUR WAY,DRY,INJURY AND / OR TOW DUE TO CRASH,,NOT APPLICABLE,45,E,69TH ST,,INCAPACITATING INJURY,0,1,0,21,3,5,41.76907774,-87.62323043
10/1/2020 15:00,30,NO CONTROLS,CLEAR,DAYLIGHT,DIVIDED - W/MEDIAN (NOT RAISED),DRY,INJURY AND / OR TOW DUE TO CRASH,,UNABLE TO DETERMINE,1539,N,MILWAUKEE AVE,Y,NONINCAPACITATING INJURY,0,0,1,15,5,10,41.90956287,-87.67596656
12/1/2017 12:58,35,STOP SIGN/FLASHER,CLEAR,DAWN,DIVIDED - W/MEDIAN (NOT RAISED),DRY,INJURY AND / OR TOW DUE TO CRASH,Y,DISREGARDING STOP SIGN,4300,W,MARQUETTE RD,,INCAPACITATING INJURY,0,1,0,12,6,12,41.77139561,-87.72995346
03/16/2021 01:40:00 PM,25,STOP SIGN/FLASHER,CLEAR,DAYLIGHT,FOUR WAY,DRY,INJURY AND / OR TOW DUE TO CRASH,,FAILING TO YIELD RIGHT-OF-WAY,5700,W,IRVING PARK RD,,NONINCAPACITATING INJURY,0,0,1,13,3,3,41.95325817,-87.76951203
7/12/2019 17:50,30,STOP SIGN/FLASHER,CLEAR,DAYLIGHT,FOUR WAY,DRY,INJURY AND / OR TOW DUE TO CRASH,,UNABLE TO DETERMINE,5900,S,AUSTIN AVE,,"REPORTED, NOT EVIDENT",0,0,0,17,6,7,41.78514333,-87.77192437
04/27/2017 01:20:00 PM,30,NO CONTROLS,CLOUDY/OVERCAST,DAYLIGHT,DIVIDED - W/MEDIAN (NOT RAISED),DRY,NO INJURY / DRIVE AWAY,,IMPROPER TURNING/NO SIGNAL,3201,W,BELMONT AVE,,NO INDICATION OF INJURY,0,0,0,13,5,4,41.93922105,-87.7077146
05/31/2019 07:00:00 PM,30,NO CONTROLS,CLEAR,DAYLIGHT,NOT DIVIDED,DRY,INJURY AND / OR TOW DUE TO CRASH,,IMPROPER TURNING/NO SIGNAL,2210,N,SHEFFIELD AVE,,INCAPACITATING INJURY,0,1,0,19,6,5,41.92210851,-87.65364855
6/4/2023 16:20,30,NO CONTROLS,CLEAR,DAYLIGHT,ONE-WAY,DRY,INJURY AND / OR TOW DUE TO CRASH,,FAILING TO REDUCE SPEED TO AVOID CRASH,4011,W,ARGYLE ST,,"REPORTED, NOT EVIDENT",0,0,0,16,1,6,41.97176859,-87.72861718
9/11/2019 7:05,30,UNKNOWN,CLEAR,DAYLIGHT,NOT DIVIDED,DRY,INJURY AND / OR TOW DUE TO CRASH,Y,FAILING TO YIELD RIGHT-OF-WAY,5100,S,CALIFORNIA AVE,,"REPORTED, NOT EVIDENT",0,0,0,7,4,9,41.80089564,-87.69414412
05/15/2018 11:00:00 AM,30,TRAFFIC SIGNAL,CLEAR,DAYLIGHT,NOT DIVIDED,DRY,NO INJURY / DRIVE AWAY,,NOT APPLICABLE,3601,N,NARRAGANSETT AVE,,NO INDICATION OF INJURY,0,0,0,11,3,5,41.94568835,-87.78615124
7/5/2021 11:08,30,STOP SIGN/FLASHER,CLEAR,DAYLIGHT,FOUR WAY,DRY,INJURY AND / OR TOW DUE TO CRASH,Y,DISREGARDING STOP SIGN,1400,N,WASHTENAW AVE,,NONINCAPACITATING INJURY,0,0,1,11,2,7,41.90669553,-87.69462506
4/12/2019 9:00,30,TRAFFIC SIGNAL,CLEAR,DAYLIGHT,DIVIDED - W/MEDIAN BARRIER,DRY,INJURY AND / OR TOW DUE TO CRASH,,UNABLE TO DETERMINE,299,S,LAKE SHORE DR NB,,NONINCAPACITATING INJURY,0,0,1,9,6,4,41.87844452,-87.61705509
5/7/2022 13:10,20,STOP SIGN/FLASHER,CLEAR,DAYLIGHT,T-INTERSECTION,DRY,NO INJURY / DRIVE AWAY,Y,DRIVING SKILLS/KNOWLEDGE/EXPERIENCE,6140,N,BROADWAY,,NO INDICATION OF INJURY,0,0,0,13,7,5,41.99352101,-87.66052299
6/10/2022 15:45,30,NO CONTROLS,CLEAR,DAYLIGHT,NOT DIVIDED,DRY,INJURY AND / OR TOW DUE TO CRASH,,IMPROPER TURNING/NO SIGNAL,6343,N,MILWAUKEE AVE,,NONINCAPACITATING INJURY,0,0,1,15,6,6,41.99615545,-87.7865702
04/28/2023 01:08:00 PM,20,NO CONTROLS,CLEAR,DAYLIGHT,ALLEY,DRY,NO INJURY / DRIVE AWAY,,CELL PHONE USE OTHER THAN TEXTING,219,S,GREEN ST,,NO INDICATION OF INJURY,0,0,0,13,6,4,41.87859705,-87.64828626
11/19/2019 04:30:00 PM,30,NO CONTROLS,CLEAR,DUSK,NOT DIVIDED,DRY,INJURY AND / OR TOW DUE TO CRASH,,UNABLE TO DETERMINE,781,N,MILWAUKEE AVE,,"REPORTED, NOT EVIDENT",0,0,0,16,3,11,41.89596184,-87.65476069
6/12/2023 8:18,30,TRAFFIC SIGNAL,CLEAR,DAYLIGHT,FOUR WAY,DRY,INJURY AND / OR TOW DUE TO CRASH,,FAILING TO YIELD RIGHT-OF-WAY,3002,N,KEDZIE AVE,,NONINCAPACITATING INJURY,0,0,1,8,2,6,41.93584331,-87.70767987
06/18/2022 03:48:00 PM,35,NO CONTROLS,CLEAR,DAYLIGHT,NOT DIVIDED,DRY,INJURY AND / OR TOW DUE TO CRASH,Y,"OPERATING VEHICLE IN ERRATIC, RECKLESS, CARELESS, NEGLIGENT OR AGGRESSIVE MANNER",2859,W,LUIS MUNOZ MARIN DR N,,"REPORTED, NOT EVIDENT",0,0,0,15,7,6,41.90952417,-87.69925139