CRASH_DATE,POSTED_SPEED_LIMIT,TRAFFIC_CONTROL_DEVICE,WEATHER_CONDITION,LIGHTING_CONDITION,TRAFFICWAY_TYPE,ROADWAY_SURFACE_COND,CRASH_TYPE,HIT_AND_RUN_I,PRIM_CONTRIBUTORY_CAUSE,STREET_NO,STREET_DIRECTION,STREET_NAME,DOORING_I,MOST_SEVERE_INJURY,INJURIES_FATAL,INJURIES_INCAPACITATING,INJURIES_NON_INCAPACITATING,CRASH_HOUR,CRASH_DAY_OF_WEEK,CRASH_MONTH,LATITUDE,LONGITUDE
07/17/2018 10:30:00 AM,30,NO CONTROLS,CLEAR,DAYLIGHT,NOT DIVIDED,DRY,NO INJURY / DRIVE AWAY,,UNABLE TO DETERMINE,5731,W,FULLERTON AVE,N,NO INDICATION OF INJURY,0,0,0,10,3,7,41.92381406,-87.76969569
07/19/2018 12:27:00 PM,30,NO CONTROLS,CLEAR,DAYLIGHT,DIVIDED - W/MEDIAN (NOT RAISED),DRY,NO INJURY / DRIVE AWAY,,UNABLE TO DETERMINE,2551,N,CLARK ST,Y,NO INDICATION OF INJURY,0,0,0,12,5,7,41.92917284,-87.64244444
09/16/2018 10:20:00 AM,35,NO CONTROLS,CLEAR,DAYLIGHT,ONE-WAY,DRY,INJURY AND / OR TOW DUE TO CRASH,,FAILING TO YIELD RIGHT-OF-WAY,350,W,97TH ST,,NONINCAPACITATING INJURY,0,0,1,10,1,9,41.7180709,-87.63296822
6/8/2021 14:25,30,NO CONTROLS,CLEAR,DAYLIGHT,DIVIDED - W/MEDIAN (NOT RAISED),DRY,INJURY AND / OR TOW DUE TO CRASH,Y,FAILING TO YIELD RIGHT-OF-WAY,3686,N,ELSTON AVE,Y,"REPORTED, NOT EVIDENT",0,0,0,14,3,6,41.94824088,-87.71142305
10/15/2018 10:00:00 PM,30,NO CONTROLS,CLEAR,"DARKNESS, LIGHTED ROAD",NOT DIVIDED,DRY,NO INJURY / DRIVE AWAY,,NOT APPLICABLE,2771,N,LINCOLN AVE,Y,NO INDICATION OF INJURY,0,0,0,22,2,10,41.93227946,-87.65810547
6/9/2021 14:48,30,TRAFFIC SIGNAL,CLEAR,DAYLIGHT,NOT DIVIDED,DRY,INJURY AND / OR TOW DUE TO CRASH,,UNABLE TO DETERMINE,800,E,47TH ST,,NONINCAPACITATING INJURY,0,0,1,14,4,6,41.80964422,-87.60645871
09/28/2023 08:00:00 PM,30,STOP SIGN/FLASHER,CLEAR,DUSK,FOUR WAY,DRY,INJURY AND / OR TOW DUE TO CRASH,Y,UNABLE TO DETERMINE,2121,W,GRANVILLE AVE,,NONINCAPACITATING INJURY,0,0,1,20,5,9,41.99409369,-87.68329488
12/19/2019 05:34:00 PM,30,STOP SIGN/FLASHER,CLEAR,"DARKNESS, LIGHTED ROAD",FOUR WAY,DRY,INJURY AND / OR TOW DUE TO CRASH,,UNABLE TO DETERMINE,2100,N,PULASKI RD,,NONINCAPACITATING INJURY,0,0,1,17,5,12,41.91903719,-87.72676314
06/14/2018 01:00:00 PM,15,STOP SIGN/FLASHER,CLEAR,DAYLIGHT,ONE-WAY,DRY,INJURY AND / OR TOW DUE TO CRASH,Y,UNABLE TO DETERMINE,4701,W,CONGRESS PKWY,,NONINCAPACITATING INJURY,0,0,1,13,5,6,41.87402946,-87.74272024
3/8/2023 8:20,30,NO CONTROLS,CLEAR,DAYLIGHT,NOT DIVIDED,DRY,INJURY AND / OR TOW DUE TO CRASH,Y,IMPROPER TURNING/NO SIGNAL,23,N,WESTERN AVE,,NONINCAPACITATING INJURY,0,0,1,8,4,3,41.88191446,-87.68630385
10/5/2023 12:08,30,NO CONTROLS,CLEAR,DAYLIGHT,ONE-WAY,WET,INJURY AND / OR TOW DUE TO CRASH,,UNABLE TO DETERMINE,1211,W,ALBION AVE,,NONINCAPACITATING INJURY,0,0,1,12,5,10,42.00243679,-87.66126661
10/26/2019 04:40:00 PM,30,NO CONTROLS,RAIN,DAYLIGHT,NOT DIVIDED,DRY,NO INJURY / DRIVE AWAY,,UNABLE TO DETERMINE,1401,W,FULLERTON AVE,,NO INDICATION OF INJURY,0,0,0,16,7,10,41.92510715,-87.66338691
02/27/2022 05:53:00 PM,20,NO CONTROLS,CLEAR,DAYLIGHT,NOT DIVIDED,DRY,INJURY AND / OR TOW DUE TO CRASH,Y,NOT APPLICABLE,114,E,CHICAGO AVE,,NONINCAPACITATING INJURY,0,0,1,17,1,2,41.89683145,-87.62488281
8/9/2017 16:30,30,NO CONTROLS,CLEAR,DAYLIGHT,ONE-WAY,DRY,INJURY AND / OR TOW DUE TO CRASH,Y,IMPROPER TURNING/NO SIGNAL,9458,S,PERRY AVE,,"REPORTED, NOT EVIDENT",0,0,0,16,4,8,41.72178049,-87.62638529
08/15/2018 07:20:00 PM,30,TRAFFIC SIGNAL,RAIN,DAWN,DIVIDED - W/MEDIAN (NOT RAISED),WET,NO INJURY / DRIVE AWAY,Y,IMPROPER BACKING,2356,W,LOGAN BLVD,,NO INDICATION OF INJURY,0,0,0,19,4,8,41.92934168,-87.68700075
10/16/2020 05:23:00 PM,30,TRAFFIC SIGNAL,CLEAR,DAYLIGHT,FOUR WAY,DRY,INJURY AND / OR TOW DUE TO CRASH,,DISREGARDING TRAFFIC SIGNALS,2400,W,LITHUANIAN PLAZA CT,,INCAPACITATING INJURY,0,1,0,17,6,10,41.76844081,-87.68340736
04/24/2017 04:30:00 PM,30,TRAFFIC SIGNAL,CLEAR,DAYLIGHT,NOT DIVIDED,DRY,NO INJURY / DRIVE AWAY,,IMPROPER LANE USAGE,201,W,MONROE ST,,NO INDICATION OF INJURY,0,0,0,16,2,4,41.88054947,-87.63386943
05/30/2022 03:30:00 PM,30,NO CONTROLS,CLEAR,DAYLIGHT,DIVIDED - W/MEDIAN (NOT RAISED),DRY,INJURY AND / OR TOW DUE TO CRASH,,HAD BEEN DRINKING (USE WHEN ARREST IS NOT MADE),4400,N,SHERIDAN RD,,NONINCAPACITATING INJURY,0,0,1,15,2,5,41.96182307,-87.65489608
10/14/2022 06:00:00 PM,30,UNKNOWN,UNKNOWN,UNKNOWN,NOT DIVIDED,UNKNOWN,NO INJURY / DRIVE AWAY,,UNABLE TO DETERMINE,8,E,HURON ST,,NO INDICATION OF INJURY,0,0,0,18,6,10,41.89499061,-87.6278292
9/8/2021 14:27,30,NO CONTROLS,CLEAR,DAYLIGHT,NOT DIVIDED,DRY,NO INJURY / DRIVE AWAY,,DRIVING SKILLS/KNOWLEDGE/EXPERIENCE,1352,N,MILWAUKEE AVE,,NO INDICATION OF INJURY,0,0,0,14,4,9,41.90632473,-87.67135108
8/6/2022 14:05,30,NO CONTROLS,CLEAR,DAYLIGHT,NOT DIVIDED,DRY,INJURY AND / OR TOW DUE TO CRASH,,DRIVING SKILLS/KNOWLEDGE/EXPERIENCE,1539,N,DAMEN AVE,,NONINCAPACITATING INJURY,0,0,1,14,7,8,41.90943123,-87.67728945
9/5/2022 10:15,35,NO CONTROLS,CLEAR,DAYLIGHT,NOT DIVIDED,DRY,INJURY AND / OR TOW DUE TO CRASH,Y,UNABLE TO DETERMINE,4438,W,GRAND AVE,,NONINCAPACITATING INJURY,0,0,1,10,2,9,41.9106438,-87.73741663
10/23/2023 08:40:00 PM,30,NO CONTROLS,CLEAR,"DARKNESS, LIGHTED ROAD",DIVIDED - W/MEDIAN (NOT RAISED),DRY,INJURY AND / OR TOW DUE TO CRASH,Y,"OPERATING VEHICLE IN ERRATIC, RECKLESS, CARELESS, NEGLIGENT OR AGGRESSIVE MANNER",713,W,MADISON ST,,NONINCAPACITATING INJURY,0,0,1,20,2,10,41.88168188,-87.64620613
08/25/2020 05:29:00 PM,30,NO CONTROLS,CLEAR,DAYLIGHT,NOT DIVIDED,DRY,INJURY AND / OR TOW DUE TO CRASH,,FAILING TO YIELD RIGHT-OF-WAY,612,N,DAMEN AVE,,NONINCAPACITATING INJURY,0,0,1,17,3,8,41.89271898,-87.67710858
05/14/2018 09:21:00 AM,30,STOP SIGN/FLASHER,RAIN,DAYLIGHT,DIVIDED - W/MEDIAN (NOT RAISED),WET,INJURY AND / OR TOW DUE TO CRASH,,FAILING TO YIELD RIGHT-OF-WAY,864,N,MILWAUKEE AVE,,INCAPACITATING INJURY,0,1,0,9,2,5,41.89751009,-87.65760212
03/24/2022 10:06:00 PM,30,TRAFFIC SIGNAL,RAIN,DUSK,FOUR WAY,WET,INJURY AND / OR TOW DUE TO CRASH,,DISREGARDING TRAFFIC SIGNALS,7464,N,SHERIDAN RD,,NONINCAPACITATING INJURY,0,0,1,22,5,3,42.01807519,-87.66583922
09/23/2017 10:25:00 PM,30,STOP SIGN/FLASHER,CLEAR,"DARKNESS, LIGHTED ROAD",DIVIDED - W/MEDIAN (NOT RAISED),DRY,INJURY AND / OR TOW DUE TO CRASH,Y,CELL PHONE USE OTHER THAN TEXTING,7000,S,ASHLAND AVE,,INCAPACITATING INJURY,0,1,0,22,7,9,41.76663746,-87.66398221
09/17/2021 11:50:00 AM,30,NO CONTROLS,CLEAR,DAYLIGHT,DIVIDED - W/MEDIAN (NOT RAISED),DRY,INJURY AND / OR TOW DUE TO CRASH,,UNABLE TO DETERMINE,4803,W,DIVERSEY AVE,,NONINCAPACITATING INJURY,0,0,1,11,6,9,41.93142105,-87.74679184
12/21/2021 10:50:00 AM,20,NO CONTROLS,CLEAR,DAYLIGHT,ONE-WAY,DRY,INJURY AND / OR TOW DUE TO CRASH,Y,UNABLE TO DETERMINE,2427,W,62ND ST,,NONINCAPACITATING INJURY,0,0,1,10,3,12,41.78095859,-87.68484701
9/2/2018 19:00,30,NO CONTROLS,CLEAR,DAYLIGHT,NOT DIVIDED,DRY,INJURY AND / OR TOW DUE TO CRASH,,FAILING TO YIELD RIGHT-OF-WAY,912,W,BELMONT AVE,Y,NONINCAPACITATING INJURY,0,0,1,19,1,9,41.94005087,-87.6521044
07/17/2021 05:24:00 PM,25,TRAFFIC SIGNAL,CLEAR,DAYLIGHT,DIVIDED - W/MEDIAN (NOT RAISED),DRY,INJURY AND / OR TOW DUE TO CRASH,,UNABLE TO DETERMINE,1600,W,LAWRENCE AVE,,NONINCAPACITATING INJURY,0,0,1,17,7,7,41.96898746,-87.66951631
09/15/2017 04:35:00 PM,40,NO CONTROLS,CLEAR,DAYLIGHT,DIVIDED - W/MEDIAN (NOT RAISED),DRY,INJURY AND / OR TOW DUE TO CRASH,Y,IMPROPER OVERTAKING/PASSING,5000,S,CALIFORNIA AVE,,NONINCAPACITATING INJURY,0,0,1,16,6,9,41.80271328,-87.6941936
2/4/2020 10:00,30,NO CONTROLS,CLEAR,DAYLIGHT,DIVIDED - W/MEDIAN (NOT RAISED),DRY,NO INJURY / DRIVE AWAY,,FAILING TO YIELD RIGHT-OF-WAY,2358,N,DAMEN AVE,,NO INDICATION OF INJURY,0,0,0,10,3,2,41.9245131,-87.67801595
09/17/2017 12:50:00 AM,30,STOP SIGN/FLASHER,CLEAR,"DARKNESS, LIGHTED ROAD",DIVIDED - W/MEDIAN (NOT RAISED),DRY,INJURY AND / OR TOW DUE TO CRASH,Y,UNABLE TO DETERMINE,1900,N,CALIFORNIA AVE,,"REPORTED, NOT EVIDENT",0,0,0,0,1,9,41.91576102,-87.69729581
7/1/2020 17:35,30,PEDESTRIAN CROSSING SIGN,CLEAR,DAYLIGHT,NOT DIVIDED,DRY,INJURY AND / OR TOW DUE TO CRASH,,UNABLE TO DETERMINE,1902,W,DIVISION ST,,NONINCAPACITATING INJURY,0,0,1,17,4,7,41.90333821,-87.67496363
11/1/2022 16:53,30,NO CONTROLS,CLEAR,DAYLIGHT,NOT DIVIDED,DRY,INJURY AND / OR TOW DUE TO CRASH,Y,DRIVING SKILLS/KNOWLEDGE/EXPERIENCE,5213,N,LINCOLN AVE,,"REPORTED, NOT EVIDENT",0,0,0,16,3,11,41.9762685,-87.69221122
07/17/2021 11:00:00 AM,25,NO CONTROLS,CLEAR,DAYLIGHT,NOT DIVIDED,DRY,NO INJURY / DRIVE AWAY,,UNABLE TO DETERMINE,203,N,WABASH AVE,,NO INDICATION OF INJURY,0,0,0,11,7,7,41.88582829,-87.62613826
02/25/2023 04:41:00 PM,30,TRAFFIC SIGNAL,CLEAR,DAYLIGHT,NOT DIVIDED,DRY,INJURY AND / OR TOW DUE TO CRASH,,FAILING TO YIELD RIGHT-OF-WAY,2400,W,GRAND AVE,,"REPORTED, NOT EVIDENT",0,0,0,16,7,2,41.89075628,-87.68673706
6/9/2023 16:02,30,NO CONTROLS,CLEAR,DAYLIGHT,NOT DIVIDED,DRY,INJURY AND / OR TOW DUE TO CRASH,,IMPROPER TURNING/NO SIGNAL,3614,W,26TH ST,,INCAPACITATING INJURY,0,1,0,16,6,6,41.84448475,-87.71549277
4/10/2018 13:40,30,NO CONTROLS,CLEAR,DAYLIGHT,ONE-WAY,DRY,NO INJURY / DRIVE AWAY,,NOT APPLICABLE,30,W,RANDOLPH ST,,NO INDICATION OF INJURY,0,0,0,13,3,4,41.88459387,-87.62901628
9/9/2017 12:50,20,TRAFFIC SIGNAL,CLEAR,DAYLIGHT,NOT DIVIDED,DRY,NO INJURY / DRIVE AWAY,,FAILING TO YIELD RIGHT-OF-WAY,319,S,DAMEN AVE,,NO INDICATION OF INJURY,0,0,0,12,7,9,41.87687165,-87.67639419
12/4/2018 16:30,30,TRAFFIC SIGNAL,CLEAR,"DARKNESS, LIGHTED ROAD",DIVIDED - W/MEDIAN (NOT RAISED),DRY,NO INJURY / DRIVE AWAY,,UNABLE TO DETERMINE,7500,S,ASHLAND AVE,,NO INDICATION OF INJURY,0,0,0,16,3,12,41.75773255,-87.66375456
10/28/2019 06:15:00 PM,30,NO CONTROLS,CLEAR,DAYLIGHT,NOT DIVIDED,DRY,INJURY AND / OR TOW DUE TO CRASH,,UNABLE TO DETERMINE,4200,W,DIVERSEY AVE,Y,NONINCAPACITATING INJURY,0,0,1,18,2,10,41.93184224,-87.73156404
6/4/2018 7:20,30,NO CONTROLS,CLEAR,DAYLIGHT,NOT DIVIDED,DRY,INJURY AND / OR TOW DUE TO CRASH,,IMPROPER LANE USAGE,3860,W,BELMONT AVE,,NONINCAPACITATING INJURY,0,0,1,7,2,6,41.93924284,-87.72390126
03/27/2016 09:30:00 PM,30,UNKNOWN,UNKNOWN,UNKNOWN,NOT DIVIDED,UNKNOWN,INJURY AND / OR TOW DUE TO CRASH,,UNABLE TO DETERMINE,3030,W,57TH ST,,NONINCAPACITATING INJURY,0,0,1,21,1,3,41.79005603,-87.69973784
01/21/2023 02:45:00 PM,30,NO CONTROLS,CLEAR,DAYLIGHT,PARKING LOT,DRY,INJURY AND / OR TOW DUE TO CRASH,Y,FAILING TO YIELD RIGHT-OF-WAY,1100,W,HARRISON ST,,"REPORTED, NOT EVIDENT",0,0,0,14,7,1,41.87442952,-87.65454927
04/23/2022 11:00:00 PM,30,UNKNOWN,UNKNOWN,UNKNOWN,FOUR WAY,UNKNOWN,NO INJURY / DRIVE AWAY,Y,NOT APPLICABLE,3600,N,BROADWAY,,NO INDICATION OF INJURY,0,0,0,23,7,4,41.9473567,-87.64743914
06/30/2023 07:20:00 PM,30,NO CONTROLS,CLOUDY/OVERCAST,DAYLIGHT,NOT DIVIDED,UNKNOWN,INJURY AND / OR TOW DUE TO CRASH,,UNABLE TO DETERMINE,2573,N,CLARK ST,Y,"REPORTED, NOT EVIDENT",0,0,0,19,6,6,41.92975966,-87.64284862
5/6/2020 18:00,25,NO CONTROLS,CLEAR,DAYLIGHT,NOT DIVIDED,DRY,NO INJURY / DRIVE AWAY,,PHYSICAL CONDITION OF DRIVER,3044,S,KEDZIE AVE,,NO INDICATION OF INJURY,0,0,0,18,4,5,41.83771801,-87.70498313
09/29/2023 02:45:00 PM,30,STOP SIGN/FLASHER,CLEAR,DAYLIGHT,FOUR WAY,DRY,INJURY AND / OR TOW DUE TO CRASH,,UNABLE TO DETERMINE,1999,W,HUBBARD ST,,NONINCAPACITATING INJURY,0,0,1,14,6,9,41.88961721,-87.67684058
10/1/2023 21:50,30,NO CONTROLS,CLEAR,DARKNESS,ONE-WAY,DRY,NO INJURY / DRIVE AWAY,,DRIVING ON WRONG SIDE/WRONG WAY,5841,N,WINTHROP AVE,,NO INDICATION OF INJURY,0,0,0,21,1,10,41.98844829,-87.65801754
8/12/2019 16:21,30,STOP SIGN/FLASHER,RAIN,DAYLIGHT,FOUR WAY,WET,INJURY AND / OR TOW DUE TO CRASH,,FAILING TO YIELD RIGHT-OF-WAY,1401,W,THORNDALE AVE,,INCAPACITATING INJURY,0,1,0,16,2,8,41.98985913,-87.66527389
07/16/2016 08:06:00 PM,25,NO CONTROLS,CLEAR,DAYLIGHT,ONE-WAY,DRY,INJURY AND / OR TOW DUE TO CRASH,Y,UNABLE TO DETERMINE,4340,W,18TH ST,,NONINCAPACITATING INJURY,0,0,1,20,7,7,41.85702141,-87.73392045
07/14/2018 09:19:00 AM,35,NO CONTROLS,RAIN,DAYLIGHT,NOT DIVIDED,WET,INJURY AND / OR TOW DUE TO CRASH,,NOT APPLICABLE,815,W,ADDISON ST,Y,INCAPACITATING INJURY,0,1,0,9,7,7,41.94720353,-87.65012955
9/7/2022 21:40,30,TRAFFIC SIGNAL,CLEAR,"DARKNESS, LIGHTED ROAD","FIVE POINT, OR MORE",DRY,NO INJURY / DRIVE AWAY,Y,FAILING TO YIELD RIGHT-OF-WAY,501,N,HALSTED ST,,NO INDICATION OF INJURY,0,0,0,21,4,9,41.89124072,-87.64747137
05/29/2021 02:00:00 PM,30,TRAFFIC SIGNAL,CLEAR,DAYLIGHT,NOT DIVIDED,DRY,NO INJURY / DRIVE AWAY,,NOT APPLICABLE,1600,N,MILWAUKEE AVE,,NO INDICATION OF INJURY,0,0,0,14,7,5,41.9104368,-87.67776102
09/22/2023 08:30:00 PM,30,NO CONTROLS,CLEAR,"DARKNESS, LIGHTED ROAD",ONE-WAY,DRY,INJURY AND / OR TOW DUE TO CRASH,,FAILING TO YIELD RIGHT-OF-WAY,10,E,GRAND AVE,,NONINCAPACITATING INJURY,0,0,1,20,6,9,41.89179146,-87.62765774
06/20/2022 12:31:00 PM,25,STOP SIGN/FLASHER,CLEAR,DAYLIGHT,FOUR WAY,DRY,INJURY AND / OR TOW DUE TO CRASH,Y,FAILING TO YIELD RIGHT-OF-WAY,6200,N,HOYNE AVE,,"REPORTED, NOT EVIDENT",0,0,0,12,2,6,41.99431204,-87.68253912
05/29/2020 05:12:00 PM,30,STOP SIGN/FLASHER,CLEAR,DAYLIGHT,DIVIDED - W/MEDIAN (NOT RAISED),DRY,NO INJURY / DRIVE AWAY,,FOLLOWING TOO CLOSELY,3300,N,HALSTED ST,,NO INDICATION OF INJURY,0,0,0,17,6,5,41.94183828,-87.64947571
07/18/2018 07:45:00 AM,30,TRAFFIC SIGNAL,CLEAR,DAYLIGHT,OTHER,DRY,NO INJURY / DRIVE AWAY,,DISREGARDING TRAFFIC SIGNALS,5,W,CONGRESS PKWY,,NO INDICATION OF INJURY,0,0,0,7,4,7,41.87552686,-87.62782126
05/27/2020 04:31:00 PM,25,TRAFFIC SIGNAL,CLEAR,DAYLIGHT,NOT DIVIDED,DRY,INJURY AND / OR TOW DUE TO CRASH,,UNABLE TO DETERMINE,4000,W,HARRISON ST,,NONINCAPACITATING INJURY,0,0,1,16,4,5,41.87355272,-87.7255364
07/24/2022 01:34:00 PM,20,STOP SIGN/FLASHER,CLEAR,DAYLIGHT,FOUR WAY,DRY,INJURY AND / OR TOW DUE TO CRASH,,FAILING TO YIELD RIGHT-OF-WAY,200,S,OAKLEY BLVD,Y,NONINCAPACITATING INJURY,0,0,1,13,1,7,41.87856937,-87.68404639
04/20/2023 05:38:00 PM,30,TRAFFIC SIGNAL,RAIN,DAYLIGHT,NOT DIVIDED,WET,INJURY AND / OR TOW DUE TO CRASH,,IMPROPER LANE USAGE,1812,W,VAN BUREN ST,,NONINCAPACITATING INJURY,0,0,1,17,5,4,41.87637694,-87.67220867
8/4/2022 16:45,30,TRAFFIC SIGNAL,CLEAR,DAYLIGHT,ONE-WAY,DRY,INJURY AND / OR TOW DUE TO CRASH,N,FAILING TO YIELD RIGHT-OF-WAY,100,E,GRAND AVE,,NONINCAPACITATING INJURY,0,0,1,16,5,8,41.89182349,-87.62531771
07/18/2019 03:20:00 PM,30,NO CONTROLS,CLEAR,DAYLIGHT,FOUR WAY,DRY,INJURY AND / OR TOW DUE TO CRASH,,UNABLE TO DETERMINE,6800,S,RACINE AVE,,NONINCAPACITATING INJURY,0,0,1,15,5,7,41.77042052,-87.65440493
01/14/2020 01:46:00 PM,35,NO CONTROLS,CLEAR,DAYLIGHT,CENTER TURN LANE,DRY,NO INJURY / DRIVE AWAY,Y,IMPROPER LANE USAGE,798,E,87TH ST,,NO INDICATION OF INJURY,0,0,0,13,3,1,41.73675871,-87.60485941
8/7/2019 17:36,30,NO CONTROLS,CLEAR,DAYLIGHT,DIVIDED - W/MEDIAN (NOT RAISED),DRY,INJURY AND / OR TOW DUE TO CRASH,,DISTRACTION - FROM INSIDE VEHICLE,5008,N,CLARK ST,Y,NONINCAPACITATING INJURY,0,0,1,17,4,8,41.97279137,-87.66810945
07/15/2022 09:17:00 PM,30,TRAFFIC SIGNAL,RAIN,"DARKNESS, LIGHTED ROAD",FOUR WAY,WET,NO INJURY / DRIVE AWAY,,DISREGARDING TRAFFIC SIGNALS,375,E,47TH ST,,NO INDICATION OF INJURY,0,0,0,21,6,7,41.80927415,-87.61659844
07/26/2022 04:10:00 PM,30,NO CONTROLS,CLEAR,DAYLIGHT,ONE-WAY,DRY,INJURY AND / OR TOW DUE TO CRASH,,FAILING TO YIELD RIGHT-OF-WAY,78,E,RANDOLPH ST,,NONINCAPACITATING INJURY,0,0,1,16,3,7,41.88460887,-87.62508404
04/16/2021 08:08:00 AM,30,TRAFFIC SIGNAL,CLEAR,DAYLIGHT,NOT DIVIDED,DRY,NO INJURY / DRIVE AWAY,,UNABLE TO DETERMINE,2400,N,KILPATRICK AVE,,NO INDICATION OF INJURY,0,0,0,8,6,4,41.92431823,-87.7440147
9/7/2023 8:10,30,STOP SIGN/FLASHER,UNKNOWN,UNKNOWN,UNKNOWN,UNKNOWN,INJURY AND / OR TOW DUE TO CRASH,,NOT APPLICABLE,6200,N,RICHMOND ST,,NONINCAPACITATING INJURY,0,0,1,8,5,9,41.99402302,-87.70330723
07/14/2023 12:50:00 PM,30,NO CONTROLS,CLEAR,DAYLIGHT,FOUR WAY,DRY,NO INJURY / DRIVE AWAY,,DRIVING SKILLS/KNOWLEDGE/EXPERIENCE,4637,N,MANOR AVE,,NO INDICATION OF INJURY,0,0,0,12,6,7,41.96566616,-87.70034273
07/14/2020 10:55:00 AM,30,TRAFFIC SIGNAL,CLEAR,DAYLIGHT,ONE-WAY,DRY,INJURY AND / OR TOW DUE TO CRASH,,FAILING TO YIELD RIGHT-OF-WAY,179,W,WASHINGTON ST,,NONINCAPACITATING INJURY,0,0,1,10,3,7,41.88309824,-87.63324311
10/1/2023 13:50,30,NO CONTROLS,CLEAR,DAYLIGHT,NOT DIVIDED,DRY,INJURY AND / OR TOW DUE TO CRASH,Y,UNABLE TO DETERMINE,2301,W,43RD ST,,NONINCAPACITATING INJURY,0,0,1,13,1,10,41.81560789,-87.68227767
8/5/2020 13:53,30,NO CONTROLS,CLEAR,DAYLIGHT,NOT DIVIDED,DRY,INJURY AND / OR TOW DUE TO CRASH,,NOT APPLICABLE,6300,S,CENTRAL PARK AVE,,NONINCAPACITATING INJURY,0,0,1,13,4,8,41.77877639,-87.71286677
8/8/2020 16:20,30,STOP SIGN/FLASHER,CLEAR,DAYLIGHT,NOT DIVIDED,UNKNOWN,INJURY AND / OR TOW DUE TO CRASH,,IMPROPER OVERTAKING/PASSING,2500,W,WILSON AVE,,NONINCAPACITATING INJURY,0,0,1,16,7,8,41.9649451,-87.69129927
8/11/2020 17:09,30,NO CONTROLS,CLEAR,DAYLIGHT,NOT DIVIDED,DRY,INJURY AND / OR TOW DUE TO CRASH,Y,FAILING TO YIELD RIGHT-OF-WAY,4499,N,MANGO AVE,,NONINCAPACITATING INJURY,0,0,1,17,3,8,41.96221401,-87.77082138
09/22/2018 02:50:00 PM,15,NO CONTROLS,CLEAR,DAYLIGHT,ALLEY,DRY,NO INJURY / DRIVE AWAY,Y,UNABLE TO DETERMINE,347,W,59TH PL,,NO INDICATION OF INJURY,0,0,0,14,7,9,41.78618665,-87.63443068
10/22/2019 08:15:00 AM,30,TRAFFIC SIGNAL,CLEAR,"DARKNESS, LIGHTED ROAD",FOUR WAY,WET,INJURY AND / OR TOW DUE TO CRASH,,UNABLE TO DETERMINE,2460,N,MILWAUKEE AVE,,NONINCAPACITATING INJURY,0,0,1,8,3,10,41.92599364,-87.70261952
9/5/2021 15:10,30,NO CONTROLS,CLEAR,DAYLIGHT,NOT DIVIDED,DRY,INJURY AND / OR TOW DUE TO CRASH,Y,FAILING TO YIELD RIGHT-OF-WAY,1934,N,KOSTNER AVE,,"REPORTED, NOT EVIDENT",0,0,0,15,1,9,41.91627427,-87.73645544
06/30/2023 08:40:00 PM,30,STOP SIGN/FLASHER,CLEAR,DUSK,FOUR WAY,DRY,INJURY AND / OR TOW DUE TO CRASH,,UNABLE TO DETERMINE,4002,N,KILPATRICK AVE,,NONINCAPACITATING INJURY,0,0,1,20,6,6,41.95355939,-87.74573145
09/17/2021 02:15:00 PM,30,TRAFFIC SIGNAL,CLEAR,DAYLIGHT,T-INTERSECTION,DRY,INJURY AND / OR TOW DUE TO CRASH,,DISREGARDING TRAFFIC SIGNALS,9700,S,DR MARTIN LUTHER KING JR DR,N,NONINCAPACITATING INJURY,0,0,1,14,6,9,41.71815516,-87.61419488
12/14/2018 07:58:00 PM,35,TRAFFIC SIGNAL,CLEAR,DUSK,NOT DIVIDED,DRY,INJURY AND / OR TOW DUE TO CRASH,,UNABLE TO DETERMINE,1000,N,PULASKI RD,,NONINCAPACITATING INJURY,0,0,1,19,6,12,41.89910948,-87.72634259
09/28/2017 02:25:00 PM,30,NO CONTROLS,CLEAR,DAYLIGHT,NOT DIVIDED,DRY,INJURY AND / OR TOW DUE TO CRASH,Y,UNABLE TO DETERMINE,548,W,DIVISION ST,Y,INCAPACITATING INJURY,0,1,0,14,5,9,41.90382836,-87.64308992
03/28/2021 09:10:00 PM,30,TRAFFIC SIGNAL,CLEAR,"DARKNESS, LIGHTED ROAD",NOT DIVIDED,DRY,NO INJURY / DRIVE AWAY,,FAILING TO YIELD RIGHT-OF-WAY,5100,S,COTTAGE GROVE AVE,N,NO INDICATION OF INJURY,0,0,0,21,1,3,41.80222063,-87.60655293
10/16/2016 02:20:00 PM,30,UNKNOWN,UNKNOWN,UNKNOWN,NOT DIVIDED,UNKNOWN,INJURY AND / OR TOW DUE TO CRASH,Y,NOT APPLICABLE,2565,N,CLARK ST,Y,NONINCAPACITATING INJURY,0,0,1,14,1,10,41.92952153,-87.64264705
06/13/2018 05:15:00 PM,30,NO CONTROLS,CLEAR,DAYLIGHT,ONE-WAY,DRY,NO INJURY / DRIVE AWAY,,UNABLE TO DETERMINE,100,E,MONROE DR,N,NO INDICATION OF INJURY,0,0,0,17,4,6,41.8809385,-87.62427131
6/12/2016 14:00,30,NO CONTROLS,CLEAR,DAYLIGHT,ONE-WAY,DRY,NO INJURY / DRIVE AWAY,,UNABLE TO DETERMINE,5443,N,ARTESIAN AVE,,NO INDICATION OF INJURY,0,0,0,14,1,6,41.98077869,-87.69042348