CRASH_DATE,POSTED_SPEED_LIMIT,TRAFFIC_CONTROL_DEVICE,WEATHER_CONDITION,LIGHTING_CONDITION,TRAFFICWAY_TYPE,ROADWAY_SURFACE_COND,CRASH_TYPE,HIT_AND_RUN_I,PRIM_CONTRIBUTORY_CAUSE,STREET_NO,STREET_DIRECTION,STREET_NAME,DOORING_I,MOST_SEVERE_INJURY,INJURIES_FATAL,INJURIES_INCAPACITATING,INJURIES_NON_INCAPACITATING,CRASH_HOUR,CRASH_DAY_OF_WEEK,CRASH_MONTH,LATITUDE,LONGITUDE
10/7/2022 7:55,30,STOP SIGN/FLASHER,RAIN,DAYLIGHT,FOUR WAY,WET,INJURY AND / OR TOW DUE TO CRASH,,UNABLE TO DETERMINE,1231,S,RACINE AVE,,NONINCAPACITATING INJURY,0,0,1,7,6,10,41.86618841,-87.65651555
10/1/2022 18:34,30,NO CONTROLS,CLEAR,DAYLIGHT,NOT DIVIDED,DRY,NO INJURY / DRIVE AWAY,,UNABLE TO DETERMINE,3214,N,RACINE AVE,,NO INDICATION OF INJURY,0,0,0,18,7,10,41.9403146,-87.65912819
08/13/2020 02:50:00 PM,30,NO CONTROLS,CLEAR,DAYLIGHT,DIVIDED - W/MEDIAN (NOT RAISED),DRY,INJURY AND / OR TOW DUE TO CRASH,Y,IMPROPER OVERTAKING/PASSING,820,W,CHICAGO AVE,,INCAPACITATING INJURY,0,1,0,14,5,8,41.8964947,-87.64873127
09/21/2018 01:00:00 AM,30,NO CONTROLS,CLEAR,"DARKNESS, LIGHTED ROAD",DIVIDED - W/MEDIAN (NOT RAISED),DRY,INJURY AND / OR TOW DUE TO CRASH,,FAILING TO YIELD RIGHT-OF-WAY,903,N,HALSTED ST,Y,NONINCAPACITATING INJURY,0,0,2,1,6,9,41.89910985,-87.64773276
01/27/2023 10:15:00 AM,30,TRAFFIC SIGNAL,SNOW,DAYLIGHT,FOUR WAY,SNOW OR SLUSH,INJURY AND / OR TOW DUE TO CRASH,Y,IMPROPER LANE USAGE,2000,W,18TH ST,,NONINCAPACITATING INJURY,0,0,1,10,6,1,41.85777101,-87.67611957
7/2/2021 23:10,30,NO CONTROLS,CLEAR,"DARKNESS, LIGHTED ROAD",NOT DIVIDED,DRY,INJURY AND / OR TOW DUE TO CRASH,Y,FAILING TO YIELD RIGHT-OF-WAY,2801,N,DAMEN AVE,,NONINCAPACITATING INJURY,0,0,1,23,6,7,41.93233107,-87.67798873
10/23/2023 04:15:00 PM,30,UNKNOWN,CLEAR,DAYLIGHT,NOT DIVIDED,DRY,NO INJURY / DRIVE AWAY,,FAILING TO YIELD RIGHT-OF-WAY,6158,W,FOSTER AVE,,NO INDICATION OF INJURY,0,0,0,16,2,10,41.97576955,-87.78300076
09/28/2017 06:15:00 AM,30,TRAFFIC SIGNAL,CLEAR,DAWN,DIVIDED - W/MEDIAN (NOT RAISED),DRY,INJURY AND / OR TOW DUE TO CRASH,,FAILING TO YIELD RIGHT-OF-WAY,700,N,FAIRBANKS CT,,"REPORTED, NOT EVIDENT",0,0,0,6,5,9,41.89505015,-87.62047061
02/26/2019 07:40:00 AM,30,STOP SIGN/FLASHER,CLOUDY/OVERCAST,DAYLIGHT,NOT DIVIDED,DRY,INJURY AND / OR TOW DUE TO CRASH,,UNABLE TO DETERMINE,4136,S,MORGAN ST,,NONINCAPACITATING INJURY,0,0,1,7,3,2,41.81913306,-87.65083177
10/13/2018 03:14:00 PM,30,NO CONTROLS,CLEAR,DAYLIGHT,NOT DIVIDED,DRY,INJURY AND / OR TOW DUE TO CRASH,,UNABLE TO DETERMINE,2611,N,HALSTED ST,,NONINCAPACITATING INJURY,0,0,1,15,7,10,41.9294736,-87.64875579
06/17/2019 06:06:00 PM,30,TRAFFIC SIGNAL,CLOUDY/OVERCAST,DAYLIGHT,NOT DIVIDED,DRY,INJURY AND / OR TOW DUE TO CRASH,,"VISION OBSCURED (SIGNS, TREE LIMBS, BUILDINGS, ETC.)",530,N,FRANKLIN ST,,NONINCAPACITATING INJURY,0,0,1,18,2,6,41.89160311,-87.63572431
09/25/2017 06:20:00 PM,30,TRAFFIC SIGNAL,CLEAR,DAYLIGHT,NOT DIVIDED,DRY,INJURY AND / OR TOW DUE TO CRASH,,FAILING TO YIELD RIGHT-OF-WAY,5100,S,DR MARTIN LUTHER KING JR DR,,NONINCAPACITATING INJURY,0,0,1,18,2,9,41.80202315,-87.61627184
07/28/2018 11:30:00 AM,35,OTHER,CLEAR,DAYLIGHT,OTHER,DRY,NO INJURY / DRIVE AWAY,,DRIVING SKILLS/KNOWLEDGE/EXPERIENCE,5500,S,WELLS ST,,NO INDICATION OF INJURY,0,0,0,11,7,7,41.79419949,-87.63192548
09/27/2016 07:25:00 AM,30,STOP SIGN/FLASHER,CLEAR,DAYLIGHT,ONE-WAY,DRY,INJURY AND / OR TOW DUE TO CRASH,,UNABLE TO DETERMINE,9500,S,HARVARD AVE,,"REPORTED, NOT EVIDENT",0,0,0,7,3,9,41.72151398,-87.63247717
04/25/2017 08:50:00 PM,30,STOP SIGN/FLASHER,CLEAR,"DARKNESS, LIGHTED ROAD",NOT DIVIDED,DRY,INJURY AND / OR TOW DUE TO CRASH,Y,DISREGARDING STOP SIGN,2900,N,AUSTIN AVE,,NONINCAPACITATING INJURY,0,0,1,20,3,4,41.93305172,-87.77617612
9/9/2022 14:55,30,TRAFFIC SIGNAL,CLEAR,DAYLIGHT,OTHER,DRY,NO INJURY / DRIVE AWAY,,UNABLE TO DETERMINE,4836,N,WESTERN AVE,,NO INDICATION OF INJURY,0,0,0,14,6,9,41.96975014,-87.68908934
08/17/2023 10:19:00 AM,30,NO CONTROLS,CLEAR,DAYLIGHT,DIVIDED - W/MEDIAN (NOT RAISED),DRY,INJURY AND / OR TOW DUE TO CRASH,,NOT APPLICABLE,1630,N,ELSTON AVE,Y,NONINCAPACITATING INJURY,0,0,1,10,5,8,41.91142873,-87.66285216
06/21/2020 03:03:00 PM,30,NO CONTROLS,CLEAR,DAYLIGHT,ALLEY,DRY,NO INJURY / DRIVE AWAY,,FAILING TO YIELD RIGHT-OF-WAY,3948,N,NOTTINGHAM AVE,,NO INDICATION OF INJURY,0,0,0,15,1,6,41.95220638,-87.8049646
07/24/2019 11:35:00 AM,30,TRAFFIC SIGNAL,CLEAR,DAYLIGHT,FOUR WAY,DRY,INJURY AND / OR TOW DUE TO CRASH,,"VISION OBSCURED (SIGNS, TREE LIMBS, BUILDINGS, ETC.)",4800,W,WILSON AVE,,NONINCAPACITATING INJURY,0,0,1,11,4,7,41.96447289,-87.74777817
11/21/2018 11:20:00 AM,30,NO CONTROLS,CLOUDY/OVERCAST,DAYLIGHT,DIVIDED - W/MEDIAN (NOT RAISED),DRY,INJURY AND / OR TOW DUE TO CRASH,,FAILING TO YIELD RIGHT-OF-WAY,3023,W,FULLERTON AVE,Y,"REPORTED, NOT EVIDENT",0,0,0,11,4,11,41.92464409,-87.70322606
09/17/2020 08:58:00 AM,30,TRAFFIC SIGNAL,CLEAR,DAYLIGHT,FOUR WAY,DRY,INJURY AND / OR TOW DUE TO CRASH,,UNABLE TO DETERMINE,1199,S,CLINTON ST,,INCAPACITATING INJURY,0,1,0,8,5,9,41.86729033,-87.64057587
9/4/2023 17:00,30,STOP SIGN/FLASHER,CLEAR,DAYLIGHT,OTHER,DRY,INJURY AND / OR TOW DUE TO CRASH,Y,FAILING TO YIELD RIGHT-OF-WAY,3499,N,NARRAGANSETT AVE,,NONINCAPACITATING INJURY,0,0,1,17,2,9,41.94378591,-87.78614187
07/19/2023 07:45:00 PM,30,STOP SIGN/FLASHER,CLEAR,DAYLIGHT,NOT DIVIDED,DRY,INJURY AND / OR TOW DUE TO CRASH,,DISREGARDING STOP SIGN,3300,N,PAULINA ST,,NONINCAPACITATING INJURY,0,0,1,19,4,7,41.94152903,-87.67129084
05/24/2018 06:20:00 AM,30,NO CONTROLS,CLEAR,DAYLIGHT,NOT DIVIDED,DRY,INJURY AND / OR TOW DUE TO CRASH,,FAILING TO YIELD RIGHT-OF-WAY,1908,N,CLARK ST,Y,NONINCAPACITATING INJURY,0,0,1,6,5,5,41.91685534,-87.63527915
05/15/2018 06:30:00 PM,30,UNKNOWN,CLEAR,DAYLIGHT,NOT DIVIDED,UNKNOWN,INJURY AND / OR TOW DUE TO CRASH,Y,IMPROPER OVERTAKING/PASSING,600,N,HAMLIN AVE,Y,NONINCAPACITATING INJURY,0,0,1,18,3,5,41.89183501,-87.72123021
07/31/2019 05:50:00 PM,30,NO CONTROLS,CLEAR,DAYLIGHT,NOT DIVIDED,DRY,INJURY AND / OR TOW DUE TO CRASH,,UNABLE TO DETERMINE,1560,N,DAMEN AVE,Y,"REPORTED, NOT EVIDENT",0,0,0,17,4,7,41.9099952,-87.67759909
7/11/2019 19:59,30,NO CONTROLS,CLEAR,DAYLIGHT,NOT DIVIDED,DRY,INJURY AND / OR TOW DUE TO CRASH,,FAILING TO YIELD RIGHT-OF-WAY,1820,W,DIVISION ST,,NONINCAPACITATING INJURY,0,0,1,19,5,7,41.90336198,-87.67324553
09/18/2018 04:00:00 AM,30,UNKNOWN,CLEAR,"DARKNESS, LIGHTED ROAD",ONE-WAY,DRY,INJURY AND / OR TOW DUE TO CRASH,Y,UNABLE TO DETERMINE,1500,W,WRIGHTWOOD AVE,Y,NONINCAPACITATING INJURY,0,0,1,4,3,9,41.92892166,-87.66592415
6/2/2018 15:25,30,NO CONTROLS,CLEAR,DAYLIGHT,NOT DIVIDED,DRY,INJURY AND / OR TOW DUE TO CRASH,,FAILING TO YIELD RIGHT-OF-WAY,3301,W,ADDISON ST,,NONINCAPACITATING INJURY,0,0,1,15,7,6,41.94648487,-87.71049645
04/28/2022 04:00:00 PM,30,TRAFFIC SIGNAL,UNKNOWN,DAYLIGHT,NOT DIVIDED,DRY,INJURY AND / OR TOW DUE TO CRASH,Y,"OPERATING VEHICLE IN ERRATIC, RECKLESS, CARELESS, NEGLIGENT OR AGGRESSIVE MANNER",800,W,CHICAGO AVE,,NONINCAPACITATING INJURY,0,0,1,16,5,4,41.89650929,-87.64775583
9/6/2019 12:05,30,NO CONTROLS,CLEAR,DAYLIGHT,T-INTERSECTION,DRY,INJURY AND / OR TOW DUE TO CRASH,,DRIVING ON WRONG SIDE/WRONG WAY,1450,W,19TH ST,,NONINCAPACITATING INJURY,0,0,1,12,6,9,41.85613935,-87.66320883
06/30/2020 10:35:00 PM,30,NO CONTROLS,CLEAR,"DARKNESS, LIGHTED ROAD",NOT DIVIDED,DRY,NO INJURY / DRIVE AWAY,,FAILING TO YIELD RIGHT-OF-WAY,5800,N,WESTERN AVE,,NO INDICATION OF INJURY,0,0,0,22,3,6,41.98689997,-87.68969927
7/11/2018 9:50,30,TRAFFIC SIGNAL,CLEAR,DAYLIGHT,NOT DIVIDED,DRY,NO INJURY / DRIVE AWAY,,IMPROPER OVERTAKING/PASSING,798,W,LAKE ST,,NO INDICATION OF INJURY,0,0,0,9,4,7,41.8857752,-87.64742373
09/14/2019 02:45:00 PM,30,TRAFFIC SIGNAL,CLEAR,DAYLIGHT,NOT DIVIDED,DRY,NO INJURY / DRIVE AWAY,,UNABLE TO DETERMINE,530,N,ORLEANS ST,,NO INDICATION OF INJURY,0,0,0,14,7,9,41.89158533,-87.63717837
05/21/2016 05:25:00 PM,30,NO CONTROLS,CLEAR,DAYLIGHT,DIVIDED - W/MEDIAN (NOT RAISED),DRY,NO INJURY / DRIVE AWAY,,FAILING TO YIELD RIGHT-OF-WAY,2824,W,ARMITAGE AVE,,NO INDICATION OF INJURY,0,0,0,17,7,5,41.91758959,-87.6982529
08/28/2016 02:45:00 PM,25,NO CONTROLS,CLEAR,DAYLIGHT,DIVIDED - W/MEDIAN (NOT RAISED),DRY,NO INJURY / DRIVE AWAY,,UNABLE TO DETERMINE,7700,S,PULASKI RD,,NO INDICATION OF INJURY,0,0,0,14,1,8,41.75271696,-87.72216621
9/10/2019 18:00,30,TRAFFIC SIGNAL,CLEAR,DAYLIGHT,NOT DIVIDED,DRY,INJURY AND / OR TOW DUE TO CRASH,Y,UNABLE TO DETERMINE,2000,W,JACKSON BLVD,,NONINCAPACITATING INJURY,0,0,1,18,3,9,41.87759053,-87.67659912
09/26/2022 05:50:00 PM,30,TRAFFIC SIGNAL,CLEAR,DAYLIGHT,NOT DIVIDED,DRY,INJURY AND / OR TOW DUE TO CRASH,,FAILING TO YIELD RIGHT-OF-WAY,1349,W,18TH ST,,NONINCAPACITATING INJURY,0,0,1,17,2,9,41.85777498,-87.66079289
05/21/2021 04:47:00 PM,30,NO CONTROLS,CLEAR,DAYLIGHT,NOT DIVIDED,DRY,INJURY AND / OR TOW DUE TO CRASH,,DRIVING SKILLS/KNOWLEDGE/EXPERIENCE,3534,N,ELSTON AVE,Y,NONINCAPACITATING INJURY,0,0,1,16,6,5,41.94550647,-87.70741938
07/31/2021 11:35:00 AM,30,NO CONTROLS,CLEAR,DAYLIGHT,NOT DIVIDED,DRY,INJURY AND / OR TOW DUE TO CRASH,,FAILING TO YIELD RIGHT-OF-WAY,1624,W,DIVISION ST,,NONINCAPACITATING INJURY,0,0,1,11,7,7,41.9034408,-87.66850547
7/10/2021 0:37,30,STOP SIGN/FLASHER,CLEAR,"DARKNESS, LIGHTED ROAD",FOUR WAY,DRY,INJURY AND / OR TOW DUE TO CRASH,Y,"VISION OBSCURED (SIGNS, TREE LIMBS, BUILDINGS, ETC.)",7299,S,SACRAMENTO AVE,,"REPORTED, NOT EVIDENT",0,0,0,0,7,7,41.76090647,-87.69767491
12/6/2021 19:16,25,TRAFFIC SIGNAL,CLEAR,"DARKNESS, LIGHTED ROAD",NOT DIVIDED,DRY,INJURY AND / OR TOW DUE TO CRASH,Y,FAILING TO REDUCE SPEED TO AVOID CRASH,1174,E,55TH ST,,NONINCAPACITATING INJURY,0,0,1,19,2,12,41.79517545,-87.59660148
11/1/2017 16:20,30,NO CONTROLS,RAIN,DAYLIGHT,DIVIDED - W/MEDIAN (NOT RAISED),WET,INJURY AND / OR TOW DUE TO CRASH,,FAILING TO YIELD RIGHT-OF-WAY,3310,W,OGDEN AVE,,INCAPACITATING INJURY,0,1,0,16,4,11,41.85705227,-87.70835415
9/9/2017 16:00,30,NO CONTROLS,CLEAR,DAYLIGHT,DIVIDED - W/MEDIAN (NOT RAISED),DRY,NO INJURY / DRIVE AWAY,,FAILING TO YIELD RIGHT-OF-WAY,103,E,31ST ST,,NO INDICATION OF INJURY,0,0,0,16,7,9,41.83823631,-87.62327999
06/22/2019 04:37:00 PM,35,TRAFFIC SIGNAL,CLEAR,DAYLIGHT,DIVIDED - W/MEDIAN (NOT RAISED),DRY,INJURY AND / OR TOW DUE TO CRASH,,DISREGARDING TRAFFIC SIGNALS,5200,W,MADISON ST,,NONINCAPACITATING INJURY,0,0,1,16,7,6,41.88048075,-87.75513043
08/19/2022 05:00:00 PM,30,NO CONTROLS,CLEAR,DAYLIGHT,DIVIDED - W/MEDIAN (NOT RAISED),DRY,INJURY AND / OR TOW DUE TO CRASH,,UNABLE TO DETERMINE,1465,N,ELSTON AVE,Y,NONINCAPACITATING INJURY,0,0,1,17,6,8,41.90885597,-87.66085164
7/7/2023 8:45,30,NO CONTROLS,CLEAR,DAYLIGHT,NOT DIVIDED,DRY,INJURY AND / OR TOW DUE TO CRASH,Y,UNABLE TO DETERMINE,2146,S,PULASKI RD,,NONINCAPACITATING INJURY,0,0,1,8,6,7,41.85206326,-87.72492001
08/31/2019 03:25:00 PM,20,NO CONTROLS,UNKNOWN,UNKNOWN,PARKING LOT,UNKNOWN,NO INJURY / DRIVE AWAY,Y,UNABLE TO DETERMINE,2200,S,WESTERN AVE,,NO INDICATION OF INJURY,0,0,0,15,7,8,41.85198384,-87.6857857
6/12/2022 15:00,30,BICYCLE CROSSING SIGN,CLEAR,DAYLIGHT,NOT DIVIDED,DRY,NO INJURY / DRIVE AWAY,Y,FAILING TO YIELD RIGHT-OF-WAY,555,W,ROOSEVELT RD,,NO INDICATION OF INJURY,0,0,0,15,1,6,41.86712202,-87.6414076
05/18/2021 05:30:00 PM,30,TRAFFIC SIGNAL,RAIN,DAYLIGHT,NOT DIVIDED,WET,INJURY AND / OR TOW DUE TO CRASH,,FAILING TO YIELD RIGHT-OF-WAY,1600,S,KOSTNER AVE,,NONINCAPACITATING INJURY,0,0,1,17,3,5,41.85868185,-87.73488064
7/1/2023 11:33,25,NO CONTROLS,CLEAR,DAYLIGHT,NOT DIVIDED,DRY,INJURY AND / OR TOW DUE TO CRASH,Y,UNABLE TO DETERMINE,1553,W,91ST ST,,NONINCAPACITATING INJURY,0,0,1,11,7,7,41.72841123,-87.6626107
01/13/2021 08:22:00 PM,25,TRAFFIC SIGNAL,CLEAR,"DARKNESS, LIGHTED ROAD",NOT DIVIDED,DRY,INJURY AND / OR TOW DUE TO CRASH,,FAILING TO YIELD RIGHT-OF-WAY,1200,W,DIVERSEY PKWY,,NONINCAPACITATING INJURY,0,0,1,20,4,1,41.93266489,-87.65877426
06/20/2018 07:10:00 PM,30,NO CONTROLS,CLEAR,DAYLIGHT,NOT DIVIDED,DRY,INJURY AND / OR TOW DUE TO CRASH,,UNABLE TO DETERMINE,2613,S,STEWART AVE,,NONINCAPACITATING INJURY,0,0,1,19,4,6,41.84504593,-87.63639766
04/19/2020 02:55:00 PM,30,TRAFFIC SIGNAL,CLEAR,DAYLIGHT,NOT DIVIDED,DRY,NO INJURY / DRIVE AWAY,Y,IMPROPER TURNING/NO SIGNAL,1401,W,BELMONT AVE,,NO INDICATION OF INJURY,0,0,0,14,1,4,41.93965314,-87.66393873
10/29/2019 06:18:00 AM,30,STOP SIGN/FLASHER,RAIN,DARKNESS,NOT DIVIDED,WET,INJURY AND / OR TOW DUE TO CRASH,,WEATHER,3110,N,MILWAUKEE AVE,,"REPORTED, NOT EVIDENT",0,0,0,6,3,10,41.93742232,-87.72133419
10/11/2022 15:33,30,NO CONTROLS,CLEAR,DAYLIGHT,NOT DIVIDED,DRY,NO INJURY / DRIVE AWAY,,UNABLE TO DETERMINE,1209,N,MILWAUKEE AVE,,NO INDICATION OF INJURY,0,0,0,15,3,10,41.90364373,-87.66670595
10/11/2022 14:07,30,TRAFFIC SIGNAL,RAIN,DAYLIGHT,FOUR WAY,WET,INJURY AND / OR TOW DUE TO CRASH,Y,FAILING TO YIELD RIGHT-OF-WAY,3159,W,FRANKLIN BLVD,,NONINCAPACITATING INJURY,0,0,1,14,3,10,41.88996202,-87.70626479
10/12/2018 4:40,30,TRAFFIC SIGNAL,CLEAR,"DARKNESS, LIGHTED ROAD",NOT DIVIDED,DRY,INJURY AND / OR TOW DUE TO CRASH,,TURNING RIGHT ON RED,5150,W,55TH ST,,NONINCAPACITATING INJURY,0,0,1,4,6,10,41.79300286,-87.75211958
11/8/2019 15:38,30,TRAFFIC SIGNAL,CLEAR,DAYLIGHT,NOT DIVIDED,DRY,INJURY AND / OR TOW DUE TO CRASH,,FAILING TO YIELD RIGHT-OF-WAY,2602,W,IRVING PARK RD,,NONINCAPACITATING INJURY,0,0,1,15,6,11,41.95410545,-87.6933817
06/27/2021 07:32:00 PM,30,NO CONTROLS,CLEAR,DAYLIGHT,FOUR WAY,DRY,INJURY AND / OR TOW DUE TO CRASH,Y,UNABLE TO DETERMINE,6300,S,LOWE AVE,,NONINCAPACITATING INJURY,0,0,1,19,1,6,41.77976286,-87.64101609
11/22/2017 10:45:00 PM,30,STOP SIGN/FLASHER,CLEAR,DARKNESS,DIVIDED - W/MEDIAN (NOT RAISED),DRY,NO INJURY / DRIVE AWAY,,"VISION OBSCURED (SIGNS, TREE LIMBS, BUILDINGS, ETC.)",1300,S,INDIANA AVE,N,NO INDICATION OF INJURY,0,0,0,22,4,11,41.86571469,-87.62265794
6/11/2018 15:49,5,NO CONTROLS,CLEAR,DAYLIGHT,DRIVEWAY,DRY,INJURY AND / OR TOW DUE TO CRASH,,NOT APPLICABLE,6042,N,WESTERN AVE,,"REPORTED, NOT EVIDENT",0,0,0,15,2,6,41.99170491,-87.68984577
10/2/2017 17:30,20,NO CONTROLS,CLEAR,DAYLIGHT,DIVIDED - W/MEDIAN (NOT RAISED),DRY,INJURY AND / OR TOW DUE TO CRASH,,FAILING TO YIELD RIGHT-OF-WAY,115,N,LARAMIE AVE,,"REPORTED, NOT EVIDENT",0,0,0,17,2,10,41.88297236,-87.75501366
04/23/2022 03:30:00 PM,20,STOP SIGN/FLASHER,CLEAR,DAYLIGHT,NOT DIVIDED,DRY,INJURY AND / OR TOW DUE TO CRASH,,FAILING TO YIELD RIGHT-OF-WAY,1919,S,HALSTED ST,,"REPORTED, NOT EVIDENT",0,0,0,15,7,4,41.85610136,-87.64644629
7/8/2020 17:05,30,NO CONTROLS,CLEAR,DAYLIGHT,NOT DIVIDED,DRY,NO INJURY / DRIVE AWAY,Y,IMPROPER OVERTAKING/PASSING,356,S,KOSTNER AVE,,NO INDICATION OF INJURY,0,0,0,17,4,7,41.87518758,-87.73543197
07/22/2023 01:13:00 AM,30,NO CONTROLS,CLEAR,"DARKNESS, LIGHTED ROAD",ONE-WAY,DRY,INJURY AND / OR TOW DUE TO CRASH,Y,UNABLE TO DETERMINE,4926,S,CORNELL AVE,,"REPORTED, NOT EVIDENT",0,0,0,1,7,7,41.80506419,-87.58664481
08/30/2018 11:50:00 AM,30,NO CONTROLS,CLEAR,DAYLIGHT,DIVIDED - W/MEDIAN (NOT RAISED),DRY,INJURY AND / OR TOW DUE TO CRASH,,UNABLE TO DETERMINE,1950,N,DAMEN AVE,,NONINCAPACITATING INJURY,0,0,1,11,5,8,41.91737157,-87.67775478
07/20/2023 05:40:00 PM,30,STOP SIGN/FLASHER,CLEAR,DAYLIGHT,NOT DIVIDED,DRY,INJURY AND / OR TOW DUE TO CRASH,N,FAILING TO YIELD RIGHT-OF-WAY,430,E,ERIE ST,,NONINCAPACITATING INJURY,0,0,1,17,5,7,41.89437626,-87.61649035
11/24/2017 08:29:00 PM,30,STOP SIGN/FLASHER,CLEAR,"DARKNESS, LIGHTED ROAD",NOT DIVIDED,DRY,NO INJURY / DRIVE AWAY,,UNABLE TO DETERMINE,1999,W,WILSON AVE,,NO INDICATION OF INJURY,0,0,0,20,6,11,41.96498706,-87.67900691
10/12/2023 13:09,30,NO CONTROLS,RAIN,DAYLIGHT,ONE-WAY,WET,NO INJURY / DRIVE AWAY,N,"OPERATING VEHICLE IN ERRATIC, RECKLESS, CARELESS, NEGLIGENT OR AGGRESSIVE MANNER",5040,N,KENMORE AVE,,NO INDICATION OF INJURY,0,0,0,13,5,10,41.97449607,-87.65651102
08/28/2020 06:15:00 PM,30,TRAFFIC SIGNAL,CLEAR,DAYLIGHT,NOT DIVIDED,DRY,INJURY AND / OR TOW DUE TO CRASH,N,FAILING TO YIELD RIGHT-OF-WAY,3559,N,KIMBALL AVE,,"REPORTED, NOT EVIDENT",0,0,0,18,6,8,41.94642657,-87.71256188
08/27/2019 07:08:00 PM,30,NO CONTROLS,CLEAR,DAYLIGHT,ONE-WAY,DRY,INJURY AND / OR TOW DUE TO CRASH,,FAILING TO YIELD RIGHT-OF-WAY,6242,S,WHIPPLE ST,,INCAPACITATING INJURY,0,1,0,19,3,8,41.77956753,-87.69964548
06/15/2023 05:52:00 PM,20,NO CONTROLS,CLEAR,DAYLIGHT,ALLEY,DRY,NO INJURY / DRIVE AWAY,,FAILING TO YIELD RIGHT-OF-WAY,948,W,GRACE ST,N,NO INDICATION OF INJURY,0,0,0,17,5,6,41.9512416,-87.65396829
11/24/2021 12:00:00 PM,30,NO CONTROLS,CLOUDY/OVERCAST,DAYLIGHT,NOT DIVIDED,UNKNOWN,NO INJURY / DRIVE AWAY,Y,UNABLE TO DETERMINE,2615,S,THROOP ST,,NO INDICATION OF INJURY,0,0,0,12,4,11,41.84520609,-87.65542199
09/18/2019 07:19:00 PM,30,NO CONTROLS,CLEAR,"DARKNESS, LIGHTED ROAD",NOT DIVIDED,DRY,INJURY AND / OR TOW DUE TO CRASH,,FAILING TO YIELD RIGHT-OF-WAY,3430,W,WABANSIA AVE,,NONINCAPACITATING INJURY,0,0,1,19,4,9,41.91197108,-87.71282106
06/29/2022 01:27:00 PM,30,TRAFFIC SIGNAL,CLEAR,DAYLIGHT,CENTER TURN LANE,DRY,INJURY AND / OR TOW DUE TO CRASH,,"VISION OBSCURED (SIGNS, TREE LIMBS, BUILDINGS, ETC.)",2419,W,PRATT BLVD,,NONINCAPACITATING INJURY,0,0,1,13,4,6,42.00491149,-87.69078382
07/20/2022 05:10:00 PM,30,UNKNOWN,CLEAR,DAYLIGHT,T-INTERSECTION,DRY,NO INJURY / DRIVE AWAY,,UNABLE TO DETERMINE,4701,N,ELSTON AVE,,NO INDICATION OF INJURY,0,0,0,17,4,7,41.96640276,-87.73743646
07/26/2016 05:40:00 PM,30,NO CONTROLS,CLEAR,DAYLIGHT,NOT DIVIDED,DRY,NO INJURY / DRIVE AWAY,,FAILING TO YIELD RIGHT-OF-WAY,4699,N,KEDZIE AVE,,NO INDICATION OF INJURY,0,0,0,17,3,7,41.96657933,-87.70826962
11/20/2017 07:10:00 PM,30,NO CONTROLS,CLEAR,"DARKNESS, LIGHTED ROAD",DIVIDED - W/MEDIAN (NOT RAISED),DRY,INJURY AND / OR TOW DUE TO CRASH,,UNABLE TO DETERMINE,850,W,MADISON ST,,INCAPACITATING INJURY,0,1,0,19,2,11,41.88185418,-87.64938067
07/30/2021 02:05:00 PM,20,STOP SIGN/FLASHER,CLEAR,DAYLIGHT,NOT DIVIDED,DRY,INJURY AND / OR TOW DUE TO CRASH,Y,DISREGARDING STOP SIGN,3600,W,ARGYLE ST,,INCAPACITATING INJURY,0,1,0,14,6,7,41.97210164,-87.71841724
11/5/2019 7:40,30,STOP SIGN/FLASHER,CLEAR,DAYLIGHT,DIVIDED - W/MEDIAN (NOT RAISED),DRY,INJURY AND / OR TOW DUE TO CRASH,,DRIVING ON WRONG SIDE/WRONG WAY,3301,S,WESTERN BLVD,,NONINCAPACITATING INJURY,0,0,1,7,3,11,41.83384972,-87.68436318
03/15/2022 05:00:00 PM,30,TRAFFIC SIGNAL,CLEAR,DAYLIGHT,NOT DIVIDED,DRY,INJURY AND / OR TOW DUE TO CRASH,,UNABLE TO DETERMINE,2400,W,WILSON AVE,,NONINCAPACITATING INJURY,0,0,1,17,3,3,41.96497562,-87.68885806
5/11/2022 14:00,30,UNKNOWN,UNKNOWN,UNKNOWN,NOT DIVIDED,UNKNOWN,NO INJURY / DRIVE AWAY,,NOT APPLICABLE,6400,N,SHERIDAN RD,,NO INDICATION OF INJURY,0,0,0,14,4,5,41.99821792,-87.66069526
09/26/2021 03:59:00 PM,30,NO CONTROLS,CLEAR,DAYLIGHT,DIVIDED - W/MEDIAN (NOT RAISED),DRY,INJURY AND / OR TOW DUE TO CRASH,,IMPROPER TURNING/NO SIGNAL,1655,S,BLUE ISLAND AVE,,NONINCAPACITATING INJURY,0,0,1,15,1,9,41.85832281,-87.6605916
06/16/2023 10:05:00 AM,30,TRAFFIC SIGNAL,CLEAR,DAYLIGHT,T-INTERSECTION,DRY,NO INJURY / DRIVE AWAY,Y,FAILING TO YIELD RIGHT-OF-WAY,4,E,71ST ST,,NO INDICATION OF INJURY,0,0,0,10,6,6,41.76556442,-87.62473498