CRASH_DATE,POSTED_SPEED_LIMIT,TRAFFIC_CONTROL_DEVICE,WEATHER_CONDITION,LIGHTING_CONDITION,TRAFFICWAY_TYPE,ROADWAY_SURFACE_COND,CRASH_TYPE,HIT_AND_RUN_I,PRIM_CONTRIBUTORY_CAUSE,STREET_NO,STREET_DIRECTION,STREET_NAME,DOORING_I,MOST_SEVERE_INJURY,INJURIES_FATAL,INJURIES_INCAPACITATING,INJURIES_NON_INCAPACITATING,CRASH_HOUR,CRASH_DAY_OF_WEEK,CRASH_MONTH,LATITUDE,LONGITUDE
10/5/2019 19:53,35,TRAFFIC SIGNAL,RAIN,"DARKNESS, LIGHTED ROAD",NOT DIVIDED,WET,NO INJURY / DRIVE AWAY,,UNABLE TO DETERMINE,3900,S,DR MARTIN LUTHER KING JR DR,Y,NO INDICATION OF INJURY,0,0,0,19,7,10,41.82377275,-87.61714202
05/26/2020 04:55:00 PM,30,STOP SIGN/FLASHER,CLEAR,DAYLIGHT,FOUR WAY,DRY,NO INJURY / DRIVE AWAY,,FAILING TO YIELD RIGHT-OF-WAY,6400,S,ST LOUIS AVE,,NO INDICATION OF INJURY,0,0,0,16,3,5,41.77697565,-87.71050932
08/18/2023 07:55:00 AM,30,NO CONTROLS,CLEAR,DAYLIGHT,NOT DIVIDED,DRY,INJURY AND / OR TOW DUE TO CRASH,,FAILING TO REDUCE SPEED TO AVOID CRASH,845,W,CHICAGO AVE,,NONINCAPACITATING INJURY,0,0,2,7,6,8,41.8962499,-87.64949065
10/23/2021 07:03:00 PM,30,NO CONTROLS,CLEAR,DARKNESS,NOT DIVIDED,DRY,INJURY AND / OR TOW DUE TO CRASH,,UNABLE TO DETERMINE,2727,N,CLARK ST,,NONINCAPACITATING INJURY,0,0,1,19,7,10,41.93211817,-87.64456439
08/23/2019 07:10:00 AM,30,NO CONTROLS,CLEAR,DAYLIGHT,NOT DIVIDED,DRY,NO INJURY / DRIVE AWAY,,"VISION OBSCURED (SIGNS, TREE LIMBS, BUILDINGS, ETC.)",2930,W,CHICAGO AVE,,NO INDICATION OF INJURY,0,0,0,7,6,8,41.89573885,-87.69987545
07/16/2017 03:45:00 PM,30,NO CONTROLS,CLEAR,DAYLIGHT,ONE-WAY,DRY,INJURY AND / OR TOW DUE TO CRASH,,FAILING TO YIELD RIGHT-OF-WAY,3640,W,CULLOM AVE,,"REPORTED, NOT EVIDENT",0,0,0,15,1,7,41.95933835,-87.71966014
03/26/2019 06:51:00 PM,30,NO CONTROLS,CLEAR,DUSK,NOT DIVIDED,DRY,INJURY AND / OR TOW DUE TO CRASH,,UNABLE TO DETERMINE,3417,N,HALSTED ST,Y,NONINCAPACITATING INJURY,0,0,1,18,3,3,41.94416983,-87.64924432
4/9/2019 18:36,30,NO CONTROLS,CLEAR,DAYLIGHT,NOT DIVIDED,DRY,NO INJURY / DRIVE AWAY,,BICYCLE ADVANCING LEGALLY ON RED LIGHT,3328,W,MARQUETTE RD,,NO INDICATION OF INJURY,0,0,0,18,3,4,41.77172705,-87.70656113
10/27/2018 04:55:00 PM,30,NO CONTROLS,CLEAR,DAYLIGHT,NOT DIVIDED,DRY,INJURY AND / OR TOW DUE TO CRASH,,FAILING TO YIELD RIGHT-OF-WAY,3051,W,ARMITAGE AVE,,NONINCAPACITATING INJURY,0,0,1,16,7,10,41.91731323,-87.70441736
8/9/2022 16:52,30,STOP SIGN/FLASHER,CLEAR,DAYLIGHT,FOUR WAY,DRY,INJURY AND / OR TOW DUE TO CRASH,,UNABLE TO DETERMINE,5900,S,DORCHESTER AVE,,NONINCAPACITATING INJURY,0,0,1,16,3,8,41.78782425,-87.59166237
10/7/2022 13:30,30,STOP SIGN/FLASHER,CLEAR,DAYLIGHT,DIVIDED - W/MEDIAN (NOT RAISED),DRY,NO INJURY / DRIVE AWAY,,UNABLE TO DETERMINE,5327,N,CALIFORNIA AVE,,NO INDICATION OF INJURY,0,0,0,13,6,10,41.9785161,-87.69886217
10/17/2021 04:45:00 PM,20,STOP SIGN/FLASHER,CLEAR,DAYLIGHT,NOT DIVIDED,DRY,NO INJURY / DRIVE AWAY,,NOT APPLICABLE,1535,W,DIVISION ST,,NO INDICATION OF INJURY,0,0,0,16,1,10,41.90324815,-87.66653381
08/29/2020 06:45:00 PM,30,NO CONTROLS,CLEAR,DAYLIGHT,DIVIDED - W/MEDIAN BARRIER,DRY,NO INJURY / DRIVE AWAY,Y,FOLLOWING TOO CLOSELY,124,E,RANDOLPH ST,,NO INDICATION OF INJURY,0,0,0,18,7,8,41.88456412,-87.62346203
8/4/2022 12:30,30,STOP SIGN/FLASHER,CLEAR,DAYLIGHT,NOT DIVIDED,DRY,INJURY AND / OR TOW DUE TO CRASH,,"VISION OBSCURED (SIGNS, TREE LIMBS, BUILDINGS, ETC.)",734,N,NOBLE ST,,"REPORTED, NOT EVIDENT",0,0,0,12,5,8,41.89534034,-87.66252963
09/18/2023 06:30:00 PM,30,TRAFFIC SIGNAL,CLEAR,DAYLIGHT,T-INTERSECTION,DRY,INJURY AND / OR TOW DUE TO CRASH,,FAILING TO REDUCE SPEED TO AVOID CRASH,2200,N,ASHLAND AVE,,NONINCAPACITATING INJURY,0,0,1,18,2,9,41.92158491,-87.66877311
8/2/2018 14:03,30,NO CONTROLS,CLEAR,DAYLIGHT,NOT DIVIDED,DRY,INJURY AND / OR TOW DUE TO CRASH,,"EVASIVE ACTION DUE TO ANIMAL, OBJECT, NONMOTORIST",5840,S,RACINE AVE,,NONINCAPACITATING INJURY,0,0,1,14,5,8,41.78745248,-87.65484507
06/20/2018 11:55:00 AM,30,NO CONTROLS,CLEAR,DAYLIGHT,NOT DIVIDED,DRY,INJURY AND / OR TOW DUE TO CRASH,,IMPROPER LANE USAGE,700,N,ASHLAND AVE,Y,NONINCAPACITATING INJURY,0,0,1,11,4,6,41.89429946,-87.66738514
10/24/2018 11:50:00 PM,35,NO CONTROLS,CLEAR,DARKNESS,NOT DIVIDED,DRY,INJURY AND / OR TOW DUE TO CRASH,Y,UNABLE TO DETERMINE,2957,W,NORTH AVE,,NONINCAPACITATING INJURY,0,0,1,23,4,10,41.9100663,-87.7013691
10/3/2016 14:00,30,NO CONTROLS,CLEAR,DAYLIGHT,NOT DIVIDED,DRY,NO INJURY / DRIVE AWAY,,UNABLE TO DETERMINE,4100,N,SOUTHPORT AVE,,NO INDICATION OF INJURY,0,0,0,14,2,10,41.95622983,-87.66441049
3/9/2017 10:40,30,NO CONTROLS,CLEAR,DAYLIGHT,ONE-WAY,DRY,NO INJURY / DRIVE AWAY,,NOT APPLICABLE,5502,S,THROOP ST,,NO INDICATION OF INJURY,0,0,0,10,5,3,41.7936281,-87.65743561
10/27/2021 03:00:00 PM,30,NO CONTROLS,CLEAR,DAYLIGHT,NOT DIVIDED,DRY,INJURY AND / OR TOW DUE TO CRASH,,UNABLE TO DETERMINE,11200,S,HAMLET AVE,,NONINCAPACITATING INJURY,0,0,1,15,4,10,41.69034607,-87.66055603
07/16/2023 05:00:00 PM,30,NO CONTROLS,CLEAR,DAYLIGHT,OTHER,DRY,NO INJURY / DRIVE AWAY,,"OPERATING VEHICLE IN ERRATIC, RECKLESS, CARELESS, NEGLIGENT OR AGGRESSIVE MANNER",3201,S,ASHLAND AVE,,NO INDICATION OF INJURY,0,0,0,17,1,7,41.83546116,-87.66554052
05/22/2022 12:25:00 PM,20,NO CONTROLS,CLEAR,DAYLIGHT,DIVIDED - W/MEDIAN (NOT RAISED),DRY,INJURY AND / OR TOW DUE TO CRASH,,UNABLE TO DETERMINE,2741,N,LINCOLN AVE,Y,NONINCAPACITATING INJURY,0,0,1,12,1,5,41.93170249,-87.65729961
10/10/2019 6:12,15,NO CONTROLS,CLEAR,"DARKNESS, LIGHTED ROAD",ONE-WAY,DRY,INJURY AND / OR TOW DUE TO CRASH,,UNABLE TO DETERMINE,3315,W,OGDEN AVE,,NONINCAPACITATING INJURY,0,0,1,6,5,10,41.85668453,-87.70838196
10/22/2019 11:40:00 AM,30,STOP SIGN/FLASHER,RAIN,DAYLIGHT,FOUR WAY,WET,INJURY AND / OR TOW DUE TO CRASH,,FAILING TO YIELD RIGHT-OF-WAY,2900,S,WALLACE ST,,"REPORTED, NOT EVIDENT",0,0,0,11,3,10,41.84165745,-87.64164187
11/13/2017 04:30:00 PM,25,NO CONTROLS,CLEAR,"DARKNESS, LIGHTED ROAD",NOT DIVIDED,DRY,NO INJURY / DRIVE AWAY,,FOLLOWING TOO CLOSELY,113,S,LA SALLE ST,,NO INDICATION OF INJURY,0,0,0,16,2,11,41.88026952,-87.63216974
09/22/2023 10:40:00 AM,30,NO CONTROLS,CLEAR,DAYLIGHT,DIVIDED - W/MEDIAN (NOT RAISED),DRY,NO INJURY / DRIVE AWAY,,DRIVING SKILLS/KNOWLEDGE/EXPERIENCE,3540,N,SOUTHPORT AVE,Y,NO INDICATION OF INJURY,0,0,0,10,6,9,41.94644296,-87.66414596
10/10/2017 20:05,35,NO CONTROLS,RAIN,"DARKNESS, LIGHTED ROAD",OTHER,WET,NO INJURY / DRIVE AWAY,Y,FAILING TO YIELD RIGHT-OF-WAY,3515,W,DEVON AVE,,NO INDICATION OF INJURY,0,0,0,20,3,10,41.99717725,-87.71731408
9/7/2020 17:48,30,NO CONTROLS,CLEAR,DAYLIGHT,NOT DIVIDED,DRY,NO INJURY / DRIVE AWAY,,UNABLE TO DETERMINE,2799,N,STOCKTON DR,,NO INDICATION OF INJURY,0,0,0,17,2,9,41.93210057,-87.63867793
9/8/2020 16:35,30,TRAFFIC SIGNAL,CLEAR,DAYLIGHT,Y-INTERSECTION,DRY,INJURY AND / OR TOW DUE TO CRASH,,FAILING TO YIELD RIGHT-OF-WAY,630,N,RACINE AVE,,NONINCAPACITATING INJURY,0,0,1,16,3,9,41.89312005,-87.65758191
04/28/2018 11:05:00 AM,30,STOP SIGN/FLASHER,CLEAR,DAYLIGHT,NOT DIVIDED,DRY,INJURY AND / OR TOW DUE TO CRASH,,DISREGARDING STOP SIGN,6032,W,DIVERSEY AVE,,NONINCAPACITATING INJURY,0,0,1,11,7,4,41.93123023,-87.7773221
04/22/2019 05:30:00 PM,30,NO CONTROLS,CLEAR,DAYLIGHT,NOT DIVIDED,DRY,INJURY AND / OR TOW DUE TO CRASH,,UNABLE TO DETERMINE,699,W,30TH ST,,NONINCAPACITATING INJURY,0,0,1,17,2,4,41.8397904,-87.64383742
04/16/2022 10:20:00 AM,35,STOP SIGN/FLASHER,CLEAR,DAYLIGHT,FOUR WAY,DRY,INJURY AND / OR TOW DUE TO CRASH,Y,DISREGARDING STOP SIGN,5600,S,ROCKWELL ST,,NONINCAPACITATING INJURY,0,0,1,10,7,4,41.79186009,-87.68901561
03/24/2018 08:30:00 PM,30,TRAFFIC SIGNAL,CLEAR,"DARKNESS, LIGHTED ROAD",NOT DIVIDED,DRY,INJURY AND / OR TOW DUE TO CRASH,Y,FAILING TO YIELD RIGHT-OF-WAY,1959,N,WESTERN AVE,,NONINCAPACITATING INJURY,0,0,1,20,7,3,41.91744589,-87.68725997
7/8/2022 18:20,30,NO CONTROLS,CLEAR,DAYLIGHT,DIVIDED - W/MEDIAN (NOT RAISED),DRY,NO INJURY / DRIVE AWAY,,UNABLE TO DETERMINE,2448,W,DIVERSEY AVE,,NO INDICATION OF INJURY,0,0,0,18,6,7,41.9322648,-87.68989558
04/19/2017 04:45:00 PM,30,NO CONTROLS,CLEAR,DAYLIGHT,NOT DIVIDED,DRY,INJURY AND / OR TOW DUE TO CRASH,Y,UNABLE TO DETERMINE,1891,N,MILWAUKEE AVE,Y,NONINCAPACITATING INJURY,0,0,1,16,4,4,41.91586686,-87.68571908
02/23/2021 01:35:00 PM,30,STOP SIGN/FLASHER,CLEAR,DAYLIGHT,NOT DIVIDED,SNOW OR SLUSH,INJURY AND / OR TOW DUE TO CRASH,,UNABLE TO DETERMINE,3328,N,CLARK ST,,NONINCAPACITATING INJURY,0,0,1,13,3,2,41.94239613,-87.65282389
7/8/2016 8:45,30,TRAFFIC SIGNAL,CLEAR,DAYLIGHT,OTHER,DRY,INJURY AND / OR TOW DUE TO CRASH,,UNABLE TO DETERMINE,1200,S,HALSTED ST,,NONINCAPACITATING INJURY,0,0,1,8,6,7,41.86712525,-87.64706481
05/31/2018 04:45:00 PM,25,STOP SIGN/FLASHER,CLEAR,DAYLIGHT,NOT DIVIDED,DRY,INJURY AND / OR TOW DUE TO CRASH,,FAILING TO YIELD RIGHT-OF-WAY,4100,N,SOUTHPORT AVE,,NONINCAPACITATING INJURY,0,0,1,16,5,5,41.95622983,-87.66441049
09/18/2020 11:08:00 AM,30,NO CONTROLS,CLEAR,DAYLIGHT,ONE-WAY,DRY,INJURY AND / OR TOW DUE TO CRASH,,DRIVING SKILLS/KNOWLEDGE/EXPERIENCE,20,S,CLINTON ST,,NONINCAPACITATING INJURY,0,0,1,11,6,9,41.88122743,-87.64131938
06/28/2017 03:00:00 PM,20,STOP SIGN/FLASHER,CLEAR,DAYLIGHT,ONE-WAY,DRY,NO INJURY / DRIVE AWAY,Y,FOLLOWING TOO CLOSELY,1200,W,THORNDALE AVE,,NO INDICATION OF INJURY,0,0,0,15,4,6,41.99010765,-87.66034165
02/27/2020 03:43:00 PM,20,STOP SIGN/FLASHER,CLEAR,DAYLIGHT,DIVIDED - W/MEDIAN (NOT RAISED),DRY,NO INJURY / DRIVE AWAY,Y,FAILING TO YIELD RIGHT-OF-WAY,3212,W,ADDISON ST,,NO INDICATION OF INJURY,0,0,0,15,5,2,41.94673627,-87.70842598
08/18/2020 07:40:00 PM,30,NO CONTROLS,CLEAR,DAYLIGHT,NOT DIVIDED,DRY,INJURY AND / OR TOW DUE TO CRASH,,CELL PHONE USE OTHER THAN TEXTING,5640,S,DR MARTIN LUTHER KING JR DR,,NONINCAPACITATING INJURY,0,0,1,19,3,8,41.7917722,-87.61605041
09/18/2020 06:40:00 PM,35,TRAFFIC SIGNAL,CLEAR,DUSK,NOT DIVIDED,DRY,INJURY AND / OR TOW DUE TO CRASH,Y,DISREGARDING TRAFFIC SIGNALS,6800,W,ARCHER AVE,,NONINCAPACITATING INJURY,0,0,1,18,6,9,41.7922647,-87.79164083
07/14/2018 03:55:00 AM,30,UNKNOWN,CLEAR,DAWN,DIVIDED - W/MEDIAN (NOT RAISED),DRY,INJURY AND / OR TOW DUE TO CRASH,Y,UNABLE TO DETERMINE,3814,W,CHICAGO AVE,Y,NONINCAPACITATING INJURY,0,0,1,3,7,7,41.89551585,-87.72189534
11/8/2019 18:40,35,NO CONTROLS,CLEAR,"DARKNESS, LIGHTED ROAD",DIVIDED - W/MEDIAN (NOT RAISED),WET,INJURY AND / OR TOW DUE TO CRASH,,FAILING TO REDUCE SPEED TO AVOID CRASH,515,N,STATE ST,,NONINCAPACITATING INJURY,0,0,1,18,6,11,41.8914181,-87.62791476
07/21/2023 02:59:00 PM,30,NO CONTROLS,CLEAR,DAYLIGHT,DIVIDED - W/MEDIAN (NOT RAISED),DRY,INJURY AND / OR TOW DUE TO CRASH,,DRIVING SKILLS/KNOWLEDGE/EXPERIENCE,1648,N,DAMEN AVE,Y,NONINCAPACITATING INJURY,0,0,1,14,6,7,41.91196719,-87.67764579
6/5/2021 21:18,30,TRAFFIC SIGNAL,CLEAR,"DARKNESS, LIGHTED ROAD",DIVIDED - W/MEDIAN (NOT RAISED),DRY,INJURY AND / OR TOW DUE TO CRASH,Y,FAILING TO YIELD RIGHT-OF-WAY,5200,N,KEDZIE AVE,,"REPORTED, NOT EVIDENT",0,0,0,21,7,6,41.97583828,-87.70882919
07/25/2023 06:47:00 AM,5,NO CONTROLS,CLEAR,DAYLIGHT,DIVIDED - W/MEDIAN (NOT RAISED),UNKNOWN,INJURY AND / OR TOW DUE TO CRASH,,DRIVING ON WRONG SIDE/WRONG WAY,3201,N,LAKE SHORE DR,N,NONINCAPACITATING INJURY,0,0,1,6,3,7,41.94107221,-87.63917227
9/10/2017 18:13,30,STOP SIGN/FLASHER,CLEAR,DAYLIGHT,NOT DIVIDED,DRY,NO INJURY / DRIVE AWAY,,UNABLE TO DETERMINE,2935,W,ADDISON ST,,NO INDICATION OF INJURY,0,0,0,18,1,9,41.94653818,-87.70192549
8/6/2023 18:10,25,TRAFFIC SIGNAL,CLOUDY/OVERCAST,DAYLIGHT,DIVIDED - W/MEDIAN BARRIER,DRY,INJURY AND / OR TOW DUE TO CRASH,,"VISION OBSCURED (SIGNS, TREE LIMBS, BUILDINGS, ETC.)",5920,N,CLARK ST,,NONINCAPACITATING INJURY,0,0,1,18,1,8,41.98902019,-87.67006625
08/31/2016 09:00:00 AM,30,NO CONTROLS,CLEAR,DAYLIGHT,NOT DIVIDED,DRY,NO INJURY / DRIVE AWAY,,IMPROPER TURNING/NO SIGNAL,748,N,MILWAUKEE AVE,,NO INDICATION OF INJURY,0,0,0,9,4,8,41.89538859,-87.65431702
11/27/2020 05:15:00 PM,30,STOP SIGN/FLASHER,CLEAR,"DARKNESS, LIGHTED ROAD",FOUR WAY,DRY,NO INJURY / DRIVE AWAY,,NOT APPLICABLE,6100,S,NATCHEZ AVE,,NO INDICATION OF INJURY,0,0,0,17,6,11,41.78121132,-87.78398595
08/21/2023 03:45:00 PM,30,OTHER,CLEAR,DAYLIGHT,NOT DIVIDED,DRY,INJURY AND / OR TOW DUE TO CRASH,,UNABLE TO DETERMINE,1885,N,CLYBOURN AVE,,NONINCAPACITATING INJURY,0,0,1,15,2,8,41.91548292,-87.65567544
04/19/2020 09:33:00 AM,30,TRAFFIC SIGNAL,CLEAR,DAYLIGHT,DIVIDED - W/MEDIAN (NOT RAISED),DRY,INJURY AND / OR TOW DUE TO CRASH,,UNABLE TO DETERMINE,2600,S,WENTWORTH AVE,,NONINCAPACITATING INJURY,0,0,1,9,1,4,41.84549494,-87.63197043
09/25/2017 05:25:00 PM,30,STOP SIGN/FLASHER,CLEAR,DAYLIGHT,DIVIDED - W/MEDIAN (NOT RAISED),DRY,NO INJURY / DRIVE AWAY,Y,IMPROPER OVERTAKING/PASSING,4659,N,CLARK ST,,NO INDICATION OF INJURY,0,0,0,17,2,9,41.96700507,-87.66695423
08/23/2020 12:36:00 PM,30,NO CONTROLS,CLEAR,DAYLIGHT,NOT DIVIDED,DRY,INJURY AND / OR TOW DUE TO CRASH,,UNABLE TO DETERMINE,711,W,BELMONT AVE,,INCAPACITATING INJURY,0,1,0,12,1,8,41.93989938,-87.64733232
6/5/2021 18:30,30,UNKNOWN,CLEAR,DAYLIGHT,UNKNOWN,DRY,INJURY AND / OR TOW DUE TO CRASH,Y,UNABLE TO DETERMINE,2233,W,DIVISION ST,,NONINCAPACITATING INJURY,0,0,1,18,7,6,41.90297191,-87.68348493
08/25/2023 07:20:00 PM,30,STOP SIGN/FLASHER,CLEAR,DAYLIGHT,DIVIDED - W/MEDIAN (NOT RAISED),DRY,INJURY AND / OR TOW DUE TO CRASH,,FAILING TO YIELD RIGHT-OF-WAY,1332,N,DAMEN AVE,,"REPORTED, NOT EVIDENT",0,0,0,19,6,8,41.90595635,-87.67748622
11/17/2017 09:00:00 PM,30,NO CONTROLS,RAIN,DARKNESS,DIVIDED - W/MEDIAN (NOT RAISED),WET,NO INJURY / DRIVE AWAY,,WEATHER,3600,S,KEDZIE AVE,,NO INDICATION OF INJURY,0,0,0,21,6,11,41.82803514,-87.70469773
08/22/2020 02:45:00 PM,30,NO CONTROLS,CLEAR,DAYLIGHT,NOT DIVIDED,DRY,NO INJURY / DRIVE AWAY,,UNABLE TO DETERMINE,1811,S,CANALPORT AVE,,NO INDICATION OF INJURY,0,0,0,14,7,8,41.85730013,-87.64036229
06/19/2023 08:19:00 PM,30,TRAFFIC SIGNAL,CLEAR,DUSK,NOT DIVIDED,DRY,INJURY AND / OR TOW DUE TO CRASH,,DRIVING SKILLS/KNOWLEDGE/EXPERIENCE,11510,S,STATE ST,,"REPORTED, NOT EVIDENT",0,0,0,20,2,6,41.68499406,-87.62302731
07/22/2022 03:40:00 PM,25,NO CONTROLS,CLEAR,DAYLIGHT,ONE-WAY,DRY,INJURY AND / OR TOW DUE TO CRASH,,UNABLE TO DETERMINE,1237,W,FARWELL AVE,,NONINCAPACITATING INJURY,0,0,1,15,6,7,42.00663652,-87.66276036
10/8/2018 17:54,30,NO CONTROLS,CLEAR,"DARKNESS, LIGHTED ROAD",NOT DIVIDED,DRY,INJURY AND / OR TOW DUE TO CRASH,,UNABLE TO DETERMINE,160,W,KINZIE ST,,NONINCAPACITATING INJURY,0,0,1,17,2,10,41.8892816,-87.63349105
03/17/2022 03:48:00 PM,30,TRAFFIC SIGNAL,CLEAR,DAYLIGHT,NOT DIVIDED,UNKNOWN,INJURY AND / OR TOW DUE TO CRASH,,UNABLE TO DETERMINE,1200,N,CLARK ST,,"REPORTED, NOT EVIDENT",0,0,0,15,5,3,41.90399233,-87.6315949
10/15/2019 05:50:00 PM,25,NO CONTROLS,CLEAR,DAYLIGHT,NOT DIVIDED,DRY,NO INJURY / DRIVE AWAY,,IMPROPER OVERTAKING/PASSING,6032,W,DEVON AVE,,NO INDICATION OF INJURY,0,0,0,17,3,10,41.99753258,-87.77899988
08/30/2019 12:34:00 PM,30,TRAFFIC SIGNAL,CLEAR,DAYLIGHT,NOT DIVIDED,DRY,INJURY AND / OR TOW DUE TO CRASH,Y,IMPROPER TURNING/NO SIGNAL,1746,N,CLYBOURN AVE,,NONINCAPACITATING INJURY,0,0,1,12,6,8,41.91282007,-87.65238796
11/7/2017 9:20,30,NO CONTROLS,CLEAR,DAYLIGHT,NOT DIVIDED,DRY,INJURY AND / OR TOW DUE TO CRASH,Y,FAILING TO YIELD RIGHT-OF-WAY,2555,W,TOUHY AVE,,NONINCAPACITATING INJURY,0,0,1,9,3,11,42.01207042,-87.69480592
10/2/2019 21:10,30,TRAFFIC SIGNAL,RAIN,"DARKNESS, LIGHTED ROAD",FOUR WAY,WET,INJURY AND / OR TOW DUE TO CRASH,,UNABLE TO DETERMINE,300,E,ILLINOIS ST,,"REPORTED, NOT EVIDENT",0,0,0,21,4,10,41.89111388,-87.62019942
09/21/2015 04:25:00 PM,30,NO CONTROLS,CLEAR,DAYLIGHT,ONE-WAY,DRY,NO INJURY / DRIVE AWAY,Y,UNABLE TO DETERMINE,330,W,ADAMS ST,,NO INDICATION OF INJURY,0,0,0,16,2,9,41.87946854,-87.63613749
12/23/2017 11:30:00 AM,30,STOP SIGN/FLASHER,CLEAR,DAYLIGHT,DIVIDED - W/MEDIAN (NOT RAISED),DRY,INJURY AND / OR TOW DUE TO CRASH,,UNABLE TO DETERMINE,300,N,KILBOURN AVE,,NONINCAPACITATING INJURY,0,0,1,11,7,12,41.88538569,-87.73823132
5/3/2020 21:40,30,NO CONTROLS,CLEAR,"DARKNESS, LIGHTED ROAD",NOT DIVIDED,DRY,INJURY AND / OR TOW DUE TO CRASH,,UNABLE TO DETERMINE,445,N,CENTRAL AVE,,NONINCAPACITATING INJURY,0,0,1,21,1,5,41.88909823,-87.76502577
06/14/2023 09:10:00 AM,30,NO CONTROLS,CLEAR,DAYLIGHT,NOT DIVIDED,DRY,NO INJURY / DRIVE AWAY,Y,IMPROPER LANE USAGE,567,W,LAKE ST,,NO INDICATION OF INJURY,0,0,0,9,4,6,41.88559429,-87.642526
08/18/2020 02:30:00 PM,30,STOP SIGN/FLASHER,CLEAR,DAYLIGHT,NOT DIVIDED,DRY,INJURY AND / OR TOW DUE TO CRASH,,UNABLE TO DETERMINE,9300,S,GREENWOOD AVE,,NONINCAPACITATING INJURY,0,0,1,14,3,8,41.72577511,-87.59744754
01/22/2020 08:30:00 AM,30,NO CONTROLS,CLEAR,DAYLIGHT,NOT DIVIDED,DRY,INJURY AND / OR TOW DUE TO CRASH,,NOT APPLICABLE,5213,W,CHICAGO AVE,Y,INCAPACITATING INJURY,0,1,0,8,4,1,41.89481556,-87.75621016
8/5/2018 13:05,35,STOP SIGN/FLASHER,CLEAR,DAYLIGHT,ONE-WAY,DRY,INJURY AND / OR TOW DUE TO CRASH,,DRIVING ON WRONG SIDE/WRONG WAY,1851,S,TRUMBULL AVE,,NONINCAPACITATING INJURY,0,0,1,13,1,8,41.8558011,-87.71119806
02/14/2023 05:10:00 PM,30,TRAFFIC SIGNAL,RAIN,"DARKNESS, LIGHTED ROAD",NOT DIVIDED,WET,NO INJURY / DRIVE AWAY,,UNABLE TO DETERMINE,1558,W,BLACKHAWK ST,,NO INDICATION OF INJURY,0,0,0,17,3,2,41.90710665,-87.66750243
05/24/2023 09:10:00 AM,30,NO CONTROLS,CLEAR,DAYLIGHT,NOT DIVIDED,DRY,INJURY AND / OR TOW DUE TO CRASH,,FAILING TO YIELD RIGHT-OF-WAY,1524,W,TAYLOR ST,Y,"REPORTED, NOT EVIDENT",0,0,0,9,4,5,41.86939364,-87.66515239
5/3/2018 9:05,30,TRAFFIC SIGNAL,CLOUDY/OVERCAST,DAYLIGHT,NOT DIVIDED,WET,INJURY AND / OR TOW DUE TO CRASH,,DRIVING SKILLS/KNOWLEDGE/EXPERIENCE,100,N,WACKER DR,,NONINCAPACITATING INJURY,0,0,1,9,5,5,41.88326168,-87.63719466
07/19/2023 09:10:00 AM,30,STOP SIGN/FLASHER,CLEAR,DAYLIGHT,FOUR WAY,DRY,INJURY AND / OR TOW DUE TO CRASH,,UNABLE TO DETERMINE,6730,S,SPRINGFIELD AVE,,NONINCAPACITATING INJURY,0,0,1,9,4,7,41.77054508,-87.72024788
05/24/2018 06:57:00 PM,30,TRAFFIC SIGNAL,CLEAR,DAYLIGHT,DIVIDED - W/MEDIAN (NOT RAISED),DRY,INJURY AND / OR TOW DUE TO CRASH,Y,DISREGARDING TRAFFIC SIGNALS,1599,W,18TH ST,,NONINCAPACITATING INJURY,0,0,1,18,5,5,41.85768879,-87.66601182
03/26/2018 10:20:00 PM,30,NO CONTROLS,RAIN,"DARKNESS, LIGHTED ROAD",NOT DIVIDED,WET,INJURY AND / OR TOW DUE TO CRASH,Y,FAILING TO YIELD RIGHT-OF-WAY,2299,N,CLYBOURN AVE,N,NONINCAPACITATING INJURY,0,0,1,22,2,3,41.92370803,-87.66710492
05/25/2021 01:00:00 PM,15,NO CONTROLS,CLEAR,DAYLIGHT,DIVIDED - W/MEDIAN (NOT RAISED),DRY,INJURY AND / OR TOW DUE TO CRASH,,UNABLE TO DETERMINE,9400,S,ASHLAND AVE,,"REPORTED, NOT EVIDENT",0,0,0,13,3,5,41.72294122,-87.66286287
01/17/2020 01:45:00 PM,20,YIELD,CLOUDY/OVERCAST,DAYLIGHT,OTHER,DRY,INJURY AND / OR TOW DUE TO CRASH,,UNABLE TO DETERMINE,2500,S,SAWYER AVE,,"REPORTED, NOT EVIDENT",0,0,0,13,6,1,41.84621824,-87.70645446
10/13/2018 08:43:00 AM,30,NO CONTROLS,SNOW,DAYLIGHT,ALLEY,DRY,INJURY AND / OR TOW DUE TO CRASH,,UNABLE TO DETERMINE,4744,S,PAULINA ST,,NONINCAPACITATING INJURY,0,0,1,8,7,10,41.8072442,-87.66751112
11/30/2021 04:00:00 PM,30,NO CONTROLS,CLEAR,DAYLIGHT,DIVIDED - W/MEDIAN (NOT RAISED),DRY,INJURY AND / OR TOW DUE TO CRASH,Y,IMPROPER TURNING/NO SIGNAL,2701,N,CLARK ST,,NONINCAPACITATING INJURY,0,0,1,16,3,11,41.93140752,-87.64415515
8/11/2023 17:00,30,NO CONTROLS,CLEAR,DAYLIGHT,PARKING LOT,DRY,INJURY AND / OR TOW DUE TO CRASH,,FAILING TO YIELD RIGHT-OF-WAY,515,W,KINZIE ST,,"REPORTED, NOT EVIDENT",0,0,0,17,6,8,41.8889364,-87.64035111