CRASH_DATE,POSTED_SPEED_LIMIT,TRAFFIC_CONTROL_DEVICE,WEATHER_CONDITION,LIGHTING_CONDITION,TRAFFICWAY_TYPE,ROADWAY_SURFACE_COND,CRASH_TYPE,HIT_AND_RUN_I,PRIM_CONTRIBUTORY_CAUSE,STREET_NO,STREET_DIRECTION,STREET_NAME,DOORING_I,MOST_SEVERE_INJURY,INJURIES_FATAL,INJURIES_INCAPACITATING,INJURIES_NON_INCAPACITATING,CRASH_HOUR,CRASH_DAY_OF_WEEK,CRASH_MONTH,LATITUDE,LONGITUDE
01/13/2021 08:31:00 PM,35,TRAFFIC SIGNAL,CLEAR,"DARKNESS, LIGHTED ROAD",DIVIDED - W/MEDIAN (NOT RAISED),DRY,INJURY AND / OR TOW DUE TO CRASH,,FAILING TO YIELD RIGHT-OF-WAY,2301,W,LOGAN BLVD,,INCAPACITATING INJURY,0,1,0,20,4,1,41.93035435,-87.6853464
9/11/2018 13:52,30,STOP SIGN/FLASHER,CLEAR,DAYLIGHT,NOT DIVIDED,DRY,NO INJURY / DRIVE AWAY,,UNABLE TO DETERMINE,1100,W,BRYN MAWR AVE,,NO INDICATION OF INJURY,0,0,0,13,3,9,41.98376648,-87.65811162
5/9/2018 20:18,30,NO CONTROLS,CLEAR,DUSK,ONE-WAY,DRY,INJURY AND / OR TOW DUE TO CRASH,,FAILING TO YIELD RIGHT-OF-WAY,3632,W,DOUGLAS BLVD,,INCAPACITATING INJURY,0,1,0,20,4,5,41.86294708,-87.71647993
02/29/2020 10:15:00 PM,30,STOP SIGN/FLASHER,CLEAR,DARKNESS,FOUR WAY,DRY,INJURY AND / OR TOW DUE TO CRASH,Y,DISREGARDING STOP SIGN,6300,W,BYRON ST,,NONINCAPACITATING INJURY,0,0,1,22,7,2,41.95123814,-87.78416062
07/19/2019 09:12:00 AM,20,NO CONTROLS,CLEAR,DAYLIGHT,NOT DIVIDED,DRY,INJURY AND / OR TOW DUE TO CRASH,,FAILING TO YIELD RIGHT-OF-WAY,2114,N,PARKSIDE AVE,,INCAPACITATING INJURY,0,1,0,9,6,7,41.91859304,-87.76715005
01/18/2023 09:09:00 AM,30,TRAFFIC SIGNAL,CLEAR,DAYLIGHT,ONE-WAY,DRY,INJURY AND / OR TOW DUE TO CRASH,,UNABLE TO DETERMINE,555,W,MONROE ST,,NONINCAPACITATING INJURY,0,0,1,9,4,1,41.88044791,-87.64183898
12/13/2019 06:07:00 PM,25,UNKNOWN,CLEAR,DUSK,FOUR WAY,DRY,NO INJURY / DRIVE AWAY,,UNABLE TO DETERMINE,502,N,MILWAUKEE AVE,N,NO INDICATION OF INJURY,0,0,0,18,6,12,41.8912019,-87.64785263
07/29/2017 05:43:00 PM,30,NO CONTROLS,CLEAR,DAYLIGHT,NOT DIVIDED,DRY,INJURY AND / OR TOW DUE TO CRASH,,FAILING TO YIELD RIGHT-OF-WAY,3734,W,WILSON AVE,,NONINCAPACITATING INJURY,0,0,1,17,7,7,41.96477142,-87.72200318
08/17/2023 04:25:00 PM,30,NO CONTROLS,CLEAR,DAYLIGHT,OTHER,DRY,INJURY AND / OR TOW DUE TO CRASH,Y,UNABLE TO DETERMINE,6346,N,CLARK ST,,NONINCAPACITATING INJURY,0,0,1,16,5,8,41.99758526,-87.67061216
04/26/2021 05:30:00 PM,30,TRAFFIC SIGNAL,CLEAR,DAYLIGHT,ONE-WAY,DRY,NO INJURY / DRIVE AWAY,,FAILING TO YIELD RIGHT-OF-WAY,2400,N,SAYRE AVE,,NO INDICATION OF INJURY,0,0,0,17,2,4,41.92358044,-87.80088531
05/20/2020 07:47:00 AM,30,TRAFFIC SIGNAL,CLEAR,DAYLIGHT,DIVIDED - W/MEDIAN (NOT RAISED),DRY,INJURY AND / OR TOW DUE TO CRASH,,FAILING TO REDUCE SPEED TO AVOID CRASH,653,W,TAYLOR ST,,INCAPACITATING INJURY,0,1,0,7,4,5,41.8695874,-87.64366396
05/25/2021 08:45:00 AM,30,STOP SIGN/FLASHER,CLEAR,DAYLIGHT,FOUR WAY,DRY,INJURY AND / OR TOW DUE TO CRASH,,FAILING TO REDUCE SPEED TO AVOID CRASH,1000,N,CAMPBELL AVE,,NONINCAPACITATING INJURY,0,0,1,8,3,5,41.8993977,-87.68954424
4/12/2023 10:11,30,NO CONTROLS,CLEAR,DAYLIGHT,ONE-WAY,DRY,INJURY AND / OR TOW DUE TO CRASH,,NOT APPLICABLE,203,N,CLARK ST,Y,NONINCAPACITATING INJURY,0,0,1,10,4,4,41.88601805,-87.63083646
06/29/2020 04:05:00 PM,30,STOP SIGN/FLASHER,RAIN,DAYLIGHT,NOT DIVIDED,WET,INJURY AND / OR TOW DUE TO CRASH,,FAILING TO YIELD RIGHT-OF-WAY,2449,S,ARCHER AVE,,NONINCAPACITATING INJURY,0,0,1,16,2,6,41.84803762,-87.64448944
10/5/2023 18:16,25,NO CONTROLS,CLEAR,DAYLIGHT,ONE-WAY,DRY,NO INJURY / DRIVE AWAY,Y,UNABLE TO DETERMINE,2726,W,WELLINGTON AVE,,NO INDICATION OF INJURY,0,0,0,18,5,10,41.93586305,-87.69636799
07/23/2021 08:27:00 AM,35,TRAFFIC SIGNAL,CLEAR,DAYLIGHT,T-INTERSECTION,DRY,INJURY AND / OR TOW DUE TO CRASH,,FAILING TO YIELD RIGHT-OF-WAY,1198,N,MILWAUKEE AVE,,INCAPACITATING INJURY,0,1,0,8,6,7,41.90324661,-87.66653623
8/5/2019 15:10,20,STOP SIGN/FLASHER,CLEAR,DAYLIGHT,ONE-WAY,DRY,INJURY AND / OR TOW DUE TO CRASH,,DRIVING ON WRONG SIDE/WRONG WAY,3500,W,THOMAS ST,,NONINCAPACITATING INJURY,0,0,1,15,2,8,41.90105987,-87.71411933
8/1/2018 18:30,15,NO CONTROLS,CLEAR,DAYLIGHT,ALLEY,DRY,INJURY AND / OR TOW DUE TO CRASH,Y,FAILING TO YIELD RIGHT-OF-WAY,619,N,KEDZIE AVE,,NONINCAPACITATING INJURY,0,0,1,18,4,8,41.89250077,-87.70631776
05/30/2020 11:20:00 PM,30,NO CONTROLS,CLEAR,"DARKNESS, LIGHTED ROAD",ONE-WAY,DRY,INJURY AND / OR TOW DUE TO CRASH,Y,UNABLE TO DETERMINE,735,N,WABASH AVE,,NONINCAPACITATING INJURY,0,0,2,23,7,5,41.89588872,-87.62668389
08/19/2023 06:50:00 PM,30,STOP SIGN/FLASHER,CLEAR,DAYLIGHT,FOUR WAY,DRY,INJURY AND / OR TOW DUE TO CRASH,,UNABLE TO DETERMINE,1959,E,73RD PL,,"REPORTED, NOT EVIDENT",0,0,0,18,7,8,41.76148646,-87.57696449
5/4/2021 19:00,30,NO CONTROLS,RAIN,DAYLIGHT,NOT DIVIDED,WET,NO INJURY / DRIVE AWAY,,UNABLE TO DETERMINE,10500,S,AVENUE L,,NO INDICATION OF INJURY,0,0,0,19,3,5,41.70447671,-87.53664072
8/12/2019 18:21,30,TRAFFIC SIGNAL,FREEZING RAIN/DRIZZLE,DAYLIGHT,FOUR WAY,WET,INJURY AND / OR TOW DUE TO CRASH,,DISREGARDING TRAFFIC SIGNALS,1599,W,WRIGHTWOOD AVE,,NONINCAPACITATING INJURY,0,0,1,18,2,8,41.92866738,-87.66820804
6/6/2021 14:22,30,NO CONTROLS,CLEAR,DAYLIGHT,DIVIDED - W/MEDIAN (NOT RAISED),DRY,INJURY AND / OR TOW DUE TO CRASH,,IMPROPER OVERTAKING/PASSING,1511,N,MILWAUKEE AVE,,INCAPACITATING INJURY,0,1,0,14,1,6,41.90903765,-87.67514592
08/24/2021 05:15:00 PM,30,TRAFFIC SIGNAL,CLEAR,DAYLIGHT,NOT DIVIDED,DRY,INJURY AND / OR TOW DUE TO CRASH,,UNABLE TO DETERMINE,3200,N,LAKE SHORE DR,,"REPORTED, NOT EVIDENT",0,0,0,17,3,8,41.94090916,-87.63936916
08/31/2020 01:00:00 PM,30,NO CONTROLS,CLEAR,DAYLIGHT,ONE-WAY,DRY,NO INJURY / DRIVE AWAY,,UNABLE TO DETERMINE,1900,N,HUMBOLDT BLVD,,NO INDICATION OF INJURY,0,0,0,13,2,8,41.91571189,-87.70218517
05/23/2021 11:35:00 AM,30,NO CONTROLS,CLEAR,DAYLIGHT,DIVIDED - W/MEDIAN (NOT RAISED),DRY,INJURY AND / OR TOW DUE TO CRASH,,FAILING TO YIELD RIGHT-OF-WAY,1557,N,KINGSBURY ST,,NONINCAPACITATING INJURY,0,0,1,11,1,5,41.90970555,-87.65295891
09/20/2020 02:30:00 PM,20,NO CONTROLS,CLEAR,DAYLIGHT,ALLEY,DRY,INJURY AND / OR TOW DUE TO CRASH,,UNABLE TO DETERMINE,1421,W,LAWRENCE AVE,,INCAPACITATING INJURY,0,1,0,14,1,9,41.96882784,-87.66535449
07/28/2018 12:45:00 PM,25,TRAFFIC SIGNAL,CLEAR,DAYLIGHT,NOT DIVIDED,DRY,INJURY AND / OR TOW DUE TO CRASH,,NOT APPLICABLE,1200,W,LAWRENCE AVE,,NONINCAPACITATING INJURY,0,0,1,12,7,7,41.96913356,-87.65974336
09/20/2020 04:00:00 PM,30,NO CONTROLS,CLEAR,DAYLIGHT,NOT DIVIDED,UNKNOWN,NO INJURY / DRIVE AWAY,,DRIVING SKILLS/KNOWLEDGE/EXPERIENCE,847,W,WRIGHTWOOD AVE,Y,NO INDICATION OF INJURY,0,0,0,16,1,9,41.92894816,-87.65066677
5/9/2019 18:00,30,TRAFFIC SIGNAL,CLEAR,DAYLIGHT,DIVIDED - W/MEDIAN BARRIER,DRY,INJURY AND / OR TOW DUE TO CRASH,Y,FAILING TO YIELD RIGHT-OF-WAY,3158,W,NORTH AVE,,"REPORTED, NOT EVIDENT",0,0,0,18,5,5,41.91022526,-87.70689606
06/30/2018 07:30:00 PM,30,NO CONTROLS,CLEAR,DAYLIGHT,NOT DIVIDED,DRY,NO INJURY / DRIVE AWAY,,UNABLE TO DETERMINE,40,W,CHICAGO AVE,,NO INDICATION OF INJURY,0,0,0,19,7,6,41.89676634,-87.62969854
05/31/2018 06:21:00 AM,30,STOP SIGN/FLASHER,CLEAR,DAYLIGHT,DIVIDED - W/MEDIAN (NOT RAISED),DRY,INJURY AND / OR TOW DUE TO CRASH,,FAILING TO YIELD RIGHT-OF-WAY,6121,W,HIGGINS AVE,,NONINCAPACITATING INJURY,0,0,1,6,5,5,41.97413549,-87.78158978
08/27/2019 11:00:00 PM,30,STOP SIGN/FLASHER,CLEAR,"DARKNESS, LIGHTED ROAD",NOT DIVIDED,DRY,INJURY AND / OR TOW DUE TO CRASH,Y,UNABLE TO DETERMINE,10700,S,PERRY AVE,,NONINCAPACITATING INJURY,0,0,1,23,3,8,41.69974941,-87.62584253
2/4/2019 18:30,30,TRAFFIC SIGNAL,CLEAR,"DARKNESS, LIGHTED ROAD",NOT DIVIDED,DRY,NO INJURY / DRIVE AWAY,,FAILING TO YIELD RIGHT-OF-WAY,540,W,LAKE ST,,NO INDICATION OF INJURY,0,0,0,18,2,2,41.88580944,-87.64138545
07/24/2023 09:10:00 AM,30,NO CONTROLS,CLEAR,DAYLIGHT,NOT DIVIDED,DRY,INJURY AND / OR TOW DUE TO CRASH,,UNABLE TO DETERMINE,199,E,CHICAGO AVE,,NONINCAPACITATING INJURY,0,0,1,9,2,7,41.89664685,-87.62267116
6/10/2022 15:45,30,UNKNOWN,CLEAR,DAYLIGHT,FOUR WAY,UNKNOWN,INJURY AND / OR TOW DUE TO CRASH,,FAILING TO YIELD RIGHT-OF-WAY,441,N,HALSTED ST,,INCAPACITATING INJURY,0,1,0,15,6,6,41.89013841,-87.64746053
5/9/2020 10:57,30,NO CONTROLS,CLEAR,DAYLIGHT,NOT DIVIDED,DRY,INJURY AND / OR TOW DUE TO CRASH,Y,IMPROPER BACKING,901,W,ROSEMONT AVE,,"REPORTED, NOT EVIDENT",0,0,0,10,7,5,41.99632651,-87.65458396
11/7/2018 17:40,30,NO CONTROLS,CLEAR,"DARKNESS, LIGHTED ROAD",DIVIDED - W/MEDIAN (NOT RAISED),DRY,NO INJURY / DRIVE AWAY,,IMPROPER LANE USAGE,2634,S,CENTRAL PARK AVE,,NO INDICATION OF INJURY,0,0,0,17,4,11,41.84332351,-87.71490308
12/10/2015 23:45,30,TRAFFIC SIGNAL,CLEAR,DAYLIGHT,DIVIDED - W/MEDIAN (NOT RAISED),DRY,INJURY AND / OR TOW DUE TO CRASH,Y,FAILING TO YIELD RIGHT-OF-WAY,1422,N,LA SALLE DR,,"REPORTED, NOT EVIDENT",0,0,0,23,5,12,41.90837681,-87.63321325
05/22/2018 05:39:00 PM,30,NO CONTROLS,CLEAR,DAYLIGHT,ONE-WAY,DRY,INJURY AND / OR TOW DUE TO CRASH,,UNABLE TO DETERMINE,340,N,DEARBORN ST,,NONINCAPACITATING INJURY,0,0,1,17,3,5,41.88863264,-87.62971277
9/11/2019 15:20,30,TRAFFIC SIGNAL,CLEAR,DAYLIGHT,NOT DIVIDED,DRY,NO INJURY / DRIVE AWAY,,FAILING TO YIELD RIGHT-OF-WAY,1400,W,CERMAK RD,N,NO INDICATION OF INJURY,0,0,0,15,4,9,41.85252617,-87.66129007
09/24/2023 05:30:00 PM,25,NO CONTROLS,CLEAR,DAYLIGHT,NOT DIVIDED,DRY,NO INJURY / DRIVE AWAY,,UNABLE TO DETERMINE,4555,S,WESTERN BLVD,,NO INDICATION OF INJURY,0,0,0,17,1,9,41.81045155,-87.6837744
9/3/2019 9:55,30,STOP SIGN/FLASHER,RAIN,DAYLIGHT,NOT DIVIDED,WET,INJURY AND / OR TOW DUE TO CRASH,Y,UNABLE TO DETERMINE,1400,W,77TH ST,,"REPORTED, NOT EVIDENT",0,0,0,9,3,9,41.75417316,-87.65876671
09/27/2022 11:53:00 PM,30,TRAFFIC SIGNAL,CLEAR,"DARKNESS, LIGHTED ROAD",FOUR WAY,DRY,INJURY AND / OR TOW DUE TO CRASH,Y,NOT APPLICABLE,8300,S,ASHLAND AVE,,NONINCAPACITATING INJURY,0,0,1,23,3,9,41.74298409,-87.66339656
3/11/2021 17:45,30,TRAFFIC SIGNAL,CLEAR,"DARKNESS, LIGHTED ROAD",T-INTERSECTION,DRY,INJURY AND / OR TOW DUE TO CRASH,Y,FAILING TO YIELD RIGHT-OF-WAY,599,W,31ST ST,,NONINCAPACITATING INJURY,0,0,1,17,5,3,41.83799863,-87.64135118
2/1/2022 10:51,30,TRAFFIC SIGNAL,CLEAR,DAYLIGHT,ONE-WAY,WET,NO INJURY / DRIVE AWAY,,IMPROPER TURNING/NO SIGNAL,530,N,WELLS ST,,NO INDICATION OF INJURY,0,0,0,10,3,2,41.89162446,-87.63421675
10/1/2019 7:30,30,STOP SIGN/FLASHER,CLEAR,DAYLIGHT,FOUR WAY,DRY,NO INJURY / DRIVE AWAY,,FAILING TO YIELD RIGHT-OF-WAY,958,S,WOOD ST,Y,NO INDICATION OF INJURY,0,0,0,7,3,10,41.86924115,-87.67156672
09/27/2023 12:00:00 PM,30,NO CONTROLS,CLEAR,DAYLIGHT,NOT DIVIDED,DRY,NO INJURY / DRIVE AWAY,,"VISION OBSCURED (SIGNS, TREE LIMBS, BUILDINGS, ETC.)",1126,W,CHESTNUT ST,,NO INDICATION OF INJURY,0,0,0,12,4,9,41.89848449,-87.6564524
10/21/2017 01:29:00 PM,30,STOP SIGN/FLASHER,CLEAR,DAYLIGHT,DIVIDED - W/MEDIAN (NOT RAISED),DRY,INJURY AND / OR TOW DUE TO CRASH,,UNABLE TO DETERMINE,600,W,FOSTER DR,,"REPORTED, NOT EVIDENT",0,0,0,13,7,10,41.97660712,-87.64711801
11/9/2021 17:35,30,TRAFFIC SIGNAL,CLEAR,"DARKNESS, LIGHTED ROAD",FOUR WAY,DRY,INJURY AND / OR TOW DUE TO CRASH,,UNABLE TO DETERMINE,1201,N,MILWAUKEE AVE,,NONINCAPACITATING INJURY,0,0,1,17,3,11,41.9034747,-87.66644118
2/4/2023 19:50,30,NO CONTROLS,CLEAR,"DARKNESS, LIGHTED ROAD",NOT DIVIDED,DRY,INJURY AND / OR TOW DUE TO CRASH,,FAILING TO YIELD RIGHT-OF-WAY,5681,N,ELSTON AVE,,"REPORTED, NOT EVIDENT",0,0,0,19,7,2,41.98473299,-87.76752729
9/12/2019 20:26,30,STOP SIGN/FLASHER,CLEAR,"DARKNESS, LIGHTED ROAD",FOUR WAY,DRY,INJURY AND / OR TOW DUE TO CRASH,,DISREGARDING STOP SIGN,2950,W,CORTLAND ST,,NONINCAPACITATING INJURY,0,0,1,20,5,9,41.91574561,-87.70129325
07/29/2021 03:05:00 PM,30,TRAFFIC SIGNAL,CLEAR,DAYLIGHT,DIVIDED - W/MEDIAN (NOT RAISED),DRY,INJURY AND / OR TOW DUE TO CRASH,,DISREGARDING TRAFFIC SIGNALS,800,W,95TH ST,,NONINCAPACITATING INJURY,0,0,1,15,5,7,41.7215669,-87.6432753
04/13/2022 02:00:00 PM,30,NO CONTROLS,CLEAR,DAYLIGHT,DIVIDED - W/MEDIAN (NOT RAISED),DRY,INJURY AND / OR TOW DUE TO CRASH,,FAILING TO YIELD RIGHT-OF-WAY,3099,S,ARCHER AVE,,INCAPACITATING INJURY,0,1,0,14,4,4,41.83762566,-87.66560485
06/25/2020 06:53:00 AM,30,TRAFFIC SIGNAL,CLEAR,DAYLIGHT,NOT DIVIDED,DRY,NO INJURY / DRIVE AWAY,,"VISION OBSCURED (SIGNS, TREE LIMBS, BUILDINGS, ETC.)",1000,W,BELMONT AVE,,NO INDICATION OF INJURY,0,0,0,6,5,6,41.94002036,-87.65417211
10/15/2023 11:41:00 AM,25,STOP SIGN/FLASHER,CLEAR,DAYLIGHT,FOUR WAY,DRY,NO INJURY / DRIVE AWAY,,IMPROPER LANE USAGE,6401,S,UNIVERSITY AVE,,NO INDICATION OF INJURY,0,0,0,11,1,10,41.77849822,-87.59761127
12/2/2020 15:15,30,TRAFFIC SIGNAL,CLEAR,DAYLIGHT,NOT DIVIDED,DRY,INJURY AND / OR TOW DUE TO CRASH,,UNABLE TO DETERMINE,5800,N,SHERIDAN RD,,NONINCAPACITATING INJURY,0,0,1,15,4,12,41.9874468,-87.655453
10/3/2023 16:57,30,TRAFFIC SIGNAL,CLEAR,DAYLIGHT,FOUR WAY,DRY,INJURY AND / OR TOW DUE TO CRASH,,DISREGARDING OTHER TRAFFIC SIGNS,779,E,MARQUETTE RD,,NONINCAPACITATING INJURY,0,0,1,16,3,10,41.77484968,-87.60586982
08/21/2023 08:33:00 AM,30,TRAFFIC SIGNAL,CLEAR,DAYLIGHT,NOT DIVIDED,DRY,INJURY AND / OR TOW DUE TO CRASH,,RELATED TO BUS STOP,1400,W,18TH ST,,NONINCAPACITATING INJURY,0,0,1,8,2,8,41.85798416,-87.66139212
6/10/2023 18:30,30,STOP SIGN/FLASHER,CLEAR,DAYLIGHT,FOUR WAY,DRY,INJURY AND / OR TOW DUE TO CRASH,,FAILING TO YIELD RIGHT-OF-WAY,4200,W,59TH ST,,"REPORTED, NOT EVIDENT",0,0,0,18,7,6,41.78599526,-87.7279146
10/23/2023 11:50:00 AM,25,NO CONTROLS,CLEAR,DAYLIGHT,NOT DIVIDED,DRY,NO INJURY / DRIVE AWAY,,UNABLE TO DETERMINE,1244,N,CLARK ST,,NO INDICATION OF INJURY,0,0,0,11,2,10,41.90519309,-87.6316341
11/7/2018 16:34,30,TRAFFIC SIGNAL,CLEAR,DAWN,DIVIDED - W/MEDIAN (NOT RAISED),DRY,NO INJURY / DRIVE AWAY,,UNABLE TO DETERMINE,801,W,51ST ST,,NO INDICATION OF INJURY,0,0,0,16,4,11,41.80147327,-87.64546383
7/6/2018 17:48,30,NO CONTROLS,CLEAR,DAYLIGHT,NOT DIVIDED,DRY,NO INJURY / DRIVE AWAY,,FAILING TO YIELD RIGHT-OF-WAY,700,W,OAKDALE AVE,,NO INDICATION OF INJURY,0,0,0,17,6,7,41.93572836,-87.64722659
09/13/2021 03:19:00 PM,20,NO CONTROLS,CLEAR,DAYLIGHT,ROUNDABOUT,DRY,NO INJURY / DRIVE AWAY,Y,UNABLE TO DETERMINE,2700,N,MONITOR AVE,,NO INDICATION OF INJURY,0,0,0,15,2,9,41.92945195,-87.77240747
07/28/2022 01:00:00 PM,30,UNKNOWN,CLEAR,DAYLIGHT,NOT DIVIDED,DRY,NO INJURY / DRIVE AWAY,Y,FOLLOWING TOO CLOSELY,3702,W,64TH ST,,NO INDICATION OF INJURY,0,0,0,13,5,7,41.77704877,-87.71555831
8/10/2021 9:01,30,NO CONTROLS,CLEAR,DAYLIGHT,NOT DIVIDED,DRY,INJURY AND / OR TOW DUE TO CRASH,Y,NOT APPLICABLE,5500,N,BROADWAY,,NONINCAPACITATING INJURY,0,0,1,9,3,8,41.98188733,-87.66016741
6/2/2020 21:00,30,NO CONTROLS,CLEAR,"DARKNESS, LIGHTED ROAD",NOT DIVIDED,DRY,INJURY AND / OR TOW DUE TO CRASH,Y,FAILING TO REDUCE SPEED TO AVOID CRASH,1614,E,84TH ST,,NONINCAPACITATING INJURY,0,0,1,21,3,6,41.74250367,-87.58467125
07/21/2022 05:40:00 PM,30,STOP SIGN/FLASHER,CLEAR,DAYLIGHT,FOUR WAY,DRY,NO INJURY / DRIVE AWAY,,DISREGARDING STOP SIGN,2300,W,IOWA ST,,NO INDICATION OF INJURY,0,0,0,17,5,7,41.8977134,-87.68457046
07/25/2023 01:30:00 PM,30,NO CONTROLS,CLEAR,DAYLIGHT,NOT DIVIDED,DRY,INJURY AND / OR TOW DUE TO CRASH,,UNABLE TO DETERMINE,2235,N,SHEFFIELD AVE,Y,NONINCAPACITATING INJURY,0,0,1,13,3,7,41.92279085,-87.65337747
6/4/2018 18:54,5,NO CONTROLS,CLEAR,DUSK,PARKING LOT,DRY,NO INJURY / DRIVE AWAY,,"VISION OBSCURED (SIGNS, TREE LIMBS, BUILDINGS, ETC.)",4850,W,FULLERTON AVE,,NO INDICATION OF INJURY,0,0,0,18,2,6,41.92432139,-87.74833332
07/19/2019 03:51:00 PM,30,NO CONTROLS,CLEAR,DAYLIGHT,DIVIDED - W/MEDIAN (NOT RAISED),DRY,NO INJURY / DRIVE AWAY,Y,NOT APPLICABLE,1664,N,CALIFORNIA AVE,,NO INDICATION OF INJURY,0,0,0,15,6,7,41.9121566,-87.69719096
09/14/2020 05:20:00 PM,30,TRAFFIC SIGNAL,CLEAR,DAYLIGHT,FOUR WAY,DRY,INJURY AND / OR TOW DUE TO CRASH,Y,IMPROPER OVERTAKING/PASSING,3408,S,ARCHER AVE,,NONINCAPACITATING INJURY,0,0,1,17,2,9,41.83202554,-87.67520995
09/25/2018 07:15:00 AM,30,TRAFFIC SIGNAL,RAIN,DAYLIGHT,NOT DIVIDED,WET,NO INJURY / DRIVE AWAY,,UNABLE TO DETERMINE,2242,E,87TH ST,,NO INDICATION OF INJURY,0,0,0,7,3,9,41.73726272,-87.56891401
08/22/2022 09:45:00 AM,30,NO CONTROLS,CLEAR,DAYLIGHT,NOT DIVIDED,DRY,NO INJURY / DRIVE AWAY,,UNABLE TO DETERMINE,1800,N,HUMBOLDT BLVD,,NO INDICATION OF INJURY,0,0,0,9,2,8,41.91392525,-87.70212765
6/12/2021 14:15,30,NO CONTROLS,RAIN,DAYLIGHT,NOT DIVIDED,UNKNOWN,NO INJURY / DRIVE AWAY,,UNABLE TO DETERMINE,1100,W,SCHUBERT AVE,Y,NO INDICATION OF INJURY,0,0,0,14,7,6,41.93087826,-87.65631873
10/23/2017 02:20:00 PM,30,TRAFFIC SIGNAL,RAIN,DAYLIGHT,NOT DIVIDED,WET,INJURY AND / OR TOW DUE TO CRASH,,FAILING TO YIELD RIGHT-OF-WAY,2159,S,CLARK ST,,NONINCAPACITATING INJURY,0,0,1,14,2,10,41.85295042,-87.62992143
08/18/2018 04:55:00 PM,30,TRAFFIC SIGNAL,CLEAR,DAYLIGHT,NOT DIVIDED,DRY,NO INJURY / DRIVE AWAY,,UNABLE TO DETERMINE,1556,W,WEBSTER AVE,,NO INDICATION OF INJURY,0,0,0,16,7,8,41.92167879,-87.66808409
6/4/2019 19:00,30,NO CONTROLS,CLEAR,DAYLIGHT,OTHER,DRY,INJURY AND / OR TOW DUE TO CRASH,,FAILING TO YIELD RIGHT-OF-WAY,398,E,MONROE DR,,NONINCAPACITATING INJURY,0,0,1,19,3,6,41.88103018,-87.61726705
6/6/2020 9:00,20,STOP SIGN/FLASHER,CLEAR,DAYLIGHT,NOT DIVIDED,DRY,INJURY AND / OR TOW DUE TO CRASH,,FAILING TO YIELD RIGHT-OF-WAY,3945,S,VINCENNES AVE,,NONINCAPACITATING INJURY,0,0,2,9,7,6,41.82272304,-87.61273822
03/31/2018 02:00:00 PM,30,TRAFFIC SIGNAL,CLEAR,DAYLIGHT,DIVIDED - W/MEDIAN (NOT RAISED),DRY,INJURY AND / OR TOW DUE TO CRASH,,DISREGARDING TRAFFIC SIGNALS,3000,W,LOGAN BLVD,,NONINCAPACITATING INJURY,0,0,1,14,7,3,41.92853326,-87.70248316
10/15/2018 09:50:00 AM,30,TRAFFIC SIGNAL,CLOUDY/OVERCAST,DAYLIGHT,DIVIDED - W/MEDIAN (NOT RAISED),DRY,NO INJURY / DRIVE AWAY,,FAILING TO YIELD RIGHT-OF-WAY,200,N,DESPLAINES ST,,NO INDICATION OF INJURY,0,0,0,9,2,10,41.88572152,-87.64439131
4/8/2019 14:23,30,NO CONTROLS,CLEAR,DAYLIGHT,NOT DIVIDED,DRY,NO INJURY / DRIVE AWAY,Y,FAILING TO YIELD RIGHT-OF-WAY,798,W,WAVELAND AVE,Y,NO INDICATION OF INJURY,0,0,0,14,2,4,41.94922468,-87.64948247
07/16/2020 01:15:00 PM,20,NO CONTROLS,CLEAR,DAYLIGHT,NOT DIVIDED,DRY,INJURY AND / OR TOW DUE TO CRASH,,"VISION OBSCURED (SIGNS, TREE LIMBS, BUILDINGS, ETC.)",4915,W,BELLE PLAINE AVE,,NONINCAPACITATING INJURY,0,0,1,13,5,7,41.95509573,-87.7504306
09/26/2015 08:21:00 PM,30,TRAFFIC SIGNAL,CLEAR,"DARKNESS, LIGHTED ROAD",DIVIDED - W/MEDIAN (NOT RAISED),DRY,INJURY AND / OR TOW DUE TO CRASH,,FAILING TO YIELD RIGHT-OF-WAY,2415,W,DIVERSEY AVE,Y,NONINCAPACITATING INJURY,0,0,1,20,7,9,41.93205236,-87.68854454
6/10/2018 12:48,25,NO CONTROLS,RAIN,DAYLIGHT,ALLEY,WET,INJURY AND / OR TOW DUE TO CRASH,,FAILING TO YIELD RIGHT-OF-WAY,3942,N,ORIOLE AVE,,NONINCAPACITATING INJURY,0,0,1,12,1,6,41.95199586,-87.81719663
07/16/2018 04:56:00 PM,20,NO CONTROLS,CLEAR,DAYLIGHT,ONE-WAY,DRY,NO INJURY / DRIVE AWAY,,UNABLE TO DETERMINE,10360,S,WALDEN PKWY,,NO INDICATION OF INJURY,0,0,0,16,2,7,41.70485701,-87.66948569
11/26/2019 07:18:00 PM,30,NO CONTROLS,RAIN,"DARKNESS, LIGHTED ROAD",NOT DIVIDED,WET,INJURY AND / OR TOW DUE TO CRASH,,UNABLE TO DETERMINE,4809,S,ASHLAND AVE,Y,"REPORTED, NOT EVIDENT",0,0,0,19,3,11,41.80646751,-87.66476603
8/4/2018 16:10,30,TRAFFIC SIGNAL,CLEAR,DAYLIGHT,OTHER,DRY,INJURY AND / OR TOW DUE TO CRASH,,FAILING TO YIELD RIGHT-OF-WAY,530,N,STREETER DR,,INCAPACITATING INJURY,0,1,0,16,7,8,41.89200018,-87.61172626