CRASH_DATE,POSTED_SPEED_LIMIT,TRAFFIC_CONTROL_DEVICE,WEATHER_CONDITION,LIGHTING_CONDITION,TRAFFICWAY_TYPE,ROADWAY_SURFACE_COND,CRASH_TYPE,HIT_AND_RUN_I,PRIM_CONTRIBUTORY_CAUSE,STREET_NO,STREET_DIRECTION,STREET_NAME,DOORING_I,MOST_SEVERE_INJURY,INJURIES_FATAL,INJURIES_INCAPACITATING,INJURIES_NON_INCAPACITATING,CRASH_HOUR,CRASH_DAY_OF_WEEK,CRASH_MONTH,LATITUDE,LONGITUDE
06/27/2020 10:44:00 AM,30,NO CONTROLS,CLEAR,DAYLIGHT,FOUR WAY,DRY,INJURY AND / OR TOW DUE TO CRASH,,FAILING TO YIELD RIGHT-OF-WAY,4700,S,LAKE PARK AVE,,INCAPACITATING INJURY,0,1,0,10,7,6,41.80953478,-87.59245022
04/30/2018 08:50:00 PM,30,NO CONTROLS,CLEAR,"DARKNESS, LIGHTED ROAD",NOT DIVIDED,DRY,INJURY AND / OR TOW DUE TO CRASH,,UNABLE TO DETERMINE,3700,N,CLARK ST,Y,NONINCAPACITATING INJURY,0,0,1,20,2,4,41.94901088,-87.65814288
07/21/2023 09:30:00 PM,35,OTHER,UNKNOWN,"DARKNESS, LIGHTED ROAD",NOT DIVIDED,UNKNOWN,NO INJURY / DRIVE AWAY,,FOLLOWING TOO CLOSELY,280,N,STATE ST,,NO INDICATION OF INJURY,0,0,0,21,6,7,41.8874417,-87.62814764
6/7/2018 7:45,30,STOP SIGN/FLASHER,CLEAR,DAYLIGHT,OTHER,DRY,NO INJURY / DRIVE AWAY,,UNABLE TO DETERMINE,2600,W,WILSON AVE,N,NO INDICATION OF INJURY,0,0,0,7,5,6,41.96492527,-87.69380221
8/10/2019 9:05,30,TRAFFIC SIGNAL,CLEAR,DAYLIGHT,NOT DIVIDED,DRY,INJURY AND / OR TOW DUE TO CRASH,,"VISION OBSCURED (SIGNS, TREE LIMBS, BUILDINGS, ETC.)",732,W,35TH ST,,NONINCAPACITATING INJURY,0,0,1,9,7,8,41.83087496,-87.64495366
07/16/2017 08:17:00 PM,30,NO CONTROLS,CLEAR,DAYLIGHT,PARKING LOT,DRY,INJURY AND / OR TOW DUE TO CRASH,Y,FOLLOWING TOO CLOSELY,200,W,87TH ST,,NONINCAPACITATING INJURY,0,0,1,20,1,7,41.7362617,-87.62906472
09/20/2017 11:30:00 PM,30,NO CONTROLS,CLEAR,"DARKNESS, LIGHTED ROAD",NOT DIVIDED,DRY,INJURY AND / OR TOW DUE TO CRASH,,DRIVING SKILLS/KNOWLEDGE/EXPERIENCE,300,N,LA SALLE DR,,NONINCAPACITATING INJURY,0,0,1,23,4,9,41.88752864,-87.63264684
09/26/2019 02:35:00 PM,25,NO CONTROLS,CLEAR,DAYLIGHT,DIVIDED - W/MEDIAN (NOT RAISED),DRY,INJURY AND / OR TOW DUE TO CRASH,,DRIVING SKILLS/KNOWLEDGE/EXPERIENCE,1438,W,CHICAGO AVE,N,"REPORTED, NOT EVIDENT",0,0,0,14,5,9,41.89623436,-87.66401079
9/7/2017 22:30,30,TRAFFIC SIGNAL,CLEAR,"DARKNESS, LIGHTED ROAD",ONE-WAY,DRY,NO INJURY / DRIVE AWAY,Y,"OPERATING VEHICLE IN ERRATIC, RECKLESS, CARELESS, NEGLIGENT OR AGGRESSIVE MANNER",530,N,STATE ST,,NO INDICATION OF INJURY,0,0,0,22,5,9,41.89171125,-87.62821667
7/11/2021 0:50,30,NO CONTROLS,RAIN,"DARKNESS, LIGHTED ROAD",NOT DIVIDED,WET,INJURY AND / OR TOW DUE TO CRASH,Y,FAILING TO REDUCE SPEED TO AVOID CRASH,224,S,RACINE AVE,,NONINCAPACITATING INJURY,0,0,1,0,1,7,41.87827721,-87.65717978
12/22/2017 01:05:00 PM,30,TRAFFIC SIGNAL,CLEAR,DAYLIGHT,NOT DIVIDED,DRY,INJURY AND / OR TOW DUE TO CRASH,,UNABLE TO DETERMINE,1658,N,MILWAUKEE AVE,Y,NONINCAPACITATING INJURY,0,0,1,13,6,12,41.91144287,-87.67933447
10/1/2019 17:20,30,STOP SIGN/FLASHER,CLEAR,DAYLIGHT,NOT DIVIDED,DRY,INJURY AND / OR TOW DUE TO CRASH,Y,FAILING TO REDUCE SPEED TO AVOID CRASH,11001,S,EWING AVE,,NONINCAPACITATING INJURY,0,0,1,17,3,10,41.69538301,-87.53513607
09/16/2020 05:50:00 PM,25,STOP SIGN/FLASHER,CLEAR,DAYLIGHT,NOT DIVIDED,DRY,INJURY AND / OR TOW DUE TO CRASH,Y,UNABLE TO DETERMINE,1701,S,LAFLIN ST,,NONINCAPACITATING INJURY,0,0,1,17,4,9,41.85869624,-87.66363671
08/14/2019 05:45:00 PM,30,TRAFFIC SIGNAL,UNKNOWN,DAYLIGHT,NOT DIVIDED,UNKNOWN,NO INJURY / DRIVE AWAY,,NOT APPLICABLE,3158,W,CERMAK RD,,NO INDICATION OF INJURY,0,0,0,17,4,8,41.85187579,-87.70519652
03/15/2018 03:15:00 PM,30,NO CONTROLS,CLEAR,DAYLIGHT,DIVIDED - W/MEDIAN (NOT RAISED),DRY,NO INJURY / DRIVE AWAY,,UNABLE TO DETERMINE,3057,W,CERMAK RD,,NO INDICATION OF INJURY,0,0,0,15,5,3,41.8516913,-87.7026561
09/24/2021 05:41:00 PM,30,NO CONTROLS,CLEAR,DAYLIGHT,DIVIDED - W/MEDIAN (NOT RAISED),DRY,INJURY AND / OR TOW DUE TO CRASH,Y,FAILING TO YIELD RIGHT-OF-WAY,2400,N,SOUTHPORT AVE,,NONINCAPACITATING INJURY,0,0,1,17,6,9,41.92530468,-87.66347856
12/10/2021 10:20,35,NO CONTROLS,CLEAR,DAYLIGHT,DIVIDED - W/MEDIAN (NOT RAISED),DRY,INJURY AND / OR TOW DUE TO CRASH,,FAILING TO YIELD RIGHT-OF-WAY,4008,S,ASHLAND AVE,,FATAL,1,0,0,10,6,12,41.8204981,-87.66540649
09/14/2020 02:50:00 PM,30,TRAFFIC SIGNAL,CLEAR,DAYLIGHT,NOT DIVIDED,DRY,INJURY AND / OR TOW DUE TO CRASH,,UNABLE TO DETERMINE,4600,N,ASHLAND AVE,,NONINCAPACITATING INJURY,0,0,1,14,2,9,41.96532238,-87.66949683
03/13/2021 03:19:00 PM,30,TRAFFIC SIGNAL,CLEAR,DAYLIGHT,NOT DIVIDED,DRY,INJURY AND / OR TOW DUE TO CRASH,,NOT APPLICABLE,5201,W,MADISON ST,N,"REPORTED, NOT EVIDENT",0,0,0,15,7,3,41.88026125,-87.75512498
11/17/2017 06:46:00 PM,30,STOP SIGN/FLASHER,RAIN,"DARKNESS, LIGHTED ROAD",NOT DIVIDED,WET,NO INJURY / DRIVE AWAY,,FAILING TO YIELD RIGHT-OF-WAY,698,N,LARAMIE AVE,,NO INDICATION OF INJURY,0,0,0,18,6,11,41.89291267,-87.75567162
08/16/2019 06:40:00 PM,30,NO CONTROLS,CLEAR,DAYLIGHT,DIVIDED - W/MEDIAN (NOT RAISED),DRY,NO INJURY / DRIVE AWAY,,IMPROPER LANE USAGE,5637,N,RIDGE AVE,,NO INDICATION OF INJURY,0,0,0,18,6,8,41.98454426,-87.66133673
05/31/2018 07:45:00 PM,30,OTHER,CLEAR,DAYLIGHT,DIVIDED - W/MEDIAN (NOT RAISED),DRY,INJURY AND / OR TOW DUE TO CRASH,,UNABLE TO DETERMINE,1946,W,OGDEN AVE,Y,NONINCAPACITATING INJURY,0,0,1,19,5,5,41.873833,-87.67533476
08/31/2017 09:00:00 PM,30,UNKNOWN,CLEAR,"DARKNESS, LIGHTED ROAD",NOT DIVIDED,DRY,INJURY AND / OR TOW DUE TO CRASH,Y,UNABLE TO DETERMINE,7000,S,JUSTINE ST,,NONINCAPACITATING INJURY,0,0,1,21,5,8,41.76665305,-87.66279606
10/31/2018 04:10:00 PM,35,NO CONTROLS,CLEAR,DAYLIGHT,NOT DIVIDED,DRY,INJURY AND / OR TOW DUE TO CRASH,,FAILING TO REDUCE SPEED TO AVOID CRASH,4930,N,PULASKI RD,,NONINCAPACITATING INJURY,0,0,1,16,4,10,41.97099969,-87.72825477
09/28/2021 11:00:00 AM,30,STOP SIGN/FLASHER,CLEAR,DAYLIGHT,FOUR WAY,DRY,NO INJURY / DRIVE AWAY,,UNABLE TO DETERMINE,1200,W,LAKE ST,,NO INDICATION OF INJURY,0,0,0,11,3,9,41.88561136,-87.65690639
06/15/2017 10:15:00 AM,35,TRAFFIC SIGNAL,CLEAR,DAYLIGHT,OTHER,DRY,INJURY AND / OR TOW DUE TO CRASH,,IMPROPER OVERTAKING/PASSING,2413,W,OGDEN AVE,,NONINCAPACITATING INJURY,0,0,1,10,5,6,41.86448317,-87.68643494
07/22/2019 12:30:00 PM,30,TRAFFIC SIGNAL,CLEAR,DAYLIGHT,FOUR WAY,DRY,INJURY AND / OR TOW DUE TO CRASH,,FAILING TO REDUCE SPEED TO AVOID CRASH,3900,S,VINCENNES AVE,,NONINCAPACITATING INJURY,0,0,1,12,2,7,41.82384964,-87.61278314
03/31/2023 02:35:00 PM,30,NO CONTROLS,CLEAR,DAYLIGHT,CENTER TURN LANE,DRY,INJURY AND / OR TOW DUE TO CRASH,,UNABLE TO DETERMINE,2,W,CHICAGO AVE,Y,NONINCAPACITATING INJURY,0,0,1,14,6,3,41.89678605,-87.62828088
10/1/2018 12:25,30,NO CONTROLS,CLEAR,DAYLIGHT,NOT DIVIDED,DRY,NO INJURY / DRIVE AWAY,,UNABLE TO DETERMINE,4800,N,LONG AVE,,NO INDICATION OF INJURY,0,0,0,12,2,10,41.96772328,-87.76277295
10/27/2021 11:50:00 PM,20,NO CONTROLS,CLEAR,"DARKNESS, LIGHTED ROAD",ONE-WAY,DRY,INJURY AND / OR TOW DUE TO CRASH,,DRIVING SKILLS/KNOWLEDGE/EXPERIENCE,3720,N,LEAVITT ST,,NONINCAPACITATING INJURY,0,0,1,23,4,10,41.94929824,-87.68362349
09/18/2020 06:30:00 PM,35,NO CONTROLS,CLEAR,UNKNOWN,DIVIDED - W/MEDIAN (NOT RAISED),UNKNOWN,INJURY AND / OR TOW DUE TO CRASH,,IMPROPER OVERTAKING/PASSING,4101,W,BELMONT AVE,,"REPORTED, NOT EVIDENT",0,0,0,18,6,9,41.9389506,-87.72976114
08/31/2018 09:00:00 AM,30,NO CONTROLS,CLEAR,"DARKNESS, LIGHTED ROAD",DIVIDED - W/MEDIAN (NOT RAISED),DRY,INJURY AND / OR TOW DUE TO CRASH,Y,UNABLE TO DETERMINE,5210,W,CHICAGO AVE,,"REPORTED, NOT EVIDENT",0,0,0,9,6,8,41.89503607,-87.75612236
8/10/2023 2:09,30,NO CONTROLS,CLEAR,"DARKNESS, LIGHTED ROAD",DIVIDED - W/MEDIAN (NOT RAISED),DRY,NO INJURY / DRIVE AWAY,,FAILING TO YIELD RIGHT-OF-WAY,3700,W,47TH ST,,NO INDICATION OF INJURY,0,0,0,2,5,8,41.80807305,-87.71629641
11/12/2020 15:13,30,NO CONTROLS,CLEAR,DAYLIGHT,NOT DIVIDED,DRY,NO INJURY / DRIVE AWAY,,UNABLE TO DETERMINE,4300,S,WENTWORTH AVE,,NO INDICATION OF INJURY,0,0,0,15,5,11,41.81639453,-87.63134009
7/1/2021 18:15,30,NO CONTROLS,CLEAR,DAYLIGHT,DIVIDED - W/MEDIAN (NOT RAISED),DRY,INJURY AND / OR TOW DUE TO CRASH,,UNABLE TO DETERMINE,1305,S,CENTRAL PARK AVE,,NONINCAPACITATING INJURY,0,0,1,18,5,7,41.86402283,-87.71520581
10/16/2016 02:22:00 AM,30,NO CONTROLS,CLEAR,"DARKNESS, LIGHTED ROAD",ONE-WAY,DRY,INJURY AND / OR TOW DUE TO CRASH,,FAILING TO REDUCE SPEED TO AVOID CRASH,6133,W,WRIGHTWOOD AVE,,NONINCAPACITATING INJURY,0,0,1,2,1,10,41.92731712,-87.7796246
11/3/2019 23:58,30,NO CONTROLS,CLEAR,"DARKNESS, LIGHTED ROAD",NOT DIVIDED,DRY,INJURY AND / OR TOW DUE TO CRASH,,NOT APPLICABLE,5311,N,RAVENSWOOD AVE,,INCAPACITATING INJURY,0,1,0,23,1,11,41.97830825,-87.67423189
10/10/2018 8:00,30,NO CONTROLS,CLEAR,DAYLIGHT,NOT DIVIDED,UNKNOWN,INJURY AND / OR TOW DUE TO CRASH,,UNABLE TO DETERMINE,7100,N,RIDGE BLVD,Y,INCAPACITATING INJURY,0,1,0,8,4,10,42.011278,-87.68287139
04/20/2018 04:05:00 PM,30,TRAFFIC SIGNAL,CLEAR,DAYLIGHT,ONE-WAY,DRY,NO INJURY / DRIVE AWAY,N,DISREGARDING TRAFFIC SIGNALS,200,W,HURON ST,,NO INDICATION OF INJURY,0,0,0,16,6,4,41.89490162,-87.63422993
9/2/2019 14:00,25,NO CONTROLS,CLEAR,DAYLIGHT,NOT DIVIDED,DRY,INJURY AND / OR TOW DUE TO CRASH,,UNABLE TO DETERMINE,2332,W,CERMAK RD,,NONINCAPACITATING INJURY,0,0,1,14,2,9,41.85215013,-87.68457435
6/12/2022 15:30,30,NO CONTROLS,CLEAR,DAYLIGHT,NOT DIVIDED,DRY,INJURY AND / OR TOW DUE TO CRASH,,UNABLE TO DETERMINE,2919,N,MILWAUKEE AVE,Y,"REPORTED, NOT EVIDENT",0,0,0,15,1,6,41.9343929,-87.71589989
10/10/2017 14:00,30,TRAFFIC SIGNAL,CLEAR,DAYLIGHT,NOT DIVIDED,DRY,INJURY AND / OR TOW DUE TO CRASH,,DISREGARDING TRAFFIC SIGNALS,200,W,ADAMS ST,,NONINCAPACITATING INJURY,0,0,1,14,3,10,41.87949547,-87.63382966
10/20/2018 05:10:00 PM,30,STOP SIGN/FLASHER,CLEAR,DAYLIGHT,OTHER,DRY,INJURY AND / OR TOW DUE TO CRASH,,FAILING TO YIELD RIGHT-OF-WAY,1231,N,SPAULDING AVE,N,NONINCAPACITATING INJURY,0,0,1,17,7,10,41.9036876,-87.70911366
09/29/2019 06:30:00 PM,30,NO CONTROLS,RAIN,DUSK,DIVIDED - W/MEDIAN (NOT RAISED),WET,INJURY AND / OR TOW DUE TO CRASH,,IMPROPER LANE USAGE,4630,W,GRAND AVE,,NONINCAPACITATING INJURY,0,0,1,18,1,9,41.91260101,-87.74235508
10/13/2020 05:51:00 PM,30,TRAFFIC SIGNAL,CLEAR,DAYLIGHT,NOT DIVIDED,DRY,INJURY AND / OR TOW DUE TO CRASH,Y,FAILING TO YIELD RIGHT-OF-WAY,1659,N,CLARK ST,,INCAPACITATING INJURY,0,1,0,17,3,10,41.91289592,-87.63252297
3/12/2019 9:15,30,STOP SIGN/FLASHER,CLEAR,DAYLIGHT,ONE-WAY,DRY,NO INJURY / DRIVE AWAY,Y,UNABLE TO DETERMINE,99,E,SUPERIOR ST,,NO INDICATION OF INJURY,0,0,0,9,3,3,41.89561105,-87.62554483
07/23/2023 03:15:00 PM,30,NO CONTROLS,CLEAR,DAYLIGHT,DIVIDED - W/MEDIAN (NOT RAISED),DRY,INJURY AND / OR TOW DUE TO CRASH,,FAILING TO YIELD RIGHT-OF-WAY,3121,S,HALSTED ST,,NONINCAPACITATING INJURY,0,0,2,15,1,7,41.83742075,-87.64611479
9/3/2019 15:45,30,TRAFFIC SIGNAL,CLOUDY/OVERCAST,DAYLIGHT,"FIVE POINT, OR MORE",DRY,INJURY AND / OR TOW DUE TO CRASH,,UNABLE TO DETERMINE,1552,N,KINGSBURY ST,,NONINCAPACITATING INJURY,0,0,1,15,3,9,41.90944663,-87.65308997
07/24/2019 05:42:00 PM,30,TRAFFIC SIGNAL,CLEAR,DAYLIGHT,NOT DIVIDED,DRY,INJURY AND / OR TOW DUE TO CRASH,,IMPROPER OVERTAKING/PASSING,2850,N,BROADWAY,,INCAPACITATING INJURY,0,1,0,17,4,7,41.93417678,-87.64446755
10/18/2022 10:50:00 AM,30,TRAFFIC SIGNAL,CLEAR,DAYLIGHT,FOUR WAY,DRY,INJURY AND / OR TOW DUE TO CRASH,,FAILING TO YIELD RIGHT-OF-WAY,2,S,STATE ST,,NONINCAPACITATING INJURY,0,0,1,10,3,10,41.88196032,-87.62793728
5/10/2018 11:40,30,NO CONTROLS,CLEAR,DAYLIGHT,NOT DIVIDED,DRY,NO INJURY / DRIVE AWAY,,IMPROPER OVERTAKING/PASSING,310,W,OAK ST,,NO INDICATION OF INJURY,0,0,0,11,5,5,41.90062662,-87.63631282
10/16/2020 02:39:00 PM,30,NO CONTROLS,CLEAR,DAYLIGHT,DIVIDED - W/MEDIAN (NOT RAISED),DRY,INJURY AND / OR TOW DUE TO CRASH,,FAILING TO YIELD RIGHT-OF-WAY,4101,W,LAWRENCE AVE,,NONINCAPACITATING INJURY,0,0,1,14,6,10,41.96810465,-87.73053778
07/17/2020 09:23:00 PM,25,NO CONTROLS,CLEAR,"DARKNESS, LIGHTED ROAD",DIVIDED - W/MEDIAN BARRIER,DRY,INJURY AND / OR TOW DUE TO CRASH,,UNABLE TO DETERMINE,2520,S,ARCHER AVE,,INCAPACITATING INJURY,0,1,0,21,6,7,41.84680863,-87.64759075
11/19/2020 04:51:00 PM,30,TRAFFIC SIGNAL,CLEAR,DUSK,NOT DIVIDED,DRY,INJURY AND / OR TOW DUE TO CRASH,,UNABLE TO DETERMINE,4155,N,HAMLIN AVE,Y,NONINCAPACITATING INJURY,0,0,1,16,5,11,41.9571836,-87.72266583
8/12/2022 16:20,30,NO CONTROLS,CLEAR,DAYLIGHT,NOT DIVIDED,DRY,INJURY AND / OR TOW DUE TO CRASH,,FAILING TO YIELD RIGHT-OF-WAY,1798,N,HALSTED ST,Y,NONINCAPACITATING INJURY,0,0,1,16,6,8,41.91377314,-87.64850695
07/20/2022 06:00:00 PM,30,NO CONTROLS,CLEAR,DAYLIGHT,NOT DIVIDED,DRY,INJURY AND / OR TOW DUE TO CRASH,,FAILING TO YIELD RIGHT-OF-WAY,5758,N,ELSTON AVE,,NONINCAPACITATING INJURY,0,0,1,18,4,7,41.98600662,-87.77049933
10/22/2015 06:30:00 AM,30,TRAFFIC SIGNAL,CLEAR,DAYLIGHT,DIVIDED - W/MEDIAN (NOT RAISED),DRY,INJURY AND / OR TOW DUE TO CRASH,,BICYCLE ADVANCING LEGALLY ON RED LIGHT,1599,W,LAWRENCE AVE,,"REPORTED, NOT EVIDENT",0,0,0,6,5,10,41.96876634,-87.66934375
9/1/2019 21:00,30,TRAFFIC SIGNAL,CLEAR,"DARKNESS, LIGHTED ROAD",DIVIDED - W/MEDIAN (NOT RAISED),DRY,NO INJURY / DRIVE AWAY,,"OPERATING VEHICLE IN ERRATIC, RECKLESS, CARELESS, NEGLIGENT OR AGGRESSIVE MANNER",2802,W,26TH ST,,NO INDICATION OF INJURY,0,0,0,21,1,9,41.84479858,-87.69533488
08/24/2020 08:30:00 PM,30,TRAFFIC SIGNAL,CLEAR,"DARKNESS, LIGHTED ROAD",FOUR WAY,DRY,INJURY AND / OR TOW DUE TO CRASH,,FAILING TO REDUCE SPEED TO AVOID CRASH,6532,W,FULLERTON AVE,,NONINCAPACITATING INJURY,0,0,1,20,2,8,41.92375794,-87.78907653
09/29/2016 06:15:00 PM,30,NO CONTROLS,CLEAR,DAYLIGHT,NOT DIVIDED,DRY,NO INJURY / DRIVE AWAY,Y,FOLLOWING TOO CLOSELY,2,E,8TH ST,,NO INDICATION OF INJURY,0,0,0,18,5,9,41.87191722,-87.62749276
11/2/2017 14:00,30,NO CONTROLS,RAIN,DAYLIGHT,NOT DIVIDED,WET,INJURY AND / OR TOW DUE TO CRASH,,NOT APPLICABLE,2433,N,LINCOLN AVE,,NONINCAPACITATING INJURY,0,0,1,14,5,11,41.92624085,-87.64966265
9/4/2020 7:20,30,TRAFFIC SIGNAL,CLEAR,DAYLIGHT,"FIVE POINT, OR MORE",DRY,INJURY AND / OR TOW DUE TO CRASH,Y,FAILING TO YIELD RIGHT-OF-WAY,2236,W,FULLERTON AVE,,NONINCAPACITATING INJURY,0,0,1,7,6,9,41.92505691,-87.68430685
7/10/2019 17:00,25,STOP SIGN/FLASHER,CLEAR,DAYLIGHT,ONE-WAY,DRY,INJURY AND / OR TOW DUE TO CRASH,,UNABLE TO DETERMINE,5500,W,WALTON ST,,NONINCAPACITATING INJURY,0,0,1,17,4,7,41.8977097,-87.76375651
10/13/2017 04:50:00 PM,30,NO CONTROLS,CLEAR,DAYLIGHT,DIVIDED - W/MEDIAN (NOT RAISED),DRY,NO INJURY / DRIVE AWAY,,UNABLE TO DETERMINE,2350,N,MILWAUKEE AVE,,NO INDICATION OF INJURY,0,0,0,16,6,10,41.92383417,-87.69910016
10/25/2017 06:55:00 AM,30,NO CONTROLS,CLEAR,"DARKNESS, LIGHTED ROAD",DIVIDED - W/MEDIAN (NOT RAISED),DRY,INJURY AND / OR TOW DUE TO CRASH,Y,FAILING TO YIELD RIGHT-OF-WAY,3432,W,PETERSON AVE,,NONINCAPACITATING INJURY,0,0,1,6,4,10,41.99041803,-87.71526616
09/15/2021 03:05:00 PM,30,NO CONTROLS,CLEAR,DAYLIGHT,OTHER,DRY,INJURY AND / OR TOW DUE TO CRASH,Y,UNABLE TO DETERMINE,6525,W,DIVERSEY AVE,,"REPORTED, NOT EVIDENT",0,0,0,15,4,9,41.93083392,-87.78913379
05/21/2021 03:50:00 PM,30,NO CONTROLS,CLEAR,DAYLIGHT,NOT DIVIDED,DRY,INJURY AND / OR TOW DUE TO CRASH,,UNABLE TO DETERMINE,1,S,AUSTIN BLVD,,NONINCAPACITATING INJURY,0,0,1,15,6,5,41.88003314,-87.7745071
07/16/2016 02:00:00 PM,30,NO CONTROLS,CLEAR,DAYLIGHT,DIVIDED - W/MEDIAN (NOT RAISED),UNKNOWN,NO INJURY / DRIVE AWAY,,FOLLOWING TOO CLOSELY,1338,S,CLINTON ST,,NO INDICATION OF INJURY,0,0,0,14,7,7,41.86455931,-87.6407805
05/22/2018 08:20:00 AM,30,NO CONTROLS,CLOUDY/OVERCAST,DAYLIGHT,ALLEY,DRY,INJURY AND / OR TOW DUE TO CRASH,,FAILING TO REDUCE SPEED TO AVOID CRASH,6340,W,WELLINGTON AVE,,"REPORTED, NOT EVIDENT",0,0,0,8,3,5,41.93478156,-87.78504704
05/14/2021 12:30:00 PM,30,NO CONTROLS,CLEAR,DAYLIGHT,NOT DIVIDED,UNKNOWN,NO INJURY / DRIVE AWAY,,DRIVING SKILLS/KNOWLEDGE/EXPERIENCE,321,W,ARMITAGE AVE,,NO INDICATION OF INJURY,0,0,0,12,6,5,41.91824227,-87.63707409
10/22/2022 01:48:00 PM,35,NO CONTROLS,CLEAR,DAYLIGHT,FOUR WAY,DRY,INJURY AND / OR TOW DUE TO CRASH,,IMPROPER LANE USAGE,120,N,WELLS ST,Y,NONINCAPACITATING INJURY,0,0,1,13,7,10,41.88376064,-87.63402031
06/22/2022 04:25:00 AM,20,NO CONTROLS,CLEAR,DAYLIGHT,NOT DIVIDED,DRY,NO INJURY / DRIVE AWAY,Y,DRIVING SKILLS/KNOWLEDGE/EXPERIENCE,201,W,93RD ST,,NO INDICATION OF INJURY,0,0,0,4,4,6,41.72519566,-87.62881693
07/24/2021 06:15:00 PM,15,STOP SIGN/FLASHER,CLEAR,DAYLIGHT,NOT DIVIDED,DRY,NO INJURY / DRIVE AWAY,,DRIVING SKILLS/KNOWLEDGE/EXPERIENCE,6939,N,GREENVIEW AVE,Y,NO INDICATION OF INJURY,0,0,0,18,7,7,42.00781565,-87.66771259
05/26/2020 09:00:00 PM,30,NO CONTROLS,CLEAR,"DARKNESS, LIGHTED ROAD",ONE-WAY,DRY,INJURY AND / OR TOW DUE TO CRASH,Y,UNABLE TO DETERMINE,4500,W,ADAMS ST,,"REPORTED, NOT EVIDENT",0,0,0,21,3,5,41.87793987,-87.73795316
7/12/2018 21:53,30,TRAFFIC SIGNAL,CLEAR,"DARKNESS, LIGHTED ROAD",NOT DIVIDED,DRY,INJURY AND / OR TOW DUE TO CRASH,,DISREGARDING TRAFFIC SIGNALS,5550,W,DEVON AVE,,INCAPACITATING INJURY,0,1,0,21,5,7,41.99736565,-87.76762043
10/16/2015 08:07:00 AM,30,TRAFFIC SIGNAL,CLEAR,DAYLIGHT,DIVIDED - W/MEDIAN (NOT RAISED),DRY,INJURY AND / OR TOW DUE TO CRASH,,WEATHER,3001,W,AUGUSTA BLVD,,INCAPACITATING INJURY,0,1,0,8,6,10,41.89912392,-87.70249382
7/2/2022 18:00,30,NO CONTROLS,CLEAR,DAYLIGHT,DIVIDED - W/MEDIAN (NOT RAISED),DRY,INJURY AND / OR TOW DUE TO CRASH,,UNABLE TO DETERMINE,3757,W,DIVERSEY AVE,Y,"REPORTED, NOT EVIDENT",0,0,0,18,7,7,41.93174297,-87.72194508
07/17/2023 03:07:00 PM,30,STOP SIGN/FLASHER,CLEAR,DAYLIGHT,DIVIDED - W/MEDIAN (NOT RAISED),DRY,INJURY AND / OR TOW DUE TO CRASH,,FAILING TO YIELD RIGHT-OF-WAY,1380,W,LAKE ST,,NONINCAPACITATING INJURY,0,0,1,15,2,7,41.88553521,-87.66189725
05/16/2022 05:30:00 PM,35,UNKNOWN,CLEAR,DAYLIGHT,NOT DIVIDED,DRY,INJURY AND / OR TOW DUE TO CRASH,,FAILING TO YIELD RIGHT-OF-WAY,6200,N,WESTERN AVE,,NONINCAPACITATING INJURY,0,0,1,17,2,5,41.99418118,-87.68991422
09/13/2017 10:40:00 AM,20,NO CONTROLS,UNKNOWN,DAYLIGHT,ONE-WAY,UNKNOWN,NO INJURY / DRIVE AWAY,,CELL PHONE USE OTHER THAN TEXTING,1600,N,HARDING AVE,,NO INDICATION OF INJURY,0,0,0,10,4,9,41.90998985,-87.72525937
8/3/2021 18:30,30,NO CONTROLS,CLEAR,DAYLIGHT,DIVIDED - W/MEDIAN BARRIER,DRY,INJURY AND / OR TOW DUE TO CRASH,,"OPERATING VEHICLE IN ERRATIC, RECKLESS, CARELESS, NEGLIGENT OR AGGRESSIVE MANNER",3114,W,IRVING PARK RD,,INCAPACITATING INJURY,0,1,0,18,3,8,41.95404131,-87.70627698
07/22/2018 03:30:00 PM,30,NO CONTROLS,CLEAR,DAYLIGHT,NOT DIVIDED,DRY,INJURY AND / OR TOW DUE TO CRASH,,FAILING TO REDUCE SPEED TO AVOID CRASH,2913,N,NARRAGANSETT AVE,,NONINCAPACITATING INJURY,0,0,1,15,1,7,41.93326639,-87.78561786
11/20/2017 08:00:00 AM,30,STOP SIGN/FLASHER,CLEAR,DAYLIGHT,ONE-WAY,ICE,INJURY AND / OR TOW DUE TO CRASH,,DRIVING ON WRONG SIDE/WRONG WAY,4900,W,FERDINAND ST,,NONINCAPACITATING INJURY,0,0,1,8,2,11,41.88965405,-87.74819091
08/23/2021 09:15:00 AM,20,STOP SIGN/FLASHER,UNKNOWN,DAYLIGHT,UNKNOWN,UNKNOWN,INJURY AND / OR TOW DUE TO CRASH,,UNABLE TO DETERMINE,8700,S,CONSTANCE AVE,,NONINCAPACITATING INJURY,0,0,1,9,2,8,41.73691183,-87.57950629
4/6/2022 17:11,30,TRAFFIC SIGNAL,RAIN,DAYLIGHT,NOT DIVIDED,WET,INJURY AND / OR TOW DUE TO CRASH,,UNABLE TO DETERMINE,3100,S,LA SALLE ST,,NONINCAPACITATING INJURY,0,0,1,17,4,4,41.83822701,-87.63017264