CRASH_DATE,POSTED_SPEED_LIMIT,TRAFFIC_CONTROL_DEVICE,WEATHER_CONDITION,LIGHTING_CONDITION,TRAFFICWAY_TYPE,ROADWAY_SURFACE_COND,CRASH_TYPE,HIT_AND_RUN_I,PRIM_CONTRIBUTORY_CAUSE,STREET_NO,STREET_DIRECTION,STREET_NAME,DOORING_I,MOST_SEVERE_INJURY,INJURIES_FATAL,INJURIES_INCAPACITATING,INJURIES_NON_INCAPACITATING,CRASH_HOUR,CRASH_DAY_OF_WEEK,CRASH_MONTH,LATITUDE,LONGITUDE
10/17/2017 11:07:00 PM,30,NO CONTROLS,CLEAR,"DARKNESS, LIGHTED ROAD",DIVIDED - W/MEDIAN (NOT RAISED),DRY,INJURY AND / OR TOW DUE TO CRASH,,FAILING TO YIELD RIGHT-OF-WAY,700,W,OAKDALE AVE,,INCAPACITATING INJURY,0,1,0,23,3,10,41.93572836,-87.64722659
10/30/2020 04:12:00 PM,30,TRAFFIC SIGNAL,CLEAR,DAYLIGHT,FOUR WAY,DRY,INJURY AND / OR TOW DUE TO CRASH,,FAILING TO YIELD RIGHT-OF-WAY,6901,S,WESTERN AVE,,NONINCAPACITATING INJURY,0,0,1,16,6,10,41.76824397,-87.6831938
11/2/2021 22:23,30,TRAFFIC SIGNAL,CLEAR,"DARKNESS, LIGHTED ROAD",FOUR WAY,DRY,INJURY AND / OR TOW DUE TO CRASH,,DISREGARDING TRAFFIC SIGNALS,200,N,ABERDEEN ST,N,NONINCAPACITATING INJURY,0,0,1,22,3,11,41.88560022,-87.6546202
08/26/2018 08:00:00 AM,30,TRAFFIC SIGNAL,CLEAR,DAYLIGHT,NOT DIVIDED,DRY,NO INJURY / DRIVE AWAY,,FAILING TO YIELD RIGHT-OF-WAY,9900,S,LONGWOOD DR,,NO INDICATION OF INJURY,0,0,0,8,1,8,41.71377132,-87.66907584
08/13/2018 12:00:00 PM,30,TRAFFIC SIGNAL,CLEAR,DAYLIGHT,ONE-WAY,DRY,INJURY AND / OR TOW DUE TO CRASH,Y,FOLLOWING TOO CLOSELY,20,N,CLARK ST,,NONINCAPACITATING INJURY,0,0,1,12,2,8,41.88243401,-87.63103701
3/6/2019 7:05,0,NO CONTROLS,CLEAR,DAYLIGHT,OTHER,DRY,INJURY AND / OR TOW DUE TO CRASH,,WEATHER,4201,N,LAKE SHORE DR SB,,NONINCAPACITATING INJURY,0,0,1,7,4,3,41.95858222,-87.64569262
06/22/2020 06:55:00 PM,25,UNKNOWN,RAIN,DUSK,DIVIDED - W/MEDIAN (NOT RAISED),WET,INJURY AND / OR TOW DUE TO CRASH,,UNABLE TO DETERMINE,1021,W,18TH ST,,"REPORTED, NOT EVIDENT",0,0,0,18,2,6,41.85789751,-87.652545
07/22/2021 06:55:00 AM,35,TRAFFIC SIGNAL,CLEAR,DAYLIGHT,FOUR WAY,DRY,INJURY AND / OR TOW DUE TO CRASH,,UNABLE TO DETERMINE,1700,E,57TH DR,,NONINCAPACITATING INJURY,0,0,1,6,5,7,41.79275553,-87.58380402
08/24/2021 02:00:00 PM,30,STOP SIGN/FLASHER,CLEAR,DAYLIGHT,FOUR WAY,DRY,INJURY AND / OR TOW DUE TO CRASH,,DISTRACTION - FROM INSIDE VEHICLE,4300,W,AUGUSTA BLVD,,NONINCAPACITATING INJURY,0,0,1,14,3,8,41.89900281,-87.73370554
12/5/2022 17:33,30,NO CONTROLS,CLEAR,"DARKNESS, LIGHTED ROAD",NOT DIVIDED,DRY,NO INJURY / DRIVE AWAY,,UNABLE TO DETERMINE,623,S,WABASH AVE,,NO INDICATION OF INJURY,0,0,0,17,2,12,41.87390846,-87.62583771
05/18/2022 10:45:00 AM,20,UNKNOWN,RAIN,DAYLIGHT,ONE-WAY,WET,INJURY AND / OR TOW DUE TO CRASH,Y,UNABLE TO DETERMINE,4743,N,SPRINGFIELD AVE,,NONINCAPACITATING INJURY,0,0,1,10,4,5,41.9677267,-87.7254283
10/13/2017 08:50:00 AM,30,STOP SIGN/FLASHER,CLEAR,DAYLIGHT,ONE-WAY,DRY,INJURY AND / OR TOW DUE TO CRASH,,UNABLE TO DETERMINE,2105,W,CATON ST,,NONINCAPACITATING INJURY,0,0,1,8,6,10,41.91180484,-87.68011659
09/24/2019 11:15:00 AM,30,STOP SIGN/FLASHER,CLEAR,DAYLIGHT,NOT DIVIDED,DRY,NO INJURY / DRIVE AWAY,,FAILING TO YIELD RIGHT-OF-WAY,2758,W,BELMONT AVE,,NO INDICATION OF INJURY,0,0,0,11,3,9,41.9395042,-87.69748149
07/15/2018 08:28:00 PM,30,TRAFFIC SIGNAL,CLEAR,DUSK,NOT DIVIDED,DRY,INJURY AND / OR TOW DUE TO CRASH,,DISREGARDING TRAFFIC SIGNALS,4758,W,FULLERTON AVE,,NONINCAPACITATING INJURY,0,0,1,20,1,7,41.92434992,-87.74624359
06/28/2022 08:45:00 AM,30,NO CONTROLS,CLEAR,DAYLIGHT,NOT DIVIDED,DRY,INJURY AND / OR TOW DUE TO CRASH,,UNABLE TO DETERMINE,1360,N,MILWAUKEE AVE,,"REPORTED, NOT EVIDENT",0,0,0,8,3,6,41.90642912,-87.67151422
05/28/2022 05:12:00 PM,25,NO CONTROLS,CLEAR,DAYLIGHT,NOT DIVIDED,DRY,INJURY AND / OR TOW DUE TO CRASH,Y,UNABLE TO DETERMINE,1223,N,WOOD ST,,NONINCAPACITATING INJURY,0,0,1,17,7,5,41.90404056,-87.67224842
08/29/2016 02:00:00 PM,30,STOP SIGN/FLASHER,CLEAR,DAYLIGHT,NOT DIVIDED,DRY,NO INJURY / DRIVE AWAY,,UNABLE TO DETERMINE,537,N,CAMPBELL AVE,N,NO INDICATION OF INJURY,0,0,0,14,2,8,41.89131609,-87.68902908
6/1/2020 12:33,30,NO CONTROLS,CLEAR,DAYLIGHT,NOT DIVIDED,WET,INJURY AND / OR TOW DUE TO CRASH,Y,FAILING TO YIELD RIGHT-OF-WAY,3811,W,26TH ST,Y,NONINCAPACITATING INJURY,0,0,1,12,2,6,41.84420068,-87.72018904
06/23/2018 06:00:00 PM,30,NO CONTROLS,CLEAR,DAYLIGHT,DIVIDED - W/MEDIAN BARRIER,DRY,INJURY AND / OR TOW DUE TO CRASH,,UNABLE TO DETERMINE,520,N,MILWAUKEE AVE,Y,NONINCAPACITATING INJURY,0,0,1,18,7,6,41.89168007,-87.64857273
6/6/2017 6:30,25,NO CONTROLS,CLEAR,DAYLIGHT,NOT DIVIDED,DRY,INJURY AND / OR TOW DUE TO CRASH,,UNABLE TO DETERMINE,4000,W,LE MOYNE ST,,"REPORTED, NOT EVIDENT",0,0,0,6,3,6,41.90818736,-87.72652548
10/21/2022 08:05:00 AM,30,NO CONTROLS,CLEAR,DAYLIGHT,NOT DIVIDED,UNKNOWN,INJURY AND / OR TOW DUE TO CRASH,,UNABLE TO DETERMINE,3337,N,BROADWAY,,NONINCAPACITATING INJURY,0,0,1,8,6,10,41.94303572,-87.64448096
10/6/2023 8:47,30,NO CONTROLS,CLEAR,DAYLIGHT,NOT DIVIDED,DRY,INJURY AND / OR TOW DUE TO CRASH,Y,IMPROPER TURNING/NO SIGNAL,2462,N,LINCOLN AVE,,NONINCAPACITATING INJURY,0,0,1,8,6,10,41.92670222,-87.6507307
12/5/2022 17:15,25,TRAFFIC SIGNAL,CLEAR,"DARKNESS, LIGHTED ROAD",DIVIDED - W/MEDIAN (NOT RAISED),DRY,NO INJURY / DRIVE AWAY,Y,UNABLE TO DETERMINE,2515,S,HALSTED ST,,NO INDICATION OF INJURY,0,0,0,17,2,12,41.8466115,-87.6463221
09/21/2020 03:45:00 PM,30,TRAFFIC SIGNAL,CLEAR,DAYLIGHT,NOT DIVIDED,DRY,INJURY AND / OR TOW DUE TO CRASH,,UNABLE TO DETERMINE,1601,N,WELLS ST,Y,NONINCAPACITATING INJURY,0,0,1,15,2,9,41.91120047,-87.63456506
11/1/2023 7:35,15,NO CONTROLS,CLEAR,DAYLIGHT,ALLEY,ICE,INJURY AND / OR TOW DUE TO CRASH,,FAILING TO REDUCE SPEED TO AVOID CRASH,2346,S,CANAL ST,,NONINCAPACITATING INJURY,0,0,1,7,4,11,41.8495067,-87.63859412
7/8/2016 16:25,30,NO CONTROLS,CLEAR,DAYLIGHT,ONE-WAY,DRY,INJURY AND / OR TOW DUE TO CRASH,,UNABLE TO DETERMINE,100,W,LAKE ST,Y,NONINCAPACITATING INJURY,0,0,1,16,6,7,41.88585126,-87.63104976
05/31/2018 05:30:00 PM,30,NO CONTROLS,CLEAR,DAYLIGHT,DIVIDED - W/MEDIAN (NOT RAISED),DRY,NO INJURY / DRIVE AWAY,N,UNABLE TO DETERMINE,2716,N,CALIFORNIA AVE,Y,NO INDICATION OF INJURY,0,0,0,17,5,5,41.93081571,-87.69773138
10/23/2022 02:50:00 PM,30,NO CONTROLS,CLEAR,DAYLIGHT,NOT DIVIDED,DRY,INJURY AND / OR TOW DUE TO CRASH,,NOT APPLICABLE,3327,W,63RD ST,,NONINCAPACITATING INJURY,0,0,1,14,1,10,41.77880596,-87.70665734
2/12/2023 17:20,25,NO CONTROLS,CLEAR,"DARKNESS, LIGHTED ROAD",NOT DIVIDED,DRY,INJURY AND / OR TOW DUE TO CRASH,,UNABLE TO DETERMINE,3473,N,BROADWAY,Y,NONINCAPACITATING INJURY,0,0,1,17,1,2,41.94524456,-87.6458255
06/25/2021 12:19:00 PM,15,NO CONTROLS,RAIN,DAYLIGHT,ONE-WAY,WET,INJURY AND / OR TOW DUE TO CRASH,Y,UNABLE TO DETERMINE,11840,S,BISHOP ST,,NONINCAPACITATING INJURY,0,0,1,12,6,6,41.67818935,-87.65790059
09/29/2020 07:00:00 PM,30,NO CONTROLS,CLEAR,DARKNESS,NOT DIVIDED,DRY,NO INJURY / DRIVE AWAY,,NOT APPLICABLE,2400,N,NARRAGANSETT AVE,,NO INDICATION OF INJURY,0,0,0,19,3,9,41.92377708,-87.78559306
09/25/2016 03:45:00 PM,30,NO CONTROLS,CLEAR,DAYLIGHT,NOT DIVIDED,DRY,NO INJURY / DRIVE AWAY,,UNABLE TO DETERMINE,25,S,HALSTED ST,,NO INDICATION OF INJURY,0,0,0,15,1,9,41.8810216,-87.64718947
05/23/2018 11:00:00 AM,30,TRAFFIC SIGNAL,CLEAR,DAYLIGHT,NOT DIVIDED,DRY,INJURY AND / OR TOW DUE TO CRASH,,UNABLE TO DETERMINE,1588,N,MILWAUKEE AVE,,NONINCAPACITATING INJURY,0,0,1,11,4,5,41.91027801,-87.67751595
07/14/2020 04:06:00 PM,30,TRAFFIC SIGNAL,CLEAR,DAYLIGHT,DIVIDED - W/MEDIAN (NOT RAISED),DRY,INJURY AND / OR TOW DUE TO CRASH,Y,UNABLE TO DETERMINE,532,E,GRAND AVE,,NONINCAPACITATING INJURY,0,0,1,16,3,7,41.89205052,-87.61292643
08/13/2017 12:24:00 AM,30,NO CONTROLS,CLEAR,"DARKNESS, LIGHTED ROAD",DIVIDED - W/MEDIAN (NOT RAISED),DRY,INJURY AND / OR TOW DUE TO CRASH,Y,IMPROPER OVERTAKING/PASSING,5037,W,MADISON ST,,NONINCAPACITATING INJURY,0,0,1,0,1,8,41.88030921,-87.7514582
7/1/2023 12:18,30,TRAFFIC SIGNAL,CLOUDY/OVERCAST,DAYLIGHT,NOT DIVIDED,DRY,NO INJURY / DRIVE AWAY,,DRIVING SKILLS/KNOWLEDGE/EXPERIENCE,45,E,16TH ST,,NO INDICATION OF INJURY,0,0,0,12,7,7,41.86010022,-87.62557637
09/26/2023 07:53:00 AM,25,STOP SIGN/FLASHER,RAIN,DAYLIGHT,FOUR WAY,WET,INJURY AND / OR TOW DUE TO CRASH,,DISREGARDING STOP SIGN,10858,S,TROY ST,,NONINCAPACITATING INJURY,0,0,1,7,3,9,41.69531468,-87.6999156
04/20/2018 04:05:00 AM,35,UNKNOWN,CLEAR,DARKNESS,NOT DIVIDED,DRY,INJURY AND / OR TOW DUE TO CRASH,,UNABLE TO DETERMINE,2700,N,HAMPDEN CT,,INCAPACITATING INJURY,0,1,0,4,6,4,41.93072476,-87.64166467
10/6/2019 14:30,30,OTHER,CLOUDY/OVERCAST,DAYLIGHT,ONE-WAY,DRY,INJURY AND / OR TOW DUE TO CRASH,,FAILING TO YIELD RIGHT-OF-WAY,161,W,ILLINOIS ST,Y,NONINCAPACITATING INJURY,0,0,1,14,1,10,41.89068261,-87.63352599
06/24/2021 08:15:00 AM,30,NO CONTROLS,CLEAR,DAYLIGHT,NOT DIVIDED,DRY,INJURY AND / OR TOW DUE TO CRASH,,NOT APPLICABLE,3333,N,LINCOLN AVE,Y,NONINCAPACITATING INJURY,0,0,1,8,5,6,41.94234053,-87.67035107
06/20/2020 09:00:00 PM,30,UNKNOWN,RAIN,DARKNESS,DIVIDED - W/MEDIAN (NOT RAISED),WET,INJURY AND / OR TOW DUE TO CRASH,Y,UNABLE TO DETERMINE,800,S,CICERO AVE,,NONINCAPACITATING INJURY,0,0,1,21,7,6,41.87023115,-87.74504037
9/2/2017 19:15,20,NO CONTROLS,RAIN,"DARKNESS, LIGHTED ROAD",ONE-WAY,WET,NO INJURY / DRIVE AWAY,Y,FOLLOWING TOO CLOSELY,3631,W,ROSCOE ST,,NO INDICATION OF INJURY,0,0,0,19,7,9,41.94273546,-87.7187916
05/25/2021 04:40:00 PM,30,NO CONTROLS,CLOUDY/OVERCAST,DAYLIGHT,DIVIDED - W/MEDIAN (NOT RAISED),DRY,INJURY AND / OR TOW DUE TO CRASH,,UNABLE TO DETERMINE,2666,N,ELSTON AVE,,NONINCAPACITATING INJURY,0,0,1,16,3,5,41.9300223,-87.68489626
8/2/2017 17:45,30,TRAFFIC SIGNAL,CLEAR,DAYLIGHT,NOT DIVIDED,UNKNOWN,INJURY AND / OR TOW DUE TO CRASH,,UNABLE TO DETERMINE,3001,W,IRVING PARK RD,,NONINCAPACITATING INJURY,0,0,1,17,4,8,41.95383974,-87.70318849
07/30/2019 06:15:00 PM,25,NO CONTROLS,CLEAR,DAYLIGHT,NOT DIVIDED,DRY,NO INJURY / DRIVE AWAY,,UNABLE TO DETERMINE,2331,N,SHEFFIELD AVE,,NO INDICATION OF INJURY,0,0,0,18,3,7,41.92449669,-87.6534294
05/13/2018 08:00:00 AM,30,NO CONTROLS,RAIN,DAYLIGHT,DIVIDED - W/MEDIAN (NOT RAISED),DRY,NO INJURY / DRIVE AWAY,Y,IMPROPER OVERTAKING/PASSING,5346,W,GRAND AVE,,NO INDICATION OF INJURY,0,0,0,8,1,5,41.91784702,-87.76025376
6/5/2018 18:34,30,NO CONTROLS,CLEAR,DAYLIGHT,ONE-WAY,DRY,INJURY AND / OR TOW DUE TO CRASH,,IMPROPER LANE USAGE,499,W,RANDOLPH ST,,INCAPACITATING INJURY,0,1,0,18,3,6,41.8843328,-87.63975028
08/15/2019 05:28:00 PM,30,STOP SIGN/FLASHER,CLEAR,DAYLIGHT,NOT DIVIDED,DRY,INJURY AND / OR TOW DUE TO CRASH,,FAILING TO YIELD RIGHT-OF-WAY,2191,N,CLYBOURN AVE,Y,NONINCAPACITATING INJURY,0,0,1,17,5,8,41.92143962,-87.66394353
09/26/2019 03:45:00 PM,30,TRAFFIC SIGNAL,CLEAR,DAYLIGHT,ONE-WAY,DRY,INJURY AND / OR TOW DUE TO CRASH,,DRIVING ON WRONG SIDE/WRONG WAY,9,E,CHESTNUT ST,,"REPORTED, NOT EVIDENT",0,0,0,15,5,9,41.89821573,-87.62782809
08/16/2020 08:30:00 PM,30,UNKNOWN,CLEAR,DUSK,NOT DIVIDED,DRY,INJURY AND / OR TOW DUE TO CRASH,Y,UNABLE TO DETERMINE,6300,W,IRVING PARK RD,,NONINCAPACITATING INJURY,0,0,1,20,1,8,41.95305612,-87.78423715
10/23/2016 04:30:00 PM,20,NO CONTROLS,CLEAR,DAYLIGHT,NOT DIVIDED,DRY,NO INJURY / DRIVE AWAY,,FAILING TO YIELD RIGHT-OF-WAY,4700,W,FULLERTON AVE,,NO INDICATION OF INJURY,0,0,0,16,1,10,41.92437901,-87.74393012
07/30/2019 07:10:00 AM,30,NO CONTROLS,CLEAR,DAYLIGHT,NOT DIVIDED,DRY,INJURY AND / OR TOW DUE TO CRASH,,FAILING TO YIELD RIGHT-OF-WAY,3950,N,CLARK ST,N,NONINCAPACITATING INJURY,0,0,1,7,3,7,41.95383944,-87.66199819
08/13/2018 02:45:00 PM,25,NO CONTROLS,CLEAR,DAYLIGHT,NOT DIVIDED,DRY,INJURY AND / OR TOW DUE TO CRASH,,UNABLE TO DETERMINE,3279,W,ARMITAGE AVE,Y,NONINCAPACITATING INJURY,0,0,1,14,2,8,41.91725245,-87.71012989
05/31/2018 05:46:00 PM,30,TRAFFIC SIGNAL,CLEAR,DAYLIGHT,ONE-WAY,DRY,INJURY AND / OR TOW DUE TO CRASH,,UNABLE TO DETERMINE,4401,N,SEELEY AVE,,NONINCAPACITATING INJURY,0,0,1,17,5,5,41.96152949,-87.68045105
10/19/2019 06:45:00 PM,30,NO CONTROLS,CLEAR,"DARKNESS, LIGHTED ROAD",NOT DIVIDED,DRY,INJURY AND / OR TOW DUE TO CRASH,,DISREGARDING TRAFFIC SIGNALS,7599,N,SHERIDAN RD,,NONINCAPACITATING INJURY,0,0,1,18,7,10,42.01922122,-87.66587906
07/31/2020 06:32:00 PM,25,NO CONTROLS,CLEAR,DAYLIGHT,T-INTERSECTION,DRY,INJURY AND / OR TOW DUE TO CRASH,,FAILING TO YIELD RIGHT-OF-WAY,707,W,76TH ST,,NONINCAPACITATING INJURY,0,0,1,18,6,7,41.75600143,-87.64205088
9/10/2022 19:20,30,TRAFFIC SIGNAL,CLEAR,"DARKNESS, LIGHTED ROAD",FOUR WAY,DRY,NO INJURY / DRIVE AWAY,,UNABLE TO DETERMINE,4339,N,BROADWAY,,NO INDICATION OF INJURY,0,0,0,19,7,9,41.96112111,-87.65456541
4/10/2021 23:30,30,NO CONTROLS,CLEAR,"DARKNESS, LIGHTED ROAD",ALLEY,DRY,NO INJURY / DRIVE AWAY,Y,UNABLE TO DETERMINE,5500,N,KEDZIE AVE,,NO INDICATION OF INJURY,0,0,0,23,7,4,41.98134793,-87.70896609
07/22/2016 01:00:00 AM,30,NO CONTROLS,CLEAR,DAYLIGHT,DIVIDED - W/MEDIAN (NOT RAISED),DRY,NO INJURY / DRIVE AWAY,,NOT APPLICABLE,3200,N,CLARK ST,,NO INDICATION OF INJURY,0,0,0,1,6,7,41.93999456,-87.65088552
05/18/2017 12:15:00 PM,30,NO CONTROLS,CLEAR,DAYLIGHT,DIVIDED - W/MEDIAN BARRIER,DRY,INJURY AND / OR TOW DUE TO CRASH,,FAILING TO YIELD RIGHT-OF-WAY,234,S,ASHLAND AVE,Y,INCAPACITATING INJURY,0,1,0,12,5,5,41.87780419,-87.66684314
07/17/2022 03:00:00 PM,35,TRAFFIC SIGNAL,CLEAR,DAYLIGHT,UNKNOWN INTERSECTION TYPE,DRY,NO INJURY / DRIVE AWAY,,UNABLE TO DETERMINE,1800,S,HALSTED ST,Y,NO INDICATION OF INJURY,0,0,0,15,1,7,41.85806266,-87.64679527
03/17/2019 03:10:00 PM,30,TRAFFIC SIGNAL,CLEAR,DAYLIGHT,DIVIDED - W/MEDIAN (NOT RAISED),DRY,NO INJURY / DRIVE AWAY,,FAILING TO REDUCE SPEED TO AVOID CRASH,49,W,POLK ST,,NO INDICATION OF INJURY,0,0,0,15,1,3,41.87216696,-87.6295768
5/1/2018 15:30,10,NO CONTROLS,CLEAR,DAYLIGHT,ALLEY,DRY,NO INJURY / DRIVE AWAY,Y,UNABLE TO DETERMINE,4199,N,MANGO AVE,,NO INDICATION OF INJURY,0,0,0,15,3,5,41.95669469,-87.77063835
10/29/2021 06:50:00 AM,30,STOP SIGN/FLASHER,RAIN,DAYLIGHT,NOT DIVIDED,WET,NO INJURY / DRIVE AWAY,,NOT APPLICABLE,5550,S,AUSTIN AVE,,NO INDICATION OF INJURY,0,0,0,6,6,10,41.79102531,-87.77215641
3/8/2021 17:21,30,TRAFFIC SIGNAL,CLEAR,DAYLIGHT,NOT DIVIDED,DRY,INJURY AND / OR TOW DUE TO CRASH,,UNABLE TO DETERMINE,400,N,STATE ST,,NONINCAPACITATING INJURY,0,0,1,17,2,3,41.88931871,-87.62815267
11/13/2022 02:00:00 PM,30,UNKNOWN,CLEAR,DAYLIGHT,UNKNOWN,DRY,NO INJURY / DRIVE AWAY,,FAILING TO YIELD RIGHT-OF-WAY,6411,N,ARTESIAN AVE,,NO INDICATION OF INJURY,0,0,0,14,1,11,41.99808408,-87.69096754
09/24/2019 09:12:00 PM,30,TRAFFIC SIGNAL,CLEAR,"DARKNESS, LIGHTED ROAD",NOT DIVIDED,DRY,INJURY AND / OR TOW DUE TO CRASH,,UNABLE TO DETERMINE,1202,S,CANAL ST,,INCAPACITATING INJURY,0,1,0,21,3,9,41.86712291,-87.63937962
06/25/2019 08:46:00 AM,15,NO CONTROLS,CLEAR,DAYLIGHT,ALLEY,DRY,NO INJURY / DRIVE AWAY,,"OPERATING VEHICLE IN ERRATIC, RECKLESS, CARELESS, NEGLIGENT OR AGGRESSIVE MANNER",3115,W,ROOSEVELT RD,Y,NO INDICATION OF INJURY,0,0,0,8,3,6,41.86631513,-87.70386422
04/27/2022 07:20:00 AM,30,NO CONTROLS,CLEAR,DAYLIGHT,T-INTERSECTION,DRY,INJURY AND / OR TOW DUE TO CRASH,,FAILING TO YIELD RIGHT-OF-WAY,10700,S,SACRAMENTO AVE,,"REPORTED, NOT EVIDENT",0,0,0,7,4,4,41.69884352,-87.69657124
9/2/2017 15:10,30,TRAFFIC SIGNAL,CLEAR,DAYLIGHT,DIVIDED - W/MEDIAN BARRIER,DRY,INJURY AND / OR TOW DUE TO CRASH,,FAILING TO YIELD RIGHT-OF-WAY,1600,N,HUMBOLDT BLVD,,INCAPACITATING INJURY,0,1,0,15,7,9,41.91026903,-87.70201587
9/10/2017 7:40,20,SCHOOL ZONE,CLEAR,DAYLIGHT,DIVIDED - W/MEDIAN (NOT RAISED),DRY,INJURY AND / OR TOW DUE TO CRASH,,UNABLE TO DETERMINE,5900,W,BELMONT AVE,Y,NONINCAPACITATING INJURY,0,0,1,7,1,9,41.93858857,-87.77384909
05/27/2017 08:00:00 AM,0,TRAFFIC SIGNAL,CLEAR,DAYLIGHT,DIVIDED - W/MEDIAN (NOT RAISED),DRY,NO INJURY / DRIVE AWAY,,UNABLE TO DETERMINE,1601,N,LAKE SHORE DR NB,N,NO INDICATION OF INJURY,0,0,0,8,7,5,41.91130561,-87.62558471
09/21/2018 08:30:00 AM,35,NO CONTROLS,CLEAR,DAYLIGHT,NOT DIVIDED,DRY,NO INJURY / DRIVE AWAY,Y,UNABLE TO DETERMINE,4157,N,LINCOLN AVE,,NO INDICATION OF INJURY,0,0,0,8,6,9,41.95750518,-87.68093915
03/13/2021 02:00:00 PM,30,NO CONTROLS,CLEAR,DAYLIGHT,NOT DIVIDED,DRY,INJURY AND / OR TOW DUE TO CRASH,,UNABLE TO DETERMINE,1754,N,MILWAUKEE AVE,Y,NONINCAPACITATING INJURY,0,0,1,14,7,3,41.91323013,-87.68209779
07/23/2023 07:25:00 PM,30,STOP SIGN/FLASHER,CLEAR,DAYLIGHT,FOUR WAY,DRY,INJURY AND / OR TOW DUE TO CRASH,,UNABLE TO DETERMINE,5128,N,CLARK ST,N,"REPORTED, NOT EVIDENT",0,0,0,19,1,7,41.97522362,-87.66845901
06/26/2017 07:30:00 PM,30,NO CONTROLS,CLEAR,DAYLIGHT,NOT DIVIDED,DRY,NO INJURY / DRIVE AWAY,,DRIVING SKILLS/KNOWLEDGE/EXPERIENCE,2705,W,65TH ST,,NO INDICATION OF INJURY,0,0,0,19,2,6,41.77534668,-87.69110287
07/19/2019 08:05:00 PM,30,UNKNOWN,UNKNOWN,UNKNOWN,NOT DIVIDED,UNKNOWN,NO INJURY / DRIVE AWAY,Y,UNABLE TO DETERMINE,1047,W,SUNNYSIDE AVE,,NO INDICATION OF INJURY,0,0,0,20,6,7,41.96344892,-87.65657126
6/3/2019 10:40,30,TRAFFIC SIGNAL,CLEAR,DAYLIGHT,ONE-WAY,DRY,INJURY AND / OR TOW DUE TO CRASH,N,TURNING RIGHT ON RED,530,N,WELLS ST,,NONINCAPACITATING INJURY,0,0,1,10,2,6,41.89162446,-87.63421675
7/2/2019 9:35,30,NO CONTROLS,CLEAR,DAYLIGHT,NOT DIVIDED,DRY,INJURY AND / OR TOW DUE TO CRASH,Y,FAILING TO YIELD RIGHT-OF-WAY,1920,N,LINCOLN AVE,Y,NONINCAPACITATING INJURY,0,0,1,9,3,7,41.91696584,-87.63711737
07/26/2022 02:07:00 PM,25,NO CONTROLS,CLEAR,DAYLIGHT,ONE-WAY,DRY,NO INJURY / DRIVE AWAY,,UNABLE TO DETERMINE,7058,S,WINCHESTER AVE,,NO INDICATION OF INJURY,0,0,0,14,3,7,41.76490794,-87.67246805
10/3/2022 12:02,30,NO CONTROLS,CLEAR,DAYLIGHT,DIVIDED - W/MEDIAN (NOT RAISED),DRY,INJURY AND / OR TOW DUE TO CRASH,,NOT APPLICABLE,404,N,WABASH AVE,,NONINCAPACITATING INJURY,0,0,1,12,2,10,41.88947738,-87.62680263
08/24/2019 04:15:00 PM,30,NO CONTROLS,CLEAR,DAYLIGHT,DIVIDED - W/MEDIAN (NOT RAISED),DRY,NO INJURY / DRIVE AWAY,,UNABLE TO DETERMINE,2514,S,HALSTED ST,Y,NO INDICATION OF INJURY,0,0,0,16,7,8,41.84661013,-87.6466157
10/13/2017 08:53:00 PM,25,STOP SIGN/FLASHER,CLEAR,DARKNESS,ONE-WAY,DRY,INJURY AND / OR TOW DUE TO CRASH,,FAILING TO YIELD RIGHT-OF-WAY,5300,S,DORCHESTER AVE,,NONINCAPACITATING INJURY,0,0,1,20,6,10,41.79945686,-87.59193171
08/28/2017 06:00:00 PM,35,TRAFFIC SIGNAL,CLEAR,DAYLIGHT,OTHER,DRY,INJURY AND / OR TOW DUE TO CRASH,Y,ROAD CONSTRUCTION/MAINTENANCE,1030,W,NORTH AVE,,NONINCAPACITATING INJURY,0,0,1,18,2,8,41.91093166,-87.65423265
10/10/2023 17:03,30,NO CONTROLS,CLEAR,DAYLIGHT,T-INTERSECTION,DRY,INJURY AND / OR TOW DUE TO CRASH,Y,FAILING TO YIELD RIGHT-OF-WAY,1001,N,MARSHFIELD AVE,,NONINCAPACITATING INJURY,0,0,1,17,3,10,41.89975741,-87.66845782
09/21/2016 08:10:00 AM,30,TRAFFIC SIGNAL,RAIN,DAYLIGHT,DIVIDED - W/MEDIAN (NOT RAISED),WET,INJURY AND / OR TOW DUE TO CRASH,,FAILING TO YIELD RIGHT-OF-WAY,501,W,18TH ST,,INCAPACITATING INJURY,0,1,0,8,4,9,41.85755492,-87.63898418
7/10/2022 17:25,30,NO CONTROLS,CLEAR,DAYLIGHT,NOT DIVIDED,DRY,INJURY AND / OR TOW DUE TO CRASH,,UNABLE TO DETERMINE,2747,N,MILWAUKEE AVE,,NONINCAPACITATING INJURY,0,0,1,17,1,7,41.93115918,-87.71059985
11/20/2017 06:00:00 AM,30,NO CONTROLS,CLEAR,DAYLIGHT,NOT DIVIDED,DRY,INJURY AND / OR TOW DUE TO CRASH,,FAILING TO YIELD RIGHT-OF-WAY,500,E,38TH ST,,NONINCAPACITATING INJURY,0,0,1,6,2,11,41.82581636,-87.61428694