CRASH_DATE,POSTED_SPEED_LIMIT,TRAFFIC_CONTROL_DEVICE,WEATHER_CONDITION,LIGHTING_CONDITION,TRAFFICWAY_TYPE,ROADWAY_SURFACE_COND,CRASH_TYPE,HIT_AND_RUN_I,PRIM_CONTRIBUTORY_CAUSE,STREET_NO,STREET_DIRECTION,STREET_NAME,DOORING_I,MOST_SEVERE_INJURY,INJURIES_FATAL,INJURIES_INCAPACITATING,INJURIES_NON_INCAPACITATING,CRASH_HOUR,CRASH_DAY_OF_WEEK,CRASH_MONTH,LATITUDE,LONGITUDE
5/6/2019 17:55,30,NO CONTROLS,CLEAR,DAYLIGHT,DIVIDED - W/MEDIAN (NOT RAISED),DRY,NO INJURY / DRIVE AWAY,,NOT APPLICABLE,723,N,MILWAUKEE AVE,,NO INDICATION OF INJURY,0,0,0,17,2,5,41.89479532,-87.65294834
5/6/2021 20:45,30,TRAFFIC SIGNAL,CLEAR,"DARKNESS, LIGHTED ROAD",DIVIDED - W/MEDIAN BARRIER,DRY,INJURY AND / OR TOW DUE TO CRASH,Y,FAILING TO YIELD RIGHT-OF-WAY,8259,S,STONY ISLAND AVE,,INCAPACITATING INJURY,0,1,0,20,5,5,41.74429685,-87.58522947
08/20/2022 08:55:00 AM,30,UNKNOWN,CLOUDY/OVERCAST,UNKNOWN,NOT DIVIDED,UNKNOWN,INJURY AND / OR TOW DUE TO CRASH,Y,UNABLE TO DETERMINE,425,E,MC FETRIDGE DR,,NONINCAPACITATING INJURY,0,0,1,8,7,8,41.86488802,-87.61740113
09/22/2020 06:40:00 PM,30,NO CONTROLS,CLEAR,"DARKNESS, LIGHTED ROAD",DIVIDED - W/MEDIAN (NOT RAISED),DRY,INJURY AND / OR TOW DUE TO CRASH,,"EVASIVE ACTION DUE TO ANIMAL, OBJECT, NONMOTORIST",5649,W,63RD ST,,NONINCAPACITATING INJURY,0,0,1,18,3,9,41.7779046,-87.76368139
05/28/2018 09:30:00 AM,30,NO CONTROLS,CLEAR,DAYLIGHT,NOT DIVIDED,DRY,INJURY AND / OR TOW DUE TO CRASH,,FAILING TO YIELD RIGHT-OF-WAY,5316,S,LONG AVE,,NONINCAPACITATING INJURY,0,0,1,9,2,5,41.79594059,-87.75765594
10/15/2021 11:50:00 AM,30,NO CONTROLS,RAIN,DAYLIGHT,DIVIDED - W/MEDIAN (NOT RAISED),DRY,INJURY AND / OR TOW DUE TO CRASH,,FAILING TO YIELD RIGHT-OF-WAY,2849,N,CALIFORNIA AVE,Y,NONINCAPACITATING INJURY,0,0,1,11,6,10,41.93352337,-87.69750595
07/19/2020 07:55:00 PM,30,TRAFFIC SIGNAL,CLEAR,DUSK,Y-INTERSECTION,DRY,INJURY AND / OR TOW DUE TO CRASH,Y,IMPROPER OVERTAKING/PASSING,4200,N,CLARK ST,,NONINCAPACITATING INJURY,0,0,1,19,1,7,41.95803522,-87.66466518
7/6/2022 13:49,30,STOP SIGN/FLASHER,CLEAR,DAYLIGHT,NOT DIVIDED,DRY,INJURY AND / OR TOW DUE TO CRASH,,UNABLE TO DETERMINE,8527,S,STONY ISLAND AVE,,"REPORTED, NOT EVIDENT",0,0,0,13,4,7,41.73969729,-87.58512291
09/16/2017 05:30:00 PM,30,NO CONTROLS,CLEAR,DAYLIGHT,NOT DIVIDED,DRY,NO INJURY / DRIVE AWAY,,EXCEEDING SAFE SPEED FOR CONDITIONS,4400,N,LAKE SHORE DR SB,,NO INDICATION OF INJURY,0,0,0,17,7,9,41.96202716,-87.64663966
02/13/2019 04:46:00 PM,30,TRAFFIC SIGNAL,CLEAR,DAYLIGHT,NOT DIVIDED,DRY,INJURY AND / OR TOW DUE TO CRASH,,IMPROPER TURNING/NO SIGNAL,2748,N,CLARK ST,,NONINCAPACITATING INJURY,0,0,1,16,4,2,41.93258786,-87.64501849
07/26/2019 09:45:00 AM,30,STOP SIGN/FLASHER,CLEAR,DAYLIGHT,DIVIDED - W/MEDIAN (NOT RAISED),DRY,NO INJURY / DRIVE AWAY,,UNABLE TO DETERMINE,2000,S,DAMEN AVE,,NO INDICATION OF INJURY,0,0,0,9,6,7,41.85490378,-87.67606604
05/15/2020 07:30:00 PM,30,NO CONTROLS,CLEAR,DUSK,ONE-WAY,DRY,NO INJURY / DRIVE AWAY,,UNABLE TO DETERMINE,1,S,KENTON AVE,,NO INDICATION OF INJURY,0,0,0,19,6,5,41.88050504,-87.74046694
03/15/2020 02:30:00 PM,30,NO CONTROLS,CLEAR,DAYLIGHT,NOT DIVIDED,DRY,INJURY AND / OR TOW DUE TO CRASH,,UNABLE TO DETERMINE,1325,W,WILSON AVE,Y,NONINCAPACITATING INJURY,0,0,1,14,1,3,41.96520578,-87.66351424
07/15/2019 05:00:00 PM,30,STOP SIGN/FLASHER,CLEAR,DAYLIGHT,NOT DIVIDED,DRY,NO INJURY / DRIVE AWAY,,FAILING TO YIELD RIGHT-OF-WAY,802,N,WOOD ST,Y,NO INDICATION OF INJURY,0,0,0,17,2,7,41.89609667,-87.67232562
04/27/2023 11:01:00 AM,30,NO CONTROLS,CLEAR,DAYLIGHT,NOT DIVIDED,DRY,INJURY AND / OR TOW DUE TO CRASH,,"VISION OBSCURED (SIGNS, TREE LIMBS, BUILDINGS, ETC.)",2231,W,LAKE ST,,NONINCAPACITATING INJURY,0,0,1,11,5,4,41.88465262,-87.68270792
08/18/2017 02:15:00 PM,30,NO CONTROLS,CLEAR,DAYLIGHT,NOT DIVIDED,DRY,INJURY AND / OR TOW DUE TO CRASH,Y,FAILING TO YIELD RIGHT-OF-WAY,2725,W,MONTROSE AVE,,NONINCAPACITATING INJURY,0,0,1,14,6,8,41.96114835,-87.69711269
10/5/2023 9:20,30,NO CONTROLS,CLOUDY/OVERCAST,DAYLIGHT,NOT DIVIDED,WET,INJURY AND / OR TOW DUE TO CRASH,,FAILING TO YIELD RIGHT-OF-WAY,813,W,ARMITAGE AVE,,NONINCAPACITATING INJURY,0,0,1,9,5,10,41.91806196,-87.64907158
06/27/2021 10:17:00 PM,30,NO CONTROLS,CLEAR,DARKNESS,NOT DIVIDED,DRY,NO INJURY / DRIVE AWAY,,FAILING TO YIELD RIGHT-OF-WAY,698,W,NORTH AVE,,NO INDICATION OF INJURY,0,0,0,22,1,6,41.91106567,-87.64582576
4/4/2022 20:15,30,STOP SIGN/FLASHER,CLEAR,"DARKNESS, LIGHTED ROAD",NOT DIVIDED,DRY,INJURY AND / OR TOW DUE TO CRASH,,FAILING TO YIELD RIGHT-OF-WAY,6900,S,PULASKI RD,,NONINCAPACITATING INJURY,0,0,1,20,2,4,41.76768773,-87.72263085
08/23/2019 09:40:00 AM,30,TRAFFIC SIGNAL,CLEAR,DAYLIGHT,NOT DIVIDED,DRY,INJURY AND / OR TOW DUE TO CRASH,,UNABLE TO DETERMINE,1457,W,ARDMORE AVE,,NONINCAPACITATING INJURY,0,0,1,9,6,8,41.9879717,-87.66722647
04/24/2018 02:55:00 PM,30,NO CONTROLS,CLEAR,DAYLIGHT,ONE-WAY,DRY,INJURY AND / OR TOW DUE TO CRASH,,UNABLE TO DETERMINE,4815,N,HAMLIN AVE,,NONINCAPACITATING INJURY,0,0,1,14,3,4,41.96878334,-87.7230083
02/22/2021 06:20:00 PM,30,NO CONTROLS,CLEAR,DAWN,NOT DIVIDED,DRY,INJURY AND / OR TOW DUE TO CRASH,Y,IMPROPER TURNING/NO SIGNAL,175,N,STATE ST,,NONINCAPACITATING INJURY,0,0,1,18,2,2,41.8852378,-87.62778183
04/13/2020 03:26:00 PM,30,TRAFFIC SIGNAL,CLEAR,DAYLIGHT,NOT DIVIDED,DRY,INJURY AND / OR TOW DUE TO CRASH,,NOT APPLICABLE,5200,W,WASHINGTON BLVD,,NONINCAPACITATING INJURY,0,0,1,15,2,4,41.88247687,-87.75519503
06/24/2022 12:45:00 PM,30,NO CONTROLS,CLEAR,DAYLIGHT,ONE-WAY,DRY,INJURY AND / OR TOW DUE TO CRASH,,UNABLE TO DETERMINE,2224,W,FARRAGUT AVE,Y,"REPORTED, NOT EVIDENT",0,0,0,12,6,6,41.9769662,-87.68535337
9/11/2023 8:40,30,NO CONTROLS,RAIN,DAYLIGHT,RAMP,WET,INJURY AND / OR TOW DUE TO CRASH,,DRIVING SKILLS/KNOWLEDGE/EXPERIENCE,774,W,DIVERSEY PKWY,,"REPORTED, NOT EVIDENT",0,0,0,8,2,9,41.93283123,-87.64894917
05/23/2018 08:50:00 AM,25,STOP SIGN/FLASHER,CLEAR,DAYLIGHT,DIVIDED - W/MEDIAN (NOT RAISED),DRY,INJURY AND / OR TOW DUE TO CRASH,,EXCEEDING AUTHORIZED SPEED LIMIT,450,E,WALDRON DR,,NONINCAPACITATING INJURY,0,0,1,8,4,5,41.86047916,-87.6146114
11/5/2020 20:55,30,TRAFFIC SIGNAL,CLEAR,"DARKNESS, LIGHTED ROAD",DIVIDED - W/MEDIAN BARRIER,DRY,INJURY AND / OR TOW DUE TO CRASH,Y,FAILING TO YIELD RIGHT-OF-WAY,150,W,ERIE ST,,NONINCAPACITATING INJURY,0,0,1,20,5,11,41.89411326,-87.63317902
7/6/2022 17:50,30,NO CONTROLS,CLEAR,DAYLIGHT,DIVIDED - W/MEDIAN (NOT RAISED),DRY,NO INJURY / DRIVE AWAY,,UNABLE TO DETERMINE,4256,W,IRVING PARK RD,,NO INDICATION OF INJURY,0,0,0,17,4,7,41.95367869,-87.73474386
11/26/2017 07:30:00 PM,30,NO CONTROLS,CLEAR,DAYLIGHT,DIVIDED - W/MEDIAN (NOT RAISED),DRY,INJURY AND / OR TOW DUE TO CRASH,,FAILING TO YIELD RIGHT-OF-WAY,3250,W,55TH ST,,INCAPACITATING INJURY,0,1,0,19,1,11,41.79359401,-87.70555244
03/19/2018 05:30:00 PM,25,NO CONTROLS,CLEAR,DAYLIGHT,DIVIDED - W/MEDIAN (NOT RAISED),DRY,NO INJURY / DRIVE AWAY,Y,NOT APPLICABLE,798,N,OGDEN AVE,,NO INDICATION OF INJURY,0,0,0,17,2,3,41.89632133,-87.65475019
08/24/2018 09:05:00 AM,30,TRAFFIC SIGNAL,CLEAR,DAYLIGHT,DIVIDED - W/MEDIAN (NOT RAISED),DRY,NO INJURY / DRIVE AWAY,,BICYCLE ADVANCING LEGALLY ON RED LIGHT,7500,S,YATES BLVD,,NO INDICATION OF INJURY,0,0,0,9,6,8,41.75889467,-87.56651784
09/24/2020 06:50:00 AM,30,STOP SIGN/FLASHER,CLEAR,DAYLIGHT,NOT DIVIDED,DRY,INJURY AND / OR TOW DUE TO CRASH,,UNABLE TO DETERMINE,1900,N,LAWNDALE AVE,,NONINCAPACITATING INJURY,0,0,1,6,5,9,41.91549373,-87.7193123
03/22/2023 04:57:00 PM,35,NO CONTROLS,RAIN,DAYLIGHT,NOT DIVIDED,WET,INJURY AND / OR TOW DUE TO CRASH,,IMPROPER LANE USAGE,65,W,KINZIE ST,Y,NONINCAPACITATING INJURY,0,0,1,16,4,3,41.88910913,-87.63054063
8/10/2022 15:05,30,TRAFFIC SIGNAL,CLEAR,DAYLIGHT,NOT DIVIDED,DRY,INJURY AND / OR TOW DUE TO CRASH,,FAILING TO YIELD RIGHT-OF-WAY,5101,N,NAGLE AVE,,NONINCAPACITATING INJURY,0,0,1,15,4,8,41.97393285,-87.78775868
7/12/2019 18:20,20,STOP SIGN/FLASHER,CLEAR,DAYLIGHT,DIVIDED - W/MEDIAN (NOT RAISED),DRY,INJURY AND / OR TOW DUE TO CRASH,,NOT APPLICABLE,828,E,MARQUETTE RD,,INCAPACITATING INJURY,0,1,0,18,6,7,41.77508329,-87.60465224
10/18/2016 11:00:00 AM,35,NO CONTROLS,CLEAR,DAYLIGHT,NOT DIVIDED,DRY,INJURY AND / OR TOW DUE TO CRASH,,FAILING TO YIELD RIGHT-OF-WAY,4317,W,59TH ST,Y,NONINCAPACITATING INJURY,0,0,1,11,3,10,41.78574386,-87.73108674
02/28/2022 05:57:00 PM,30,TRAFFIC SIGNAL,CLEAR,DUSK,NOT DIVIDED,DRY,INJURY AND / OR TOW DUE TO CRASH,Y,FAILING TO YIELD RIGHT-OF-WAY,2360,N,KIMBALL AVE,,"REPORTED, NOT EVIDENT",0,0,0,17,2,2,41.92461354,-87.7122512
03/24/2017 02:35:00 PM,30,NO CONTROLS,CLEAR,DAYLIGHT,DIVIDED - W/MEDIAN BARRIER,DRY,INJURY AND / OR TOW DUE TO CRASH,,FAILING TO YIELD RIGHT-OF-WAY,2019,W,LAWRENCE AVE,,NONINCAPACITATING INJURY,0,0,1,14,6,3,41.96863531,-87.68000567
06/26/2019 05:21:00 PM,30,NO CONTROLS,CLEAR,DAYLIGHT,NOT DIVIDED,DRY,NO INJURY / DRIVE AWAY,,IMPROPER OVERTAKING/PASSING,3259,W,WABANSIA AVE,,NO INDICATION OF INJURY,0,0,0,17,4,6,41.91180096,-87.70919134
04/18/2023 07:20:00 AM,30,TRAFFIC SIGNAL,CLEAR,DAYLIGHT,NOT DIVIDED,DRY,NO INJURY / DRIVE AWAY,Y,UNABLE TO DETERMINE,5645,W,ADDISON ST,,NO INDICATION OF INJURY,0,0,0,7,3,4,41.94574758,-87.76853828
08/14/2019 06:15:00 PM,30,NO CONTROLS,CLEAR,DAYLIGHT,NOT DIVIDED,DRY,INJURY AND / OR TOW DUE TO CRASH,Y,UNABLE TO DETERMINE,1248,W,CHICAGO AVE,,NONINCAPACITATING INJURY,0,0,1,18,4,8,41.89630529,-87.65945015
9/10/2021 20:42,25,UNKNOWN,CLEAR,"DARKNESS, LIGHTED ROAD",DIVIDED - W/MEDIAN (NOT RAISED),DRY,NO INJURY / DRIVE AWAY,Y,IMPROPER LANE USAGE,32,E,OHIO ST,,NO INDICATION OF INJURY,0,0,0,20,6,9,41.89260251,-87.62682327
07/17/2019 08:48:00 AM,0,NO CONTROLS,CLEAR,DAYLIGHT,NOT DIVIDED,DRY,INJURY AND / OR TOW DUE TO CRASH,,UNABLE TO DETERMINE,1001,N,LAKE SHORE DR,,NONINCAPACITATING INJURY,0,0,1,8,4,7,41.90090767,-87.6240265
05/25/2017 12:25:00 PM,30,NO CONTROLS,CLEAR,DAYLIGHT,NOT DIVIDED,DRY,INJURY AND / OR TOW DUE TO CRASH,,"OPERATING VEHICLE IN ERRATIC, RECKLESS, CARELESS, NEGLIGENT OR AGGRESSIVE MANNER",6341,S,COTTAGE GROVE AVE,,NONINCAPACITATING INJURY,0,0,1,12,5,5,41.77919422,-87.60575741
09/24/2020 03:45:00 PM,30,STOP SIGN/FLASHER,CLEAR,DAYLIGHT,NOT DIVIDED,DRY,NO INJURY / DRIVE AWAY,Y,UNABLE TO DETERMINE,5901,W,55TH ST,,NO INDICATION OF INJURY,0,0,0,15,5,9,41.79247965,-87.76968695
10/31/2021 04:00:00 PM,30,NO CONTROLS,CLEAR,DAYLIGHT,DIVIDED - W/MEDIAN (NOT RAISED),DRY,INJURY AND / OR TOW DUE TO CRASH,,UNABLE TO DETERMINE,4660,N,ROCKWELL ST,,NONINCAPACITATING INJURY,0,0,1,16,1,10,41.96663337,-87.69389384
09/28/2021 05:45:00 PM,30,UNKNOWN,UNKNOWN,DAYLIGHT,DIVIDED - W/MEDIAN (NOT RAISED),UNKNOWN,INJURY AND / OR TOW DUE TO CRASH,,FAILING TO YIELD RIGHT-OF-WAY,113,S,CLINTON ST,,NONINCAPACITATING INJURY,0,0,1,17,3,9,41.88014436,-87.64099297
5/5/2019 12:50,30,NO CONTROLS,CLEAR,DAYLIGHT,NOT DIVIDED,DRY,NO INJURY / DRIVE AWAY,,UNABLE TO DETERMINE,1725,S,WABASH AVE,Y,NO INDICATION OF INJURY,0,0,0,12,1,5,41.85829784,-87.62547402
7/7/2020 5:35,30,NO CONTROLS,CLEAR,DAWN,NOT DIVIDED,UNKNOWN,INJURY AND / OR TOW DUE TO CRASH,,DISTRACTION - FROM INSIDE VEHICLE,1648,N,DAMEN AVE,,NONINCAPACITATING INJURY,0,0,1,5,3,7,41.91196719,-87.67764579
12/18/2018 08:30:00 PM,30,NO CONTROLS,CLEAR,"DARKNESS, LIGHTED ROAD",NOT DIVIDED,DRY,INJURY AND / OR TOW DUE TO CRASH,,NOT APPLICABLE,2341,N,MILWAUKEE AVE,Y,NONINCAPACITATING INJURY,0,0,1,20,3,12,41.92382468,-87.69862359
8/8/2019 7:58,30,TRAFFIC SIGNAL,CLEAR,DAYLIGHT,NOT DIVIDED,DRY,NO INJURY / DRIVE AWAY,,IMPROPER LANE USAGE,640,N,WELLS ST,,NO INDICATION OF INJURY,0,0,0,7,5,8,41.89365848,-87.63427038
05/23/2023 10:18:00 PM,30,NO CONTROLS,CLEAR,"DARKNESS, LIGHTED ROAD",NOT DIVIDED,UNKNOWN,INJURY AND / OR TOW DUE TO CRASH,,UNABLE TO DETERMINE,3760,N,HALSTED ST,,NONINCAPACITATING INJURY,0,0,1,22,3,5,41.95090116,-87.64977184
9/11/2018 13:50,30,NO CONTROLS,CLEAR,DAYLIGHT,NOT DIVIDED,DRY,NO INJURY / DRIVE AWAY,,FAILING TO YIELD RIGHT-OF-WAY,1039,W,BRYN MAWR AVE,,NO INDICATION OF INJURY,0,0,0,13,3,9,41.98357123,-87.65675393
07/30/2019 06:42:00 PM,30,NO CONTROLS,CLEAR,DAYLIGHT,DIVIDED - W/MEDIAN (NOT RAISED),DRY,INJURY AND / OR TOW DUE TO CRASH,,UNABLE TO DETERMINE,2644,N,MILWAUKEE AVE,Y,INCAPACITATING INJURY,0,1,0,18,3,7,41.92978114,-87.70880515
10/26/2021 11:45:00 AM,30,NO CONTROLS,CLEAR,DAYLIGHT,DIVIDED - W/MEDIAN (NOT RAISED),DRY,INJURY AND / OR TOW DUE TO CRASH,,FAILING TO YIELD RIGHT-OF-WAY,2000,W,WEBSTER AVE,,NONINCAPACITATING INJURY,0,0,1,11,3,10,41.9215044,-87.67782323
05/19/2018 08:58:00 AM,30,NO CONTROLS,CLEAR,DAYLIGHT,NOT DIVIDED,DRY,INJURY AND / OR TOW DUE TO CRASH,,UNABLE TO DETERMINE,7071,N,SHERIDAN RD,Y,"REPORTED, NOT EVIDENT",0,0,0,8,7,5,42.01127559,-87.6626226
11/23/2019 10:00:00 AM,30,TRAFFIC SIGNAL,CLOUDY/OVERCAST,DAYLIGHT,DIVIDED - W/MEDIAN (NOT RAISED),DRY,INJURY AND / OR TOW DUE TO CRASH,,DISREGARDING TRAFFIC SIGNALS,1345,N,PULASKI RD,,NONINCAPACITATING INJURY,0,0,1,10,7,11,41.90579384,-87.72625114
04/26/2018 03:10:00 PM,30,NO CONTROLS,CLEAR,DAYLIGHT,OTHER,DRY,INJURY AND / OR TOW DUE TO CRASH,,NOT APPLICABLE,4554,W,NORTH AVE,,NONINCAPACITATING INJURY,0,0,1,15,5,4,41.9098025,-87.74074116
2/8/2018 15:45,30,NO CONTROLS,SNOW,DAYLIGHT,NOT DIVIDED,SNOW OR SLUSH,INJURY AND / OR TOW DUE TO CRASH,,UNABLE TO DETERMINE,1747,W,NORTH AVE,Y,INCAPACITATING INJURY,0,1,0,15,5,2,41.91045935,-87.67199973
7/4/2022 6:40,30,TRAFFIC SIGNAL,CLEAR,DAYLIGHT,NOT DIVIDED,DRY,INJURY AND / OR TOW DUE TO CRASH,Y,UNABLE TO DETERMINE,4400,N,CLARK ST,,NONINCAPACITATING INJURY,0,0,1,6,2,7,41.96170077,-87.66612372
04/29/2020 11:51:00 AM,30,NO CONTROLS,RAIN,DAYLIGHT,NOT DIVIDED,WET,NO INJURY / DRIVE AWAY,,UNABLE TO DETERMINE,3201,W,WABANSIA AVE,Y,NO INDICATION OF INJURY,0,0,0,11,4,4,41.91183173,-87.70688449
07/31/2019 08:50:00 PM,30,NO CONTROLS,CLEAR,DARKNESS,NOT DIVIDED,UNKNOWN,INJURY AND / OR TOW DUE TO CRASH,,IMPROPER OVERTAKING/PASSING,759,W,WRIGHTWOOD AVE,,"REPORTED, NOT EVIDENT",0,0,0,20,4,7,41.92897389,-87.64882707
10/3/2019 21:30,30,UNKNOWN,UNKNOWN,UNKNOWN,NOT DIVIDED,UNKNOWN,INJURY AND / OR TOW DUE TO CRASH,Y,UNABLE TO DETERMINE,5599,W,GRAND AVE,,NONINCAPACITATING INJURY,0,0,1,21,5,10,41.91864993,-87.76580513
2/11/2017 10:30,30,TRAFFIC SIGNAL,CLEAR,"DARKNESS, LIGHTED ROAD",NOT DIVIDED,DRY,NO INJURY / DRIVE AWAY,Y,FOLLOWING TOO CLOSELY,1100,S,MICHIGAN AVE,,NO INDICATION OF INJURY,0,0,0,10,7,2,41.86925576,-87.6242766
4/9/2019 17:00,30,STOP SIGN/FLASHER,CLEAR,DAYLIGHT,NOT DIVIDED,DRY,INJURY AND / OR TOW DUE TO CRASH,,FAILING TO YIELD RIGHT-OF-WAY,1002,S,LAFLIN ST,Y,"REPORTED, NOT EVIDENT",0,0,0,17,3,4,41.86918808,-87.6642201
06/25/2019 05:20:00 PM,30,NO CONTROLS,CLEAR,DAYLIGHT,ONE-WAY,DRY,INJURY AND / OR TOW DUE TO CRASH,,UNABLE TO DETERMINE,8512,S,ESCANABA AVE,,NONINCAPACITATING INJURY,0,0,1,17,3,6,41.74055753,-87.55406472
09/26/2018 02:18:00 PM,30,TRAFFIC SIGNAL,CLEAR,DAYLIGHT,DIVIDED - W/MEDIAN (NOT RAISED),DRY,INJURY AND / OR TOW DUE TO CRASH,Y,UNABLE TO DETERMINE,923,S,CICERO AVE,,NONINCAPACITATING INJURY,0,0,1,14,4,9,41.86877668,-87.74469562
09/19/2017 01:38:00 PM,30,STOP SIGN/FLASHER,CLEAR,DAYLIGHT,NOT DIVIDED,UNKNOWN,NO INJURY / DRIVE AWAY,,UNABLE TO DETERMINE,1234,W,WILSON AVE,,NO INDICATION OF INJURY,0,0,0,13,3,9,41.96545708,-87.66095435
7/8/2018 18:30,30,TRAFFIC SIGNAL,CLEAR,DAYLIGHT,NOT DIVIDED,DRY,INJURY AND / OR TOW DUE TO CRASH,,FAILING TO REDUCE SPEED TO AVOID CRASH,6500,S,PROMONTORY DR,,NONINCAPACITATING INJURY,0,0,2,18,1,7,41.77647256,-87.57099037
6/6/2018 19:00,30,NO CONTROLS,CLEAR,DAYLIGHT,DIVIDED - W/MEDIAN (NOT RAISED),DRY,INJURY AND / OR TOW DUE TO CRASH,,UNABLE TO DETERMINE,3826,W,NORTH AVE,Y,NONINCAPACITATING INJURY,0,0,1,19,4,6,41.91003796,-87.72262012
9/4/2019 19:48,30,STOP SIGN/FLASHER,CLEAR,DAYLIGHT,UNKNOWN INTERSECTION TYPE,DRY,INJURY AND / OR TOW DUE TO CRASH,,DISREGARDING STOP SIGN,332,W,KINZIE ST,,"REPORTED, NOT EVIDENT",0,0,0,19,4,9,41.88924235,-87.63695389
7/9/2018 18:04,30,NO CONTROLS,CLEAR,DAYLIGHT,DIVIDED - W/MEDIAN (NOT RAISED),DRY,NO INJURY / DRIVE AWAY,,IMPROPER LANE USAGE,4550,N,BROADWAY,,NO INDICATION OF INJURY,0,0,0,18,2,7,41.96494621,-87.65734707
10/31/2022 04:15:00 PM,30,STOP SIGN/FLASHER,RAIN,DAWN,FOUR WAY,WET,INJURY AND / OR TOW DUE TO CRASH,Y,IMPROPER LANE USAGE,329,S,PULASKI RD,,NONINCAPACITATING INJURY,0,0,1,16,2,10,41.87622609,-87.72537014
9/6/2019 19:27,30,TRAFFIC SIGNAL,CLEAR,"DARKNESS, LIGHTED ROAD",FOUR WAY,DRY,NO INJURY / DRIVE AWAY,,FAILING TO YIELD RIGHT-OF-WAY,3600,W,ARMITAGE AVE,,NO INDICATION OF INJURY,0,0,0,19,6,9,41.91739178,-87.71683559
08/22/2018 01:00:00 PM,30,NO CONTROLS,CLEAR,DAYLIGHT,NOT DIVIDED,DRY,INJURY AND / OR TOW DUE TO CRASH,,UNABLE TO DETERMINE,1229,W,WAVELAND AVE,Y,NONINCAPACITATING INJURY,0,0,1,13,4,8,41.94883931,-87.66036857
11/20/2018 08:05:00 AM,35,TRAFFIC SIGNAL,CLEAR,DAYLIGHT,DIVIDED - W/MEDIAN (NOT RAISED),DRY,NO INJURY / DRIVE AWAY,,NOT APPLICABLE,1753,W,JACKSON BLVD,,NO INDICATION OF INJURY,0,0,0,8,3,11,41.877441,-87.67123141
08/21/2018 05:35:00 PM,30,NO CONTROLS,CLEAR,DAYLIGHT,NOT DIVIDED,DRY,INJURY AND / OR TOW DUE TO CRASH,,NOT APPLICABLE,2700,N,HALSTED ST,,NONINCAPACITATING INJURY,0,0,1,17,3,8,41.93157329,-87.64911885
11/6/2017 12:25,30,STOP SIGN/FLASHER,CLEAR,DAYLIGHT,ONE-WAY,DRY,INJURY AND / OR TOW DUE TO CRASH,,FAILING TO YIELD RIGHT-OF-WAY,1158,N,RICHMOND ST,,NONINCAPACITATING INJURY,0,0,1,12,2,11,41.90280105,-87.70070344
6/5/2018 16:58,20,TRAFFIC SIGNAL,CLEAR,DAYLIGHT,ONE-WAY,DRY,NO INJURY / DRIVE AWAY,,DISREGARDING TRAFFIC SIGNALS,2100,N,CLEVELAND AVE,,NO INDICATION OF INJURY,0,0,0,16,3,6,41.92019804,-87.64145432
07/24/2019 04:25:00 PM,30,NO CONTROLS,CLEAR,DAYLIGHT,NOT DIVIDED,DRY,NO INJURY / DRIVE AWAY,,FAILING TO YIELD RIGHT-OF-WAY,2400,N,KOSTNER AVE,,NO INDICATION OF INJURY,0,0,0,16,4,7,41.92441066,-87.73671982
9/5/2018 3:50,30,TRAFFIC SIGNAL,CLEAR,DARKNESS,DIVIDED - W/MEDIAN BARRIER,DRY,INJURY AND / OR TOW DUE TO CRASH,,FAILING TO YIELD RIGHT-OF-WAY,1198,S,DAMEN AVE,,NONINCAPACITATING INJURY,0,0,1,3,4,9,41.86681108,-87.67639815
12/2/2019 16:46,30,TRAFFIC SIGNAL,CLEAR,DARKNESS,FOUR WAY,DRY,INJURY AND / OR TOW DUE TO CRASH,Y,UNABLE TO DETERMINE,4300,S,WABASH AVE,,NONINCAPACITATING INJURY,0,0,1,16,2,12,41.81642071,-87.62479896
10/2/2023 8:04,30,TRAFFIC SIGNAL,CLEAR,DAYLIGHT,NOT DIVIDED,UNKNOWN,INJURY AND / OR TOW DUE TO CRASH,,DISREGARDING TRAFFIC SIGNALS,153,N,LAKE SHORE DR NB,,NONINCAPACITATING INJURY,0,0,1,8,2,10,41.88447427,-87.61356137
11/6/2017 12:07,30,TRAFFIC SIGNAL,CLEAR,DAYLIGHT,DIVIDED - W/MEDIAN (NOT RAISED),DRY,INJURY AND / OR TOW DUE TO CRASH,,UNABLE TO DETERMINE,7400,S,ASHLAND AVE,Y,NONINCAPACITATING INJURY,0,0,1,12,2,11,41.7593684,-87.66378572
12/3/2020 13:30,20,STOP SIGN/FLASHER,CLEAR,DAYLIGHT,ONE-WAY,DRY,INJURY AND / OR TOW DUE TO CRASH,,DISREGARDING STOP SIGN,2121,N,KEELER AVE,,"REPORTED, NOT EVIDENT",0,0,0,13,5,12,41.91959342,-87.73138368
7/2/2022 21:01,30,TRAFFIC SIGNAL,CLEAR,"DARKNESS, LIGHTED ROAD",FOUR WAY,DRY,INJURY AND / OR TOW DUE TO CRASH,,FAILING TO YIELD RIGHT-OF-WAY,758,N,CICERO AVE,,NONINCAPACITATING INJURY,0,0,1,21,7,7,41.89495415,-87.74595265
07/16/2021 12:45:00 PM,30,NO CONTROLS,CLEAR,DAYLIGHT,NOT DIVIDED,DRY,INJURY AND / OR TOW DUE TO CRASH,,NOT APPLICABLE,1655,W,BERTEAU AVE,Y,INCAPACITATING INJURY,0,1,0,12,6,7,41.95781631,-87.6706423