CRASH_DATE,POSTED_SPEED_LIMIT,TRAFFIC_CONTROL_DEVICE,WEATHER_CONDITION,LIGHTING_CONDITION,TRAFFICWAY_TYPE,ROADWAY_SURFACE_COND,CRASH_TYPE,HIT_AND_RUN_I,PRIM_CONTRIBUTORY_CAUSE,STREET_NO,STREET_DIRECTION,STREET_NAME,DOORING_I,MOST_SEVERE_INJURY,INJURIES_FATAL,INJURIES_INCAPACITATING,INJURIES_NON_INCAPACITATING,CRASH_HOUR,CRASH_DAY_OF_WEEK,CRASH_MONTH,LATITUDE,LONGITUDE
10/14/2021 07:26:00 PM,30,TRAFFIC SIGNAL,CLEAR,"DARKNESS, LIGHTED ROAD",NOT DIVIDED,DRY,NO INJURY / DRIVE AWAY,,FAILING TO YIELD RIGHT-OF-WAY,600,W,KINZIE ST,,NO INDICATION OF INJURY,0,0,0,19,5,10,41.88915824,-87.64294895
06/23/2022 11:00:00 AM,30,TRAFFIC SIGNAL,CLEAR,DAYLIGHT,FOUR WAY,DRY,INJURY AND / OR TOW DUE TO CRASH,Y,UNABLE TO DETERMINE,530,N,STATE ST,,NONINCAPACITATING INJURY,0,0,1,11,5,6,41.89171125,-87.62821667
09/22/2015 10:15:00 AM,35,TRAFFIC SIGNAL,CLEAR,DAYLIGHT,NOT DIVIDED,DRY,NO INJURY / DRIVE AWAY,,FAILING TO YIELD RIGHT-OF-WAY,700,N,DEARBORN ST,,NO INDICATION OF INJURY,0,0,0,10,3,9,41.89489047,-87.6298719
8/12/2016 18:40,30,NO CONTROLS,RAIN,DUSK,NOT DIVIDED,WET,INJURY AND / OR TOW DUE TO CRASH,Y,UNABLE TO DETERMINE,600,W,CHICAGO AVE,,INCAPACITATING INJURY,0,1,0,18,6,8,41.89658519,-87.64299618
5/11/2019 14:55,30,NO CONTROLS,RAIN,DAYLIGHT,NOT DIVIDED,WET,INJURY AND / OR TOW DUE TO CRASH,Y,FAILING TO YIELD RIGHT-OF-WAY,1400,W,WILSON AVE,,NONINCAPACITATING INJURY,0,0,1,14,7,5,41.96539595,-87.66549539
11/28/2020 02:15:00 PM,30,NO CONTROLS,CLEAR,DAYLIGHT,ALLEY,DRY,INJURY AND / OR TOW DUE TO CRASH,Y,NOT APPLICABLE,3700,W,64TH PL,,NONINCAPACITATING INJURY,0,0,1,14,7,11,41.77614165,-87.71546202
7/3/2023 15:18,30,TRAFFIC SIGNAL,CLEAR,DAYLIGHT,NOT DIVIDED,DRY,INJURY AND / OR TOW DUE TO CRASH,,UNABLE TO DETERMINE,4801,W,WASHINGTON BLVD,,NONINCAPACITATING INJURY,0,0,1,15,2,7,41.88170645,-87.74546212
09/19/2022 08:20:00 AM,30,NO CONTROLS,CLEAR,DAYLIGHT,NOT DIVIDED,UNKNOWN,INJURY AND / OR TOW DUE TO CRASH,,UNABLE TO DETERMINE,5624,W,DIVERSEY AVE,,NONINCAPACITATING INJURY,0,0,1,8,2,9,41.93137031,-87.76740265
10/4/2017 20:00,30,TRAFFIC SIGNAL,CLEAR,"DARKNESS, LIGHTED ROAD",DIVIDED - W/MEDIAN (NOT RAISED),DRY,NO INJURY / DRIVE AWAY,Y,FAILING TO YIELD RIGHT-OF-WAY,300,S,DAMEN AVE,,NO INDICATION OF INJURY,0,0,0,20,4,10,41.87741284,-87.6766909
8/11/2017 17:19,30,NO CONTROLS,CLEAR,DAYLIGHT,NOT DIVIDED,DRY,NO INJURY / DRIVE AWAY,,FAILING TO YIELD RIGHT-OF-WAY,4420,N,ELSTON AVE,,NO INDICATION OF INJURY,0,0,0,17,6,8,41.96128641,-87.73043088
4/3/2019 17:52,30,TRAFFIC SIGNAL,CLEAR,DAYLIGHT,NOT DIVIDED,DRY,NO INJURY / DRIVE AWAY,,UNABLE TO DETERMINE,4000,W,JACKSON BLVD,,NO INDICATION OF INJURY,0,0,0,17,4,4,41.87719545,-87.72567131
02/25/2019 04:43:00 PM,30,NO CONTROLS,CLEAR,DAYLIGHT,NOT DIVIDED,DRY,INJURY AND / OR TOW DUE TO CRASH,Y,IMPROPER TURNING/NO SIGNAL,8612,S,COMMERCIAL AVE,,"REPORTED, NOT EVIDENT",0,0,0,16,2,2,41.73876793,-87.55160238
09/14/2017 06:00:00 PM,30,NO CONTROLS,CLEAR,DAYLIGHT,ALLEY,DRY,NO INJURY / DRIVE AWAY,,UNABLE TO DETERMINE,3111,N,ASHLAND AVE,,NO INDICATION OF INJURY,0,0,0,18,5,9,41.93825331,-87.6684632
5/2/2020 11:15,30,TRAFFIC SIGNAL,CLEAR,DAWN,FOUR WAY,DRY,INJURY AND / OR TOW DUE TO CRASH,Y,UNABLE TO DETERMINE,2000,E,MARQUETTE DR,,NONINCAPACITATING INJURY,0,0,1,11,7,5,41.77576988,-87.57634735
07/13/2023 02:58:00 PM,30,STOP SIGN/FLASHER,CLEAR,DAYLIGHT,DIVIDED - W/MEDIAN (NOT RAISED),DRY,INJURY AND / OR TOW DUE TO CRASH,,FAILING TO YIELD RIGHT-OF-WAY,4899,W,MONTROSE AVE,,NONINCAPACITATING INJURY,0,0,1,14,5,7,41.96058644,-87.74990808
03/21/2017 06:40:00 PM,30,NO CONTROLS,CLEAR,DAYLIGHT,NOT DIVIDED,DRY,INJURY AND / OR TOW DUE TO CRASH,,IMPROPER LANE USAGE,2602,W,LAWRENCE AVE,,INCAPACITATING INJURY,0,1,0,18,3,3,41.96867986,-87.69394579
08/28/2022 07:30:00 AM,30,TRAFFIC SIGNAL,CLEAR,DAYLIGHT,NOT DIVIDED,DRY,NO INJURY / DRIVE AWAY,N,FOLLOWING TOO CLOSELY,400,W,FULLERTON PKWY,,NO INDICATION OF INJURY,0,0,0,7,1,8,41.92571993,-87.63918933
05/31/2023 07:41:00 AM,30,STOP SIGN/FLASHER,CLEAR,DAYLIGHT,NOT DIVIDED,DRY,INJURY AND / OR TOW DUE TO CRASH,,UNABLE TO DETERMINE,4800,N,KENMORE AVE,,NONINCAPACITATING INJURY,0,0,1,7,4,5,41.96919565,-87.6563667
05/29/2019 10:30:00 AM,30,NO CONTROLS,CLEAR,DAYLIGHT,NOT DIVIDED,DRY,INJURY AND / OR TOW DUE TO CRASH,,UNABLE TO DETERMINE,2706,N,ELSTON AVE,Y,"REPORTED, NOT EVIDENT",0,0,0,10,4,5,41.93057837,-87.68570685
09/20/2019 09:55:00 PM,35,TRAFFIC SIGNAL,CLEAR,"DARKNESS, LIGHTED ROAD",FOUR WAY,DRY,INJURY AND / OR TOW DUE TO CRASH,,UNABLE TO DETERMINE,599,N,ORLEANS ST,,INCAPACITATING INJURY,0,1,0,21,6,9,41.89233518,-87.63690672
06/19/2022 12:17:00 AM,35,TRAFFIC SIGNAL,CLEAR,"DARKNESS, LIGHTED ROAD",FOUR WAY,DRY,INJURY AND / OR TOW DUE TO CRASH,,IMPROPER OVERTAKING/PASSING,609,N,DEARBORN ST,Y,NONINCAPACITATING INJURY,0,0,1,0,1,6,41.89277892,-87.62953923
08/27/2019 06:24:00 PM,30,NO CONTROLS,CLEAR,DAYLIGHT,NOT DIVIDED,DRY,INJURY AND / OR TOW DUE TO CRASH,,FAILING TO YIELD RIGHT-OF-WAY,3232,N,LINCOLN AVE,,NONINCAPACITATING INJURY,0,0,1,18,3,8,41.94050262,-87.66939869
1/9/2019 15:15,30,STOP SIGN/FLASHER,CLEAR,DAYLIGHT,ONE-WAY,DRY,NO INJURY / DRIVE AWAY,,NOT APPLICABLE,5800,W,52ND ST,,NO INDICATION OF INJURY,0,0,0,15,4,1,41.79825512,-87.76741075
8/7/2020 20:05,35,NO CONTROLS,CLEAR,"DARKNESS, LIGHTED ROAD",NOT DIVIDED,DRY,INJURY AND / OR TOW DUE TO CRASH,,UNABLE TO DETERMINE,1448,W,111TH ST,,NONINCAPACITATING INJURY,0,0,1,20,6,8,41.69226942,-87.65882128
08/30/2023 06:57:00 AM,30,TRAFFIC SIGNAL,CLEAR,DAYLIGHT,FOUR WAY,DRY,INJURY AND / OR TOW DUE TO CRASH,,FAILING TO YIELD RIGHT-OF-WAY,3600,N,SHEFFIELD AVE,,NONINCAPACITATING INJURY,0,0,1,6,4,8,41.94733183,-87.65448032
11/9/2021 14:20,30,TRAFFIC SIGNAL,CLEAR,DAYLIGHT,DIVIDED - W/MEDIAN (NOT RAISED),DRY,INJURY AND / OR TOW DUE TO CRASH,,FAILING TO YIELD RIGHT-OF-WAY,1200,W,TAYLOR ST,,"REPORTED, NOT EVIDENT",0,0,0,14,3,11,41.86952418,-87.65681941
07/20/2023 08:40:00 AM,30,NO CONTROLS,CLEAR,DAYLIGHT,NOT DIVIDED,DRY,NO INJURY / DRIVE AWAY,Y,FAILING TO YIELD RIGHT-OF-WAY,10431,S,EWING AVE,,NO INDICATION OF INJURY,0,0,0,8,5,7,41.70544978,-87.53513934
08/13/2019 07:30:00 PM,35,TRAFFIC SIGNAL,UNKNOWN,DAYLIGHT,DIVIDED - W/MEDIAN (NOT RAISED),UNKNOWN,INJURY AND / OR TOW DUE TO CRASH,Y,NOT APPLICABLE,7100,S,CALIFORNIA AVE,,NONINCAPACITATING INJURY,0,0,1,19,3,8,41.7644469,-87.69317372
02/26/2023 05:51:00 PM,30,NO CONTROLS,CLEAR,"DARKNESS, LIGHTED ROAD",NOT DIVIDED,DRY,INJURY AND / OR TOW DUE TO CRASH,,FAILING TO YIELD RIGHT-OF-WAY,7000,N,WOLCOTT AVE,,NONINCAPACITATING INJURY,0,0,1,17,1,2,42.0089709,-87.67820749
06/24/2023 09:30:00 PM,30,NO CONTROLS,CLEAR,DUSK,NOT DIVIDED,DRY,NO INJURY / DRIVE AWAY,,UNABLE TO DETERMINE,3243,N,BROADWAY,Y,NO INDICATION OF INJURY,0,0,0,21,7,6,41.94129418,-87.64429201
6/3/2019 10:40,30,NO CONTROLS,CLEAR,DAYLIGHT,NOT DIVIDED,DRY,INJURY AND / OR TOW DUE TO CRASH,,IMPROPER TURNING/NO SIGNAL,630,W,HARRISON ST,,NONINCAPACITATING INJURY,0,0,1,10,2,6,41.87446342,-87.64381593
07/29/2018 02:00:00 PM,30,STOP SIGN/FLASHER,CLEAR,DAYLIGHT,OTHER,DRY,INJURY AND / OR TOW DUE TO CRASH,,UNABLE TO DETERMINE,6931,N,CALIFORNIA AVE,,NONINCAPACITATING INJURY,0,0,1,14,1,7,42.00751362,-87.6996402
4/12/2023 22:30,30,NO CONTROLS,CLEAR,"DARKNESS, LIGHTED ROAD",ONE-WAY,DRY,NO INJURY / DRIVE AWAY,,FOLLOWING TOO CLOSELY,1327,W,ARDMORE AVE,,NO INDICATION OF INJURY,0,0,0,22,4,4,41.98798529,-87.66437574
9/8/2017 8:00,30,NO CONTROLS,CLEAR,DAYLIGHT,NOT DIVIDED,DRY,INJURY AND / OR TOW DUE TO CRASH,,EQUIPMENT - VEHICLE CONDITION,4727,W,BELMONT AVE,,NONINCAPACITATING INJURY,0,0,1,8,6,9,41.93873445,-87.745592
5/1/2018 17:24,30,TRAFFIC SIGNAL,CLEAR,DAYLIGHT,NOT DIVIDED,DRY,INJURY AND / OR TOW DUE TO CRASH,,DISREGARDING TRAFFIC SIGNALS,1000,E,63RD ST,,INCAPACITATING INJURY,0,1,0,17,3,5,41.78057784,-87.60103945
10/14/2018 11:50:00 AM,30,TRAFFIC SIGNAL,CLEAR,DAYLIGHT,NOT DIVIDED,DRY,INJURY AND / OR TOW DUE TO CRASH,Y,UNABLE TO DETERMINE,2200,W,DIVISION ST,,NONINCAPACITATING INJURY,0,0,1,11,1,10,41.90321542,-87.68220337
06/26/2019 12:25:00 PM,30,TRAFFIC SIGNAL,CLEAR,DAYLIGHT,ONE-WAY,DRY,NO INJURY / DRIVE AWAY,Y,DISREGARDING TRAFFIC SIGNALS,100,W,WASHINGTON ST,,NO INDICATION OF INJURY,0,0,0,12,4,6,41.88332051,-87.63098191
04/25/2016 08:10:00 AM,30,TRAFFIC SIGNAL,CLEAR,DAYLIGHT,NOT DIVIDED,DRY,NO INJURY / DRIVE AWAY,,IMPROPER LANE USAGE,1200,S,STATE ST,,NO INDICATION OF INJURY,0,0,0,8,2,4,41.86733051,-87.62756602
8/10/2019 22:20,40,TRAFFIC SIGNAL,CLEAR,"DARKNESS, LIGHTED ROAD",T-INTERSECTION,DRY,INJURY AND / OR TOW DUE TO CRASH,Y,DISREGARDING TRAFFIC SIGNALS,100,S,LAKE SHORE DR SB,,NONINCAPACITATING INJURY,0,0,1,22,7,8,41.88085605,-87.61763589
09/15/2022 08:00:00 AM,30,STOP SIGN/FLASHER,CLEAR,DAYLIGHT,FOUR WAY,DRY,INJURY AND / OR TOW DUE TO CRASH,Y,UNABLE TO DETERMINE,540,W,KINZIE ST,,INCAPACITATING INJURY,0,1,0,8,5,9,41.88916857,-87.64138583
09/27/2021 07:35:00 PM,30,TRAFFIC SIGNAL,CLEAR,"DARKNESS, LIGHTED ROAD",DIVIDED - W/MEDIAN (NOT RAISED),DRY,INJURY AND / OR TOW DUE TO CRASH,N,IMPROPER OVERTAKING/PASSING,2300,W,DIVISION ST,N,NONINCAPACITATING INJURY,0,0,1,19,2,9,41.9031687,-87.68470604
9/2/2020 18:35,30,NO CONTROLS,CLEAR,DAYLIGHT,NOT DIVIDED,DRY,INJURY AND / OR TOW DUE TO CRASH,,FAILING TO YIELD RIGHT-OF-WAY,3832,W,OGDEN AVE,,NONINCAPACITATING INJURY,0,0,1,18,4,9,41.8525908,-87.72103068
07/28/2019 09:00:00 PM,30,NO CONTROLS,CLEAR,"DARKNESS, LIGHTED ROAD",NOT DIVIDED,DRY,NO INJURY / DRIVE AWAY,Y,FAILING TO YIELD RIGHT-OF-WAY,3027,W,46TH ST,,NO INDICATION OF INJURY,0,0,0,21,1,7,41.80988988,-87.70030753
8/6/2022 17:10,20,STOP SIGN/FLASHER,CLEAR,DAYLIGHT,FOUR WAY,DRY,INJURY AND / OR TOW DUE TO CRASH,,DISREGARDING STOP SIGN,3036,W,IRVING PARK RD,,"REPORTED, NOT EVIDENT",0,0,0,17,7,8,41.95405054,-87.70465055
3/8/2021 19:55,30,UNKNOWN,CLEAR,DARKNESS,NOT DIVIDED,DRY,INJURY AND / OR TOW DUE TO CRASH,Y,FOLLOWING TOO CLOSELY,1655,W,FULLERTON AVE,,INCAPACITATING INJURY,0,1,0,19,2,3,41.92501346,-87.67025983
5/5/2023 13:20,30,TRAFFIC SIGNAL,CLEAR,DAYLIGHT,NOT DIVIDED,DRY,NO INJURY / DRIVE AWAY,Y,UNABLE TO DETERMINE,2334,N,ASHLAND AVE,,NO INDICATION OF INJURY,0,0,0,13,6,5,41.924318,-87.66826025
10/3/2020 12:10,30,TRAFFIC SIGNAL,CLEAR,DAYLIGHT,FOUR WAY,DRY,INJURY AND / OR TOW DUE TO CRASH,Y,FAILING TO YIELD RIGHT-OF-WAY,4343,N,BROADWAY,,NONINCAPACITATING INJURY,0,0,1,12,7,10,41.96126503,-87.65465265
9/7/2023 8:15,15,NO CONTROLS,CLEAR,DAYLIGHT,ALLEY,DRY,INJURY AND / OR TOW DUE TO CRASH,,UNABLE TO DETERMINE,3250,W,58TH ST,,NONINCAPACITATING INJURY,0,0,1,8,5,9,41.78814167,-87.70544959
07/13/2017 04:30:00 PM,30,UNKNOWN,CLEAR,DAYLIGHT,NOT DIVIDED,DRY,INJURY AND / OR TOW DUE TO CRASH,Y,UNABLE TO DETERMINE,140,W,MADISON ST,,NONINCAPACITATING INJURY,0,0,1,16,5,7,41.88207416,-87.63206725
6/8/2022 8:02,30,TRAFFIC SIGNAL,CLEAR,DAYLIGHT,NOT DIVIDED,DRY,INJURY AND / OR TOW DUE TO CRASH,,FOLLOWING TOO CLOSELY,299,E,MONROE DR,,"REPORTED, NOT EVIDENT",0,0,0,8,4,6,41.88076242,-87.62088387
8/4/2020 19:15,30,STOP SIGN/FLASHER,CLEAR,DAYLIGHT,NOT DIVIDED,DRY,INJURY AND / OR TOW DUE TO CRASH,,UNABLE TO DETERMINE,5601,N,ELSTON AVE,,INCAPACITATING INJURY,0,1,0,19,3,8,41.98313765,-87.76444101
8/6/2021 17:47,30,NO CONTROLS,CLEAR,DAYLIGHT,NOT DIVIDED,DRY,INJURY AND / OR TOW DUE TO CRASH,Y,UNABLE TO DETERMINE,722,W,FULLERTON AVE,Y,NONINCAPACITATING INJURY,0,0,1,17,6,8,41.92558821,-87.64714475
04/13/2018 09:20:00 AM,30,NO CONTROLS,CLEAR,DAYLIGHT,DIVIDED - W/MEDIAN (NOT RAISED),DRY,INJURY AND / OR TOW DUE TO CRASH,,UNABLE TO DETERMINE,1409,N,MILWAUKEE AVE,Y,NONINCAPACITATING INJURY,0,0,1,9,6,4,41.90757075,-87.6728501
7/4/2018 13:30,15,NO CONTROLS,CLEAR,DAYLIGHT,NOT DIVIDED,DRY,INJURY AND / OR TOW DUE TO CRASH,,FAILING TO YIELD RIGHT-OF-WAY,4626,W,DIVERSEY AVE,,NONINCAPACITATING INJURY,0,0,1,13,4,7,41.93168892,-87.74301695
7/8/2022 13:40,25,STOP SIGN/FLASHER,UNKNOWN,UNKNOWN,ONE-WAY,UNKNOWN,NO INJURY / DRIVE AWAY,,EQUIPMENT - VEHICLE CONDITION,935,W,87TH ST,,NO INDICATION OF INJURY,0,0,0,13,6,7,41.73590841,-87.64742288
1/4/2018 18:00,30,TRAFFIC SIGNAL,CLEAR,DUSK,NOT DIVIDED,DRY,NO INJURY / DRIVE AWAY,Y,UNABLE TO DETERMINE,400,N,STATE ST,,NO INDICATION OF INJURY,0,0,0,18,5,1,41.88931871,-87.62815267
2/2/2018 18:25,30,NO CONTROLS,CLEAR,"DARKNESS, LIGHTED ROAD",NOT DIVIDED,DRY,INJURY AND / OR TOW DUE TO CRASH,,ROAD CONSTRUCTION/MAINTENANCE,1151,N,LARRABEE ST,,"REPORTED, NOT EVIDENT",0,0,0,18,6,2,41.90294817,-87.64304632
8/6/2018 8:20,35,STOP SIGN/FLASHER,CLOUDY/OVERCAST,DAYLIGHT,DIVIDED - W/MEDIAN (NOT RAISED),WET,INJURY AND / OR TOW DUE TO CRASH,,DISREGARDING STOP SIGN,30,W,HARRISON ST,,NONINCAPACITATING INJURY,0,0,1,8,2,8,41.87465461,-87.62871424
08/18/2017 12:00:00 PM,30,TRAFFIC SIGNAL,CLEAR,DAYLIGHT,DIVIDED - W/MEDIAN (NOT RAISED),DRY,INJURY AND / OR TOW DUE TO CRASH,,UNABLE TO DETERMINE,2754,W,MONTROSE AVE,,NONINCAPACITATING INJURY,0,0,1,12,6,8,41.96135993,-87.69826234
05/15/2018 04:25:00 PM,20,NO CONTROLS,CLEAR,DAYLIGHT,ONE-WAY,DRY,INJURY AND / OR TOW DUE TO CRASH,,UNABLE TO DETERMINE,6240,S,HAMLIN AVE,,"REPORTED, NOT EVIDENT",0,0,0,16,3,5,41.77934526,-87.71801596
08/19/2021 05:08:00 PM,30,NO CONTROLS,CLEAR,DAYLIGHT,DIVIDED - W/MEDIAN (NOT RAISED),DRY,INJURY AND / OR TOW DUE TO CRASH,,UNABLE TO DETERMINE,4055,W,LAWRENCE AVE,,NONINCAPACITATING INJURY,0,0,1,17,5,8,41.96810851,-87.7302577
05/26/2020 06:27:00 PM,30,NO CONTROLS,CLEAR,DAYLIGHT,FOUR WAY,DRY,NO INJURY / DRIVE AWAY,,UNABLE TO DETERMINE,10800,S,STATE ST,,NO INDICATION OF INJURY,0,0,0,18,3,5,41.69800446,-87.62340629
8/4/2023 5:35,30,NO CONTROLS,CLEAR,DUSK,OTHER,DRY,INJURY AND / OR TOW DUE TO CRASH,Y,UNABLE TO DETERMINE,3659,W,CHICAGO AVE,,NONINCAPACITATING INJURY,0,0,1,5,6,8,41.89532783,-87.71869164
10/11/2017 6:00,30,STOP SIGN/FLASHER,CLOUDY/OVERCAST,"DARKNESS, LIGHTED ROAD",DIVIDED - W/MEDIAN (NOT RAISED),WET,NO INJURY / DRIVE AWAY,,UNABLE TO DETERMINE,900,W,LAKE ST,,NO INDICATION OF INJURY,0,0,0,6,4,10,41.88573617,-87.64986937
02/16/2022 07:24:00 PM,30,STOP SIGN/FLASHER,OTHER,DARKNESS,DIVIDED - W/MEDIAN (NOT RAISED),WET,INJURY AND / OR TOW DUE TO CRASH,Y,UNABLE TO DETERMINE,6151,W,DIVERSEY AVE,,NONINCAPACITATING INJURY,0,0,1,19,4,2,41.93096628,-87.78045231
3/2/2018 18:20,35,TRAFFIC SIGNAL,CLEAR,"DARKNESS, LIGHTED ROAD",NOT DIVIDED,DRY,NO INJURY / DRIVE AWAY,Y,UNABLE TO DETERMINE,1200,S,HALSTED ST,,NO INDICATION OF INJURY,0,0,0,18,6,3,41.86712525,-87.64706481
9/7/2019 15:15,30,TRAFFIC SIGNAL,CLEAR,DAYLIGHT,FOUR WAY,DRY,NO INJURY / DRIVE AWAY,,UNABLE TO DETERMINE,3241,W,PETERSON AVE,,NO INDICATION OF INJURY,0,0,0,15,7,9,41.99025485,-87.71076324
09/26/2023 05:15:00 PM,30,NO CONTROLS,CLEAR,DAYLIGHT,NOT DIVIDED,DRY,INJURY AND / OR TOW DUE TO CRASH,,FAILING TO YIELD RIGHT-OF-WAY,1925,N,HALSTED ST,,NONINCAPACITATING INJURY,0,0,1,17,3,9,41.91675581,-87.64830278
08/23/2022 05:00:00 PM,25,STOP SIGN/FLASHER,UNKNOWN,DAYLIGHT,ONE-WAY,UNKNOWN,NO INJURY / DRIVE AWAY,Y,UNABLE TO DETERMINE,1390,N,AVERS AVE,,NO INDICATION OF INJURY,0,0,0,17,3,8,41.90622757,-87.72290507
08/22/2020 04:30:00 PM,30,NO CONTROLS,CLEAR,DAYLIGHT,ALLEY,DRY,INJURY AND / OR TOW DUE TO CRASH,Y,FAILING TO YIELD RIGHT-OF-WAY,2430,W,ARDMORE AVE,,NONINCAPACITATING INJURY,0,0,1,16,7,8,41.98691378,-87.69083267
6/12/2021 11:25,30,TRAFFIC SIGNAL,CLEAR,DAYLIGHT,FOUR WAY,DRY,INJURY AND / OR TOW DUE TO CRASH,,FAILING TO YIELD RIGHT-OF-WAY,800,W,IRVING PARK RD,,"REPORTED, NOT EVIDENT",0,0,0,11,7,6,41.95467011,-87.6497454
8/3/2020 21:35,30,NO CONTROLS,RAIN,"DARKNESS, LIGHTED ROAD",NOT DIVIDED,WET,INJURY AND / OR TOW DUE TO CRASH,,FAILING TO YIELD RIGHT-OF-WAY,2525,W,44TH ST,,NONINCAPACITATING INJURY,0,0,1,21,2,8,41.81372033,-87.68812096
08/16/2021 02:55:00 AM,30,NO CONTROLS,CLEAR,"DARKNESS, LIGHTED ROAD",NOT DIVIDED,DRY,INJURY AND / OR TOW DUE TO CRASH,Y,UNABLE TO DETERMINE,3228,W,DIVERSEY AVE,,NONINCAPACITATING INJURY,0,0,1,2,2,8,41.93213057,-87.70858594
06/18/2018 11:00:00 AM,30,UNKNOWN,UNKNOWN,UNKNOWN,NOT DIVIDED,UNKNOWN,NO INJURY / DRIVE AWAY,,UNABLE TO DETERMINE,1920,N,HAMLIN AVE,,NO INDICATION OF INJURY,0,0,0,11,2,6,41.91605519,-87.72177945
08/25/2017 08:20:00 AM,30,STOP SIGN/FLASHER,CLEAR,DAYLIGHT,NOT DIVIDED,DRY,INJURY AND / OR TOW DUE TO CRASH,,DISREGARDING TRAFFIC SIGNALS,4000,W,WASHINGTON BLVD,,NONINCAPACITATING INJURY,0,0,1,8,6,8,41.8820619,-87.72580154
06/30/2023 09:00:00 AM,30,PEDESTRIAN CROSSING SIGN,CLEAR,DAYLIGHT,NOT DIVIDED,DRY,INJURY AND / OR TOW DUE TO CRASH,Y,FAILING TO YIELD RIGHT-OF-WAY,7030,N,WESTERN AVE,,NONINCAPACITATING INJURY,0,0,1,9,6,6,42.0095264,-87.6903294
10/18/2017 06:43:00 PM,30,STOP SIGN/FLASHER,CLEAR,"DARKNESS, LIGHTED ROAD",DIVIDED - W/MEDIAN (NOT RAISED),DRY,NO INJURY / DRIVE AWAY,Y,UNABLE TO DETERMINE,1011,W,ARMITAGE AVE,,NO INDICATION OF INJURY,0,0,0,18,4,10,41.91798726,-87.65387805
8/4/2022 8:45,30,NO CONTROLS,CLEAR,DAYLIGHT,NOT DIVIDED,DRY,INJURY AND / OR TOW DUE TO CRASH,,UNABLE TO DETERMINE,2906,N,BROADWAY,Y,NONINCAPACITATING INJURY,0,0,1,8,5,8,41.93509774,-87.6443821
05/28/2022 09:45:00 AM,35,STOP SIGN/FLASHER,CLEAR,DAYLIGHT,NOT DIVIDED,DRY,INJURY AND / OR TOW DUE TO CRASH,,"VISION OBSCURED (SIGNS, TREE LIMBS, BUILDINGS, ETC.)",7402,W,FOSTER AVE,,NONINCAPACITATING INJURY,0,0,1,9,7,5,41.97452218,-87.81215455
4/1/2022 7:53,30,NO CONTROLS,CLEAR,DAYLIGHT,NOT DIVIDED,DRY,INJURY AND / OR TOW DUE TO CRASH,,UNABLE TO DETERMINE,2800,W,JARLATH ST,,NONINCAPACITATING INJURY,0,0,1,7,6,4,42.01308391,-87.69978072
05/21/2022 01:42:00 PM,25,UNKNOWN,RAIN,DAYLIGHT,NOT DIVIDED,WET,INJURY AND / OR TOW DUE TO CRASH,Y,UNABLE TO DETERMINE,6300,N,CALIFORNIA AVE,Y,INCAPACITATING INJURY,0,1,0,13,7,5,41.99585588,-87.69972746
09/13/2019 09:33:00 PM,30,TRAFFIC SIGNAL,CLEAR,DARKNESS,NOT DIVIDED,DRY,INJURY AND / OR TOW DUE TO CRASH,Y,UNABLE TO DETERMINE,1301,S,WESTERN AVE,,NONINCAPACITATING INJURY,0,0,1,21,6,9,41.86474507,-87.68584046
6/11/2021 13:45,25,NO CONTROLS,CLEAR,DAYLIGHT,T-INTERSECTION,DRY,INJURY AND / OR TOW DUE TO CRASH,,FAILING TO YIELD RIGHT-OF-WAY,2189,N,STAVE ST,,NONINCAPACITATING INJURY,0,0,1,13,6,6,41.92105661,-87.69683752
9/12/2019 22:30,30,NO CONTROLS,CLEAR,"DARKNESS, LIGHTED ROAD",NOT DIVIDED,DRY,INJURY AND / OR TOW DUE TO CRASH,Y,UNABLE TO DETERMINE,160,W,KINZIE ST,Y,NONINCAPACITATING INJURY,0,0,1,22,5,9,41.8892816,-87.63349105
9/11/2018 17:35,35,NO CONTROLS,CLEAR,DAYLIGHT,NOT DIVIDED,DRY,INJURY AND / OR TOW DUE TO CRASH,,FAILING TO YIELD RIGHT-OF-WAY,6450,N,LEHIGH AVE,,NONINCAPACITATING INJURY,0,0,1,17,3,9,41.99883739,-87.76670231
02/23/2020 09:15:00 PM,30,NO CONTROLS,CLEAR,DARKNESS,ONE-WAY,UNKNOWN,INJURY AND / OR TOW DUE TO CRASH,Y,IMPROPER OVERTAKING/PASSING,2018,W,LE MOYNE ST,,"REPORTED, NOT EVIDENT",0,0,0,21,1,2,41.90835149,-87.67821122
06/17/2021 07:13:00 AM,30,TRAFFIC SIGNAL,CLEAR,DAYLIGHT,FOUR WAY,DRY,INJURY AND / OR TOW DUE TO CRASH,,DISREGARDING TRAFFIC SIGNALS,137,W,SUPERIOR ST,,"REPORTED, NOT EVIDENT",0,0,0,7,5,6,41.89550443,-87.63261604
07/31/2021 04:30:00 PM,20,NO CONTROLS,CLEAR,DAYLIGHT,T-INTERSECTION,DRY,INJURY AND / OR TOW DUE TO CRASH,N,FAILING TO YIELD RIGHT-OF-WAY,6339,W,WRIGHTWOOD AVE,,NONINCAPACITATING INJURY,0,0,1,16,7,7,41.92724067,-87.78472472