CRASH_DATE,POSTED_SPEED_LIMIT,TRAFFIC_CONTROL_DEVICE,WEATHER_CONDITION,LIGHTING_CONDITION,TRAFFICWAY_TYPE,ROADWAY_SURFACE_COND,CRASH_TYPE,HIT_AND_RUN_I,PRIM_CONTRIBUTORY_CAUSE,STREET_NO,STREET_DIRECTION,STREET_NAME,DOORING_I,MOST_SEVERE_INJURY,INJURIES_FATAL,INJURIES_INCAPACITATING,INJURIES_NON_INCAPACITATING,CRASH_HOUR,CRASH_DAY_OF_WEEK,CRASH_MONTH,LATITUDE,LONGITUDE
08/26/2022 02:55:00 PM,30,NO CONTROLS,CLEAR,DAYLIGHT,NOT DIVIDED,DRY,INJURY AND / OR TOW DUE TO CRASH,,NOT APPLICABLE,5211,N,CLARK ST,,NONINCAPACITATING INJURY,0,0,1,14,6,8,41.97657551,-87.66826364
6/9/2020 16:15,15,NO CONTROLS,UNKNOWN,UNKNOWN,ALLEY,UNKNOWN,NO INJURY / DRIVE AWAY,,UNABLE TO DETERMINE,7053,N,RIDGE BLVD,,NO INDICATION OF INJURY,0,0,0,16,3,6,42.01044798,-87.68227458
08/24/2020 08:12:00 PM,30,TRAFFIC SIGNAL,CLEAR,"DARKNESS, LIGHTED ROAD",FOUR WAY,DRY,INJURY AND / OR TOW DUE TO CRASH,Y,CELL PHONE USE OTHER THAN TEXTING,9459,S,DR MARTIN LUTHER KING JR DR,Y,NONINCAPACITATING INJURY,0,0,1,20,2,8,41.7219862,-87.61399956
11/3/2015 16:10,30,UNKNOWN,UNKNOWN,UNKNOWN,ALLEY,UNKNOWN,NO INJURY / DRIVE AWAY,,UNABLE TO DETERMINE,11046,S,CENTRAL PARK AVE,,NO INDICATION OF INJURY,0,0,0,16,3,11,41.69184342,-87.71074008
09/15/2023 07:15:00 PM,30,NO CONTROLS,UNKNOWN,UNKNOWN,DIVIDED - W/MEDIAN (NOT RAISED),UNKNOWN,INJURY AND / OR TOW DUE TO CRASH,Y,IMPROPER LANE USAGE,1300,S,WABASH AVE,,"REPORTED, NOT EVIDENT",0,0,0,19,6,9,41.86567587,-87.62594353
09/13/2022 10:29:00 PM,30,NO CONTROLS,CLEAR,"DARKNESS, LIGHTED ROAD",NOT DIVIDED,DRY,NO INJURY / DRIVE AWAY,,UNABLE TO DETERMINE,3755,N,HALSTED ST,,NO INDICATION OF INJURY,0,0,0,22,3,9,41.95096542,-87.64947713
08/18/2017 03:40:00 PM,30,NO CONTROLS,CLEAR,DAYLIGHT,NOT DIVIDED,DRY,NO INJURY / DRIVE AWAY,,UNABLE TO DETERMINE,3510,W,55TH ST,,NO INDICATION OF INJURY,0,0,0,15,6,8,41.79350627,-87.71139803
07/18/2021 05:00:00 PM,30,NO CONTROLS,CLEAR,DAYLIGHT,NOT DIVIDED,DRY,INJURY AND / OR TOW DUE TO CRASH,,UNABLE TO DETERMINE,1311,N,HALSTED ST,Y,NONINCAPACITATING INJURY,0,0,1,17,1,7,41.90543825,-87.64798274
04/17/2021 12:40:00 AM,30,NO CONTROLS,CLEAR,"DARKNESS, LIGHTED ROAD",NOT DIVIDED,DRY,INJURY AND / OR TOW DUE TO CRASH,Y,FAILING TO YIELD RIGHT-OF-WAY,402,S,KEDZIE AVE,,INCAPACITATING INJURY,0,1,0,0,7,4,41.87547952,-87.70611577
08/22/2020 09:08:00 PM,30,NO CONTROLS,CLEAR,DAYLIGHT,NOT DIVIDED,DRY,INJURY AND / OR TOW DUE TO CRASH,,UNABLE TO DETERMINE,1344,S,HALSTED ST,Y,NONINCAPACITATING INJURY,0,0,1,21,7,8,41.86420075,-87.64698061
5/1/2021 14:15,20,NO CONTROLS,CLEAR,DAYLIGHT,NOT DIVIDED,DRY,INJURY AND / OR TOW DUE TO CRASH,,NOT APPLICABLE,2040,W,BELMONT AVE,Y,"REPORTED, NOT EVIDENT",0,0,0,14,7,5,41.93966235,-87.67998409
08/31/2018 11:00:00 AM,30,NO CONTROLS,CLEAR,DAYLIGHT,DIVIDED - W/MEDIAN (NOT RAISED),DRY,INJURY AND / OR TOW DUE TO CRASH,,FAILING TO REDUCE SPEED TO AVOID CRASH,121,N,LA SALLE ST,,NONINCAPACITATING INJURY,0,0,1,11,6,8,41.8837646,-87.63227535
9/11/2021 15:45,30,STOP SIGN/FLASHER,CLEAR,DAYLIGHT,OTHER,DRY,NO INJURY / DRIVE AWAY,,FAILING TO YIELD RIGHT-OF-WAY,2800,N,LAKE SHORE DR,,NO INDICATION OF INJURY,0,0,0,15,7,9,41.93290247,-87.63637317
08/16/2021 12:33:00 AM,30,NO CONTROLS,CLEAR,"DARKNESS, LIGHTED ROAD",DIVIDED - W/MEDIAN (NOT RAISED),DRY,INJURY AND / OR TOW DUE TO CRASH,Y,"OPERATING VEHICLE IN ERRATIC, RECKLESS, CARELESS, NEGLIGENT OR AGGRESSIVE MANNER",4427,N,CLARK ST,,NONINCAPACITATING INJURY,0,0,1,0,2,8,41.96247513,-87.6659874
09/21/2017 05:05:00 PM,30,NO CONTROLS,CLEAR,DAYLIGHT,NOT DIVIDED,DRY,NO INJURY / DRIVE AWAY,,FAILING TO YIELD RIGHT-OF-WAY,1013,W,AINSLIE ST,,NO INDICATION OF INJURY,0,0,0,17,5,9,41.97146136,-87.65545469
05/25/2020 03:19:00 PM,30,NO CONTROLS,CLEAR,DAYLIGHT,NOT DIVIDED,DRY,INJURY AND / OR TOW DUE TO CRASH,,UNABLE TO DETERMINE,1915,W,PRATT BLVD,,NONINCAPACITATING INJURY,0,0,1,15,2,5,42.0051322,-87.67858069
03/21/2019 07:05:00 PM,30,NO CONTROLS,CLEAR,DUSK,NOT DIVIDED,DRY,NO INJURY / DRIVE AWAY,,UNABLE TO DETERMINE,1333,N,CLEVELAND AVE,N,NO INDICATION OF INJURY,0,0,0,19,5,3,41.90669204,-87.64073466
12/17/2017 09:20:00 AM,30,STOP SIGN/FLASHER,CLEAR,DAYLIGHT,DIVIDED - W/MEDIAN BARRIER,DRY,NO INJURY / DRIVE AWAY,,DRIVING ON WRONG SIDE/WRONG WAY,11700,S,HALSTED ST,,NO INDICATION OF INJURY,0,0,0,9,1,12,41.68140457,-87.64217546
8/4/2020 17:00,30,UNKNOWN,UNKNOWN,UNKNOWN,DIVIDED - W/MEDIAN (NOT RAISED),UNKNOWN,INJURY AND / OR TOW DUE TO CRASH,,FAILING TO YIELD RIGHT-OF-WAY,1632,W,DIVISION ST,,"REPORTED, NOT EVIDENT",0,0,0,17,3,8,41.90343424,-87.66885427
09/24/2022 10:45:00 AM,30,NO CONTROLS,CLEAR,DAYLIGHT,NOT DIVIDED,DRY,INJURY AND / OR TOW DUE TO CRASH,,UNABLE TO DETERMINE,7430,N,RIDGE BLVD,,NONINCAPACITATING INJURY,0,0,1,10,7,9,42.01687219,-87.68448767
10/12/2017 18:25,30,TRAFFIC SIGNAL,CLEAR,DARKNESS,DIVIDED - W/MEDIAN BARRIER,DRY,INJURY AND / OR TOW DUE TO CRASH,Y,FAILING TO YIELD RIGHT-OF-WAY,6300,S,STATE ST,,NONINCAPACITATING INJURY,0,0,1,18,5,10,41.78000828,-87.62552251
06/20/2018 03:59:00 PM,30,NO CONTROLS,CLEAR,DAYLIGHT,ALLEY,DRY,NO INJURY / DRIVE AWAY,,FAILING TO REDUCE SPEED TO AVOID CRASH,6243,S,RICHMOND ST,,NO INDICATION OF INJURY,0,0,0,15,4,6,41.77960773,-87.69691518
02/20/2019 08:30:00 AM,30,NO CONTROLS,CLEAR,DAYLIGHT,NOT DIVIDED,DRY,INJURY AND / OR TOW DUE TO CRASH,Y,NOT APPLICABLE,6300,S,LOREL AVE,,NONINCAPACITATING INJURY,0,0,1,8,4,2,41.7780773,-87.75579101
10/23/2019 06:02:00 PM,30,TRAFFIC SIGNAL,CLEAR,DUSK,NOT DIVIDED,DRY,INJURY AND / OR TOW DUE TO CRASH,,UNABLE TO DETERMINE,1315,N,MILWAUKEE AVE,,NONINCAPACITATING INJURY,0,0,1,18,4,10,41.90566977,-87.66987011
08/18/2020 03:04:00 PM,30,TRAFFIC SIGNAL,CLEAR,DAYLIGHT,DIVIDED - W/MEDIAN (NOT RAISED),DRY,INJURY AND / OR TOW DUE TO CRASH,,UNABLE TO DETERMINE,2400,W,CONGRESS PKWY,,"REPORTED, NOT EVIDENT",0,0,0,15,3,8,41.87510522,-87.68630707
5/3/2017 21:50,30,STOP SIGN/FLASHER,CLEAR,"DARKNESS, LIGHTED ROAD",NOT DIVIDED,DRY,INJURY AND / OR TOW DUE TO CRASH,Y,DISREGARDING STOP SIGN,2999,W,BIRCHWOOD AVE,,NONINCAPACITATING INJURY,0,0,1,21,4,5,42.01730356,-87.70422035
7/3/2021 13:41,10,NO CONTROLS,CLEAR,DAYLIGHT,PARKING LOT,DRY,INJURY AND / OR TOW DUE TO CRASH,,UNABLE TO DETERMINE,6000,N,LINCOLN AVE,,NONINCAPACITATING INJURY,0,0,1,13,7,7,41.99033664,-87.70753442
08/16/2022 09:13:00 AM,30,NO CONTROLS,CLEAR,DAYLIGHT,NOT DIVIDED,DRY,NO INJURY / DRIVE AWAY,,UNABLE TO DETERMINE,870,N,ORLEANS ST,,NO INDICATION OF INJURY,0,0,0,9,3,8,41.89862054,-87.63739614
05/23/2019 08:00:00 AM,30,NO CONTROLS,CLEAR,DAYLIGHT,DRIVEWAY,DRY,INJURY AND / OR TOW DUE TO CRASH,,NOT APPLICABLE,5454,N,HARLEM AVE,,NONINCAPACITATING INJURY,0,0,1,8,5,5,41.97983627,-87.80712742
8/3/2016 10:45,20,NO CONTROLS,CLEAR,DAYLIGHT,ONE-WAY,DRY,INJURY AND / OR TOW DUE TO CRASH,,FAILING TO YIELD RIGHT-OF-WAY,6936,N,GREENVIEW AVE,,NONINCAPACITATING INJURY,0,0,1,10,4,8,42.00775241,-87.66800493
11/9/2021 16:55,35,STOP SIGN/FLASHER,CLEAR,"DARKNESS, LIGHTED ROAD",FOUR WAY,DRY,NO INJURY / DRIVE AWAY,,UNABLE TO DETERMINE,3800,W,82ND ST,,NO INDICATION OF INJURY,0,0,0,16,3,11,41.74419878,-87.71698289
08/23/2019 04:00:00 PM,30,NO CONTROLS,CLEAR,DAYLIGHT,DIVIDED - W/MEDIAN (NOT RAISED),DRY,INJURY AND / OR TOW DUE TO CRASH,Y,UNABLE TO DETERMINE,5108,W,BELMONT AVE,,NONINCAPACITATING INJURY,0,0,1,16,6,8,41.93883597,-87.75467118
11/29/2016 07:58:00 AM,30,NO CONTROLS,CLEAR,DAYLIGHT,NOT DIVIDED,DRY,NO INJURY / DRIVE AWAY,,"VISION OBSCURED (SIGNS, TREE LIMBS, BUILDINGS, ETC.)",2041,W,CONCORD PL,,NO INDICATION OF INJURY,0,0,0,7,3,11,41.9113622,-87.67917794
05/16/2018 12:35:00 PM,30,NO CONTROLS,CLEAR,DAYLIGHT,NOT DIVIDED,DRY,INJURY AND / OR TOW DUE TO CRASH,Y,UNABLE TO DETERMINE,2703,S,HALSTED ST,Y,NONINCAPACITATING INJURY,0,0,1,12,4,5,41.84417978,-87.64627911
05/29/2018 03:55:00 PM,20,STOP SIGN/FLASHER,CLEAR,DAYLIGHT,NOT DIVIDED,DRY,INJURY AND / OR TOW DUE TO CRASH,,FAILING TO YIELD RIGHT-OF-WAY,11231,S,SPAULDING AVE,,NONINCAPACITATING INJURY,0,0,1,15,3,5,41.68880536,-87.70301735
10/22/2017 12:41:00 AM,30,NO CONTROLS,CLEAR,"DARKNESS, LIGHTED ROAD",DIVIDED - W/MEDIAN (NOT RAISED),DRY,NO INJURY / DRIVE AWAY,,NOT APPLICABLE,9041,S,ASHLAND AVE,,NO INDICATION OF INJURY,0,0,0,0,1,10,41.72908229,-87.66272107
8/7/2023 10:30,30,TRAFFIC SIGNAL,CLEAR,"DARKNESS, LIGHTED ROAD",FOUR WAY,DRY,INJURY AND / OR TOW DUE TO CRASH,Y,FOLLOWING TOO CLOSELY,5429,W,AUGUSTA BLVD,,NONINCAPACITATING INJURY,0,0,1,10,2,8,41.89841942,-87.76196562
02/27/2019 06:35:00 PM,0,STOP SIGN/FLASHER,CLEAR,"DARKNESS, LIGHTED ROAD",ONE-WAY,DRY,INJURY AND / OR TOW DUE TO CRASH,Y,DISREGARDING STOP SIGN,5100,N,WINCHESTER AVE,,NONINCAPACITATING INJURY,0,0,1,18,4,2,41.97478955,-87.67799815
6/12/2022 16:00,30,NO CONTROLS,CLEAR,DAYLIGHT,DIVIDED - W/MEDIAN (NOT RAISED),DRY,INJURY AND / OR TOW DUE TO CRASH,Y,UNABLE TO DETERMINE,4923,N,CLARK ST,,NONINCAPACITATING INJURY,0,0,1,16,1,6,41.97245587,-87.66775631
9/11/2015 21:00,30,TRAFFIC SIGNAL,UNKNOWN,"DARKNESS, LIGHTED ROAD",NOT DIVIDED,UNKNOWN,INJURY AND / OR TOW DUE TO CRASH,Y,UNABLE TO DETERMINE,1,S,CICERO AVE,,NONINCAPACITATING INJURY,0,0,1,21,6,9,41.88045118,-87.74512888
09/13/2019 09:05:00 PM,30,OTHER,CLEAR,DARKNESS,DIVIDED - W/MEDIAN (NOT RAISED),DRY,NO INJURY / DRIVE AWAY,Y,"OPERATING VEHICLE IN ERRATIC, RECKLESS, CARELESS, NEGLIGENT OR AGGRESSIVE MANNER",6900,S,UNION AVE,,NO INDICATION OF INJURY,0,0,0,21,6,9,41.76878484,-87.64220067
08/22/2018 09:52:00 PM,30,NO CONTROLS,CLEAR,"DARKNESS, LIGHTED ROAD",NOT DIVIDED,DRY,INJURY AND / OR TOW DUE TO CRASH,Y,"OPERATING VEHICLE IN ERRATIC, RECKLESS, CARELESS, NEGLIGENT OR AGGRESSIVE MANNER",2726,W,63RD ST,,INCAPACITATING INJURY,0,1,0,21,4,8,41.77924477,-87.69211854
08/26/2020 05:45:00 PM,30,STOP SIGN/FLASHER,CLEAR,DAYLIGHT,NOT DIVIDED,DRY,INJURY AND / OR TOW DUE TO CRASH,Y,UNABLE TO DETERMINE,3101,N,LARAMIE AVE,,NONINCAPACITATING INJURY,0,0,1,17,4,8,41.93692471,-87.75647921
07/26/2018 09:30:00 PM,35,NO CONTROLS,CLEAR,"DARKNESS, LIGHTED ROAD",DIVIDED - W/MEDIAN (NOT RAISED),DRY,INJURY AND / OR TOW DUE TO CRASH,,NOT APPLICABLE,2425,W,DIVERSEY AVE,Y,NONINCAPACITATING INJURY,0,0,1,21,5,7,41.93204685,-87.68897869
06/28/2021 05:52:00 PM,25,NO CONTROLS,CLEAR,DAYLIGHT,ONE-WAY,WET,INJURY AND / OR TOW DUE TO CRASH,Y,"OPERATING VEHICLE IN ERRATIC, RECKLESS, CARELESS, NEGLIGENT OR AGGRESSIVE MANNER",2745,W,GLADYS AVE,,NONINCAPACITATING INJURY,0,0,1,17,2,6,41.8766038,-87.69552135
09/14/2019 05:30:00 PM,30,TRAFFIC SIGNAL,CLEAR,DAYLIGHT,NOT DIVIDED,DRY,INJURY AND / OR TOW DUE TO CRASH,,UNABLE TO DETERMINE,3201,W,ARMITAGE AVE,,INCAPACITATING INJURY,0,1,0,17,7,9,41.9172915,-87.7070516
06/13/2022 08:42:00 PM,30,STOP SIGN/FLASHER,OTHER,DARKNESS,NOT DIVIDED,WET,INJURY AND / OR TOW DUE TO CRASH,Y,IMPROPER OVERTAKING/PASSING,3100,N,SOUTHPORT AVE,,"REPORTED, NOT EVIDENT",0,0,0,20,2,6,41.93798384,-87.66390386
06/18/2022 05:12:00 PM,30,UNKNOWN,CLEAR,DAYLIGHT,NOT DIVIDED,DRY,INJURY AND / OR TOW DUE TO CRASH,,UNABLE TO DETERMINE,4099,N,ASHLAND AVE,,"REPORTED, NOT EVIDENT",0,0,0,17,7,6,41.95603893,-87.66894925
04/26/2021 07:21:00 PM,30,TRAFFIC SIGNAL,CLEAR,"DARKNESS, LIGHTED ROAD",FOUR WAY,DRY,INJURY AND / OR TOW DUE TO CRASH,,UNABLE TO DETERMINE,200,W,69TH ST,,NONINCAPACITATING INJURY,0,0,2,19,2,4,41.7691905,-87.6299241
9/5/2019 20:15,15,NO CONTROLS,CLEAR,DARKNESS,NOT DIVIDED,DRY,INJURY AND / OR TOW DUE TO CRASH,Y,FAILING TO YIELD RIGHT-OF-WAY,2333,W,VAN BUREN ST,,NONINCAPACITATING INJURY,0,0,1,20,5,9,41.87599475,-87.68516087
05/25/2020 07:25:00 PM,30,NO CONTROLS,CLEAR,DAYLIGHT,NOT DIVIDED,DRY,INJURY AND / OR TOW DUE TO CRASH,,UNABLE TO DETERMINE,5821,S,CENTRAL AVE,,"REPORTED, NOT EVIDENT",0,0,0,19,2,5,41.78682164,-87.76192648
06/16/2021 05:00:00 PM,30,NO CONTROLS,CLEAR,DAYLIGHT,NOT DIVIDED,DRY,INJURY AND / OR TOW DUE TO CRASH,,UNABLE TO DETERMINE,3531,N,BROADWAY,Y,NONINCAPACITATING INJURY,0,0,1,17,4,6,41.94638465,-87.64652486
4/12/2021 17:00,30,TRAFFIC SIGNAL,CLEAR,DAYLIGHT,NOT DIVIDED,DRY,INJURY AND / OR TOW DUE TO CRASH,Y,FAILING TO REDUCE SPEED TO AVOID CRASH,4001,W,WRIGHTWOOD AVE,,NONINCAPACITATING INJURY,0,0,1,17,2,4,41.92801466,-87.72698718
10/16/2020 10:48:00 AM,35,NO CONTROLS,CLEAR,DAYLIGHT,NOT DIVIDED,DRY,INJURY AND / OR TOW DUE TO CRASH,Y,UNABLE TO DETERMINE,1229,S,HALSTED ST,,"REPORTED, NOT EVIDENT",0,0,0,10,6,10,41.86630228,-87.64674529
8/4/2017 17:40,30,NO CONTROLS,CLEAR,DAYLIGHT,NOT DIVIDED,DRY,NO INJURY / DRIVE AWAY,,UNABLE TO DETERMINE,1600,W,NORTH AVE,,NO INDICATION OF INJURY,0,0,0,17,6,8,41.91073912,-87.66775554
08/16/2016 07:30:00 PM,30,TRAFFIC SIGNAL,CLEAR,DUSK,OTHER,DRY,INJURY AND / OR TOW DUE TO CRASH,,FAILING TO YIELD RIGHT-OF-WAY,7100,S,COTTAGE GROVE AVE,N,NONINCAPACITATING INJURY,0,0,1,19,3,8,41.76580035,-87.60572913
09/17/2021 04:45:00 PM,30,UNKNOWN,CLEAR,DAYLIGHT,NOT DIVIDED,DRY,INJURY AND / OR TOW DUE TO CRASH,,UNABLE TO DETERMINE,1800,S,WENTWORTH AVE,,"REPORTED, NOT EVIDENT",0,0,0,16,6,9,41.85774375,-87.63203906
10/27/2018 06:24:00 PM,30,STOP SIGN/FLASHER,RAIN,DARKNESS,NOT DIVIDED,WET,NO INJURY / DRIVE AWAY,,FAILING TO YIELD RIGHT-OF-WAY,759,S,FRANCISCO AVE,,NO INDICATION OF INJURY,0,0,0,18,7,10,41.87108438,-87.69832834
1/10/2018 14:30,35,TRAFFIC SIGNAL,CLEAR,DAYLIGHT,DIVIDED - W/MEDIAN BARRIER,WET,INJURY AND / OR TOW DUE TO CRASH,,UNABLE TO DETERMINE,8700,S,VINCENNES AVE,,NONINCAPACITATING INJURY,0,0,1,14,4,1,41.73600657,-87.64534182
08/29/2023 02:00:00 PM,30,UNKNOWN,UNKNOWN,UNKNOWN,NOT DIVIDED,UNKNOWN,INJURY AND / OR TOW DUE TO CRASH,Y,UNABLE TO DETERMINE,1165,N,MILWAUKEE AVE,,"REPORTED, NOT EVIDENT",0,0,0,14,3,8,41.90300504,-87.66570654
7/11/2023 16:00,30,NO CONTROLS,RAIN,DAYLIGHT,ALLEY,WET,INJURY AND / OR TOW DUE TO CRASH,,UNABLE TO DETERMINE,6157,N,CLARK ST,,"REPORTED, NOT EVIDENT",0,0,0,16,3,7,41.99433044,-87.67000008
11/2/2021 12:04,30,NO CONTROLS,CLEAR,DAYLIGHT,NOT DIVIDED,DRY,INJURY AND / OR TOW DUE TO CRASH,Y,UNABLE TO DETERMINE,2343,W,IRVING PARK RD,,"REPORTED, NOT EVIDENT",0,0,0,12,3,11,41.9539139,-87.6877289
07/28/2018 10:45:00 PM,30,UNKNOWN,UNKNOWN,"DARKNESS, LIGHTED ROAD",DIVIDED - W/MEDIAN (NOT RAISED),UNKNOWN,NO INJURY / DRIVE AWAY,,UNABLE TO DETERMINE,2401,W,DIVERSEY AVE,Y,NO INDICATION OF INJURY,0,0,0,22,7,7,41.93206779,-87.68793971
7/3/2018 16:40,30,STOP SIGN/FLASHER,CLEAR,DAYLIGHT,NOT DIVIDED,DRY,INJURY AND / OR TOW DUE TO CRASH,,UNABLE TO DETERMINE,3959,N,TROY ST,,NONINCAPACITATING INJURY,0,0,1,16,3,7,41.95384055,-87.70664462
09/29/2023 08:00:00 AM,15,NO CONTROLS,CLEAR,DAYLIGHT,PARKING LOT,DRY,NO INJURY / DRIVE AWAY,,FAILING TO YIELD RIGHT-OF-WAY,5050,W,GRAND AVE,,NO INDICATION OF INJURY,0,0,0,8,6,9,41.91664394,-87.75257861
8/11/2018 21:43,30,NO CONTROLS,CLEAR,"DARKNESS, LIGHTED ROAD",ONE-WAY,DRY,INJURY AND / OR TOW DUE TO CRASH,Y,FAILING TO YIELD RIGHT-OF-WAY,6458,S,BISHOP ST,,NONINCAPACITATING INJURY,0,0,2,21,7,8,41.7759729,-87.66062216
09/21/2018 08:18:00 PM,30,TRAFFIC SIGNAL,CLEAR,"DARKNESS, LIGHTED ROAD",DIVIDED - W/MEDIAN (NOT RAISED),DRY,INJURY AND / OR TOW DUE TO CRASH,Y,UNABLE TO DETERMINE,2400,N,KEDZIE BLVD,,"REPORTED, NOT EVIDENT",0,0,0,20,6,9,41.92479693,-87.70736773
11/9/2020 14:50,30,STOP SIGN/FLASHER,CLEAR,DAYLIGHT,T-INTERSECTION,DRY,INJURY AND / OR TOW DUE TO CRASH,,FAILING TO YIELD RIGHT-OF-WAY,357,N,ASHLAND AVE,,NONINCAPACITATING INJURY,0,0,1,14,2,11,41.88814975,-87.66691221
9/10/2017 16:00,30,NO CONTROLS,CLEAR,DAYLIGHT,NOT DIVIDED,DRY,INJURY AND / OR TOW DUE TO CRASH,,UNABLE TO DETERMINE,1614,W,BELMONT AVE,,INCAPACITATING INJURY,0,1,0,16,1,9,41.93979743,-87.66931467
10/21/2020 04:25:00 PM,15,NO CONTROLS,CLEAR,DAYLIGHT,FOUR WAY,DRY,INJURY AND / OR TOW DUE TO CRASH,,UNABLE TO DETERMINE,3538,N,BELMONT HARBOR DR,,NONINCAPACITATING INJURY,0,0,1,16,4,10,41.94748716,-87.64076142
10/2/2020 17:50,30,UNKNOWN,UNKNOWN,UNKNOWN,FOUR WAY,UNKNOWN,NO INJURY / DRIVE AWAY,Y,UNABLE TO DETERMINE,2,N,DESPLAINES ST,,NO INDICATION OF INJURY,0,0,0,17,6,10,41.88185013,-87.64427549
10/16/2017 02:46:00 PM,30,TRAFFIC SIGNAL,CLEAR,DAYLIGHT,NOT DIVIDED,DRY,INJURY AND / OR TOW DUE TO CRASH,,FAILING TO YIELD RIGHT-OF-WAY,2799,N,CICERO AVE,,NONINCAPACITATING INJURY,0,0,1,14,2,10,41.93149097,-87.74644595
11/7/2022 19:14,30,NO CONTROLS,CLEAR,"DARKNESS, LIGHTED ROAD",NOT DIVIDED,DRY,INJURY AND / OR TOW DUE TO CRASH,,UNABLE TO DETERMINE,4227,W,ARMITAGE AVE,,INCAPACITATING INJURY,0,1,0,19,2,11,41.9169782,-87.73260544
8/4/2019 12:05,30,TRAFFIC SIGNAL,CLEAR,DAYLIGHT,FOUR WAY,DRY,INJURY AND / OR TOW DUE TO CRASH,,UNABLE TO DETERMINE,1200,W,VAN BUREN ST,,INCAPACITATING INJURY,0,1,0,12,1,8,41.87662843,-87.65705409
10/8/2018 17:10,30,NO CONTROLS,CLEAR,DAYLIGHT,NOT DIVIDED,DRY,INJURY AND / OR TOW DUE TO CRASH,,CELL PHONE USE OTHER THAN TEXTING,98,E,71ST ST,,INCAPACITATING INJURY,0,1,0,17,2,10,41.76568745,-87.62177549
09/29/2020 08:30:00 AM,30,NO CONTROLS,CLEAR,DAYLIGHT,NOT DIVIDED,DRY,INJURY AND / OR TOW DUE TO CRASH,,FOLLOWING TOO CLOSELY,6731,N,RIDGE BLVD,,"REPORTED, NOT EVIDENT",0,0,0,8,3,9,42.00425563,-87.67958051
08/31/2018 04:19:00 PM,0,TRAFFIC SIGNAL,CLEAR,DAYLIGHT,NOT DIVIDED,DRY,INJURY AND / OR TOW DUE TO CRASH,Y,UNABLE TO DETERMINE,2505,N,LINCOLN AVE,Y,NONINCAPACITATING INJURY,0,0,1,16,6,8,41.92744441,-87.65134313
7/7/2017 20:05,30,UNKNOWN,CLEAR,"DARKNESS, LIGHTED ROAD",NOT DIVIDED,DRY,INJURY AND / OR TOW DUE TO CRASH,,UNABLE TO DETERMINE,7301,S,MORGAN ST,Y,NONINCAPACITATING INJURY,0,0,1,20,6,7,41.76140004,-87.6490211
10/7/2021 21:43,30,NO CONTROLS,CLOUDY/OVERCAST,"DARKNESS, LIGHTED ROAD",NOT DIVIDED,WET,INJURY AND / OR TOW DUE TO CRASH,,DRIVING SKILLS/KNOWLEDGE/EXPERIENCE,5913,N,CLARK ST,Y,NONINCAPACITATING INJURY,0,0,1,21,5,10,41.98883997,-87.66974525
08/28/2021 08:45:00 PM,25,STOP SIGN/FLASHER,CLEAR,"DARKNESS, LIGHTED ROAD",NOT DIVIDED,DRY,INJURY AND / OR TOW DUE TO CRASH,Y,UNABLE TO DETERMINE,1824,W,WABANSIA AVE,,INCAPACITATING INJURY,0,1,0,20,7,8,41.91247581,-87.67370323
06/24/2022 05:12:00 PM,35,TRAFFIC SIGNAL,CLEAR,DAYLIGHT,FOUR WAY,DRY,INJURY AND / OR TOW DUE TO CRASH,Y,FAILING TO YIELD RIGHT-OF-WAY,557,S,WELLS ST,,NONINCAPACITATING INJURY,0,0,1,17,6,6,41.87457298,-87.63348405
07/13/2018 09:40:00 AM,30,NO CONTROLS,CLEAR,DAYLIGHT,DIVIDED - W/MEDIAN (NOT RAISED),DRY,INJURY AND / OR TOW DUE TO CRASH,,IMPROPER LANE USAGE,1512,N,WESTERN AVE,,NONINCAPACITATING INJURY,0,0,1,9,6,7,41.90892185,-87.6873315
6/10/2022 15:15,30,STOP SIGN/FLASHER,CLEAR,DAYLIGHT,FOUR WAY,DRY,INJURY AND / OR TOW DUE TO CRASH,Y,UNABLE TO DETERMINE,5800,N,WEST CIRCLE AVE,,NONINCAPACITATING INJURY,0,0,1,15,6,6,41.98654213,-87.80557354
9/2/2021 13:45,30,STOP SIGN/FLASHER,CLEAR,DAYLIGHT,NOT DIVIDED,DRY,INJURY AND / OR TOW DUE TO CRASH,,UNABLE TO DETERMINE,5507,W,DEVON AVE,,INCAPACITATING INJURY,0,1,0,13,5,9,41.99722362,-87.7662227
04/15/2021 04:50:00 PM,30,NO CONTROLS,CLEAR,DAYLIGHT,DIVIDED - W/MEDIAN (NOT RAISED),DRY,INJURY AND / OR TOW DUE TO CRASH,,DRIVING SKILLS/KNOWLEDGE/EXPERIENCE,1046,W,LAWRENCE AVE,,NONINCAPACITATING INJURY,0,0,1,16,5,4,41.96917357,-87.65668844
7/11/2023 11:05,35,NO CONTROLS,CLEAR,DAYLIGHT,DIVIDED - W/MEDIAN (NOT RAISED),DRY,NO INJURY / DRIVE AWAY,,UNABLE TO DETERMINE,6014,S,RACINE AVE,,NO INDICATION OF INJURY,0,0,0,11,3,7,41.78457592,-87.65477538