CRASH_DATE,POSTED_SPEED_LIMIT,TRAFFIC_CONTROL_DEVICE,WEATHER_CONDITION,LIGHTING_CONDITION,TRAFFICWAY_TYPE,ROADWAY_SURFACE_COND,CRASH_TYPE,HIT_AND_RUN_I,PRIM_CONTRIBUTORY_CAUSE,STREET_NO,STREET_DIRECTION,STREET_NAME,DOORING_I,MOST_SEVERE_INJURY,INJURIES_FATAL,INJURIES_INCAPACITATING,INJURIES_NON_INCAPACITATING,CRASH_HOUR,CRASH_DAY_OF_WEEK,CRASH_MONTH,LATITUDE,LONGITUDE
7/1/2017 13:05,30,NO CONTROLS,CLEAR,DAYLIGHT,NOT DIVIDED,DRY,INJURY AND / OR TOW DUE TO CRASH,Y,UNABLE TO DETERMINE,2333,W,63RD ST,,"REPORTED, NOT EVIDENT",0,0,0,13,7,7,41.77908587,-87.68238082
07/29/2023 11:55:00 AM,30,NO CONTROLS,CLEAR,DAYLIGHT,NOT DIVIDED,DRY,NO INJURY / DRIVE AWAY,Y,UNABLE TO DETERMINE,2640,W,NORTH AVE,,NO INDICATION OF INJURY,0,0,0,11,7,7,41.91035988,-87.69377703
11/5/2018 7:00,30,STOP SIGN/FLASHER,CLEAR,DAWN,NOT DIVIDED,DRY,INJURY AND / OR TOW DUE TO CRASH,,UNABLE TO DETERMINE,5700,S,WESTERN AVE,,NONINCAPACITATING INJURY,0,0,1,7,2,11,41.79011809,-87.68408217
06/17/2021 04:50:00 PM,30,TRAFFIC SIGNAL,CLEAR,DAYLIGHT,NOT DIVIDED,DRY,INJURY AND / OR TOW DUE TO CRASH,,UNABLE TO DETERMINE,2327,W,ROOSEVELT RD,,"REPORTED, NOT EVIDENT",0,0,0,16,5,6,41.86652157,-87.68473235
07/15/2020 05:05:00 PM,30,STOP SIGN/FLASHER,RAIN,DAYLIGHT,DIVIDED - W/MEDIAN (NOT RAISED),WET,INJURY AND / OR TOW DUE TO CRASH,,UNABLE TO DETERMINE,5299,S,HARPER AVE,,NONINCAPACITATING INJURY,0,0,1,17,4,7,41.79957193,-87.58894591
4/8/2023 13:08,30,NO CONTROLS,CLEAR,DAYLIGHT,NOT DIVIDED,DRY,INJURY AND / OR TOW DUE TO CRASH,,FAILING TO YIELD RIGHT-OF-WAY,1648,N,DAMEN AVE,Y,NONINCAPACITATING INJURY,0,0,1,13,7,4,41.91196719,-87.67764579
04/24/2018 10:15:00 AM,25,NO CONTROLS,CLEAR,DAYLIGHT,ONE-WAY,DRY,INJURY AND / OR TOW DUE TO CRASH,,UNABLE TO DETERMINE,615,W,ROSCOE ST,,INCAPACITATING INJURY,0,1,0,10,3,4,41.94357121,-87.6452173
7/11/2018 9:20,0,TRAFFIC SIGNAL,CLEAR,DAYLIGHT,CENTER TURN LANE,DRY,INJURY AND / OR TOW DUE TO CRASH,,FAILING TO YIELD RIGHT-OF-WAY,99,W,BURTON PL,,INCAPACITATING INJURY,0,1,0,9,4,7,41.90932493,-87.63152924
07/18/2017 05:36:00 PM,35,TRAFFIC SIGNAL,CLEAR,DAYLIGHT,DIVIDED - W/MEDIAN BARRIER,DRY,INJURY AND / OR TOW DUE TO CRASH,,DISREGARDING TRAFFIC SIGNALS,798,W,ROOSEVELT RD,,INCAPACITATING INJURY,0,1,0,17,3,7,41.86726508,-87.64683297
8/7/2019 17:14,30,NO CONTROLS,CLEAR,DAYLIGHT,NOT DIVIDED,UNKNOWN,INJURY AND / OR TOW DUE TO CRASH,,UNABLE TO DETERMINE,5098,N,ELSTON AVE,,INCAPACITATING INJURY,0,1,0,17,4,8,41.97354332,-87.7492193
05/20/2022 10:40:00 AM,20,STOP SIGN/FLASHER,UNKNOWN,DAYLIGHT,T-INTERSECTION,UNKNOWN,INJURY AND / OR TOW DUE TO CRASH,,NOT APPLICABLE,2400,W,BALMORAL AVE,,NONINCAPACITATING INJURY,0,0,1,10,6,5,41.97963359,-87.68935921
09/30/2019 04:44:00 PM,30,TRAFFIC SIGNAL,CLEAR,DAYLIGHT,NOT DIVIDED,DRY,INJURY AND / OR TOW DUE TO CRASH,,FAILING TO YIELD RIGHT-OF-WAY,3800,N,CENTRAL AVE,,NONINCAPACITATING INJURY,0,0,1,16,2,9,41.94957174,-87.7670287
8/12/2023 11:50,30,OTHER,CLEAR,DAYLIGHT,NOT DIVIDED,DRY,INJURY AND / OR TOW DUE TO CRASH,,UNABLE TO DETERMINE,5614,N,CLARK ST,,"REPORTED, NOT EVIDENT",0,0,0,11,7,8,41.9839522,-87.66900616
06/27/2022 09:20:00 AM,30,TRAFFIC SIGNAL,CLEAR,DAYLIGHT,FOUR WAY,DRY,INJURY AND / OR TOW DUE TO CRASH,,UNABLE TO DETERMINE,954,W,WILSON AVE,Y,NONINCAPACITATING INJURY,0,0,1,9,2,6,41.96554345,-87.6545223
12/17/2017 09:04:00 PM,30,TRAFFIC SIGNAL,CLEAR,DARKNESS,DIVIDED - W/MEDIAN (NOT RAISED),DRY,INJURY AND / OR TOW DUE TO CRASH,,FAILING TO YIELD RIGHT-OF-WAY,6400,W,FULLERTON AVE,,NONINCAPACITATING INJURY,0,0,1,21,1,12,41.92378619,-87.78556721
09/17/2019 07:41:00 AM,20,NO CONTROLS,FOG/SMOKE/HAZE,DAYLIGHT,ONE-WAY,DRY,NO INJURY / DRIVE AWAY,Y,BICYCLE ADVANCING LEGALLY ON RED LIGHT,957,N,LEAVITT ST,N,NO INDICATION OF INJURY,0,0,0,7,3,9,41.89935966,-87.6818965
07/24/2018 05:35:00 PM,30,NO CONTROLS,CLEAR,DAYLIGHT,NOT DIVIDED,DRY,INJURY AND / OR TOW DUE TO CRASH,,IMPROPER TURNING/NO SIGNAL,2001,N,MILWAUKEE AVE,,NONINCAPACITATING INJURY,0,0,1,17,3,7,41.91766694,-87.68853418
07/14/2023 08:30:00 PM,30,TRAFFIC SIGNAL,CLEAR,"DARKNESS, LIGHTED ROAD",DIVIDED - W/MEDIAN (NOT RAISED),DRY,INJURY AND / OR TOW DUE TO CRASH,,UNABLE TO DETERMINE,2734,W,87TH ST,,NONINCAPACITATING INJURY,0,0,1,20,6,7,41.73549191,-87.69107061
10/15/2023 11:50:00 AM,30,NO CONTROLS,CLEAR,DAYLIGHT,DIVIDED - W/MEDIAN (NOT RAISED),DRY,NO INJURY / DRIVE AWAY,Y,UNABLE TO DETERMINE,1450,W,CERMAK RD,,NO INDICATION OF INJURY,0,0,0,11,1,10,41.8524959,-87.66319042
2/12/2020 18:50,30,NO CONTROLS,SLEET/HAIL,DARKNESS,NOT DIVIDED,WET,INJURY AND / OR TOW DUE TO CRASH,,UNABLE TO DETERMINE,3435,N,CLARK ST,Y,NONINCAPACITATING INJURY,0,0,1,18,4,2,41.94446777,-87.65408282
06/17/2022 02:30:00 PM,30,NO CONTROLS,CLEAR,DAYLIGHT,NOT DIVIDED,DRY,INJURY AND / OR TOW DUE TO CRASH,,IMPROPER TURNING/NO SIGNAL,1407,W,LAKE ST,,"REPORTED, NOT EVIDENT",0,0,0,14,6,6,41.8852995,-87.66275864
07/13/2020 08:30:00 PM,30,UNKNOWN,UNKNOWN,"DARKNESS, LIGHTED ROAD",UNKNOWN,UNKNOWN,INJURY AND / OR TOW DUE TO CRASH,,UNABLE TO DETERMINE,3900,N,BROADWAY,,NONINCAPACITATING INJURY,0,0,1,20,2,7,41.9527671,-87.64980144
11/17/2021 06:09:00 PM,30,NO CONTROLS,RAIN,"DARKNESS, LIGHTED ROAD",DIVIDED - W/MEDIAN (NOT RAISED),WET,INJURY AND / OR TOW DUE TO CRASH,Y,FAILING TO YIELD RIGHT-OF-WAY,5300,W,55TH ST,,INCAPACITATING INJURY,0,1,0,18,4,11,41.79295797,-87.75503841
04/21/2019 04:34:00 PM,30,NO CONTROLS,CLEAR,DAYLIGHT,NOT DIVIDED,DRY,NO INJURY / DRIVE AWAY,,DISTRACTION - FROM INSIDE VEHICLE,910,W,LAWRENCE AVE,Y,NO INDICATION OF INJURY,0,0,0,16,1,4,41.96922341,-87.65297773
10/3/2017 7:21,30,TRAFFIC SIGNAL,CLEAR,DAYLIGHT,CENTER TURN LANE,DRY,INJURY AND / OR TOW DUE TO CRASH,,FAILING TO YIELD RIGHT-OF-WAY,6200,N,WESTERN AVE,Y,NONINCAPACITATING INJURY,0,0,1,7,3,10,41.99418118,-87.68991422
6/2/2018 8:45,30,STOP SIGN/FLASHER,UNKNOWN,DAYLIGHT,DIVIDED - W/MEDIAN (NOT RAISED),UNKNOWN,NO INJURY / DRIVE AWAY,,DISREGARDING STOP SIGN,3459,N,HALSTED ST,,NO INDICATION OF INJURY,0,0,0,8,7,6,41.9454177,-87.64928114
8/2/2023 16:00,20,TRAFFIC SIGNAL,CLEAR,DAYLIGHT,DIVIDED - W/MEDIAN BARRIER,DRY,INJURY AND / OR TOW DUE TO CRASH,Y,IMPROPER OVERTAKING/PASSING,1040,W,ROOSEVELT RD,,NONINCAPACITATING INJURY,0,0,1,16,4,8,41.86717155,-87.65272014
02/21/2023 11:15:00 AM,20,PEDESTRIAN CROSSING SIGN,UNKNOWN,UNKNOWN,NOT DIVIDED,UNKNOWN,NO INJURY / DRIVE AWAY,,FAILING TO YIELD RIGHT-OF-WAY,2000,S,STATE ST,,NO INDICATION OF INJURY,0,0,0,11,3,2,41.8553848,-87.62729155
09/28/2022 03:00:00 PM,35,TRAFFIC SIGNAL,CLEAR,DAYLIGHT,FOUR WAY,DRY,NO INJURY / DRIVE AWAY,,UNABLE TO DETERMINE,7100,S,HALSTED ST,,NO INDICATION OF INJURY,0,0,0,15,4,9,41.76510943,-87.64455695
07/25/2020 11:00:00 AM,25,NO CONTROLS,CLEAR,DAYLIGHT,NOT DIVIDED,DRY,INJURY AND / OR TOW DUE TO CRASH,,FAILING TO YIELD RIGHT-OF-WAY,9858,S,WINCHESTER AVE,,NONINCAPACITATING INJURY,0,0,1,11,7,7,41.71392019,-87.67069569
10/7/2017 19:30,30,NO CONTROLS,RAIN,"DARKNESS, LIGHTED ROAD",DIVIDED - W/MEDIAN (NOT RAISED),WET,INJURY AND / OR TOW DUE TO CRASH,,DRIVING SKILLS/KNOWLEDGE/EXPERIENCE,1341,N,DAMEN AVE,Y,INCAPACITATING INJURY,0,1,0,19,7,10,41.90618801,-87.67719932
8/8/2019 18:06,30,NO CONTROLS,CLEAR,DAYLIGHT,ONE-WAY,DRY,INJURY AND / OR TOW DUE TO CRASH,,IMPROPER LANE USAGE,455,E,ILLINOIS ST,Y,NONINCAPACITATING INJURY,0,0,1,18,5,8,41.89097873,-87.61564604
11/8/2021 8:12,30,STOP SIGN/FLASHER,CLEAR,DAYLIGHT,NOT DIVIDED,DRY,NO INJURY / DRIVE AWAY,,FAILING TO YIELD RIGHT-OF-WAY,2501,W,GRAND AVE,,NO INDICATION OF INJURY,0,0,0,8,2,11,41.89128432,-87.68933112
05/29/2020 06:57:00 PM,30,TRAFFIC SIGNAL,UNKNOWN,DAYLIGHT,NOT DIVIDED,UNKNOWN,INJURY AND / OR TOW DUE TO CRASH,Y,UNABLE TO DETERMINE,4600,W,NORTH AVE,,NONINCAPACITATING INJURY,0,0,1,18,6,5,41.90979253,-87.74143388
4/12/2023 13:55,30,NO CONTROLS,CLEAR,DAYLIGHT,DIVIDED - W/MEDIAN (NOT RAISED),UNKNOWN,INJURY AND / OR TOW DUE TO CRASH,Y,FAILING TO YIELD RIGHT-OF-WAY,7200,N,CLAREMONT AVE,N,NONINCAPACITATING INJURY,0,0,1,13,4,4,42.0123601,-87.6890544
9/4/2020 14:04,30,TRAFFIC SIGNAL,CLEAR,DAYLIGHT,FOUR WAY,DRY,INJURY AND / OR TOW DUE TO CRASH,,UNABLE TO DETERMINE,6500,S,COTTAGE GROVE AVE,,NONINCAPACITATING INJURY,0,0,1,14,6,9,41.77668462,-87.60599358
06/15/2020 12:10:00 PM,25,NO CONTROLS,CLEAR,DAYLIGHT,ONE-WAY,DRY,INJURY AND / OR TOW DUE TO CRASH,Y,UNABLE TO DETERMINE,6001,S,LAFLIN ST,,NONINCAPACITATING INJURY,0,0,1,12,2,6,41.78487366,-87.66177825
11/15/2018 10:55:00 AM,30,NO CONTROLS,SNOW,DAYLIGHT,DIVIDED - W/MEDIAN (NOT RAISED),WET,INJURY AND / OR TOW DUE TO CRASH,Y,NOT APPLICABLE,5840,W,63RD ST,,NONINCAPACITATING INJURY,0,0,1,10,5,11,41.7780377,-87.76816656
9/8/2017 7:40,20,NO CONTROLS,CLEAR,DAYLIGHT,ONE-WAY,DRY,INJURY AND / OR TOW DUE TO CRASH,,UNABLE TO DETERMINE,5559,S,TALMAN AVE,,NONINCAPACITATING INJURY,0,0,1,7,6,9,41.79203151,-87.6899449
4/10/2018 13:40,30,TRAFFIC SIGNAL,CLEAR,DAYLIGHT,NOT DIVIDED,DRY,INJURY AND / OR TOW DUE TO CRASH,,UNABLE TO DETERMINE,433,N,WESTERN AVE,,NONINCAPACITATING INJURY,0,0,1,13,3,4,41.88951755,-87.68650779
07/21/2022 07:25:00 PM,30,TRAFFIC SIGNAL,CLEAR,DAYLIGHT,FOUR WAY,DRY,INJURY AND / OR TOW DUE TO CRASH,,FAILING TO YIELD RIGHT-OF-WAY,5100,S,LAWNDALE AVE,,NONINCAPACITATING INJURY,0,0,1,19,5,7,41.8005635,-87.71615442
11/9/2019 19:15,25,NO CONTROLS,CLEAR,DARKNESS,NOT DIVIDED,DRY,INJURY AND / OR TOW DUE TO CRASH,,FAILING TO YIELD RIGHT-OF-WAY,2154,W,DEVON AVE,,NONINCAPACITATING INJURY,0,0,1,19,7,11,41.99792642,-87.68478486
06/21/2019 04:10:00 PM,30,NO CONTROLS,CLEAR,DAYLIGHT,CENTER TURN LANE,DRY,NO INJURY / DRIVE AWAY,,FAILING TO YIELD RIGHT-OF-WAY,5030,N,BROADWAY,,NO INDICATION OF INJURY,0,0,0,16,6,6,41.97362234,-87.65994124
03/27/2019 05:38:00 PM,30,NO CONTROLS,CLEAR,DAYLIGHT,NOT DIVIDED,DRY,NO INJURY / DRIVE AWAY,,FAILING TO YIELD RIGHT-OF-WAY,2319,W,OGDEN AVE,,NO INDICATION OF INJURY,0,0,0,17,4,3,41.8660949,-87.68417878
06/16/2020 03:43:00 PM,25,STOP SIGN/FLASHER,CLEAR,DAYLIGHT,NOT DIVIDED,DRY,INJURY AND / OR TOW DUE TO CRASH,,FAILING TO REDUCE SPEED TO AVOID CRASH,5600,S,HOYNE AVE,,INCAPACITATING INJURY,0,1,0,15,3,6,41.79197308,-87.67682669
05/30/2017 08:20:00 AM,30,NO CONTROLS,CLEAR,DAYLIGHT,NOT DIVIDED,DRY,INJURY AND / OR TOW DUE TO CRASH,,UNABLE TO DETERMINE,1329,W,CHICAGO AVE,Y,NONINCAPACITATING INJURY,0,0,1,8,3,5,41.89606914,-87.66055018
04/29/2022 01:00:00 PM,30,STOP SIGN/FLASHER,CLEAR,DAYLIGHT,NOT DIVIDED,DRY,NO INJURY / DRIVE AWAY,,UNABLE TO DETERMINE,1500,E,53RD ST,Y,NO INDICATION OF INJURY,0,0,0,13,6,4,41.79965378,-87.58904895
2/5/2019 19:05,35,TRAFFIC SIGNAL,CLOUDY/OVERCAST,"DARKNESS, LIGHTED ROAD",NOT DIVIDED,WET,NO INJURY / DRIVE AWAY,,FAILING TO YIELD RIGHT-OF-WAY,2475,S,ARCHER AVE,,NO INDICATION OF INJURY,0,0,0,19,3,2,41.84759644,-87.64541745
7/12/2020 17:59,30,STOP SIGN/FLASHER,CLEAR,DAYLIGHT,NOT DIVIDED,DRY,INJURY AND / OR TOW DUE TO CRASH,,IMPROPER LANE USAGE,3900,S,CALUMET AVE,,"REPORTED, NOT EVIDENT",0,0,0,17,1,7,41.82372274,-87.61869566
4/12/2019 12:00,35,STOP SIGN/FLASHER,CLEAR,DAYLIGHT,NOT DIVIDED,DRY,INJURY AND / OR TOW DUE TO CRASH,,UNABLE TO DETERMINE,402,E,44TH ST,N,NONINCAPACITATING INJURY,0,0,1,12,6,4,41.81493996,-87.61628409
10/2/2021 13:45,30,NO CONTROLS,CLEAR,DAYLIGHT,DIVIDED - W/MEDIAN (NOT RAISED),DRY,INJURY AND / OR TOW DUE TO CRASH,,NOT APPLICABLE,2714,N,CICERO AVE,Y,"REPORTED, NOT EVIDENT",0,0,0,13,7,10,41.93014757,-87.74668351
06/24/2023 04:40:00 PM,30,NO CONTROLS,CLEAR,DAYLIGHT,ONE-WAY,DRY,NO INJURY / DRIVE AWAY,,NOT APPLICABLE,5454,W,FULTON ST,,NO INDICATION OF INJURY,0,0,0,16,7,6,41.88586337,-87.76247517
11/4/2020 13:30,30,TRAFFIC SIGNAL,CLEAR,DAYLIGHT,DIVIDED - W/MEDIAN BARRIER,DRY,INJURY AND / OR TOW DUE TO CRASH,,DISREGARDING TRAFFIC SIGNALS,7900,S,SOUTH SHORE DR,Y,"REPORTED, NOT EVIDENT",0,0,0,13,4,11,41.7518556,-87.54825034
7/8/2020 11:15,30,TRAFFIC SIGNAL,CLEAR,DAYLIGHT,DIVIDED - W/MEDIAN (NOT RAISED),DRY,INJURY AND / OR TOW DUE TO CRASH,,UNABLE TO DETERMINE,520,W,DIVERSEY PKWY,Y,NONINCAPACITATING INJURY,0,0,1,11,4,7,41.93296343,-87.64222562
04/15/2021 10:00:00 PM,30,NO CONTROLS,CLEAR,"DARKNESS, LIGHTED ROAD",NOT DIVIDED,DRY,INJURY AND / OR TOW DUE TO CRASH,Y,UNABLE TO DETERMINE,54,S,PULASKI RD,,NONINCAPACITATING INJURY,0,0,1,22,5,4,41.87980685,-87.72578582
02/27/2018 03:30:00 PM,20,NO CONTROLS,CLEAR,DAYLIGHT,DIVIDED - W/MEDIAN (NOT RAISED),DRY,INJURY AND / OR TOW DUE TO CRASH,,UNABLE TO DETERMINE,6600,N,WESTERN AVE,,NONINCAPACITATING INJURY,0,0,1,15,3,2,42.00145697,-87.69012618
8/3/2019 13:20,30,TRAFFIC SIGNAL,CLEAR,DAYLIGHT,FOUR WAY,DRY,INJURY AND / OR TOW DUE TO CRASH,,FAILING TO YIELD RIGHT-OF-WAY,3200,N,ELSTON AVE,,NONINCAPACITATING INJURY,0,0,1,13,7,8,41.9393515,-87.69848351
06/27/2019 09:43:00 PM,30,STOP SIGN/FLASHER,CLEAR,DARKNESS,FOUR WAY,WET,NO INJURY / DRIVE AWAY,,UNABLE TO DETERMINE,3300,N,ELSTON AVE,,NO INDICATION OF INJURY,0,0,0,21,5,6,41.94131598,-87.70133674
11/27/2020 11:00:00 AM,30,NO CONTROLS,CLEAR,DAYLIGHT,DIVIDED - W/MEDIAN (NOT RAISED),DRY,INJURY AND / OR TOW DUE TO CRASH,Y,IMPROPER LANE USAGE,111,S,HALSTED ST,,NONINCAPACITATING INJURY,0,0,1,11,6,11,41.88012878,-87.6471646
11/6/2023 20:15,30,TRAFFIC SIGNAL,CLEAR,"DARKNESS, LIGHTED ROAD",NOT DIVIDED,DRY,INJURY AND / OR TOW DUE TO CRASH,,FAILING TO REDUCE SPEED TO AVOID CRASH,1,W,ONTARIO ST,,NONINCAPACITATING INJURY,0,0,1,20,2,11,41.8931599,-87.62819011
8/3/2020 17:00,30,NO CONTROLS,CLEAR,DAYLIGHT,NOT DIVIDED,DRY,INJURY AND / OR TOW DUE TO CRASH,Y,UNABLE TO DETERMINE,2241,S,PULASKI RD,,NONINCAPACITATING INJURY,0,0,1,17,2,8,41.85023435,-87.72457683
8/10/2018 22:54,30,TRAFFIC SIGNAL,CLEAR,"DARKNESS, LIGHTED ROAD",NOT DIVIDED,DRY,INJURY AND / OR TOW DUE TO CRASH,,IMPROPER TURNING/NO SIGNAL,3200,N,CENTRAL PARK AVE,,NONINCAPACITATING INJURY,0,0,1,22,6,8,41.93930365,-87.71755014
07/30/2022 08:25:00 AM,30,STOP SIGN/FLASHER,CLEAR,DAYLIGHT,NOT DIVIDED,DRY,INJURY AND / OR TOW DUE TO CRASH,,UNABLE TO DETERMINE,5199,N,SIMONDS DR,,NONINCAPACITATING INJURY,0,0,1,8,7,7,41.9769372,-87.64957513
6/9/2016 10:35,0,TRAFFIC SIGNAL,CLOUDY/OVERCAST,DAYLIGHT,ONE-WAY,DRY,INJURY AND / OR TOW DUE TO CRASH,,FAILING TO YIELD RIGHT-OF-WAY,5020,S,LAKE SHORE DR SB,,"REPORTED, NOT EVIDENT",0,0,0,10,5,6,41.80374726,-87.58220897
5/8/2018 14:15,30,NO CONTROLS,CLEAR,DAYLIGHT,NOT DIVIDED,DRY,NO INJURY / DRIVE AWAY,,UNABLE TO DETERMINE,340,W,GRAND AVE,,NO INDICATION OF INJURY,0,0,0,14,3,5,41.89165425,-87.63711333
6/3/2021 8:04,45,TRAFFIC SIGNAL,CLEAR,DAYLIGHT,DIVIDED - W/MEDIAN BARRIER,DRY,INJURY AND / OR TOW DUE TO CRASH,Y,DISREGARDING ROAD MARKINGS,300,S,LAKE SHORE DR NB,,NONINCAPACITATING INJURY,0,0,1,8,5,6,41.87831014,-87.6175759
7/2/2018 8:40,30,TRAFFIC SIGNAL,CLEAR,DAYLIGHT,NOT DIVIDED,DRY,INJURY AND / OR TOW DUE TO CRASH,,EXCEEDING AUTHORIZED SPEED LIMIT,1600,N,WELLS ST,,NONINCAPACITATING INJURY,0,0,1,8,2,7,41.91119542,-87.63485888
03/19/2018 05:39:00 PM,30,NO CONTROLS,CLEAR,DAYLIGHT,NOT DIVIDED,DRY,INJURY AND / OR TOW DUE TO CRASH,,NOT APPLICABLE,3120,N,LINCOLN AVE,Y,INCAPACITATING INJURY,0,1,0,17,2,3,41.93831552,-87.66698474
11/6/2018 16:10,30,NO CONTROLS,CLEAR,DUSK,DIVIDED - W/MEDIAN BARRIER,DRY,NO INJURY / DRIVE AWAY,,UNABLE TO DETERMINE,839,W,ROOSEVELT RD,,NO INDICATION OF INJURY,0,0,0,16,3,11,41.86701903,-87.6484553
07/21/2023 02:30:00 PM,30,TRAFFIC SIGNAL,CLEAR,DAYLIGHT,NOT DIVIDED,DRY,INJURY AND / OR TOW DUE TO CRASH,Y,UNABLE TO DETERMINE,100,N,LARAMIE AVE,,NONINCAPACITATING INJURY,0,0,1,14,6,7,41.88239319,-87.7552877
5/9/2023 16:30,30,NO CONTROLS,CLEAR,DAYLIGHT,NOT DIVIDED,DRY,INJURY AND / OR TOW DUE TO CRASH,,FAILING TO YIELD RIGHT-OF-WAY,3134,N,CLARK ST,,NONINCAPACITATING INJURY,0,0,1,16,3,5,41.93860344,-87.64975307
10/12/2019 17:42,30,TRAFFIC SIGNAL,CLEAR,DAYLIGHT,NOT DIVIDED,DRY,INJURY AND / OR TOW DUE TO CRASH,,UNABLE TO DETERMINE,3500,S,ASHLAND AVE,,NONINCAPACITATING INJURY,0,0,1,17,7,10,41.83040813,-87.66571276
11/23/2016 11:30:00 AM,30,TRAFFIC SIGNAL,RAIN,DAYLIGHT,NOT DIVIDED,WET,INJURY AND / OR TOW DUE TO CRASH,Y,FAILING TO REDUCE SPEED TO AVOID CRASH,2100,S,DAMEN AVE,,INCAPACITATING INJURY,0,1,0,11,4,11,41.85396282,-87.67603993
03/23/2019 03:09:00 PM,5,NO CONTROLS,CLEAR,DAYLIGHT,DRIVEWAY,DRY,INJURY AND / OR TOW DUE TO CRASH,,"VISION OBSCURED (SIGNS, TREE LIMBS, BUILDINGS, ETC.)",7700,S,KEDZIE AVE,,"REPORTED, NOT EVIDENT",0,0,0,15,7,3,41.75335698,-87.70264255
8/3/2018 22:40,30,NO CONTROLS,CLEAR,"DARKNESS, LIGHTED ROAD",NOT DIVIDED,DRY,NO INJURY / DRIVE AWAY,,DISTRACTION - FROM INSIDE VEHICLE,108,N,GREEN ST,Y,NO INDICATION OF INJURY,0,0,0,22,6,8,41.88343797,-87.64872378
12/7/2020 10:25,25,PEDESTRIAN CROSSING SIGN,CLEAR,DAYLIGHT,DIVIDED - W/MEDIAN BARRIER,DRY,INJURY AND / OR TOW DUE TO CRASH,,UNABLE TO DETERMINE,722,N,OGDEN AVE,,NONINCAPACITATING INJURY,0,0,1,10,2,12,41.89512295,-87.65577938
7/4/2022 18:43,30,STOP SIGN/FLASHER,CLEAR,DAWN,FOUR WAY,DRY,INJURY AND / OR TOW DUE TO CRASH,,FAILING TO YIELD RIGHT-OF-WAY,166,W,70TH ST,,NONINCAPACITATING INJURY,0,0,1,18,2,7,41.76736633,-87.6296667
6/6/2020 14:45,30,NO CONTROLS,CLEAR,DAYLIGHT,NOT DIVIDED,DRY,INJURY AND / OR TOW DUE TO CRASH,,NOT APPLICABLE,4550,N,CLARENDON AVE,Y,NONINCAPACITATING INJURY,0,0,1,14,7,6,41.96520224,-87.6501581
11/27/2017 11:50:00 PM,30,TRAFFIC SIGNAL,CLEAR,"DARKNESS, LIGHTED ROAD",NOT DIVIDED,DRY,NO INJURY / DRIVE AWAY,,DISREGARDING TRAFFIC SIGNALS,2801,N,KIMBALL AVE,,NO INDICATION OF INJURY,0,0,0,23,2,11,41.93202884,-87.71211199
06/19/2023 04:45:00 PM,30,NO CONTROLS,CLEAR,DAYLIGHT,NOT DIVIDED,DRY,INJURY AND / OR TOW DUE TO CRASH,,UNABLE TO DETERMINE,2123,N,CENTRAL PARK AVE,Y,NONINCAPACITATING INJURY,0,0,1,16,2,6,41.9199175,-87.71670557
11/6/2022 12:57,30,NO CONTROLS,CLEAR,DAYLIGHT,NOT DIVIDED,DRY,INJURY AND / OR TOW DUE TO CRASH,,UNABLE TO DETERMINE,851,W,BELMONT AVE,Y,INCAPACITATING INJURY,0,1,0,12,1,11,41.93984335,-87.65125514
07/30/2019 01:27:00 PM,30,STOP SIGN/FLASHER,CLEAR,DAYLIGHT,NOT DIVIDED,DRY,INJURY AND / OR TOW DUE TO CRASH,,FOLLOWING TOO CLOSELY,4298,W,DIVERSEY AVE,,NONINCAPACITATING INJURY,0,0,1,13,3,7,41.93180441,-87.73428647
6/1/2018 15:51,30,UNKNOWN,CLEAR,DAYLIGHT,NOT DIVIDED,DRY,INJURY AND / OR TOW DUE TO CRASH,Y,UNABLE TO DETERMINE,5356,W,DIVERSEY AVE,,"REPORTED, NOT EVIDENT",0,0,0,15,6,6,41.93144906,-87.7611379
5/1/2018 12:40,30,NO CONTROLS,CLEAR,DAYLIGHT,NOT DIVIDED,DRY,INJURY AND / OR TOW DUE TO CRASH,,UNABLE TO DETERMINE,2514,W,16TH ST,,NONINCAPACITATING INJURY,0,0,1,12,3,5,41.85943561,-87.6889555
01/27/2023 07:20:00 PM,15,NO CONTROLS,CLEAR,"DARKNESS, LIGHTED ROAD",ALLEY,UNKNOWN,INJURY AND / OR TOW DUE TO CRASH,,FAILING TO YIELD RIGHT-OF-WAY,1320,W,GREENLEAF AVE,,NONINCAPACITATING INJURY,0,0,1,19,6,1,42.01049323,-87.66336868
06/24/2017 06:30:00 PM,30,NO CONTROLS,CLEAR,DAYLIGHT,DRIVEWAY,DRY,INJURY AND / OR TOW DUE TO CRASH,,UNABLE TO DETERMINE,1049,W,NORTH AVE,,NONINCAPACITATING INJURY,0,0,1,18,7,6,41.91069514,-87.65523006
08/26/2021 09:35:00 PM,30,NO CONTROLS,UNKNOWN,UNKNOWN,NOT DIVIDED,UNKNOWN,INJURY AND / OR TOW DUE TO CRASH,Y,UNABLE TO DETERMINE,2805,N,CALIFORNIA AVE,,NONINCAPACITATING INJURY,0,0,1,21,5,8,41.9322638,-87.69747475
05/26/2020 01:30:00 PM,30,NO CONTROLS,CLEAR,DAYLIGHT,NOT DIVIDED,DRY,INJURY AND / OR TOW DUE TO CRASH,Y,UNABLE TO DETERMINE,3500,W,CHICAGO AVE,,NONINCAPACITATING INJURY,0,0,1,13,3,5,41.89559246,-87.71393592