CRASH_DATE,POSTED_SPEED_LIMIT,TRAFFIC_CONTROL_DEVICE,WEATHER_CONDITION,LIGHTING_CONDITION,TRAFFICWAY_TYPE,ROADWAY_SURFACE_COND,CRASH_TYPE,HIT_AND_RUN_I,PRIM_CONTRIBUTORY_CAUSE,STREET_NO,STREET_DIRECTION,STREET_NAME,DOORING_I,MOST_SEVERE_INJURY,INJURIES_FATAL,INJURIES_INCAPACITATING,INJURIES_NON_INCAPACITATING,CRASH_HOUR,CRASH_DAY_OF_WEEK,CRASH_MONTH,LATITUDE,LONGITUDE
8/9/2021 13:45,30,TRAFFIC SIGNAL,CLEAR,DAYLIGHT,NOT DIVIDED,DRY,INJURY AND / OR TOW DUE TO CRASH,,DISREGARDING TRAFFIC SIGNALS,5500,S,KEELER AVE,,INCAPACITATING INJURY,0,1,0,13,2,8,41.79306707,-87.72820543
11/6/2022 14:50,30,NO CONTROLS,CLEAR,DAYLIGHT,NOT DIVIDED,DRY,INJURY AND / OR TOW DUE TO CRASH,,UNABLE TO DETERMINE,5608,W,MADISON ST,,NONINCAPACITATING INJURY,0,0,1,14,1,11,41.88034981,-87.76527467
9/11/2019 8:50,30,NO CONTROLS,CLEAR,DAYLIGHT,DIVIDED - W/MEDIAN (NOT RAISED),DRY,INJURY AND / OR TOW DUE TO CRASH,,FAILING TO YIELD RIGHT-OF-WAY,800,W,HURON ST,,NONINCAPACITATING INJURY,0,0,1,8,4,9,41.89526562,-87.64777658
8/11/2022 14:39,25,STOP SIGN/FLASHER,CLEAR,DAYLIGHT,NOT DIVIDED,DRY,NO INJURY / DRIVE AWAY,,FAILING TO YIELD RIGHT-OF-WAY,618,W,WILSON DR,,NO INDICATION OF INJURY,0,0,0,14,5,8,41.96592641,-87.64609185
07/22/2023 02:15:00 PM,0,NO CONTROLS,CLEAR,DAYLIGHT,OTHER,DRY,INJURY AND / OR TOW DUE TO CRASH,,UNABLE TO DETERMINE,2259,S,LAKE SHORE DR NB,,NONINCAPACITATING INJURY,0,0,1,14,7,7,41.85130665,-87.61293157
6/8/2018 7:00,25,OTHER,CLOUDY/OVERCAST,DAYLIGHT,DIVIDED - W/MEDIAN (NOT RAISED),DRY,INJURY AND / OR TOW DUE TO CRASH,Y,IMPROPER TURNING/NO SIGNAL,4413,W,ARMITAGE AVE,,NONINCAPACITATING INJURY,0,0,1,7,6,6,41.91692752,-87.73693866
11/19/2022 05:50:00 PM,30,TRAFFIC SIGNAL,CLEAR,"DARKNESS, LIGHTED ROAD",FOUR WAY,DRY,NO INJURY / DRIVE AWAY,,NOT APPLICABLE,2423,N,DAMEN AVE,,NO INDICATION OF INJURY,0,0,0,17,7,11,41.92569767,-87.67779259
8/6/2020 17:53,25,NO CONTROLS,CLEAR,DAYLIGHT,ONE-WAY,DRY,INJURY AND / OR TOW DUE TO CRASH,,FAILING TO YIELD RIGHT-OF-WAY,2940,W,CULLOM AVE,,NONINCAPACITATING INJURY,0,0,2,17,5,8,41.95950032,-87.70253258
9/6/2023 9:21,30,NO CONTROLS,CLEAR,DAYLIGHT,ONE-WAY,WET,INJURY AND / OR TOW DUE TO CRASH,,DRIVING SKILLS/KNOWLEDGE/EXPERIENCE,78,W,VAN BUREN ST,,NONINCAPACITATING INJURY,0,0,1,9,4,9,41.87699731,-87.63041654
11/5/2019 16:45,30,STOP SIGN/FLASHER,CLEAR,DUSK,T-INTERSECTION,DRY,NO INJURY / DRIVE AWAY,,FAILING TO YIELD RIGHT-OF-WAY,1401,N,ELSTON AVE,,NO INDICATION OF INJURY,0,0,0,16,3,11,41.90710959,-87.65977946
2/6/2019 14:40,30,NO CONTROLS,CLEAR,DUSK,DIVIDED - W/MEDIAN (NOT RAISED),WET,INJURY AND / OR TOW DUE TO CRASH,,UNABLE TO DETERMINE,1412,W,18TH ST,,NONINCAPACITATING INJURY,0,0,1,14,4,2,41.85797713,-87.66182849
09/25/2019 08:20:00 AM,30,TRAFFIC SIGNAL,CLEAR,DAYLIGHT,CENTER TURN LANE,DRY,INJURY AND / OR TOW DUE TO CRASH,,FAILING TO YIELD RIGHT-OF-WAY,4799,N,ASHLAND AVE,,INCAPACITATING INJURY,0,1,0,8,4,9,41.96878808,-87.66928941
11/5/2023 19:25,30,TRAFFIC SIGNAL,CLEAR,"DARKNESS, LIGHTED ROAD",FOUR WAY,DRY,NO INJURY / DRIVE AWAY,,FAILING TO YIELD RIGHT-OF-WAY,1801,S,STATE ST,,NO INDICATION OF INJURY,0,0,0,19,1,11,41.85774942,-87.62704779
7/3/2017 14:23,30,TRAFFIC SIGNAL,CLEAR,DAYLIGHT,DIVIDED - W/MEDIAN (NOT RAISED),DRY,NO INJURY / DRIVE AWAY,Y,UNABLE TO DETERMINE,1601,W,FOSTER AVE,,NO INDICATION OF INJURY,0,0,0,14,2,7,41.97606059,-87.66973389
10/22/2023 11:18:00 PM,25,NO CONTROLS,CLEAR,"DARKNESS, LIGHTED ROAD",DIVIDED - W/MEDIAN (NOT RAISED),DRY,INJURY AND / OR TOW DUE TO CRASH,,UNABLE TO DETERMINE,1639,N,MILWAUKEE AVE,Y,NONINCAPACITATING INJURY,0,0,1,23,1,10,41.91125764,-87.67860058
10/3/2022 13:00,30,UNKNOWN,CLEAR,DAYLIGHT,FOUR WAY,DRY,NO INJURY / DRIVE AWAY,,UNABLE TO DETERMINE,140,W,ONTARIO ST,,NO INDICATION OF INJURY,0,0,0,13,2,10,41.89331613,-87.63271569
07/21/2020 03:45:00 PM,30,TRAFFIC SIGNAL,CLEAR,DAYLIGHT,NOT DIVIDED,DRY,INJURY AND / OR TOW DUE TO CRASH,,UNABLE TO DETERMINE,699,W,18TH ST,,NONINCAPACITATING INJURY,0,0,1,15,3,7,41.85746377,-87.64475879
07/18/2023 06:20:00 PM,30,TRAFFIC SIGNAL,CLEAR,DAYLIGHT,FOUR WAY,DRY,INJURY AND / OR TOW DUE TO CRASH,Y,FAILING TO YIELD RIGHT-OF-WAY,513,W,TAYLOR ST,Y,INCAPACITATING INJURY,0,1,0,18,3,7,41.86964015,-87.63989978
08/29/2023 07:05:00 AM,30,TRAFFIC SIGNAL,CLEAR,DAYLIGHT,FOUR WAY,DRY,INJURY AND / OR TOW DUE TO CRASH,Y,FAILING TO YIELD RIGHT-OF-WAY,3401,W,BELMONT AVE,,"REPORTED, NOT EVIDENT",0,0,0,7,3,8,41.93916783,-87.71254599
08/15/2023 04:50:00 PM,25,STOP SIGN/FLASHER,CLEAR,DAYLIGHT,FOUR WAY,DRY,INJURY AND / OR TOW DUE TO CRASH,,FAILING TO YIELD RIGHT-OF-WAY,6400,N,RAVENSWOOD AVE,,NONINCAPACITATING INJURY,0,0,1,16,3,8,41.99804374,-87.67516301
12/16/2018 05:02:00 PM,30,NO CONTROLS,CLEAR,"DARKNESS, LIGHTED ROAD",NOT DIVIDED,DRY,INJURY AND / OR TOW DUE TO CRASH,,NOT APPLICABLE,2827,S,ARCHER AVE,Y,NONINCAPACITATING INJURY,0,0,1,17,1,12,41.84291777,-87.65504733
11/5/2021 7:45,30,TRAFFIC SIGNAL,CLEAR,DAYLIGHT,NOT DIVIDED,DRY,INJURY AND / OR TOW DUE TO CRASH,,FAILING TO YIELD RIGHT-OF-WAY,1700,N,MILWAUKEE AVE,,NONINCAPACITATING INJURY,0,0,1,7,6,11,41.91218805,-87.68049072
7/3/2022 15:44,30,STOP SIGN/FLASHER,CLEAR,DAYLIGHT,T-INTERSECTION,DRY,INJURY AND / OR TOW DUE TO CRASH,,FAILING TO REDUCE SPEED TO AVOID CRASH,5500,S,PRAIRIE AVE,,NONINCAPACITATING INJURY,0,0,1,15,1,7,41.79439209,-87.61936262
07/21/2018 11:20:00 PM,30,NO CONTROLS,UNKNOWN,"DARKNESS, LIGHTED ROAD",DIVIDED - W/MEDIAN (NOT RAISED),WET,INJURY AND / OR TOW DUE TO CRASH,Y,UNABLE TO DETERMINE,2900,W,MONTROSE AVE,,NONINCAPACITATING INJURY,0,0,1,23,7,7,41.96134315,-87.70097298
05/29/2022 11:02:00 PM,30,TRAFFIC SIGNAL,CLEAR,DARKNESS,T-INTERSECTION,DRY,INJURY AND / OR TOW DUE TO CRASH,,FAILING TO REDUCE SPEED TO AVOID CRASH,2432,S,MICHIGAN AVE,,NONINCAPACITATING INJURY,0,0,1,23,1,5,41.84818096,-87.62382877
9/9/2015 7:20,30,NO CONTROLS,CLEAR,DAYLIGHT,ALLEY,DRY,NO INJURY / DRIVE AWAY,,"VISION OBSCURED (SIGNS, TREE LIMBS, BUILDINGS, ETC.)",2233,W,103RD ST,,NO INDICATION OF INJURY,0,0,0,7,4,9,41.70631849,-87.67801162
07/16/2023 05:46:00 PM,30,NO CONTROLS,CLEAR,DAYLIGHT,NOT DIVIDED,DRY,INJURY AND / OR TOW DUE TO CRASH,,UNABLE TO DETERMINE,3340,N,KEDZIE AVE,Y,NONINCAPACITATING INJURY,0,0,1,17,1,7,41.94217262,-87.70784755
7/10/2019 7:20,30,TRAFFIC SIGNAL,CLEAR,DAYLIGHT,ONE-WAY,DRY,INJURY AND / OR TOW DUE TO CRASH,,NOT APPLICABLE,150,S,WACKER DR,Y,NONINCAPACITATING INJURY,0,0,1,7,4,7,41.87941085,-87.63710396
12/11/2017 18:02,30,TRAFFIC SIGNAL,SNOW,"DARKNESS, LIGHTED ROAD",DIVIDED - W/MEDIAN (NOT RAISED),SNOW OR SLUSH,NO INJURY / DRIVE AWAY,Y,FAILING TO YIELD RIGHT-OF-WAY,6301,S,YALE AVE,,NO INDICATION OF INJURY,0,0,0,18,2,12,41.77993182,-87.63168611
2/11/2022 14:20,30,NO CONTROLS,CLEAR,DAYLIGHT,NOT DIVIDED,DRY,INJURY AND / OR TOW DUE TO CRASH,,UNABLE TO DETERMINE,520,N,WABASH AVE,Y,NONINCAPACITATING INJURY,0,0,1,14,6,2,41.89164444,-87.62686354
07/13/2018 12:20:00 PM,30,STOP SIGN/FLASHER,CLEAR,DAYLIGHT,DIVIDED - W/MEDIAN (NOT RAISED),DRY,INJURY AND / OR TOW DUE TO CRASH,,FAILING TO YIELD RIGHT-OF-WAY,2258,N,KIMBALL AVE,,NONINCAPACITATING INJURY,0,0,1,12,6,7,41.92278689,-87.71219626
4/9/2022 14:00,30,NO CONTROLS,CLEAR,DAYLIGHT,NOT DIVIDED,DRY,INJURY AND / OR TOW DUE TO CRASH,,UNABLE TO DETERMINE,2414,N,OAK PARK AVE,Y,NONINCAPACITATING INJURY,0,0,1,14,7,4,41.9240822,-87.7954045
9/6/2019 17:45,30,STOP SIGN/FLASHER,CLOUDY/OVERCAST,DAYLIGHT,NOT DIVIDED,DRY,INJURY AND / OR TOW DUE TO CRASH,Y,DISREGARDING STOP SIGN,1799,S,WESTERN AVE,,INCAPACITATING INJURY,0,1,0,17,6,9,41.8575186,-87.68567867
03/22/2019 04:33:00 PM,30,OTHER REG. SIGN,CLEAR,DAYLIGHT,NOT DIVIDED,DRY,INJURY AND / OR TOW DUE TO CRASH,,FAILING TO YIELD RIGHT-OF-WAY,3429,N,ELSTON AVE,N,"REPORTED, NOT EVIDENT",0,0,0,16,6,3,41.94338674,-87.70391279
08/26/2017 02:33:00 PM,30,TRAFFIC SIGNAL,CLEAR,DAYLIGHT,NOT DIVIDED,DRY,INJURY AND / OR TOW DUE TO CRASH,,UNABLE TO DETERMINE,2401,N,MILWAUKEE AVE,Y,NONINCAPACITATING INJURY,0,0,1,14,7,8,41.9248974,-87.70036657
10/12/2017 18:20,30,NO CONTROLS,CLEAR,"DARKNESS, LIGHTED ROAD",DIVIDED - W/MEDIAN (NOT RAISED),DRY,INJURY AND / OR TOW DUE TO CRASH,,"EVASIVE ACTION DUE TO ANIMAL, OBJECT, NONMOTORIST",1440,N,HALSTED ST,,INCAPACITATING INJURY,0,1,0,18,5,10,41.90758629,-87.64833594
10/27/2021 09:30:00 PM,30,TRAFFIC SIGNAL,CLEAR,"DARKNESS, LIGHTED ROAD",DIVIDED - W/MEDIAN (NOT RAISED),DRY,INJURY AND / OR TOW DUE TO CRASH,Y,IMPROPER LANE USAGE,1160,W,DIVERSEY PKWY,,NONINCAPACITATING INJURY,0,0,1,21,4,10,41.93267442,-87.65822869
10/8/2020 18:08,25,STOP SIGN/FLASHER,CLEAR,DAYLIGHT,ONE-WAY,DRY,INJURY AND / OR TOW DUE TO CRASH,Y,UNABLE TO DETERMINE,600,E,62ND ST,,NONINCAPACITATING INJURY,0,0,1,18,5,10,41.78225738,-87.61078533
10/26/2020 01:07:00 PM,30,TRAFFIC SIGNAL,CLEAR,DAYLIGHT,FOUR WAY,WET,INJURY AND / OR TOW DUE TO CRASH,,FAILING TO REDUCE SPEED TO AVOID CRASH,7158,N,WESTERN AVE,,INCAPACITATING INJURY,0,1,0,13,2,10,42.01223481,-87.69039404
7/1/2022 15:30,30,TRAFFIC SIGNAL,CLEAR,DAYLIGHT,UNKNOWN INTERSECTION TYPE,DRY,INJURY AND / OR TOW DUE TO CRASH,,UNABLE TO DETERMINE,3421,N,ELSTON AVE,,NONINCAPACITATING INJURY,0,0,1,15,6,7,41.9432392,-87.70369803
6/5/2021 10:40,20,NO CONTROLS,CLEAR,DAYLIGHT,NOT DIVIDED,DRY,INJURY AND / OR TOW DUE TO CRASH,Y,FAILING TO YIELD RIGHT-OF-WAY,2500,N,CALIFORNIA AVE,N,INCAPACITATING INJURY,0,1,0,10,7,6,41.92667963,-87.69761234
4/6/2018 2:55,30,TRAFFIC SIGNAL,OTHER,"DARKNESS, LIGHTED ROAD",DIVIDED - W/MEDIAN (NOT RAISED),WET,INJURY AND / OR TOW DUE TO CRASH,,UNABLE TO DETERMINE,4400,N,ELSTON AVE,,INCAPACITATING INJURY,0,1,0,2,6,4,41.9609248,-87.7299069
9/1/2023 16:39,30,NO CONTROLS,CLEAR,DAYLIGHT,DIVIDED - W/MEDIAN (NOT RAISED),DRY,INJURY AND / OR TOW DUE TO CRASH,,NOT APPLICABLE,2719,N,MILWAUKEE AVE,Y,NONINCAPACITATING INJURY,0,0,1,16,6,9,41.93067791,-87.70980864
7/4/2023 22:05,30,TRAFFIC SIGNAL,CLEAR,"DARKNESS, LIGHTED ROAD",FOUR WAY,DRY,INJURY AND / OR TOW DUE TO CRASH,Y,FAILING TO YIELD RIGHT-OF-WAY,100,W,RANDOLPH ST,,NONINCAPACITATING INJURY,0,0,1,22,3,7,41.88458627,-87.63101045
08/29/2020 09:34:00 AM,30,TRAFFIC SIGNAL,CLEAR,DAYLIGHT,FOUR WAY,DRY,INJURY AND / OR TOW DUE TO CRASH,,FAILING TO YIELD RIGHT-OF-WAY,4300,S,COTTAGE GROVE AVE,,NONINCAPACITATING INJURY,0,0,1,9,7,8,41.81672163,-87.60685357
04/26/2022 08:30:00 AM,30,STOP SIGN/FLASHER,CLEAR,DAYLIGHT,FOUR WAY,DRY,INJURY AND / OR TOW DUE TO CRASH,Y,FAILING TO REDUCE SPEED TO AVOID CRASH,1901,W,WILSON AVE,,"REPORTED, NOT EVIDENT",0,0,0,8,3,4,41.96502925,-87.67618001
10/3/2023 0:10,30,NO CONTROLS,CLEAR,"DARKNESS, LIGHTED ROAD",ONE-WAY,DRY,NO INJURY / DRIVE AWAY,,IMPROPER OVERTAKING/PASSING,41,W,HUBBARD ST,,NO INDICATION OF INJURY,0,0,0,0,3,10,41.88993044,-87.62952594
10/15/2020 06:30:00 PM,20,STOP SIGN/FLASHER,CLEAR,"DARKNESS, LIGHTED ROAD",DIVIDED - W/MEDIAN (NOT RAISED),DRY,NO INJURY / DRIVE AWAY,,DISREGARDING YIELD SIGN,3201,W,112TH PL,,NO INDICATION OF INJURY,0,0,0,18,5,10,41.68868895,-87.70078086
08/13/2018 05:55:00 PM,30,NO CONTROLS,CLEAR,DAYLIGHT,NOT DIVIDED,DRY,INJURY AND / OR TOW DUE TO CRASH,,DISREGARDING STOP SIGN,10101,S,MORGAN ST,,INCAPACITATING INJURY,0,1,0,17,2,8,41.71041686,-87.64764197
08/16/2018 05:43:00 PM,30,TRAFFIC SIGNAL,CLEAR,DAYLIGHT,NOT DIVIDED,DRY,INJURY AND / OR TOW DUE TO CRASH,,FAILING TO REDUCE SPEED TO AVOID CRASH,699,N,DEARBORN ST,,NONINCAPACITATING INJURY,0,0,1,17,5,8,41.8948129,-87.62957795
09/29/2016 07:00:00 PM,30,NO CONTROLS,RAIN,"DARKNESS, LIGHTED ROAD",DIVIDED - W/MEDIAN (NOT RAISED),WET,NO INJURY / DRIVE AWAY,Y,UNABLE TO DETERMINE,2051,N,SEDGWICK ST,,NO INDICATION OF INJURY,0,0,0,19,5,9,41.91982842,-87.63871683
3/12/2023 19:34,30,NO CONTROLS,RAIN,DARKNESS,NOT DIVIDED,WET,NO INJURY / DRIVE AWAY,,IMPROPER TURNING/NO SIGNAL,2246,N,MILWAUKEE AVE,,NO INDICATION OF INJURY,0,0,0,19,1,3,41.92161436,-87.69548143
8/3/2022 13:45,30,TRAFFIC SIGNAL,UNKNOWN,DAYLIGHT,NOT DIVIDED,UNKNOWN,NO INJURY / DRIVE AWAY,Y,DISREGARDING TRAFFIC SIGNALS,2400,W,JACKSON BLVD,,NO INDICATION OF INJURY,0,0,0,13,4,8,41.87765892,-87.68642447
07/28/2018 05:15:00 PM,30,NO CONTROLS,CLEAR,DAYLIGHT,NOT DIVIDED,DRY,NO INJURY / DRIVE AWAY,,UNABLE TO DETERMINE,800,W,WAVELAND AVE,Y,NO INDICATION OF INJURY,0,0,0,17,7,7,41.94922495,-87.64966235
6/6/2023 16:35,35,TRAFFIC SIGNAL,CLEAR,DAYLIGHT,NOT DIVIDED,DRY,INJURY AND / OR TOW DUE TO CRASH,,FAILING TO YIELD RIGHT-OF-WAY,11499,S,ASHLAND AVE,N,"REPORTED, NOT EVIDENT",0,0,0,16,3,6,41.68487101,-87.66145531
08/25/2021 08:34:00 PM,30,TRAFFIC SIGNAL,RAIN,DARKNESS,FOUR WAY,WET,INJURY AND / OR TOW DUE TO CRASH,Y,FAILING TO YIELD RIGHT-OF-WAY,799,N,LA SALLE DR,N,NONINCAPACITATING INJURY,0,0,1,20,4,8,41.8965648,-87.63256168
10/21/2018 06:13:00 AM,30,STOP SIGN/FLASHER,RAIN,DAYLIGHT,ONE-WAY,DRY,INJURY AND / OR TOW DUE TO CRASH,Y,UNABLE TO DETERMINE,825,N,PINE AVE,,NONINCAPACITATING INJURY,0,0,1,6,1,10,41.89567221,-87.76344726
10/9/2018 6:35,30,NO CONTROLS,CLEAR,DAYLIGHT,DIVIDED - W/MEDIAN BARRIER,DRY,NO INJURY / DRIVE AWAY,Y,UNABLE TO DETERMINE,5929,N,LINCOLN AVE,Y,NO INDICATION OF INJURY,0,0,0,6,3,10,41.98900776,-87.70482244
10/22/2022 05:00:00 PM,30,UNKNOWN,CLEAR,DAYLIGHT,T-INTERSECTION,DRY,INJURY AND / OR TOW DUE TO CRASH,,UNABLE TO DETERMINE,31,N,MICHIGAN AVE,,NONINCAPACITATING INJURY,0,0,1,17,7,10,41.88279661,-87.62424149
04/26/2022 07:00:00 PM,30,NO CONTROLS,CLEAR,DAYLIGHT,ONE-WAY,DRY,INJURY AND / OR TOW DUE TO CRASH,,IMPROPER BACKING,222,W,SUPERIOR ST,,NONINCAPACITATING INJURY,0,0,1,19,3,4,41.89568989,-87.63518335
08/25/2018 09:43:00 AM,30,UNKNOWN,CLEAR,DAYLIGHT,ONE-WAY,DRY,NO INJURY / DRIVE AWAY,Y,UNABLE TO DETERMINE,701,S,DEARBORN ST,,NO INDICATION OF INJURY,0,0,0,9,7,8,41.87332434,-87.6290217
10/20/2017 05:00:00 PM,20,NO CONTROLS,CLEAR,DAYLIGHT,NOT DIVIDED,DRY,INJURY AND / OR TOW DUE TO CRASH,,FAILING TO YIELD RIGHT-OF-WAY,2899,W,25TH ST,Y,NONINCAPACITATING INJURY,0,0,1,17,6,10,41.84631481,-87.69761991
07/18/2018 08:50:00 AM,30,TRAFFIC SIGNAL,CLEAR,DAYLIGHT,NOT DIVIDED,DRY,INJURY AND / OR TOW DUE TO CRASH,Y,UNABLE TO DETERMINE,3201,W,GRAND AVE,,"REPORTED, NOT EVIDENT",0,0,0,8,4,7,41.89822938,-87.7067546
05/14/2016 04:00:00 PM,30,STOP SIGN/FLASHER,CLEAR,DAYLIGHT,OTHER,DRY,INJURY AND / OR TOW DUE TO CRASH,,FAILING TO YIELD RIGHT-OF-WAY,4830,N,SHERIDAN RD,,NONINCAPACITATING INJURY,0,0,1,16,7,5,41.9700669,-87.65499266
07/20/2021 04:36:00 PM,30,NO CONTROLS,CLEAR,DAYLIGHT,ONE-WAY,DRY,INJURY AND / OR TOW DUE TO CRASH,,UNABLE TO DETERMINE,4728,N,LEAVITT ST,Y,"REPORTED, NOT EVIDENT",0,0,0,16,3,7,41.96771856,-87.68416003
03/15/2023 02:00:00 PM,15,UNKNOWN,CLEAR,DAYLIGHT,ALLEY,UNKNOWN,INJURY AND / OR TOW DUE TO CRASH,,UNABLE TO DETERMINE,5116,W,AUGUSTA BLVD,,NONINCAPACITATING INJURY,0,0,1,14,4,3,41.89870439,-87.75403811
01/21/2022 02:05:00 PM,35,TRAFFIC SIGNAL,CLEAR,DAYLIGHT,FOUR WAY,DRY,INJURY AND / OR TOW DUE TO CRASH,,UNABLE TO DETERMINE,1537,W,DIVISION ST,,NONINCAPACITATING INJURY,0,0,1,14,6,1,41.90324744,-87.66660957
08/16/2019 05:22:00 PM,30,NO CONTROLS,CLEAR,DAYLIGHT,NOT DIVIDED,DRY,INJURY AND / OR TOW DUE TO CRASH,,FAILING TO YIELD RIGHT-OF-WAY,2011,S,LEAVITT ST,,NONINCAPACITATING INJURY,0,0,1,17,6,8,41.85443363,-87.68066588
10/9/2017 10:17,30,LANE USE MARKING,CLEAR,DAYLIGHT,DIVIDED - W/MEDIAN (NOT RAISED),DRY,INJURY AND / OR TOW DUE TO CRASH,,FAILING TO YIELD RIGHT-OF-WAY,370,N,JEFFERSON ST,,INCAPACITATING INJURY,0,1,0,10,2,10,41.88857006,-87.64301732
05/14/2019 12:47:00 PM,30,TRAFFIC SIGNAL,CLEAR,DAYLIGHT,FOUR WAY,DRY,INJURY AND / OR TOW DUE TO CRASH,,DISREGARDING TRAFFIC SIGNALS,2431,W,ARMITAGE AVE,,NONINCAPACITATING INJURY,0,0,1,12,3,5,41.91745331,-87.68853645
09/26/2019 08:45:00 PM,30,STOP SIGN/FLASHER,CLEAR,DARKNESS,FOUR WAY,DRY,NO INJURY / DRIVE AWAY,,UNABLE TO DETERMINE,1200,S,CANAL ST,,NO INDICATION OF INJURY,0,0,0,20,5,9,41.86717513,-87.63937581
08/22/2019 01:30:00 PM,30,NO CONTROLS,CLEAR,DAYLIGHT,DIVIDED - W/MEDIAN (NOT RAISED),DRY,INJURY AND / OR TOW DUE TO CRASH,Y,FAILING TO YIELD RIGHT-OF-WAY,4900,W,FULLERTON AVE,,NONINCAPACITATING INJURY,0,0,1,13,5,8,41.9243148,-87.74888395
10/5/2019 21:25,30,NO CONTROLS,RAIN,"DARKNESS, LIGHTED ROAD",DIVIDED - W/MEDIAN (NOT RAISED),WET,NO INJURY / DRIVE AWAY,,UNABLE TO DETERMINE,2492,N,MILWAUKEE AVE,,NO INDICATION OF INJURY,0,0,0,21,7,10,41.92656129,-87.7035421
09/24/2022 06:40:00 PM,30,STOP SIGN/FLASHER,CLEAR,UNKNOWN,NOT DIVIDED,DRY,INJURY AND / OR TOW DUE TO CRASH,Y,UNABLE TO DETERMINE,1400,W,CULLERTON ST,,"REPORTED, NOT EVIDENT",0,0,0,18,7,9,41.85526085,-87.66136118
08/26/2018 02:00:00 PM,35,NO CONTROLS,CLEAR,DAYLIGHT,NOT DIVIDED,DRY,NO INJURY / DRIVE AWAY,,BICYCLE ADVANCING LEGALLY ON RED LIGHT,220,W,47TH ST,,NO INDICATION OF INJURY,0,0,0,14,1,8,41.80923716,-87.6318671
7/9/2020 15:00,25,NO CONTROLS,UNKNOWN,UNKNOWN,NOT DIVIDED,UNKNOWN,INJURY AND / OR TOW DUE TO CRASH,Y,UNABLE TO DETERMINE,2730,W,WILSON AVE,,NONINCAPACITATING INJURY,0,0,1,15,5,7,41.96489603,-87.69735421
06/14/2021 08:51:00 PM,30,NO CONTROLS,CLEAR,"DARKNESS, LIGHTED ROAD",DIVIDED - W/MEDIAN (NOT RAISED),DRY,INJURY AND / OR TOW DUE TO CRASH,,UNABLE TO DETERMINE,4546,N,LINCOLN AVE,,NONINCAPACITATING INJURY,0,0,1,20,2,6,41.9643413,-87.68591342
09/28/2019 12:45:00 PM,30,TRAFFIC SIGNAL,CLEAR,DAYLIGHT,NOT DIVIDED,WET,INJURY AND / OR TOW DUE TO CRASH,,FAILING TO YIELD RIGHT-OF-WAY,200,W,NORTH AVE,,NONINCAPACITATING INJURY,0,0,1,12,7,9,41.91127114,-87.63476048
3/12/2018 8:57,30,LANE USE MARKING,CLEAR,DAYLIGHT,DIVIDED - W/MEDIAN (NOT RAISED),DRY,INJURY AND / OR TOW DUE TO CRASH,,"VISION OBSCURED (SIGNS, TREE LIMBS, BUILDINGS, ETC.)",2502,N,LINCOLN AVE,,INCAPACITATING INJURY,0,1,0,8,2,3,41.92719763,-87.65142312
6/9/2018 14:20,35,LANE USE MARKING,CLEAR,DAYLIGHT,NOT DIVIDED,DRY,INJURY AND / OR TOW DUE TO CRASH,,FAILING TO YIELD RIGHT-OF-WAY,2900,W,111TH ST,,INCAPACITATING INJURY,0,1,0,14,7,6,41.69176101,-87.69365955
9/3/2023 15:00,30,TRAFFIC SIGNAL,CLEAR,DAWN,NOT DIVIDED,DRY,INJURY AND / OR TOW DUE TO CRASH,,UNABLE TO DETERMINE,4500,S,ASHLAND AVE,,NONINCAPACITATING INJURY,0,0,1,15,1,9,41.81213052,-87.66520825
11/25/2017 05:15:00 PM,30,STOP SIGN/FLASHER,CLEAR,"DARKNESS, LIGHTED ROAD",NOT DIVIDED,DRY,INJURY AND / OR TOW DUE TO CRASH,,UNABLE TO DETERMINE,5205,N,NASHVILLE AVE,,"REPORTED, NOT EVIDENT",0,0,0,17,7,11,41.97583267,-87.79136155
09/24/2018 07:15:00 PM,30,STOP SIGN/FLASHER,CLEAR,"DARKNESS, LIGHTED ROAD",OTHER,WET,INJURY AND / OR TOW DUE TO CRASH,Y,UNABLE TO DETERMINE,1331,W,WEBSTER AVE,,NONINCAPACITATING INJURY,0,0,1,19,2,9,41.92152081,-87.66194566
10/27/2018 03:30:00 PM,30,TRAFFIC SIGNAL,CLEAR,DAYLIGHT,NOT DIVIDED,DRY,INJURY AND / OR TOW DUE TO CRASH,,DISREGARDING TRAFFIC SIGNALS,1600,N,CLYBOURN AVE,,INCAPACITATING INJURY,0,1,0,15,7,10,41.91086569,-87.64966493
06/22/2022 10:28:00 AM,30,NO CONTROLS,CLEAR,DAYLIGHT,FOUR WAY,DRY,INJURY AND / OR TOW DUE TO CRASH,Y,FAILING TO YIELD RIGHT-OF-WAY,6066,W,HIGGINS AVE,,INCAPACITATING INJURY,0,1,0,10,4,6,41.97402789,-87.78052046
06/24/2019 12:00:00 PM,30,TRAFFIC SIGNAL,RAIN,DAYLIGHT,NOT DIVIDED,WET,NO INJURY / DRIVE AWAY,,IMPROPER LANE USAGE,2758,N,PULASKI RD,,NO INDICATION OF INJURY,0,0,0,12,2,6,41.93174236,-87.72712439