CRASH_DATE,POSTED_SPEED_LIMIT,TRAFFIC_CONTROL_DEVICE,WEATHER_CONDITION,LIGHTING_CONDITION,TRAFFICWAY_TYPE,ROADWAY_SURFACE_COND,CRASH_TYPE,HIT_AND_RUN_I,PRIM_CONTRIBUTORY_CAUSE,STREET_NO,STREET_DIRECTION,STREET_NAME,DOORING_I,MOST_SEVERE_INJURY,INJURIES_FATAL,INJURIES_INCAPACITATING,INJURIES_NON_INCAPACITATING,CRASH_HOUR,CRASH_DAY_OF_WEEK,CRASH_MONTH,LATITUDE,LONGITUDE
5/6/2023 20:35,30,STOP SIGN/FLASHER,CLEAR,DARKNESS,NOT DIVIDED,DRY,INJURY AND / OR TOW DUE TO CRASH,,DISREGARDING STOP SIGN,3499,N,GREENVIEW AVE,,NONINCAPACITATING INJURY,0,0,1,20,7,5,41.94511553,-87.66624107
10/31/2020 09:39:00 PM,30,NO CONTROLS,CLEAR,"DARKNESS, LIGHTED ROAD",DIVIDED - W/MEDIAN (NOT RAISED),WET,INJURY AND / OR TOW DUE TO CRASH,Y,UNABLE TO DETERMINE,2701,N,PULASKI RD,,NONINCAPACITATING INJURY,0,0,1,21,7,10,41.93002664,-87.72677949
6/5/2017 20:35,30,NO CONTROLS,CLEAR,"DARKNESS, LIGHTED ROAD",NOT DIVIDED,DRY,INJURY AND / OR TOW DUE TO CRASH,,DRIVING ON WRONG SIDE/WRONG WAY,140,N,HOMAN BLVD,,FATAL,1,0,0,20,2,6,41.8839595,-87.71124185
04/18/2017 12:00:00 PM,30,NO CONTROLS,CLEAR,DAYLIGHT,DIVIDED - W/MEDIAN (NOT RAISED),DRY,NO INJURY / DRIVE AWAY,Y,UNABLE TO DETERMINE,2200,N,CLARK ST,,NO INDICATION OF INJURY,0,0,0,12,3,4,41.92199843,-87.63845794
08/21/2016 05:30:00 PM,30,STOP SIGN/FLASHER,CLEAR,DAYLIGHT,NOT DIVIDED,DRY,INJURY AND / OR TOW DUE TO CRASH,,UNABLE TO DETERMINE,2151,N,LINCOLN PARK WEST,Y,NONINCAPACITATING INJURY,0,0,1,17,1,8,41.92167853,-87.63630063
07/17/2021 01:30:00 PM,30,STOP SIGN/FLASHER,CLEAR,DAYLIGHT,PARKING LOT,DRY,INJURY AND / OR TOW DUE TO CRASH,,FAILING TO YIELD RIGHT-OF-WAY,4222,N,CENTRAL AVE,,NONINCAPACITATING INJURY,0,0,1,13,7,7,41.95752148,-87.76729205
8/7/2017 8:00,30,STOP SIGN/FLASHER,CLEAR,DAYLIGHT,NOT DIVIDED,DRY,INJURY AND / OR TOW DUE TO CRASH,,FAILING TO YIELD RIGHT-OF-WAY,10700,S,ALBANY AVE,,NONINCAPACITATING INJURY,0,0,1,8,2,8,41.6988201,-87.69887623
09/25/2021 07:40:00 PM,30,NO CONTROLS,CLEAR,"DARKNESS, LIGHTED ROAD",DIVIDED - W/MEDIAN (NOT RAISED),DRY,INJURY AND / OR TOW DUE TO CRASH,,FAILING TO YIELD RIGHT-OF-WAY,4555,N,BROADWAY,,"REPORTED, NOT EVIDENT",0,0,0,19,7,9,41.96520022,-87.65718346
07/30/2020 04:55:00 PM,30,NO CONTROLS,CLEAR,DAYLIGHT,NOT DIVIDED,DRY,NO INJURY / DRIVE AWAY,,"VISION OBSCURED (SIGNS, TREE LIMBS, BUILDINGS, ETC.)",800,W,HURON ST,,NO INDICATION OF INJURY,0,0,0,16,5,7,41.89526562,-87.64777658
12/19/2018 03:30:00 PM,35,NO CONTROLS,CLEAR,DAYLIGHT,DIVIDED - W/MEDIAN (NOT RAISED),DRY,INJURY AND / OR TOW DUE TO CRASH,Y,FAILING TO YIELD RIGHT-OF-WAY,3527,W,LAWRENCE AVE,,NONINCAPACITATING INJURY,0,0,1,15,4,12,41.96825468,-87.71696919
8/1/2018 8:20,30,UNKNOWN,CLEAR,DAYLIGHT,UNKNOWN,DRY,INJURY AND / OR TOW DUE TO CRASH,,UNABLE TO DETERMINE,1123,W,ARMITAGE AVE,Y,NONINCAPACITATING INJURY,0,0,1,8,4,8,41.91795315,-87.65633257
09/26/2021 08:30:00 PM,30,TRAFFIC SIGNAL,CLEAR,DAYLIGHT,NOT DIVIDED,DRY,NO INJURY / DRIVE AWAY,,UNABLE TO DETERMINE,3129,W,LOGAN BLVD,,NO INDICATION OF INJURY,0,0,0,20,1,9,41.9278642,-87.70616188
11/30/2018 09:33:00 PM,30,NO CONTROLS,SNOW,"DARKNESS, LIGHTED ROAD",NOT DIVIDED,WET,NO INJURY / DRIVE AWAY,Y,NOT APPLICABLE,4030,S,ARCHER AVE,,NO INDICATION OF INJURY,0,0,0,21,6,11,41.82053316,-87.69396864
1/5/2017 15:15,30,NO CONTROLS,CLEAR,DAYLIGHT,NOT DIVIDED,DRY,INJURY AND / OR TOW DUE TO CRASH,,UNABLE TO DETERMINE,3316,W,PALMER ST,Y,"REPORTED, NOT EVIDENT",0,0,0,15,5,1,41.92112285,-87.71109794
04/21/2023 06:16:00 PM,30,DELINEATORS,CLEAR,DAYLIGHT,NOT DIVIDED,DRY,NO INJURY / DRIVE AWAY,,IMPROPER LANE USAGE,2201,N,STOCKTON DR,,NO INDICATION OF INJURY,0,0,0,18,6,4,41.92209376,-87.63557847
5/3/2017 18:23,30,UNKNOWN,CLEAR,DAYLIGHT,DIVIDED - W/MEDIAN (NOT RAISED),DRY,INJURY AND / OR TOW DUE TO CRASH,Y,UNABLE TO DETERMINE,3100,S,ASHLAND AVE,,"REPORTED, NOT EVIDENT",0,0,0,18,4,5,41.83762234,-87.66588718
05/18/2019 12:30:00 PM,30,STOP SIGN/FLASHER,CLOUDY/OVERCAST,DAYLIGHT,T-INTERSECTION,DRY,INJURY AND / OR TOW DUE TO CRASH,,UNABLE TO DETERMINE,4959,N,MARINE DR,,NONINCAPACITATING INJURY,0,0,1,12,7,5,41.9733534,-87.65085107
07/31/2020 01:45:00 PM,15,NO CONTROLS,CLEAR,DAYLIGHT,RAMP,DRY,INJURY AND / OR TOW DUE TO CRASH,,UNABLE TO DETERMINE,50,E,16TH ST,,NONINCAPACITATING INJURY,0,0,1,13,6,7,41.86032362,-87.6253161
5/8/2023 3:00,30,TRAFFIC SIGNAL,CLEAR,"DARKNESS, LIGHTED ROAD",NOT DIVIDED,DRY,INJURY AND / OR TOW DUE TO CRASH,Y,NOT APPLICABLE,2300,S,WESTERN AVE,,NONINCAPACITATING INJURY,0,0,1,3,2,5,41.85016605,-87.68573339
02/22/2020 02:30:00 AM,30,UNKNOWN,UNKNOWN,UNKNOWN,NOT DIVIDED,UNKNOWN,NO INJURY / DRIVE AWAY,,UNABLE TO DETERMINE,1104,W,SHERIDAN RD,,NO INDICATION OF INJURY,0,0,0,2,7,2,41.99831357,-87.65918122
8/1/2018 16:50,20,STOP SIGN/FLASHER,CLEAR,DAYLIGHT,ONE-WAY,DRY,INJURY AND / OR TOW DUE TO CRASH,,DISREGARDING STOP SIGN,3430,W,HOLLYWOOD AVE,N,NONINCAPACITATING INJURY,0,0,1,16,4,8,41.98491687,-87.71509701
9/5/2023 15:11,30,STOP SIGN/FLASHER,CLEAR,DAYLIGHT,FOUR WAY,DRY,NO INJURY / DRIVE AWAY,,FAILING TO YIELD RIGHT-OF-WAY,300,N,RACINE AVE,,NO INDICATION OF INJURY,0,0,0,15,3,9,41.88672461,-87.65698603
03/28/2023 06:45:00 PM,30,NO CONTROLS,CLEAR,"DARKNESS, LIGHTED ROAD",DIVIDED - W/MEDIAN (NOT RAISED),DRY,INJURY AND / OR TOW DUE TO CRASH,Y,IMPROPER LANE USAGE,4816,N,KIMBALL AVE,,NONINCAPACITATING INJURY,0,0,1,18,3,3,41.96894194,-87.71352661
9/7/2022 17:45,20,NO CONTROLS,CLEAR,DAYLIGHT,NOT DIVIDED,DRY,NO INJURY / DRIVE AWAY,,UNABLE TO DETERMINE,4432,W,BYRON ST,,NO INDICATION OF INJURY,0,0,0,17,4,9,41.95180968,-87.7394093
10/15/2021 02:00:00 PM,25,NO CONTROLS,CLOUDY/OVERCAST,DAYLIGHT,ONE-WAY,DRY,INJURY AND / OR TOW DUE TO CRASH,,UNABLE TO DETERMINE,1551,W,ROSCOE ST,,NONINCAPACITATING INJURY,0,0,1,14,6,10,41.94323822,-87.66838902
10/2/2017 18:10,30,TRAFFIC SIGNAL,CLEAR,DAYLIGHT,NOT DIVIDED,DRY,NO INJURY / DRIVE AWAY,,FAILING TO YIELD RIGHT-OF-WAY,3600,N,HALSTED ST,,NO INDICATION OF INJURY,0,0,0,18,2,10,41.94740174,-87.64963658
09/21/2021 05:44:00 PM,30,TRAFFIC SIGNAL,CLOUDY/OVERCAST,DAYLIGHT,DIVIDED - W/MEDIAN BARRIER,DRY,INJURY AND / OR TOW DUE TO CRASH,,BICYCLE ADVANCING LEGALLY ON RED LIGHT,298,S,MICHIGAN AVE,,NONINCAPACITATING INJURY,0,0,1,17,3,9,41.87834487,-87.62445364
04/16/2017 09:55:00 AM,35,NO CONTROLS,CLEAR,DAYLIGHT,ONE-WAY,WET,NO INJURY / DRIVE AWAY,Y,UNABLE TO DETERMINE,2240,N,LAKEWOOD AVE,,NO INDICATION OF INJURY,0,0,0,9,1,4,41.92284979,-87.66095454
9/12/2020 14:47,30,NO CONTROLS,RAIN,DAYLIGHT,NOT DIVIDED,WET,INJURY AND / OR TOW DUE TO CRASH,,FAILING TO YIELD RIGHT-OF-WAY,4329,W,GRAND AVE,,NONINCAPACITATING INJURY,0,0,1,14,7,9,41.90946907,-87.7351005
07/28/2021 09:45:00 AM,30,TRAFFIC SIGNAL,CLEAR,DAYLIGHT,NOT DIVIDED,DRY,INJURY AND / OR TOW DUE TO CRASH,Y,FAILING TO YIELD RIGHT-OF-WAY,170,N,DESPLAINES ST,N,NONINCAPACITATING INJURY,0,0,1,9,4,7,41.88520752,-87.64437608
7/6/2017 14:30,30,TRAFFIC SIGNAL,CLEAR,DAYLIGHT,NOT DIVIDED,DRY,INJURY AND / OR TOW DUE TO CRASH,,IMPROPER TURNING/NO SIGNAL,5900,S,LOOMIS BLVD,Y,NONINCAPACITATING INJURY,0,0,1,14,5,7,41.78672222,-87.65968362
8/6/2023 1:05,15,NO CONTROLS,RAIN,"DARKNESS, LIGHTED ROAD",ALLEY,WET,INJURY AND / OR TOW DUE TO CRASH,,FAILING TO REDUCE SPEED TO AVOID CRASH,6349,N,WESTERN AVE,,NONINCAPACITATING INJURY,0,0,1,1,1,8,41.9973594,-87.68972367
7/9/2023 12:22,30,NO CONTROLS,CLEAR,DAYLIGHT,DIVIDED - W/MEDIAN (NOT RAISED),DRY,INJURY AND / OR TOW DUE TO CRASH,Y,DRIVING SKILLS/KNOWLEDGE/EXPERIENCE,1899,N,KIMBALL AVE,Y,NONINCAPACITATING INJURY,0,0,1,12,1,7,41.91543652,-87.71170895
06/26/2021 05:55:00 PM,30,TRAFFIC SIGNAL,RAIN,DAYLIGHT,NOT DIVIDED,WET,NO INJURY / DRIVE AWAY,Y,UNABLE TO DETERMINE,1745,N,SHEFFIELD AVE,,NO INDICATION OF INJURY,0,0,0,17,7,6,41.91319516,-87.65304469
08/16/2018 03:38:00 PM,35,NO CONTROLS,CLEAR,DAYLIGHT,CENTER TURN LANE,DRY,INJURY AND / OR TOW DUE TO CRASH,,FAILING TO YIELD RIGHT-OF-WAY,3577,W,GRAND AVE,,NONINCAPACITATING INJURY,0,0,1,15,5,8,41.90208279,-87.71645929
07/19/2019 07:03:00 PM,30,NO CONTROLS,CLEAR,DAYLIGHT,NOT DIVIDED,DRY,NO INJURY / DRIVE AWAY,,DRIVING ON WRONG SIDE/WRONG WAY,2520,W,NORTH AVE,,NO INDICATION OF INJURY,0,0,0,19,6,7,41.91039469,-87.69052565
08/14/2018 06:22:00 PM,30,NO CONTROLS,CLEAR,DAYLIGHT,DIVIDED - W/MEDIAN (NOT RAISED),DRY,INJURY AND / OR TOW DUE TO CRASH,Y,UNABLE TO DETERMINE,1931,W,OGDEN AVE,,NONINCAPACITATING INJURY,0,0,1,18,3,8,41.87402779,-87.67470847
12/2/2020 17:10,30,TRAFFIC SIGNAL,CLEAR,"DARKNESS, LIGHTED ROAD",NOT DIVIDED,DRY,NO INJURY / DRIVE AWAY,,FAILING TO YIELD RIGHT-OF-WAY,3600,N,KILBOURN AVE,,NO INDICATION OF INJURY,0,0,0,17,4,12,41.94622571,-87.73947961
11/17/2022 08:18:00 AM,25,TRAFFIC SIGNAL,CLOUDY/OVERCAST,DAYLIGHT,OTHER,DRY,INJURY AND / OR TOW DUE TO CRASH,,FAILING TO YIELD RIGHT-OF-WAY,2300,W,AUGUSTA BLVD,,NONINCAPACITATING INJURY,0,0,1,8,5,11,41.89952863,-87.68461313
6/1/2023 10:30,30,NO CONTROLS,CLEAR,DAYLIGHT,NOT DIVIDED,UNKNOWN,INJURY AND / OR TOW DUE TO CRASH,Y,UNABLE TO DETERMINE,2701,N,SHEFFIELD AVE,Y,NONINCAPACITATING INJURY,0,0,1,10,5,6,41.9309177,-87.65365342
08/19/2016 04:00:00 PM,30,NO CONTROLS,CLEAR,DAYLIGHT,NOT DIVIDED,DRY,INJURY AND / OR TOW DUE TO CRASH,,UNABLE TO DETERMINE,150,N,MICHIGAN AVE,Y,NONINCAPACITATING INJURY,0,0,1,16,6,8,41.88453096,-87.62460205
8/11/2018 20:00,30,YIELD,CLEAR,DARKNESS,NOT DIVIDED,DRY,INJURY AND / OR TOW DUE TO CRASH,,FAILING TO YIELD RIGHT-OF-WAY,3162,N,HALSTED ST,N,"REPORTED, NOT EVIDENT",0,0,0,20,7,8,41.93970247,-87.64940537
08/23/2018 12:30:00 PM,30,NO CONTROLS,CLEAR,DAYLIGHT,DIVIDED - W/MEDIAN (NOT RAISED),DRY,NO INJURY / DRIVE AWAY,,IMPROPER BACKING,1142,W,LAWRENCE AVE,,NO INDICATION OF INJURY,0,0,0,12,5,8,41.96914111,-87.65936895
09/19/2021 05:37:00 PM,15,STOP SIGN/FLASHER,CLEAR,DAYLIGHT,NOT DIVIDED,DRY,NO INJURY / DRIVE AWAY,,FAILING TO YIELD RIGHT-OF-WAY,3130,N,BELMONT HARBOR ACCESS RD,,NO INDICATION OF INJURY,0,0,0,17,1,9,41.93973182,-87.63733175
8/7/2023 8:11,30,STOP SIGN/FLASHER,CLEAR,DAYLIGHT,NOT DIVIDED,DRY,NO INJURY / DRIVE AWAY,,UNABLE TO DETERMINE,227,N,DAMEN AVE,,NO INDICATION OF INJURY,0,0,0,8,2,8,41.88582198,-87.67661727
6/8/2023 11:30,30,NO CONTROLS,CLEAR,DAYLIGHT,NOT DIVIDED,UNKNOWN,INJURY AND / OR TOW DUE TO CRASH,,UNABLE TO DETERMINE,1730,W,LAWRENCE AVE,Y,NONINCAPACITATING INJURY,0,0,1,11,5,6,41.96895607,-87.67235341
8/6/2018 12:40,30,TRAFFIC SIGNAL,CLEAR,DAYLIGHT,NOT DIVIDED,DRY,NO INJURY / DRIVE AWAY,Y,TURNING RIGHT ON RED,1145,N,KOSTNER AVE,,NO INDICATION OF INJURY,0,0,0,12,2,8,41.90202269,-87.73598377
4/9/2021 13:04,30,STOP SIGN/FLASHER,CLEAR,DAYLIGHT,T-INTERSECTION,DRY,INJURY AND / OR TOW DUE TO CRASH,,UNABLE TO DETERMINE,2900,W,LAWRENCE AVE,,NONINCAPACITATING INJURY,0,0,1,13,6,4,41.96862347,-87.70116882
05/18/2021 08:47:00 AM,30,NO CONTROLS,CLEAR,DAYLIGHT,NOT DIVIDED,DRY,INJURY AND / OR TOW DUE TO CRASH,Y,IMPROPER OVERTAKING/PASSING,6698,W,NORTH AVE,,NONINCAPACITATING INJURY,0,0,1,8,3,5,41.90916953,-87.79229862
08/31/2022 08:30:00 AM,30,TRAFFIC SIGNAL,CLEAR,DAYLIGHT,T-INTERSECTION,DRY,NO INJURY / DRIVE AWAY,,UNABLE TO DETERMINE,6100,N,LINCOLN AVE,,NO INDICATION OF INJURY,0,0,0,8,4,8,41.99290771,-87.71170578
03/19/2019 05:30:00 PM,30,UNKNOWN,CLEAR,DAYLIGHT,NOT DIVIDED,DRY,INJURY AND / OR TOW DUE TO CRASH,,NOT APPLICABLE,5502,W,WASHINGTON BLVD,Y,NONINCAPACITATING INJURY,0,0,1,17,3,3,41.88237397,-87.76343026
4/2/2019 11:25,30,TRAFFIC SIGNAL,CLEAR,DAYLIGHT,DIVIDED - W/MEDIAN BARRIER,DRY,NO INJURY / DRIVE AWAY,,"OPERATING VEHICLE IN ERRATIC, RECKLESS, CARELESS, NEGLIGENT OR AGGRESSIVE MANNER",432,N,LA SALLE DR,,NO INDICATION OF INJURY,0,0,0,11,3,4,41.89011433,-87.63269573
10/20/2015 06:30:00 PM,30,NO CONTROLS,CLEAR,"DARKNESS, LIGHTED ROAD",NOT DIVIDED,DRY,INJURY AND / OR TOW DUE TO CRASH,,UNABLE TO DETERMINE,6000,S,STONY ISLAND AVE,N,"REPORTED, NOT EVIDENT",0,0,0,18,3,10,41.78602474,-87.58673847
4/9/2018 12:40,30,TRAFFIC SIGNAL,SNOW,"DARKNESS, LIGHTED ROAD",DIVIDED - W/MEDIAN BARRIER,WET,INJURY AND / OR TOW DUE TO CRASH,,"VISION OBSCURED (SIGNS, TREE LIMBS, BUILDINGS, ETC.)",99,E,LOWER WACKER DR,,NONINCAPACITATING INJURY,0,0,1,12,2,4,41.88806789,-87.62472503
08/23/2017 03:20:00 PM,30,NO CONTROLS,CLEAR,DAYLIGHT,NOT DIVIDED,DRY,INJURY AND / OR TOW DUE TO CRASH,,UNABLE TO DETERMINE,3610,W,MONTROSE AVE,Y,"REPORTED, NOT EVIDENT",0,0,0,15,4,8,41.96117424,-87.71849442
1/5/2018 20:30,30,TRAFFIC SIGNAL,CLEAR,"DARKNESS, LIGHTED ROAD",DIVIDED - W/MEDIAN BARRIER,DRY,INJURY AND / OR TOW DUE TO CRASH,Y,DISREGARDING TRAFFIC SIGNALS,801,S,STATE ST,,"REPORTED, NOT EVIDENT",0,0,0,20,6,1,41.87174547,-87.62737703
07/25/2021 07:46:00 PM,30,TRAFFIC SIGNAL,CLEAR,DAYLIGHT,ONE-WAY,DRY,NO INJURY / DRIVE AWAY,,FAILING TO REDUCE SPEED TO AVOID CRASH,901,E,OAKWOOD BLVD,,NO INDICATION OF INJURY,0,0,0,19,1,7,41.82421776,-87.60333961
11/2/2017 15:28,30,TRAFFIC SIGNAL,RAIN,DAYLIGHT,NOT DIVIDED,WET,INJURY AND / OR TOW DUE TO CRASH,,"VISION OBSCURED (SIGNS, TREE LIMBS, BUILDINGS, ETC.)",4734,W,BELMONT AVE,,NONINCAPACITATING INJURY,0,0,1,15,5,11,41.93896018,-87.74516653
08/30/2022 06:45:00 PM,30,NO CONTROLS,CLEAR,DAYLIGHT,NOT DIVIDED,OTHER,INJURY AND / OR TOW DUE TO CRASH,,FAILING TO YIELD RIGHT-OF-WAY,1456,N,MILWAUKEE AVE,,"REPORTED, NOT EVIDENT",0,0,0,18,3,8,41.90827004,-87.67439868
7/5/2019 17:00,30,NO CONTROLS,CLEAR,DAYLIGHT,NOT DIVIDED,DRY,NO INJURY / DRIVE AWAY,,UNABLE TO DETERMINE,1520,W,NORTH AVE,,NO INDICATION OF INJURY,0,0,0,17,6,7,41.91076195,-87.666121
05/24/2016 04:45:00 PM,30,NO CONTROLS,CLEAR,DAYLIGHT,NOT DIVIDED,DRY,INJURY AND / OR TOW DUE TO CRASH,,NOT APPLICABLE,7109,S,JEFFERY BLVD,,NONINCAPACITATING INJURY,0,0,1,16,3,5,41.76581642,-87.57614548
02/17/2018 08:14:00 PM,20,TRAFFIC SIGNAL,SNOW,"DARKNESS, LIGHTED ROAD",DIVIDED - W/MEDIAN (NOT RAISED),SNOW OR SLUSH,INJURY AND / OR TOW DUE TO CRASH,Y,FOLLOWING TOO CLOSELY,840,E,63RD ST,,NONINCAPACITATING INJURY,0,0,1,20,7,2,41.78054239,-87.60432678
6/9/2023 13:30,30,UNKNOWN,CLEAR,DAYLIGHT,NOT DIVIDED,UNKNOWN,NO INJURY / DRIVE AWAY,,IMPROPER OVERTAKING/PASSING,3900,N,SHERIDAN RD,,NO INDICATION OF INJURY,0,0,0,13,6,6,41.95271366,-87.65463891
07/16/2023 04:30:00 PM,30,TRAFFIC SIGNAL,CLEAR,DAYLIGHT,FOUR WAY,DRY,INJURY AND / OR TOW DUE TO CRASH,,UNABLE TO DETERMINE,100,E,CERMAK RD,Y,INCAPACITATING INJURY,0,1,0,16,1,7,41.85297603,-87.62377487
12/22/2019 12:30:00 PM,30,TRAFFIC SIGNAL,CLEAR,DAYLIGHT,NOT DIVIDED,DRY,INJURY AND / OR TOW DUE TO CRASH,Y,FOLLOWING TOO CLOSELY,3028,N,KIMBALL AVE,,INCAPACITATING INJURY,0,1,0,12,1,12,41.93667376,-87.71255476
06/17/2020 06:30:00 PM,30,STOP SIGN/FLASHER,CLEAR,DAYLIGHT,NOT DIVIDED,DRY,INJURY AND / OR TOW DUE TO CRASH,,UNABLE TO DETERMINE,3927,E,110TH ST,,INCAPACITATING INJURY,0,1,0,18,4,6,41.69532893,-87.52827596
08/17/2021 04:45:00 PM,30,NO CONTROLS,CLEAR,DAYLIGHT,NOT DIVIDED,DRY,INJURY AND / OR TOW DUE TO CRASH,Y,FAILING TO YIELD RIGHT-OF-WAY,6601,S,PULASKI RD,,NONINCAPACITATING INJURY,0,0,1,16,3,8,41.77314684,-87.72247613
06/23/2022 10:55:00 AM,30,NO CONTROLS,CLEAR,DAYLIGHT,NOT DIVIDED,DRY,NO INJURY / DRIVE AWAY,,NOT APPLICABLE,114,N,HALSTED ST,,NO INDICATION OF INJURY,0,0,0,10,5,6,41.8836394,-87.64756109
7/8/2020 22:30,30,STOP SIGN/FLASHER,CLEAR,"DARKNESS, LIGHTED ROAD",NOT DIVIDED,DRY,INJURY AND / OR TOW DUE TO CRASH,,FAILING TO YIELD RIGHT-OF-WAY,2198,N,SEDGWICK ST,,NONINCAPACITATING INJURY,0,0,1,22,4,7,41.92186776,-87.63908156
12/4/2015 7:40,30,STOP SIGN/FLASHER,CLEAR,DAYLIGHT,DIVIDED - W/MEDIAN BARRIER,DRY,INJURY AND / OR TOW DUE TO CRASH,,FAILING TO YIELD RIGHT-OF-WAY,1279,N,CLYBOURN AVE,,NONINCAPACITATING INJURY,0,0,1,7,6,12,41.90539173,-87.64161588
7/11/2019 9:30,30,TRAFFIC SIGNAL,CLEAR,DAYLIGHT,NOT DIVIDED,UNKNOWN,NO INJURY / DRIVE AWAY,,NOT APPLICABLE,849,W,FULLERTON AVE,,NO INDICATION OF INJURY,0,0,0,9,5,7,41.9253143,-87.65059855
7/10/2023 18:30,30,UNKNOWN,CLEAR,DAYLIGHT,OTHER,DRY,NO INJURY / DRIVE AWAY,Y,UNABLE TO DETERMINE,600,W,46TH ST,,NO INDICATION OF INJURY,0,0,0,18,2,7,41.81089095,-87.64078633
9/12/2019 9:40,30,STOP SIGN/FLASHER,CLEAR,DAYLIGHT,FOUR WAY,DRY,INJURY AND / OR TOW DUE TO CRASH,,FAILING TO YIELD RIGHT-OF-WAY,1200,W,50TH ST,,NONINCAPACITATING INJURY,0,0,1,9,5,9,41.80338116,-87.65516889
06/13/2019 08:50:00 PM,35,UNKNOWN,CLEAR,"DARKNESS, LIGHTED ROAD",FOUR WAY,DRY,INJURY AND / OR TOW DUE TO CRASH,,FAILING TO YIELD RIGHT-OF-WAY,700,N,ASHLAND AVE,,NONINCAPACITATING INJURY,0,0,1,20,5,6,41.89429946,-87.66738514
07/20/2018 04:02:00 PM,30,STOP SIGN/FLASHER,OTHER,DAYLIGHT,NOT DIVIDED,WET,INJURY AND / OR TOW DUE TO CRASH,,UNABLE TO DETERMINE,4700,W,61ST ST,,NONINCAPACITATING INJURY,0,0,1,16,6,7,41.78221818,-87.74002733
06/27/2017 02:00:00 PM,30,UNKNOWN,CLEAR,DAYLIGHT,UNKNOWN,UNKNOWN,INJURY AND / OR TOW DUE TO CRASH,,UNABLE TO DETERMINE,7500,S,SOUTH CHICAGO AVE,,NONINCAPACITATING INJURY,0,0,1,14,3,6,41.75860901,-87.59572136
6/9/2020 14:25,30,NO CONTROLS,CLEAR,DAYLIGHT,DIVIDED - W/MEDIAN (NOT RAISED),DRY,INJURY AND / OR TOW DUE TO CRASH,Y,UNABLE TO DETERMINE,803,W,47TH ST,,NONINCAPACITATING INJURY,0,0,1,14,3,6,41.8087576,-87.64573487
08/19/2019 04:28:00 PM,25,TRAFFIC SIGNAL,CLEAR,DAYLIGHT,T-INTERSECTION,DRY,INJURY AND / OR TOW DUE TO CRASH,,UNABLE TO DETERMINE,2399,W,VAN BUREN ST,,NONINCAPACITATING INJURY,0,0,1,16,2,8,41.87597886,-87.68613975
3/9/2018 14:55,30,NO CONTROLS,CLEAR,DAYLIGHT,NOT DIVIDED,DRY,INJURY AND / OR TOW DUE TO CRASH,,FAILING TO YIELD RIGHT-OF-WAY,1846,N,WOLCOTT AVE,,INCAPACITATING INJURY,0,1,0,14,6,3,41.91556242,-87.67529016
06/29/2020 05:00:00 PM,30,NO CONTROLS,CLEAR,DAYLIGHT,NOT DIVIDED,DRY,INJURY AND / OR TOW DUE TO CRASH,,FAILING TO YIELD RIGHT-OF-WAY,2545,N,MILWAUKEE AVE,,INCAPACITATING INJURY,0,1,0,17,2,6,41.92766516,-87.70487813
06/23/2022 04:00:00 PM,30,NO CONTROLS,CLEAR,DAYLIGHT,NOT DIVIDED,DRY,INJURY AND / OR TOW DUE TO CRASH,,UNABLE TO DETERMINE,4621,N,BROADWAY,,NONINCAPACITATING INJURY,0,0,1,16,5,6,41.96601388,-87.65770297
08/25/2018 05:02:00 PM,20,STOP SIGN/FLASHER,CLEAR,DAYLIGHT,NOT DIVIDED,DRY,INJURY AND / OR TOW DUE TO CRASH,,DISREGARDING STOP SIGN,2626,W,GRANVILLE AVE,,NONINCAPACITATING INJURY,0,0,1,17,7,8,41.99413173,-87.69580546
07/26/2023 10:04:00 AM,30,NO CONTROLS,RAIN,DAYLIGHT,T-INTERSECTION,WET,INJURY AND / OR TOW DUE TO CRASH,Y,UNABLE TO DETERMINE,3534,N,LAKE SHORE DR,,"REPORTED, NOT EVIDENT",0,0,0,10,4,7,41.94770946,-87.64308287
7/11/2022 13:45,30,NO CONTROLS,CLEAR,DAYLIGHT,DIVIDED - W/MEDIAN (NOT RAISED),DRY,INJURY AND / OR TOW DUE TO CRASH,,FAILING TO YIELD RIGHT-OF-WAY,4517,S,ARCHER AVE,,INCAPACITATING INJURY,0,1,0,13,2,7,41.81124651,-87.70864519
07/30/2019 10:23:00 AM,30,NO CONTROLS,CLEAR,DAYLIGHT,DIVIDED - W/MEDIAN BARRIER,DRY,INJURY AND / OR TOW DUE TO CRASH,,IMPROPER TURNING/NO SIGNAL,431,N,HALSTED ST,,NONINCAPACITATING INJURY,0,0,1,10,3,7,41.8900733,-87.64746235
07/14/2023 12:00:00 PM,30,TRAFFIC SIGNAL,CLEAR,DAYLIGHT,NOT DIVIDED,DRY,NO INJURY / DRIVE AWAY,,UNABLE TO DETERMINE,3401,N,HALSTED ST,Y,NO INDICATION OF INJURY,0,0,0,12,6,7,41.94366415,-87.64922923
1/7/2023 23:30,30,UNKNOWN,UNKNOWN,"DARKNESS, LIGHTED ROAD",NOT DIVIDED,UNKNOWN,INJURY AND / OR TOW DUE TO CRASH,Y,UNABLE TO DETERMINE,25,E,OAK ST,,"REPORTED, NOT EVIDENT",0,0,0,23,7,1,41.90064978,-87.62741681