CRASH_DATE,POSTED_SPEED_LIMIT,TRAFFIC_CONTROL_DEVICE,WEATHER_CONDITION,LIGHTING_CONDITION,TRAFFICWAY_TYPE,ROADWAY_SURFACE_COND,CRASH_TYPE,HIT_AND_RUN_I,PRIM_CONTRIBUTORY_CAUSE,STREET_NO,STREET_DIRECTION,STREET_NAME,DOORING_I,MOST_SEVERE_INJURY,INJURIES_FATAL,INJURIES_INCAPACITATING,INJURIES_NON_INCAPACITATING,CRASH_HOUR,CRASH_DAY_OF_WEEK,CRASH_MONTH,LATITUDE,LONGITUDE
07/19/2020 07:30:00 AM,25,TRAFFIC SIGNAL,RAIN,DAYLIGHT,T-INTERSECTION,WET,INJURY AND / OR TOW DUE TO CRASH,,UNABLE TO DETERMINE,5800,N,SHERIDAN RD,,INCAPACITATING INJURY,0,1,0,7,1,7,41.9874468,-87.655453
11/24/2017 04:28:00 PM,30,NO CONTROLS,CLEAR,DAYLIGHT,DIVIDED - W/MEDIAN BARRIER,DRY,INJURY AND / OR TOW DUE TO CRASH,,UNABLE TO DETERMINE,8451,S,STONY ISLAND AVE,,INCAPACITATING INJURY,0,1,0,16,6,11,41.74089918,-87.58514776
07/23/2018 07:39:00 PM,30,NO CONTROLS,CLEAR,DAYLIGHT,NOT DIVIDED,DRY,INJURY AND / OR TOW DUE TO CRASH,,UNABLE TO DETERMINE,3431,N,WHIPPLE ST,,NONINCAPACITATING INJURY,0,0,1,19,2,7,41.94365802,-87.7039143
10/21/2020 03:58:00 PM,30,TRAFFIC SIGNAL,CLEAR,DAYLIGHT,NOT DIVIDED,DRY,INJURY AND / OR TOW DUE TO CRASH,Y,UNABLE TO DETERMINE,1600,W,51ST ST,,NONINCAPACITATING INJURY,0,0,1,15,4,10,41.80142703,-87.66484075
02/29/2016 06:30:00 PM,30,NO CONTROLS,CLEAR,DAYLIGHT,ONE-WAY,DRY,NO INJURY / DRIVE AWAY,,UNABLE TO DETERMINE,60,W,SCHILLER ST,,NO INDICATION OF INJURY,0,0,0,18,2,2,41.90795847,-87.63087954
12/31/2018 02:45:00 PM,20,NO CONTROLS,RAIN,DAYLIGHT,DIVIDED - W/MEDIAN (NOT RAISED),WET,NO INJURY / DRIVE AWAY,Y,UNABLE TO DETERMINE,5198,N,CLARK ST,,NO INDICATION OF INJURY,0,0,0,14,2,12,41.97613893,-87.66856053
07/23/2018 06:10:00 PM,30,STOP SIGN/FLASHER,CLEAR,DAYLIGHT,NOT DIVIDED,DRY,NO INJURY / DRIVE AWAY,Y,DISREGARDING STOP SIGN,4100,N,CALIFORNIA AVE,,NO INDICATION OF INJURY,0,0,0,18,2,7,41.95587415,-87.69844466
10/17/2018 04:12:00 PM,20,STOP SIGN/FLASHER,CLEAR,DAYLIGHT,NOT DIVIDED,DRY,INJURY AND / OR TOW DUE TO CRASH,,DISREGARDING STOP SIGN,2332,W,34TH ST,,"REPORTED, NOT EVIDENT",0,0,0,16,4,10,41.83221895,-87.68392148
04/18/2018 06:10:00 PM,30,NO CONTROLS,CLEAR,DUSK,ONE-WAY,DRY,NO INJURY / DRIVE AWAY,,NOT APPLICABLE,12,E,WALTON ST,Y,NO INDICATION OF INJURY,0,0,0,18,4,4,41.90005508,-87.62776705
08/26/2021 06:20:00 PM,30,TRAFFIC SIGNAL,CLEAR,DAYLIGHT,NOT DIVIDED,DRY,NO INJURY / DRIVE AWAY,,UNABLE TO DETERMINE,1600,W,CORTLAND ST,,NO INDICATION OF INJURY,0,0,0,18,5,8,41.91623534,-87.66783777
2/9/2021 15:35,30,TRAFFIC SIGNAL,UNKNOWN,DAYLIGHT,DIVIDED - W/MEDIAN BARRIER,UNKNOWN,NO INJURY / DRIVE AWAY,N,UNABLE TO DETERMINE,1200,S,STATE ST,,NO INDICATION OF INJURY,0,0,0,15,3,2,41.86733051,-87.62756602
08/14/2017 02:06:00 PM,30,TRAFFIC SIGNAL,CLEAR,DAYLIGHT,DIVIDED - W/MEDIAN BARRIER,DRY,INJURY AND / OR TOW DUE TO CRASH,,FAILING TO YIELD RIGHT-OF-WAY,1601,N,ASHLAND AVE,,INCAPACITATING INJURY,0,1,0,14,2,8,41.91072332,-87.66754696
08/28/2020 01:45:00 PM,30,NO CONTROLS,CLEAR,DAYLIGHT,NOT DIVIDED,DRY,NO INJURY / DRIVE AWAY,,UNABLE TO DETERMINE,6122,N,NORTHWEST HWY,,NO INDICATION OF INJURY,0,0,0,13,6,8,41.99274651,-87.79993013
9/1/2023 7:20,30,NO CONTROLS,CLEAR,DAYLIGHT,NOT DIVIDED,DRY,INJURY AND / OR TOW DUE TO CRASH,Y,UNABLE TO DETERMINE,6435,S,PULASKI RD,,INCAPACITATING INJURY,0,2,0,7,6,9,41.77580751,-87.72253999
9/4/2019 22:15,20,OTHER,CLEAR,"DARKNESS, LIGHTED ROAD",NOT DIVIDED,DRY,NO INJURY / DRIVE AWAY,,IMPROPER TURNING/NO SIGNAL,5420,N,CLARK ST,,NO INDICATION OF INJURY,0,0,0,22,4,9,41.98047008,-87.66847533
7/9/2021 12:10,30,TRAFFIC SIGNAL,CLEAR,DAYLIGHT,NOT REPORTED,DRY,NO INJURY / DRIVE AWAY,,UNABLE TO DETERMINE,100,W,KINZIE ST,N,NO INDICATION OF INJURY,0,0,0,12,6,7,41.88932169,-87.63113299
08/21/2017 07:10:00 PM,25,NO CONTROLS,CLOUDY/OVERCAST,DUSK,ONE-WAY,WET,INJURY AND / OR TOW DUE TO CRASH,Y,IMPROPER BACKING,7236,S,CHAMPLAIN AVE,,NONINCAPACITATING INJURY,0,0,1,19,2,8,41.76287973,-87.60930127
09/17/2022 08:26:00 PM,25,STOP SIGN/FLASHER,CLEAR,DUSK,NOT DIVIDED,DRY,INJURY AND / OR TOW DUE TO CRASH,,FAILING TO YIELD RIGHT-OF-WAY,824,N,STATE ST,,NONINCAPACITATING INJURY,0,0,1,20,7,9,41.89747568,-87.62836809
09/13/2018 01:37:00 PM,30,OTHER,CLEAR,DAYLIGHT,OTHER,DRY,INJURY AND / OR TOW DUE TO CRASH,,DRIVING ON WRONG SIDE/WRONG WAY,6725,W,BELMONT AVE,,NONINCAPACITATING INJURY,0,0,1,13,5,9,41.93807055,-87.79432449
05/30/2020 07:30:00 PM,30,STOP SIGN/FLASHER,CLEAR,DARKNESS,NOT DIVIDED,DRY,NO INJURY / DRIVE AWAY,,DISREGARDING STOP SIGN,3138,N,BROADWAY,,NO INDICATION OF INJURY,0,0,0,19,7,5,41.93884697,-87.64450523
7/4/2020 10:36,30,TRAFFIC SIGNAL,CLEAR,DAYLIGHT,DIVIDED - W/MEDIAN (NOT RAISED),DRY,INJURY AND / OR TOW DUE TO CRASH,,NOT APPLICABLE,759,W,107TH ST,,NONINCAPACITATING INJURY,0,0,1,10,7,7,41.69953095,-87.64254803
10/17/2023 09:18:00 PM,30,TRAFFIC SIGNAL,CLEAR,"DARKNESS, LIGHTED ROAD",DIVIDED - W/MEDIAN (NOT RAISED),DRY,INJURY AND / OR TOW DUE TO CRASH,,UNABLE TO DETERMINE,4599,N,WESTERN AVE,,NONINCAPACITATING INJURY,0,0,1,21,3,10,41.96478439,-87.68864102
11/1/2020 0:15,30,TRAFFIC SIGNAL,CLEAR,"DARKNESS, LIGHTED ROAD",DIVIDED - W/MEDIAN (NOT RAISED),DRY,INJURY AND / OR TOW DUE TO CRASH,,FAILING TO YIELD RIGHT-OF-WAY,1398,W,BELMONT AVE,,NONINCAPACITATING INJURY,0,0,1,0,1,11,41.93987662,-87.66370313
10/23/2018 07:50:00 AM,30,TRAFFIC SIGNAL,CLEAR,DAYLIGHT,CENTER TURN LANE,DRY,INJURY AND / OR TOW DUE TO CRASH,,"VISION OBSCURED (SIGNS, TREE LIMBS, BUILDINGS, ETC.)",3201,W,ARMITAGE AVE,,NONINCAPACITATING INJURY,0,0,1,7,3,10,41.9172915,-87.7070516
08/30/2019 05:25:00 PM,30,STOP SIGN/FLASHER,CLEAR,DAYLIGHT,UNKNOWN,DRY,INJURY AND / OR TOW DUE TO CRASH,,IMPROPER LANE USAGE,5700,W,MADISON ST,,NONINCAPACITATING INJURY,0,0,1,17,6,8,41.88030293,-87.76820695
8/5/2022 23:30,30,NO CONTROLS,CLEAR,"DARKNESS, LIGHTED ROAD",NOT DIVIDED,DRY,INJURY AND / OR TOW DUE TO CRASH,N,FAILING TO YIELD RIGHT-OF-WAY,100,W,KINZIE ST,,NONINCAPACITATING INJURY,0,0,1,23,6,8,41.88932169,-87.63113299
5/4/2018 22:26,35,TRAFFIC SIGNAL,CLEAR,"DARKNESS, LIGHTED ROAD",OTHER,DRY,INJURY AND / OR TOW DUE TO CRASH,,FAILING TO YIELD RIGHT-OF-WAY,4638,W,ADDISON ST,Y,INCAPACITATING INJURY,0,1,0,22,6,5,41.94627588,-87.74392098
6/3/2020 18:00,30,NO CONTROLS,CLEAR,DAYLIGHT,PARKING LOT,DRY,INJURY AND / OR TOW DUE TO CRASH,,UNABLE TO DETERMINE,1400,E,47TH DR,,NONINCAPACITATING INJURY,0,0,2,18,4,6,41.80979548,-87.59237387
05/30/2023 01:30:00 PM,20,STOP SIGN/FLASHER,CLEAR,DAYLIGHT,ONE-WAY,UNKNOWN,INJURY AND / OR TOW DUE TO CRASH,,FAILING TO YIELD RIGHT-OF-WAY,500,E,SOLIDARITY DR,,NONINCAPACITATING INJURY,0,0,1,13,3,5,41.86643601,-87.61399834
08/17/2019 10:46:00 AM,30,TRAFFIC SIGNAL,CLOUDY/OVERCAST,DAYLIGHT,NOT DIVIDED,DRY,INJURY AND / OR TOW DUE TO CRASH,,FAILING TO YIELD RIGHT-OF-WAY,4159,W,ROOSEVELT RD,,"REPORTED, NOT EVIDENT",0,0,0,10,7,8,41.86599291,-87.7299997
01/25/2017 03:25:00 PM,30,NO CONTROLS,CLEAR,DAYLIGHT,DIVIDED - W/MEDIAN BARRIER,DRY,INJURY AND / OR TOW DUE TO CRASH,,DRIVING SKILLS/KNOWLEDGE/EXPERIENCE,5869,N,LINCOLN AVE,,INCAPACITATING INJURY,0,1,1,15,4,1,41.98819515,-87.70346015
07/27/2023 12:57:00 PM,30,TRAFFIC SIGNAL,CLEAR,DAYLIGHT,FOUR WAY,DRY,INJURY AND / OR TOW DUE TO CRASH,,DISREGARDING TRAFFIC SIGNALS,1002,N,PULASKI RD,,INCAPACITATING INJURY,0,1,0,12,5,7,41.89916545,-87.72634406
07/19/2017 07:59:00 PM,30,NO CONTROLS,CLEAR,DAYLIGHT,ALLEY,DRY,INJURY AND / OR TOW DUE TO CRASH,,UNABLE TO DETERMINE,429,E,94TH ST,,NONINCAPACITATING INJURY,0,0,1,19,4,7,41.72362672,-87.61303816
10/13/2023 03:12:00 PM,30,TRAFFIC SIGNAL,RAIN,DAYLIGHT,FOUR WAY,WET,INJURY AND / OR TOW DUE TO CRASH,,FAILING TO YIELD RIGHT-OF-WAY,2899,S,ARCHER AVE,,"REPORTED, NOT EVIDENT",0,0,0,15,6,10,41.84170415,-87.6575672
7/11/2021 15:36,10,NO CONTROLS,CLEAR,DAYLIGHT,ALLEY,DRY,INJURY AND / OR TOW DUE TO CRASH,Y,UNABLE TO DETERMINE,1952,W,37TH ST,,"REPORTED, NOT EVIDENT",0,0,0,15,1,7,41.82685291,-87.6748715
09/21/2018 07:30:00 AM,20,NO CONTROLS,CLEAR,DAYLIGHT,NOT DIVIDED,DRY,INJURY AND / OR TOW DUE TO CRASH,Y,FAILING TO YIELD RIGHT-OF-WAY,4876,N,LINCOLN AVE,,NONINCAPACITATING INJURY,0,0,1,7,6,9,41.97061151,-87.68997672
07/29/2017 09:40:00 AM,30,TRAFFIC SIGNAL,CLEAR,DAYLIGHT,OTHER,DRY,INJURY AND / OR TOW DUE TO CRASH,,FAILING TO YIELD RIGHT-OF-WAY,1104,W,CHICAGO AVE,,NONINCAPACITATING INJURY,0,0,1,9,7,7,41.89637637,-87.6554455
5/4/2017 11:00,30,NO CONTROLS,CLEAR,DAYLIGHT,NOT DIVIDED,UNKNOWN,NO INJURY / DRIVE AWAY,,"VISION OBSCURED (SIGNS, TREE LIMBS, BUILDINGS, ETC.)",4547,N,BROADWAY,,NO INDICATION OF INJURY,0,0,0,11,5,5,41.96498065,-87.6570432
06/25/2019 12:00:00 PM,35,TRAFFIC SIGNAL,CLEAR,DAYLIGHT,ONE-WAY,DRY,NO INJURY / DRIVE AWAY,Y,FOLLOWING TOO CLOSELY,36,W,ONTARIO ST,N,NO INDICATION OF INJURY,0,0,0,12,3,6,41.89336002,-87.62961998
5/4/2021 8:45,30,TRAFFIC SIGNAL,CLOUDY/OVERCAST,DAYLIGHT,NOT DIVIDED,WET,NO INJURY / DRIVE AWAY,,NOT APPLICABLE,502,N,MILWAUKEE AVE,N,NO INDICATION OF INJURY,0,0,0,8,3,5,41.8912019,-87.64785263
10/23/2023 08:24:00 AM,30,NO CONTROLS,CLEAR,DAYLIGHT,NOT DIVIDED,DRY,INJURY AND / OR TOW DUE TO CRASH,Y,UNABLE TO DETERMINE,3810,S,FRANCISCO AVE,,NONINCAPACITATING INJURY,0,0,1,8,2,10,41.82417299,-87.69724142
8/7/2019 18:00,25,STOP SIGN/FLASHER,CLEAR,DAYLIGHT,FOUR WAY,DRY,INJURY AND / OR TOW DUE TO CRASH,,DRIVING ON WRONG SIDE/WRONG WAY,7700,S,RHODES AVE,,INCAPACITATING INJURY,0,1,0,18,4,8,41.75473371,-87.61152434
04/24/2017 09:11:00 PM,30,NO CONTROLS,CLEAR,"DARKNESS, LIGHTED ROAD",NOT DIVIDED,DRY,INJURY AND / OR TOW DUE TO CRASH,,UNABLE TO DETERMINE,1755,N,CLARK ST,Y,NONINCAPACITATING INJURY,0,0,1,21,2,4,41.91456467,-87.6335491
08/30/2019 02:50:00 PM,35,TRAFFIC SIGNAL,CLEAR,DAYLIGHT,NOT DIVIDED,DRY,INJURY AND / OR TOW DUE TO CRASH,,UNABLE TO DETERMINE,1602,W,CERMAK RD,,"REPORTED, NOT EVIDENT",0,0,0,14,6,8,41.85243636,-87.66622899
10/15/2020 06:00:00 PM,30,STOP SIGN/FLASHER,CLEAR,DUSK,NOT DIVIDED,DRY,INJURY AND / OR TOW DUE TO CRASH,Y,DISREGARDING STOP SIGN,2499,W,CHICAGO AVE,,NONINCAPACITATING INJURY,0,0,1,18,5,10,41.89560779,-87.68918209
08/20/2019 05:45:00 PM,30,TRAFFIC SIGNAL,CLEAR,DAYLIGHT,NOT DIVIDED,WET,NO INJURY / DRIVE AWAY,,FAILING TO REDUCE SPEED TO AVOID CRASH,1748,N,WELLS ST,,NO INDICATION OF INJURY,0,0,0,17,3,8,41.91427397,-87.63495357
05/24/2022 06:45:00 PM,30,NO CONTROLS,CLEAR,DAYLIGHT,T-INTERSECTION,DRY,INJURY AND / OR TOW DUE TO CRASH,Y,"OPERATING VEHICLE IN ERRATIC, RECKLESS, CARELESS, NEGLIGENT OR AGGRESSIVE MANNER",429,W,ARMITAGE AVE,,NONINCAPACITATING INJURY,0,0,1,18,3,5,41.91819556,-87.63989307
8/11/2020 21:10,35,TRAFFIC SIGNAL,CLEAR,"DARKNESS, LIGHTED ROAD",FOUR WAY,DRY,INJURY AND / OR TOW DUE TO CRASH,Y,UNABLE TO DETERMINE,3100,S,CALIFORNIA AVE,,"REPORTED, NOT EVIDENT",0,0,0,21,3,8,41.83727705,-87.69517225
07/13/2020 03:50:00 PM,30,TRAFFIC SIGNAL,CLEAR,DAYLIGHT,NOT DIVIDED,DRY,INJURY AND / OR TOW DUE TO CRASH,,NOT APPLICABLE,620,N,WABASH AVE,,NONINCAPACITATING INJURY,0,0,1,15,2,7,41.89325077,-87.6269062
10/6/2018 23:15,30,NO CONTROLS,CLEAR,"DARKNESS, LIGHTED ROAD",NOT DIVIDED,DRY,NO INJURY / DRIVE AWAY,Y,UNABLE TO DETERMINE,2959,S,UNION AVE,Y,NO INDICATION OF INJURY,0,0,0,23,7,10,41.83999191,-87.64375563
9/10/2021 19:15,30,TRAFFIC SIGNAL,CLEAR,DAYLIGHT,NOT DIVIDED,DRY,INJURY AND / OR TOW DUE TO CRASH,,DISREGARDING TRAFFIC SIGNALS,524,N,RUSH ST,,"REPORTED, NOT EVIDENT",0,0,0,19,6,9,41.89167324,-87.62551853
8/12/2023 15:31,30,NO CONTROLS,CLEAR,DAYLIGHT,DIVIDED - W/MEDIAN BARRIER,DRY,INJURY AND / OR TOW DUE TO CRASH,,UNABLE TO DETERMINE,4713,W,LAKE ST,,NONINCAPACITATING INJURY,0,0,1,15,7,8,41.88638099,-87.74362584
06/13/2020 04:27:00 PM,30,TRAFFIC SIGNAL,CLEAR,DAYLIGHT,FOUR WAY,DRY,INJURY AND / OR TOW DUE TO CRASH,Y,FAILING TO YIELD RIGHT-OF-WAY,800,W,BELMONT AVE,,"REPORTED, NOT EVIDENT",0,0,0,16,7,6,41.94009013,-87.64930996
10/5/2020 11:05,30,NO CONTROLS,CLEAR,DAYLIGHT,NOT DIVIDED,DRY,NO INJURY / DRIVE AWAY,Y,UNABLE TO DETERMINE,7224,S,WESTERN AVE,Y,NO INDICATION OF INJURY,0,0,0,11,2,10,41.76210412,-87.6833186
1/6/2017 0:00,35,TRAFFIC SIGNAL,CLEAR,"DARKNESS, LIGHTED ROAD",NOT DIVIDED,DRY,NO INJURY / DRIVE AWAY,,DISREGARDING TRAFFIC SIGNALS,7400,S,WESTERN AVE,,NO INDICATION OF INJURY,0,0,0,0,6,1,41.7591586,-87.68324641
09/14/2017 05:30:00 PM,0,NO CONTROLS,CLEAR,DAYLIGHT,DIVIDED - W/MEDIAN (NOT RAISED),DRY,INJURY AND / OR TOW DUE TO CRASH,,FAILING TO YIELD RIGHT-OF-WAY,2711,N,MILWAUKEE AVE,,INCAPACITATING INJURY,0,1,0,17,5,9,41.93053236,-87.70957007
01/26/2018 04:56:00 PM,25,NO CONTROLS,CLEAR,DAYLIGHT,DIVIDED - W/MEDIAN (NOT RAISED),DRY,NO INJURY / DRIVE AWAY,,FAILING TO YIELD RIGHT-OF-WAY,3101,N,CLARK ST,,NO INDICATION OF INJURY,0,0,0,16,6,1,41.93790916,-87.6488486
10/31/2022 08:20:00 AM,30,TRAFFIC SIGNAL,FOG/SMOKE/HAZE,DAYLIGHT,FOUR WAY,WET,INJURY AND / OR TOW DUE TO CRASH,,FAILING TO YIELD RIGHT-OF-WAY,55,W,MONROE ST,,NONINCAPACITATING INJURY,0,0,1,8,2,10,41.88059896,-87.62990739
8/12/2018 13:30,30,NO CONTROLS,CLEAR,DAYLIGHT,DIVIDED - W/MEDIAN BARRIER,DRY,INJURY AND / OR TOW DUE TO CRASH,,"EVASIVE ACTION DUE TO ANIMAL, OBJECT, NONMOTORIST",4714,W,87TH ST,,"REPORTED, NOT EVIDENT",0,0,0,13,1,8,41.73467132,-87.73912024
08/22/2023 07:00:00 PM,25,STOP SIGN/FLASHER,CLEAR,DAYLIGHT,ONE-WAY,DRY,INJURY AND / OR TOW DUE TO CRASH,Y,FAILING TO YIELD RIGHT-OF-WAY,6100,N,MAPLEWOOD AVE,,NONINCAPACITATING INJURY,0,0,1,19,3,8,41.9923278,-87.69352295
5/6/2023 11:44,30,NO CONTROLS,CLOUDY/OVERCAST,DAYLIGHT,NOT DIVIDED,WET,NO INJURY / DRIVE AWAY,Y,IMPROPER LANE USAGE,5120,N,BROADWAY,,NO INDICATION OF INJURY,0,0,0,11,7,5,41.97517641,-87.65998391
06/20/2022 08:30:00 PM,30,STOP SIGN/FLASHER,CLEAR,DAYLIGHT,NOT DIVIDED,DRY,NO INJURY / DRIVE AWAY,,FAILING TO YIELD RIGHT-OF-WAY,6300,W,RAVEN ST,,NO INDICATION OF INJURY,0,0,0,20,2,6,41.99452719,-87.78536005
8/11/2017 17:09,35,NO CONTROLS,CLEAR,DAYLIGHT,NOT DIVIDED,DRY,INJURY AND / OR TOW DUE TO CRASH,,FOLLOWING TOO CLOSELY,5532,W,NORTH AVE,,NONINCAPACITATING INJURY,0,0,1,17,6,8,41.90950288,-87.76433931
09/17/2018 03:55:00 PM,30,NO CONTROLS,CLEAR,DAYLIGHT,DIVIDED - W/MEDIAN (NOT RAISED),DRY,INJURY AND / OR TOW DUE TO CRASH,Y,FAILING TO YIELD RIGHT-OF-WAY,7129,W,IRVING PARK RD,,"REPORTED, NOT EVIDENT",0,0,0,15,2,9,41.95264412,-87.80477472
10/10/2019 9:14,30,NO CONTROLS,CLEAR,DAYLIGHT,DIVIDED - W/MEDIAN (NOT RAISED),DRY,INJURY AND / OR TOW DUE TO CRASH,,FAILING TO YIELD RIGHT-OF-WAY,149,N,WELLS ST,,NONINCAPACITATING INJURY,0,0,1,9,5,10,41.88444114,-87.63374705
09/25/2022 07:01:00 PM,20,NO CONTROLS,CLEAR,"DARKNESS, LIGHTED ROAD",ONE-WAY,DRY,INJURY AND / OR TOW DUE TO CRASH,,UNABLE TO DETERMINE,7554,N,CLAREMONT AVE,,NONINCAPACITATING INJURY,0,0,2,19,1,9,42.01903431,-87.6891062
6/3/2019 10:45,30,TRAFFIC SIGNAL,CLEAR,DAYLIGHT,DIVIDED - W/MEDIAN (NOT RAISED),DRY,INJURY AND / OR TOW DUE TO CRASH,,DRIVING SKILLS/KNOWLEDGE/EXPERIENCE,4801,N,CLARK ST,Y,NONINCAPACITATING INJURY,0,0,1,10,2,6,41.96905966,-87.6673696
03/16/2019 03:21:00 PM,35,NO CONTROLS,CLEAR,DAYLIGHT,NOT DIVIDED,DRY,INJURY AND / OR TOW DUE TO CRASH,Y,UNABLE TO DETERMINE,1932,W,69TH ST,,INCAPACITATING INJURY,0,1,0,15,7,3,41.76856616,-87.67247508
12/7/2019 17:44,30,TRAFFIC SIGNAL,CLEAR,"DARKNESS, LIGHTED ROAD",NOT DIVIDED,DRY,INJURY AND / OR TOW DUE TO CRASH,,UNABLE TO DETERMINE,2517,S,ARCHER AVE,,NONINCAPACITATING INJURY,0,0,1,17,7,12,41.84679537,-87.6470816
06/13/2023 06:14:00 AM,30,PEDESTRIAN CROSSING SIGN,CLOUDY/OVERCAST,DAYLIGHT,NOT DIVIDED,WET,INJURY AND / OR TOW DUE TO CRASH,Y,UNABLE TO DETERMINE,3853,W,CHICAGO AVE,,INCAPACITATING INJURY,0,1,0,6,3,6,41.89528213,-87.72331934
12/5/2018 16:30,30,NO CONTROLS,CLEAR,DARKNESS,NOT DIVIDED,DRY,NO INJURY / DRIVE AWAY,,FAILING TO YIELD RIGHT-OF-WAY,4200,N,KEDZIE AVE,,NO INDICATION OF INJURY,0,0,0,16,4,12,41.95764051,-87.70827987
8/8/2023 13:45,30,NO CONTROLS,CLEAR,DAYLIGHT,NOT DIVIDED,DRY,INJURY AND / OR TOW DUE TO CRASH,,UNABLE TO DETERMINE,5900,S,JUSTINE ST,,NONINCAPACITATING INJURY,0,0,1,13,3,8,41.78666999,-87.66330971
07/31/2022 03:20:00 PM,30,NO CONTROLS,CLEAR,DAYLIGHT,NOT DIVIDED,DRY,INJURY AND / OR TOW DUE TO CRASH,Y,IMPROPER OVERTAKING/PASSING,721,W,WILSON DR,,NONINCAPACITATING INJURY,0,0,1,15,1,7,41.96540588,-87.64846293
9/5/2019 8:04,30,STOP SIGN/FLASHER,CLEAR,DAYLIGHT,DIVIDED - W/MEDIAN (NOT RAISED),DRY,INJURY AND / OR TOW DUE TO CRASH,,FAILING TO YIELD RIGHT-OF-WAY,3164,N,MILWAUKEE AVE,,NONINCAPACITATING INJURY,0,0,1,8,5,9,41.93829572,-87.72277657
09/18/2021 08:02:00 PM,30,NO CONTROLS,CLEAR,"DARKNESS, LIGHTED ROAD",NOT DIVIDED,DRY,INJURY AND / OR TOW DUE TO CRASH,Y,UNABLE TO DETERMINE,45,E,CHICAGO AVE,Y,"REPORTED, NOT EVIDENT",0,0,0,20,7,9,41.89659144,-87.62646711
07/24/2018 10:15:00 AM,30,TRAFFIC SIGNAL,CLEAR,DAYLIGHT,DIVIDED - W/MEDIAN (NOT RAISED),DRY,INJURY AND / OR TOW DUE TO CRASH,,FAILING TO YIELD RIGHT-OF-WAY,4658,S,KEDZIE AVE,,NONINCAPACITATING INJURY,0,0,1,10,3,7,41.80820305,-87.70412546
08/17/2022 05:29:00 PM,30,STOP SIGN/FLASHER,CLEAR,DAYLIGHT,NOT DIVIDED,DRY,NO INJURY / DRIVE AWAY,,NOT APPLICABLE,7600,W,HIGGINS AVE,,NO INDICATION OF INJURY,0,0,0,17,4,8,41.98364825,-87.81687948
8/11/2017 15:15,30,TRAFFIC SIGNAL,CLEAR,DAYLIGHT,DIVIDED - W/MEDIAN (NOT RAISED),DRY,INJURY AND / OR TOW DUE TO CRASH,,UNABLE TO DETERMINE,600,W,CHICAGO AVE,,"REPORTED, NOT EVIDENT",0,0,0,15,6,8,41.89658519,-87.64299618
07/21/2021 10:15:00 PM,30,STOP SIGN/FLASHER,CLEAR,DAYLIGHT,FOUR WAY,DRY,NO INJURY / DRIVE AWAY,,UNABLE TO DETERMINE,2352,N,MARMORA AVE,,NO INDICATION OF INJURY,0,0,0,22,4,7,41.92360227,-87.77342253
5/1/2018 15:45,30,NO CONTROLS,CLEAR,DAYLIGHT,NOT DIVIDED,DRY,INJURY AND / OR TOW DUE TO CRASH,,UNABLE TO DETERMINE,5014,W,DIVERSEY AVE,Y,NONINCAPACITATING INJURY,0,0,1,15,3,5,41.93156738,-87.75216397
6/3/2016 17:17,30,STOP SIGN/FLASHER,CLEAR,DAYLIGHT,NOT DIVIDED,DRY,NO INJURY / DRIVE AWAY,,FOLLOWING TOO CLOSELY,1010,W,WEBSTER AVE,,NO INDICATION OF INJURY,0,0,0,17,6,6,41.92184061,-87.65397242
7/7/2019 16:45,30,TRAFFIC SIGNAL,CLEAR,DAYLIGHT,DIVIDED - W/MEDIAN (NOT RAISED),DRY,INJURY AND / OR TOW DUE TO CRASH,,FAILING TO YIELD RIGHT-OF-WAY,2858,S,HALSTED ST,,NONINCAPACITATING INJURY,0,0,1,16,1,7,41.8418028,-87.64652079
6/2/2022 13:20,30,TRAFFIC SIGNAL,CLEAR,DAYLIGHT,NOT DIVIDED,DRY,NO INJURY / DRIVE AWAY,Y,IMPROPER TURNING/NO SIGNAL,350,W,BELDEN AVE,,NO INDICATION OF INJURY,0,0,0,13,5,6,41.92389496,-87.63849549
5/3/2016 8:10,30,STOP SIGN/FLASHER,CLEAR,DAYLIGHT,DIVIDED - W/MEDIAN (NOT RAISED),DRY,INJURY AND / OR TOW DUE TO CRASH,,FAILING TO YIELD RIGHT-OF-WAY,1659,S,MILLER ST,,INCAPACITATING INJURY,0,1,0,8,3,5,41.85908197,-87.65207375
9/7/2019 14:15,30,NO CONTROLS,CLEAR,DAYLIGHT,NOT DIVIDED,DRY,INJURY AND / OR TOW DUE TO CRASH,Y,UNABLE TO DETERMINE,650,W,71ST ST,N,INCAPACITATING INJURY,0,1,0,14,7,9,41.76535834,-87.64156766
04/13/2018 02:00:00 PM,30,NO CONTROLS,CLEAR,DAYLIGHT,NOT DIVIDED,DRY,INJURY AND / OR TOW DUE TO CRASH,,UNABLE TO DETERMINE,4400,W,BELMONT AVE,,NONINCAPACITATING INJURY,0,0,1,14,6,4,41.93907041,-87.7370979
01/31/2018 06:26:00 PM,30,NO CONTROLS,CLEAR,"DARKNESS, LIGHTED ROAD",ONE-WAY,DRY,NO INJURY / DRIVE AWAY,,NOT APPLICABLE,3857,W,BYRON ST,,NO INDICATION OF INJURY,0,0,0,18,4,1,41.95176002,-87.72494634
7/7/2021 10:30,25,NO CONTROLS,CLEAR,DAYLIGHT,NOT DIVIDED,DRY,NO INJURY / DRIVE AWAY,,DISTRACTION - FROM OUTSIDE VEHICLE,2301,W,WASHINGTON BLVD,,NO INDICATION OF INJURY,0,0,0,10,4,7,41.88291672,-87.684133