CRASH_DATE,POSTED_SPEED_LIMIT,TRAFFIC_CONTROL_DEVICE,WEATHER_CONDITION,LIGHTING_CONDITION,TRAFFICWAY_TYPE,ROADWAY_SURFACE_COND,CRASH_TYPE,HIT_AND_RUN_I,PRIM_CONTRIBUTORY_CAUSE,STREET_NO,STREET_DIRECTION,STREET_NAME,DOORING_I,MOST_SEVERE_INJURY,INJURIES_FATAL,INJURIES_INCAPACITATING,INJURIES_NON_INCAPACITATING,CRASH_HOUR,CRASH_DAY_OF_WEEK,CRASH_MONTH,LATITUDE,LONGITUDE
12/2/2022 16:00,25,STOP SIGN/FLASHER,CLEAR,DAYLIGHT,NOT DIVIDED,DRY,NO INJURY / DRIVE AWAY,Y,FAILING TO YIELD RIGHT-OF-WAY,5800,N,GLENWOOD AVE,,NO INDICATION OF INJURY,0,0,0,16,6,12,41.98672228,-87.66519304
04/17/2017 05:00:00 PM,30,TRAFFIC SIGNAL,CLEAR,DAYLIGHT,ONE-WAY,DRY,NO INJURY / DRIVE AWAY,,UNABLE TO DETERMINE,48,W,MONROE ST,,NO INDICATION OF INJURY,0,0,0,17,2,4,41.88082347,-87.62964723
07/15/2021 03:01:00 AM,30,UNKNOWN,UNKNOWN,UNKNOWN,FOUR WAY,UNKNOWN,INJURY AND / OR TOW DUE TO CRASH,Y,FAILING TO YIELD RIGHT-OF-WAY,4001,W,POTOMAC AVE,,NONINCAPACITATING INJURY,0,0,1,3,5,7,41.90436058,-87.72649302
10/22/2016 02:00:00 PM,30,UNKNOWN,CLEAR,DAYLIGHT,DIVIDED - W/MEDIAN (NOT RAISED),DRY,INJURY AND / OR TOW DUE TO CRASH,,UNABLE TO DETERMINE,3300,W,ADDISON ST,,"REPORTED, NOT EVIDENT",0,0,0,14,7,10,41.94670437,-87.71050106
8/5/2018 13:10,30,NO CONTROLS,CLEAR,DAYLIGHT,NOT DIVIDED,DRY,INJURY AND / OR TOW DUE TO CRASH,,EXCEEDING AUTHORIZED SPEED LIMIT,220,W,ILLINOIS ST,Y,NONINCAPACITATING INJURY,0,0,1,13,1,8,41.89088382,-87.63497409
11/6/2023 18:00,30,STOP SIGN/FLASHER,CLEAR,"DARKNESS, LIGHTED ROAD",FOUR WAY,DRY,INJURY AND / OR TOW DUE TO CRASH,,UNABLE TO DETERMINE,2699,W,36TH PL,,NONINCAPACITATING INJURY,0,0,1,18,2,11,41.82729933,-87.69216501
10/21/2021 05:55:00 PM,25,NO CONTROLS,CLEAR,"DARKNESS, LIGHTED ROAD",NOT DIVIDED,WET,INJURY AND / OR TOW DUE TO CRASH,,UNABLE TO DETERMINE,2929,N,BROADWAY,,NONINCAPACITATING INJURY,0,0,1,17,5,10,41.93580362,-87.64410957
06/24/2022 10:10:00 AM,30,STOP SIGN/FLASHER,CLEAR,DAYLIGHT,DIVIDED - W/MEDIAN BARRIER,DRY,INJURY AND / OR TOW DUE TO CRASH,,FAILING TO YIELD RIGHT-OF-WAY,617,W,WILSON DR,,"REPORTED, NOT EVIDENT",0,0,0,10,6,6,41.96571405,-87.64601107
06/13/2017 01:00:00 PM,30,NO CONTROLS,CLEAR,DAYLIGHT,ONE-WAY,DRY,INJURY AND / OR TOW DUE TO CRASH,Y,IMPROPER OVERTAKING/PASSING,3800,S,WENTWORTH AVE,,"REPORTED, NOT EVIDENT",0,0,0,13,3,6,41.82544187,-87.63152183
7/2/2019 17:30,30,TRAFFIC SIGNAL,CLEAR,DAYLIGHT,NOT DIVIDED,DRY,INJURY AND / OR TOW DUE TO CRASH,,UNABLE TO DETERMINE,6398,N,NORTHWEST HWY,,NONINCAPACITATING INJURY,0,0,1,17,3,7,41.99675398,-87.80665873
12/14/2017 05:29:00 PM,35,STOP SIGN/FLASHER,CLEAR,DUSK,NOT DIVIDED,DRY,INJURY AND / OR TOW DUE TO CRASH,Y,UNABLE TO DETERMINE,3839,W,AUGUSTA BLVD,,FATAL,1,0,0,17,5,12,41.89894066,-87.72277385
11/10/2022 0:48,35,TRAFFIC SIGNAL,CLEAR,"DARKNESS, LIGHTED ROAD",DIVIDED - W/MEDIAN (NOT RAISED),DRY,INJURY AND / OR TOW DUE TO CRASH,Y,UNABLE TO DETERMINE,200,W,63RD ST,,NONINCAPACITATING INJURY,0,0,1,0,5,11,41.7800965,-87.6301722
09/16/2023 12:50:00 PM,30,NO CONTROLS,CLEAR,"DARKNESS, LIGHTED ROAD",NOT DIVIDED,DRY,INJURY AND / OR TOW DUE TO CRASH,Y,UNABLE TO DETERMINE,1868,N,HALSTED ST,,NONINCAPACITATING INJURY,0,0,1,12,7,9,41.91574202,-87.64855893
10/31/2021 07:15:00 AM,25,NO CONTROLS,UNKNOWN,DAWN,NOT DIVIDED,UNKNOWN,NO INJURY / DRIVE AWAY,,UNABLE TO DETERMINE,4810,W,AUGUSTA BLVD,,NO INDICATION OF INJURY,0,0,0,7,1,10,41.89877388,-87.74639252
09/23/2017 02:22:00 PM,25,NO CONTROLS,CLEAR,DAYLIGHT,NOT DIVIDED,DRY,INJURY AND / OR TOW DUE TO CRASH,,"VISION OBSCURED (SIGNS, TREE LIMBS, BUILDINGS, ETC.)",3638,W,107TH ST,,NONINCAPACITATING INJURY,0,0,1,14,7,9,41.69880799,-87.71239409
1/1/2022 15:33,30,NO CONTROLS,SNOW,DAYLIGHT,NOT DIVIDED,SNOW OR SLUSH,INJURY AND / OR TOW DUE TO CRASH,,"VISION OBSCURED (SIGNS, TREE LIMBS, BUILDINGS, ETC.)",3531,N,BROADWAY,Y,NONINCAPACITATING INJURY,0,0,1,15,7,1,41.94638465,-87.64652486
10/3/2019 8:50,30,NO CONTROLS,CLEAR,DAYLIGHT,NOT DIVIDED,DRY,NO INJURY / DRIVE AWAY,,UNABLE TO DETERMINE,1850,N,CLARK ST,,NO INDICATION OF INJURY,0,0,0,8,5,10,41.91625108,-87.63490637
2/5/2020 23:40,30,TRAFFIC SIGNAL,SNOW,"DARKNESS, LIGHTED ROAD",NOT DIVIDED,SNOW OR SLUSH,NO INJURY / DRIVE AWAY,,UNABLE TO DETERMINE,9900,S,BEVERLY AVE,,NO INDICATION OF INJURY,0,0,0,23,4,2,41.71383396,-87.65971063
05/20/2021 12:05:00 AM,30,TRAFFIC SIGNAL,RAIN,"DARKNESS, LIGHTED ROAD",DIVIDED - W/MEDIAN (NOT RAISED),WET,INJURY AND / OR TOW DUE TO CRASH,Y,UNABLE TO DETERMINE,1202,N,CICERO AVE,,NONINCAPACITATING INJURY,0,0,1,0,5,5,41.90246444,-87.74612739
09/22/2017 03:15:00 PM,35,TRAFFIC SIGNAL,CLEAR,DAYLIGHT,OTHER,DRY,INJURY AND / OR TOW DUE TO CRASH,Y,NOT APPLICABLE,1,E,ROOSEVELT RD,,"REPORTED, NOT EVIDENT",0,0,0,15,6,9,41.86730436,-87.6273784
10/31/2019 09:10:00 AM,30,NO CONTROLS,SNOW,DAYLIGHT,NOT DIVIDED,WET,INJURY AND / OR TOW DUE TO CRASH,,OBSTRUCTED CROSSWALKS,556,W,KINZIE ST,,NONINCAPACITATING INJURY,0,0,1,9,5,10,41.88916483,-87.6419863
08/13/2018 12:05:00 PM,25,STOP SIGN/FLASHER,CLEAR,DAYLIGHT,NOT DIVIDED,DRY,INJURY AND / OR TOW DUE TO CRASH,,DISTRACTION - FROM OUTSIDE VEHICLE,6002,N,MASON AVE,,NONINCAPACITATING INJURY,0,0,1,12,2,8,41.99034535,-87.77681717
11/6/2015 19:30,0,STOP SIGN/FLASHER,UNKNOWN,UNKNOWN,UNKNOWN,UNKNOWN,NO INJURY / DRIVE AWAY,,NOT APPLICABLE,3558,W,57TH ST,,NO INDICATION OF INJURY,0,0,0,19,6,11,41.78984385,-87.71277966
07/24/2018 06:01:00 PM,25,STOP SIGN/FLASHER,CLEAR,DAYLIGHT,NOT DIVIDED,DRY,INJURY AND / OR TOW DUE TO CRASH,,DISREGARDING STOP SIGN,2159,W,ROSCOE ST,,NONINCAPACITATING INJURY,0,0,1,18,3,7,41.94304855,-87.68323674
9/4/2022 20:56,30,STOP SIGN/FLASHER,CLEAR,DARKNESS,FOUR WAY,DRY,INJURY AND / OR TOW DUE TO CRASH,,UNABLE TO DETERMINE,3052,N,SHEFFIELD AVE,,NONINCAPACITATING INJURY,0,0,1,20,1,9,41.93786569,-87.65418491
10/8/2019 10:52,30,NO CONTROLS,CLEAR,DAYLIGHT,ONE-WAY,DRY,INJURY AND / OR TOW DUE TO CRASH,,FAILING TO YIELD RIGHT-OF-WAY,307,W,LAKE ST,Y,NONINCAPACITATING INJURY,0,0,1,10,3,10,41.88562937,-87.63563176
07/31/2022 05:17:00 PM,15,NO CONTROLS,CLEAR,DAYLIGHT,ONE-WAY,DRY,NO INJURY / DRIVE AWAY,Y,DRIVING ON WRONG SIDE/WRONG WAY,510,E,62ND ST,,NO INDICATION OF INJURY,0,0,0,17,1,7,41.78222012,-87.6127828
07/16/2020 02:46:00 PM,30,TRAFFIC SIGNAL,CLEAR,DAYLIGHT,DIVIDED - W/MEDIAN BARRIER,DRY,NO INJURY / DRIVE AWAY,,DISREGARDING OTHER TRAFFIC SIGNS,1600,W,TAYLOR ST,,NO INDICATION OF INJURY,0,0,0,14,5,7,41.86937109,-87.66652853
7/3/2022 13:15,25,NO CONTROLS,CLEAR,DAYLIGHT,ONE-WAY,DRY,INJURY AND / OR TOW DUE TO CRASH,,FAILING TO YIELD RIGHT-OF-WAY,911,W,RANDOLPH ST,Y,"REPORTED, NOT EVIDENT",0,0,0,13,1,7,41.88424918,-87.65026421
04/21/2018 03:14:00 PM,30,NO CONTROLS,CLEAR,DAYLIGHT,DIVIDED - W/MEDIAN (NOT RAISED),DRY,NO INJURY / DRIVE AWAY,,UNABLE TO DETERMINE,903,W,ARMITAGE AVE,Y,NO INDICATION OF INJURY,0,0,0,15,7,4,41.91803154,-87.65108085
5/5/2018 16:04,30,STOP SIGN/FLASHER,CLEAR,DAYLIGHT,NOT DIVIDED,DRY,INJURY AND / OR TOW DUE TO CRASH,,FAILING TO YIELD RIGHT-OF-WAY,3741,E,110TH ST,,NONINCAPACITATING INJURY,0,0,1,16,7,5,41.69534867,-87.53244646
06/19/2022 09:48:00 PM,10,NO CONTROLS,CLEAR,"DARKNESS, LIGHTED ROAD",ONE-WAY,DRY,NO INJURY / DRIVE AWAY,Y,NOT APPLICABLE,7208,N,ROGERS AVE,,NO INDICATION OF INJURY,0,0,0,21,1,6,42.0127605,-87.68242726
07/18/2023 08:13:00 AM,25,STOP SIGN/FLASHER,CLEAR,DAYLIGHT,Y-INTERSECTION,DRY,INJURY AND / OR TOW DUE TO CRASH,,FAILING TO YIELD RIGHT-OF-WAY,1315,W,LAWRENCE AVE,,INCAPACITATING INJURY,0,1,0,8,3,7,41.96885646,-87.663557
07/15/2018 12:46:00 PM,30,TRAFFIC SIGNAL,CLEAR,DAYLIGHT,DIVIDED - W/MEDIAN (NOT RAISED),DRY,INJURY AND / OR TOW DUE TO CRASH,,DRIVING SKILLS/KNOWLEDGE/EXPERIENCE,50,E,16TH ST,,NONINCAPACITATING INJURY,0,0,1,12,1,7,41.86032362,-87.6253161
01/17/2017 09:10:00 PM,30,STOP SIGN/FLASHER,CLEAR,DARKNESS,DIVIDED - W/MEDIAN BARRIER,WET,NO INJURY / DRIVE AWAY,,FAILING TO YIELD RIGHT-OF-WAY,1831,S,HOMAN AVE,,NO INDICATION OF INJURY,0,0,0,21,3,1,41.85627869,-87.71010968
02/20/2021 12:10:00 PM,30,TRAFFIC SIGNAL,CLEAR,DAYLIGHT,FOUR WAY,UNKNOWN,INJURY AND / OR TOW DUE TO CRASH,,FAILING TO REDUCE SPEED TO AVOID CRASH,42,E,ADAMS ST,,INCAPACITATING INJURY,0,1,0,12,7,2,41.87962927,-87.62621191
05/13/2021 05:50:00 PM,30,NO CONTROLS,CLEAR,DAYLIGHT,NOT DIVIDED,DRY,NO INJURY / DRIVE AWAY,Y,UNABLE TO DETERMINE,2215,N,LINCOLN AVE,Y,NO INDICATION OF INJURY,0,0,0,17,5,5,41.92235041,-87.64422269
4/12/2017 17:30,30,TRAFFIC SIGNAL,CLEAR,DAYLIGHT,NOT DIVIDED,SNOW OR SLUSH,INJURY AND / OR TOW DUE TO CRASH,Y,FAILING TO YIELD RIGHT-OF-WAY,6800,N,CLARK ST,,NONINCAPACITATING INJURY,0,0,1,17,4,4,42.00536657,-87.67326201
6/11/2018 20:00,30,TRAFFIC SIGNAL,CLEAR,DARKNESS,CENTER TURN LANE,DRY,NO INJURY / DRIVE AWAY,Y,FAILING TO YIELD RIGHT-OF-WAY,340,S,SACRAMENTO BLVD,,NO INDICATION OF INJURY,0,0,0,20,2,6,41.8761276,-87.70123322
09/18/2021 09:34:00 PM,25,NO CONTROLS,CLEAR,"DARKNESS, LIGHTED ROAD",NOT DIVIDED,DRY,INJURY AND / OR TOW DUE TO CRASH,,DISTRACTION - FROM OUTSIDE VEHICLE,5521,N,CLARK ST,Y,NONINCAPACITATING INJURY,0,0,1,21,7,9,41.98233782,-87.66837894
05/14/2018 10:00:00 AM,30,NO CONTROLS,RAIN,DAYLIGHT,ONE-WAY,WET,NO INJURY / DRIVE AWAY,,UNABLE TO DETERMINE,5103,N,FRANCISCO AVE,,NO INDICATION OF INJURY,0,0,0,10,2,5,41.97412631,-87.70115515
08/23/2016 05:00:00 PM,25,STOP SIGN/FLASHER,CLEAR,DAYLIGHT,NOT DIVIDED,DRY,INJURY AND / OR TOW DUE TO CRASH,,UNABLE TO DETERMINE,3701,N,CLARK ST,,"REPORTED, NOT EVIDENT",0,0,0,17,3,8,41.9491234,-87.65789036
10/1/2020 10:00,30,TRAFFIC SIGNAL,CLEAR,DAYLIGHT,NOT DIVIDED,DRY,NO INJURY / DRIVE AWAY,,DISREGARDING TRAFFIC SIGNALS,100,E,43RD ST,,NO INDICATION OF INJURY,0,0,0,10,5,10,41.81665041,-87.62295313
06/23/2023 03:35:00 PM,30,NO CONTROLS,CLEAR,DAYLIGHT,NOT DIVIDED,DRY,NO INJURY / DRIVE AWAY,,UNABLE TO DETERMINE,5330,N,KEDZIE AVE,,NO INDICATION OF INJURY,0,0,0,15,6,6,41.97852786,-87.70889722
03/29/2019 04:25:00 PM,30,NO CONTROLS,CLEAR,DAYLIGHT,NOT DIVIDED,DRY,INJURY AND / OR TOW DUE TO CRASH,Y,FAILING TO YIELD RIGHT-OF-WAY,3402,W,26TH ST,Y,"REPORTED, NOT EVIDENT",0,0,0,16,6,3,41.84455767,-87.71006591
8/2/2022 18:30,30,NO CONTROLS,CLEAR,DAYLIGHT,DIVIDED - W/MEDIAN (NOT RAISED),DRY,INJURY AND / OR TOW DUE TO CRASH,,"VISION OBSCURED (SIGNS, TREE LIMBS, BUILDINGS, ETC.)",4315,N,LINCOLN AVE,,NONINCAPACITATING INJURY,0,0,1,18,3,8,41.96007747,-87.68274725
12/4/2022 14:20,30,TRAFFIC SIGNAL,CLEAR,DAYLIGHT,FOUR WAY,DRY,INJURY AND / OR TOW DUE TO CRASH,Y,UNABLE TO DETERMINE,5936,N,BROADWAY,N,NONINCAPACITATING INJURY,0,0,1,14,1,12,41.99010416,-87.66041636
06/18/2018 12:47:00 AM,30,TRAFFIC SIGNAL,CLEAR,"DARKNESS, LIGHTED ROAD",NOT DIVIDED,DRY,INJURY AND / OR TOW DUE TO CRASH,Y,UNABLE TO DETERMINE,859,N,KEDZIE AVE,,"REPORTED, NOT EVIDENT",0,0,0,0,2,6,41.89739644,-87.70646992
07/30/2022 12:29:00 AM,35,TRAFFIC SIGNAL,CLEAR,"DARKNESS, LIGHTED ROAD",NOT DIVIDED,DRY,NO INJURY / DRIVE AWAY,Y,UNABLE TO DETERMINE,4400,N,CUMBERLAND AVE,,NO INDICATION OF INJURY,0,0,0,0,7,7,41.95938646,-87.83684592
07/18/2020 07:42:00 PM,30,TRAFFIC SIGNAL,CLEAR,DAYLIGHT,DIVIDED - W/MEDIAN (NOT RAISED),DRY,INJURY AND / OR TOW DUE TO CRASH,Y,FAILING TO YIELD RIGHT-OF-WAY,1101,W,CHICAGO AVE,,NONINCAPACITATING INJURY,0,0,1,19,7,7,41.8961599,-87.65524378
05/23/2021 05:00:00 PM,30,STOP SIGN/FLASHER,CLEAR,DAYLIGHT,ONE-WAY,DRY,NO INJURY / DRIVE AWAY,,NOT APPLICABLE,4400,N,DRAKE AVE,,NO INDICATION OF INJURY,0,0,0,17,1,5,41.96117253,-87.71695856
7/9/2023 12:10,30,NO CONTROLS,CLEAR,DAYLIGHT,DIVIDED - W/MEDIAN (NOT RAISED),DRY,INJURY AND / OR TOW DUE TO CRASH,,UNABLE TO DETERMINE,1141,S,MORGAN ST,,NONINCAPACITATING INJURY,0,0,1,12,1,7,41.86715377,-87.6509024
06/13/2023 04:39:00 PM,30,STOP SIGN/FLASHER,RAIN,DAYLIGHT,NOT DIVIDED,WET,NO INJURY / DRIVE AWAY,Y,FAILING TO YIELD RIGHT-OF-WAY,2700,S,LAWNDALE AVE,,NO INDICATION OF INJURY,0,0,0,16,3,6,41.84242321,-87.7173239
09/15/2022 05:35:00 AM,30,TRAFFIC SIGNAL,CLEAR,DAYLIGHT,FOUR WAY,DRY,INJURY AND / OR TOW DUE TO CRASH,,FAILING TO YIELD RIGHT-OF-WAY,1000,S,RACINE AVE,,NONINCAPACITATING INJURY,0,0,1,5,5,9,41.86935557,-87.65690024
9/1/2023 17:45,25,UNKNOWN,CLEAR,DAYLIGHT,NOT DIVIDED,DRY,INJURY AND / OR TOW DUE TO CRASH,,UNABLE TO DETERMINE,1900,W,53RD ST,,NONINCAPACITATING INJURY,0,0,1,17,6,9,41.79773007,-87.67203958
8/10/2018 16:30,35,TRAFFIC SIGNAL,CLEAR,DAYLIGHT,NOT DIVIDED,DRY,NO INJURY / DRIVE AWAY,,FAILING TO REDUCE SPEED TO AVOID CRASH,8300,S,WESTERN AVE,,NO INDICATION OF INJURY,0,0,0,16,6,8,41.74272797,-87.68282479
12/26/2020 05:00:00 PM,25,NO CONTROLS,CLEAR,DUSK,NOT DIVIDED,DRY,NO INJURY / DRIVE AWAY,,UNABLE TO DETERMINE,1261,W,ARGYLE ST,Y,NO INDICATION OF INJURY,0,0,0,17,7,12,41.97252593,-87.66219618
9/9/2017 2:34,30,NO CONTROLS,CLEAR,"DARKNESS, LIGHTED ROAD",NOT DIVIDED,DRY,INJURY AND / OR TOW DUE TO CRASH,,DRIVING SKILLS/KNOWLEDGE/EXPERIENCE,4157,N,CLARENDON AVE,Y,NONINCAPACITATING INJURY,0,0,1,2,7,9,41.95727987,-87.64963277
9/4/2022 22:22,30,NO CONTROLS,UNKNOWN,"DARKNESS, LIGHTED ROAD",DIVIDED - W/MEDIAN (NOT RAISED),UNKNOWN,NO INJURY / DRIVE AWAY,Y,IMPROPER OVERTAKING/PASSING,825,N,HALSTED ST,,NO INDICATION OF INJURY,0,0,0,22,1,9,41.89721988,-87.64764484
1/6/2021 20:15,30,NO CONTROLS,CLEAR,"DARKNESS, LIGHTED ROAD",NOT DIVIDED,DRY,INJURY AND / OR TOW DUE TO CRASH,Y,UNABLE TO DETERMINE,2958,N,BROADWAY,Y,NONINCAPACITATING INJURY,0,0,1,20,4,1,41.93646319,-87.64442422
10/27/2017 09:18:00 PM,30,NO CONTROLS,CLEAR,"DARKNESS, LIGHTED ROAD",NOT DIVIDED,DRY,INJURY AND / OR TOW DUE TO CRASH,,UNABLE TO DETERMINE,1700,N,HUMBOLDT BLVD,,INCAPACITATING INJURY,0,1,0,21,6,10,41.91222465,-87.70207672
6/9/2023 18:55,25,NO CONTROLS,CLEAR,DUSK,ALLEY,UNKNOWN,INJURY AND / OR TOW DUE TO CRASH,Y,UNABLE TO DETERMINE,6445,N,CLAREMONT AVE,,INCAPACITATING INJURY,0,1,0,18,6,6,41.99908238,-87.68855299
7/5/2019 18:05,30,TRAFFIC SIGNAL,CLEAR,DAYLIGHT,NOT DIVIDED,DRY,INJURY AND / OR TOW DUE TO CRASH,,FAILING TO YIELD RIGHT-OF-WAY,3500,W,55TH ST,,NONINCAPACITATING INJURY,0,0,1,18,6,7,41.79351317,-87.71101454
9/8/2020 17:38,30,NO CONTROLS,RAIN,DUSK,NOT DIVIDED,WET,INJURY AND / OR TOW DUE TO CRASH,,FAILING TO YIELD RIGHT-OF-WAY,1426,W,BELMONT AVE,Y,NONINCAPACITATING INJURY,0,0,1,17,3,9,41.93985761,-87.66492121
03/14/2022 12:44:00 PM,30,TRAFFIC SIGNAL,CLEAR,DAYLIGHT,NOT DIVIDED,DRY,INJURY AND / OR TOW DUE TO CRASH,N,DISREGARDING TRAFFIC SIGNALS,6399,W,BRYN MAWR AVE,,INCAPACITATING INJURY,0,1,0,12,2,3,41.98278847,-87.78767544
1/1/2020 17:02,30,NO CONTROLS,CLOUDY/OVERCAST,DUSK,NOT DIVIDED,DRY,INJURY AND / OR TOW DUE TO CRASH,,DRIVING ON WRONG SIDE/WRONG WAY,532,N,LARAMIE AVE,,NONINCAPACITATING INJURY,0,0,1,17,4,1,41.89001576,-87.75556629
03/25/2020 06:40:00 PM,30,NO CONTROLS,CLEAR,DAYLIGHT,DIVIDED - W/MEDIAN (NOT RAISED),DRY,INJURY AND / OR TOW DUE TO CRASH,,UNABLE TO DETERMINE,4015,S,ARCHER AVE,,INCAPACITATING INJURY,0,1,0,18,4,3,41.82067578,-87.69327632
8/1/2022 17:53,30,TRAFFIC SIGNAL,CLEAR,DAYLIGHT,FOUR WAY,DRY,INJURY AND / OR TOW DUE TO CRASH,Y,FAILING TO YIELD RIGHT-OF-WAY,6801,N,WESTERN AVE,,"REPORTED, NOT EVIDENT",0,0,0,17,2,8,42.00508007,-87.68992475
7/9/2021 14:00,30,TRAFFIC SIGNAL,CLEAR,DAYLIGHT,NOT DIVIDED,DRY,INJURY AND / OR TOW DUE TO CRASH,Y,NOT APPLICABLE,9300,S,JEFFERY AVE,,INCAPACITATING INJURY,0,1,0,14,6,7,41.72602285,-87.57559028
04/25/2019 05:04:00 AM,20,NO CONTROLS,CLEAR,DARKNESS,ONE-WAY,DRY,INJURY AND / OR TOW DUE TO CRASH,,UNABLE TO DETERMINE,6201,N,WINTHROP AVE,Y,"REPORTED, NOT EVIDENT",0,0,0,5,5,4,41.99462351,-87.65821064
9/5/2020 13:05,30,STOP SIGN/FLASHER,CLEAR,DAYLIGHT,NOT DIVIDED,DRY,INJURY AND / OR TOW DUE TO CRASH,,UNABLE TO DETERMINE,300,E,18TH ST,,NONINCAPACITATING INJURY,0,0,1,13,7,9,41.85803112,-87.62071056
08/25/2023 01:50:00 PM,30,TRAFFIC SIGNAL,CLEAR,DAYLIGHT,NOT DIVIDED,DRY,NO INJURY / DRIVE AWAY,Y,DRIVING SKILLS/KNOWLEDGE/EXPERIENCE,3232,W,ARMITAGE AVE,,NO INDICATION OF INJURY,0,0,0,13,6,8,41.91749347,-87.70834649
09/28/2015 09:30:00 PM,35,NO CONTROLS,CLEAR,"DARKNESS, LIGHTED ROAD",NOT DIVIDED,DRY,NO INJURY / DRIVE AWAY,,UNABLE TO DETERMINE,2732,W,DEVON AVE,,NO INDICATION OF INJURY,0,0,0,21,2,9,41.997689,-87.69849449
8/5/2019 20:15,35,STOP SIGN/FLASHER,CLEAR,DUSK,FOUR WAY,DRY,NO INJURY / DRIVE AWAY,,FAILING TO YIELD RIGHT-OF-WAY,10500,S,WALLACE ST,,NO INDICATION OF INJURY,0,0,0,20,2,8,41.70330788,-87.63801489
10/10/2020 12:25,30,NO CONTROLS,CLEAR,DAYLIGHT,NOT DIVIDED,DRY,INJURY AND / OR TOW DUE TO CRASH,Y,FAILING TO YIELD RIGHT-OF-WAY,3509,S,DR MARTIN LUTHER KING JR DR,,NONINCAPACITATING INJURY,0,0,1,12,7,10,41.83071126,-87.61680142
2/2/2020 13:30,30,UNKNOWN,CLEAR,DAYLIGHT,DIVIDED - W/MEDIAN (NOT RAISED),DRY,INJURY AND / OR TOW DUE TO CRASH,,NOT APPLICABLE,1352,N,MILWAUKEE AVE,,NONINCAPACITATING INJURY,0,0,1,13,1,2,41.90632473,-87.67135108
9/3/2022 12:30,30,NO CONTROLS,CLEAR,DAYLIGHT,DIVIDED - W/MEDIAN (NOT RAISED),DRY,INJURY AND / OR TOW DUE TO CRASH,Y,UNABLE TO DETERMINE,1815,W,47TH ST,,NONINCAPACITATING INJURY,0,0,1,12,7,9,41.80844108,-87.6705251
05/30/2018 02:38:00 PM,30,TRAFFIC SIGNAL,CLEAR,DAYLIGHT,NOT DIVIDED,DRY,INJURY AND / OR TOW DUE TO CRASH,,FAILING TO YIELD RIGHT-OF-WAY,5201,W,MONTROSE AVE,,NONINCAPACITATING INJURY,0,0,1,14,4,5,41.96048878,-87.75750754
09/30/2018 10:03:00 AM,30,NO CONTROLS,CLOUDY/OVERCAST,DAYLIGHT,ONE-WAY,DRY,INJURY AND / OR TOW DUE TO CRASH,,IMPROPER OVERTAKING/PASSING,525,W,JACKSON BLVD,,NONINCAPACITATING INJURY,0,0,1,10,1,9,41.87792003,-87.64072061
7/8/2020 8:00,30,NO CONTROLS,CLEAR,DAYLIGHT,NOT DIVIDED,DRY,INJURY AND / OR TOW DUE TO CRASH,,UNABLE TO DETERMINE,1641,N,WELLS ST,,NONINCAPACITATING INJURY,0,0,1,8,4,7,41.91236431,-87.63460041
06/29/2018 05:20:00 PM,30,NO CONTROLS,CLEAR,DAYLIGHT,DIVIDED - W/MEDIAN (NOT RAISED),DRY,INJURY AND / OR TOW DUE TO CRASH,,FAILING TO REDUCE SPEED TO AVOID CRASH,832,W,GRAND AVE,,INCAPACITATING INJURY,0,1,0,17,6,6,41.89127925,-87.64885094
08/16/2020 03:00:00 PM,30,NO CONTROLS,CLEAR,DAYLIGHT,NOT DIVIDED,DRY,INJURY AND / OR TOW DUE TO CRASH,,UNABLE TO DETERMINE,511,W,BELMONT AVE,,NONINCAPACITATING INJURY,0,0,1,15,1,8,41.93996613,-87.64245764
7/8/2019 16:58,30,STOP SIGN/FLASHER,CLEAR,DAWN,NOT DIVIDED,DRY,INJURY AND / OR TOW DUE TO CRASH,Y,FAILING TO REDUCE SPEED TO AVOID CRASH,6400,S,RACINE AVE,,INCAPACITATING INJURY,0,1,0,16,2,7,41.7776978,-87.65459435
4/3/2022 20:29,30,TRAFFIC SIGNAL,CLEAR,"DARKNESS, LIGHTED ROAD",DIVIDED - W/MEDIAN BARRIER,DRY,INJURY AND / OR TOW DUE TO CRASH,,"EVASIVE ACTION DUE TO ANIMAL, OBJECT, NONMOTORIST",5600,W,MADISON ST,N,NONINCAPACITATING INJURY,0,0,1,20,1,4,41.88035456,-87.76494814
11/4/2018 19:20,25,TRAFFIC SIGNAL,RAIN,"DARKNESS, LIGHTED ROAD",DIVIDED - W/MEDIAN (NOT RAISED),WET,INJURY AND / OR TOW DUE TO CRASH,,DRIVING SKILLS/KNOWLEDGE/EXPERIENCE,2402,W,NORTH AVE,,"REPORTED, NOT EVIDENT",0,0,0,19,1,11,41.91042882,-87.68736881
05/24/2023 07:20:00 PM,30,UNKNOWN,UNKNOWN,UNKNOWN,NOT DIVIDED,UNKNOWN,NO INJURY / DRIVE AWAY,,NOT APPLICABLE,3715,N,HALSTED ST,,NO INDICATION OF INJURY,0,0,0,19,4,5,41.94955706,-87.6494093
11/5/2019 10:30,30,NO CONTROLS,CLEAR,DAYLIGHT,ONE-WAY,DRY,INJURY AND / OR TOW DUE TO CRASH,,FAILING TO REDUCE SPEED TO AVOID CRASH,200,N,DEARBORN ST,,NONINCAPACITATING INJURY,0,0,1,10,3,11,41.88579631,-87.62964615