CRASH_DATE,POSTED_SPEED_LIMIT,TRAFFIC_CONTROL_DEVICE,WEATHER_CONDITION,LIGHTING_CONDITION,TRAFFICWAY_TYPE,ROADWAY_SURFACE_COND,CRASH_TYPE,HIT_AND_RUN_I,PRIM_CONTRIBUTORY_CAUSE,STREET_NO,STREET_DIRECTION,STREET_NAME,DOORING_I,MOST_SEVERE_INJURY,INJURIES_FATAL,INJURIES_INCAPACITATING,INJURIES_NON_INCAPACITATING,CRASH_HOUR,CRASH_DAY_OF_WEEK,CRASH_MONTH,LATITUDE,LONGITUDE
8/6/2020 9:00,30,NO CONTROLS,CLEAR,DAYLIGHT,NOT DIVIDED,DRY,NO INJURY / DRIVE AWAY,,NOT APPLICABLE,4800,S,CORNELL AVE,,NO INDICATION OF INJURY,0,0,0,9,5,8,41.80790303,-87.58915684
7/6/2019 21:20,30,NO CONTROLS,CLEAR,"DARKNESS, LIGHTED ROAD",NOT DIVIDED,DRY,INJURY AND / OR TOW DUE TO CRASH,Y,FAILING TO REDUCE SPEED TO AVOID CRASH,7450,S,MAY ST,,NONINCAPACITATING INJURY,0,0,1,21,7,7,41.7582275,-87.65287674
06/17/2021 04:40:00 PM,30,TRAFFIC SIGNAL,CLEAR,DAYLIGHT,DIVIDED - W/MEDIAN BARRIER,DRY,INJURY AND / OR TOW DUE TO CRASH,,FAILING TO YIELD RIGHT-OF-WAY,1200,S,WESTERN AVE,,"REPORTED, NOT EVIDENT",0,0,0,16,5,6,41.86655006,-87.68618329
06/19/2022 01:30:00 PM,25,NO CONTROLS,CLEAR,DAYLIGHT,ONE-WAY,DRY,NO INJURY / DRIVE AWAY,Y,UNABLE TO DETERMINE,1426,W,SCHOOL ST,,NO INDICATION OF INJURY,0,0,0,13,1,6,41.94168549,-87.66497028
06/25/2020 10:00:00 AM,30,TRAFFIC SIGNAL,CLEAR,DAYLIGHT,FOUR WAY,DRY,NO INJURY / DRIVE AWAY,,UNABLE TO DETERMINE,2000,W,DIVERSEY PKWY,,NO INDICATION OF INJURY,0,0,0,10,5,6,41.93239416,-87.67817303
10/2/2020 6:00,30,OTHER,CLEAR,"DARKNESS, LIGHTED ROAD",DIVIDED - W/MEDIAN (NOT RAISED),DRY,INJURY AND / OR TOW DUE TO CRASH,,IMPROPER LANE USAGE,2804,S,HALSTED ST,,NONINCAPACITATING INJURY,0,0,1,6,6,10,41.84330389,-87.64655459
6/1/2021 7:10,30,TRAFFIC SIGNAL,CLEAR,DAYLIGHT,NOT DIVIDED,DRY,NO INJURY / DRIVE AWAY,,FAILING TO YIELD RIGHT-OF-WAY,3751,N,BROADWAY,,NO INDICATION OF INJURY,0,0,0,7,3,6,41.95057652,-87.64906762
11/9/2020 8:53,30,STOP SIGN/FLASHER,CLEAR,DAYLIGHT,FOUR WAY,DRY,INJURY AND / OR TOW DUE TO CRASH,,DRIVING ON WRONG SIDE/WRONG WAY,3700,W,60TH ST,,NONINCAPACITATING INJURY,0,0,1,8,2,11,41.7843394,-87.71567946
09/25/2023 01:30:00 PM,30,NO CONTROLS,RAIN,DAYLIGHT,NOT DIVIDED,WET,INJURY AND / OR TOW DUE TO CRASH,,FAILING TO YIELD RIGHT-OF-WAY,2163,N,CLYBOURN AVE,Y,INCAPACITATING INJURY,0,1,0,13,2,9,41.92070429,-87.66292326
07/28/2021 11:52:00 PM,30,NO CONTROLS,CLEAR,DARKNESS,DIVIDED - W/MEDIAN BARRIER,DRY,INJURY AND / OR TOW DUE TO CRASH,Y,UNABLE TO DETERMINE,11933,S,HALSTED ST,,INCAPACITATING INJURY,0,1,0,23,4,7,41.67682177,-87.64172883
06/18/2021 04:28:00 PM,30,UNKNOWN,CLEAR,DAYLIGHT,ONE-WAY,DRY,NO INJURY / DRIVE AWAY,Y,IMPROPER OVERTAKING/PASSING,2301,W,BERWYN AVE,,NO INDICATION OF INJURY,0,0,0,16,6,6,41.97763424,-87.68687686
06/27/2018 06:32:00 PM,30,STOP SIGN/FLASHER,CLEAR,DAYLIGHT,NOT DIVIDED,DRY,INJURY AND / OR TOW DUE TO CRASH,,"VISION OBSCURED (SIGNS, TREE LIMBS, BUILDINGS, ETC.)",4500,N,ASHLAND AVE,,NONINCAPACITATING INJURY,0,0,1,18,4,6,41.96350329,-87.6694528
07/23/2018 09:00:00 AM,30,NO CONTROLS,CLEAR,DAYLIGHT,NOT DIVIDED,DRY,INJURY AND / OR TOW DUE TO CRASH,,FAILING TO YIELD RIGHT-OF-WAY,2328,N,MILWAUKEE AVE,,NONINCAPACITATING INJURY,0,0,1,9,2,7,41.92339507,-87.69837902
05/30/2023 06:00:00 PM,30,NO CONTROLS,CLEAR,DAYLIGHT,NOT DIVIDED,DRY,INJURY AND / OR TOW DUE TO CRASH,,UNABLE TO DETERMINE,1273,N,MILWAUKEE AVE,Y,NONINCAPACITATING INJURY,0,0,1,18,3,5,41.90498112,-87.66878475
5/5/2023 19:40,30,NO CONTROLS,CLEAR,DAYLIGHT,NOT DIVIDED,DRY,INJURY AND / OR TOW DUE TO CRASH,Y,UNABLE TO DETERMINE,906,N,HOMAN AVE,,INCAPACITATING INJURY,0,1,0,19,6,5,41.89753125,-87.71164787
10/20/2018 09:53:00 AM,30,NO CONTROLS,CLEAR,DAYLIGHT,DIVIDED - W/MEDIAN (NOT RAISED),DRY,INJURY AND / OR TOW DUE TO CRASH,,UNABLE TO DETERMINE,2243,N,ELSTON AVE,,NONINCAPACITATING INJURY,0,0,1,9,7,10,41.92239405,-87.67341284
08/21/2023 05:11:00 AM,30,UNKNOWN,UNKNOWN,UNKNOWN,NOT DIVIDED,UNKNOWN,INJURY AND / OR TOW DUE TO CRASH,Y,UNABLE TO DETERMINE,1511,N,WELLS ST,,INCAPACITATING INJURY,0,1,0,5,2,8,41.90953405,-87.63451194
11/11/2019 12:00,30,STOP SIGN/FLASHER,SNOW,DAYLIGHT,FOUR WAY,SNOW OR SLUSH,NO INJURY / DRIVE AWAY,,WEATHER,1500,E,54TH ST,,NO INDICATION OF INJURY,0,0,0,12,2,11,41.79819184,-87.58899632
8/3/2021 16:20,30,NO CONTROLS,CLEAR,DAYLIGHT,NOT DIVIDED,DRY,INJURY AND / OR TOW DUE TO CRASH,,UNABLE TO DETERMINE,1598,W,MADISON ST,,NONINCAPACITATING INJURY,0,0,1,16,3,8,41.88156553,-87.66676849
07/14/2017 08:00:00 PM,30,NO CONTROLS,CLEAR,DAYLIGHT,ONE-WAY,DRY,NO INJURY / DRIVE AWAY,,FAILING TO YIELD RIGHT-OF-WAY,3524,N,LONG AVE,,NO INDICATION OF INJURY,0,0,0,20,6,7,41.94491343,-87.76194922
8/11/2022 11:30,30,TRAFFIC SIGNAL,CLEAR,DAYLIGHT,FOUR WAY,DRY,NO INJURY / DRIVE AWAY,,DISREGARDING TRAFFIC SIGNALS,8700,S,COTTAGE GROVE AVE,,NO INDICATION OF INJURY,0,0,0,11,5,8,41.73660156,-87.6049681
04/27/2019 03:10:00 AM,25,NO CONTROLS,CLEAR,"DARKNESS, LIGHTED ROAD",NOT DIVIDED,DRY,INJURY AND / OR TOW DUE TO CRASH,,UNABLE TO DETERMINE,5998,N,NAVARRE AVE,,NONINCAPACITATING INJURY,0,0,1,3,7,4,41.98985813,-87.79236523
09/23/2016 03:15:00 PM,30,NO CONTROLS,CLEAR,DAYLIGHT,NOT DIVIDED,DRY,NO INJURY / DRIVE AWAY,,"OPERATING VEHICLE IN ERRATIC, RECKLESS, CARELESS, NEGLIGENT OR AGGRESSIVE MANNER",945,W,MONTROSE AVE,,NO INDICATION OF INJURY,0,0,0,15,6,9,41.96167791,-87.65409924
10/1/2022 21:56,30,NO CONTROLS,CLEAR,"DARKNESS, LIGHTED ROAD",NOT DIVIDED,DRY,INJURY AND / OR TOW DUE TO CRASH,,UNABLE TO DETERMINE,4209,N,MILWAUKEE AVE,,INCAPACITATING INJURY,0,1,0,21,7,10,41.957342,-87.75145657
9/3/2017 12:32,10,NO CONTROLS,CLEAR,DAYLIGHT,PARKING LOT,DRY,INJURY AND / OR TOW DUE TO CRASH,,UNABLE TO DETERMINE,3510,S,RHODES AVE,Y,NONINCAPACITATING INJURY,0,0,1,12,1,9,41.83083812,-87.61462489
10/2/2021 20:41,30,TRAFFIC SIGNAL,CLEAR,"DARKNESS, LIGHTED ROAD",NOT DIVIDED,DRY,INJURY AND / OR TOW DUE TO CRASH,Y,DISREGARDING TRAFFIC SIGNALS,800,W,ARMITAGE AVE,,"REPORTED, NOT EVIDENT",0,0,0,20,7,10,41.91828897,-87.64857135
8/6/2018 18:04,30,STOP SIGN/FLASHER,CLEAR,DAYLIGHT,ONE-WAY,DRY,INJURY AND / OR TOW DUE TO CRASH,,UNABLE TO DETERMINE,1500,W,ELMDALE AVE,,NONINCAPACITATING INJURY,0,0,1,18,2,8,41.99093654,-87.66772353
9/10/2020 19:05,30,UNKNOWN,UNKNOWN,UNKNOWN,NOT DIVIDED,UNKNOWN,INJURY AND / OR TOW DUE TO CRASH,,UNABLE TO DETERMINE,106,N,HALSTED ST,Y,NONINCAPACITATING INJURY,0,0,1,19,5,9,41.88338398,-87.6475552
09/15/2017 10:59:00 AM,30,NO CONTROLS,CLEAR,DAYLIGHT,OTHER,DRY,NO INJURY / DRIVE AWAY,,FAILING TO YIELD RIGHT-OF-WAY,5638,N,WINTHROP AVE,,NO INDICATION OF INJURY,0,0,0,10,6,9,41.98482257,-87.65819943
1/8/2018 14:17,35,TRAFFIC SIGNAL,CLEAR,DAYLIGHT,DIVIDED - W/MEDIAN (NOT RAISED),WET,INJURY AND / OR TOW DUE TO CRASH,,UNABLE TO DETERMINE,1600,N,PULASKI RD,,NONINCAPACITATING INJURY,0,0,1,14,2,1,41.90997501,-87.72648052
8/10/2018 17:30,35,STOP SIGN/FLASHER,CLEAR,DAYLIGHT,NOT DIVIDED,DRY,NO INJURY / DRIVE AWAY,,UNABLE TO DETERMINE,1304,W,CORTLAND ST,,NO INDICATION OF INJURY,0,0,0,17,6,8,41.91719946,-87.66038688
8/5/2019 20:15,30,TRAFFIC SIGNAL,CLEAR,"DARKNESS, LIGHTED ROAD",NOT DIVIDED,DRY,INJURY AND / OR TOW DUE TO CRASH,,UNABLE TO DETERMINE,300,S,HALSTED ST,,NO INDICATION OF INJURY,0,0,0,20,2,8,41.87791475,-87.64738828
7/8/2023 7:45,30,STOP SIGN/FLASHER,RAIN,DAYLIGHT,FOUR WAY,WET,INJURY AND / OR TOW DUE TO CRASH,,UNABLE TO DETERMINE,6200,S,MOZART ST,,NONINCAPACITATING INJURY,0,0,1,7,7,7,41.78082814,-87.69480601
02/23/2019 06:54:00 PM,30,NO CONTROLS,CLEAR,"DARKNESS, LIGHTED ROAD",DIVIDED - W/MEDIAN (NOT RAISED),WET,INJURY AND / OR TOW DUE TO CRASH,,UNABLE TO DETERMINE,1045,W,ROOSEVELT RD,N,NONINCAPACITATING INJURY,0,0,1,18,7,2,41.86695119,-87.65276607
09/13/2018 05:11:00 PM,25,TRAFFIC SIGNAL,CLEAR,DAYLIGHT,NOT DIVIDED,DRY,INJURY AND / OR TOW DUE TO CRASH,,UNABLE TO DETERMINE,10700,S,LONGWOOD DR,,"REPORTED, NOT EVIDENT",0,0,0,17,5,9,41.69915455,-87.67137302
12/14/2022 06:57:00 PM,20,NO CONTROLS,RAIN,DARKNESS,ONE-WAY,WET,INJURY AND / OR TOW DUE TO CRASH,,UNABLE TO DETERMINE,340,N,CLARK ST,,NONINCAPACITATING INJURY,0,0,1,18,4,12,41.88852671,-87.63119137
10/6/2017 17:52,30,NO CONTROLS,RAIN,DUSK,DIVIDED - W/MEDIAN (NOT RAISED),WET,INJURY AND / OR TOW DUE TO CRASH,,FAILING TO YIELD RIGHT-OF-WAY,7159,W,WRIGHTWOOD AVE,,INCAPACITATING INJURY,0,1,0,17,6,10,41.92703383,-87.80508036
08/16/2019 01:25:00 PM,30,NO CONTROLS,CLEAR,DAYLIGHT,NOT DIVIDED,DRY,INJURY AND / OR TOW DUE TO CRASH,,UNABLE TO DETERMINE,2880,N,ELSTON AVE,,NONINCAPACITATING INJURY,0,0,1,13,6,8,41.93375869,-87.69030795
5/12/2021 8:36,30,UNKNOWN,CLEAR,DAYLIGHT,NOT DIVIDED,DRY,NO INJURY / DRIVE AWAY,Y,FAILING TO YIELD RIGHT-OF-WAY,5100,S,LAKE PARK AVE,,NO INDICATION OF INJURY,0,0,0,8,4,5,41.80237973,-87.58797941
08/18/2021 07:50:00 AM,30,STOP SIGN/FLASHER,CLEAR,DAYLIGHT,NOT DIVIDED,DRY,INJURY AND / OR TOW DUE TO CRASH,,FAILING TO YIELD RIGHT-OF-WAY,1763,N,KIMBALL AVE,,NONINCAPACITATING INJURY,0,0,1,7,4,8,41.91364839,-87.71165275
10/4/2018 23:45,30,NO CONTROLS,CLEAR,"DARKNESS, LIGHTED ROAD",NOT DIVIDED,DRY,NO INJURY / DRIVE AWAY,,FAILING TO YIELD RIGHT-OF-WAY,753,E,79TH ST,,NO INDICATION OF INJURY,0,0,0,23,5,10,41.75117222,-87.6055255
7/7/2018 15:40,30,NO CONTROLS,CLEAR,DAYLIGHT,ONE-WAY,DRY,INJURY AND / OR TOW DUE TO CRASH,,DRIVING ON WRONG SIDE/WRONG WAY,3640,W,AINSLIE ST,,NONINCAPACITATING INJURY,0,0,1,15,7,7,41.97026106,-87.71998247
06/28/2022 08:30:00 AM,30,STOP SIGN/FLASHER,CLEAR,DAYLIGHT,NOT DIVIDED,DRY,INJURY AND / OR TOW DUE TO CRASH,Y,FAILING TO YIELD RIGHT-OF-WAY,1200,W,PRATT BLVD,,NONINCAPACITATING INJURY,0,0,1,8,3,6,42.00564799,-87.66105872
7/7/2021 17:20,30,TRAFFIC SIGNAL,CLEAR,DAYLIGHT,FOUR WAY,DRY,INJURY AND / OR TOW DUE TO CRASH,Y,FAILING TO REDUCE SPEED TO AVOID CRASH,2516,S,BLUE ISLAND AVE,,"REPORTED, NOT EVIDENT",0,0,0,17,4,7,41.84679183,-87.6806281
8/12/2019 16:15,30,TRAFFIC SIGNAL,RAIN,DAYLIGHT,DIVIDED - W/MEDIAN BARRIER,WET,NO INJURY / DRIVE AWAY,,FAILING TO YIELD RIGHT-OF-WAY,500,S,DEARBORN ST,,NO INDICATION OF INJURY,0,0,0,16,2,8,41.87556911,-87.62938323
4/7/2022 18:19,30,NO CONTROLS,RAIN,DAYLIGHT,NOT DIVIDED,WET,INJURY AND / OR TOW DUE TO CRASH,,UNABLE TO DETERMINE,3408,S,HALSTED ST,,"REPORTED, NOT EVIDENT",0,0,0,18,5,4,41.83247132,-87.64629105
6/12/2019 17:44,25,STOP SIGN/FLASHER,SNOW,DAWN,ONE-WAY,WET,INJURY AND / OR TOW DUE TO CRASH,,UNABLE TO DETERMINE,2700,W,POTOMAC AVE,,NONINCAPACITATING INJURY,0,0,1,17,4,6,41.90488159,-87.6945881
10/19/2017 09:35:00 AM,30,NO CONTROLS,CLEAR,DAYLIGHT,NOT DIVIDED,DRY,INJURY AND / OR TOW DUE TO CRASH,,FAILING TO YIELD RIGHT-OF-WAY,6401,S,DR MARTIN LUTHER KING JR DR,Y,INCAPACITATING INJURY,0,1,0,9,5,10,41.7783346,-87.61543259
3/7/2019 6:29,15,NO CONTROLS,CLEAR,DAYLIGHT,DRIVEWAY,DRY,NO INJURY / DRIVE AWAY,,"VISION OBSCURED (SIGNS, TREE LIMBS, BUILDINGS, ETC.)",2444,N,PULASKI RD,,NO INDICATION OF INJURY,0,0,0,6,5,3,41.92571031,-87.72695368
10/11/2017 10:15,25,NO CONTROLS,RAIN,DAYLIGHT,NOT DIVIDED,WET,INJURY AND / OR TOW DUE TO CRASH,,UNABLE TO DETERMINE,599,W,KINZIE ST,,NONINCAPACITATING INJURY,0,0,1,10,4,10,41.88893983,-87.64279889
10/23/2023 03:24:00 PM,30,STOP SIGN/FLASHER,CLEAR,DAYLIGHT,CENTER TURN LANE,DRY,INJURY AND / OR TOW DUE TO CRASH,,DRIVING ON WRONG SIDE/WRONG WAY,2642,N,DAMEN AVE,N,"REPORTED, NOT EVIDENT",0,0,0,15,2,10,41.9297207,-87.67844958
1/1/2019 3:30,30,UNKNOWN,UNKNOWN,DARKNESS,NOT DIVIDED,UNKNOWN,NO INJURY / DRIVE AWAY,Y,UNABLE TO DETERMINE,3501,N,SHEFFIELD AVE,,NO INDICATION OF INJURY,0,0,0,3,3,1,41.94549015,-87.65412646
11/9/2021 7:30,30,TRAFFIC SIGNAL,CLEAR,DAYLIGHT,NOT DIVIDED,DRY,INJURY AND / OR TOW DUE TO CRASH,,UNABLE TO DETERMINE,1159,N,KOSTNER AVE,,NONINCAPACITATING INJURY,0,0,2,7,3,11,41.90247004,-87.73599709
06/28/2019 11:38:00 PM,30,NO CONTROLS,CLEAR,DARKNESS,DIVIDED - W/MEDIAN (NOT RAISED),DRY,INJURY AND / OR TOW DUE TO CRASH,,"OPERATING VEHICLE IN ERRATIC, RECKLESS, CARELESS, NEGLIGENT OR AGGRESSIVE MANNER",2062,N,MILWAUKEE AVE,,NONINCAPACITATING INJURY,0,0,1,23,6,6,41.9187007,-87.69070293
12/17/2020 09:03:00 AM,30,TRAFFIC SIGNAL,RAIN,DAYLIGHT,NOT DIVIDED,WET,INJURY AND / OR TOW DUE TO CRASH,,DISREGARDING OTHER TRAFFIC SIGNS,200,W,CHICAGO AVE,,NONINCAPACITATING INJURY,0,0,1,9,5,12,41.89670455,-87.63428013
09/16/2019 12:40:00 PM,30,TRAFFIC SIGNAL,CLEAR,DAYLIGHT,DIVIDED - W/MEDIAN (NOT RAISED),DRY,NO INJURY / DRIVE AWAY,Y,FAILING TO YIELD RIGHT-OF-WAY,161,N,CANAL ST,,NO INDICATION OF INJURY,0,0,0,12,2,9,41.8849565,-87.63966308
11/5/2021 9:45,30,TRAFFIC SIGNAL,CLEAR,DAYLIGHT,NOT DIVIDED,DRY,INJURY AND / OR TOW DUE TO CRASH,,UNABLE TO DETERMINE,4400,N,LINCOLN AVE,,NONINCAPACITATING INJURY,0,0,1,9,6,11,41.96142634,-87.6840214
7/12/2019 19:56,30,NO CONTROLS,CLEAR,DUSK,ONE-WAY,DRY,INJURY AND / OR TOW DUE TO CRASH,,FAILING TO YIELD RIGHT-OF-WAY,2600,S,EMERALD AVE,N,INCAPACITATING INJURY,0,1,0,19,6,7,41.84528971,-87.64538287
10/3/2022 23:10,30,STOP SIGN/FLASHER,CLEAR,"DARKNESS, LIGHTED ROAD",NOT DIVIDED,DRY,NO INJURY / DRIVE AWAY,,UNABLE TO DETERMINE,4600,N,LAKE SHORE DR NB,,NO INDICATION OF INJURY,0,0,0,23,2,10,41.96571849,-87.64747666
5/7/2019 17:45,30,NO CONTROLS,CLEAR,DAYLIGHT,NOT DIVIDED,DRY,NO INJURY / DRIVE AWAY,,FAILING TO YIELD RIGHT-OF-WAY,3119,N,SHEFFIELD AVE,,NO INDICATION OF INJURY,0,0,0,17,3,5,41.93866896,-87.6539155
4/4/2022 7:35,30,TRAFFIC SIGNAL,CLEAR,DAYLIGHT,NOT DIVIDED,WET,NO INJURY / DRIVE AWAY,,FOLLOWING TOO CLOSELY,4001,W,63RD ST,,NO INDICATION OF INJURY,0,0,0,7,2,4,41.77854787,-87.72281931
09/15/2019 02:50:00 PM,30,TRAFFIC SIGNAL,CLEAR,DAYLIGHT,"FIVE POINT, OR MORE",DRY,INJURY AND / OR TOW DUE TO CRASH,,FOLLOWING TOO CLOSELY,2400,W,BELMONT AVE,,NONINCAPACITATING INJURY,0,0,1,14,1,9,41.93957041,-87.68810786
12/10/2018 15:03,30,STOP SIGN/FLASHER,CLEAR,DAYLIGHT,NOT DIVIDED,DRY,NO INJURY / DRIVE AWAY,Y,UNABLE TO DETERMINE,3852,W,ARGYLE ST,,NO INDICATION OF INJURY,0,0,0,15,2,12,41.97202433,-87.7254168
08/15/2019 02:59:00 PM,30,NO CONTROLS,CLEAR,DAYLIGHT,DIVIDED - W/MEDIAN (NOT RAISED),DRY,NO INJURY / DRIVE AWAY,,FAILING TO YIELD RIGHT-OF-WAY,3149,W,63RD ST,,NO INDICATION OF INJURY,0,0,0,14,5,8,41.77886919,-87.70265128
12/17/2021 11:05:00 AM,30,TRAFFIC SIGNAL,CLEAR,DAWN,FOUR WAY,DRY,INJURY AND / OR TOW DUE TO CRASH,,FAILING TO REDUCE SPEED TO AVOID CRASH,1000,W,NORTH AVE,,INCAPACITATING INJURY,0,1,0,11,6,12,41.91094876,-87.65315955
12/18/2019 05:30:00 PM,25,NO CONTROLS,CLEAR,DAYLIGHT,DIVIDED - W/MEDIAN (NOT RAISED),DRY,INJURY AND / OR TOW DUE TO CRASH,Y,UNABLE TO DETERMINE,1145,N,WESTERN AVE,,"REPORTED, NOT EVIDENT",0,0,0,17,4,12,41.9025535,-87.6868677
07/19/2023 09:05:00 AM,30,TRAFFIC SIGNAL,CLEAR,DAYLIGHT,DIVIDED - W/MEDIAN (NOT RAISED),DRY,INJURY AND / OR TOW DUE TO CRASH,Y,IMPROPER TURNING/NO SIGNAL,728,W,ARMITAGE AVE,,"REPORTED, NOT EVIDENT",0,0,0,9,4,7,41.91830526,-87.64725521
05/21/2023 06:55:00 PM,25,NO CONTROLS,CLEAR,DUSK,ONE-WAY,UNKNOWN,INJURY AND / OR TOW DUE TO CRASH,Y,UNABLE TO DETERMINE,4732,W,BARRY AVE,,INCAPACITATING INJURY,0,1,0,18,1,5,41.93712937,-87.74569148
11/15/2019 02:05:00 PM,35,NO CONTROLS,CLEAR,DAYLIGHT,DIVIDED - W/MEDIAN (NOT RAISED),DRY,INJURY AND / OR TOW DUE TO CRASH,,IMPROPER TURNING/NO SIGNAL,9510,S,STATE ST,,NONINCAPACITATING INJURY,0,0,1,14,6,11,41.72128669,-87.623867
08/14/2018 11:15:00 PM,30,TRAFFIC SIGNAL,CLEAR,"DARKNESS, LIGHTED ROAD",DIVIDED - W/MEDIAN (NOT RAISED),DRY,INJURY AND / OR TOW DUE TO CRASH,,DISREGARDING TRAFFIC SIGNALS,799,N,STATE ST,,NONINCAPACITATING INJURY,0,0,1,23,3,8,41.89662942,-87.62805131
01/23/2022 11:59:00 AM,30,TRAFFIC SIGNAL,SNOW,DAYLIGHT,NOT DIVIDED,SNOW OR SLUSH,INJURY AND / OR TOW DUE TO CRASH,Y,UNABLE TO DETERMINE,200,E,41ST ST,,NONINCAPACITATING INJURY,0,0,1,11,1,1,41.82028036,-87.62142795
8/7/2020 13:53,35,TRAFFIC SIGNAL,CLEAR,DAYLIGHT,NOT DIVIDED,DRY,INJURY AND / OR TOW DUE TO CRASH,,"OPERATING VEHICLE IN ERRATIC, RECKLESS, CARELESS, NEGLIGENT OR AGGRESSIVE MANNER",3999,W,IRVING PARK RD,,INCAPACITATING INJURY,0,1,0,13,6,8,41.95353894,-87.72755316
08/17/2020 02:20:00 PM,30,TRAFFIC SIGNAL,CLEAR,DAYLIGHT,FOUR WAY,DRY,INJURY AND / OR TOW DUE TO CRASH,Y,FAILING TO YIELD RIGHT-OF-WAY,1801,W,LAWRENCE AVE,,NONINCAPACITATING INJURY,0,0,1,14,2,8,41.96870406,-87.67481803
08/23/2018 06:39:00 PM,30,STOP SIGN/FLASHER,CLEAR,DAYLIGHT,DIVIDED - W/MEDIAN BARRIER,DRY,INJURY AND / OR TOW DUE TO CRASH,Y,UNABLE TO DETERMINE,3199,N,KOLMAR AVE,,NONINCAPACITATING INJURY,0,0,1,18,5,8,41.93882364,-87.74055652
8/3/2022 14:32,30,NO CONTROLS,CLEAR,DAYLIGHT,NOT DIVIDED,UNKNOWN,NO INJURY / DRIVE AWAY,,UNABLE TO DETERMINE,334,E,51ST ST,,NO INDICATION OF INJURY,0,0,0,14,4,8,41.80218461,-87.61804058
06/28/2022 07:57:00 PM,30,POLICE/FLAGMAN,CLEAR,DAYLIGHT,FOUR WAY,DRY,INJURY AND / OR TOW DUE TO CRASH,,DISREGARDING OTHER TRAFFIC SIGNS,800,W,ADDISON ST,,INCAPACITATING INJURY,0,1,0,19,3,6,41.94742642,-87.64954043
7/1/2017 13:22,30,NO CONTROLS,CLEAR,DAYLIGHT,NOT DIVIDED,DRY,NO INJURY / DRIVE AWAY,,UNABLE TO DETERMINE,5040,W,GRAND AVE,,NO INDICATION OF INJURY,0,0,0,13,7,7,41.91652785,-87.75228706
6/4/2019 17:53,30,NO CONTROLS,CLEAR,DAYLIGHT,T-INTERSECTION,DRY,INJURY AND / OR TOW DUE TO CRASH,,DRIVING ON WRONG SIDE/WRONG WAY,630,W,44TH ST,,INCAPACITATING INJURY,0,1,0,17,3,6,41.81452568,-87.64210659
8/2/2022 20:40,30,TRAFFIC SIGNAL,CLEAR,"DARKNESS, LIGHTED ROAD",DIVIDED - W/MEDIAN (NOT RAISED),DRY,INJURY AND / OR TOW DUE TO CRASH,,IMPROPER TURNING/NO SIGNAL,2397,N,MILWAUKEE AVE,,INCAPACITATING INJURY,0,1,0,20,3,8,41.92481674,-87.7002345
1/11/2021 12:26,30,NO CONTROLS,CLOUDY/OVERCAST,DAYLIGHT,NOT DIVIDED,DRY,INJURY AND / OR TOW DUE TO CRASH,,DRIVING SKILLS/KNOWLEDGE/EXPERIENCE,230,N,WABASH AVE,Y,NONINCAPACITATING INJURY,0,0,1,12,2,1,41.88647958,-87.62646484
9/9/2022 16:40,30,NO CONTROLS,CLEAR,DAYLIGHT,OTHER,OTHER,NO INJURY / DRIVE AWAY,,"DISTRACTION - OTHER ELECTRONIC DEVICE (NAVIGATION DEVICE, DVD PLAYER, ETC.)",2050,W,51ST ST,,NO INDICATION OF INJURY,0,0,0,16,6,9,41.80131717,-87.67654081
05/22/2023 06:19:00 PM,30,NO CONTROLS,CLEAR,DAYLIGHT,NOT DIVIDED,DRY,INJURY AND / OR TOW DUE TO CRASH,,FOLLOWING TOO CLOSELY,4800,W,DIVERSEY AVE,,NONINCAPACITATING INJURY,0,0,1,18,2,5,41.93164142,-87.74671991
2/8/2023 11:00,30,TRAFFIC SIGNAL,CLEAR,DAYLIGHT,DIVIDED - W/MEDIAN (NOT RAISED),DRY,INJURY AND / OR TOW DUE TO CRASH,,NOT APPLICABLE,205,W,95TH ST,,INCAPACITATING INJURY,0,1,0,11,4,2,41.72154741,-87.62889295
09/30/2017 01:11:00 PM,30,STOP SIGN/FLASHER,CLEAR,DAYLIGHT,DIVIDED - W/MEDIAN (NOT RAISED),DRY,INJURY AND / OR TOW DUE TO CRASH,,FAILING TO YIELD RIGHT-OF-WAY,1100,W,GRANVILLE AVE,,NONINCAPACITATING INJURY,0,0,1,13,7,9,41.9946852,-87.65839813
09/28/2022 07:30:00 AM,30,NO CONTROLS,CLEAR,DAYLIGHT,DIVIDED - W/MEDIAN (NOT RAISED),DRY,NO INJURY / DRIVE AWAY,,NOT APPLICABLE,525,W,VAN BUREN ST,,NO INDICATION OF INJURY,0,0,0,7,4,9,41.87664684,-87.64069512
11/15/2019 12:59:00 PM,30,NO CONTROLS,CLEAR,DAYLIGHT,NOT DIVIDED,DRY,INJURY AND / OR TOW DUE TO CRASH,,UNABLE TO DETERMINE,4547,N,BROADWAY,,"REPORTED, NOT EVIDENT",0,0,0,12,6,11,41.96498065,-87.6570432
07/30/2018 03:22:00 PM,30,STOP SIGN/FLASHER,CLEAR,DAYLIGHT,ONE-WAY,DRY,INJURY AND / OR TOW DUE TO CRASH,,FAILING TO YIELD RIGHT-OF-WAY,6401,W,DAKIN ST,,NONINCAPACITATING INJURY,0,0,1,15,2,7,41.95159677,-87.78662713