CRASH_DATE,POSTED_SPEED_LIMIT,TRAFFIC_CONTROL_DEVICE,WEATHER_CONDITION,LIGHTING_CONDITION,TRAFFICWAY_TYPE,ROADWAY_SURFACE_COND,CRASH_TYPE,HIT_AND_RUN_I,PRIM_CONTRIBUTORY_CAUSE,STREET_NO,STREET_DIRECTION,STREET_NAME,DOORING_I,MOST_SEVERE_INJURY,INJURIES_FATAL,INJURIES_INCAPACITATING,INJURIES_NON_INCAPACITATING,CRASH_HOUR,CRASH_DAY_OF_WEEK,CRASH_MONTH,LATITUDE,LONGITUDE
10/31/2018 05:55:00 PM,30,LANE USE MARKING,CLEAR,"DARKNESS, LIGHTED ROAD",DIVIDED - W/MEDIAN (NOT RAISED),DRY,INJURY AND / OR TOW DUE TO CRASH,,UNABLE TO DETERMINE,3410,N,HALSTED ST,Y,NONINCAPACITATING INJURY,0,0,1,17,4,10,41.94397531,-87.64953258
02/23/2020 06:53:00 AM,35,TRAFFIC SIGNAL,CLEAR,DAYLIGHT,FOUR WAY,DRY,INJURY AND / OR TOW DUE TO CRASH,Y,DRIVING SKILLS/KNOWLEDGE/EXPERIENCE,3900,S,STATE ST,,NONINCAPACITATING INJURY,0,0,1,6,1,2,41.82362966,-87.62657307
9/4/2019 8:15,30,OTHER,CLEAR,DAYLIGHT,ONE-WAY,DRY,INJURY AND / OR TOW DUE TO CRASH,,UNABLE TO DETERMINE,71,S,WACKER DR,,NONINCAPACITATING INJURY,0,0,1,8,4,9,41.88071758,-87.63658911
09/30/2017 02:00:00 PM,30,STOP SIGN/FLASHER,CLEAR,DAYLIGHT,NOT DIVIDED,DRY,NO INJURY / DRIVE AWAY,Y,FOLLOWING TOO CLOSELY,6232,N,HOYNE AVE,,NO INDICATION OF INJURY,0,0,0,14,7,9,41.99516849,-87.68258409
03/22/2020 12:02:00 AM,30,NO CONTROLS,CLEAR,"DARKNESS, LIGHTED ROAD",NOT DIVIDED,DRY,NO INJURY / DRIVE AWAY,Y,UNABLE TO DETERMINE,6839,W,HAYES AVE,,NO INDICATION OF INJURY,0,0,0,0,1,3,41.99988384,-87.79870045
10/13/2019 03:35:00 PM,35,TRAFFIC SIGNAL,CLEAR,DAYLIGHT,NOT DIVIDED,DRY,INJURY AND / OR TOW DUE TO CRASH,,IMPROPER LANE USAGE,2735,N,CLARK ST,Y,INCAPACITATING INJURY,0,2,0,15,1,10,41.93231824,-87.64465065
7/12/2019 16:05,30,NO CONTROLS,CLEAR,DAYLIGHT,NOT DIVIDED,DRY,INJURY AND / OR TOW DUE TO CRASH,Y,FAILING TO REDUCE SPEED TO AVOID CRASH,1300,N,KILDARE AVE,,NONINCAPACITATING INJURY,0,0,1,16,6,7,41.90440498,-87.73388169
10/22/2021 05:13:00 PM,30,NO CONTROLS,CLEAR,DAYLIGHT,DIVIDED - W/MEDIAN BARRIER,DRY,INJURY AND / OR TOW DUE TO CRASH,,UNABLE TO DETERMINE,1830,N,MILWAUKEE AVE,Y,NONINCAPACITATING INJURY,0,0,1,17,6,10,41.91460002,-87.6842056
9/1/2019 12:20,30,STOP SIGN/FLASHER,CLEAR,DAYLIGHT,DIVIDED - W/MEDIAN (NOT RAISED),DRY,INJURY AND / OR TOW DUE TO CRASH,Y,UNABLE TO DETERMINE,2154,W,18TH ST,,NONINCAPACITATING INJURY,0,0,1,12,1,9,41.85771833,-87.68067161
9/11/2021 12:10,20,STOP SIGN/FLASHER,CLEAR,DAYLIGHT,ONE-WAY,UNKNOWN,NO INJURY / DRIVE AWAY,,UNABLE TO DETERMINE,6501,N,CLARK ST,,NO INDICATION OF INJURY,0,0,0,12,7,9,41.99998802,-87.67109449
12/14/2018 01:00:00 PM,30,STOP SIGN/FLASHER,CLEAR,DAYLIGHT,NOT DIVIDED,DRY,NO INJURY / DRIVE AWAY,,UNABLE TO DETERMINE,2000,W,SCHOOL ST,N,NO INDICATION OF INJURY,0,0,0,13,6,12,41.9415058,-87.67846743
9/10/2016 17:14,30,TRAFFIC SIGNAL,CLEAR,DAYLIGHT,NOT DIVIDED,DRY,INJURY AND / OR TOW DUE TO CRASH,,DISREGARDING TRAFFIC SIGNALS,2000,E,MARQUETTE DR,,INCAPACITATING INJURY,0,1,0,17,7,9,41.77576988,-87.57634735
8/3/2018 13:05,30,STOP SIGN/FLASHER,CLEAR,DAYLIGHT,NOT DIVIDED,DRY,INJURY AND / OR TOW DUE TO CRASH,,UNABLE TO DETERMINE,827,W,JACKSON BLVD,,NONINCAPACITATING INJURY,0,0,1,13,6,8,41.87782142,-87.64834988
5/7/2022 18:22,30,NO CONTROLS,UNKNOWN,UNKNOWN,NOT DIVIDED,UNKNOWN,INJURY AND / OR TOW DUE TO CRASH,Y,UNABLE TO DETERMINE,1756,W,CHICAGO AVE,Y,INCAPACITATING INJURY,0,1,0,18,7,5,41.89610573,-87.67194771
7/7/2021 14:40,30,TRAFFIC SIGNAL,CLEAR,DAYLIGHT,NOT DIVIDED,DRY,INJURY AND / OR TOW DUE TO CRASH,Y,IMPROPER TURNING/NO SIGNAL,7501,S,JEFFERY BLVD,,NONINCAPACITATING INJURY,0,0,1,14,4,7,41.75878729,-87.57599349
06/28/2020 06:49:00 PM,30,TRAFFIC SIGNAL,CLEAR,DAYLIGHT,DIVIDED - W/MEDIAN (NOT RAISED),DRY,INJURY AND / OR TOW DUE TO CRASH,Y,FAILING TO YIELD RIGHT-OF-WAY,8310,S,LAWNDALE AVE,,FATAL,1,0,0,18,1,6,41.74190769,-87.7145079
06/16/2021 08:00:00 PM,40,UNKNOWN,CLEAR,DAYLIGHT,NOT DIVIDED,DRY,NO INJURY / DRIVE AWAY,,UNABLE TO DETERMINE,400,E,MONROE DR,,NO INDICATION OF INJURY,0,0,0,20,4,6,41.88102972,-87.61728157
06/18/2019 04:30:00 PM,30,STOP SIGN/FLASHER,CLEAR,DAYLIGHT,ONE-WAY,DRY,NO INJURY / DRIVE AWAY,,UNABLE TO DETERMINE,2758,S,TRUMBULL AVE,,NO INDICATION OF INJURY,0,0,0,16,3,6,41.84086722,-87.71117999
09/25/2019 11:10:00 AM,30,TRAFFIC SIGNAL,CLEAR,DAYLIGHT,FOUR WAY,DRY,INJURY AND / OR TOW DUE TO CRASH,,IMPROPER LANE USAGE,6401,N,CLARK ST,,NONINCAPACITATING INJURY,0,0,1,11,4,9,41.99814572,-87.67046302
02/23/2020 12:17:00 PM,30,TRAFFIC SIGNAL,CLEAR,DAYLIGHT,ONE-WAY,DRY,INJURY AND / OR TOW DUE TO CRASH,,IMPROPER TURNING/NO SIGNAL,599,N,FRANKLIN ST,,NONINCAPACITATING INJURY,0,0,1,12,1,2,41.89233016,-87.63544807
05/31/2021 11:44:00 AM,30,STOP SIGN/FLASHER,CLOUDY/OVERCAST,DAYLIGHT,OTHER,DRY,INJURY AND / OR TOW DUE TO CRASH,,UNABLE TO DETERMINE,3227,N,CENTRAL AVE,,NONINCAPACITATING INJURY,0,0,2,11,2,5,41.93944557,-87.76638349
02/21/2018 08:30:00 AM,30,NO CONTROLS,CLEAR,DAYLIGHT,DIVIDED - W/MEDIAN BARRIER,DRY,NO INJURY / DRIVE AWAY,,UNABLE TO DETERMINE,1650,W,ARMITAGE AVE,,NO INDICATION OF INJURY,0,0,0,8,4,2,41.91801803,-87.66951934
06/23/2019 08:53:00 PM,30,NO CONTROLS,RAIN,"DARKNESS, LIGHTED ROAD",DIVIDED - W/MEDIAN BARRIER,WET,NO INJURY / DRIVE AWAY,Y,UNABLE TO DETERMINE,5224,S,LAKE PARK AVE,,NO INDICATION OF INJURY,0,0,0,20,1,6,41.80028432,-87.58752839
08/31/2020 03:00:00 PM,30,STOP SIGN/FLASHER,CLEAR,DAYLIGHT,T-INTERSECTION,DRY,INJURY AND / OR TOW DUE TO CRASH,Y,UNABLE TO DETERMINE,228,S,CICERO AVE,,NONINCAPACITATING INJURY,0,0,1,15,2,8,41.87770598,-87.74532535
3/4/2022 19:30,30,UNKNOWN,CLEAR,UNKNOWN,NOT DIVIDED,UNKNOWN,INJURY AND / OR TOW DUE TO CRASH,Y,UNABLE TO DETERMINE,2900,N,MILWAUKEE AVE,,NONINCAPACITATING INJURY,0,0,1,19,6,3,41.9340271,-87.71576662
10/4/2023 19:30,25,STOP SIGN/FLASHER,CLEAR,"DARKNESS, LIGHTED ROAD",FOUR WAY,DRY,INJURY AND / OR TOW DUE TO CRASH,,UNABLE TO DETERMINE,5357,W,WAVELAND AVE,,INCAPACITATING INJURY,0,1,0,19,4,10,41.94766102,-87.76169375
11/3/2017 16:33,30,TRAFFIC SIGNAL,CLEAR,DAYLIGHT,DIVIDED - W/MEDIAN (NOT RAISED),DRY,INJURY AND / OR TOW DUE TO CRASH,,IMPROPER OVERTAKING/PASSING,559,W,47TH ST,,NONINCAPACITATING INJURY,0,0,2,16,6,11,41.80884448,-87.64055307
5/8/2018 15:00,35,UNKNOWN,CLEAR,DAYLIGHT,NOT DIVIDED,DRY,INJURY AND / OR TOW DUE TO CRASH,N,IMPROPER TURNING/NO SIGNAL,6700,S,CALIFORNIA AVE,,NONINCAPACITATING INJURY,0,0,1,15,3,5,41.77172918,-87.69334992
08/26/2023 11:20:00 AM,15,NO CONTROLS,CLEAR,DAYLIGHT,PARKING LOT,DRY,NO INJURY / DRIVE AWAY,,IMPROPER LANE USAGE,3350,N,WESTERN AVE,,NO INDICATION OF INJURY,0,0,0,11,7,8,41.9427472,-87.68835432
11/5/2021 15:32,25,STOP SIGN/FLASHER,CLEAR,DAYLIGHT,FOUR WAY,DRY,INJURY AND / OR TOW DUE TO CRASH,,DISREGARDING STOP SIGN,2600,W,FOSTER AVE,,NONINCAPACITATING INJURY,0,0,1,15,6,11,41.97596352,-87.69419959
02/28/2018 10:25:00 AM,30,NO CONTROLS,CLEAR,DAYLIGHT,NOT DIVIDED,DRY,INJURY AND / OR TOW DUE TO CRASH,N,UNABLE TO DETERMINE,1832,W,59TH ST,,INCAPACITATING INJURY,0,1,0,10,4,2,41.78678095,-87.67052053
1/4/2017 7:15,30,TRAFFIC SIGNAL,CLEAR,DAYLIGHT,NOT DIVIDED,DRY,INJURY AND / OR TOW DUE TO CRASH,,FAILING TO YIELD RIGHT-OF-WAY,500,S,COLUMBUS DR,,"REPORTED, NOT EVIDENT",0,0,0,7,4,1,41.87571103,-87.62073676
08/13/2019 07:00:00 PM,25,TRAFFIC SIGNAL,CLOUDY/OVERCAST,DAYLIGHT,DIVIDED - W/MEDIAN (NOT RAISED),WET,NO INJURY / DRIVE AWAY,,UNABLE TO DETERMINE,298,E,CHICAGO AVE,Y,NO INDICATION OF INJURY,0,0,0,19,3,8,41.89689341,-87.62044665
07/14/2023 10:10:00 AM,30,NO CONTROLS,CLEAR,DAYLIGHT,NOT DIVIDED,UNKNOWN,NO INJURY / DRIVE AWAY,,UNABLE TO DETERMINE,7113,W,ADDISON ST,Y,NO INDICATION OF INJURY,0,0,0,10,6,7,41.94521583,-87.80384259
9/7/2022 18:14,30,NO CONTROLS,CLEAR,DAYLIGHT,DIVIDED - W/MEDIAN (NOT RAISED),DRY,NO INJURY / DRIVE AWAY,,FAILING TO YIELD RIGHT-OF-WAY,7730,W,BELMONT AVE,,NO INDICATION OF INJURY,0,0,0,18,4,9,41.9379772,-87.82012845
08/30/2021 11:05:00 AM,35,TRAFFIC SIGNAL,CLEAR,DAYLIGHT,ONE-WAY,DRY,INJURY AND / OR TOW DUE TO CRASH,,UNABLE TO DETERMINE,536,W,RANDOLPH ST,,INCAPACITATING INJURY,0,1,0,11,2,8,41.88454722,-87.64120094
09/25/2019 06:15:00 PM,30,UNKNOWN,CLEAR,DUSK,NOT DIVIDED,DRY,NO INJURY / DRIVE AWAY,,IMPROPER TURNING/NO SIGNAL,3126,W,DIVERSEY AVE,,NO INDICATION OF INJURY,0,0,0,18,4,9,41.93214474,-87.70614224
09/17/2020 09:13:00 AM,35,NO CONTROLS,CLEAR,DAYLIGHT,DIVIDED - W/MEDIAN (NOT RAISED),DRY,NO INJURY / DRIVE AWAY,,UNABLE TO DETERMINE,2345,N,CLARK ST,,NO INDICATION OF INJURY,0,0,0,9,5,9,41.92496618,-87.63992602
11/5/2018 11:11,30,NO CONTROLS,CLOUDY/OVERCAST,DAYLIGHT,NOT DIVIDED,DRY,NO INJURY / DRIVE AWAY,Y,HAD BEEN DRINKING (USE WHEN ARREST IS NOT MADE),4600,S,ST LAWRENCE AVE,,NO INDICATION OF INJURY,0,0,0,11,2,11,41.81123302,-87.61164477
09/22/2022 08:15:00 AM,20,NO CONTROLS,CLEAR,DAYLIGHT,ALLEY,DRY,NO INJURY / DRIVE AWAY,,FAILING TO YIELD RIGHT-OF-WAY,2040,N,KEDZIE AVE,,NO INDICATION OF INJURY,0,0,0,8,5,9,41.91861613,-87.70715878
9/1/2019 9:25,30,NO CONTROLS,CLEAR,DAYLIGHT,NOT DIVIDED,DRY,INJURY AND / OR TOW DUE TO CRASH,,FAILING TO YIELD RIGHT-OF-WAY,1664,W,PRATT BLVD,,NONINCAPACITATING INJURY,0,0,1,9,1,9,42.00545449,-87.67245198
12/9/2021 15:00,30,NO CONTROLS,CLEAR,DAYLIGHT,NOT DIVIDED,DRY,INJURY AND / OR TOW DUE TO CRASH,,UNABLE TO DETERMINE,656,N,STATE ST,Y,NONINCAPACITATING INJURY,0,0,1,15,5,12,41.89402909,-87.62827987
9/4/2018 10:18,30,NO CONTROLS,CLEAR,DAYLIGHT,DIVIDED - W/MEDIAN (NOT RAISED),DRY,NO INJURY / DRIVE AWAY,Y,IMPROPER LANE USAGE,732,W,35TH ST,,NO INDICATION OF INJURY,0,0,0,10,3,9,41.83087496,-87.64495366
6/12/2017 0:45,30,NO CONTROLS,CLEAR,"DARKNESS, LIGHTED ROAD",DIVIDED - W/MEDIAN (NOT RAISED),DRY,NO INJURY / DRIVE AWAY,,UNABLE TO DETERMINE,4310,N,PULASKI RD,Y,NO INDICATION OF INJURY,0,0,0,0,2,6,41.95951355,-87.72793332
11/28/2020 05:20:00 PM,30,NO CONTROLS,CLEAR,"DARKNESS, LIGHTED ROAD",T-INTERSECTION,DRY,NO INJURY / DRIVE AWAY,,UNABLE TO DETERMINE,2226,N,MEADE AVE,Y,NO INDICATION OF INJURY,0,0,0,17,7,11,41.92096529,-87.77820026
09/15/2017 07:35:00 PM,30,STOP SIGN/FLASHER,CLEAR,DARKNESS,NOT DIVIDED,DRY,INJURY AND / OR TOW DUE TO CRASH,,IMPROPER LANE USAGE,3755,N,DAMEN AVE,Y,NONINCAPACITATING INJURY,0,0,1,19,6,9,41.95034006,-87.67850223
08/14/2018 06:00:00 PM,30,TRAFFIC SIGNAL,CLEAR,DAYLIGHT,NOT DIVIDED,DRY,NO INJURY / DRIVE AWAY,Y,IMPROPER OVERTAKING/PASSING,8100,S,COTTAGE GROVE AVE,,NO INDICATION OF INJURY,0,0,0,18,3,8,41.74753329,-87.6052788
6/11/2019 16:38,30,TRAFFIC SIGNAL,CLEAR,DAYLIGHT,FOUR WAY,DRY,INJURY AND / OR TOW DUE TO CRASH,,UNABLE TO DETERMINE,4400,W,DIVERSEY AVE,,INCAPACITATING INJURY,0,1,0,16,3,6,41.93177005,-87.7368781
04/27/2023 05:40:00 PM,30,TRAFFIC SIGNAL,CLEAR,DAYLIGHT,Y-INTERSECTION,DRY,INJURY AND / OR TOW DUE TO CRASH,,FOLLOWING TOO CLOSELY,833,N,MILWAUKEE AVE,,NONINCAPACITATING INJURY,0,0,1,17,5,4,41.89697817,-87.6563311
10/8/2018 8:25,20,STOP SIGN/FLASHER,CLEAR,DAYLIGHT,ONE-WAY,WET,NO INJURY / DRIVE AWAY,,IMPROPER TURNING/NO SIGNAL,5500,N,ARTESIAN AVE,,NO INDICATION OF INJURY,0,0,0,8,2,10,41.98145501,-87.69074284
02/23/2020 01:30:00 AM,30,UNKNOWN,CLEAR,DARKNESS,UNKNOWN,UNKNOWN,NO INJURY / DRIVE AWAY,,UNABLE TO DETERMINE,487,N,HALSTED ST,,NO INDICATION OF INJURY,0,0,0,1,1,2,41.89112692,-87.64747245
8/12/2018 0:50,30,TRAFFIC SIGNAL,CLEAR,"DARKNESS, LIGHTED ROAD",NOT DIVIDED,DRY,NO INJURY / DRIVE AWAY,Y,FOLLOWING TOO CLOSELY,400,S,MICHIGAN AVE,,NO INDICATION OF INJURY,0,0,0,0,1,8,41.87693801,-87.62443662
05/23/2018 08:00:00 AM,25,TRAFFIC SIGNAL,CLEAR,DAYLIGHT,NOT DIVIDED,DRY,NO INJURY / DRIVE AWAY,,UNABLE TO DETERMINE,2401,N,HALSTED ST,,NO INDICATION OF INJURY,0,0,0,8,4,5,41.92554753,-87.64861835
9/3/2023 15:20,30,NO CONTROLS,CLEAR,DAYLIGHT,NOT DIVIDED,DRY,INJURY AND / OR TOW DUE TO CRASH,Y,FAILING TO YIELD RIGHT-OF-WAY,2440,W,NORTH AVE,,"REPORTED, NOT EVIDENT",0,0,0,15,1,9,41.91041094,-87.68889916
6/3/2018 15:27,30,NO CONTROLS,CLEAR,DAYLIGHT,NOT DIVIDED,DRY,INJURY AND / OR TOW DUE TO CRASH,,DRIVING SKILLS/KNOWLEDGE/EXPERIENCE,2700,N,CANNON DR,,"REPORTED, NOT EVIDENT",0,0,0,15,1,6,41.93111447,-87.6373155
6/4/2022 21:30,30,NO CONTROLS,CLEAR,"DARKNESS, LIGHTED ROAD",NOT DIVIDED,DRY,NO INJURY / DRIVE AWAY,,UNABLE TO DETERMINE,2076,N,LINCOLN AVE,,NO INDICATION OF INJURY,0,0,0,21,7,6,41.91994103,-87.64128156
6/1/2018 9:47,35,NO CONTROLS,CLEAR,DAYLIGHT,NOT DIVIDED,DRY,INJURY AND / OR TOW DUE TO CRASH,,FAILING TO YIELD RIGHT-OF-WAY,2534,N,HALSTED ST,,NONINCAPACITATING INJURY,0,0,1,9,6,6,41.92828617,-87.64900868
06/23/2019 02:00:00 PM,15,NO CONTROLS,CLEAR,DAYLIGHT,PARKING LOT,DRY,INJURY AND / OR TOW DUE TO CRASH,Y,IMPROPER BACKING,800,N,KEDZIE AVE,,NONINCAPACITATING INJURY,0,0,1,14,1,6,41.89561531,-87.70670533
5/3/2023 15:28,30,TRAFFIC SIGNAL,CLEAR,DAYLIGHT,NOT DIVIDED,DRY,INJURY AND / OR TOW DUE TO CRASH,,FAILING TO YIELD RIGHT-OF-WAY,530,N,KINGSBURY ST,Y,NONINCAPACITATING INJURY,0,0,1,15,4,5,41.89140499,-87.6399778
10/26/2019 06:24:00 PM,30,TRAFFIC SIGNAL,RAIN,"DARKNESS, LIGHTED ROAD",FOUR WAY,WET,INJURY AND / OR TOW DUE TO CRASH,,NOT APPLICABLE,788,N,HOMAN AVE,,NONINCAPACITATING INJURY,0,0,1,18,7,10,41.89541263,-87.71158005
08/16/2016 08:15:00 AM,30,OTHER,CLEAR,DAYLIGHT,DIVIDED - W/MEDIAN (NOT RAISED),DRY,INJURY AND / OR TOW DUE TO CRASH,,DISTRACTION - FROM INSIDE VEHICLE,874,N,MILWAUKEE AVE,,FATAL,1,0,0,8,3,8,41.89773279,-87.65794394
09/19/2023 01:40:00 PM,30,UNKNOWN,RAIN,DAYLIGHT,NOT DIVIDED,WET,INJURY AND / OR TOW DUE TO CRASH,Y,UNABLE TO DETERMINE,3432,N,SHEFFIELD AVE,,NONINCAPACITATING INJURY,0,0,1,13,3,9,41.94441893,-87.65439047
06/16/2017 09:15:00 AM,30,NO CONTROLS,CLEAR,DAYLIGHT,ONE-WAY,DRY,NO INJURY / DRIVE AWAY,,UNABLE TO DETERMINE,225,S,CANAL ST,,NO INDICATION OF INJURY,0,0,0,9,6,6,41.87853128,-87.63942746
8/3/2023 15:22,30,STOP SIGN/FLASHER,CLEAR,DAYLIGHT,FOUR WAY,DRY,INJURY AND / OR TOW DUE TO CRASH,,DRIVING ON WRONG SIDE/WRONG WAY,3929,N,MAJOR AVE,,NONINCAPACITATING INJURY,0,0,1,15,5,8,41.95216216,-87.76926188
07/18/2019 09:15:00 AM,25,NO CONTROLS,RAIN,DAYLIGHT,DIVIDED - W/MEDIAN (NOT RAISED),WET,INJURY AND / OR TOW DUE TO CRASH,,FAILING TO YIELD RIGHT-OF-WAY,6112,N,CALIFORNIA AVE,,INCAPACITATING INJURY,0,1,0,9,5,7,41.9926085,-87.69961835
03/30/2021 01:03:00 PM,30,NO CONTROLS,CLEAR,DAYLIGHT,ALLEY,DRY,INJURY AND / OR TOW DUE TO CRASH,,DRIVING SKILLS/KNOWLEDGE/EXPERIENCE,1617,N,ASHLAND AVE,,NONINCAPACITATING INJURY,0,0,1,13,3,3,41.9111754,-87.66755825
09/16/2023 05:30:00 PM,30,STOP SIGN/FLASHER,CLEAR,DAYLIGHT,FOUR WAY,DRY,INJURY AND / OR TOW DUE TO CRASH,,UNABLE TO DETERMINE,7061,W,BELMONT AVE,,NONINCAPACITATING INJURY,0,0,1,17,7,9,41.93793154,-87.80367631
08/19/2017 12:30:00 AM,30,TRAFFIC SIGNAL,CLEAR,"DARKNESS, LIGHTED ROAD",NOT DIVIDED,DRY,INJURY AND / OR TOW DUE TO CRASH,Y,FAILING TO YIELD RIGHT-OF-WAY,1399,N,ASHLAND AVE,,"REPORTED, NOT EVIDENT",0,0,0,0,7,8,41.90691026,-87.66744073
8/1/2023 12:00,25,NO CONTROLS,CLEAR,DAYLIGHT,NOT DIVIDED,DRY,NO INJURY / DRIVE AWAY,Y,FAILING TO YIELD RIGHT-OF-WAY,3151,N,CENTRAL AVE,,NO INDICATION OF INJURY,0,0,0,12,3,8,41.93826029,-87.76634147
08/29/2020 09:00:00 AM,30,UNKNOWN,CLEAR,"DARKNESS, LIGHTED ROAD",DIVIDED - W/MEDIAN (NOT RAISED),DRY,INJURY AND / OR TOW DUE TO CRASH,,DRIVING SKILLS/KNOWLEDGE/EXPERIENCE,1911,S,MICHIGAN AVE,,NONINCAPACITATING INJURY,0,0,1,9,7,8,41.85627967,-87.62374907
06/16/2022 04:14:00 PM,30,NO CONTROLS,CLEAR,DAYLIGHT,NOT DIVIDED,DRY,NO INJURY / DRIVE AWAY,Y,UNABLE TO DETERMINE,785,N,LARRABEE ST,,NO INDICATION OF INJURY,0,0,0,16,5,6,41.89639165,-87.64281536
11/11/2018 11:30,30,TRAFFIC SIGNAL,CLEAR,DAYLIGHT,NOT DIVIDED,DRY,NO INJURY / DRIVE AWAY,,UNABLE TO DETERMINE,4100,N,CLARENDON AVE,,NO INDICATION OF INJURY,0,0,0,11,1,11,41.95608286,-87.64989278
08/30/2022 12:05:00 PM,20,NO CONTROLS,CLEAR,DAYLIGHT,PARKING LOT,DRY,INJURY AND / OR TOW DUE TO CRASH,,UNABLE TO DETERMINE,5352,S,ARCHER AVE,,NONINCAPACITATING INJURY,0,0,1,12,3,8,41.79888291,-87.74223287
08/15/2016 05:15:00 PM,25,TRAFFIC SIGNAL,CLEAR,DAYLIGHT,OTHER,DRY,NO INJURY / DRIVE AWAY,,NOT APPLICABLE,3800,W,ROOSEVELT RD,,NO INDICATION OF INJURY,0,0,0,17,2,8,41.86634859,-87.72019539
9/12/2016 16:05,30,NO CONTROLS,CLEAR,DAYLIGHT,DIVIDED - W/MEDIAN (NOT RAISED),DRY,INJURY AND / OR TOW DUE TO CRASH,,IMPROPER TURNING/NO SIGNAL,5958,N,KIMBALL AVE,,NONINCAPACITATING INJURY,0,0,1,16,2,9,41.99022648,-87.71412801
07/14/2019 11:00:00 PM,30,NO CONTROLS,CLEAR,"DARKNESS, LIGHTED ROAD",NOT DIVIDED,DRY,INJURY AND / OR TOW DUE TO CRASH,Y,"OPERATING VEHICLE IN ERRATIC, RECKLESS, CARELESS, NEGLIGENT OR AGGRESSIVE MANNER",2604,W,CHICAGO AVE,,INCAPACITATING INJURY,0,1,0,23,1,7,41.89580312,-87.69205524
10/3/2022 16:48,30,NO CONTROLS,CLEAR,DAYLIGHT,NOT DIVIDED,DRY,INJURY AND / OR TOW DUE TO CRASH,,FOLLOWING TOO CLOSELY,2311,N,LINCOLN AVE,,NONINCAPACITATING INJURY,0,0,1,16,2,10,41.92399547,-87.64652104
5/7/2018 23:00,30,TRAFFIC SIGNAL,CLEAR,"DARKNESS, LIGHTED ROAD",DIVIDED - W/MEDIAN (NOT RAISED),DRY,INJURY AND / OR TOW DUE TO CRASH,Y,"OPERATING VEHICLE IN ERRATIC, RECKLESS, CARELESS, NEGLIGENT OR AGGRESSIVE MANNER",111,E,WACKER DR,,NONINCAPACITATING INJURY,0,0,1,23,2,5,41.88807943,-87.62404737
11/21/2018 05:24:00 PM,30,NO CONTROLS,CLEAR,"DARKNESS, LIGHTED ROAD",NOT DIVIDED,DRY,NO INJURY / DRIVE AWAY,,UNABLE TO DETERMINE,1401,N,WELLS ST,Y,NO INDICATION OF INJURY,0,0,0,17,4,11,41.90774285,-87.63446079
6/5/2017 15:45,30,NO CONTROLS,CLEAR,DAYLIGHT,NOT DIVIDED,DRY,NO INJURY / DRIVE AWAY,,FAILING TO YIELD RIGHT-OF-WAY,4700,W,AUGUSTA BLVD,,NO INDICATION OF INJURY,0,0,0,15,2,6,41.89884527,-87.74374066
06/19/2020 04:15:00 PM,25,STOP SIGN/FLASHER,CLEAR,DAYLIGHT,NOT DIVIDED,DRY,INJURY AND / OR TOW DUE TO CRASH,,"VISION OBSCURED (SIGNS, TREE LIMBS, BUILDINGS, ETC.)",4800,N,MONTCLARE AVE,,NONINCAPACITATING INJURY,0,0,1,16,6,6,41.96837186,-87.80500532
09/26/2019 08:01:00 AM,30,NO CONTROLS,CLEAR,DAYLIGHT,NOT DIVIDED,DRY,INJURY AND / OR TOW DUE TO CRASH,,IMPROPER TURNING/NO SIGNAL,3760,N,HALSTED ST,,"REPORTED, NOT EVIDENT",0,0,0,8,5,9,41.95090116,-87.64977184
11/8/2019 9:20,30,TRAFFIC SIGNAL,CLEAR,DAYLIGHT,NOT DIVIDED,DRY,NO INJURY / DRIVE AWAY,Y,IMPROPER OVERTAKING/PASSING,1545,N,HALSTED ST,,NO INDICATION OF INJURY,0,0,0,9,6,11,41.909883,-87.64810144
10/5/2019 17:20,30,NO CONTROLS,RAIN,DAYLIGHT,NOT DIVIDED,WET,NO INJURY / DRIVE AWAY,,FAILING TO YIELD RIGHT-OF-WAY,3813,N,SOUTHPORT AVE,Y,NO INDICATION OF INJURY,0,0,0,17,7,10,41.95116858,-87.66398363
10/9/2018 19:45,30,TRAFFIC SIGNAL,CLEAR,"DARKNESS, LIGHTED ROAD",NOT DIVIDED,DRY,NO INJURY / DRIVE AWAY,,DRIVING ON WRONG SIDE/WRONG WAY,2401,N,HALSTED ST,,NO INDICATION OF INJURY,0,0,0,19,3,10,41.92554753,-87.64861835
09/27/2022 10:37:00 AM,35,NO CONTROLS,CLEAR,DAYLIGHT,NOT DIVIDED,DRY,INJURY AND / OR TOW DUE TO CRASH,Y,UNABLE TO DETERMINE,1328,E,75TH ST,,NONINCAPACITATING INJURY,0,0,1,10,3,9,41.75882294,-87.59207542
10/27/2021 10:40:00 AM,20,STOP SIGN/FLASHER,CLEAR,DAYLIGHT,ONE-WAY,DRY,INJURY AND / OR TOW DUE TO CRASH,Y,DISREGARDING STOP SIGN,1100,N,MOZART ST,,NONINCAPACITATING INJURY,0,0,1,10,4,10,41.9011845,-87.69823353