CRASH_DATE,POSTED_SPEED_LIMIT,TRAFFIC_CONTROL_DEVICE,WEATHER_CONDITION,LIGHTING_CONDITION,TRAFFICWAY_TYPE,ROADWAY_SURFACE_COND,CRASH_TYPE,HIT_AND_RUN_I,PRIM_CONTRIBUTORY_CAUSE,STREET_NO,STREET_DIRECTION,STREET_NAME,DOORING_I,MOST_SEVERE_INJURY,INJURIES_FATAL,INJURIES_INCAPACITATING,INJURIES_NON_INCAPACITATING,CRASH_HOUR,CRASH_DAY_OF_WEEK,CRASH_MONTH,LATITUDE,LONGITUDE
08/30/2022 04:15:00 PM,30,STOP SIGN/FLASHER,CLEAR,DAYLIGHT,FOUR WAY,DRY,INJURY AND / OR TOW DUE TO CRASH,,FAILING TO YIELD RIGHT-OF-WAY,9500,S,ESCANABA AVE,,INCAPACITATING INJURY,0,1,0,16,3,8,41.72264099,-87.55399161
4/9/2019 12:45,25,STOP SIGN/FLASHER,CLEAR,DAYLIGHT,DIVIDED - W/MEDIAN (NOT RAISED),DRY,INJURY AND / OR TOW DUE TO CRASH,Y,DISREGARDING STOP SIGN,500,E,WALDRON DR,,NONINCAPACITATING INJURY,0,0,1,12,3,4,41.86047176,-87.6138367
09/21/2022 04:50:00 PM,30,TRAFFIC SIGNAL,CLEAR,DAYLIGHT,DIVIDED - W/MEDIAN BARRIER,DRY,INJURY AND / OR TOW DUE TO CRASH,,UNABLE TO DETERMINE,5299,S,ASHLAND AVE,,NONINCAPACITATING INJURY,0,0,1,16,4,9,41.79776605,-87.66453561
06/18/2018 02:00:00 PM,30,NO CONTROLS,CLEAR,DAYLIGHT,PARKING LOT,DRY,INJURY AND / OR TOW DUE TO CRASH,,UNABLE TO DETERMINE,3201,W,ADDISON ST,,NONINCAPACITATING INJURY,0,0,1,14,2,6,41.94652053,-87.70787045
08/23/2018 08:30:00 AM,20,TRAFFIC SIGNAL,CLEAR,DAYLIGHT,DIVIDED - W/MEDIAN BARRIER,DRY,INJURY AND / OR TOW DUE TO CRASH,Y,UNABLE TO DETERMINE,2801,W,OGDEN AVE,,INCAPACITATING INJURY,0,1,0,8,5,8,41.86116964,-87.69582934
06/18/2018 11:00:00 AM,30,NO CONTROLS,CLEAR,DAYLIGHT,ONE-WAY,DRY,INJURY AND / OR TOW DUE TO CRASH,,UNABLE TO DETERMINE,1925,N,HAMLIN AVE,,NONINCAPACITATING INJURY,0,0,1,11,2,6,41.91617333,-87.72148928
09/28/2020 07:47:00 PM,25,TRAFFIC SIGNAL,CLEAR,"DARKNESS, LIGHTED ROAD",NOT DIVIDED,DRY,INJURY AND / OR TOW DUE TO CRASH,,UNABLE TO DETERMINE,3698,N,HALSTED ST,,NONINCAPACITATING INJURY,0,0,1,19,2,9,41.94902206,-87.64968534
6/9/2021 16:15,35,TRAFFIC SIGNAL,CLEAR,DAYLIGHT,FOUR WAY,DRY,INJURY AND / OR TOW DUE TO CRASH,,FAILING TO YIELD RIGHT-OF-WAY,6258,S,CICERO AVE,,NONINCAPACITATING INJURY,0,0,1,16,4,6,41.77851792,-87.74244219
7/7/2022 15:24,30,TRAFFIC SIGNAL,CLEAR,DAYLIGHT,FOUR WAY,DRY,INJURY AND / OR TOW DUE TO CRASH,Y,UNABLE TO DETERMINE,1601,W,DIVISION ST,,NONINCAPACITATING INJURY,0,0,1,15,5,7,41.90323582,-87.66755407
9/1/2023 12:59,30,NO CONTROLS,CLEAR,DAYLIGHT,NOT DIVIDED,DRY,INJURY AND / OR TOW DUE TO CRASH,,"VISION OBSCURED (SIGNS, TREE LIMBS, BUILDINGS, ETC.)",1700,N,KOLMAR AVE,,NONINCAPACITATING INJURY,0,0,1,12,6,9,41.91158559,-87.7400292
12/27/2021 09:10:00 AM,30,TRAFFIC SIGNAL,RAIN,DAYLIGHT,FOUR WAY,WET,NO INJURY / DRIVE AWAY,,FAILING TO YIELD RIGHT-OF-WAY,6300,S,MORGAN ST,,NO INDICATION OF INJURY,0,0,0,9,2,12,41.77958101,-87.64978713
05/16/2018 10:16:00 PM,35,NO CONTROLS,CLEAR,"DARKNESS, LIGHTED ROAD",NOT DIVIDED,DRY,NO INJURY / DRIVE AWAY,,IMPROPER TURNING/NO SIGNAL,1365,N,MILWAUKEE AVE,,NO INDICATION OF INJURY,0,0,0,22,4,5,41.90673205,-87.67153598
08/31/2022 09:00:00 AM,30,PEDESTRIAN CROSSING SIGN,CLEAR,DAYLIGHT,NOT DIVIDED,DRY,INJURY AND / OR TOW DUE TO CRASH,,UNABLE TO DETERMINE,2440,N,CLARK ST,,NONINCAPACITATING INJURY,0,0,1,9,4,8,41.92660482,-87.64125866
8/11/2022 17:30,30,NO CONTROLS,CLEAR,DAYLIGHT,NOT DIVIDED,DRY,INJURY AND / OR TOW DUE TO CRASH,,NOT APPLICABLE,3100,W,FOSTER AVE,,NONINCAPACITATING INJURY,0,0,1,17,5,8,41.975875,-87.7062975
9/2/2019 18:05,35,TRAFFIC SIGNAL,CLEAR,DAYLIGHT,NOT DIVIDED,DRY,INJURY AND / OR TOW DUE TO CRASH,,"VISION OBSCURED (SIGNS, TREE LIMBS, BUILDINGS, ETC.)",4758,W,MADISON ST,,NONINCAPACITATING INJURY,0,0,1,18,2,9,41.88060928,-87.74515764
09/17/2018 10:30:00 AM,30,TRAFFIC SIGNAL,CLEAR,DAYLIGHT,ONE-WAY,DRY,NO INJURY / DRIVE AWAY,,UNABLE TO DETERMINE,1236,N,HOYNE AVE,,NO INDICATION OF INJURY,0,0,0,10,2,9,41.90431794,-87.67988071
9/5/2022 0:23,30,TRAFFIC SIGNAL,CLEAR,"DARKNESS, LIGHTED ROAD",CENTER TURN LANE,DRY,INJURY AND / OR TOW DUE TO CRASH,Y,UNABLE TO DETERMINE,5100,S,KEDZIE AVE,,"REPORTED, NOT EVIDENT",0,0,0,0,2,9,41.80072726,-87.70391022
10/12/2020 18:15,30,NO CONTROLS,CLOUDY/OVERCAST,DAWN,NOT DIVIDED,DRY,INJURY AND / OR TOW DUE TO CRASH,,FAILING TO YIELD RIGHT-OF-WAY,4828,N,KIMBALL AVE,,INCAPACITATING INJURY,0,1,0,18,2,10,41.96928118,-87.71353638
06/16/2019 06:12:00 PM,30,NO CONTROLS,CLEAR,DAYLIGHT,NOT DIVIDED,DRY,INJURY AND / OR TOW DUE TO CRASH,,IMPROPER TURNING/NO SIGNAL,6501,W,HIGGINS AVE,,"REPORTED, NOT EVIDENT",0,0,0,18,1,6,41.97698439,-87.79039187
04/25/2023 11:20:00 AM,30,TRAFFIC SIGNAL,CLEAR,DAYLIGHT,DIVIDED - W/MEDIAN (NOT RAISED),WET,INJURY AND / OR TOW DUE TO CRASH,Y,FAILING TO YIELD RIGHT-OF-WAY,5201,W,DIVISION ST,,NONINCAPACITATING INJURY,0,0,1,11,3,4,41.90213864,-87.75583299
8/9/2018 23:00,35,TRAFFIC SIGNAL,CLEAR,"DARKNESS, LIGHTED ROAD",NOT DIVIDED,DRY,INJURY AND / OR TOW DUE TO CRASH,,FAILING TO REDUCE SPEED TO AVOID CRASH,3359,W,BELMONT AVE,N,NONINCAPACITATING INJURY,0,0,1,23,5,8,41.9391718,-87.71242426
10/24/2020 07:00:00 PM,20,TRAFFIC SIGNAL,CLEAR,"DARKNESS, LIGHTED ROAD",DIVIDED - W/MEDIAN (NOT RAISED),DRY,INJURY AND / OR TOW DUE TO CRASH,Y,IMPROPER OVERTAKING/PASSING,3580,N,CALIFORNIA AVE,,NONINCAPACITATING INJURY,0,0,1,19,7,10,41.94659165,-87.698176
11/1/2016 1:10,30,NO CONTROLS,CLEAR,"DARKNESS, LIGHTED ROAD",NOT DIVIDED,DRY,INJURY AND / OR TOW DUE TO CRASH,Y,IMPROPER LANE USAGE,2101,W,TAYLOR ST,N,NONINCAPACITATING INJURY,0,0,1,1,3,11,41.86896837,-87.67827156
3/1/2018 15:03,30,STOP SIGN/FLASHER,CLEAR,DAYLIGHT,ONE-WAY,DRY,NO INJURY / DRIVE AWAY,,EXCEEDING SAFE SPEED FOR CONDITIONS,5150,S,LA CROSSE AVE,,NO INDICATION OF INJURY,0,0,0,15,5,3,41.79874693,-87.74429044
10/30/2019 07:30:00 PM,30,NO CONTROLS,CLEAR,"DARKNESS, LIGHTED ROAD",NOT DIVIDED,DRY,NO INJURY / DRIVE AWAY,,"OPERATING VEHICLE IN ERRATIC, RECKLESS, CARELESS, NEGLIGENT OR AGGRESSIVE MANNER",2548,N,HALSTED ST,,NO INDICATION OF INJURY,0,0,0,19,4,10,41.92872348,-87.64902258
6/7/2019 20:50,30,NO CONTROLS,CLEAR,"DARKNESS, LIGHTED ROAD",DIVIDED - W/MEDIAN (NOT RAISED),DRY,INJURY AND / OR TOW DUE TO CRASH,Y,UNABLE TO DETERMINE,1645,W,59TH ST,N,INCAPACITATING INJURY,0,1,0,20,6,6,41.7866163,-87.666211
9/7/2020 15:00,30,TRAFFIC SIGNAL,CLEAR,DAYLIGHT,NOT DIVIDED,DRY,INJURY AND / OR TOW DUE TO CRASH,Y,UNABLE TO DETERMINE,356,W,ARMITAGE AVE,,NONINCAPACITATING INJURY,0,0,1,15,2,9,41.9184342,-87.63867839
10/13/2016 08:50:00 AM,30,NO CONTROLS,CLEAR,DAYLIGHT,NOT DIVIDED,DRY,INJURY AND / OR TOW DUE TO CRASH,,UNABLE TO DETERMINE,1,W,GRAND AVE,,NONINCAPACITATING INJURY,0,0,1,8,5,10,41.89155904,-87.62813938
11/5/2019 8:00,30,NO CONTROLS,CLEAR,DAYLIGHT,NOT DIVIDED,DRY,INJURY AND / OR TOW DUE TO CRASH,,FAILING TO YIELD RIGHT-OF-WAY,2443,W,FULLERTON AVE,,"REPORTED, NOT EVIDENT",0,0,0,8,3,11,41.92477387,-87.6893679
11/2/2018 9:50,20,STOP SIGN/FLASHER,CLEAR,DAYLIGHT,ONE-WAY,DRY,INJURY AND / OR TOW DUE TO CRASH,,UNABLE TO DETERMINE,5900,N,LINCOLN AVE,,NONINCAPACITATING INJURY,0,0,1,9,6,11,41.98821875,-87.70397132
08/30/2019 08:45:00 PM,30,TRAFFIC SIGNAL,CLEAR,"DARKNESS, LIGHTED ROAD",NOT DIVIDED,DRY,NO INJURY / DRIVE AWAY,Y,FAILING TO YIELD RIGHT-OF-WAY,5700,S,STATE ST,,NO INDICATION OF INJURY,0,0,0,20,6,8,41.79095262,-87.62575246
07/21/2017 05:56:00 PM,30,NO CONTROLS,CLOUDY/OVERCAST,DAYLIGHT,NOT DIVIDED,WET,INJURY AND / OR TOW DUE TO CRASH,Y,UNABLE TO DETERMINE,3555,N,ELSTON AVE,,"REPORTED, NOT EVIDENT",0,0,0,17,6,7,41.9459715,-87.70766368
06/28/2022 02:07:00 PM,30,TRAFFIC SIGNAL,CLEAR,DAYLIGHT,CENTER TURN LANE,DRY,NO INJURY / DRIVE AWAY,,UNABLE TO DETERMINE,3900,S,WALLACE ST,,NO INDICATION OF INJURY,0,0,0,14,3,6,41.82343237,-87.64120789
8/1/2023 19:35,30,TRAFFIC SIGNAL,CLEAR,DAYLIGHT,FOUR WAY,DRY,INJURY AND / OR TOW DUE TO CRASH,,UNABLE TO DETERMINE,3,N,MICHIGAN AVE,Y,INCAPACITATING INJURY,0,1,0,19,3,8,41.88221061,-87.6242217
7/7/2022 18:52,30,STOP SIGN/FLASHER,CLEAR,DAYLIGHT,NOT DIVIDED,DRY,INJURY AND / OR TOW DUE TO CRASH,,DISREGARDING STOP SIGN,1776,W,DEVON AVE,,INCAPACITATING INJURY,0,1,0,18,5,7,41.99810228,-87.67502718
06/24/2020 05:35:00 PM,30,OTHER,CLEAR,DAYLIGHT,PARKING LOT,DRY,INJURY AND / OR TOW DUE TO CRASH,,"VISION OBSCURED (SIGNS, TREE LIMBS, BUILDINGS, ETC.)",1316,E,53RD ST,,"REPORTED, NOT EVIDENT",0,0,0,17,4,6,41.79959148,-87.59429538
3/9/2020 12:07,30,NO CONTROLS,CLEAR,DAYLIGHT,DIVIDED - W/MEDIAN (NOT RAISED),WET,INJURY AND / OR TOW DUE TO CRASH,,UNABLE TO DETERMINE,900,S,CENTRAL PARK AVE,,"REPORTED, NOT EVIDENT",0,0,0,12,2,3,41.86988897,-87.71567998
12/22/2021 06:35:00 PM,30,NO CONTROLS,CLEAR,"DARKNESS, LIGHTED ROAD",NOT DIVIDED,DRY,NO INJURY / DRIVE AWAY,,UNABLE TO DETERMINE,1446,N,PAULINA ST,,NO INDICATION OF INJURY,0,0,0,18,4,12,41.90828934,-87.67021509
8/12/2020 12:35,30,NO CONTROLS,CLEAR,DAYLIGHT,DIVIDED - W/MEDIAN (NOT RAISED),DRY,INJURY AND / OR TOW DUE TO CRASH,,UNABLE TO DETERMINE,4804,W,47TH ST,,NONINCAPACITATING INJURY,0,0,1,12,4,8,41.80771157,-87.74341273
06/29/2021 09:24:00 PM,25,STOP SIGN/FLASHER,CLEAR,"DARKNESS, LIGHTED ROAD",NOT DIVIDED,DRY,INJURY AND / OR TOW DUE TO CRASH,,UNABLE TO DETERMINE,2643,W,ARMITAGE AVE,,NONINCAPACITATING INJURY,0,0,2,21,3,6,41.9174087,-87.69400543
8/2/2019 16:15,15,STOP SIGN/FLASHER,CLEAR,DAYLIGHT,PARKING LOT,DRY,NO INJURY / DRIVE AWAY,,NOT APPLICABLE,3500,N,KIMBALL AVE,,NO INDICATION OF INJURY,0,0,0,16,6,8,41.94488107,-87.71280509
06/27/2019 04:21:00 PM,30,NO CONTROLS,CLEAR,DAYLIGHT,DIVIDED - W/MEDIAN (NOT RAISED),DRY,INJURY AND / OR TOW DUE TO CRASH,,UNABLE TO DETERMINE,3432,N,LINCOLN AVE,Y,NONINCAPACITATING INJURY,0,0,1,16,5,6,41.9441144,-87.67192292
8/3/2021 16:55,30,TRAFFIC SIGNAL,CLEAR,DAYLIGHT,UNKNOWN INTERSECTION TYPE,DRY,INJURY AND / OR TOW DUE TO CRASH,Y,DISREGARDING TRAFFIC SIGNALS,530,N,LA SALLE DR,,NONINCAPACITATING INJURY,0,0,1,16,3,8,41.89168232,-87.63273071
09/17/2017 07:00:00 PM,30,NO CONTROLS,CLEAR,"DARKNESS, LIGHTED ROAD",NOT DIVIDED,DRY,INJURY AND / OR TOW DUE TO CRASH,,DISREGARDING STOP SIGN,3500,N,HALSTED ST,,NONINCAPACITATING INJURY,0,0,1,19,1,9,41.94550365,-87.64957851
10/5/2022 10:40,30,STOP SIGN/FLASHER,CLEAR,DAYLIGHT,DIVIDED - W/MEDIAN (NOT RAISED),DRY,NO INJURY / DRIVE AWAY,Y,FAILING TO YIELD RIGHT-OF-WAY,3408,S,HALSTED ST,,NO INDICATION OF INJURY,0,0,0,10,4,10,41.83247132,-87.64629105
06/21/2017 05:15:00 PM,30,NO CONTROLS,CLEAR,DAYLIGHT,NOT DIVIDED,DRY,NO INJURY / DRIVE AWAY,Y,UNABLE TO DETERMINE,2020,W,MONTROSE AVE,,NO INDICATION OF INJURY,0,0,0,17,4,6,41.96155579,-87.67986227
04/24/2023 08:40:00 AM,30,STOP SIGN/FLASHER,UNKNOWN,DAYLIGHT,DIVIDED - W/MEDIAN (NOT RAISED),UNKNOWN,NO INJURY / DRIVE AWAY,,UNABLE TO DETERMINE,522,N,MILWAUKEE AVE,,NO INDICATION OF INJURY,0,0,0,8,2,4,41.89173287,-87.64865419
10/25/2019 06:48:00 PM,30,STOP SIGN/FLASHER,CLEAR,DARKNESS,T-INTERSECTION,DRY,INJURY AND / OR TOW DUE TO CRASH,,DISREGARDING STOP SIGN,300,N,KILBOURN AVE,N,NONINCAPACITATING INJURY,0,0,1,18,6,10,41.88538569,-87.73823132
5/1/2018 15:45,30,NO CONTROLS,CLEAR,DAYLIGHT,DIVIDED - W/MEDIAN (NOT RAISED),DRY,INJURY AND / OR TOW DUE TO CRASH,,FAILING TO YIELD RIGHT-OF-WAY,5831,W,NORTH AVE,,INCAPACITATING INJURY,0,1,0,15,3,5,41.90919027,-87.77194139
03/13/2018 09:00:00 AM,0,NO CONTROLS,CLEAR,DAYLIGHT,ONE-WAY,DRY,INJURY AND / OR TOW DUE TO CRASH,,IMPROPER OVERTAKING/PASSING,599,S,DEARBORN ST,,"REPORTED, NOT EVIDENT",0,0,0,9,3,3,41.87459541,-87.62906394
09/20/2021 01:40:00 PM,30,TRAFFIC SIGNAL,UNKNOWN,UNKNOWN,T-INTERSECTION,UNKNOWN,NO INJURY / DRIVE AWAY,,UNABLE TO DETERMINE,725,S,STATE ST,,NO INDICATION OF INJURY,0,0,0,13,2,9,41.87248659,-87.62739892
06/28/2018 09:38:00 AM,30,TRAFFIC SIGNAL,CLEAR,DAYLIGHT,DIVIDED - W/MEDIAN BARRIER,DRY,INJURY AND / OR TOW DUE TO CRASH,,FAILING TO YIELD RIGHT-OF-WAY,5271,N,ELSTON AVE,N,NONINCAPACITATING INJURY,0,0,1,9,5,6,41.97684576,-87.75411282
05/26/2022 11:53:00 AM,30,TRAFFIC SIGNAL,CLEAR,DAYLIGHT,FOUR WAY,DRY,INJURY AND / OR TOW DUE TO CRASH,,DISREGARDING ROAD MARKINGS,200,S,DESPLAINES ST,,NONINCAPACITATING INJURY,0,0,1,11,5,5,41.87922377,-87.64418753
8/4/2018 12:00,30,NO CONTROLS,CLEAR,DAYLIGHT,DIVIDED - W/MEDIAN (NOT RAISED),DRY,INJURY AND / OR TOW DUE TO CRASH,,UNABLE TO DETERMINE,1625,N,DAMEN AVE,Y,"REPORTED, NOT EVIDENT",0,0,0,12,7,8,41.91121698,-87.67733344
08/14/2020 07:00:00 PM,30,STOP SIGN/FLASHER,CLEAR,DAYLIGHT,NOT DIVIDED,DRY,NO INJURY / DRIVE AWAY,Y,UNABLE TO DETERMINE,3200,S,NORMAL AVE,,NO INDICATION OF INJURY,0,0,0,19,6,8,41.83622622,-87.63907215
10/6/2017 18:40,30,TRAFFIC SIGNAL,RAIN,DUSK,NOT DIVIDED,WET,INJURY AND / OR TOW DUE TO CRASH,,IMPROPER TURNING/NO SIGNAL,1200,S,HALSTED ST,,"REPORTED, NOT EVIDENT",0,0,0,18,6,10,41.86712525,-87.64706481
8/10/2019 14:00,30,YIELD,CLEAR,DAYLIGHT,ONE-WAY,DRY,INJURY AND / OR TOW DUE TO CRASH,,DISTRACTION - FROM INSIDE VEHICLE,25,S,CLINTON ST,,NONINCAPACITATING INJURY,0,0,1,14,7,8,41.88104239,-87.64101956
8/11/2018 20:11,30,NO CONTROLS,CLEAR,DUSK,ONE-WAY,DRY,INJURY AND / OR TOW DUE TO CRASH,,NOT APPLICABLE,3099,W,WILSON AVE,Y,"REPORTED, NOT EVIDENT",0,0,0,20,7,8,41.96460909,-87.70584842
07/21/2021 04:35:00 PM,30,TRAFFIC SIGNAL,CLEAR,DAYLIGHT,NOT DIVIDED,DRY,INJURY AND / OR TOW DUE TO CRASH,,FOLLOWING TOO CLOSELY,1400,W,DIVERSEY PKWY,,NONINCAPACITATING INJURY,0,0,1,16,4,7,41.9325892,-87.66363145
8/9/2022 21:20,30,STOP SIGN/FLASHER,CLEAR,DARKNESS,FOUR WAY,DRY,INJURY AND / OR TOW DUE TO CRASH,,UNABLE TO DETERMINE,2000,S,DAMEN AVE,,NONINCAPACITATING INJURY,0,0,1,21,3,8,41.85490378,-87.67606604
09/24/2018 09:55:00 PM,30,NO CONTROLS,CLEAR,"DARKNESS, LIGHTED ROAD",NOT DIVIDED,DRY,NO INJURY / DRIVE AWAY,,FAILING TO YIELD RIGHT-OF-WAY,3120,W,BELMONT AVE,,NO INDICATION OF INJURY,0,0,0,21,2,9,41.93945587,-87.70576473
7/9/2018 16:41,30,TRAFFIC SIGNAL,CLEAR,DAYLIGHT,NOT DIVIDED,DRY,INJURY AND / OR TOW DUE TO CRASH,,DRIVING SKILLS/KNOWLEDGE/EXPERIENCE,3401,W,NORTH AVE,,"REPORTED, NOT EVIDENT",0,0,0,16,2,7,41.90994334,-87.71194978
05/20/2022 12:41:00 PM,30,DELINEATORS,CLEAR,DAYLIGHT,DIVIDED - W/MEDIAN (NOT RAISED),DRY,INJURY AND / OR TOW DUE TO CRASH,,FAILING TO YIELD RIGHT-OF-WAY,431,N,HALSTED ST,,NONINCAPACITATING INJURY,0,0,1,12,6,5,41.8900733,-87.64746235
11/2/2016 16:00,30,NO CONTROLS,RAIN,DAYLIGHT,DIVIDED - W/MEDIAN (NOT RAISED),WET,NO INJURY / DRIVE AWAY,,UNABLE TO DETERMINE,3399,N,SHEFFIELD AVE,Y,NO INDICATION OF INJURY,0,0,0,16,4,11,41.94348317,-87.6540684
7/6/2022 9:25,30,TRAFFIC SIGNAL,CLOUDY/OVERCAST,DAYLIGHT,NOT DIVIDED,OTHER,INJURY AND / OR TOW DUE TO CRASH,,IMPROPER LANE USAGE,5710,N,WAYNE AVE,,NONINCAPACITATING INJURY,0,0,1,9,4,7,41.98587447,-87.66336255
09/19/2020 02:36:00 PM,35,NO CONTROLS,CLEAR,DAYLIGHT,NOT DIVIDED,DRY,INJURY AND / OR TOW DUE TO CRASH,Y,UNABLE TO DETERMINE,1000,W,GRACE ST,,INCAPACITATING INJURY,0,1,0,14,7,9,41.95123328,-87.6545079
10/27/2019 08:20:00 PM,30,NO CONTROLS,CLEAR,"DARKNESS, LIGHTED ROAD",NOT DIVIDED,DRY,INJURY AND / OR TOW DUE TO CRASH,Y,IMPROPER OVERTAKING/PASSING,848,E,47TH ST,,NONINCAPACITATING INJURY,0,0,1,20,1,10,41.80966633,-87.60456511
10/11/2021 7:45,30,TRAFFIC SIGNAL,CLEAR,DAYLIGHT,DIVIDED - W/MEDIAN BARRIER,DRY,NO INJURY / DRIVE AWAY,,FAILING TO YIELD RIGHT-OF-WAY,825,N,MICHIGAN AVE,,NO INDICATION OF INJURY,0,0,0,7,2,10,41.8975267,-87.62398758
07/31/2022 04:15:00 PM,30,OTHER,CLEAR,DAYLIGHT,NOT DIVIDED,DRY,INJURY AND / OR TOW DUE TO CRASH,,DRIVING SKILLS/KNOWLEDGE/EXPERIENCE,2971,S,FEDERAL ST,,NONINCAPACITATING INJURY,0,0,1,16,1,7,41.83993923,-87.6288772
5/7/2019 11:37,30,NO CONTROLS,CLEAR,DAYLIGHT,ONE-WAY,WET,INJURY AND / OR TOW DUE TO CRASH,,FAILING TO REDUCE SPEED TO AVOID CRASH,210,W,RANDOLPH ST,,NONINCAPACITATING INJURY,0,0,1,11,3,5,41.88457762,-87.634249
1/10/2018 21:15,30,UNKNOWN,UNKNOWN,UNKNOWN,UNKNOWN,UNKNOWN,NO INJURY / DRIVE AWAY,,UNABLE TO DETERMINE,5600,W,ADDISON ST,,NO INDICATION OF INJURY,0,0,0,21,4,1,41.9459851,-87.76687995
07/17/2018 10:25:00 AM,30,STOP SIGN/FLASHER,CLEAR,DAYLIGHT,NOT DIVIDED,DRY,INJURY AND / OR TOW DUE TO CRASH,,IMPROPER TURNING/NO SIGNAL,340,W,KINZIE ST,,NONINCAPACITATING INJURY,0,0,1,10,3,7,41.88924144,-87.63702185
10/4/2019 9:50,30,TRAFFIC SIGNAL,CLOUDY/OVERCAST,DAYLIGHT,UNKNOWN,DRY,INJURY AND / OR TOW DUE TO CRASH,,UNABLE TO DETERMINE,8100,S,HALSTED ST,,INCAPACITATING INJURY,0,1,0,9,6,10,41.74690461,-87.64407715
9/6/2018 17:30,30,TRAFFIC SIGNAL,CLEAR,DAYLIGHT,ONE-WAY,DRY,INJURY AND / OR TOW DUE TO CRASH,,NOT APPLICABLE,5500,S,HOMAN AVE,,NONINCAPACITATING INJURY,0,0,1,17,5,9,41.79334892,-87.70860226
05/19/2022 05:03:00 PM,30,TRAFFIC SIGNAL,CLEAR,DAYLIGHT,FOUR WAY,DRY,INJURY AND / OR TOW DUE TO CRASH,,FAILING TO YIELD RIGHT-OF-WAY,134,W,GRAND AVE,Y,NONINCAPACITATING INJURY,0,0,1,17,5,5,41.89171546,-87.63251181
11/3/2018 16:05,20,TRAFFIC SIGNAL,CLEAR,DAYLIGHT,NOT DIVIDED,DRY,NO INJURY / DRIVE AWAY,,UNABLE TO DETERMINE,4300,S,ROCKWELL ST,,NO INDICATION OF INJURY,0,0,0,16,7,11,41.81552757,-87.68967103
06/28/2018 05:18:00 PM,30,TRAFFIC SIGNAL,CLEAR,DAYLIGHT,NOT DIVIDED,DRY,INJURY AND / OR TOW DUE TO CRASH,Y,UNABLE TO DETERMINE,805,W,66TH ST,,NONINCAPACITATING INJURY,0,0,1,17,5,6,41.77417985,-87.64486858
12/7/2016 18:45,30,TRAFFIC SIGNAL,CLEAR,"DARKNESS, LIGHTED ROAD",CENTER TURN LANE,DRY,INJURY AND / OR TOW DUE TO CRASH,,UNABLE TO DETERMINE,2400,W,LAWRENCE AVE,,"REPORTED, NOT EVIDENT",0,0,0,18,4,12,41.96872435,-87.68896873
08/18/2018 06:05:00 AM,30,NO CONTROLS,CLEAR,DAWN,DIVIDED - W/MEDIAN (NOT RAISED),DRY,NO INJURY / DRIVE AWAY,Y,DRIVING ON WRONG SIDE/WRONG WAY,3111,W,HARRISON ST,,NO INDICATION OF INJURY,0,0,0,6,7,8,41.8735967,-87.70396745
11/13/2017 04:15:00 PM,35,NO CONTROLS,CLEAR,DAYLIGHT,DIVIDED - W/MEDIAN BARRIER,DRY,INJURY AND / OR TOW DUE TO CRASH,Y,IMPROPER TURNING/NO SIGNAL,740,N,OGDEN AVE,,NONINCAPACITATING INJURY,0,0,1,16,2,11,41.8955426,-87.65542425
06/21/2023 11:45:00 AM,30,NO CONTROLS,CLEAR,DAYLIGHT,DIVIDED - W/MEDIAN BARRIER,DRY,INJURY AND / OR TOW DUE TO CRASH,,UNABLE TO DETERMINE,1732,W,IRVING PARK RD,,NONINCAPACITATING INJURY,0,0,1,11,4,6,41.95434855,-87.67270169
8/7/2020 18:00,30,NO CONTROLS,CLEAR,DAYLIGHT,ALLEY,DRY,INJURY AND / OR TOW DUE TO CRASH,,FAILING TO YIELD RIGHT-OF-WAY,11921,S,WALLACE ST,N,NONINCAPACITATING INJURY,0,0,1,18,6,8,41.67721411,-87.63692762
08/21/2022 01:45:00 PM,30,TRAFFIC SIGNAL,CLEAR,DAYLIGHT,FOUR WAY,DRY,INJURY AND / OR TOW DUE TO CRASH,,DRIVING SKILLS/KNOWLEDGE/EXPERIENCE,3200,W,OGDEN AVE,,NONINCAPACITATING INJURY,0,0,1,13,1,8,41.85805326,-87.70555564
2/4/2019 6:45,30,NO CONTROLS,CLEAR,DAWN,NOT DIVIDED,DRY,INJURY AND / OR TOW DUE TO CRASH,,UNABLE TO DETERMINE,1500,W,BERTEAU AVE,,NONINCAPACITATING INJURY,0,0,1,6,2,2,41.95808019,-87.66771989
9/12/2023 17:42,30,TRAFFIC SIGNAL,CLEAR,DAYLIGHT,NOT DIVIDED,DRY,NO INJURY / DRIVE AWAY,,FAILING TO YIELD RIGHT-OF-WAY,366,W,DIVISION ST,,NO INDICATION OF INJURY,0,0,0,17,3,9,41.9039038,-87.6382935
04/29/2022 05:30:00 PM,10,NO CONTROLS,CLEAR,DUSK,OTHER,DRY,NO INJURY / DRIVE AWAY,,NOT APPLICABLE,4800,N,PULASKI RD,,NO INDICATION OF INJURY,0,0,0,17,6,4,41.9682626,-87.72817532
06/13/2022 02:46:00 PM,30,STOP SIGN/FLASHER,CLEAR,DAYLIGHT,NOT DIVIDED,DRY,INJURY AND / OR TOW DUE TO CRASH,,FAILING TO YIELD RIGHT-OF-WAY,825,N,STATE ST,,INCAPACITATING INJURY,0,1,0,14,2,6,41.89748024,-87.62807432
06/20/2016 03:00:00 PM,30,TRAFFIC SIGNAL,CLEAR,DAYLIGHT,NOT DIVIDED,DRY,NO INJURY / DRIVE AWAY,,FOLLOWING TOO CLOSELY,375,E,63RD ST,,NO INDICATION OF INJURY,0,0,0,15,2,6,41.7801258,-87.61579734