CRASH_DATE,POSTED_SPEED_LIMIT,TRAFFIC_CONTROL_DEVICE,WEATHER_CONDITION,LIGHTING_CONDITION,TRAFFICWAY_TYPE,ROADWAY_SURFACE_COND,CRASH_TYPE,HIT_AND_RUN_I,PRIM_CONTRIBUTORY_CAUSE,STREET_NO,STREET_DIRECTION,STREET_NAME,DOORING_I,MOST_SEVERE_INJURY,INJURIES_FATAL,INJURIES_INCAPACITATING,INJURIES_NON_INCAPACITATING,CRASH_HOUR,CRASH_DAY_OF_WEEK,CRASH_MONTH,LATITUDE,LONGITUDE
05/24/2022 04:55:00 PM,30,UNKNOWN,CLEAR,DAYLIGHT,OTHER,UNKNOWN,INJURY AND / OR TOW DUE TO CRASH,,UNABLE TO DETERMINE,3357,W,WILSON AVE,,"REPORTED, NOT EVIDENT",0,0,0,16,3,5,41.96456589,-87.71312713
09/16/2023 10:28:00 AM,30,TRAFFIC SIGNAL,CLEAR,DAYLIGHT,NOT DIVIDED,DRY,NO INJURY / DRIVE AWAY,,DISTRACTION - FROM OUTSIDE VEHICLE,2500,S,MICHIGAN AVE,,NO INDICATION OF INJURY,0,0,0,10,7,9,41.84743015,-87.62385344
10/8/2018 18:40,35,TRAFFIC SIGNAL,CLEAR,"DARKNESS, LIGHTED ROAD",DIVIDED - W/MEDIAN (NOT RAISED),DRY,INJURY AND / OR TOW DUE TO CRASH,Y,FAILING TO YIELD RIGHT-OF-WAY,6001,W,FULLERTON AVE,,NONINCAPACITATING INJURY,0,0,1,18,2,10,41.92371585,-87.77577314
07/16/2020 09:12:00 PM,30,NO CONTROLS,CLEAR,"DARKNESS, LIGHTED ROAD",DIVIDED - W/MEDIAN BARRIER,DRY,INJURY AND / OR TOW DUE TO CRASH,,UNABLE TO DETERMINE,733,N,HALSTED ST,,NONINCAPACITATING INJURY,0,0,1,21,5,7,41.89614682,-87.64758808
06/22/2020 09:25:00 AM,30,TRAFFIC SIGNAL,CLEAR,DAYLIGHT,FOUR WAY,DRY,INJURY AND / OR TOW DUE TO CRASH,,"VISION OBSCURED (SIGNS, TREE LIMBS, BUILDINGS, ETC.)",1800,W,LAWRENCE AVE,,NONINCAPACITATING INJURY,0,0,1,9,2,6,41.96892624,-87.67458649
05/15/2019 11:53:00 AM,35,STOP SIGN/FLASHER,CLEAR,DAYLIGHT,NOT DIVIDED,DRY,INJURY AND / OR TOW DUE TO CRASH,,FAILING TO YIELD RIGHT-OF-WAY,7200,S,DAMEN AVE,Y,NONINCAPACITATING INJURY,0,0,1,11,4,5,41.76288775,-87.67362856
12/23/2020 12:15:00 PM,30,UNKNOWN,CLEAR,DAYLIGHT,NOT DIVIDED,DRY,INJURY AND / OR TOW DUE TO CRASH,,UNABLE TO DETERMINE,3301,S,CALIFORNIA AVE,,NONINCAPACITATING INJURY,0,0,1,12,4,12,41.83367544,-87.69477898
10/28/2019 05:44:00 PM,30,NO CONTROLS,CLEAR,DUSK,DIVIDED - W/MEDIAN (NOT RAISED),DRY,INJURY AND / OR TOW DUE TO CRASH,,FAILING TO REDUCE SPEED TO AVOID CRASH,1126,S,WABASH AVE,,NONINCAPACITATING INJURY,0,0,1,17,2,10,41.86843382,-87.62599504
7/5/2023 16:20,30,NO CONTROLS,CLEAR,DAYLIGHT,NOT DIVIDED,DRY,NO INJURY / DRIVE AWAY,,UNABLE TO DETERMINE,3437,N,MILWAUKEE AVE,,NO INDICATION OF INJURY,0,0,0,16,4,7,41.94383114,-87.73138461
07/29/2016 07:00:00 PM,30,NO CONTROLS,CLEAR,DAYLIGHT,DIVIDED - W/MEDIAN (NOT RAISED),DRY,INJURY AND / OR TOW DUE TO CRASH,,UNABLE TO DETERMINE,720,W,GRAND AVE,Y,NONINCAPACITATING INJURY,0,0,1,19,6,7,41.89130641,-87.64672628
3/12/2023 22:30,30,TRAFFIC SIGNAL,CLEAR,"DARKNESS, LIGHTED ROAD",NOT DIVIDED,DRY,INJURY AND / OR TOW DUE TO CRASH,,FAILING TO REDUCE SPEED TO AVOID CRASH,2201,N,CICERO AVE,,INCAPACITATING INJURY,0,1,0,22,1,3,41.92067767,-87.7460655
06/18/2021 04:00:00 PM,30,NO CONTROLS,CLEAR,DAYLIGHT,NOT DIVIDED,DRY,INJURY AND / OR TOW DUE TO CRASH,,FOLLOWING TOO CLOSELY,1652,N,MILWAUKEE AVE,,NONINCAPACITATING INJURY,0,0,1,16,6,6,41.91136989,-87.67922221
06/23/2023 10:20:00 AM,20,NO CONTROLS,CLEAR,DAYLIGHT,NOT DIVIDED,DRY,INJURY AND / OR TOW DUE TO CRASH,Y,"OPERATING VEHICLE IN ERRATIC, RECKLESS, CARELESS, NEGLIGENT OR AGGRESSIVE MANNER",2100,N,MILWAUKEE AVE,,INCAPACITATING INJURY,0,1,0,10,6,6,41.91935116,-87.69177239
06/29/2023 03:44:00 PM,30,NO CONTROLS,RAIN,DAYLIGHT,DIVIDED - W/MEDIAN (NOT RAISED),WET,INJURY AND / OR TOW DUE TO CRASH,,UNABLE TO DETERMINE,1408,N,MILWAUKEE AVE,Y,NONINCAPACITATING INJURY,0,0,1,15,5,6,41.90742473,-87.67307367
05/31/2022 04:45:00 PM,30,TRAFFIC SIGNAL,CLEAR,DAYLIGHT,ONE-WAY,DRY,INJURY AND / OR TOW DUE TO CRASH,,IMPROPER TURNING/NO SIGNAL,10,N,DEARBORN ST,,"REPORTED, NOT EVIDENT",0,0,0,16,3,5,41.8822157,-87.62955625
8/1/2018 18:00,30,TRAFFIC SIGNAL,CLEAR,DAYLIGHT,ONE-WAY,DRY,NO INJURY / DRIVE AWAY,,FAILING TO YIELD RIGHT-OF-WAY,303,N,WABASH AVE,,NO INDICATION OF INJURY,0,0,0,18,4,8,41.88704651,-87.62622618
12/31/2019 07:30:00 AM,30,NO CONTROLS,SNOW,DAYLIGHT,NOT DIVIDED,SNOW OR SLUSH,INJURY AND / OR TOW DUE TO CRASH,Y,UNABLE TO DETERMINE,6559,S,LOOMIS BLVD,,INCAPACITATING INJURY,0,1,0,7,3,12,41.77417174,-87.65907263
6/8/2020 14:30,20,TRAFFIC SIGNAL,CLEAR,DAYLIGHT,NOT DIVIDED,DRY,NO INJURY / DRIVE AWAY,,DISREGARDING TRAFFIC SIGNALS,1201,S,JEFFERSON ST,,NO INDICATION OF INJURY,0,0,0,14,2,6,41.86719386,-87.64204018
04/20/2023 11:35:00 AM,30,TRAFFIC SIGNAL,CLOUDY/OVERCAST,DAYLIGHT,CENTER TURN LANE,DRY,NO INJURY / DRIVE AWAY,Y,IMPROPER OVERTAKING/PASSING,3299,N,CLARK ST,,NO INDICATION OF INJURY,0,0,0,11,5,4,41.94173543,-87.65194476
09/19/2019 08:15:00 PM,30,NO CONTROLS,CLEAR,DAYLIGHT,NOT DIVIDED,DRY,INJURY AND / OR TOW DUE TO CRASH,,BICYCLE ADVANCING LEGALLY ON RED LIGHT,4016,N,DAMEN AVE,Y,"REPORTED, NOT EVIDENT",0,0,0,20,5,9,41.95480218,-87.67891956
08/31/2023 03:10:00 PM,30,TRAFFIC SIGNAL,CLEAR,DAYLIGHT,ONE-WAY,DRY,NO INJURY / DRIVE AWAY,,FOLLOWING TOO CLOSELY,714,N,CLARK ST,,NO INDICATION OF INJURY,0,0,0,15,5,8,41.89537585,-87.63136271
09/27/2017 07:55:00 PM,15,STOP SIGN/FLASHER,CLEAR,"DARKNESS, LIGHTED ROAD",NOT DIVIDED,DRY,INJURY AND / OR TOW DUE TO CRASH,,FAILING TO YIELD RIGHT-OF-WAY,5400,W,ALTGELD ST,,NONINCAPACITATING INJURY,0,0,1,19,4,9,41.92597781,-87.76121264
8/9/2018 20:40,30,TRAFFIC SIGNAL,CLEAR,"DARKNESS, LIGHTED ROAD",NOT DIVIDED,WET,INJURY AND / OR TOW DUE TO CRASH,,DISREGARDING TRAFFIC SIGNALS,1001,W,ADDISON ST,,NONINCAPACITATING INJURY,0,0,1,20,5,8,41.9471328,-87.65443597
05/16/2022 10:30:00 AM,30,NO CONTROLS,CLEAR,DAYLIGHT,DIVIDED - W/MEDIAN (NOT RAISED),DRY,INJURY AND / OR TOW DUE TO CRASH,,NOT APPLICABLE,4631,N,CLARK ST,Y,NONINCAPACITATING INJURY,0,0,1,10,2,5,41.96621963,-87.66678701
09/22/2020 02:11:00 PM,30,NO CONTROLS,CLEAR,DAYLIGHT,NOT DIVIDED,DRY,NO INJURY / DRIVE AWAY,,UNABLE TO DETERMINE,2119,N,RACINE AVE,Y,NO INDICATION OF INJURY,0,0,0,14,3,9,41.92044719,-87.65815063
4/2/2019 16:22,30,TRAFFIC SIGNAL,CLEAR,DAYLIGHT,NOT DIVIDED,DRY,NO INJURY / DRIVE AWAY,Y,BICYCLE ADVANCING LEGALLY ON RED LIGHT,2401,N,HALSTED ST,,NO INDICATION OF INJURY,0,0,0,16,3,4,41.92554753,-87.64861835
04/23/2018 12:00:00 PM,25,TRAFFIC SIGNAL,CLEAR,"DARKNESS, LIGHTED ROAD",DIVIDED - W/MEDIAN BARRIER,DRY,INJURY AND / OR TOW DUE TO CRASH,,IMPROPER TURNING/NO SIGNAL,333,N,LOWER MICHIGAN AVE,,"REPORTED, NOT EVIDENT",0,0,0,12,2,4,41.88769526,-87.62444634
12/19/2018 06:01:00 PM,35,NO CONTROLS,CLEAR,"DARKNESS, LIGHTED ROAD",DIVIDED - W/MEDIAN BARRIER,DRY,INJURY AND / OR TOW DUE TO CRASH,,NOT APPLICABLE,3250,W,MONTROSE AVE,,NONINCAPACITATING INJURY,0,0,1,18,4,12,41.96127316,-87.71029411
09/13/2019 09:10:00 AM,30,TRAFFIC SIGNAL,CLEAR,DAYLIGHT,DIVIDED - W/MEDIAN (NOT RAISED),WET,INJURY AND / OR TOW DUE TO CRASH,,UNABLE TO DETERMINE,3000,E,95TH ST,,INCAPACITATING INJURY,0,1,0,9,6,9,41.72287546,-87.55100958
03/22/2021 07:46:00 PM,30,TRAFFIC SIGNAL,CLEAR,"DARKNESS, LIGHTED ROAD",T-INTERSECTION,DRY,NO INJURY / DRIVE AWAY,Y,FAILING TO YIELD RIGHT-OF-WAY,1150,N,CALIFORNIA AVE,N,NO INDICATION OF INJURY,0,0,0,19,2,3,41.90264985,-87.69701968
09/21/2017 07:34:00 AM,30,NO CONTROLS,CLEAR,DAYLIGHT,DIVIDED - W/MEDIAN (NOT RAISED),DRY,INJURY AND / OR TOW DUE TO CRASH,,"VISION OBSCURED (SIGNS, TREE LIMBS, BUILDINGS, ETC.)",6400,W,CATALPA AVE,,"REPORTED, NOT EVIDENT",0,0,0,7,5,9,41.98118411,-87.78783625
09/20/2019 08:15:00 PM,30,TRAFFIC SIGNAL,CLEAR,"DARKNESS, LIGHTED ROAD",FOUR WAY,DRY,NO INJURY / DRIVE AWAY,,IMPROPER TURNING/NO SIGNAL,36,W,MADISON ST,,NO INDICATION OF INJURY,0,0,0,20,6,9,41.88211151,-87.62910915
9/10/2018 11:55,30,TRAFFIC SIGNAL,CLEAR,DAYLIGHT,DIVIDED - W/MEDIAN (NOT RAISED),DRY,NO INJURY / DRIVE AWAY,,FAILING TO YIELD RIGHT-OF-WAY,2400,W,BELMONT AVE,,NO INDICATION OF INJURY,0,0,0,11,2,9,41.93957041,-87.68810786
09/16/2021 05:15:00 PM,30,NO CONTROLS,CLEAR,DAYLIGHT,NOT DIVIDED,DRY,INJURY AND / OR TOW DUE TO CRASH,Y,UNABLE TO DETERMINE,1219,N,MILWAUKEE AVE,Y,NONINCAPACITATING INJURY,0,0,1,17,5,9,41.90385473,-87.66703628
09/15/2023 04:25:00 PM,30,TRAFFIC SIGNAL,CLEAR,DAYLIGHT,FOUR WAY,DRY,INJURY AND / OR TOW DUE TO CRASH,,DRIVING ON WRONG SIDE/WRONG WAY,198,S,CLINTON ST,,NONINCAPACITATING INJURY,0,0,1,16,6,9,41.87935348,-87.64125807
10/11/2023 15:48,30,NO CONTROLS,CLEAR,DAYLIGHT,T-INTERSECTION,DRY,INJURY AND / OR TOW DUE TO CRASH,,FAILING TO YIELD RIGHT-OF-WAY,800,N,LESSING ST,,"REPORTED, NOT EVIDENT",0,0,0,15,4,10,41.89642824,-87.65096284
11/12/2022 12:18,30,NO CONTROLS,CLEAR,DAYLIGHT,NOT DIVIDED,DRY,INJURY AND / OR TOW DUE TO CRASH,,UNABLE TO DETERMINE,232,W,74TH ST,,NONINCAPACITATING INJURY,0,0,1,12,7,11,41.7600651,-87.63093902
6/4/2021 19:10,30,NO CONTROLS,CLEAR,DUSK,ONE-WAY,DRY,INJURY AND / OR TOW DUE TO CRASH,,UNABLE TO DETERMINE,5001,N,KOSTNER AVE,,NONINCAPACITATING INJURY,0,0,1,19,6,6,41.97187367,-87.73785663
05/31/2019 12:35:00 PM,30,NO CONTROLS,CLEAR,DAYLIGHT,NOT DIVIDED,DRY,NO INJURY / DRIVE AWAY,,NOT APPLICABLE,200,N,GREEN ST,Y,NO INDICATION OF INJURY,0,0,0,12,6,5,41.8856992,-87.64878909
10/3/2018 9:04,30,NO CONTROLS,CLEAR,DAYLIGHT,NOT DIVIDED,DRY,INJURY AND / OR TOW DUE TO CRASH,,FAILING TO YIELD RIGHT-OF-WAY,2443,S,ARCHER AVE,,NONINCAPACITATING INJURY,0,0,1,9,4,10,41.84808785,-87.64435845
07/22/2018 03:52:00 PM,30,NO CONTROLS,CLEAR,DAYLIGHT,CENTER TURN LANE,DRY,INJURY AND / OR TOW DUE TO CRASH,,NOT APPLICABLE,4440,W,NORTH AVE,N,NONINCAPACITATING INJURY,0,0,1,15,1,7,41.90984206,-87.73779797
7/11/2020 19:20,30,STOP SIGN/FLASHER,CLEAR,DAYLIGHT,NOT DIVIDED,DRY,INJURY AND / OR TOW DUE TO CRASH,,FAILING TO YIELD RIGHT-OF-WAY,3002,N,RACINE AVE,,NONINCAPACITATING INJURY,0,0,1,19,7,7,41.93630191,-87.65898983
5/10/2019 16:25,30,TRAFFIC SIGNAL,RAIN,DAYLIGHT,NOT DIVIDED,DRY,NO INJURY / DRIVE AWAY,,FOLLOWING TOO CLOSELY,1198,W,FULLERTON AVE,,NO INDICATION OF INJURY,0,0,0,16,6,5,41.92540217,-87.65839579
11/12/2018 12:00,30,NO CONTROLS,CLEAR,DAYLIGHT,NOT DIVIDED,DRY,INJURY AND / OR TOW DUE TO CRASH,,FOLLOWING TOO CLOSELY,2704,S,LOOMIS ST,,"REPORTED, NOT EVIDENT",0,0,0,12,2,11,41.84444316,-87.66012447
11/28/2022 06:22:00 AM,30,TRAFFIC SIGNAL,CLEAR,DAYLIGHT,NOT DIVIDED,DRY,INJURY AND / OR TOW DUE TO CRASH,Y,UNABLE TO DETERMINE,499,N,HALSTED ST,,INCAPACITATING INJURY,0,1,0,6,2,11,41.89112692,-87.64747245
05/30/2023 06:35:00 PM,30,TRAFFIC SIGNAL,CLEAR,DAYLIGHT,DIVIDED - W/MEDIAN (NOT RAISED),DRY,INJURY AND / OR TOW DUE TO CRASH,,FAILING TO YIELD RIGHT-OF-WAY,2400,N,CANNON DR,,NONINCAPACITATING INJURY,0,0,1,18,3,5,41.92580693,-87.63381965
07/22/2021 03:13:00 PM,30,NO CONTROLS,CLEAR,DAYLIGHT,NOT DIVIDED,DRY,INJURY AND / OR TOW DUE TO CRASH,Y,FAILING TO YIELD RIGHT-OF-WAY,954,N,MILWAUKEE AVE,,"REPORTED, NOT EVIDENT",0,0,0,15,5,7,41.89935859,-87.66045538
7/1/2022 8:50,30,TRAFFIC SIGNAL,CLEAR,DAYLIGHT,NOT DIVIDED,DRY,INJURY AND / OR TOW DUE TO CRASH,,UNABLE TO DETERMINE,1138,W,ARDMORE AVE,N,"REPORTED, NOT EVIDENT",0,0,0,8,6,7,41.98738647,-87.65976154
07/15/2017 10:30:00 PM,35,NO CONTROLS,CLEAR,"DARKNESS, LIGHTED ROAD",NOT DIVIDED,DRY,NO INJURY / DRIVE AWAY,,UNABLE TO DETERMINE,940,W,CHICAGO AVE,,NO INDICATION OF INJURY,0,0,0,22,7,7,41.89643911,-87.65151291
11/5/2023 12:44,30,NO CONTROLS,CLEAR,DAYLIGHT,NOT DIVIDED,DRY,INJURY AND / OR TOW DUE TO CRASH,Y,IMPROPER OVERTAKING/PASSING,1658,N,MILWAUKEE AVE,,NONINCAPACITATING INJURY,0,0,1,12,1,11,41.91144287,-87.67933447
6/5/2023 15:10,30,STOP SIGN/FLASHER,CLEAR,DAYLIGHT,NOT DIVIDED,DRY,INJURY AND / OR TOW DUE TO CRASH,,DISREGARDING YIELD SIGN,1800,W,ADAMS ST,,NONINCAPACITATING INJURY,0,0,1,15,2,6,41.87892713,-87.67174855
07/28/2020 12:20:00 AM,30,NO CONTROLS,CLEAR,DARKNESS,DIVIDED - W/MEDIAN (NOT RAISED),DRY,INJURY AND / OR TOW DUE TO CRASH,Y,"OPERATING VEHICLE IN ERRATIC, RECKLESS, CARELESS, NEGLIGENT OR AGGRESSIVE MANNER",1598,W,GARFIELD BLVD,,NONINCAPACITATING INJURY,0,0,1,0,3,7,41.794135,-87.66452411
04/23/2022 02:30:00 PM,30,NO CONTROLS,CLEAR,DAYLIGHT,NOT DIVIDED,DRY,INJURY AND / OR TOW DUE TO CRASH,Y,FAILING TO YIELD RIGHT-OF-WAY,1611,N,WELLS ST,Y,NONINCAPACITATING INJURY,0,0,1,14,7,4,41.91149942,-87.63457427
07/22/2018 08:43:00 PM,30,STOP SIGN/FLASHER,CLEAR,DAWN,ONE-WAY,DRY,NO INJURY / DRIVE AWAY,,UNABLE TO DETERMINE,5700,S,TRIPP AVE,,NO INDICATION OF INJURY,0,0,0,20,1,7,41.78942094,-87.72932337
8/10/2019 16:44,30,TRAFFIC SIGNAL,CLEAR,DAYLIGHT,FOUR WAY,DRY,INJURY AND / OR TOW DUE TO CRASH,Y,FAILING TO YIELD RIGHT-OF-WAY,95,W,FULLERTON DR,,NONINCAPACITATING INJURY,0,0,1,16,7,8,41.92600504,-87.63130434
09/19/2019 01:30:00 PM,30,TRAFFIC SIGNAL,CLOUDY/OVERCAST,DAYLIGHT,FOUR WAY,DRY,INJURY AND / OR TOW DUE TO CRASH,,UNABLE TO DETERMINE,3200,W,36TH ST,,NONINCAPACITATING INJURY,0,0,1,13,5,9,41.8281773,-87.70462138
06/15/2023 04:01:00 PM,20,NO CONTROLS,CLEAR,DAYLIGHT,T-INTERSECTION,DRY,INJURY AND / OR TOW DUE TO CRASH,,FAILING TO YIELD RIGHT-OF-WAY,3500,N,OTTAWA AVE,,NONINCAPACITATING INJURY,0,0,1,16,5,6,41.94332658,-87.81808634
7/4/2018 21:27,30,NO CONTROLS,RAIN,"DARKNESS, LIGHTED ROAD",NOT DIVIDED,WET,INJURY AND / OR TOW DUE TO CRASH,,IMPROPER TURNING/NO SIGNAL,2024,N,HALSTED ST,,NONINCAPACITATING INJURY,0,0,1,21,4,7,41.9189432,-87.64868497
10/9/2018 20:50,30,NO CONTROLS,CLEAR,"DARKNESS, LIGHTED ROAD",DIVIDED - W/MEDIAN (NOT RAISED),DRY,INJURY AND / OR TOW DUE TO CRASH,,DRIVING SKILLS/KNOWLEDGE/EXPERIENCE,900,N,MILWAUKEE AVE,,NONINCAPACITATING INJURY,0,0,1,20,3,10,41.8982084,-87.65868455
6/4/2022 11:58,30,TRAFFIC SIGNAL,CLEAR,DAYLIGHT,NOT DIVIDED,DRY,NO INJURY / DRIVE AWAY,,UNABLE TO DETERMINE,3658,W,26TH ST,,NO INDICATION OF INJURY,0,0,0,11,7,6,41.8444612,-87.71717475
02/16/2023 03:40:00 PM,30,STOP SIGN/FLASHER,SLEET/HAIL,UNKNOWN,ONE-WAY,WET,INJURY AND / OR TOW DUE TO CRASH,,UNABLE TO DETERMINE,4032,W,AINSLIE ST,,"REPORTED, NOT EVIDENT",0,0,0,15,5,2,41.97015551,-87.7294587
09/21/2017 03:40:00 PM,30,TRAFFIC SIGNAL,CLEAR,DAYLIGHT,NOT DIVIDED,DRY,INJURY AND / OR TOW DUE TO CRASH,,FAILING TO YIELD RIGHT-OF-WAY,4599,N,LINCOLN AVE,,"REPORTED, NOT EVIDENT",0,0,0,15,5,9,41.96487099,-87.685933
6/9/2016 8:40,30,NO CONTROLS,CLEAR,DAYLIGHT,NOT DIVIDED,DRY,NO INJURY / DRIVE AWAY,,UNABLE TO DETERMINE,2206,N,CLARK ST,,NO INDICATION OF INJURY,0,0,0,8,5,6,41.92214605,-87.63854595
11/20/2019 07:50:00 PM,30,TRAFFIC SIGNAL,CLEAR,DARKNESS,NOT DIVIDED,DRY,INJURY AND / OR TOW DUE TO CRASH,,FAILING TO REDUCE SPEED TO AVOID CRASH,6933,N,KEDZIE AVE,,NONINCAPACITATING INJURY,0,0,1,19,4,11,42.00737745,-87.70912562
7/4/2022 13:11,30,STOP SIGN/FLASHER,CLEAR,DAYLIGHT,ONE-WAY,DRY,INJURY AND / OR TOW DUE TO CRASH,,FAILING TO REDUCE SPEED TO AVOID CRASH,65,E,HURON ST,,INCAPACITATING INJURY,0,1,0,13,2,7,41.89480617,-87.62573611
5/2/2020 17:10,30,NO CONTROLS,CLEAR,DAYLIGHT,DIVIDED - W/MEDIAN BARRIER,DRY,INJURY AND / OR TOW DUE TO CRASH,Y,FAILING TO YIELD RIGHT-OF-WAY,81,W,ROOSEVELT RD,,INCAPACITATING INJURY,0,1,0,17,7,5,41.86726497,-87.63038308
5/5/2019 17:40,30,TRAFFIC SIGNAL,CLEAR,DAYLIGHT,ONE-WAY,DRY,INJURY AND / OR TOW DUE TO CRASH,,UNABLE TO DETERMINE,11235,S,MARSHFIELD AVE,,NONINCAPACITATING INJURY,0,0,1,17,1,5,41.68931188,-87.66171724
10/13/2019 10:50:00 PM,30,NO CONTROLS,CLEAR,"DARKNESS, LIGHTED ROAD",NOT DIVIDED,DRY,INJURY AND / OR TOW DUE TO CRASH,Y,NOT APPLICABLE,2098,W,59TH ST,,INCAPACITATING INJURY,0,1,0,22,1,10,41.78670809,-87.67647691
6/7/2018 8:00,30,NO CONTROLS,CLEAR,DAYLIGHT,NOT DIVIDED,DRY,NO INJURY / DRIVE AWAY,,UNABLE TO DETERMINE,1279,N,MILWAUKEE AVE,,NO INDICATION OF INJURY,0,0,0,8,5,6,41.90507512,-87.66893056
08/18/2019 06:58:00 AM,30,TRAFFIC SIGNAL,CLEAR,DAYLIGHT,NOT DIVIDED,DRY,INJURY AND / OR TOW DUE TO CRASH,,FAILING TO YIELD RIGHT-OF-WAY,540,W,ROOSEVELT RD,,NONINCAPACITATING INJURY,0,0,1,6,1,8,41.86735016,-87.64079708
06/18/2018 02:01:00 AM,30,TRAFFIC SIGNAL,CLEAR,"DARKNESS, LIGHTED ROAD",NOT DIVIDED,DRY,INJURY AND / OR TOW DUE TO CRASH,Y,DISREGARDING TRAFFIC SIGNALS,4048,S,ARCHER AVE,,"REPORTED, NOT EVIDENT",0,0,0,2,2,6,41.82014352,-87.69460124
05/24/2021 07:56:00 PM,15,NO CONTROLS,CLEAR,DAYLIGHT,ALLEY,UNKNOWN,INJURY AND / OR TOW DUE TO CRASH,,NOT APPLICABLE,4958,W,CULLOM AVE,,NONINCAPACITATING INJURY,0,0,1,19,2,5,41.95894965,-87.75212802
11/4/2023 16:24,30,TRAFFIC SIGNAL,CLEAR,DAYLIGHT,DIVIDED - W/MEDIAN BARRIER,DRY,INJURY AND / OR TOW DUE TO CRASH,,DISTRACTION - FROM OUTSIDE VEHICLE,181,W,GARFIELD BLVD,,NONINCAPACITATING INJURY,0,0,1,16,7,11,41.79409154,-87.63046644
08/31/2021 03:52:00 PM,30,TRAFFIC SIGNAL,CLEAR,DAYLIGHT,FOUR WAY,DRY,NO INJURY / DRIVE AWAY,,FAILING TO YIELD RIGHT-OF-WAY,700,W,TAYLOR ST,,NO INDICATION OF INJURY,0,0,0,15,3,8,41.86980522,-87.6437763
08/16/2023 05:45:00 PM,30,TRAFFIC SIGNAL,CLEAR,DAYLIGHT,NOT DIVIDED,DRY,INJURY AND / OR TOW DUE TO CRASH,Y,IMPROPER TURNING/NO SIGNAL,1000,W,MADISON ST,,NONINCAPACITATING INJURY,0,0,1,17,4,8,41.88180879,-87.65209307
06/24/2019 08:00:00 AM,30,NO CONTROLS,RAIN,DAYLIGHT,NOT DIVIDED,DRY,INJURY AND / OR TOW DUE TO CRASH,N,UNABLE TO DETERMINE,1125,W,CHICAGO AVE,,NONINCAPACITATING INJURY,0,0,1,8,2,6,41.89614192,-87.65617826
05/28/2021 06:00:00 PM,30,TRAFFIC SIGNAL,RAIN,DAYLIGHT,DIVIDED - W/MEDIAN BARRIER,WET,INJURY AND / OR TOW DUE TO CRASH,,WEATHER,1300,N,LA SALLE DR,,NONINCAPACITATING INJURY,0,0,1,18,6,5,41.90585039,-87.63313631
7/9/2019 7:12,25,NO CONTROLS,CLEAR,DAYLIGHT,ONE-WAY,DRY,NO INJURY / DRIVE AWAY,,FAILING TO YIELD RIGHT-OF-WAY,917,W,WASHINGTON BLVD,Y,NO INDICATION OF INJURY,0,0,0,7,3,7,41.88298108,-87.65048988
10/15/2015 10:00:00 PM,30,TRAFFIC SIGNAL,UNKNOWN,"DARKNESS, LIGHTED ROAD",ONE-WAY,UNKNOWN,NO INJURY / DRIVE AWAY,Y,UNABLE TO DETERMINE,1000,N,MILWAUKEE AVE,,NO INDICATION OF INJURY,0,0,0,22,5,10,41.8997595,-87.66107806
07/30/2019 01:00:00 PM,30,TRAFFIC SIGNAL,CLEAR,DAYLIGHT,FOUR WAY,OTHER,INJURY AND / OR TOW DUE TO CRASH,,ROAD CONSTRUCTION/MAINTENANCE,4800,N,DAMEN AVE,,"REPORTED, NOT EVIDENT",0,0,0,13,3,7,41.96884518,-87.67933473
3/5/2020 16:45,30,NO CONTROLS,CLEAR,DAYLIGHT,DIVIDED - W/MEDIAN (NOT RAISED),DRY,INJURY AND / OR TOW DUE TO CRASH,,IMPROPER LANE USAGE,6453,S,WESTERN AVE,,INCAPACITATING INJURY,0,1,0,16,5,3,41.7758611,-87.68340793
08/25/2020 12:37:00 PM,30,NO CONTROLS,CLEAR,DAYLIGHT,NOT DIVIDED,DRY,INJURY AND / OR TOW DUE TO CRASH,,NOT APPLICABLE,1901,W,DEVON AVE,,NONINCAPACITATING INJURY,0,0,1,12,3,8,41.99784707,-87.67699934
06/22/2022 11:10:00 PM,25,NO CONTROLS,CLEAR,"DARKNESS, LIGHTED ROAD",NOT DIVIDED,DRY,NO INJURY / DRIVE AWAY,,DISTRACTION - FROM OUTSIDE VEHICLE,1100,N,STATE ST,,NO INDICATION OF INJURY,0,0,0,23,4,6,41.90190555,-87.62849308
11/20/2019 01:56:00 PM,30,TRAFFIC SIGNAL,CLEAR,DAYLIGHT,NOT DIVIDED,DRY,NO INJURY / DRIVE AWAY,,FAILING TO YIELD RIGHT-OF-WAY,208,W,KINZIE ST,,NO INDICATION OF INJURY,0,0,0,13,4,11,41.88927126,-87.63442153
06/15/2022 06:15:00 PM,30,NO CONTROLS,CLEAR,DAYLIGHT,NOT DIVIDED,DRY,INJURY AND / OR TOW DUE TO CRASH,,FAILING TO YIELD RIGHT-OF-WAY,3460,W,FOSTER AVE,,NONINCAPACITATING INJURY,0,0,1,18,4,6,41.97577496,-87.71593008
4/10/2019 8:45,30,TRAFFIC SIGNAL,FOG/SMOKE/HAZE,DAYLIGHT,NOT DIVIDED,UNKNOWN,INJURY AND / OR TOW DUE TO CRASH,Y,UNABLE TO DETERMINE,610,S,PULASKI RD,,"REPORTED, NOT EVIDENT",0,0,0,8,4,4,41.87316831,-87.72555395