CRASH_DATE,POSTED_SPEED_LIMIT,TRAFFIC_CONTROL_DEVICE,WEATHER_CONDITION,LIGHTING_CONDITION,TRAFFICWAY_TYPE,ROADWAY_SURFACE_COND,CRASH_TYPE,HIT_AND_RUN_I,PRIM_CONTRIBUTORY_CAUSE,STREET_NO,STREET_DIRECTION,STREET_NAME,DOORING_I,MOST_SEVERE_INJURY,INJURIES_FATAL,INJURIES_INCAPACITATING,INJURIES_NON_INCAPACITATING,CRASH_HOUR,CRASH_DAY_OF_WEEK,CRASH_MONTH,LATITUDE,LONGITUDE
2/1/2018 19:59,35,UNKNOWN,OTHER,"DARKNESS, LIGHTED ROAD",DIVIDED - W/MEDIAN (NOT RAISED),UNKNOWN,INJURY AND / OR TOW DUE TO CRASH,Y,NOT APPLICABLE,5610,W,JACKSON BLVD,,INCAPACITATING INJURY,0,1,0,19,5,2,41.87667016,-87.76518539
09/13/2017 06:00:00 PM,30,TRAFFIC SIGNAL,CLEAR,DAYLIGHT,DIVIDED - W/MEDIAN (NOT RAISED),DRY,NO INJURY / DRIVE AWAY,,DISREGARDING TRAFFIC SIGNALS,3001,W,NORTH AVE,,NO INDICATION OF INJURY,0,0,0,18,4,9,41.91006272,-87.70227342
12/16/2021 03:25:00 PM,25,STOP SIGN/FLASHER,CLEAR,DAYLIGHT,NOT DIVIDED,DRY,NO INJURY / DRIVE AWAY,,FAILING TO REDUCE SPEED TO AVOID CRASH,3557,N,ALBANY AVE,,NO INDICATION OF INJURY,0,0,0,15,5,12,41.94643684,-87.705213
05/15/2023 08:54:00 PM,30,NO CONTROLS,CLEAR,"DARKNESS, LIGHTED ROAD",NOT DIVIDED,DRY,INJURY AND / OR TOW DUE TO CRASH,Y,UNABLE TO DETERMINE,5536,S,DAMEN AVE,,NONINCAPACITATING INJURY,0,0,1,20,2,5,41.79240572,-87.6743979
6/9/2023 16:30,30,NO CONTROLS,CLEAR,DUSK,NOT DIVIDED,DRY,NO INJURY / DRIVE AWAY,Y,FAILING TO YIELD RIGHT-OF-WAY,6103,W,BELMONT AVE,,NO INDICATION OF INJURY,0,0,0,16,6,6,41.93830333,-87.77883839
07/30/2018 04:15:00 PM,30,STOP SIGN/FLASHER,CLEAR,DAYLIGHT,NOT DIVIDED,DRY,INJURY AND / OR TOW DUE TO CRASH,,FAILING TO YIELD RIGHT-OF-WAY,923,N,ORLEANS ST,Y,NONINCAPACITATING INJURY,0,0,1,16,2,7,41.89968795,-87.63714238
8/9/2022 21:56,30,NO CONTROLS,CLEAR,"DARKNESS, LIGHTED ROAD",NOT DIVIDED,DRY,NO INJURY / DRIVE AWAY,,EQUIPMENT - VEHICLE CONDITION,2401,S,ARCHER AVE,,NO INDICATION OF INJURY,0,0,0,21,3,8,41.84881063,-87.64221524
08/26/2020 10:49:00 AM,30,TRAFFIC SIGNAL,CLEAR,DAYLIGHT,NOT DIVIDED,DRY,INJURY AND / OR TOW DUE TO CRASH,,UNABLE TO DETERMINE,3099,N,LINCOLN AVE,,"REPORTED, NOT EVIDENT",0,0,0,10,4,8,41.93788261,-87.66594895
9/12/2021 12:50,35,NO CONTROLS,CLEAR,DAYLIGHT,DIVIDED - W/MEDIAN (NOT RAISED),DRY,NO INJURY / DRIVE AWAY,,DISTRACTION - FROM OUTSIDE VEHICLE,4431,S,ARCHER AVE,,NO INDICATION OF INJURY,0,0,0,12,1,9,41.81262899,-87.7063942
01/30/2020 05:20:00 PM,30,STOP SIGN/FLASHER,CLEAR,"DARKNESS, LIGHTED ROAD",NOT DIVIDED,DRY,INJURY AND / OR TOW DUE TO CRASH,,FAILING TO REDUCE SPEED TO AVOID CRASH,5199,N,GLENWOOD AVE,,NONINCAPACITATING INJURY,0,0,1,17,5,1,41.97620529,-87.66460386
11/7/2021 16:45,20,STOP SIGN/FLASHER,CLEAR,DAYLIGHT,NOT DIVIDED,DRY,INJURY AND / OR TOW DUE TO CRASH,Y,UNABLE TO DETERMINE,3401,N,KILBOURN AVE,,"REPORTED, NOT EVIDENT",0,0,0,16,1,11,41.94267103,-87.73945841
8/2/2021 11:22,30,STOP SIGN/FLASHER,CLEAR,DAYLIGHT,FOUR WAY,DRY,INJURY AND / OR TOW DUE TO CRASH,,UNABLE TO DETERMINE,2000,N,LARRABEE ST,,NONINCAPACITATING INJURY,0,0,1,11,2,8,41.91834138,-87.643817
05/13/2020 01:35:00 PM,25,NO CONTROLS,CLEAR,DAYLIGHT,NOT DIVIDED,DRY,INJURY AND / OR TOW DUE TO CRASH,,NOT APPLICABLE,1745,W,CERMAK RD,Y,"REPORTED, NOT EVIDENT",0,0,0,13,4,5,41.85214743,-87.67031782
7/11/2018 19:00,25,STOP SIGN/FLASHER,CLEAR,DAYLIGHT,ONE-WAY,DRY,INJURY AND / OR TOW DUE TO CRASH,Y,FAILING TO REDUCE SPEED TO AVOID CRASH,1446,E,67TH ST,,"REPORTED, NOT EVIDENT",0,0,0,19,4,7,41.77340956,-87.58974002
03/30/2021 06:22:00 PM,15,NO CONTROLS,CLEAR,DAYLIGHT,NOT DIVIDED,DRY,INJURY AND / OR TOW DUE TO CRASH,Y,"OPERATING VEHICLE IN ERRATIC, RECKLESS, CARELESS, NEGLIGENT OR AGGRESSIVE MANNER",3848,W,51ST ST,,INCAPACITATING INJURY,0,1,0,18,3,3,41.80070518,-87.72037275
10/18/2016 11:11:00 PM,30,TRAFFIC SIGNAL,CLEAR,"DARKNESS, LIGHTED ROAD",NOT DIVIDED,DRY,INJURY AND / OR TOW DUE TO CRASH,,IMPROPER TURNING/NO SIGNAL,802,S,MICHIGAN AVE,,NONINCAPACITATING INJURY,0,0,1,23,3,10,41.87178825,-87.62431482
06/14/2022 02:27:00 PM,30,NO CONTROLS,CLEAR,DAYLIGHT,DIVIDED - W/MEDIAN (NOT RAISED),DRY,NO INJURY / DRIVE AWAY,,UNABLE TO DETERMINE,4942,W,MADISON ST,,NO INDICATION OF INJURY,0,0,0,14,3,6,41.88055596,-87.74933738
06/13/2021 03:00:00 PM,30,NO CONTROLS,CLEAR,DAYLIGHT,ALLEY,DRY,INJURY AND / OR TOW DUE TO CRASH,,FAILING TO YIELD RIGHT-OF-WAY,52,W,ELM ST,,NONINCAPACITATING INJURY,0,0,1,15,1,6,41.90325605,-87.63050299
08/21/2018 11:13:00 AM,30,NO CONTROLS,CLEAR,DAYLIGHT,ONE-WAY,DRY,INJURY AND / OR TOW DUE TO CRASH,,FAILING TO YIELD RIGHT-OF-WAY,217,W,WASHINGTON ST,,NONINCAPACITATING INJURY,0,0,1,11,3,8,41.88310003,-87.63437825
7/4/2020 10:55,30,STOP SIGN/FLASHER,CLEAR,DAYLIGHT,FOUR WAY,DRY,INJURY AND / OR TOW DUE TO CRASH,,DISREGARDING STOP SIGN,3100,N,NATOMA AVE,,"REPORTED, NOT EVIDENT",0,0,0,10,7,7,41.93648882,-87.79212798
08/27/2019 07:50:00 PM,30,NO CONTROLS,CLEAR,"DARKNESS, LIGHTED ROAD",NOT DIVIDED,DRY,INJURY AND / OR TOW DUE TO CRASH,,UNABLE TO DETERMINE,4358,S,INDIANA AVE,,NONINCAPACITATING INJURY,0,0,1,19,3,8,41.81484021,-87.62150782
07/13/2018 07:16:00 PM,25,TRAFFIC SIGNAL,CLEAR,DAYLIGHT,NOT DIVIDED,DRY,INJURY AND / OR TOW DUE TO CRASH,Y,FAILING TO YIELD RIGHT-OF-WAY,2398,W,GRANVILLE AVE,N,"REPORTED, NOT EVIDENT",0,0,0,19,6,7,41.99420345,-87.68970598
12/7/2021 9:55,30,TRAFFIC SIGNAL,CLEAR,DAYLIGHT,NOT DIVIDED,DRY,INJURY AND / OR TOW DUE TO CRASH,,UNABLE TO DETERMINE,4700,S,RACINE AVE,,NONINCAPACITATING INJURY,0,0,1,9,3,12,41.80868788,-87.65538678
08/24/2021 02:30:00 PM,25,STOP SIGN/FLASHER,CLEAR,DAYLIGHT,ONE-WAY,DRY,NO INJURY / DRIVE AWAY,,UNABLE TO DETERMINE,6300,S,WINCHESTER AVE,,NO INDICATION OF INJURY,0,0,0,14,3,8,41.77924666,-87.6728452
08/13/2020 08:45:00 PM,30,TRAFFIC SIGNAL,CLEAR,"DARKNESS, LIGHTED ROAD",NOT DIVIDED,UNKNOWN,NO INJURY / DRIVE AWAY,Y,FAILING TO YIELD RIGHT-OF-WAY,1601,S,WESTERN AVE,,NO INDICATION OF INJURY,0,0,0,20,5,8,41.85932051,-87.68568583
09/21/2022 05:55:00 PM,30,STOP SIGN/FLASHER,CLEAR,DAYLIGHT,NOT DIVIDED,DRY,INJURY AND / OR TOW DUE TO CRASH,,FAILING TO YIELD RIGHT-OF-WAY,525,N,GREEN ST,,NONINCAPACITATING INJURY,0,0,1,17,4,9,41.89190342,-87.64864017
08/28/2021 12:00:00 PM,30,NO CONTROLS,CLEAR,DAYLIGHT,NOT DIVIDED,DRY,NO INJURY / DRIVE AWAY,Y,IMPROPER OVERTAKING/PASSING,1345,N,PULASKI RD,,NO INDICATION OF INJURY,0,0,0,12,7,8,41.90579384,-87.72625114
10/8/2020 15:53,30,STOP SIGN/FLASHER,CLEAR,DAYLIGHT,FOUR WAY,DRY,INJURY AND / OR TOW DUE TO CRASH,,FAILING TO YIELD RIGHT-OF-WAY,5300,N,CALIFORNIA AVE,,INCAPACITATING INJURY,0,1,0,15,5,10,41.9776875,-87.69912872
06/14/2018 07:45:00 AM,30,NO CONTROLS,CLEAR,DAYLIGHT,ONE-WAY,DRY,NO INJURY / DRIVE AWAY,Y,UNABLE TO DETERMINE,2200,N,HAMLIN AVE,Y,NO INDICATION OF INJURY,0,0,0,7,5,6,41.92092734,-87.72192541
07/20/2020 06:44:00 PM,30,NO CONTROLS,CLEAR,DUSK,UNKNOWN,DRY,NO INJURY / DRIVE AWAY,,NOT APPLICABLE,5901,S,WHIPPLE ST,,NO INDICATION OF INJURY,0,0,0,18,2,7,41.78621851,-87.69954166
11/30/2021 09:30:00 AM,30,STOP SIGN/FLASHER,CLEAR,DAYLIGHT,NOT DIVIDED,DRY,NO INJURY / DRIVE AWAY,,UNABLE TO DETERMINE,2398,W,52ND ST,,NO INDICATION OF INJURY,0,0,0,9,3,11,41.79893754,-87.68351638
06/28/2019 05:20:00 PM,30,NO CONTROLS,CLOUDY/OVERCAST,DAYLIGHT,PARKING LOT,DRY,NO INJURY / DRIVE AWAY,Y,FAILING TO YIELD RIGHT-OF-WAY,938,W,MONTROSE AVE,,NO INDICATION OF INJURY,0,0,0,17,6,6,41.9619,-87.65387859
4/3/2018 7:58,30,NO CONTROLS,RAIN,DAYLIGHT,NOT DIVIDED,WET,INJURY AND / OR TOW DUE TO CRASH,,IMPROPER TURNING/NO SIGNAL,2233,S,DR MARTIN LUTHER KING JR DR,,INCAPACITATING INJURY,0,1,0,7,3,4,41.85207557,-87.6188508
04/20/2018 08:00:00 PM,30,NO CONTROLS,CLEAR,DARKNESS,DIVIDED - W/MEDIAN (NOT RAISED),DRY,INJURY AND / OR TOW DUE TO CRASH,,IMPROPER OVERTAKING/PASSING,1714,N,WELLS ST,,"REPORTED, NOT EVIDENT",0,0,0,20,6,4,41.91334329,-87.63492637
06/20/2021 07:37:00 PM,30,TRAFFIC SIGNAL,RAIN,"DARKNESS, LIGHTED ROAD",FOUR WAY,WET,INJURY AND / OR TOW DUE TO CRASH,,FAILING TO YIELD RIGHT-OF-WAY,2400,N,LAKE SHORE DR SB,,NONINCAPACITATING INJURY,0,0,1,19,1,6,41.92616072,-87.63151467
07/29/2019 02:15:00 PM,30,NO CONTROLS,CLOUDY/OVERCAST,DAYLIGHT,DRIVEWAY,DRY,INJURY AND / OR TOW DUE TO CRASH,,UNABLE TO DETERMINE,6177,N,NORTHWEST HWY,,NONINCAPACITATING INJURY,0,0,1,14,2,7,41.99410486,-87.80175139
10/6/2021 20:25,30,NO CONTROLS,UNKNOWN,"DARKNESS, LIGHTED ROAD",NOT DIVIDED,UNKNOWN,NO INJURY / DRIVE AWAY,,UNABLE TO DETERMINE,2235,N,MILWAUKEE AVE,,NO INDICATION OF INJURY,0,0,0,20,4,10,41.92148888,-87.69481493
02/19/2023 05:12:00 PM,30,NO CONTROLS,CLEAR,DARKNESS,NOT DIVIDED,DRY,NO INJURY / DRIVE AWAY,,NOT APPLICABLE,3632,W,DIVERSEY AVE,,NO INDICATION OF INJURY,0,0,0,17,1,2,41.93200221,-87.71855901
09/21/2017 03:17:00 PM,20,STOP SIGN/FLASHER,CLEAR,DAYLIGHT,ONE-WAY,DRY,INJURY AND / OR TOW DUE TO CRASH,,FAILING TO YIELD RIGHT-OF-WAY,300,N,LAVERGNE AVE,,NONINCAPACITATING INJURY,0,0,1,15,5,9,41.88575468,-87.75051126
07/15/2019 06:21:00 PM,35,NO CONTROLS,CLEAR,DAYLIGHT,ONE-WAY,DRY,NO INJURY / DRIVE AWAY,,UNABLE TO DETERMINE,8000,S,EMERALD AVE,,NO INDICATION OF INJURY,0,0,0,18,2,7,41.74874572,-87.64291128
6/5/2023 17:20,35,TRAFFIC SIGNAL,UNKNOWN,UNKNOWN,NOT DIVIDED,UNKNOWN,NO INJURY / DRIVE AWAY,,FAILING TO REDUCE SPEED TO AVOID CRASH,2,W,HARRISON ST,,NO INDICATION OF INJURY,0,0,0,17,2,6,41.87466255,-87.62766344
11/11/2015 18:00,15,NO CONTROLS,CLEAR,"DARKNESS, LIGHTED ROAD",ONE-WAY,DRY,NO INJURY / DRIVE AWAY,Y,FAILING TO YIELD RIGHT-OF-WAY,4800,N,RAVENSWOOD AVE,,NO INDICATION OF INJURY,0,0,0,18,4,11,41.96896688,-87.67432436
08/27/2023 04:20:00 PM,35,TRAFFIC SIGNAL,CLEAR,DAYLIGHT,DIVIDED - W/MEDIAN (NOT RAISED),DRY,INJURY AND / OR TOW DUE TO CRASH,,UNABLE TO DETERMINE,3300,S,HALSTED ST,,INCAPACITATING INJURY,0,1,0,16,1,8,41.83480798,-87.64634873
10/8/2022 13:16,30,TRAFFIC SIGNAL,CLEAR,DAYLIGHT,DIVIDED - W/MEDIAN (NOT RAISED),DRY,INJURY AND / OR TOW DUE TO CRASH,,UNDER THE INFLUENCE OF ALCOHOL/DRUGS (USE WHEN ARREST IS EFFECTED),2402,W,BELMONT AVE,,INCAPACITATING INJURY,0,1,1,13,7,10,41.93957088,-87.68826214
8/6/2019 17:20,30,TRAFFIC SIGNAL,CLEAR,DAYLIGHT,DIVIDED - W/MEDIAN (NOT RAISED),DRY,INJURY AND / OR TOW DUE TO CRASH,Y,IMPROPER LANE USAGE,2779,N,DAMEN AVE,,INCAPACITATING INJURY,0,1,0,17,3,8,41.93184675,-87.67798786
05/29/2019 05:05:00 PM,30,STOP SIGN/FLASHER,CLEAR,DAYLIGHT,DIVIDED - W/MEDIAN BARRIER,DRY,INJURY AND / OR TOW DUE TO CRASH,,NOT APPLICABLE,1120,W,MADISON ST,N,NONINCAPACITATING INJURY,0,0,1,17,4,5,41.8817605,-87.65532425
08/22/2017 07:30:00 PM,35,TRAFFIC SIGNAL,CLEAR,"DARKNESS, LIGHTED ROAD",NOT DIVIDED,DRY,NO INJURY / DRIVE AWAY,,UNABLE TO DETERMINE,500,N,ORLEANS ST,,NO INDICATION OF INJURY,0,0,0,19,3,8,41.89078188,-87.63715774
6/2/2023 23:00,35,STOP SIGN/FLASHER,CLEAR,"DARKNESS, LIGHTED ROAD",FOUR WAY,DRY,INJURY AND / OR TOW DUE TO CRASH,Y,UNABLE TO DETERMINE,2101,N,PULASKI RD,,INCAPACITATING INJURY,0,1,0,23,6,6,41.91904149,-87.72646926
05/28/2019 07:24:00 AM,30,TRAFFIC SIGNAL,CLEAR,DAYLIGHT,NOT DIVIDED,DRY,INJURY AND / OR TOW DUE TO CRASH,,IMPROPER TURNING/NO SIGNAL,800,W,NORTH AVE,,"REPORTED, NOT EVIDENT",0,0,0,7,3,5,41.91102851,-87.64833581
06/27/2020 10:10:00 AM,30,TRAFFIC SIGNAL,CLEAR,DAYLIGHT,NOT DIVIDED,DRY,INJURY AND / OR TOW DUE TO CRASH,,NOT APPLICABLE,1576,N,MILWAUKEE AVE,,NONINCAPACITATING INJURY,0,0,1,10,7,6,41.91005984,-87.67719123
08/23/2021 12:25:00 PM,30,TRAFFIC SIGNAL,CLEAR,DAYLIGHT,OTHER,DRY,INJURY AND / OR TOW DUE TO CRASH,Y,UNABLE TO DETERMINE,501,W,18TH ST,,NONINCAPACITATING INJURY,0,0,1,12,2,8,41.85755492,-87.63898418
09/14/2023 07:41:00 AM,30,STOP SIGN/FLASHER,CLEAR,DAYLIGHT,NOT DIVIDED,DRY,INJURY AND / OR TOW DUE TO CRASH,,"VISION OBSCURED (SIGNS, TREE LIMBS, BUILDINGS, ETC.)",5200,W,AINSLIE ST,N,NONINCAPACITATING INJURY,0,0,1,7,5,9,41.96984533,-87.75763087
6/7/2020 12:15,30,NO CONTROLS,CLEAR,DAYLIGHT,NOT DIVIDED,DRY,NO INJURY / DRIVE AWAY,Y,FAILING TO YIELD RIGHT-OF-WAY,502,N,KINGSBURY ST,,NO INDICATION OF INJURY,0,0,0,12,1,6,41.89073976,-87.63943924
4/7/2023 16:30,30,NO CONTROLS,CLEAR,DAYLIGHT,DIVIDED - W/MEDIAN (NOT RAISED),DRY,INJURY AND / OR TOW DUE TO CRASH,,FAILING TO YIELD RIGHT-OF-WAY,560,W,KINZIE ST,,NONINCAPACITATING INJURY,0,0,1,16,6,4,41.88916393,-87.64213453
3/9/2018 8:30,30,NO CONTROLS,CLEAR,DAYLIGHT,ONE-WAY,DRY,NO INJURY / DRIVE AWAY,,FAILING TO YIELD RIGHT-OF-WAY,369,W,WASHINGTON ST,Y,NO INDICATION OF INJURY,0,0,0,8,6,3,41.88308985,-87.63738128
6/3/2023 20:10,30,TRAFFIC SIGNAL,CLEAR,DUSK,NOT DIVIDED,DRY,INJURY AND / OR TOW DUE TO CRASH,,FAILING TO REDUCE SPEED TO AVOID CRASH,3204,N,BROADWAY,,"REPORTED, NOT EVIDENT",0,0,0,20,7,6,41.94021952,-87.6445522
3/9/2021 19:44,30,TRAFFIC SIGNAL,CLEAR,DARKNESS,NOT DIVIDED,DRY,INJURY AND / OR TOW DUE TO CRASH,,IMPROPER LANE USAGE,1100,S,WABASH AVE,,NONINCAPACITATING INJURY,0,0,1,19,3,3,41.86917667,-87.62601915
12/7/2016 20:20,30,NO CONTROLS,CLEAR,"DARKNESS, LIGHTED ROAD",NOT DIVIDED,DRY,INJURY AND / OR TOW DUE TO CRASH,,UNABLE TO DETERMINE,542,W,KINZIE ST,Y,NONINCAPACITATING INJURY,0,0,1,20,4,12,41.88916512,-87.64147418
6/1/2023 10:55,30,NO CONTROLS,CLEAR,DAYLIGHT,FOUR WAY,DRY,INJURY AND / OR TOW DUE TO CRASH,Y,FAILING TO YIELD RIGHT-OF-WAY,8500,S,STONY ISLAND AVE,,NONINCAPACITATING INJURY,0,0,1,10,5,6,41.74050623,-87.58587462
10/11/2023 8:30,30,NO CONTROLS,CLEAR,DAYLIGHT,NOT DIVIDED,DRY,INJURY AND / OR TOW DUE TO CRASH,,FAILING TO YIELD RIGHT-OF-WAY,700,W,LAKE ST,,NONINCAPACITATING INJURY,0,0,1,8,4,10,41.88579694,-87.64570081
6/10/2019 18:56,30,NO CONTROLS,CLEAR,DAYLIGHT,OTHER,DRY,INJURY AND / OR TOW DUE TO CRASH,,NOT APPLICABLE,2155,N,DAMEN AVE,Y,"REPORTED, NOT EVIDENT",0,0,0,18,2,6,41.92123601,-87.67760004
05/26/2018 07:15:00 AM,30,TRAFFIC SIGNAL,CLEAR,DAYLIGHT,NOT DIVIDED,DRY,NO INJURY / DRIVE AWAY,Y,DISREGARDING TRAFFIC SIGNALS,11100,S,INDIANA AVE,,NO INDICATION OF INJURY,0,0,0,7,7,5,41.69255566,-87.61842881
09/29/2023 08:32:00 PM,30,NO CONTROLS,CLEAR,"DARKNESS, LIGHTED ROAD",NOT DIVIDED,DRY,NO INJURY / DRIVE AWAY,Y,UNABLE TO DETERMINE,242,W,69TH ST,,NO INDICATION OF INJURY,0,0,0,20,6,9,41.76916415,-87.63155024
12/27/2021 02:45:00 PM,30,NO CONTROLS,UNKNOWN,DAYLIGHT,NOT DIVIDED,UNKNOWN,INJURY AND / OR TOW DUE TO CRASH,,FOLLOWING TOO CLOSELY,3523,N,WHIPPLE ST,,NONINCAPACITATING INJURY,0,0,1,14,2,12,41.94546715,-87.70396244
12/20/2019 06:00:00 PM,30,NO CONTROLS,CLEAR,"DARKNESS, LIGHTED ROAD",NOT DIVIDED,DRY,INJURY AND / OR TOW DUE TO CRASH,,FAILING TO YIELD RIGHT-OF-WAY,6500,N,SHERIDAN RD,Y,NONINCAPACITATING INJURY,0,0,1,18,6,12,42.0004435,-87.66085935
09/30/2018 02:25:00 PM,30,NO CONTROLS,CLEAR,DAYLIGHT,NOT DIVIDED,DRY,INJURY AND / OR TOW DUE TO CRASH,,UNABLE TO DETERMINE,3310,N,DAMEN AVE,Y,"REPORTED, NOT EVIDENT",0,0,0,14,1,9,41.9417311,-87.67855892
10/29/2018 06:50:00 PM,30,TRAFFIC SIGNAL,CLEAR,"DARKNESS, LIGHTED ROAD",NOT DIVIDED,DRY,INJURY AND / OR TOW DUE TO CRASH,,UNABLE TO DETERMINE,8700,S,JEFFERY BLVD,,NONINCAPACITATING INJURY,0,0,1,18,2,10,41.73696313,-87.57586271
08/19/2022 04:45:00 PM,30,OTHER,CLEAR,DAYLIGHT,NOT DIVIDED,DRY,INJURY AND / OR TOW DUE TO CRASH,,UNABLE TO DETERMINE,1700,W,PRATT BLVD,,INCAPACITATING INJURY,0,1,1,16,6,8,42.00544155,-87.67314824
7/4/2023 12:11,30,TRAFFIC SIGNAL,CLEAR,DAYLIGHT,NOT DIVIDED,DRY,INJURY AND / OR TOW DUE TO CRASH,,IMPROPER OVERTAKING/PASSING,5159,N,SHERIDAN RD,Y,NONINCAPACITATING INJURY,0,0,1,12,3,7,41.97633469,-87.65484971
08/29/2017 11:25:00 AM,30,NO CONTROLS,RAIN,DAYLIGHT,ONE-WAY,WET,INJURY AND / OR TOW DUE TO CRASH,Y,UNABLE TO DETERMINE,1403,S,HAMLIN AVE,,NONINCAPACITATING INJURY,0,0,1,11,3,8,41.86200862,-87.72002253
11/5/2019 19:47,30,TRAFFIC SIGNAL,CLEAR,"DARKNESS, LIGHTED ROAD",ONE-WAY,DRY,INJURY AND / OR TOW DUE TO CRASH,,IMPROPER LANE USAGE,410,N,DEARBORN ST,,NONINCAPACITATING INJURY,0,0,1,19,3,11,41.88963425,-87.6297443
07/23/2020 07:35:00 PM,30,NO CONTROLS,CLEAR,DAYLIGHT,DIVIDED - W/MEDIAN (NOT RAISED),DRY,INJURY AND / OR TOW DUE TO CRASH,,IMPROPER TURNING/NO SIGNAL,4233,N,CICERO AVE,,NONINCAPACITATING INJURY,0,0,1,19,5,7,41.9580308,-87.74730073
4/10/2017 8:26,30,TRAFFIC SIGNAL,RAIN,DAYLIGHT,DIVIDED - W/MEDIAN (NOT RAISED),WET,INJURY AND / OR TOW DUE TO CRASH,,UNABLE TO DETERMINE,2398,W,HARRISON ST,,NONINCAPACITATING INJURY,0,0,1,8,2,4,41.87400173,-87.6861761
06/19/2017 01:00:00 PM,15,NO CONTROLS,CLEAR,DAYLIGHT,DIVIDED - W/MEDIAN (NOT RAISED),DRY,INJURY AND / OR TOW DUE TO CRASH,,FAILING TO YIELD RIGHT-OF-WAY,1251,W,LAWRENCE AVE,,NONINCAPACITATING INJURY,0,0,1,13,2,6,41.96888405,-87.66180858
06/26/2019 12:40:00 PM,30,TRAFFIC SIGNAL,CLEAR,DAYLIGHT,NOT DIVIDED,DRY,INJURY AND / OR TOW DUE TO CRASH,,IMPROPER TURNING/NO SIGNAL,3343,N,KIMBALL AVE,,NONINCAPACITATING INJURY,0,0,1,12,4,6,41.94231617,-87.71245483
8/1/2020 20:12,30,TRAFFIC SIGNAL,CLOUDY/OVERCAST,DAYLIGHT,FOUR WAY,DRY,NO INJURY / DRIVE AWAY,,FOLLOWING TOO CLOSELY,5500,S,HYDE PARK BLVD,,NO INDICATION OF INJURY,0,0,0,20,7,8,41.7951358,-87.58409593
05/26/2019 01:10:00 PM,35,TRAFFIC SIGNAL,CLOUDY/OVERCAST,DAYLIGHT,Y-INTERSECTION,DRY,INJURY AND / OR TOW DUE TO CRASH,,FAILING TO YIELD RIGHT-OF-WAY,5741,N,CLARK ST,,NONINCAPACITATING INJURY,0,0,1,13,1,5,41.98658596,-87.66936841
05/23/2023 07:25:00 AM,30,NO CONTROLS,CLEAR,DAYLIGHT,DIVIDED - W/MEDIAN (NOT RAISED),DRY,NO INJURY / DRIVE AWAY,,UNABLE TO DETERMINE,3500,N,ASHLAND AVE,,NO INDICATION OF INJURY,0,0,0,7,3,5,41.94525519,-87.66896382
03/16/2017 11:15:00 PM,30,STOP SIGN/FLASHER,CLEAR,"DARKNESS, LIGHTED ROAD",NOT DIVIDED,DRY,INJURY AND / OR TOW DUE TO CRASH,,DRIVING SKILLS/KNOWLEDGE/EXPERIENCE,2399,N,MILWAUKEE AVE,,"REPORTED, NOT EVIDENT",0,0,0,23,5,3,41.92481674,-87.7002345
10/18/2019 04:34:00 PM,25,NO CONTROLS,CLEAR,DAYLIGHT,NOT DIVIDED,DRY,INJURY AND / OR TOW DUE TO CRASH,,FAILING TO YIELD RIGHT-OF-WAY,3301,W,MONTROSE AVE,,NONINCAPACITATING INJURY,0,0,1,16,6,10,41.96104871,-87.71074879
7/12/2021 15:19,30,NO CONTROLS,CLEAR,DAYLIGHT,DIVIDED - W/MEDIAN (NOT RAISED),DRY,INJURY AND / OR TOW DUE TO CRASH,,"VISION OBSCURED (SIGNS, TREE LIMBS, BUILDINGS, ETC.)",2449,W,LAWRENCE AVE,,NONINCAPACITATING INJURY,0,0,1,15,2,7,41.96848652,-87.69084636
05/31/2017 08:00:00 AM,30,UNKNOWN,CLEAR,DAYLIGHT,UNKNOWN,DRY,INJURY AND / OR TOW DUE TO CRASH,,UNABLE TO DETERMINE,4032,W,CORTLAND ST,,INCAPACITATING INJURY,0,1,0,8,4,5,41.91543711,-87.7278679
07/18/2017 02:45:00 PM,30,STOP SIGN/FLASHER,CLEAR,DAYLIGHT,ONE-WAY,DRY,NO INJURY / DRIVE AWAY,,FAILING TO YIELD RIGHT-OF-WAY,5600,S,KOLMAR AVE,,NO INDICATION OF INJURY,0,0,0,14,3,7,41.79117331,-87.73672968
11/20/2018 04:10:00 PM,30,NO CONTROLS,CLEAR,DUSK,DIVIDED - W/MEDIAN BARRIER,DRY,NO INJURY / DRIVE AWAY,Y,FOLLOWING TOO CLOSELY,2627,N,KEDZIE AVE,,NO INDICATION OF INJURY,0,0,0,16,3,11,41.92922405,-87.70721511
10/15/2023 05:20:00 PM,30,STOP SIGN/FLASHER,CLEAR,DAYLIGHT,NOT DIVIDED,DRY,INJURY AND / OR TOW DUE TO CRASH,,NOT APPLICABLE,7858,S,SPRINGFIELD AVE,,NONINCAPACITATING INJURY,0,0,1,17,1,10,41.74961002,-87.72044234
2/11/2022 17:00,30,NO CONTROLS,CLOUDY/OVERCAST,DUSK,NOT DIVIDED,UNKNOWN,INJURY AND / OR TOW DUE TO CRASH,Y,UNABLE TO DETERMINE,3100,W,47TH ST,,NONINCAPACITATING INJURY,0,0,1,17,6,2,41.80827216,-87.70160905