CRASH_DATE,POSTED_SPEED_LIMIT,TRAFFIC_CONTROL_DEVICE,WEATHER_CONDITION,LIGHTING_CONDITION,TRAFFICWAY_TYPE,ROADWAY_SURFACE_COND,CRASH_TYPE,HIT_AND_RUN_I,PRIM_CONTRIBUTORY_CAUSE,STREET_NO,STREET_DIRECTION,STREET_NAME,DOORING_I,MOST_SEVERE_INJURY,INJURIES_FATAL,INJURIES_INCAPACITATING,INJURIES_NON_INCAPACITATING,CRASH_HOUR,CRASH_DAY_OF_WEEK,CRASH_MONTH,LATITUDE,LONGITUDE
7/2/2018 10:15,30,NO CONTROLS,CLEAR,DAWN,DIVIDED - W/MEDIAN (NOT RAISED),DRY,NO INJURY / DRIVE AWAY,,FAILING TO YIELD RIGHT-OF-WAY,1341,S,DAMEN AVE,,NO INDICATION OF INJURY,0,0,0,10,2,7,41.8637393,-87.67601908
08/18/2017 02:00:00 PM,30,STOP SIGN/FLASHER,CLEAR,DAYLIGHT,NOT DIVIDED,DRY,INJURY AND / OR TOW DUE TO CRASH,,FAILING TO YIELD RIGHT-OF-WAY,700,W,WILSON DR,,NONINCAPACITATING INJURY,0,0,1,14,6,8,41.96569709,-87.6478877
11/10/2017 15:58,30,NO CONTROLS,SNOW,"DARKNESS, LIGHTED ROAD",ALLEY,SNOW OR SLUSH,NO INJURY / DRIVE AWAY,Y,UNABLE TO DETERMINE,120,S,STATE ST,,NO INDICATION OF INJURY,0,0,0,15,6,11,41.88012466,-87.62787195
07/22/2017 10:20:00 PM,30,TRAFFIC SIGNAL,CLEAR,DARKNESS,DIVIDED - W/MEDIAN (NOT RAISED),DRY,INJURY AND / OR TOW DUE TO CRASH,,UNABLE TO DETERMINE,2569,N,MILWAUKEE AVE,,NONINCAPACITATING INJURY,0,0,1,22,7,7,41.92807807,-87.70555206
5/12/2017 13:10,35,NO CONTROLS,CLEAR,DAYLIGHT,NOT DIVIDED,DRY,INJURY AND / OR TOW DUE TO CRASH,,UNABLE TO DETERMINE,4758,W,MONTROSE AVE,,"REPORTED, NOT EVIDENT",0,0,0,13,6,5,41.96083297,-87.74748556
12/24/2019 03:07:00 PM,25,NO CONTROLS,CLEAR,DAYLIGHT,FOUR WAY,DRY,NO INJURY / DRIVE AWAY,,FAILING TO YIELD RIGHT-OF-WAY,6300,N,RIDGEWAY AVE,,NO INDICATION OF INJURY,0,0,0,15,3,12,41.99558032,-87.72286837
7/7/2020 15:50,30,NO CONTROLS,CLEAR,DAYLIGHT,NOT DIVIDED,DRY,INJURY AND / OR TOW DUE TO CRASH,,IMPROPER LANE USAGE,2332,W,ADDISON ST,,INCAPACITATING INJURY,0,1,0,15,3,7,41.94685852,-87.68710776
06/13/2022 01:45:00 PM,30,TRAFFIC SIGNAL,CLEAR,DAYLIGHT,DIVIDED - W/MEDIAN BARRIER,DRY,NO INJURY / DRIVE AWAY,,UNABLE TO DETERMINE,3000,N,ASHLAND AVE,,NO INDICATION OF INJURY,0,0,0,13,2,6,41.93609112,-87.66867815
07/16/2020 08:25:00 PM,30,TRAFFIC SIGNAL,CLEAR,DAWN,FOUR WAY,DRY,NO INJURY / DRIVE AWAY,,UNABLE TO DETERMINE,855,W,MADISON ST,,NO INDICATION OF INJURY,0,0,0,20,5,7,41.88163114,-87.6495476
6/6/2018 17:40,30,NO CONTROLS,CLEAR,DAYLIGHT,NOT DIVIDED,DRY,INJURY AND / OR TOW DUE TO CRASH,,FAILING TO YIELD RIGHT-OF-WAY,3911,N,WESTERN AVE,Y,NONINCAPACITATING INJURY,0,0,1,17,4,6,41.95252857,-87.68827658
12/18/2019 06:00:00 PM,30,TRAFFIC SIGNAL,CLEAR,"DARKNESS, LIGHTED ROAD",ONE-WAY,DRY,INJURY AND / OR TOW DUE TO CRASH,Y,UNABLE TO DETERMINE,2409,W,POTOMAC AVE,,NONINCAPACITATING INJURY,0,0,1,18,4,12,41.90473021,-87.68745239
12/6/2022 16:15,30,TRAFFIC SIGNAL,CLOUDY/OVERCAST,DUSK,FOUR WAY,DRY,NO INJURY / DRIVE AWAY,,IMPROPER TURNING/NO SIGNAL,766,N,OGDEN AVE,,NO INDICATION OF INJURY,0,0,0,16,3,12,41.89596155,-87.65506539
06/15/2022 10:00:00 AM,30,NO CONTROLS,CLEAR,DAYLIGHT,NOT DIVIDED,DRY,NO INJURY / DRIVE AWAY,,FAILING TO YIELD RIGHT-OF-WAY,2701,N,STOCKTON DR,,NO INDICATION OF INJURY,0,0,0,10,4,6,41.93154149,-87.6388474
10/23/2023 05:20:00 PM,30,STOP SIGN/FLASHER,UNKNOWN,DUSK,NOT DIVIDED,UNKNOWN,INJURY AND / OR TOW DUE TO CRASH,,UNABLE TO DETERMINE,1332,N,CICERO AVE,,"REPORTED, NOT EVIDENT",0,0,0,17,2,10,41.90503297,-87.74617179
9/12/2020 15:05,30,NO CONTROLS,RAIN,DAYLIGHT,ONE-WAY,WET,NO INJURY / DRIVE AWAY,Y,UNABLE TO DETERMINE,2110,N,MILWAUKEE AVE,,NO INDICATION OF INJURY,0,0,0,15,7,9,41.91950777,-87.69203056
6/5/2021 11:50,30,TRAFFIC SIGNAL,CLEAR,DAYLIGHT,FOUR WAY,DRY,INJURY AND / OR TOW DUE TO CRASH,,FAILING TO YIELD RIGHT-OF-WAY,800,N,OAKLEY BLVD,,INCAPACITATING INJURY,0,1,0,11,7,6,41.89582908,-87.68454473
05/20/2023 09:30:00 PM,30,NO CONTROLS,CLEAR,"DARKNESS, LIGHTED ROAD",NOT DIVIDED,DRY,INJURY AND / OR TOW DUE TO CRASH,,UNABLE TO DETERMINE,1422,N,MILWAUKEE AVE,,NONINCAPACITATING INJURY,0,0,1,21,7,5,41.90771542,-87.67352857
03/28/2023 07:33:00 PM,30,NO CONTROLS,CLEAR,DAYLIGHT,Y-INTERSECTION,DRY,INJURY AND / OR TOW DUE TO CRASH,N,NOT APPLICABLE,300,W,FULLERTON PKWY,,"REPORTED, NOT EVIDENT",0,0,0,19,3,3,41.92576556,-87.63665127
07/27/2022 09:09:00 PM,30,UNKNOWN,CLEAR,"DARKNESS, LIGHTED ROAD",NOT DIVIDED,DRY,INJURY AND / OR TOW DUE TO CRASH,Y,NOT APPLICABLE,1329,N,KOSTNER AVE,,INCAPACITATING INJURY,0,1,0,21,4,7,41.90518622,-87.73606732
07/31/2020 02:30:00 PM,30,NO CONTROLS,CLEAR,DAYLIGHT,DIVIDED - W/MEDIAN (NOT RAISED),DRY,INJURY AND / OR TOW DUE TO CRASH,Y,UNABLE TO DETERMINE,4598,W,MONROE ST,,"REPORTED, NOT EVIDENT",0,0,0,14,6,7,41.87969386,-87.74056997
8/12/2018 9:00,30,TRAFFIC SIGNAL,CLEAR,DAYLIGHT,NOT DIVIDED,DRY,INJURY AND / OR TOW DUE TO CRASH,Y,FAILING TO YIELD RIGHT-OF-WAY,5990,N,JERSEY AVE,,NONINCAPACITATING INJURY,0,0,1,9,1,8,41.99024938,-87.7111424
08/24/2022 08:18:00 AM,30,NO CONTROLS,CLEAR,DAYLIGHT,NOT DIVIDED,DRY,INJURY AND / OR TOW DUE TO CRASH,,IMPROPER OVERTAKING/PASSING,2226,W,21ST ST,,NONINCAPACITATING INJURY,0,0,1,8,4,8,41.85401555,-87.68190695
10/16/2017 02:40:00 PM,25,NO CONTROLS,CLEAR,DAYLIGHT,NOT DIVIDED,DRY,NO INJURY / DRIVE AWAY,,FAILING TO YIELD RIGHT-OF-WAY,3724,N,CLARK ST,Y,NO INDICATION OF INJURY,0,0,0,14,2,10,41.9497062,-87.65870141
12/16/2019 10:30:00 AM,30,NO CONTROLS,CLEAR,DAYLIGHT,DIVIDED - W/MEDIAN (NOT RAISED),DRY,NO INJURY / DRIVE AWAY,,UNABLE TO DETERMINE,3350,W,FULLERTON AVE,,NO INDICATION OF INJURY,0,0,0,10,2,12,41.92477195,-87.71204147
11/4/2023 14:00,30,NO CONTROLS,CLEAR,DAYLIGHT,NOT DIVIDED,UNKNOWN,INJURY AND / OR TOW DUE TO CRASH,,UNABLE TO DETERMINE,9445,S,LEAVITT ST,,NONINCAPACITATING INJURY,0,0,1,14,7,11,41.72145652,-87.67708587
07/25/2021 02:47:00 AM,30,NO CONTROLS,CLEAR,"DARKNESS, LIGHTED ROAD",NOT DIVIDED,DRY,INJURY AND / OR TOW DUE TO CRASH,Y,UNABLE TO DETERMINE,71,W,HUBBARD ST,,NONINCAPACITATING INJURY,0,0,1,2,1,7,41.8899146,-87.63082841
08/14/2022 11:55:00 AM,30,NO CONTROLS,CLEAR,DAYLIGHT,NOT DIVIDED,DRY,INJURY AND / OR TOW DUE TO CRASH,,UNABLE TO DETERMINE,4831,W,GRAND AVE,,"REPORTED, NOT EVIDENT",0,0,0,11,1,8,41.91420942,-87.74725372
8/8/2017 11:40,25,STOP SIGN/FLASHER,CLEAR,DAYLIGHT,DIVIDED - W/MEDIAN (NOT RAISED),DRY,INJURY AND / OR TOW DUE TO CRASH,,FAILING TO REDUCE SPEED TO AVOID CRASH,8000,S,VINCENNES AVE,,NONINCAPACITATING INJURY,0,0,1,11,3,8,41.74888097,-87.6348608
06/17/2023 03:21:00 PM,30,TRAFFIC SIGNAL,CLEAR,DAYLIGHT,NOT DIVIDED,DRY,NO INJURY / DRIVE AWAY,,IMPROPER LANE USAGE,799,W,ROOT ST,,NO INDICATION OF INJURY,0,0,0,15,7,6,41.8186546,-87.64570959
9/9/2017 13:30,15,NO CONTROLS,CLEAR,DAYLIGHT,ALLEY,DRY,INJURY AND / OR TOW DUE TO CRASH,,FAILING TO YIELD RIGHT-OF-WAY,5210,N,SAWYER AVE,,NONINCAPACITATING INJURY,0,0,1,13,7,9,41.97610787,-87.71005318
11/29/2022 07:45:00 AM,30,NO CONTROLS,CLEAR,DAYLIGHT,DIVIDED - W/MEDIAN (NOT RAISED),DRY,INJURY AND / OR TOW DUE TO CRASH,Y,IMPROPER LANE USAGE,4298,N,MILWAUKEE AVE,,NONINCAPACITATING INJURY,0,0,1,7,3,11,41.95872644,-87.75300338
6/7/2023 18:50,30,NO CONTROLS,CLEAR,DAYLIGHT,NOT DIVIDED,DRY,INJURY AND / OR TOW DUE TO CRASH,,UNABLE TO DETERMINE,5138,S,CORNELL AVE,,NONINCAPACITATING INJURY,0,0,1,18,4,6,41.80129254,-87.58631494
01/26/2016 01:00:00 PM,30,NO CONTROLS,CLOUDY/OVERCAST,DAYLIGHT,DIVIDED - W/MEDIAN (NOT RAISED),DRY,NO INJURY / DRIVE AWAY,Y,FAILING TO YIELD RIGHT-OF-WAY,1610,W,AUGUSTA BLVD,,NO INDICATION OF INJURY,0,0,0,13,3,1,41.89980887,-87.66787532
6/1/2023 20:21,30,STOP SIGN/FLASHER,CLEAR,"DARKNESS, LIGHTED ROAD",DIVIDED - W/MEDIAN (NOT RAISED),DRY,NO INJURY / DRIVE AWAY,Y,UNABLE TO DETERMINE,4800,S,LAWLER AVE,,NO INDICATION OF INJURY,0,0,0,20,5,6,41.80562493,-87.74936385
07/21/2022 09:50:00 AM,25,TRAFFIC SIGNAL,CLEAR,DAYLIGHT,FOUR WAY,DRY,INJURY AND / OR TOW DUE TO CRASH,,DISREGARDING TRAFFIC SIGNALS,7200,N,SACRAMENTO AVE,,NONINCAPACITATING INJURY,0,0,1,9,5,7,42.01201207,-87.70459858
03/29/2018 04:15:00 PM,30,NO CONTROLS,CLEAR,DAYLIGHT,NOT DIVIDED,DRY,NO INJURY / DRIVE AWAY,,FAILING TO YIELD RIGHT-OF-WAY,340,W,KINZIE ST,,NO INDICATION OF INJURY,0,0,0,16,5,3,41.88924144,-87.63702185
08/23/2023 11:35:00 AM,30,TRAFFIC SIGNAL,CLEAR,DAYLIGHT,DIVIDED - W/MEDIAN (NOT RAISED),DRY,NO INJURY / DRIVE AWAY,,FAILING TO YIELD RIGHT-OF-WAY,1000,N,PULASKI RD,,NO INDICATION OF INJURY,0,0,0,11,4,8,41.89910948,-87.72634259
6/8/2016 11:50,35,NO CONTROLS,CLEAR,DAYLIGHT,ONE-WAY,DRY,NO INJURY / DRIVE AWAY,,IMPROPER OVERTAKING/PASSING,152,W,MONROE ST,,NO INDICATION OF INJURY,0,0,0,11,4,6,41.88078614,-87.63245956
7/2/2018 15:40,35,TRAFFIC SIGNAL,CLEAR,DAYLIGHT,ONE-WAY,DRY,INJURY AND / OR TOW DUE TO CRASH,Y,IMPROPER LANE USAGE,1000,N,LAKE SHORE DR NB,,NONINCAPACITATING INJURY,0,0,1,15,2,7,41.90095892,-87.61992817
05/19/2017 07:15:00 AM,30,TRAFFIC SIGNAL,CLOUDY/OVERCAST,DAYLIGHT,DIVIDED - W/MEDIAN (NOT RAISED),DRY,NO INJURY / DRIVE AWAY,,IMPROPER OVERTAKING/PASSING,1559,N,DAMEN AVE,,NO INDICATION OF INJURY,0,0,0,7,6,5,41.91001551,-87.67730625
9/7/2015 14:51,30,NO CONTROLS,CLEAR,DAYLIGHT,NOT DIVIDED,DRY,INJURY AND / OR TOW DUE TO CRASH,Y,HAD BEEN DRINKING (USE WHEN ARREST IS NOT MADE),1501,W,DEVON AVE,Y,INCAPACITATING INJURY,0,1,0,14,2,9,41.99800009,-87.66789453
6/10/2023 21:15,35,TRAFFIC SIGNAL,CLEAR,"DARKNESS, LIGHTED ROAD",FOUR WAY,DRY,INJURY AND / OR TOW DUE TO CRASH,Y,UNABLE TO DETERMINE,1201,W,LAWRENCE AVE,,NONINCAPACITATING INJURY,0,0,1,21,7,6,41.96891412,-87.65973492
4/2/2023 15:20,30,NO CONTROLS,CLEAR,DAYLIGHT,NOT DIVIDED,DRY,INJURY AND / OR TOW DUE TO CRASH,,UNABLE TO DETERMINE,3223,N,CLARK ST,Y,NONINCAPACITATING INJURY,0,0,1,15,1,4,41.94063435,-87.65105736
08/29/2016 06:12:00 PM,30,NO CONTROLS,CLEAR,DAYLIGHT,NOT DIVIDED,DRY,INJURY AND / OR TOW DUE TO CRASH,,"OPERATING VEHICLE IN ERRATIC, RECKLESS, CARELESS, NEGLIGENT OR AGGRESSIVE MANNER",1,N,SACRAMENTO BLVD,,INCAPACITATING INJURY,0,1,0,18,2,8,41.8810749,-87.70106293
08/27/2021 03:50:00 PM,30,NO CONTROLS,CLEAR,DAYLIGHT,NOT DIVIDED,DRY,INJURY AND / OR TOW DUE TO CRASH,Y,FAILING TO YIELD RIGHT-OF-WAY,658,N,MILWAUKEE AVE,,NONINCAPACITATING INJURY,0,0,1,15,6,8,41.89348596,-87.65136765
06/29/2018 11:00:00 AM,30,UNKNOWN,CLEAR,DAYLIGHT,NOT DIVIDED,UNKNOWN,INJURY AND / OR TOW DUE TO CRASH,,IMPROPER OVERTAKING/PASSING,400,N,DESPLAINES ST,,INCAPACITATING INJURY,0,1,0,11,6,6,41.88907451,-87.64448187
05/30/2022 10:15:00 PM,30,NO CONTROLS,CLEAR,"DARKNESS, LIGHTED ROAD",NOT DIVIDED,DRY,NO INJURY / DRIVE AWAY,Y,IMPROPER TURNING/NO SIGNAL,6100,N,NAGLE AVE,,NO INDICATION OF INJURY,0,0,0,22,2,5,41.99164683,-87.78771945
10/6/2017 19:19,30,NO CONTROLS,RAIN,DARKNESS,ONE-WAY,WET,INJURY AND / OR TOW DUE TO CRASH,,"VISION OBSCURED (SIGNS, TREE LIMBS, BUILDINGS, ETC.)",1130,W,ROSCOE ST,Y,NONINCAPACITATING INJURY,0,0,1,19,6,10,41.94362137,-87.65792008
4/8/2022 12:25,30,NO CONTROLS,RAIN,DAYLIGHT,NOT DIVIDED,WET,INJURY AND / OR TOW DUE TO CRASH,,UNABLE TO DETERMINE,2812,N,WOLCOTT AVE,,INCAPACITATING INJURY,0,1,0,12,6,4,41.93273196,-87.67584927
10/11/2019 16:07,30,NO CONTROLS,RAIN,DAYLIGHT,NOT DIVIDED,WET,INJURY AND / OR TOW DUE TO CRASH,,UNABLE TO DETERMINE,2245,S,WENTWORTH AVE,Y,NONINCAPACITATING INJURY,0,0,1,16,6,10,41.85159572,-87.63183691
03/17/2022 07:18:00 AM,30,STOP SIGN/FLASHER,CLEAR,DAYLIGHT,T-INTERSECTION,DRY,INJURY AND / OR TOW DUE TO CRASH,,FAILING TO YIELD RIGHT-OF-WAY,5501,S,ALBANY AVE,,NONINCAPACITATING INJURY,0,0,1,7,5,3,41.79346992,-87.70096978
05/28/2022 11:00:00 AM,30,NO CONTROLS,CLEAR,DAYLIGHT,NOT DIVIDED,DRY,INJURY AND / OR TOW DUE TO CRASH,,UNABLE TO DETERMINE,3441,N,SHEFFIELD AVE,,NONINCAPACITATING INJURY,0,0,1,11,7,5,41.94477276,-87.65410785
7/1/2018 14:30,30,UNKNOWN,CLEAR,DAYLIGHT,DIVIDED - W/MEDIAN BARRIER,DRY,INJURY AND / OR TOW DUE TO CRASH,Y,NOT APPLICABLE,2500,S,DR MARTIN LUTHER KING JR DR,,"REPORTED, NOT EVIDENT",0,0,0,14,1,7,41.84751666,-87.61786267
09/18/2018 07:00:00 PM,30,TRAFFIC SIGNAL,CLEAR,DARKNESS,ONE-WAY,DRY,INJURY AND / OR TOW DUE TO CRASH,,FAILING TO YIELD RIGHT-OF-WAY,100,E,RANDOLPH ST,,NONINCAPACITATING INJURY,0,0,1,19,3,9,41.88457722,-87.62440363
07/29/2023 10:35:00 AM,30,NO CONTROLS,CLEAR,DAYLIGHT,DIVIDED - W/MEDIAN (NOT RAISED),DRY,INJURY AND / OR TOW DUE TO CRASH,,FAILING TO YIELD RIGHT-OF-WAY,2574,N,CLYBOURN AVE,,NONINCAPACITATING INJURY,0,0,1,10,7,7,41.92836727,-87.67382063
09/15/2017 10:15:00 PM,30,NO CONTROLS,CLEAR,"DARKNESS, LIGHTED ROAD",DIVIDED - W/MEDIAN (NOT RAISED),DRY,NO INJURY / DRIVE AWAY,,FAILING TO YIELD RIGHT-OF-WAY,6451,N,SHERIDAN RD,,NO INDICATION OF INJURY,0,0,0,22,6,9,41.99964587,-87.66053367
08/30/2022 02:40:00 PM,25,NO CONTROLS,CLEAR,DAYLIGHT,ONE-WAY,DRY,INJURY AND / OR TOW DUE TO CRASH,,FAILING TO YIELD RIGHT-OF-WAY,4332,N,LOWELL AVE,,NONINCAPACITATING INJURY,0,0,1,14,3,8,41.96001651,-87.73714641
05/23/2018 07:15:00 AM,20,STOP SIGN/FLASHER,CLEAR,DAYLIGHT,ONE-WAY,DRY,INJURY AND / OR TOW DUE TO CRASH,,UNABLE TO DETERMINE,3300,W,EVERGREEN AVE,,NONINCAPACITATING INJURY,0,0,1,7,4,5,41.90565178,-87.70944503
09/30/2022 03:30:00 PM,30,NO CONTROLS,CLEAR,DAYLIGHT,NOT DIVIDED,DRY,NO INJURY / DRIVE AWAY,Y,NOT APPLICABLE,5000,W,63RD ST,,NO INDICATION OF INJURY,0,0,0,15,6,9,41.77844408,-87.74721377
08/31/2021 04:30:00 PM,30,TRAFFIC SIGNAL,CLEAR,DAYLIGHT,DIVIDED - W/MEDIAN (NOT RAISED),DRY,INJURY AND / OR TOW DUE TO CRASH,,IMPROPER TURNING/NO SIGNAL,1600,S,HALSTED ST,,NONINCAPACITATING INJURY,0,0,1,16,3,8,41.85987078,-87.64685126
11/22/2016 06:15:00 PM,30,TRAFFIC SIGNAL,CLEAR,"DARKNESS, LIGHTED ROAD",CENTER TURN LANE,DRY,NO INJURY / DRIVE AWAY,,IMPROPER LANE USAGE,1156,W,63RD ST,,NO INDICATION OF INJURY,0,0,0,18,3,11,41.77971938,-87.65435877
06/20/2023 11:10:00 PM,30,NO CONTROLS,SEVERE CROSS WIND GATE,DARKNESS,UNKNOWN,OTHER,INJURY AND / OR TOW DUE TO CRASH,,UNDER THE INFLUENCE OF ALCOHOL/DRUGS (USE WHEN ARREST IS EFFECTED),3901,S,CALIFORNIA AVE,,NONINCAPACITATING INJURY,0,0,1,23,3,6,41.82273508,-87.69448432
08/17/2018 08:30:00 PM,20,NO CONTROLS,RAIN,"DARKNESS, LIGHTED ROAD",DIVIDED - W/MEDIAN (NOT RAISED),WET,NO INJURY / DRIVE AWAY,Y,FAILING TO YIELD RIGHT-OF-WAY,125,N,DAMEN AVE,,NO INDICATION OF INJURY,0,0,0,20,6,8,41.88390514,-87.67656393
09/23/2017 04:00:00 PM,30,UNKNOWN,CLEAR,DAYLIGHT,UNKNOWN,DRY,NO INJURY / DRIVE AWAY,,NOT APPLICABLE,6300,S,RHODES AVE,,NO INDICATION OF INJURY,0,0,0,16,7,9,41.78021025,-87.61216761
07/27/2021 06:00:00 PM,30,NO CONTROLS,CLEAR,DAYLIGHT,NOT DIVIDED,DRY,INJURY AND / OR TOW DUE TO CRASH,,UNABLE TO DETERMINE,2435,N,CLARK ST,Y,NONINCAPACITATING INJURY,0,0,1,18,3,7,41.92658248,-87.6409246
08/30/2021 05:30:00 PM,30,UNKNOWN,UNKNOWN,UNKNOWN,UNKNOWN,UNKNOWN,INJURY AND / OR TOW DUE TO CRASH,Y,UNABLE TO DETERMINE,995,N,RUSH ST,Y,"REPORTED, NOT EVIDENT",0,0,0,17,2,8,41.90075458,-87.6273535
7/2/2022 0:20,30,NO CONTROLS,CLEAR,"DARKNESS, LIGHTED ROAD",DIVIDED - W/MEDIAN (NOT RAISED),DRY,INJURY AND / OR TOW DUE TO CRASH,Y,UNABLE TO DETERMINE,1226,W,18TH ST,,NONINCAPACITATING INJURY,0,0,1,0,7,7,41.85804459,-87.65759191
09/19/2021 06:30:00 PM,30,TRAFFIC SIGNAL,CLEAR,DAYLIGHT,ONE-WAY,DRY,NO INJURY / DRIVE AWAY,,UNABLE TO DETERMINE,181,N,CLARK ST,,NO INDICATION OF INJURY,0,0,0,18,1,9,41.8852538,-87.63081561
6/4/2023 15:20,30,TRAFFIC SIGNAL,CLEAR,DAYLIGHT,FOUR WAY,DRY,INJURY AND / OR TOW DUE TO CRASH,Y,FAILING TO YIELD RIGHT-OF-WAY,2202,W,CERMAK RD,,NONINCAPACITATING INJURY,0,0,1,15,1,6,41.85220645,-87.68088626
9/11/2019 22:15,30,NO CONTROLS,CLEAR,DUSK,NOT DIVIDED,DRY,INJURY AND / OR TOW DUE TO CRASH,,UNABLE TO DETERMINE,2000,N,DAMEN AVE,,NONINCAPACITATING INJURY,0,0,1,22,4,9,41.91779304,-87.67776977
7/5/2019 19:00,30,TRAFFIC SIGNAL,CLEAR,DAYLIGHT,NOT DIVIDED,DRY,NO INJURY / DRIVE AWAY,Y,UNABLE TO DETERMINE,4000,W,LAKE ST,,NO INDICATION OF INJURY,0,0,0,19,6,7,41.88558032,-87.72592192
5/4/2023 10:45,30,TRAFFIC SIGNAL,CLEAR,DAYLIGHT,NOT DIVIDED,DRY,INJURY AND / OR TOW DUE TO CRASH,,TURNING RIGHT ON RED,3199,W,BRYN MAWR AVE,,NONINCAPACITATING INJURY,0,0,1,10,5,5,41.98295941,-87.70877488
08/16/2018 02:57:00 PM,25,TRAFFIC SIGNAL,CLEAR,DAYLIGHT,DIVIDED - W/MEDIAN (NOT RAISED),DRY,NO INJURY / DRIVE AWAY,,TURNING RIGHT ON RED,6801,N,CLARK ST,,NO INDICATION OF INJURY,0,0,0,14,5,8,42.00541939,-87.67297632
08/17/2023 05:37:00 AM,30,TRAFFIC SIGNAL,CLEAR,DAWN,FOUR WAY,DRY,INJURY AND / OR TOW DUE TO CRASH,,UNABLE TO DETERMINE,100,E,18TH ST,,NONINCAPACITATING INJURY,0,0,1,5,5,8,41.85798826,-87.62389466
4/12/2019 12:18,30,STOP SIGN/FLASHER,CLEAR,DAYLIGHT,NOT DIVIDED,DRY,INJURY AND / OR TOW DUE TO CRASH,,UNABLE TO DETERMINE,1900,N,CALIFORNIA AVE,,"REPORTED, NOT EVIDENT",0,0,0,12,6,4,41.91576102,-87.69729581
07/13/2021 07:55:00 PM,35,TRAFFIC SIGNAL,CLEAR,DARKNESS,NOT DIVIDED,DRY,INJURY AND / OR TOW DUE TO CRASH,,UNABLE TO DETERMINE,1599,W,119TH ST,,NONINCAPACITATING INJURY,0,0,1,19,3,7,41.67743582,-87.66130132
08/16/2019 09:51:00 PM,35,NO CONTROLS,CLEAR,"DARKNESS, LIGHTED ROAD",NOT DIVIDED,DRY,INJURY AND / OR TOW DUE TO CRASH,,UNABLE TO DETERMINE,3121,N,BROADWAY,Y,"REPORTED, NOT EVIDENT",0,0,0,21,6,8,41.93838073,-87.64419674
05/15/2022 02:49:00 AM,30,NO CONTROLS,CLEAR,"DARKNESS, LIGHTED ROAD",NOT DIVIDED,DRY,NO INJURY / DRIVE AWAY,,FOLLOWING TOO CLOSELY,218,W,DIVISION ST,,NO INDICATION OF INJURY,0,0,0,2,1,5,41.90395181,-87.6353198
9/8/2018 11:40,30,NO CONTROLS,CLOUDY/OVERCAST,DAYLIGHT,ONE-WAY,DRY,INJURY AND / OR TOW DUE TO CRASH,,DRIVING SKILLS/KNOWLEDGE/EXPERIENCE,4800,S,MARSHFIELD AVE,N,NONINCAPACITATING INJURY,0,0,1,11,7,9,41.80667666,-87.66628432
08/22/2022 07:48:00 AM,30,NO CONTROLS,CLEAR,DAYLIGHT,FOUR WAY,DRY,INJURY AND / OR TOW DUE TO CRASH,,FAILING TO YIELD RIGHT-OF-WAY,3600,N,DRAKE AVE,,NONINCAPACITATING INJURY,0,0,1,7,2,8,41.94660784,-87.7165376
7/4/2021 19:00,30,STOP SIGN/FLASHER,CLEAR,DAYLIGHT,FOUR WAY,DRY,INJURY AND / OR TOW DUE TO CRASH,Y,UNABLE TO DETERMINE,6358,W,SUNNYSIDE AVE,,NONINCAPACITATING INJURY,0,0,1,19,1,7,41.96213679,-87.78676887
06/17/2022 05:15:00 PM,30,NO CONTROLS,CLEAR,DAYLIGHT,T-INTERSECTION,DRY,INJURY AND / OR TOW DUE TO CRASH,,UNABLE TO DETERMINE,2434,W,MONTROSE AVE,,INCAPACITATING INJURY,0,1,0,17,6,6,41.9614127,-87.69010741
12/15/2020 09:36:00 PM,30,NO CONTROLS,CLEAR,"DARKNESS, LIGHTED ROAD",ALLEY,DRY,NO INJURY / DRIVE AWAY,Y,UNABLE TO DETERMINE,1200,N,WELLS ST,,NO INDICATION OF INJURY,0,0,0,21,3,12,41.90390599,-87.63462624
6/7/2023 11:28,30,NO CONTROLS,CLEAR,DAYLIGHT,ALLEY,DRY,INJURY AND / OR TOW DUE TO CRASH,,UNABLE TO DETERMINE,2940,N,LECLAIRE AVE,,NONINCAPACITATING INJURY,0,0,1,11,4,6,41.93450889,-87.75422866
07/20/2019 11:13:00 PM,30,STOP SIGN/FLASHER,CLEAR,"DARKNESS, LIGHTED ROAD",DIVIDED - W/MEDIAN (NOT RAISED),DRY,INJURY AND / OR TOW DUE TO CRASH,,FAILING TO YIELD RIGHT-OF-WAY,4700,N,CLARK ST,,INCAPACITATING INJURY,0,1,0,23,7,7,41.96715109,-87.66728414
5/8/2021 18:15,30,NO CONTROLS,CLEAR,DAYLIGHT,ALLEY,DRY,NO INJURY / DRIVE AWAY,,UNABLE TO DETERMINE,2243,N,CLEVELAND AVE,,NO INDICATION OF INJURY,0,0,0,18,7,5,41.92320035,-87.64125965
03/23/2017 09:00:00 AM,25,NO CONTROLS,CLEAR,DAYLIGHT,DIVIDED - W/MEDIAN (NOT RAISED),DRY,NO INJURY / DRIVE AWAY,,IMPROPER LANE USAGE,1501,S,CANAL ST,N,NO INDICATION OF INJURY,0,0,0,9,5,3,41.86182629,-87.63892365
07/20/2018 11:00:00 AM,35,NO CONTROLS,UNKNOWN,DAYLIGHT,DIVIDED - W/MEDIAN (NOT RAISED),UNKNOWN,INJURY AND / OR TOW DUE TO CRASH,Y,DRIVING ON WRONG SIDE/WRONG WAY,2220,S,HALSTED ST,,"REPORTED, NOT EVIDENT",0,0,0,11,6,7,41.85197917,-87.64662128