CRASH_DATE,POSTED_SPEED_LIMIT,TRAFFIC_CONTROL_DEVICE,WEATHER_CONDITION,LIGHTING_CONDITION,TRAFFICWAY_TYPE,ROADWAY_SURFACE_COND,CRASH_TYPE,HIT_AND_RUN_I,PRIM_CONTRIBUTORY_CAUSE,STREET_NO,STREET_DIRECTION,STREET_NAME,DOORING_I,MOST_SEVERE_INJURY,INJURIES_FATAL,INJURIES_INCAPACITATING,INJURIES_NON_INCAPACITATING,CRASH_HOUR,CRASH_DAY_OF_WEEK,CRASH_MONTH,LATITUDE,LONGITUDE
10/4/2019 9:00,30,NO CONTROLS,CLEAR,DAYLIGHT,NOT DIVIDED,DRY,NO INJURY / DRIVE AWAY,Y,UNABLE TO DETERMINE,8400,S,STONY ISLAND AVE,,NO INDICATION OF INJURY,0,0,0,9,6,10,41.7423299,-87.58591564
9/4/2020 8:12,30,TRAFFIC SIGNAL,CLEAR,DAYLIGHT,FOUR WAY,DRY,INJURY AND / OR TOW DUE TO CRASH,Y,DISREGARDING TRAFFIC SIGNALS,200,N,ASHLAND AVE,,INCAPACITATING INJURY,0,1,0,8,6,9,41.88534856,-87.6671144
11/4/2022 11:03,30,NO CONTROLS,CLEAR,DAYLIGHT,DIVIDED - W/MEDIAN (NOT RAISED),DRY,INJURY AND / OR TOW DUE TO CRASH,,UNABLE TO DETERMINE,3356,N,BROADWAY,,"REPORTED, NOT EVIDENT",0,0,0,11,6,11,41.94348919,-87.64507882
10/23/2017 07:57:00 AM,30,STOP SIGN/FLASHER,RAIN,DAYLIGHT,NOT DIVIDED,WET,NO INJURY / DRIVE AWAY,,DISREGARDING STOP SIGN,700,N,NOBLE ST,,NO INDICATION OF INJURY,0,0,0,7,2,10,41.89434437,-87.66250158
06/13/2018 09:20:00 AM,30,NO CONTROLS,CLEAR,DAYLIGHT,NOT DIVIDED,DRY,INJURY AND / OR TOW DUE TO CRASH,,"VISION OBSCURED (SIGNS, TREE LIMBS, BUILDINGS, ETC.)",4845,W,DIVERSEY AVE,,NONINCAPACITATING INJURY,0,0,1,9,4,6,41.93139967,-87.74839529
11/26/2017 12:00:00 PM,35,NO CONTROLS,CLEAR,DAYLIGHT,ALLEY,DRY,INJURY AND / OR TOW DUE TO CRASH,Y,UNABLE TO DETERMINE,3500,W,LAWRENCE AVE,,INCAPACITATING INJURY,0,1,0,12,1,11,41.96848537,-87.71587133
12/21/2019 01:45:00 PM,30,TRAFFIC SIGNAL,CLEAR,DAYLIGHT,DIVIDED - W/MEDIAN (NOT RAISED),DRY,NO INJURY / DRIVE AWAY,N,IMPROPER OVERTAKING/PASSING,805,W,MADISON ST,,NO INDICATION OF INJURY,0,0,0,13,7,12,41.88166382,-87.64759639
08/22/2018 03:09:00 PM,30,STOP SIGN/FLASHER,CLEAR,DAYLIGHT,ONE-WAY,DRY,INJURY AND / OR TOW DUE TO CRASH,,FAILING TO YIELD RIGHT-OF-WAY,6258,S,MONITOR AVE,,NONINCAPACITATING INJURY,0,0,2,15,4,8,41.77802068,-87.76797762
08/27/2017 07:26:00 AM,40,OTHER,CLEAR,DAYLIGHT,DIVIDED - W/MEDIAN BARRIER,DRY,INJURY AND / OR TOW DUE TO CRASH,,UNABLE TO DETERMINE,3750,N,LAKE SHORE DR,,NONINCAPACITATING INJURY,0,0,2,7,1,8,41.95186702,-87.6451684
07/29/2022 01:05:00 PM,30,NO CONTROLS,CLEAR,DAYLIGHT,NOT DIVIDED,DRY,INJURY AND / OR TOW DUE TO CRASH,,UNABLE TO DETERMINE,4440,N,CENTRAL AVE,,NONINCAPACITATING INJURY,0,0,1,13,6,7,41.96174858,-87.76742937
12/20/2019 04:20:00 PM,25,NO CONTROLS,CLEAR,DAYLIGHT,DIVIDED - W/MEDIAN BARRIER,DRY,INJURY AND / OR TOW DUE TO CRASH,,UNABLE TO DETERMINE,630,S,DESPLAINES ST,,"REPORTED, NOT EVIDENT",0,0,0,16,6,12,41.87356976,-87.64401089
5/12/2022 15:41,30,NO CONTROLS,CLEAR,DAYLIGHT,ALLEY,DRY,NO INJURY / DRIVE AWAY,,UNABLE TO DETERMINE,1617,W,LAWRENCE AVE,,NO INDICATION OF INJURY,0,0,0,15,5,5,41.96876318,-87.67018514
10/2/2017 10:20,35,STOP SIGN/FLASHER,CLEAR,DAYLIGHT,NOT DIVIDED,DRY,INJURY AND / OR TOW DUE TO CRASH,,FAILING TO YIELD RIGHT-OF-WAY,5301,N,CALIFORNIA AVE,,NONINCAPACITATING INJURY,0,0,1,10,2,10,41.97769291,-87.6988346
06/17/2017 01:50:00 PM,30,TRAFFIC SIGNAL,CLEAR,DAYLIGHT,NOT DIVIDED,DRY,NO INJURY / DRIVE AWAY,,IMPROPER LANE USAGE,3050,S,DR MARTIN LUTHER KING JR DR,,NO INDICATION OF INJURY,0,0,0,13,7,6,41.83851156,-87.61761488
09/22/2020 08:00:00 PM,30,STOP SIGN/FLASHER,CLEAR,"DARKNESS, LIGHTED ROAD",NOT DIVIDED,DRY,INJURY AND / OR TOW DUE TO CRASH,Y,UNABLE TO DETERMINE,3500,W,62ND ST,,INCAPACITATING INJURY,0,1,0,20,3,9,41.78079393,-87.71058836
7/5/2018 11:35,5,NO CONTROLS,CLEAR,DAYLIGHT,ALLEY,DRY,NO INJURY / DRIVE AWAY,,NOT APPLICABLE,2917,W,JARLATH ST,Y,NO INDICATION OF INJURY,0,0,0,11,5,7,42.01279575,-87.70291518
08/30/2018 06:25:00 PM,30,STOP SIGN/FLASHER,CLEAR,DAYLIGHT,DIVIDED - W/MEDIAN (NOT RAISED),DRY,INJURY AND / OR TOW DUE TO CRASH,,DISREGARDING STOP SIGN,3701,N,DAMEN AVE,,NONINCAPACITATING INJURY,0,0,1,18,5,8,41.94873471,-87.67845896
1/7/2020 18:50,30,NO CONTROLS,CLEAR,"DARKNESS, LIGHTED ROAD",NOT DIVIDED,DRY,INJURY AND / OR TOW DUE TO CRASH,,UNABLE TO DETERMINE,811,W,ADDISON ST,,NONINCAPACITATING INJURY,0,0,1,18,3,1,41.94720642,-87.64996234
6/4/2018 0:26,30,LANE USE MARKING,CLEAR,"DARKNESS, LIGHTED ROAD",ONE-WAY,DRY,INJURY AND / OR TOW DUE TO CRASH,,UNABLE TO DETERMINE,5600,N,KENMORE AVE,,NONINCAPACITATING INJURY,0,0,1,0,2,6,41.98377162,-87.65675907
04/29/2020 01:20:00 PM,30,NO CONTROLS,RAIN,DAYLIGHT,FOUR WAY,WET,INJURY AND / OR TOW DUE TO CRASH,,UNABLE TO DETERMINE,5799,S,PULASKI RD,Y,NONINCAPACITATING INJURY,0,0,1,13,4,4,41.78780359,-87.72286332
01/27/2023 07:33:00 AM,30,NO CONTROLS,CLEAR,DAYLIGHT,NOT DIVIDED,DRY,INJURY AND / OR TOW DUE TO CRASH,Y,FAILING TO YIELD RIGHT-OF-WAY,1498,W,CORTLAND ST,,"REPORTED, NOT EVIDENT",0,0,0,7,6,1,41.91682527,-87.66532475
3/1/2020 15:25,30,STOP SIGN/FLASHER,CLEAR,DAYLIGHT,T-INTERSECTION,DRY,NO INJURY / DRIVE AWAY,,UNABLE TO DETERMINE,3138,N,BROADWAY,,NO INDICATION OF INJURY,0,0,0,15,1,3,41.93884697,-87.64450523
5/7/2023 11:10,30,NO CONTROLS,CLEAR,DAYLIGHT,DIVIDED - W/MEDIAN (NOT RAISED),DRY,INJURY AND / OR TOW DUE TO CRASH,,FAILING TO YIELD RIGHT-OF-WAY,1474,N,MILWAUKEE AVE,,NONINCAPACITATING INJURY,0,0,1,11,1,5,41.90861123,-87.67493205
9/1/2019 18:02,35,NO CONTROLS,CLEAR,DAYLIGHT,DIVIDED - W/MEDIAN (NOT RAISED),DRY,INJURY AND / OR TOW DUE TO CRASH,,FAILING TO YIELD RIGHT-OF-WAY,167,N,STATE ST,,NONINCAPACITATING INJURY,0,0,1,18,1,9,41.88503125,-87.62777648
3/8/2021 8:25,30,NO CONTROLS,CLEAR,DAYLIGHT,ALLEY,DRY,INJURY AND / OR TOW DUE TO CRASH,,IMPROPER BACKING,2015,W,PIERCE AVE,,NONINCAPACITATING INJURY,0,0,1,8,2,3,41.90925041,-87.67808337
11/27/2017 07:00:00 PM,30,TRAFFIC SIGNAL,CLEAR,"DARKNESS, LIGHTED ROAD",DIVIDED - W/MEDIAN (NOT RAISED),DRY,INJURY AND / OR TOW DUE TO CRASH,,FAILING TO YIELD RIGHT-OF-WAY,1332,N,LARRABEE ST,,NONINCAPACITATING INJURY,0,0,1,19,2,11,41.90595661,-87.6434326
08/29/2023 07:25:00 PM,20,NO CONTROLS,CLEAR,DUSK,ALLEY,DRY,INJURY AND / OR TOW DUE TO CRASH,,NOT APPLICABLE,3101,W,63RD ST,,NONINCAPACITATING INJURY,0,0,1,19,3,8,41.77889694,-87.70075758
09/13/2017 08:20:00 AM,30,TRAFFIC SIGNAL,CLEAR,DAYLIGHT,NOT DIVIDED,DRY,NO INJURY / DRIVE AWAY,Y,IMPROPER OVERTAKING/PASSING,1400,S,WABASH AVE,,NO INDICATION OF INJURY,0,0,0,8,4,9,41.86398489,-87.62589624
09/20/2021 05:00:00 PM,35,TRAFFIC SIGNAL,CLEAR,DAYLIGHT,DIVIDED - W/MEDIAN (NOT RAISED),DRY,NO INJURY / DRIVE AWAY,,UNABLE TO DETERMINE,3002,N,CICERO AVE,,NO INDICATION OF INJURY,0,0,0,17,2,9,41.93528188,-87.746892
07/31/2019 07:20:00 PM,30,NO CONTROLS,CLEAR,DAYLIGHT,DIVIDED - W/MEDIAN BARRIER,DRY,INJURY AND / OR TOW DUE TO CRASH,Y,IMPROPER TURNING/NO SIGNAL,7500,S,STONY ISLAND AVE,,NONINCAPACITATING INJURY,0,0,1,19,4,7,41.75871547,-87.58628097
9/8/2018 10:15,30,TRAFFIC SIGNAL,CLEAR,DAYLIGHT,DIVIDED - W/MEDIAN (NOT RAISED),DRY,INJURY AND / OR TOW DUE TO CRASH,Y,DISREGARDING TRAFFIC SIGNALS,8659,S,HALSTED ST,,"REPORTED, NOT EVIDENT",0,0,0,10,7,9,41.7359708,-87.64347194
6/8/2023 15:26,30,TRAFFIC SIGNAL,CLEAR,DAYLIGHT,UNKNOWN INTERSECTION TYPE,DRY,INJURY AND / OR TOW DUE TO CRASH,,FAILING TO YIELD RIGHT-OF-WAY,3435,N,CLARK ST,,NONINCAPACITATING INJURY,0,0,1,15,5,6,41.94446777,-87.65408282
07/14/2020 02:15:00 PM,10,NO CONTROLS,CLEAR,DAYLIGHT,ONE-WAY,DRY,INJURY AND / OR TOW DUE TO CRASH,,DRIVING SKILLS/KNOWLEDGE/EXPERIENCE,2000,N,CANNON DR,,NONINCAPACITATING INJURY,0,0,1,14,3,7,41.91837375,-87.63083182
04/20/2018 10:32:00 PM,30,NO CONTROLS,CLEAR,DARKNESS,PARKING LOT,DRY,INJURY AND / OR TOW DUE TO CRASH,,FAILING TO YIELD RIGHT-OF-WAY,2664,N,LINCOLN AVE,,NONINCAPACITATING INJURY,0,0,1,22,6,4,41.93037766,-87.65587434
7/11/2022 21:00,35,STOP SIGN/FLASHER,CLEAR,"DARKNESS, LIGHTED ROAD",FOUR WAY,DRY,NO INJURY / DRIVE AWAY,,DISREGARDING STOP SIGN,2729,W,DEVON AVE,,NO INDICATION OF INJURY,0,0,0,21,2,7,41.99747191,-87.69836498
4/10/2021 23:22,30,TRAFFIC SIGNAL,RAIN,"DARKNESS, LIGHTED ROAD","FIVE POINT, OR MORE",WET,INJURY AND / OR TOW DUE TO CRASH,,FAILING TO YIELD RIGHT-OF-WAY,2400,W,DIVERSEY AVE,,NONINCAPACITATING INJURY,0,0,1,23,7,4,41.93228718,-87.68795009
10/25/2018 02:05:00 PM,30,TRAFFIC SIGNAL,CLEAR,DAYLIGHT,NOT DIVIDED,DRY,NO INJURY / DRIVE AWAY,,UNABLE TO DETERMINE,165,N,DEARBORN ST,,NO INDICATION OF INJURY,0,0,0,14,5,10,41.88495694,-87.62932613
08/18/2018 03:40:00 PM,30,NO CONTROLS,CLEAR,DAYLIGHT,NOT DIVIDED,DRY,NO INJURY / DRIVE AWAY,,UNABLE TO DETERMINE,1457,N,HALSTED ST,Y,NO INDICATION OF INJURY,0,0,0,15,7,8,41.90800296,-87.64805062
10/28/2017 11:28:00 AM,30,LANE USE MARKING,CLOUDY/OVERCAST,DAYLIGHT,NOT DIVIDED,DRY,INJURY AND / OR TOW DUE TO CRASH,,IMPROPER LANE USAGE,1649,N,WELLS ST,Y,"REPORTED, NOT EVIDENT",0,0,0,11,7,10,41.91257463,-87.63460712
08/22/2019 08:50:00 AM,30,STOP SIGN/FLASHER,CLEAR,DAYLIGHT,FOUR WAY,DRY,NO INJURY / DRIVE AWAY,,NOT APPLICABLE,9000,S,DR MARTIN LUTHER KING JR DR,,NO INDICATION OF INJURY,0,0,0,8,5,8,41.73097609,-87.61453229
4/1/2017 16:40,25,TRAFFIC SIGNAL,CLEAR,DAYLIGHT,NOT DIVIDED,DRY,INJURY AND / OR TOW DUE TO CRASH,,FAILING TO YIELD RIGHT-OF-WAY,200,E,69TH ST,,INCAPACITATING INJURY,0,1,0,16,7,4,41.76935877,-87.62013302
11/2/2020 20:29,30,NO CONTROLS,CLEAR,"DARKNESS, LIGHTED ROAD",NOT DIVIDED,DRY,INJURY AND / OR TOW DUE TO CRASH,,UNABLE TO DETERMINE,3129,W,DEVON AVE,,"REPORTED, NOT EVIDENT",0,0,0,20,2,11,41.99730081,-87.70809752
9/4/2018 19:09,30,NO CONTROLS,CLEAR,"DARKNESS, LIGHTED ROAD",DIVIDED - W/MEDIAN (NOT RAISED),DRY,INJURY AND / OR TOW DUE TO CRASH,,NOT APPLICABLE,4914,W,ARMITAGE AVE,Y,NONINCAPACITATING INJURY,0,0,1,19,3,9,41.91698873,-87.75012835
7/3/2020 18:54,30,TRAFFIC SIGNAL,CLEAR,DAYLIGHT,T-INTERSECTION,DRY,INJURY AND / OR TOW DUE TO CRASH,,FAILING TO REDUCE SPEED TO AVOID CRASH,4700,S,LAKE PARK AVE,,INCAPACITATING INJURY,0,1,0,18,6,7,41.80953478,-87.59245022
07/13/2019 07:25:00 PM,25,TRAFFIC SIGNAL,CLEAR,DAYLIGHT,NOT DIVIDED,DRY,INJURY AND / OR TOW DUE TO CRASH,,IMPROPER LANE USAGE,2300,N,MILWAUKEE AVE,,NONINCAPACITATING INJURY,0,0,1,19,7,7,41.92284258,-87.69748748
12/2/2019 8:45,30,NO CONTROLS,CLEAR,DAYLIGHT,NOT DIVIDED,DRY,INJURY AND / OR TOW DUE TO CRASH,,IMPROPER LANE USAGE,1,S,MORGAN ST,,NONINCAPACITATING INJURY,0,0,1,8,2,12,41.88167957,-87.65188388
10/4/2016 9:30,30,NO CONTROLS,CLEAR,DAYLIGHT,DIVIDED - W/MEDIAN (NOT RAISED),UNKNOWN,NO INJURY / DRIVE AWAY,,UNABLE TO DETERMINE,1141,W,LAWRENCE AVE,Y,NO INDICATION OF INJURY,0,0,0,9,3,10,41.96892231,-87.65932413
9/4/2022 10:30,30,TRAFFIC SIGNAL,CLEAR,DAYLIGHT,OTHER,DRY,INJURY AND / OR TOW DUE TO CRASH,,FAILING TO REDUCE SPEED TO AVOID CRASH,5523,W,DEVON AVE,,NONINCAPACITATING INJURY,0,0,1,10,1,9,41.99719615,-87.76663285
10/30/2017 04:00:00 PM,30,UNKNOWN,CLEAR,DAYLIGHT,NOT DIVIDED,DRY,INJURY AND / OR TOW DUE TO CRASH,,UNABLE TO DETERMINE,3632,W,MONTROSE AVE,,NONINCAPACITATING INJURY,0,0,1,16,2,10,41.96116155,-87.71940071
05/23/2021 12:17:00 PM,30,NO CONTROLS,CLEAR,DAYLIGHT,NOT DIVIDED,DRY,INJURY AND / OR TOW DUE TO CRASH,,IMPROPER LANE USAGE,1125,N,STATE ST,Y,NONINCAPACITATING INJURY,0,0,1,12,1,5,41.90260419,-87.62825363
08/25/2020 12:05:00 AM,30,TRAFFIC SIGNAL,CLEAR,"DARKNESS, LIGHTED ROAD",DIVIDED - W/MEDIAN (NOT RAISED),DRY,INJURY AND / OR TOW DUE TO CRASH,,FAILING TO YIELD RIGHT-OF-WAY,7858,S,VINCENNES AVE,,INCAPACITATING INJURY,0,1,0,0,3,8,41.75103944,-87.63432001
07/21/2018 11:54:00 AM,30,TRAFFIC SIGNAL,RAIN,DAYLIGHT,DIVIDED - W/MEDIAN BARRIER,WET,INJURY AND / OR TOW DUE TO CRASH,,FAILING TO YIELD RIGHT-OF-WAY,1,S,MICHIGAN AVE,,NONINCAPACITATING INJURY,0,0,1,11,7,7,41.8820484,-87.62421733
06/17/2021 08:42:00 PM,30,TRAFFIC SIGNAL,CLEAR,DARKNESS,FOUR WAY,DRY,INJURY AND / OR TOW DUE TO CRASH,Y,FAILING TO YIELD RIGHT-OF-WAY,1000,W,VAN BUREN ST,,NONINCAPACITATING INJURY,0,0,2,20,5,6,41.87671,-87.65192768
06/14/2016 05:05:00 PM,30,TRAFFIC SIGNAL,CLEAR,DAYLIGHT,NOT DIVIDED,DRY,NO INJURY / DRIVE AWAY,,DISREGARDING TRAFFIC SIGNALS,780,N,MILWAUKEE AVE,,NO INDICATION OF INJURY,0,0,0,17,3,6,41.89579624,-87.6549536
08/13/2019 05:10:00 PM,30,NO CONTROLS,CLEAR,DAYLIGHT,NOT DIVIDED,DRY,NO INJURY / DRIVE AWAY,,NOT APPLICABLE,5400,S,ST LOUIS AVE,,NO INDICATION OF INJURY,0,0,0,17,3,8,41.79518118,-87.71109447
7/1/2020 16:15,25,NO CONTROLS,CLEAR,DAYLIGHT,NOT DIVIDED,DRY,INJURY AND / OR TOW DUE TO CRASH,,UNABLE TO DETERMINE,1426,S,SPAULDING AVE,,NONINCAPACITATING INJURY,0,0,1,16,4,7,41.86162522,-87.70811555
08/31/2017 08:00:00 AM,30,TRAFFIC SIGNAL,CLOUDY/OVERCAST,DAYLIGHT,NOT DIVIDED,DRY,NO INJURY / DRIVE AWAY,,IMPROPER TURNING/NO SIGNAL,401,S,HALSTED ST,,NO INDICATION OF INJURY,0,0,0,8,5,8,41.87666012,-87.64705523
7/6/2018 15:28,30,TRAFFIC SIGNAL,CLEAR,DAYLIGHT,NOT DIVIDED,DRY,INJURY AND / OR TOW DUE TO CRASH,,DISREGARDING TRAFFIC SIGNALS,1601,N,MILWAUKEE AVE,,"REPORTED, NOT EVIDENT",0,0,0,15,6,7,41.91060814,-87.67757728
9/5/2018 21:30,35,NO CONTROLS,CLEAR,"DARKNESS, LIGHTED ROAD",NOT DIVIDED,DRY,NO INJURY / DRIVE AWAY,,UNABLE TO DETERMINE,4527,N,SHERIDAN RD,Y,NO INDICATION OF INJURY,0,0,0,21,4,9,41.96449784,-87.65463111
12/25/2018 01:20:00 PM,30,STOP SIGN/FLASHER,CLEAR,DAYLIGHT,NOT DIVIDED,DRY,INJURY AND / OR TOW DUE TO CRASH,,FAILING TO YIELD RIGHT-OF-WAY,6500,S,WASHTENAW AVE,,NONINCAPACITATING INJURY,0,0,1,13,3,12,41.77536715,-87.691006
05/14/2019 08:00:00 AM,30,STOP SIGN/FLASHER,CLEAR,DAYLIGHT,NOT DIVIDED,DRY,INJURY AND / OR TOW DUE TO CRASH,Y,IMPROPER OVERTAKING/PASSING,399,N,RACINE AVE,,NONINCAPACITATING INJURY,0,0,1,8,3,5,41.88898535,-87.65683091
6/2/2018 17:28,30,STOP SIGN/FLASHER,CLEAR,DAYLIGHT,DIVIDED - W/MEDIAN (NOT RAISED),DRY,INJURY AND / OR TOW DUE TO CRASH,,UNABLE TO DETERMINE,2199,N,LARAMIE AVE,,"REPORTED, NOT EVIDENT",0,0,0,17,7,6,41.92036973,-87.7558925
07/29/2022 03:00:00 PM,30,UNKNOWN,CLEAR,DAYLIGHT,NOT DIVIDED,DRY,NO INJURY / DRIVE AWAY,,CELL PHONE USE OTHER THAN TEXTING,1339,S,HALSTED ST,,NO INDICATION OF INJURY,0,0,0,15,6,7,41.86427438,-87.64668907
3/4/2016 9:23,30,TRAFFIC SIGNAL,CLEAR,DAYLIGHT,DIVIDED - W/MEDIAN (NOT RAISED),DRY,NO INJURY / DRIVE AWAY,Y,UNABLE TO DETERMINE,4801,W,MADISON ST,,NO INDICATION OF INJURY,0,0,0,9,6,3,41.88038672,-87.74539738
08/23/2020 02:30:00 PM,30,NO CONTROLS,CLEAR,DAYLIGHT,DIVIDED - W/MEDIAN (NOT RAISED),DRY,INJURY AND / OR TOW DUE TO CRASH,,UNABLE TO DETERMINE,2000,W,DIVISION ST,Y,NONINCAPACITATING INJURY,0,0,1,14,1,8,41.90329879,-87.67738325
11/19/2020 02:40:00 PM,30,NO CONTROLS,CLEAR,DAYLIGHT,DIVIDED - W/MEDIAN (NOT RAISED),DRY,INJURY AND / OR TOW DUE TO CRASH,,UNABLE TO DETERMINE,3658,N,PULASKI RD,,INCAPACITATING INJURY,0,1,0,14,5,11,41.94813948,-87.72759759
10/20/2021 03:22:00 PM,30,TRAFFIC SIGNAL,CLEAR,DAYLIGHT,NOT DIVIDED,DRY,NO INJURY / DRIVE AWAY,Y,UNABLE TO DETERMINE,40,S,HALSTED ST,,NO INDICATION OF INJURY,0,0,0,15,4,10,41.88055425,-87.64747041
07/25/2019 11:25:00 PM,30,STOP SIGN/FLASHER,CLEAR,"DARKNESS, LIGHTED ROAD",ONE-WAY,DRY,INJURY AND / OR TOW DUE TO CRASH,,DRIVING SKILLS/KNOWLEDGE/EXPERIENCE,1127,W,RANDOLPH ST,,NONINCAPACITATING INJURY,0,0,1,23,5,7,41.88415443,-87.65554364
09/17/2017 02:51:00 PM,35,NO CONTROLS,CLEAR,DAYLIGHT,CENTER TURN LANE,DRY,INJURY AND / OR TOW DUE TO CRASH,,FAILING TO YIELD RIGHT-OF-WAY,7401,N,SHERIDAN RD,,NONINCAPACITATING INJURY,0,0,1,14,1,9,42.01617899,-87.66496626
07/20/2021 05:15:00 PM,30,NO CONTROLS,CLEAR,DAYLIGHT,DIVIDED - W/MEDIAN (NOT RAISED),DRY,INJURY AND / OR TOW DUE TO CRASH,,FAILING TO YIELD RIGHT-OF-WAY,1013,W,18TH ST,Y,NONINCAPACITATING INJURY,0,0,1,17,3,7,41.8579016,-87.65223841
11/19/2018 06:15:00 PM,30,NO CONTROLS,CLEAR,DARKNESS,UNKNOWN,DRY,NO INJURY / DRIVE AWAY,,UNABLE TO DETERMINE,2665,N,ELSTON AVE,,NO INDICATION OF INJURY,0,0,0,18,2,11,41.93014938,-87.68464689
06/17/2022 10:50:00 PM,30,TRAFFIC SIGNAL,CLEAR,"DARKNESS, LIGHTED ROAD",DIVIDED - W/MEDIAN BARRIER,DRY,INJURY AND / OR TOW DUE TO CRASH,,IMPROPER OVERTAKING/PASSING,241,N,STATE ST,,NO INDICATION OF INJURY,0,0,0,22,6,6,41.88679716,-87.62782577
06/19/2023 04:15:00 PM,30,STOP SIGN/FLASHER,CLEAR,DAYLIGHT,T-INTERSECTION,DRY,INJURY AND / OR TOW DUE TO CRASH,,IMPROPER TURNING/NO SIGNAL,1337,W,CHICAGO AVE,,NONINCAPACITATING INJURY,0,0,1,16,2,6,41.89606473,-87.66087008
03/29/2020 07:20:00 PM,30,STOP SIGN/FLASHER,CLEAR,DARKNESS,FOUR WAY,DRY,NO INJURY / DRIVE AWAY,Y,UNABLE TO DETERMINE,2630,W,CORTLAND ST,,NO INDICATION OF INJURY,0,0,0,19,1,3,41.91581431,-87.69353809
10/23/2018 01:20:00 PM,30,STOP SIGN/FLASHER,CLEAR,DAYLIGHT,NOT DIVIDED,DRY,INJURY AND / OR TOW DUE TO CRASH,,UNABLE TO DETERMINE,3000,S,LOOMIS ST,,NONINCAPACITATING INJURY,0,0,1,13,3,10,41.83959025,-87.65595319
11/15/2017 10:13:00 PM,25,STOP SIGN/FLASHER,CLEAR,"DARKNESS, LIGHTED ROAD",DIVIDED - W/MEDIAN (NOT RAISED),DRY,INJURY AND / OR TOW DUE TO CRASH,Y,FAILING TO YIELD RIGHT-OF-WAY,1102,W,DIVERSEY PKWY,,NONINCAPACITATING INJURY,0,0,1,22,4,11,41.93270546,-87.65640879
01/22/2020 02:35:00 PM,30,NO CONTROLS,CLEAR,DAYLIGHT,NOT DIVIDED,DRY,INJURY AND / OR TOW DUE TO CRASH,Y,DRIVING SKILLS/KNOWLEDGE/EXPERIENCE,3600,N,CICERO AVE,,INCAPACITATING INJURY,0,1,0,14,4,1,41.94616352,-87.74721517
10/24/2018 05:08:00 PM,30,TRAFFIC SIGNAL,CLEAR,DUSK,NOT DIVIDED,DRY,NO INJURY / DRIVE AWAY,Y,FAILING TO YIELD RIGHT-OF-WAY,6700,S,ASHLAND AVE,,NO INDICATION OF INJURY,0,0,0,17,4,10,41.77209823,-87.66416462
09/15/2021 07:40:00 AM,30,TRAFFIC SIGNAL,CLEAR,DAYLIGHT,RAMP,DRY,INJURY AND / OR TOW DUE TO CRASH,,FAILING TO REDUCE SPEED TO AVOID CRASH,2000,W,CONGRESS PKWY,Y,NONINCAPACITATING INJURY,0,0,1,7,4,9,41.87513098,-87.67651098
09/19/2017 12:55:00 PM,20,STOP SIGN/FLASHER,CLEAR,DAYLIGHT,ONE-WAY,DRY,NO INJURY / DRIVE AWAY,Y,DISREGARDING STOP SIGN,4200,W,CORTLAND ST,,NO INDICATION OF INJURY,0,0,0,12,3,9,41.91539096,-87.73144485
05/25/2018 07:05:00 PM,30,UNKNOWN,CLEAR,DUSK,NOT DIVIDED,UNKNOWN,NO INJURY / DRIVE AWAY,,FOLLOWING TOO CLOSELY,750,N,HALSTED ST,N,NO INDICATION OF INJURY,0,0,0,19,6,5,41.89621993,-87.6478849
11/19/2018 03:05:00 PM,30,STOP SIGN/FLASHER,CLEAR,DAYLIGHT,NOT DIVIDED,DRY,INJURY AND / OR TOW DUE TO CRASH,,DISREGARDING STOP SIGN,2300,S,PRINCETON AVE,,"REPORTED, NOT EVIDENT",0,0,0,15,2,11,41.85088827,-87.63490614
07/30/2019 03:15:00 PM,30,BICYCLE CROSSING SIGN,CLEAR,DAYLIGHT,NOT DIVIDED,DRY,INJURY AND / OR TOW DUE TO CRASH,,UNABLE TO DETERMINE,5749,N,KENMORE AVE,N,NONINCAPACITATING INJURY,0,0,1,15,3,7,41.98695945,-87.65656967
08/23/2018 06:45:00 AM,30,TRAFFIC SIGNAL,CLEAR,"DARKNESS, LIGHTED ROAD",DIVIDED - W/MEDIAN (NOT RAISED),DRY,NO INJURY / DRIVE AWAY,,UNABLE TO DETERMINE,3820,S,PULASKI RD,,NO INDICATION OF INJURY,0,0,0,6,5,8,41.82369819,-87.72421326
07/15/2022 06:00:00 PM,15,NO CONTROLS,CLEAR,DUSK,DRIVEWAY,WET,NO INJURY / DRIVE AWAY,,UNABLE TO DETERMINE,3806,W,DIVISION ST,,NO INDICATION OF INJURY,0,0,0,18,6,7,41.90281987,-87.72176645
07/16/2019 04:20:00 PM,30,TRAFFIC SIGNAL,CLOUDY/OVERCAST,DAYLIGHT,NOT DIVIDED,DRY,NO INJURY / DRIVE AWAY,,FOLLOWING TOO CLOSELY,21,E,18TH ST,,NO INDICATION OF INJURY,0,0,0,16,3,7,41.85773424,-87.62621698