CRASH_DATE,POSTED_SPEED_LIMIT,TRAFFIC_CONTROL_DEVICE,WEATHER_CONDITION,LIGHTING_CONDITION,TRAFFICWAY_TYPE,ROADWAY_SURFACE_COND,CRASH_TYPE,HIT_AND_RUN_I,PRIM_CONTRIBUTORY_CAUSE,STREET_NO,STREET_DIRECTION,STREET_NAME,DOORING_I,MOST_SEVERE_INJURY,INJURIES_FATAL,INJURIES_INCAPACITATING,INJURIES_NON_INCAPACITATING,CRASH_HOUR,CRASH_DAY_OF_WEEK,CRASH_MONTH,LATITUDE,LONGITUDE
09/27/2021 04:45:00 PM,35,TRAFFIC SIGNAL,CLEAR,DAYLIGHT,T-INTERSECTION,DRY,INJURY AND / OR TOW DUE TO CRASH,Y,IMPROPER OVERTAKING/PASSING,1000,N,ELSTON AVE,,NONINCAPACITATING INJURY,0,0,1,16,2,9,41.89991935,-87.656795
08/19/2018 03:49:00 AM,30,TRAFFIC SIGNAL,CLEAR,"DARKNESS, LIGHTED ROAD",NOT DIVIDED,DRY,NO INJURY / DRIVE AWAY,,FAILING TO YIELD RIGHT-OF-WAY,99,W,CHICAGO AVE,,NO INDICATION OF INJURY,0,0,0,3,1,8,41.89652694,-87.63116891
01/23/2021 10:58:00 AM,30,NO CONTROLS,CLEAR,DAYLIGHT,NOT DIVIDED,DRY,INJURY AND / OR TOW DUE TO CRASH,Y,FAILING TO YIELD RIGHT-OF-WAY,3433,N,LINCOLN AVE,,NONINCAPACITATING INJURY,0,0,1,10,7,1,41.94421568,-87.67166202
06/21/2023 10:00:00 AM,30,STOP SIGN/FLASHER,CLEAR,DAYLIGHT,FOUR WAY,DRY,INJURY AND / OR TOW DUE TO CRASH,Y,DISREGARDING STOP SIGN,1400,W,16TH ST,,INCAPACITATING INJURY,0,1,0,10,4,6,41.85979544,-87.66149889
10/10/2023 10:46,30,TRAFFIC SIGNAL,CLEAR,DAYLIGHT,ONE-WAY,DRY,INJURY AND / OR TOW DUE TO CRASH,,UNABLE TO DETERMINE,1,N,DESPLAINES ST,,NONINCAPACITATING INJURY,0,0,1,10,3,10,41.8818572,-87.64398188
09/24/2021 05:20:00 PM,30,NO CONTROLS,CLEAR,DAYLIGHT,NOT DIVIDED,DRY,INJURY AND / OR TOW DUE TO CRASH,Y,"OPERATING VEHICLE IN ERRATIC, RECKLESS, CARELESS, NEGLIGENT OR AGGRESSIVE MANNER",3021,E,83RD ST,,INCAPACITATING INJURY,0,1,0,17,6,9,41.74456079,-87.55060367
08/18/2018 10:17:00 AM,30,TRAFFIC SIGNAL,CLEAR,DAYLIGHT,NOT DIVIDED,DRY,NO INJURY / DRIVE AWAY,,DISREGARDING TRAFFIC SIGNALS,2000,W,WARREN BLVD,Y,NO INDICATION OF INJURY,0,0,0,10,7,8,41.88233986,-87.67678799
1/4/2018 17:45,30,NO CONTROLS,CLEAR,"DARKNESS, LIGHTED ROAD",DIVIDED - W/MEDIAN (NOT RAISED),WET,INJURY AND / OR TOW DUE TO CRASH,,FAILING TO YIELD RIGHT-OF-WAY,1360,N,MILWAUKEE AVE,Y,NONINCAPACITATING INJURY,0,0,1,17,5,1,41.90642912,-87.67151422
09/29/2017 10:44:00 PM,30,NO CONTROLS,CLEAR,"DARKNESS, LIGHTED ROAD",NOT DIVIDED,DRY,INJURY AND / OR TOW DUE TO CRASH,,UNABLE TO DETERMINE,4226,W,55TH ST,N,NONINCAPACITATING INJURY,0,0,1,22,6,9,41.79326095,-87.72922841
04/24/2019 04:20:00 PM,30,NO CONTROLS,CLEAR,DAYLIGHT,NOT DIVIDED,DRY,NO INJURY / DRIVE AWAY,,FAILING TO YIELD RIGHT-OF-WAY,3300,W,FOSTER AVE,,NO INDICATION OF INJURY,0,0,0,16,4,4,41.97582984,-87.71118215
06/13/2018 03:33:00 PM,30,NO CONTROLS,CLEAR,DAYLIGHT,DIVIDED - W/MEDIAN (NOT RAISED),DRY,NO INJURY / DRIVE AWAY,,"VISION OBSCURED (SIGNS, TREE LIMBS, BUILDINGS, ETC.)",4299,N,OAK PARK AVE,,NO INDICATION OF INJURY,0,0,0,15,4,6,41.95832942,-87.79756792
04/26/2018 01:30:00 AM,30,UNKNOWN,CLEAR,"DARKNESS, LIGHTED ROAD",NOT DIVIDED,DRY,INJURY AND / OR TOW DUE TO CRASH,Y,UNABLE TO DETERMINE,6700,N,CALIFORNIA AVE,,INCAPACITATING INJURY,0,1,0,1,5,4,42.00310974,-87.6999359
10/6/2017 17:30,30,OTHER WARNING SIGN,RAIN,DAYLIGHT,NOT DIVIDED,WET,NO INJURY / DRIVE AWAY,,NOT APPLICABLE,3400,N,ROCKWELL ST,,NO INDICATION OF INJURY,0,0,0,17,6,10,41.94305204,-87.69384443
08/22/2022 05:18:00 PM,30,TRAFFIC SIGNAL,CLEAR,DAYLIGHT,NOT DIVIDED,DRY,NO INJURY / DRIVE AWAY,Y,FAILING TO YIELD RIGHT-OF-WAY,1600,N,DAMEN AVE,,NO INDICATION OF INJURY,0,0,0,17,2,8,41.91058842,-87.67764382
06/27/2019 02:20:00 PM,30,NO CONTROLS,CLEAR,DAYLIGHT,NOT DIVIDED,DRY,NO INJURY / DRIVE AWAY,Y,IMPROPER OVERTAKING/PASSING,5233,W,WABANSIA AVE,,NO INDICATION OF INJURY,0,0,0,14,5,6,41.91121007,-87.75708715
5/7/2018 18:00,30,NO CONTROLS,CLEAR,DAYLIGHT,NOT DIVIDED,DRY,INJURY AND / OR TOW DUE TO CRASH,,FAILING TO YIELD RIGHT-OF-WAY,1400,W,17TH ST,,INCAPACITATING INJURY,0,1,0,18,2,5,41.85888872,-87.6614678
7/7/2018 19:18,30,TRAFFIC SIGNAL,CLEAR,DAYLIGHT,ONE-WAY,DRY,INJURY AND / OR TOW DUE TO CRASH,Y,UNABLE TO DETERMINE,200,N,WELLS ST,N,NONINCAPACITATING INJURY,0,0,1,19,7,7,41.8857537,-87.63407776
11/4/2020 9:00,35,NO CONTROLS,CLEAR,DAYLIGHT,NOT DIVIDED,DRY,INJURY AND / OR TOW DUE TO CRASH,Y,UNABLE TO DETERMINE,4545,N,ELSTON AVE,Y,INCAPACITATING INJURY,0,1,0,9,4,11,41.96347163,-87.73317143
4/11/2018 18:40,30,NO CONTROLS,CLEAR,"DARKNESS, LIGHTED ROAD",NOT DIVIDED,DRY,INJURY AND / OR TOW DUE TO CRASH,Y,IMPROPER OVERTAKING/PASSING,7509,N,CALIFORNIA AVE,,NONINCAPACITATING INJURY,0,0,1,18,4,4,42.01780776,-87.69946662
08/21/2020 07:30:00 PM,25,NO CONTROLS,CLEAR,"DARKNESS, LIGHTED ROAD",NOT DIVIDED,DRY,NO INJURY / DRIVE AWAY,Y,UNABLE TO DETERMINE,5100,S,COTTAGE GROVE AVE,,NO INDICATION OF INJURY,0,0,0,19,6,8,41.80222063,-87.60655293
09/20/2020 02:23:00 PM,30,NO CONTROLS,CLEAR,DAYLIGHT,NOT DIVIDED,DRY,INJURY AND / OR TOW DUE TO CRASH,,FOLLOWING TOO CLOSELY,832,N,STATE ST,,"REPORTED, NOT EVIDENT",0,0,0,14,1,9,41.89768884,-87.62837402
4/11/2021 1:58,30,UNKNOWN,CLEAR,"DARKNESS, LIGHTED ROAD",DIVIDED - W/MEDIAN (NOT RAISED),UNKNOWN,NO INJURY / DRIVE AWAY,Y,FOLLOWING TOO CLOSELY,1602,N,DAMEN AVE,,NO INDICATION OF INJURY,0,0,0,1,1,4,41.91062278,-87.6776069
09/26/2023 04:59:00 PM,30,STOP SIGN/FLASHER,CLEAR,DAYLIGHT,UNKNOWN INTERSECTION TYPE,DRY,INJURY AND / OR TOW DUE TO CRASH,,FAILING TO REDUCE SPEED TO AVOID CRASH,1038,W,BALMORAL AVE,,INCAPACITATING INJURY,0,1,0,16,3,9,41.98013486,-87.65663236
09/22/2015 03:20:00 PM,30,NO CONTROLS,CLEAR,DAYLIGHT,DIVIDED - W/MEDIAN (NOT RAISED),DRY,NO INJURY / DRIVE AWAY,,NOT APPLICABLE,2458,W,MONTROSE AVE,Y,NO INDICATION OF INJURY,0,0,0,15,3,9,41.96140764,-87.6909347
7/1/2022 11:24,30,NO CONTROLS,CLEAR,DAYLIGHT,T-INTERSECTION,DRY,INJURY AND / OR TOW DUE TO CRASH,,UNABLE TO DETERMINE,2485,N,CLARK ST,,NONINCAPACITATING INJURY,0,0,1,11,6,7,41.92783382,-87.64165881
8/12/2019 17:15,30,NO CONTROLS,CLEAR,DAYLIGHT,NOT DIVIDED,DRY,INJURY AND / OR TOW DUE TO CRASH,Y,UNABLE TO DETERMINE,140,W,KINZIE ST,,NONINCAPACITATING INJURY,0,0,1,17,2,8,41.88929722,-87.63260165
04/26/2018 03:40:00 PM,30,NO CONTROLS,CLEAR,DAYLIGHT,NOT DIVIDED,DRY,INJURY AND / OR TOW DUE TO CRASH,,IMPROPER LANE USAGE,376,E,CHICAGO AVE,Y,NONINCAPACITATING INJURY,0,0,1,15,5,4,41.8969423,-87.61736622
09/19/2020 04:44:00 PM,30,NO CONTROLS,CLEAR,DAYLIGHT,OTHER,DRY,INJURY AND / OR TOW DUE TO CRASH,,UNABLE TO DETERMINE,3934,W,DIVERSEY AVE,,NONINCAPACITATING INJURY,0,0,1,16,7,9,41.93191327,-87.72598057
8/6/2018 18:25,30,TRAFFIC SIGNAL,CLEAR,DUSK,NOT DIVIDED,DRY,NO INJURY / DRIVE AWAY,,FAILING TO YIELD RIGHT-OF-WAY,4359,W,BELMONT AVE,,NO INDICATION OF INJURY,0,0,0,18,2,8,41.93885244,-87.73698057
06/17/2023 10:30:00 AM,10,TRAFFIC SIGNAL,CLEAR,DAYLIGHT,FOUR WAY,DRY,INJURY AND / OR TOW DUE TO CRASH,,DRIVING ON WRONG SIDE/WRONG WAY,1501,N,LAKE SHORE DR,,NONINCAPACITATING INJURY,0,0,1,10,7,6,41.90962164,-87.62602012
5/4/2023 21:00,10,UNKNOWN,CLEAR,DARKNESS,OTHER,UNKNOWN,INJURY AND / OR TOW DUE TO CRASH,Y,IMPROPER OVERTAKING/PASSING,150,N,HARBOR DR,,NONINCAPACITATING INJURY,0,0,1,21,5,5,41.8846573,-87.61588529
06/29/2021 09:15:00 PM,30,UNKNOWN,CLEAR,"DARKNESS, LIGHTED ROAD",NOT DIVIDED,DRY,NO INJURY / DRIVE AWAY,,UNABLE TO DETERMINE,6000,S,PULASKI RD,,NO INDICATION OF INJURY,0,0,0,21,3,6,41.78406742,-87.72305912
10/12/2019 14:15,30,NO CONTROLS,CLEAR,DAYLIGHT,NOT DIVIDED,DRY,NO INJURY / DRIVE AWAY,,FAILING TO YIELD RIGHT-OF-WAY,1520,W,FULLERTON AVE,,NO INDICATION OF INJURY,0,0,0,14,7,10,41.92528231,-87.66661708
06/21/2021 05:26:00 PM,30,STOP SIGN/FLASHER,CLEAR,DAYLIGHT,NOT DIVIDED,DRY,INJURY AND / OR TOW DUE TO CRASH,,UNABLE TO DETERMINE,2900,W,FULLERTON AVE,,"REPORTED, NOT EVIDENT",0,0,0,17,2,6,41.92489465,-87.69989373
05/31/2019 05:30:00 PM,35,STOP SIGN/FLASHER,CLEAR,DAYLIGHT,T-INTERSECTION,DRY,INJURY AND / OR TOW DUE TO CRASH,Y,IMPROPER TURNING/NO SIGNAL,10,E,NORTH AVE,,INCAPACITATING INJURY,0,1,0,17,6,5,41.91133943,-87.62846083
9/4/2019 21:15,30,NO CONTROLS,CLEAR,"DARKNESS, LIGHTED ROAD",DIVIDED - W/MEDIAN (NOT RAISED),DRY,INJURY AND / OR TOW DUE TO CRASH,Y,UNABLE TO DETERMINE,6430,S,STONY ISLAND AVE,,NONINCAPACITATING INJURY,0,0,1,21,4,9,41.77784252,-87.58652329
7/2/2022 14:34,25,NO CONTROLS,CLEAR,DAYLIGHT,NOT DIVIDED,DRY,NO INJURY / DRIVE AWAY,,UNABLE TO DETERMINE,4728,N,ROCKWELL ST,,NO INDICATION OF INJURY,0,0,0,14,7,7,41.96760106,-87.69391568
10/24/2020 04:30:00 PM,30,STOP SIGN/FLASHER,CLEAR,DAYLIGHT,T-INTERSECTION,DRY,NO INJURY / DRIVE AWAY,,UNABLE TO DETERMINE,3332,W,55TH ST,,NO INDICATION OF INJURY,0,0,0,16,7,10,41.79356963,-87.70729504
7/12/2019 15:45,30,OTHER,CLEAR,DAYLIGHT,NOT DIVIDED,DRY,INJURY AND / OR TOW DUE TO CRASH,,FAILING TO YIELD RIGHT-OF-WAY,2484,S,ARCHER AVE,,NONINCAPACITATING INJURY,0,0,1,15,6,7,41.84761465,-87.64591987
11/3/2016 18:30,30,NO CONTROLS,CLEAR,DAYLIGHT,DIVIDED - W/MEDIAN (NOT RAISED),DRY,NO INJURY / DRIVE AWAY,Y,FAILING TO YIELD RIGHT-OF-WAY,5500,S,ST LOUIS AVE,,NO INDICATION OF INJURY,0,0,0,18,5,11,41.79331345,-87.7110473
04/16/2019 04:27:00 PM,35,STOP SIGN/FLASHER,CLEAR,DAYLIGHT,NOT DIVIDED,DRY,INJURY AND / OR TOW DUE TO CRASH,,DISREGARDING STOP SIGN,857,W,ARMITAGE AVE,,NONINCAPACITATING INJURY,0,0,1,16,3,4,41.91803491,-87.65079133
5/5/2018 14:20,30,UNKNOWN,CLEAR,DAYLIGHT,UNKNOWN,DRY,NO INJURY / DRIVE AWAY,,UNABLE TO DETERMINE,1800,W,DEVON AVE,,NO INDICATION OF INJURY,0,0,0,14,7,5,41.99809836,-87.67525337
11/16/2020 05:45:00 AM,35,TRAFFIC SIGNAL,CLEAR,"DARKNESS, LIGHTED ROAD",NOT DIVIDED,DRY,INJURY AND / OR TOW DUE TO CRASH,Y,DISREGARDING OTHER TRAFFIC SIGNS,3601,N,SACRAMENTO AVE,,NONINCAPACITATING INJURY,0,0,1,5,2,11,41.94674727,-87.70278149
10/14/2020 05:15:00 PM,25,TRAFFIC SIGNAL,CLEAR,DAYLIGHT,NOT DIVIDED,UNKNOWN,NO INJURY / DRIVE AWAY,,IMPROPER OVERTAKING/PASSING,1549,W,18TH ST,N,NO INDICATION OF INJURY,0,0,0,17,4,10,41.8576967,-87.66564803
10/26/2016 06:48:00 PM,30,TRAFFIC SIGNAL,CLEAR,DAYLIGHT,NOT DIVIDED,WET,NO INJURY / DRIVE AWAY,Y,EXCEEDING AUTHORIZED SPEED LIMIT,2198,S,INDIANA AVE,,NO INDICATION OF INJURY,0,0,0,18,4,10,41.85298027,-87.62239783
8/2/2021 7:15,30,TRAFFIC SIGNAL,CLEAR,DAYLIGHT,DIVIDED - W/MEDIAN (NOT RAISED),DRY,INJURY AND / OR TOW DUE TO CRASH,,UNABLE TO DETERMINE,200,W,MADISON ST,,NONINCAPACITATING INJURY,0,0,1,7,2,8,41.88205499,-87.6338999
12/13/2021 10:40:00 AM,30,TRAFFIC SIGNAL,CLEAR,DAYLIGHT,DIVIDED - W/MEDIAN (NOT RAISED),DRY,NO INJURY / DRIVE AWAY,Y,DISREGARDING TRAFFIC SIGNALS,2005,S,HALSTED ST,,NO INDICATION OF INJURY,0,0,0,10,2,12,41.85519584,-87.64642112
03/28/2019 08:20:00 AM,20,STOP SIGN/FLASHER,CLEAR,DAYLIGHT,ONE-WAY,DRY,INJURY AND / OR TOW DUE TO CRASH,,FAILING TO YIELD RIGHT-OF-WAY,2730,W,BRYN MAWR AVE,,INCAPACITATING INJURY,0,1,0,8,5,3,41.98323597,-87.69800763
4/1/2017 22:30,30,TRAFFIC SIGNAL,CLEAR,"DARKNESS, LIGHTED ROAD",NOT DIVIDED,DRY,NO INJURY / DRIVE AWAY,Y,FAILING TO REDUCE SPEED TO AVOID CRASH,1600,W,WABANSIA AVE,,NO INDICATION OF INJURY,0,0,0,22,7,4,41.91255923,-87.66780511
08/23/2019 04:44:00 PM,30,NO CONTROLS,CLEAR,DAYLIGHT,PARKING LOT,DRY,INJURY AND / OR TOW DUE TO CRASH,Y,"OPERATING VEHICLE IN ERRATIC, RECKLESS, CARELESS, NEGLIGENT OR AGGRESSIVE MANNER",233,W,87TH ST,,NONINCAPACITATING INJURY,0,0,1,16,6,8,41.73593587,-87.62982658
7/11/2022 15:57,30,STOP SIGN/FLASHER,CLEAR,DAYLIGHT,OTHER,DRY,INJURY AND / OR TOW DUE TO CRASH,,UNABLE TO DETERMINE,3332,W,LAWRENCE AVE,,NONINCAPACITATING INJURY,0,0,1,15,2,7,41.96852453,-87.7122112
10/10/2019 18:50,30,NO CONTROLS,CLEAR,"DARKNESS, LIGHTED ROAD",NOT DIVIDED,DRY,INJURY AND / OR TOW DUE TO CRASH,,UNABLE TO DETERMINE,2507,W,ARMITAGE AVE,Y,NONINCAPACITATING INJURY,0,0,1,18,5,10,41.91744172,-87.6901955
8/8/2022 16:35,30,TRAFFIC SIGNAL,RAIN,DAYLIGHT,NOT DIVIDED,WET,NO INJURY / DRIVE AWAY,Y,DISREGARDING TRAFFIC SIGNALS,1600,W,TOUHY AVE,,NO INDICATION OF INJURY,0,0,0,16,2,8,42.01282113,-87.67031148
5/2/2021 12:29,30,NO CONTROLS,CLEAR,DAYLIGHT,NOT DIVIDED,DRY,NO INJURY / DRIVE AWAY,,FAILING TO YIELD RIGHT-OF-WAY,2740,N,CLARK ST,,NO INDICATION OF INJURY,0,0,0,12,1,5,41.93236669,-87.64496644
10/25/2022 05:30:00 PM,30,TRAFFIC SIGNAL,CLEAR,DAYLIGHT,NOT DIVIDED,DRY,NO INJURY / DRIVE AWAY,,UNABLE TO DETERMINE,200,N,WESTERN AVE,,NO INDICATION OF INJURY,0,0,0,17,3,10,41.88468637,-87.68667666
05/24/2016 09:20:00 PM,30,NO CONTROLS,CLEAR,"DARKNESS, LIGHTED ROAD",DIVIDED - W/MEDIAN BARRIER,DRY,INJURY AND / OR TOW DUE TO CRASH,,"OPERATING VEHICLE IN ERRATIC, RECKLESS, CARELESS, NEGLIGENT OR AGGRESSIVE MANNER",6221,N,CLARK ST,Y,NONINCAPACITATING INJURY,0,0,1,21,3,5,41.99516694,-87.67003399
7/7/2017 17:00,30,NO CONTROLS,CLEAR,DAYLIGHT,NOT DIVIDED,DRY,INJURY AND / OR TOW DUE TO CRASH,,UNABLE TO DETERMINE,1900,N,CICERO AVE,,NONINCAPACITATING INJURY,0,0,1,17,6,7,41.91519353,-87.74618263
03/24/2019 07:23:00 AM,30,STOP SIGN/FLASHER,CLEAR,DAYLIGHT,NOT DIVIDED,DRY,INJURY AND / OR TOW DUE TO CRASH,Y,DISREGARDING STOP SIGN,10100,S,PRINCETON AVE,,NONINCAPACITATING INJURY,0,0,1,7,1,3,41.71067531,-87.63094936
06/25/2023 11:48:00 AM,30,NO CONTROLS,CLEAR,DAYLIGHT,NOT DIVIDED,DRY,INJURY AND / OR TOW DUE TO CRASH,,NOT APPLICABLE,1959,N,HALSTED ST,Y,NONINCAPACITATING INJURY,0,0,1,11,1,6,41.9176534,-87.64833967
7/6/2018 16:15,30,NO CONTROLS,CLEAR,DAYLIGHT,DIVIDED - W/MEDIAN (NOT RAISED),DRY,NO INJURY / DRIVE AWAY,Y,NOT APPLICABLE,4401,S,WESTERN BLVD,,NO INDICATION OF INJURY,0,0,0,16,6,7,41.81375124,-87.68387171
8/3/2017 14:00,30,NO CONTROLS,RAIN,DAYLIGHT,DIVIDED - W/MEDIAN (NOT RAISED),WET,INJURY AND / OR TOW DUE TO CRASH,,WEATHER,3691,N,ELSTON AVE,,INCAPACITATING INJURY,0,1,0,14,5,8,41.94847595,-87.71133149
5/2/2019 15:30,30,NO CONTROLS,CLEAR,DAYLIGHT,DIVIDED - W/MEDIAN (NOT RAISED),DRY,INJURY AND / OR TOW DUE TO CRASH,,UNABLE TO DETERMINE,2363,N,MILWAUKEE AVE,Y,INCAPACITATING INJURY,0,1,0,15,5,5,41.92426082,-87.69933175
4/7/2020 17:00,30,UNKNOWN,CLEAR,DAYLIGHT,NOT DIVIDED,DRY,INJURY AND / OR TOW DUE TO CRASH,,DRIVING ON WRONG SIDE/WRONG WAY,2700,N,CLARK ST,,INCAPACITATING INJURY,0,1,0,17,3,4,41.93131828,-87.64442376
6/4/2016 14:01,30,TRAFFIC SIGNAL,RAIN,DAYLIGHT,NOT DIVIDED,WET,NO INJURY / DRIVE AWAY,,UNABLE TO DETERMINE,2300,N,MILWAUKEE AVE,,NO INDICATION OF INJURY,0,0,0,14,7,6,41.92284258,-87.69748748
05/18/2023 01:50:00 AM,30,NO CONTROLS,CLEAR,"DARKNESS, LIGHTED ROAD",NOT DIVIDED,DRY,INJURY AND / OR TOW DUE TO CRASH,Y,NOT APPLICABLE,758,W,71ST ST,,"REPORTED, NOT EVIDENT",0,0,0,1,5,5,41.76531365,-87.64435431
11/3/2019 23:30,30,TRAFFIC SIGNAL,CLEAR,"DARKNESS, LIGHTED ROAD",CENTER TURN LANE,DRY,INJURY AND / OR TOW DUE TO CRASH,,DRIVING ON WRONG SIDE/WRONG WAY,700,W,ROOSEVELT RD,,NONINCAPACITATING INJURY,0,0,1,23,1,11,41.86728716,-87.64524694
7/7/2023 8:25,35,NO CONTROLS,CLEAR,DAYLIGHT,NOT DIVIDED,DRY,INJURY AND / OR TOW DUE TO CRASH,,UNABLE TO DETERMINE,2352,S,ASHLAND AVE,N,NONINCAPACITATING INJURY,0,0,2,8,6,7,41.84887456,-87.66612592
7/2/2020 16:55,30,STOP SIGN/FLASHER,CLEAR,DAYLIGHT,T-INTERSECTION,DRY,INJURY AND / OR TOW DUE TO CRASH,,FAILING TO YIELD RIGHT-OF-WAY,2443,N,CLARK ST,,NONINCAPACITATING INJURY,0,0,1,16,5,7,41.92679377,-87.64104856
10/1/2017 19:35,30,UNKNOWN,CLEAR,"DARKNESS, LIGHTED ROAD",NOT DIVIDED,DRY,INJURY AND / OR TOW DUE TO CRASH,,"VISION OBSCURED (SIGNS, TREE LIMBS, BUILDINGS, ETC.)",2471,N,CLARK ST,Y,INCAPACITATING INJURY,0,1,0,19,1,10,41.92740674,-87.6414082
05/17/2018 09:35:00 PM,30,TRAFFIC SIGNAL,CLEAR,"DARKNESS, LIGHTED ROAD",CENTER TURN LANE,DRY,INJURY AND / OR TOW DUE TO CRASH,,IMPROPER TURNING/NO SIGNAL,100,W,POLK ST,N,NONINCAPACITATING INJURY,0,0,1,21,5,5,41.87233535,-87.63068072
5/3/2018 17:30,30,NO CONTROLS,CLEAR,DAYLIGHT,NOT DIVIDED,DRY,INJURY AND / OR TOW DUE TO CRASH,Y,IMPROPER LANE USAGE,5748,W,ADDISON ST,,INCAPACITATING INJURY,0,1,0,17,5,5,41.94593959,-87.77113116
07/26/2023 07:35:00 AM,30,TRAFFIC SIGNAL,CLEAR,DAYLIGHT,NOT DIVIDED,DRY,INJURY AND / OR TOW DUE TO CRASH,,UNABLE TO DETERMINE,401,E,69TH ST,,INCAPACITATING INJURY,0,1,0,7,4,7,41.76923101,-87.6152907
06/14/2018 08:30:00 PM,30,TRAFFIC SIGNAL,CLEAR,DUSK,DIVIDED - W/MEDIAN (NOT RAISED),DRY,NO INJURY / DRIVE AWAY,Y,IMPROPER LANE USAGE,1958,N,MILWAUKEE AVE,,NO INDICATION OF INJURY,0,0,0,20,5,6,41.91693959,-87.68782832
08/22/2019 11:00:00 AM,25,STOP SIGN/FLASHER,CLEAR,DAYLIGHT,NOT DIVIDED,DRY,NO INJURY / DRIVE AWAY,,UNABLE TO DETERMINE,7905,S,KILPATRICK AVE,,NO INDICATION OF INJURY,0,0,0,11,5,8,41.74897382,-87.73698907
08/25/2023 05:57:00 PM,30,STOP SIGN/FLASHER,CLEAR,DUSK,DIVIDED - W/MEDIAN (NOT RAISED),DRY,NO INJURY / DRIVE AWAY,,"OPERATING VEHICLE IN ERRATIC, RECKLESS, CARELESS, NEGLIGENT OR AGGRESSIVE MANNER",2300,S,INDIANA AVE,,NO INDICATION OF INJURY,0,0,0,17,6,8,41.85104054,-87.62238659
3/9/2019 8:00,30,NO CONTROLS,CLEAR,DAYLIGHT,DIVIDED - W/MEDIAN (NOT RAISED),DRY,NO INJURY / DRIVE AWAY,,IMPROPER OVERTAKING/PASSING,2530,W,FULLERTON AVE,,NO INDICATION OF INJURY,0,0,0,8,7,3,41.92497577,-87.69124702
5/9/2020 18:20,30,NO CONTROLS,CLEAR,DAYLIGHT,NOT DIVIDED,DRY,INJURY AND / OR TOW DUE TO CRASH,,IMPROPER TURNING/NO SIGNAL,4823,W,LAKE ST,,NONINCAPACITATING INJURY,0,0,1,18,7,5,41.88657828,-87.7464714
09/24/2022 10:45:00 AM,30,NO CONTROLS,CLEAR,DAYLIGHT,ALLEY,DRY,INJURY AND / OR TOW DUE TO CRASH,,"VISION OBSCURED (SIGNS, TREE LIMBS, BUILDINGS, ETC.)",4014,N,KIMBALL AVE,,NONINCAPACITATING INJURY,0,0,1,10,7,9,41.95433154,-87.71307342
5/2/2023 21:19,30,STOP SIGN/FLASHER,CLEAR,"DARKNESS, LIGHTED ROAD",NOT DIVIDED,DRY,INJURY AND / OR TOW DUE TO CRASH,,NOT APPLICABLE,5600,N,SAYRE AVE,,"REPORTED, NOT EVIDENT",0,0,0,21,3,5,41.98282848,-87.80127428
08/30/2023 08:29:00 PM,30,NO CONTROLS,CLEAR,"DARKNESS, LIGHTED ROAD",DIVIDED - W/MEDIAN (NOT RAISED),DRY,INJURY AND / OR TOW DUE TO CRASH,,NOT APPLICABLE,2706,N,HALSTED ST,Y,NONINCAPACITATING INJURY,0,0,1,20,4,8,41.93175707,-87.64912469
01/29/2020 08:24:00 PM,30,NO CONTROLS,CLEAR,DARKNESS,DIVIDED - W/MEDIAN (NOT RAISED),DRY,INJURY AND / OR TOW DUE TO CRASH,,FAILING TO YIELD RIGHT-OF-WAY,7105,S,WESTERN AVE,,NONINCAPACITATING INJURY,0,0,1,20,4,1,41.76449964,-87.68309109
10/10/2020 3:45,30,NO CONTROLS,CLEAR,"DARKNESS, LIGHTED ROAD",ONE-WAY,DRY,INJURY AND / OR TOW DUE TO CRASH,Y,FAILING TO YIELD RIGHT-OF-WAY,2400,W,CORTEZ ST,,INCAPACITATING INJURY,0,1,0,3,7,10,41.90040185,-87.68708388
4/2/2021 17:25,30,STOP SIGN/FLASHER,CLEAR,DAYLIGHT,T-INTERSECTION,DRY,INJURY AND / OR TOW DUE TO CRASH,,DISREGARDING STOP SIGN,5032,N,WOLCOTT AVE,,NONINCAPACITATING INJURY,0,0,1,17,6,4,41.97343963,-87.67647771
09/28/2017 09:40:00 AM,30,NO CONTROLS,CLEAR,DAYLIGHT,DIVIDED - W/MEDIAN BARRIER,DRY,INJURY AND / OR TOW DUE TO CRASH,,IMPROPER LANE USAGE,450,W,ROOSEVELT RD,,NONINCAPACITATING INJURY,0,0,1,9,5,9,41.86736349,-87.63913709
7/1/2023 18:32,35,OTHER,CLEAR,DAYLIGHT,NOT DIVIDED,DRY,INJURY AND / OR TOW DUE TO CRASH,Y,FAILING TO YIELD RIGHT-OF-WAY,98,W,ROOSEVELT RD,,NONINCAPACITATING INJURY,0,0,1,18,7,7,41.86748446,-87.63038891
6/2/2017 10:25,30,NO CONTROLS,CLEAR,DAYLIGHT,DIVIDED - W/MEDIAN (NOT RAISED),DRY,NO INJURY / DRIVE AWAY,,UNABLE TO DETERMINE,1814,W,ADDISON ST,,NO INDICATION OF INJURY,0,0,0,10,6,6,41.94702297,-87.6746349
06/17/2020 11:45:00 PM,30,TRAFFIC SIGNAL,CLEAR,"DARKNESS, LIGHTED ROAD",RAMP,DRY,NO INJURY / DRIVE AWAY,,FAILING TO YIELD RIGHT-OF-WAY,3230,N,KIMBALL AVE,,NO INDICATION OF INJURY,0,0,0,23,4,6,41.94020148,-87.71268177