CRASH_DATE,POSTED_SPEED_LIMIT,TRAFFIC_CONTROL_DEVICE,WEATHER_CONDITION,LIGHTING_CONDITION,TRAFFICWAY_TYPE,ROADWAY_SURFACE_COND,CRASH_TYPE,HIT_AND_RUN_I,PRIM_CONTRIBUTORY_CAUSE,STREET_NO,STREET_DIRECTION,STREET_NAME,DOORING_I,MOST_SEVERE_INJURY,INJURIES_FATAL,INJURIES_INCAPACITATING,INJURIES_NON_INCAPACITATING,CRASH_HOUR,CRASH_DAY_OF_WEEK,CRASH_MONTH,LATITUDE,LONGITUDE
11/7/2018 16:22,30,TRAFFIC SIGNAL,CLEAR,DAYLIGHT,NOT DIVIDED,DRY,NO INJURY / DRIVE AWAY,Y,FAILING TO YIELD RIGHT-OF-WAY,501,W,18TH ST,,NO INDICATION OF INJURY,0,0,0,16,4,11,41.85755492,-87.63898418
12/7/2017 8:10,30,TRAFFIC SIGNAL,CLEAR,DAYLIGHT,NOT DIVIDED,DRY,NO INJURY / DRIVE AWAY,,DISREGARDING OTHER TRAFFIC SIGNS,500,W,WASHINGTON BLVD,Y,NO INDICATION OF INJURY,0,0,0,8,5,12,41.88329092,-87.63978476
6/5/2023 16:49,30,NO CONTROLS,CLEAR,DAYLIGHT,DIVIDED - W/MEDIAN BARRIER,DRY,INJURY AND / OR TOW DUE TO CRASH,Y,FAILING TO YIELD RIGHT-OF-WAY,914,W,CHICAGO AVE,,NONINCAPACITATING INJURY,0,0,1,16,2,6,41.89645461,-87.65051253
8/2/2023 14:12,30,NO CONTROLS,CLEAR,DAYLIGHT,NOT DIVIDED,DRY,INJURY AND / OR TOW DUE TO CRASH,,CELL PHONE USE OTHER THAN TEXTING,2353,W,BROSS AVE,,NONINCAPACITATING INJURY,0,0,1,14,4,8,41.83430241,-87.68447713
10/5/2019 12:54,30,NO CONTROLS,CLEAR,DAYLIGHT,NOT DIVIDED,DRY,INJURY AND / OR TOW DUE TO CRASH,,FAILING TO REDUCE SPEED TO AVOID CRASH,1453,N,AUSTIN BLVD,,NONINCAPACITATING INJURY,0,0,1,12,7,10,41.90718265,-87.77538707
7/10/2019 20:10,30,NO CONTROLS,CLEAR,DUSK,DIVIDED - W/MEDIAN (NOT RAISED),DRY,INJURY AND / OR TOW DUE TO CRASH,,UNABLE TO DETERMINE,1620,N,WELLS ST,Y,NONINCAPACITATING INJURY,0,0,1,20,4,7,41.91179335,-87.6348773
10/9/2018 17:00,30,NO CONTROLS,CLEAR,DAYLIGHT,NOT DIVIDED,DRY,INJURY AND / OR TOW DUE TO CRASH,,FAILING TO YIELD RIGHT-OF-WAY,4786,W,MADISON ST,,NONINCAPACITATING INJURY,0,0,1,17,3,10,41.88060928,-87.74515764
09/27/2022 10:10:00 AM,30,NO CONTROLS,CLEAR,DAYLIGHT,NOT DIVIDED,DRY,INJURY AND / OR TOW DUE TO CRASH,,UNABLE TO DETERMINE,7500,S,KENWOOD AVE,Y,NONINCAPACITATING INJURY,0,0,1,10,3,9,41.75862116,-87.59215624
7/5/2023 21:10,30,UNKNOWN,UNKNOWN,DARKNESS,UNKNOWN,UNKNOWN,NO INJURY / DRIVE AWAY,,UNABLE TO DETERMINE,7400,S,WABASH AVE,,NO INDICATION OF INJURY,0,0,0,21,4,7,41.75999162,-87.6233278
10/9/2017 13:00,30,TRAFFIC SIGNAL,CLEAR,DAYLIGHT,NOT DIVIDED,DRY,NO INJURY / DRIVE AWAY,Y,UNABLE TO DETERMINE,829,N,MICHIGAN AVE,,NO INDICATION OF INJURY,0,0,0,13,2,10,41.8975267,-87.62398758
05/23/2016 09:45:00 PM,30,UNKNOWN,UNKNOWN,UNKNOWN,DIVIDED - W/MEDIAN (NOT RAISED),UNKNOWN,NO INJURY / DRIVE AWAY,Y,NOT APPLICABLE,5900,N,LINCOLN AVE,,NO INDICATION OF INJURY,0,0,0,21,2,5,41.98821875,-87.70397132
12/11/2019 21:09,30,TRAFFIC SIGNAL,CLEAR,"DARKNESS, LIGHTED ROAD",NOT DIVIDED,DRY,INJURY AND / OR TOW DUE TO CRASH,Y,FAILING TO YIELD RIGHT-OF-WAY,2802,N,BROADWAY,,NONINCAPACITATING INJURY,0,0,1,21,4,12,41.93295079,-87.6450108
04/23/2018 03:20:00 PM,30,NO CONTROLS,CLEAR,DAYLIGHT,DIVIDED - W/MEDIAN (NOT RAISED),DRY,NO INJURY / DRIVE AWAY,,FAILING TO YIELD RIGHT-OF-WAY,833,W,DIVERSEY PKWY,,NO INDICATION OF INJURY,0,0,0,15,2,4,41.93258565,-87.65027726
08/13/2020 01:45:00 PM,20,OTHER,CLEAR,DAYLIGHT,ONE-WAY,DRY,INJURY AND / OR TOW DUE TO CRASH,,DRIVING SKILLS/KNOWLEDGE/EXPERIENCE,4600,N,LINDER AVE,Y,NONINCAPACITATING INJURY,0,0,1,13,5,8,41.96462833,-87.76507355
04/24/2021 04:45:00 PM,30,NO CONTROLS,CLEAR,DAYLIGHT,NOT DIVIDED,DRY,INJURY AND / OR TOW DUE TO CRASH,N,DISTRACTION - FROM INSIDE VEHICLE,4813,N,DAMEN AVE,Y,NONINCAPACITATING INJURY,0,0,1,16,7,4,41.9691879,-87.67905025
04/17/2017 04:30:00 PM,30,NO CONTROLS,CLEAR,DAYLIGHT,DIVIDED - W/MEDIAN (NOT RAISED),DRY,NO INJURY / DRIVE AWAY,,UNABLE TO DETERMINE,3701,N,ELSTON AVE,Y,NO INDICATION OF INJURY,0,0,0,16,2,4,41.94859785,-87.71150984
05/30/2019 11:20:00 PM,30,TRAFFIC SIGNAL,CLEAR,"DARKNESS, LIGHTED ROAD",FOUR WAY,DRY,NO INJURY / DRIVE AWAY,Y,FAILING TO YIELD RIGHT-OF-WAY,7901,S,STONY ISLAND AVE,,NO INDICATION OF INJURY,0,0,0,23,5,5,41.75144291,-87.58550589
11/1/2017 15:00,30,TRAFFIC SIGNAL,CLOUDY/OVERCAST,DAYLIGHT,NOT DIVIDED,DRY,NO INJURY / DRIVE AWAY,,FAILING TO YIELD RIGHT-OF-WAY,5900,S,SACRAMENTO AVE,,NO INDICATION OF INJURY,0,0,0,15,4,11,41.78623355,-87.69861497
8/1/2018 16:25,30,STOP SIGN/FLASHER,CLEAR,DAYLIGHT,NOT DIVIDED,DRY,INJURY AND / OR TOW DUE TO CRASH,,UNABLE TO DETERMINE,5474,W,LAKE ST,,NONINCAPACITATING INJURY,0,0,1,16,4,8,41.88736506,-87.76320506
04/15/2023 09:45:00 PM,35,TRAFFIC SIGNAL,CLEAR,DARKNESS,FOUR WAY,DRY,NO INJURY / DRIVE AWAY,,UNABLE TO DETERMINE,1600,N,SEDGWICK ST,,NO INDICATION OF INJURY,0,0,0,21,7,4,41.91116024,-87.63874095
8/1/2019 8:39,20,NO CONTROLS,CLEAR,DAYLIGHT,NOT DIVIDED,DRY,INJURY AND / OR TOW DUE TO CRASH,,UNABLE TO DETERMINE,3604,N,LINCOLN AVE,,NONINCAPACITATING INJURY,0,0,1,8,5,8,41.94716643,-87.67406332
07/16/2022 10:42:00 PM,30,TRAFFIC SIGNAL,CLEAR,DARKNESS,NOT DIVIDED,DRY,INJURY AND / OR TOW DUE TO CRASH,Y,FAILING TO YIELD RIGHT-OF-WAY,630,N,LA SALLE DR,,NONINCAPACITATING INJURY,0,0,1,22,7,7,41.89324477,-87.6327867
10/12/2017 15:32,30,TRAFFIC SIGNAL,CLEAR,DAYLIGHT,DIVIDED - W/MEDIAN (NOT RAISED),DRY,INJURY AND / OR TOW DUE TO CRASH,Y,UNABLE TO DETERMINE,1098,W,CHICAGO AVE,,NONINCAPACITATING INJURY,0,0,1,15,5,10,41.89638003,-87.65520775
07/27/2022 04:41:00 PM,30,NO CONTROLS,CLEAR,DAYLIGHT,DIVIDED - W/MEDIAN (NOT RAISED),DRY,INJURY AND / OR TOW DUE TO CRASH,Y,UNABLE TO DETERMINE,3911,N,BROADWAY,,NONINCAPACITATING INJURY,0,0,1,16,4,7,41.95317205,-87.64952164
6/10/2017 16:04,30,UNKNOWN,CLEAR,DAYLIGHT,OTHER,UNKNOWN,NO INJURY / DRIVE AWAY,,FAILING TO YIELD RIGHT-OF-WAY,200,W,MONTROSE HARBOR DR,,NO INDICATION OF INJURY,0,0,0,16,7,6,41.96345897,-87.63799401
06/28/2019 05:00:00 PM,30,NO CONTROLS,CLEAR,DAYLIGHT,NOT DIVIDED,DRY,INJURY AND / OR TOW DUE TO CRASH,,UNABLE TO DETERMINE,1401,N,CALIFORNIA AVE,Y,NONINCAPACITATING INJURY,0,0,1,17,6,6,41.90667133,-87.69682456
4/3/2021 19:48,30,TRAFFIC SIGNAL,CLEAR,"DARKNESS, LIGHTED ROAD",FOUR WAY,DRY,INJURY AND / OR TOW DUE TO CRASH,Y,FAILING TO YIELD RIGHT-OF-WAY,5901,S,KEDZIE AVE,,"REPORTED, NOT EVIDENT",0,0,0,19,7,4,41.78615933,-87.70319986
09/17/2023 05:18:00 PM,30,NO CONTROLS,UNKNOWN,DUSK,NOT DIVIDED,UNKNOWN,NO INJURY / DRIVE AWAY,Y,UNABLE TO DETERMINE,656,E,37TH ST,,NO INDICATION OF INJURY,0,0,0,17,1,9,41.82749247,-87.60974252
11/28/2017 05:30:00 AM,30,TRAFFIC SIGNAL,CLEAR,"DARKNESS, LIGHTED ROAD",DIVIDED - W/MEDIAN (NOT RAISED),DRY,INJURY AND / OR TOW DUE TO CRASH,,FAILING TO YIELD RIGHT-OF-WAY,3859,S,ASHLAND AVE,,NONINCAPACITATING INJURY,0,0,1,5,3,11,41.82320885,-87.66516716
05/29/2019 03:24:00 PM,30,OTHER,CLEAR,DAYLIGHT,T-INTERSECTION,DRY,INJURY AND / OR TOW DUE TO CRASH,,UNABLE TO DETERMINE,7299,N,RIDGE BLVD,,INCAPACITATING INJURY,0,1,0,15,4,5,42.01397661,-87.68351588
9/8/2021 16:43,30,TRAFFIC SIGNAL,CLEAR,DAYLIGHT,DIVIDED - W/MEDIAN (NOT RAISED),DRY,NO INJURY / DRIVE AWAY,,UNABLE TO DETERMINE,4758,W,IRVING PARK RD,,NO INDICATION OF INJURY,0,0,0,16,4,9,41.95353056,-87.74722436
7/6/2018 9:05,30,NO CONTROLS,CLEAR,DAYLIGHT,NOT DIVIDED,DRY,INJURY AND / OR TOW DUE TO CRASH,,UNABLE TO DETERMINE,4022,W,BELMONT AVE,N,NONINCAPACITATING INJURY,0,0,1,9,6,7,41.93919183,-87.72815061
08/27/2019 04:45:00 PM,30,NO CONTROLS,CLEAR,DAYLIGHT,NOT DIVIDED,DRY,INJURY AND / OR TOW DUE TO CRASH,,UNABLE TO DETERMINE,711,N,MILWAUKEE AVE,,INCAPACITATING INJURY,0,1,0,16,3,8,41.89466329,-87.65274437
8/3/2023 18:15,30,NO CONTROLS,CLEAR,DAYLIGHT,NOT DIVIDED,DRY,INJURY AND / OR TOW DUE TO CRASH,,FAILING TO YIELD RIGHT-OF-WAY,1365,N,MILWAUKEE AVE,Y,NONINCAPACITATING INJURY,0,0,1,18,5,8,41.90673205,-87.67153598
07/26/2021 01:47:00 PM,30,TRAFFIC SIGNAL,CLEAR,DAYLIGHT,"FIVE POINT, OR MORE",DRY,INJURY AND / OR TOW DUE TO CRASH,Y,FAILING TO YIELD RIGHT-OF-WAY,3431,N,SHEFFIELD AVE,,INCAPACITATING INJURY,0,1,0,13,2,7,41.94442435,-87.65409651
8/4/2017 20:25,30,NO CONTROLS,CLEAR,"DARKNESS, LIGHTED ROAD",DIVIDED - W/MEDIAN BARRIER,DRY,INJURY AND / OR TOW DUE TO CRASH,,UNABLE TO DETERMINE,2515,W,79TH ST,,NONINCAPACITATING INJURY,0,0,1,20,6,8,41.74988407,-87.68593888
10/9/2023 15:15,30,TRAFFIC SIGNAL,CLEAR,DAYLIGHT,FOUR WAY,DRY,INJURY AND / OR TOW DUE TO CRASH,,UNABLE TO DETERMINE,4800,W,MADISON ST,,"REPORTED, NOT EVIDENT",0,0,0,15,2,10,41.88060622,-87.74540229
05/16/2016 03:30:00 PM,30,NO CONTROLS,CLEAR,DAYLIGHT,NOT DIVIDED,DRY,NO INJURY / DRIVE AWAY,,UNABLE TO DETERMINE,6900,S,PULASKI RD,,NO INDICATION OF INJURY,0,0,0,15,2,5,41.76768773,-87.72263085
8/4/2022 16:15,30,TRAFFIC SIGNAL,CLEAR,DAYLIGHT,NOT DIVIDED,DRY,INJURY AND / OR TOW DUE TO CRASH,,UNABLE TO DETERMINE,540,E,GRAND AVE,,NONINCAPACITATING INJURY,0,0,1,16,5,8,41.89205762,-87.61275457
01/29/2018 03:50:00 PM,35,NO CONTROLS,CLOUDY/OVERCAST,DAYLIGHT,OTHER,DRY,INJURY AND / OR TOW DUE TO CRASH,,UNABLE TO DETERMINE,3116,W,CERMAK RD,Y,"REPORTED, NOT EVIDENT",0,0,0,15,2,1,41.8518967,-87.70361083
4/12/2018 18:13,30,STOP SIGN/FLASHER,CLEAR,DAYLIGHT,NOT DIVIDED,DRY,INJURY AND / OR TOW DUE TO CRASH,,FAILING TO REDUCE SPEED TO AVOID CRASH,1850,W,CONGRESS PKWY,,NONINCAPACITATING INJURY,0,0,1,18,5,4,41.87517436,-87.67356672
01/16/2021 05:45:00 PM,30,NO CONTROLS,RAIN,DARKNESS,NOT DIVIDED,WET,INJURY AND / OR TOW DUE TO CRASH,,FAILING TO YIELD RIGHT-OF-WAY,2836,N,BROADWAY,,NONINCAPACITATING INJURY,0,0,1,17,7,1,41.93384512,-87.64467851
6/6/2018 8:05,30,NO CONTROLS,CLEAR,DAYLIGHT,DIVIDED - W/MEDIAN (NOT RAISED),DRY,INJURY AND / OR TOW DUE TO CRASH,Y,FAILING TO YIELD RIGHT-OF-WAY,1851,W,OGDEN AVE,,NONINCAPACITATING INJURY,0,0,1,8,4,6,41.87562875,-87.67279517
09/27/2018 04:00:00 PM,30,NO CONTROLS,CLEAR,DAYLIGHT,DIVIDED - W/MEDIAN (NOT RAISED),DRY,INJURY AND / OR TOW DUE TO CRASH,N,UNABLE TO DETERMINE,10500,S,WESTERN AVE,,NONINCAPACITATING INJURY,0,0,1,16,5,9,41.70263855,-87.68164578
08/29/2022 04:00:00 PM,30,NO CONTROLS,CLEAR,DAYLIGHT,ALLEY,DRY,INJURY AND / OR TOW DUE TO CRASH,,FAILING TO YIELD RIGHT-OF-WAY,6401,S,KIMBARK AVE,N,NONINCAPACITATING INJURY,0,0,1,16,2,8,41.77863683,-87.59446188
9/11/2017 18:20,30,STOP SIGN/FLASHER,CLEAR,DAYLIGHT,DIVIDED - W/MEDIAN (NOT RAISED),DRY,INJURY AND / OR TOW DUE TO CRASH,,FAILING TO YIELD RIGHT-OF-WAY,1650,E,95TH ST,,NONINCAPACITATING INJURY,0,0,1,18,2,9,41.72248103,-87.5830762
5/7/2019 7:30,25,STOP SIGN/FLASHER,RAIN,DAYLIGHT,ONE-WAY,WET,INJURY AND / OR TOW DUE TO CRASH,,"VISION OBSCURED (SIGNS, TREE LIMBS, BUILDINGS, ETC.)",2158,N,HAMLIN AVE,Y,"REPORTED, NOT EVIDENT",0,0,0,7,3,5,41.9208359,-87.72192275
06/21/2017 09:12:00 PM,30,TRAFFIC SIGNAL,CLEAR,DARKNESS,DIVIDED - W/MEDIAN (NOT RAISED),DRY,NO INJURY / DRIVE AWAY,Y,UNABLE TO DETERMINE,2956,W,MADISON ST,,NO INDICATION OF INJURY,0,0,0,21,4,6,41.88113638,-87.70100776
12/13/2020 08:00:00 PM,25,NO CONTROLS,CLEAR,"DARKNESS, LIGHTED ROAD",NOT DIVIDED,DRY,NO INJURY / DRIVE AWAY,Y,UNABLE TO DETERMINE,3311,N,BROADWAY,Y,NO INDICATION OF INJURY,0,0,0,20,1,12,41.94225825,-87.64432098
9/7/2019 13:30,30,NO CONTROLS,CLEAR,DAYLIGHT,T-INTERSECTION,DRY,NO INJURY / DRIVE AWAY,,"VISION OBSCURED (SIGNS, TREE LIMBS, BUILDINGS, ETC.)",2025,N,ASHLAND AVE,,NO INDICATION OF INJURY,0,0,0,13,7,9,41.9187334,-87.66799437
05/25/2018 07:47:00 PM,30,NO CONTROLS,CLEAR,DAYLIGHT,NOT DIVIDED,DRY,INJURY AND / OR TOW DUE TO CRASH,,UNABLE TO DETERMINE,4511,N,KEDZIE AVE,Y,NONINCAPACITATING INJURY,0,0,1,19,6,5,41.96338148,-87.70816805
5/11/2022 19:01,30,STOP SIGN/FLASHER,CLEAR,DAYLIGHT,NOT DIVIDED,UNKNOWN,INJURY AND / OR TOW DUE TO CRASH,,UNABLE TO DETERMINE,7659,N,PAULINA ST,,NONINCAPACITATING INJURY,0,0,1,19,4,5,42.02108605,-87.67293195
9/8/2018 15:30,30,NO CONTROLS,CLEAR,DAYLIGHT,ALLEY,DRY,NO INJURY / DRIVE AWAY,,FAILING TO YIELD RIGHT-OF-WAY,6400,N,WESTERN AVE,,NO INDICATION OF INJURY,0,0,0,15,7,9,41.99781781,-87.69003304
8/6/2018 15:05,35,STOP SIGN/FLASHER,CLOUDY/OVERCAST,DAYLIGHT,ONE-WAY,DRY,INJURY AND / OR TOW DUE TO CRASH,,DRIVING ON WRONG SIDE/WRONG WAY,4400,S,INDIANA AVE,,NONINCAPACITATING INJURY,0,0,1,15,2,8,41.81466863,-87.62150353
10/1/2022 12:30,30,TRAFFIC SIGNAL,CLEAR,DAYLIGHT,FOUR WAY,DRY,INJURY AND / OR TOW DUE TO CRASH,,DRIVING ON WRONG SIDE/WRONG WAY,3200,N,OAK PARK AVE,,INCAPACITATING INJURY,0,1,0,12,7,10,41.93824719,-87.79584666
06/23/2021 02:45:00 PM,30,TRAFFIC SIGNAL,CLEAR,DAYLIGHT,DIVIDED - W/MEDIAN BARRIER,DRY,NO INJURY / DRIVE AWAY,,UNABLE TO DETERMINE,181,N,DEARBORN ST,,NO INDICATION OF INJURY,0,0,0,14,4,6,41.88535046,-87.62933739
7/12/2022 19:00,30,NO CONTROLS,CLEAR,DAYLIGHT,NOT DIVIDED,DRY,INJURY AND / OR TOW DUE TO CRASH,,UNABLE TO DETERMINE,708,W,26TH ST,Y,NONINCAPACITATING INJURY,0,0,1,19,3,7,41.84547497,-87.64367435
05/29/2020 01:05:00 PM,30,NO CONTROLS,CLEAR,DAYLIGHT,NOT DIVIDED,DRY,INJURY AND / OR TOW DUE TO CRASH,,UNABLE TO DETERMINE,3609,N,RAVENSWOOD AVE,,NONINCAPACITATING INJURY,0,0,1,13,6,5,41.94723504,-87.67346648
10/19/2019 03:40:00 PM,30,TRAFFIC SIGNAL,CLEAR,DAYLIGHT,DIVIDED - W/MEDIAN (NOT RAISED),DRY,INJURY AND / OR TOW DUE TO CRASH,,DISREGARDING OTHER TRAFFIC SIGNS,1557,N,HOMAN AVE,,NONINCAPACITATING INJURY,0,0,1,15,7,10,41.90994548,-87.71173759
11/5/2015 12:30,30,TRAFFIC SIGNAL,CLEAR,DAYLIGHT,NOT DIVIDED,DRY,INJURY AND / OR TOW DUE TO CRASH,,FAILING TO YIELD RIGHT-OF-WAY,200,N,HALSTED ST,,NONINCAPACITATING INJURY,0,0,1,12,5,11,41.88568962,-87.64762173
08/17/2021 06:00:00 PM,30,UNKNOWN,UNKNOWN,UNKNOWN,DIVIDED - W/MEDIAN (NOT RAISED),UNKNOWN,INJURY AND / OR TOW DUE TO CRASH,Y,DRIVING SKILLS/KNOWLEDGE/EXPERIENCE,5800,W,WASHINGTON BLVD,,"REPORTED, NOT EVIDENT",0,0,0,18,3,8,41.88228252,-87.76992833
07/13/2020 06:20:00 PM,30,STOP SIGN/FLASHER,CLEAR,DAYLIGHT,FOUR WAY,DRY,NO INJURY / DRIVE AWAY,,DRIVING ON WRONG SIDE/WRONG WAY,2500,N,LARAMIE AVE,,NO INDICATION OF INJURY,0,0,0,18,2,7,41.92600643,-87.75636298
09/20/2022 12:40:00 AM,30,STOP SIGN/FLASHER,CLEAR,"DARKNESS, LIGHTED ROAD",T-INTERSECTION,DRY,INJURY AND / OR TOW DUE TO CRASH,Y,FAILING TO YIELD RIGHT-OF-WAY,2300,N,CENTRAL PARK AVE,,NONINCAPACITATING INJURY,0,0,1,0,3,9,41.92281707,-87.71708718
09/25/2021 12:00:00 AM,30,UNKNOWN,RAIN,"DARKNESS, LIGHTED ROAD",NOT DIVIDED,WET,INJURY AND / OR TOW DUE TO CRASH,Y,DRIVING ON WRONG SIDE/WRONG WAY,2511,W,DIVISION ST,,INCAPACITATING INJURY,0,1,0,0,7,9,41.90287906,-87.68994499
09/18/2023 04:40:00 PM,30,TRAFFIC SIGNAL,CLEAR,DAYLIGHT,NOT DIVIDED,DRY,INJURY AND / OR TOW DUE TO CRASH,,DISREGARDING TRAFFIC SIGNALS,459,N,PULASKI RD,,NONINCAPACITATING INJURY,0,0,1,16,2,9,41.88971389,-87.7257759
7/6/2020 14:43,30,STOP SIGN/FLASHER,CLEAR,DAYLIGHT,FOUR WAY,DRY,NO INJURY / DRIVE AWAY,,DRIVING SKILLS/KNOWLEDGE/EXPERIENCE,6262,N,HARLEM AVE,,NO INDICATION OF INJURY,0,0,0,14,2,7,41.99534649,-87.80696582
12/17/2020 08:45:00 AM,30,STOP SIGN/FLASHER,CLEAR,DAYLIGHT,ONE-WAY,DRY,NO INJURY / DRIVE AWAY,,UNABLE TO DETERMINE,2759,N,RICHMOND ST,,NO INDICATION OF INJURY,0,0,0,8,5,12,41.9319812,-87.70114983
05/24/2022 05:51:00 PM,30,NO CONTROLS,CLEAR,DAYLIGHT,FOUR WAY,DRY,INJURY AND / OR TOW DUE TO CRASH,Y,FAILING TO YIELD RIGHT-OF-WAY,1199,S,CLINTON ST,,NONINCAPACITATING INJURY,0,0,1,17,3,5,41.86729033,-87.64057587
08/13/2020 05:30:00 AM,30,TRAFFIC SIGNAL,CLEAR,DAWN,NOT REPORTED,DRY,INJURY AND / OR TOW DUE TO CRASH,Y,"OPERATING VEHICLE IN ERRATIC, RECKLESS, CARELESS, NEGLIGENT OR AGGRESSIVE MANNER",800,W,HARRISON ST,,NONINCAPACITATING INJURY,0,0,1,5,5,8,41.87445355,-87.64722379
07/15/2019 05:30:00 PM,25,UNKNOWN,UNKNOWN,UNKNOWN,ONE-WAY,UNKNOWN,INJURY AND / OR TOW DUE TO CRASH,Y,UNABLE TO DETERMINE,4744,N,KILDARE AVE,,INCAPACITATING INJURY,0,1,0,17,2,7,41.96769319,-87.73556971
08/13/2021 02:55:00 PM,30,STOP SIGN/FLASHER,CLEAR,DAYLIGHT,ONE-WAY,DRY,INJURY AND / OR TOW DUE TO CRASH,,UNABLE TO DETERMINE,3327,W,54TH ST,,NONINCAPACITATING INJURY,0,0,1,14,6,8,41.79517875,-87.7072166
9/11/2020 21:11,30,STOP SIGN/FLASHER,CLEAR,"DARKNESS, LIGHTED ROAD",NOT DIVIDED,DRY,INJURY AND / OR TOW DUE TO CRASH,,IMPROPER LANE USAGE,400,N,LARAMIE AVE,,NONINCAPACITATING INJURY,0,0,1,21,6,9,41.88786207,-87.75548628
12/2/2018 19:15,30,STOP SIGN/FLASHER,RAIN,"DARKNESS, LIGHTED ROAD",ONE-WAY,WET,NO INJURY / DRIVE AWAY,,UNABLE TO DETERMINE,1959,W,IOWA ST,,NO INDICATION OF INJURY,0,0,0,19,1,12,41.89762234,-87.67704056
6/7/2019 8:10,35,NO CONTROLS,CLEAR,DAYLIGHT,NOT DIVIDED,DRY,INJURY AND / OR TOW DUE TO CRASH,,UNABLE TO DETERMINE,2431,W,LAWRENCE AVE,,NONINCAPACITATING INJURY,0,0,1,8,6,6,41.96849222,-87.69018677
10/5/2017 7:40,30,NO CONTROLS,CLEAR,DAYLIGHT,NOT DIVIDED,DRY,INJURY AND / OR TOW DUE TO CRASH,,FAILING TO YIELD RIGHT-OF-WAY,720,W,BELMONT AVE,,"REPORTED, NOT EVIDENT",0,0,0,7,5,10,41.94011389,-87.64771537
08/23/2019 08:50:00 PM,30,NO CONTROLS,CLEAR,"DARKNESS, LIGHTED ROAD",DIVIDED - W/MEDIAN (NOT RAISED),DRY,INJURY AND / OR TOW DUE TO CRASH,Y,NOT APPLICABLE,2530,W,LAKE ST,,NONINCAPACITATING INJURY,0,0,1,20,6,8,41.8846028,-87.69016156
10/15/2019 10:30:00 AM,30,STOP SIGN/FLASHER,CLEAR,DAYLIGHT,T-INTERSECTION,DRY,INJURY AND / OR TOW DUE TO CRASH,,FAILING TO YIELD RIGHT-OF-WAY,4701,S,MORGAN ST,,"REPORTED, NOT EVIDENT",0,0,0,10,3,10,41.80875184,-87.65024926
8/2/2017 8:35,30,TRAFFIC SIGNAL,CLEAR,DAYLIGHT,NOT DIVIDED,DRY,NO INJURY / DRIVE AWAY,,UNABLE TO DETERMINE,3600,W,AUGUSTA BLVD,,NO INDICATION OF INJURY,0,0,0,8,4,8,41.89921636,-87.71649679
5/8/2018 16:50,15,STOP SIGN/FLASHER,CLEAR,DAYLIGHT,NOT DIVIDED,DRY,NO INJURY / DRIVE AWAY,,FAILING TO YIELD RIGHT-OF-WAY,3601,N,RECREATION DR,,NO INDICATION OF INJURY,0,0,0,16,3,5,41.94897853,-87.64278209
9/11/2017 15:00,30,TRAFFIC SIGNAL,CLEAR,DAYLIGHT,NOT DIVIDED,DRY,INJURY AND / OR TOW DUE TO CRASH,,DISREGARDING TRAFFIC SIGNALS,1600,W,95TH ST,,NONINCAPACITATING INJURY,0,0,1,15,2,9,41.72132441,-87.66272415
08/29/2021 03:15:00 PM,30,NO CONTROLS,CLEAR,DAYLIGHT,NOT DIVIDED,UNKNOWN,INJURY AND / OR TOW DUE TO CRASH,,UNABLE TO DETERMINE,4433,N,KIMBALL AVE,Y,INCAPACITATING INJURY,0,1,0,15,1,8,41.96212981,-87.71302357
9/2/2020 8:45,30,TRAFFIC SIGNAL,CLEAR,DAYLIGHT,NOT DIVIDED,DRY,NO INJURY / DRIVE AWAY,,FAILING TO YIELD RIGHT-OF-WAY,45,N,OGDEN AVE,,NO INDICATION OF INJURY,0,0,0,8,4,9,41.88248581,-87.6648355
7/3/2023 22:20,30,TRAFFIC SIGNAL,CLEAR,"DARKNESS, LIGHTED ROAD",DIVIDED - W/MEDIAN (NOT RAISED),DRY,NO INJURY / DRIVE AWAY,,FAILING TO YIELD RIGHT-OF-WAY,1200,W,DIVERSEY PKWY,,NO INDICATION OF INJURY,0,0,0,22,2,7,41.93266489,-87.65877426
11/6/2019 15:00,30,STOP SIGN/FLASHER,CLEAR,DAYLIGHT,ONE-WAY,DRY,INJURY AND / OR TOW DUE TO CRASH,,FAILING TO YIELD RIGHT-OF-WAY,6400,S,WHIPPLE ST,,NONINCAPACITATING INJURY,0,0,1,15,4,11,41.77711687,-87.69957743
5/12/2022 19:20,30,NO CONTROLS,CLEAR,DAYLIGHT,NOT DIVIDED,DRY,INJURY AND / OR TOW DUE TO CRASH,Y,IMPROPER OVERTAKING/PASSING,600,W,63RD ST,,"REPORTED, NOT EVIDENT",0,0,0,19,5,5,41.77993336,-87.6400669
05/31/2022 05:05:00 PM,30,TRAFFIC SIGNAL,CLEAR,DAYLIGHT,NOT DIVIDED,DRY,INJURY AND / OR TOW DUE TO CRASH,,FAILING TO YIELD RIGHT-OF-WAY,4000,N,SHERIDAN RD,,NONINCAPACITATING INJURY,0,0,1,17,3,5,41.95453269,-87.65469303
05/30/2018 02:54:00 AM,20,UNKNOWN,CLEAR,DAYLIGHT,NOT DIVIDED,DRY,NO INJURY / DRIVE AWAY,,DRIVING SKILLS/KNOWLEDGE/EXPERIENCE,2834,N,BROADWAY,Y,NO INDICATION OF INJURY,0,0,0,2,4,5,41.93379741,-87.64470994