CRASH_DATE,POSTED_SPEED_LIMIT,TRAFFIC_CONTROL_DEVICE,WEATHER_CONDITION,LIGHTING_CONDITION,TRAFFICWAY_TYPE,ROADWAY_SURFACE_COND,CRASH_TYPE,HIT_AND_RUN_I,PRIM_CONTRIBUTORY_CAUSE,STREET_NO,STREET_DIRECTION,STREET_NAME,DOORING_I,MOST_SEVERE_INJURY,INJURIES_FATAL,INJURIES_INCAPACITATING,INJURIES_NON_INCAPACITATING,CRASH_HOUR,CRASH_DAY_OF_WEEK,CRASH_MONTH,LATITUDE,LONGITUDE
11/3/2016 10:45,30,NO CONTROLS,CLEAR,DAYLIGHT,DIVIDED - W/MEDIAN (NOT RAISED),DRY,INJURY AND / OR TOW DUE TO CRASH,Y,IMPROPER LANE USAGE,3760,N,CLARK ST,,NONINCAPACITATING INJURY,0,0,1,10,5,11,41.95045741,-87.65931426
09/29/2017 09:00:00 PM,30,NO CONTROLS,CLEAR,DUSK,NOT DIVIDED,DRY,NO INJURY / DRIVE AWAY,,NOT APPLICABLE,6200,S,KEDZIE AVE,,NO INDICATION OF INJURY,0,0,0,21,6,9,41.78074785,-87.70333294
6/5/2023 21:44,30,BICYCLE CROSSING SIGN,CLEAR,"DARKNESS, LIGHTED ROAD",NOT DIVIDED,UNKNOWN,NO INJURY / DRIVE AWAY,,DISREGARDING OTHER TRAFFIC SIGNS,3800,W,MONTROSE AVE,,NO INDICATION OF INJURY,0,0,0,21,2,6,41.96111751,-87.72299358
10/18/2018 06:30:00 PM,30,NO CONTROLS,CLEAR,DUSK,NOT DIVIDED,DRY,NO INJURY / DRIVE AWAY,,UNABLE TO DETERMINE,3600,W,DIVISION ST,,NO INDICATION OF INJURY,0,0,0,18,5,10,41.9028634,-87.71662544
7/8/2023 20:40,30,NO CONTROLS,CLEAR,DARKNESS,NOT DIVIDED,DRY,NO INJURY / DRIVE AWAY,,UNABLE TO DETERMINE,2661,N,HALSTED ST,,NO INDICATION OF INJURY,0,0,0,20,7,7,41.93079425,-87.64879967
06/23/2017 10:00:00 PM,45,TRAFFIC SIGNAL,CLEAR,"DARKNESS, LIGHTED ROAD",NOT DIVIDED,DRY,NO INJURY / DRIVE AWAY,Y,IMPROPER LANE USAGE,300,N,COLUMBUS DR,,NO INDICATION OF INJURY,0,0,0,22,6,6,41.8869732,-87.62084833
09/15/2018 12:30:00 PM,30,NO CONTROLS,CLEAR,DAYLIGHT,NOT DIVIDED,DRY,INJURY AND / OR TOW DUE TO CRASH,,UNABLE TO DETERMINE,4104,W,55TH ST,,INCAPACITATING INJURY,0,1,0,12,7,9,41.79329416,-87.72585874
8/9/2017 19:50,30,TRAFFIC SIGNAL,CLEAR,DAYLIGHT,NOT DIVIDED,DRY,INJURY AND / OR TOW DUE TO CRASH,,IMPROPER LANE USAGE,2555,N,MILWAUKEE AVE,Y,NONINCAPACITATING INJURY,0,0,1,19,4,8,41.92783668,-87.70516
01/17/2023 05:55:00 PM,30,TRAFFIC SIGNAL,CLEAR,"DARKNESS, LIGHTED ROAD",FOUR WAY,DRY,INJURY AND / OR TOW DUE TO CRASH,,UNABLE TO DETERMINE,2161,S,HARDING AVE,,"REPORTED, NOT EVIDENT",0,0,0,17,3,1,41.85166059,-87.72335223
05/31/2019 10:44:00 AM,30,TRAFFIC SIGNAL,CLEAR,DAYLIGHT,NOT DIVIDED,DRY,INJURY AND / OR TOW DUE TO CRASH,,NOT APPLICABLE,2400,W,GRANVILLE AVE,,NONINCAPACITATING INJURY,0,0,1,10,6,5,41.99420189,-87.68982816
08/19/2018 09:30:00 PM,35,TRAFFIC SIGNAL,CLEAR,DAYLIGHT,NOT DIVIDED,DRY,INJURY AND / OR TOW DUE TO CRASH,,UNABLE TO DETERMINE,1032,W,18TH ST,,NONINCAPACITATING INJURY,0,0,1,21,1,8,41.85811422,-87.65277986
2/6/2023 15:20,30,NO CONTROLS,CLEAR,DAYLIGHT,ALLEY,DRY,NO INJURY / DRIVE AWAY,,UNABLE TO DETERMINE,3810,N,GREENVIEW AVE,,NO INDICATION OF INJURY,0,0,0,15,2,2,41.95103446,-87.66756145
9/7/2020 16:30,30,TRAFFIC SIGNAL,CLEAR,DAYLIGHT,NOT DIVIDED,DRY,NO INJURY / DRIVE AWAY,,FAILING TO YIELD RIGHT-OF-WAY,1050,W,CHICAGO AVE,,NO INDICATION OF INJURY,0,0,0,16,2,9,41.89638915,-87.65456414
6/1/2023 14:59,30,TRAFFIC SIGNAL,CLEAR,DAYLIGHT,T-INTERSECTION,DRY,INJURY AND / OR TOW DUE TO CRASH,,FAILING TO REDUCE SPEED TO AVOID CRASH,766,N,OGDEN AVE,,NONINCAPACITATING INJURY,0,0,1,14,5,6,41.89596155,-87.65506539
12/16/2018 05:11:00 PM,30,STOP SIGN/FLASHER,CLEAR,"DARKNESS, LIGHTED ROAD",NOT DIVIDED,DRY,INJURY AND / OR TOW DUE TO CRASH,Y,UNABLE TO DETERMINE,5058,W,BARRY AVE,,NONINCAPACITATING INJURY,0,0,1,17,1,12,41.93701998,-87.75405228
06/17/2020 02:00:00 PM,30,NO CONTROLS,CLEAR,DAYLIGHT,NOT DIVIDED,DRY,NO INJURY / DRIVE AWAY,,UNABLE TO DETERMINE,922,W,WEBSTER AVE,Y,NO INDICATION OF INJURY,0,0,0,14,4,6,41.92187209,-87.6520503
9/1/2022 8:00,30,NO CONTROLS,CLEAR,DAYLIGHT,OTHER,DRY,NO INJURY / DRIVE AWAY,,NOT APPLICABLE,2600,N,DAMEN AVE,,NO INDICATION OF INJURY,0,0,0,8,5,9,41.9286174,-87.67832434
05/21/2018 10:24:00 PM,30,STOP SIGN/FLASHER,CLEAR,"DARKNESS, LIGHTED ROAD",OTHER,DRY,INJURY AND / OR TOW DUE TO CRASH,,FAILING TO YIELD RIGHT-OF-WAY,4801,W,VAN BUREN ST,,NONINCAPACITATING INJURY,0,0,1,22,2,5,41.8748885,-87.74505015
06/26/2023 12:50:00 PM,30,STOP SIGN/FLASHER,RAIN,DAYLIGHT,NOT DIVIDED,WET,INJURY AND / OR TOW DUE TO CRASH,,UNABLE TO DETERMINE,169,N,HALSTED ST,,NONINCAPACITATING INJURY,0,0,1,12,2,6,41.88507399,-87.6473079
04/24/2018 03:28:00 PM,30,NO CONTROLS,CLEAR,DAYLIGHT,DIVIDED - W/MEDIAN (NOT RAISED),DRY,NO INJURY / DRIVE AWAY,Y,IMPROPER OVERTAKING/PASSING,1252,W,GARFIELD BLVD,,NO INDICATION OF INJURY,0,0,0,15,3,4,41.79425634,-87.65695663
08/16/2020 12:45:00 PM,30,NO CONTROLS,CLEAR,DAYLIGHT,NOT DIVIDED,DRY,INJURY AND / OR TOW DUE TO CRASH,,IMPROPER OVERTAKING/PASSING,3906,N,BROADWAY,,NONINCAPACITATING INJURY,0,0,1,12,1,8,41.95300691,-87.64981008
10/18/2017 06:10:00 PM,30,TRAFFIC SIGNAL,CLEAR,"DARKNESS, LIGHTED ROAD",NOT DIVIDED,DRY,INJURY AND / OR TOW DUE TO CRASH,,UNABLE TO DETERMINE,1601,W,71ST ST,,NONINCAPACITATING INJURY,0,0,1,18,4,10,41.76479878,-87.66385616
06/29/2019 03:48:00 PM,35,NO CONTROLS,CLEAR,DAYLIGHT,NOT DIVIDED,DRY,NO INJURY / DRIVE AWAY,,NOT APPLICABLE,1351,S,KEDZIE AVE,,NO INDICATION OF INJURY,0,0,0,15,7,6,41.86304613,-87.70542759
10/11/2023 11:30,30,STOP SIGN/FLASHER,CLEAR,DAYLIGHT,ONE-WAY,DRY,INJURY AND / OR TOW DUE TO CRASH,,UNABLE TO DETERMINE,5101,W,MONTANA ST,,NONINCAPACITATING INJURY,0,0,1,11,4,10,41.92497817,-87.75383803
07/16/2023 10:44:00 PM,30,NO CONTROLS,CLEAR,"DARKNESS, LIGHTED ROAD",T-INTERSECTION,DRY,INJURY AND / OR TOW DUE TO CRASH,,FAILING TO YIELD RIGHT-OF-WAY,4003,N,KENMORE AVE,,NONINCAPACITATING INJURY,0,0,1,22,1,7,41.95462692,-87.65599252
09/14/2022 01:28:00 PM,30,STOP SIGN/FLASHER,CLEAR,DAYLIGHT,NOT DIVIDED,DRY,INJURY AND / OR TOW DUE TO CRASH,,FAILING TO REDUCE SPEED TO AVOID CRASH,3099,S,LOOMIS ST,,INCAPACITATING INJURY,0,1,0,13,4,9,41.83808664,-87.6543134
8/9/2022 15:41,30,TRAFFIC SIGNAL,CLEAR,DAYLIGHT,FOUR WAY,DRY,NO INJURY / DRIVE AWAY,,UNABLE TO DETERMINE,5150,W,CHICAGO AVE,,NO INDICATION OF INJURY,0,0,0,15,3,8,41.89505373,-87.75522529
10/11/2017 11:02,30,TRAFFIC SIGNAL,RAIN,DAYLIGHT,DIVIDED - W/MEDIAN (NOT RAISED),WET,NO INJURY / DRIVE AWAY,,UNABLE TO DETERMINE,36,W,WASHINGTON ST,N,NO INDICATION OF INJURY,0,0,0,11,4,10,41.88332641,-87.62921029
11/7/2019 10:58,30,NO CONTROLS,CLEAR,DAYLIGHT,NOT DIVIDED,DRY,INJURY AND / OR TOW DUE TO CRASH,Y,FAILING TO YIELD RIGHT-OF-WAY,8800,S,DR MARTIN LUTHER KING JR DR,,INCAPACITATING INJURY,0,1,0,10,5,11,41.73462935,-87.6146271
06/20/2018 06:30:00 PM,30,NO CONTROLS,CLEAR,DAYLIGHT,NOT DIVIDED,DRY,INJURY AND / OR TOW DUE TO CRASH,,FAILING TO YIELD RIGHT-OF-WAY,500,N,PULASKI RD,,NONINCAPACITATING INJURY,0,0,1,18,4,6,41.88995023,-87.7260752
09/24/2021 05:50:00 PM,30,UNKNOWN,CLEAR,DAYLIGHT,DIVIDED - W/MEDIAN (NOT RAISED),DRY,INJURY AND / OR TOW DUE TO CRASH,Y,FAILING TO YIELD RIGHT-OF-WAY,3458,W,CHICAGO AVE,,"REPORTED, NOT EVIDENT",0,0,0,17,6,9,41.8955937,-87.71381399
10/26/2022 05:25:00 PM,30,TRAFFIC SIGNAL,CLEAR,DAYLIGHT,ONE-WAY,DRY,INJURY AND / OR TOW DUE TO CRASH,Y,IMPROPER TURNING/NO SIGNAL,525,N,DEARBORN ST,Y,NONINCAPACITATING INJURY,0,0,1,17,4,10,41.8916103,-87.62950314
07/20/2023 10:45:00 AM,30,STOP SIGN/FLASHER,CLEAR,DAYLIGHT,FOUR WAY,DRY,INJURY AND / OR TOW DUE TO CRASH,,FAILING TO REDUCE SPEED TO AVOID CRASH,3400,N,LOCKWOOD AVE,,NONINCAPACITATING INJURY,0,0,1,10,5,7,41.94236341,-87.75940995
9/4/2019 17:45,30,TRAFFIC SIGNAL,CLEAR,DAYLIGHT,ONE-WAY,DRY,NO INJURY / DRIVE AWAY,Y,DRIVING SKILLS/KNOWLEDGE/EXPERIENCE,630,N,WELLS ST,,NO INDICATION OF INJURY,0,0,0,17,4,9,41.89329877,-87.6342601
05/14/2021 04:00:00 PM,30,STOP SIGN/FLASHER,CLEAR,DAYLIGHT,NOT DIVIDED,DRY,INJURY AND / OR TOW DUE TO CRASH,,DISREGARDING STOP SIGN,3099,N,DAMEN AVE,,NONINCAPACITATING INJURY,0,0,1,16,6,5,41.93770827,-87.67814869
04/28/2023 01:30:00 PM,30,TRAFFIC SIGNAL,CLEAR,DAYLIGHT,NOT DIVIDED,DRY,NO INJURY / DRIVE AWAY,,UNABLE TO DETERMINE,1234,S,MICHIGAN AVE,,NO INDICATION OF INJURY,0,0,0,13,6,4,41.86648928,-87.62427931
06/26/2018 07:40:00 PM,25,TRAFFIC SIGNAL,RAIN,"DARKNESS, LIGHTED ROAD",NOT DIVIDED,WET,INJURY AND / OR TOW DUE TO CRASH,,UNABLE TO DETERMINE,820,W,BELMONT AVE,Y,"REPORTED, NOT EVIDENT",0,0,0,19,3,6,41.9400795,-87.65011278
04/28/2021 07:23:00 AM,30,NO CONTROLS,CLEAR,DAYLIGHT,NOT DIVIDED,DRY,INJURY AND / OR TOW DUE TO CRASH,,UNABLE TO DETERMINE,3259,W,CHICAGO AVE,,"REPORTED, NOT EVIDENT",0,0,0,7,4,4,41.8954208,-87.70892295
08/16/2019 11:45:00 AM,30,NO CONTROLS,CLEAR,DAYLIGHT,DIVIDED - W/MEDIAN (NOT RAISED),DRY,INJURY AND / OR TOW DUE TO CRASH,,FAILING TO YIELD RIGHT-OF-WAY,1414,N,DAMEN AVE,,NONINCAPACITATING INJURY,0,0,1,11,6,8,41.90763417,-87.67753457
07/29/2016 04:50:00 PM,30,TRAFFIC SIGNAL,RAIN,DAYLIGHT,ONE-WAY,WET,INJURY AND / OR TOW DUE TO CRASH,Y,UNABLE TO DETERMINE,5900,S,YALE AVE,,NONINCAPACITATING INJURY,0,0,1,16,6,7,41.78717517,-87.63209554
11/13/2020 03:15:00 PM,30,NO CONTROLS,CLEAR,DAYLIGHT,NOT DIVIDED,DRY,NO INJURY / DRIVE AWAY,,UNABLE TO DETERMINE,4500,S,WESTERN AVE,,NO INDICATION OF INJURY,0,0,0,15,6,11,41.81201703,-87.68467692
08/17/2019 10:37:00 AM,30,TRAFFIC SIGNAL,CLEAR,DAYLIGHT,DIVIDED - W/MEDIAN (NOT RAISED),DRY,NO INJURY / DRIVE AWAY,,UNABLE TO DETERMINE,6900,S,DAMEN AVE,,NO INDICATION OF INJURY,0,0,0,10,7,8,41.76839298,-87.67377006
10/31/2022 05:33:00 PM,35,STOP SIGN/FLASHER,CLEAR,DUSK,DIVIDED - W/MEDIAN (NOT RAISED),WET,INJURY AND / OR TOW DUE TO CRASH,Y,IMPROPER OVERTAKING/PASSING,2058,W,MONROE ST,,NONINCAPACITATING INJURY,0,0,1,17,2,10,41.88008589,-87.6789958
6/12/2022 18:27,25,TRAFFIC SIGNAL,CLEAR,DAYLIGHT,NOT DIVIDED,DRY,NO INJURY / DRIVE AWAY,Y,UNABLE TO DETERMINE,151,N,FRANKLIN ST,,NO INDICATION OF INJURY,0,0,0,18,1,6,41.88449949,-87.63523358
08/31/2023 05:30:00 PM,30,TRAFFIC SIGNAL,CLEAR,DAYLIGHT,FOUR WAY,DRY,INJURY AND / OR TOW DUE TO CRASH,,FAILING TO YIELD RIGHT-OF-WAY,3101,S,STATE ST,,NONINCAPACITATING INJURY,0,0,1,17,5,8,41.83820838,-87.62643891
07/13/2020 05:11:00 PM,30,NO CONTROLS,CLEAR,DAYLIGHT,NOT DIVIDED,DRY,INJURY AND / OR TOW DUE TO CRASH,,FAILING TO YIELD RIGHT-OF-WAY,2016,N,DAMEN AVE,,NONINCAPACITATING INJURY,0,0,1,17,2,7,41.91829262,-87.6777868
5/5/2021 14:30,30,TRAFFIC SIGNAL,CLEAR,DAYLIGHT,NOT DIVIDED,DRY,NO INJURY / DRIVE AWAY,Y,UNABLE TO DETERMINE,4002,N,CENTRAL AVE,,NO INDICATION OF INJURY,0,0,0,14,4,5,41.9533294,-87.76715229
10/17/2018 07:20:00 PM,30,NO CONTROLS,CLEAR,"DARKNESS, LIGHTED ROAD",DIVIDED - W/MEDIAN BARRIER,DRY,INJURY AND / OR TOW DUE TO CRASH,,FAILING TO YIELD RIGHT-OF-WAY,933,N,ASHLAND AVE,Y,NONINCAPACITATING INJURY,0,0,1,19,4,10,41.89890432,-87.66722318
09/27/2017 04:15:00 PM,35,NO CONTROLS,CLEAR,DAYLIGHT,NOT DIVIDED,DRY,INJURY AND / OR TOW DUE TO CRASH,,UNABLE TO DETERMINE,5298,N,ELSTON AVE,,INCAPACITATING INJURY,0,1,0,16,4,9,41.97736004,-87.7554099
06/22/2023 04:56:00 PM,30,TRAFFIC SIGNAL,CLEAR,DAYLIGHT,FOUR WAY,DRY,INJURY AND / OR TOW DUE TO CRASH,,FAILING TO YIELD RIGHT-OF-WAY,520,N,DEARBORN ST,,NONINCAPACITATING INJURY,0,0,1,16,5,6,41.89160129,-87.62979671
04/15/2022 03:25:00 PM,30,TRAFFIC SIGNAL,RAIN,DAYLIGHT,FOUR WAY,WET,INJURY AND / OR TOW DUE TO CRASH,Y,FAILING TO YIELD RIGHT-OF-WAY,813,N,CENTRAL AVE,,NONINCAPACITATING INJURY,0,0,1,15,6,4,41.89531259,-87.7652638
8/10/2018 8:07,30,LANE USE MARKING,CLEAR,DAYLIGHT,DIVIDED - W/MEDIAN (NOT RAISED),DRY,INJURY AND / OR TOW DUE TO CRASH,Y,IMPROPER OVERTAKING/PASSING,330,N,SACRAMENTO BLVD,,NONINCAPACITATING INJURY,0,0,1,8,6,8,41.88752148,-87.70153425
09/16/2016 01:58:00 PM,30,NO CONTROLS,CLEAR,DAYLIGHT,DIVIDED - W/MEDIAN (NOT RAISED),DRY,INJURY AND / OR TOW DUE TO CRASH,,DISREGARDING ROAD MARKINGS,1512,S,WABASH AVE,,NONINCAPACITATING INJURY,0,0,1,13,6,9,41.8615305,-87.62584105
10/14/2022 11:45:00 PM,30,TRAFFIC SIGNAL,RAIN,"DARKNESS, LIGHTED ROAD",FOUR WAY,WET,INJURY AND / OR TOW DUE TO CRASH,,UNABLE TO DETERMINE,199,N,CLINTON ST,,NONINCAPACITATING INJURY,0,0,1,23,6,10,41.88563367,-87.64116834
7/5/2018 16:30,30,NO CONTROLS,CLEAR,DAYLIGHT,NOT DIVIDED,DRY,INJURY AND / OR TOW DUE TO CRASH,,UNABLE TO DETERMINE,200,N,HALSTED ST,Y,INCAPACITATING INJURY,0,1,0,16,5,7,41.88568962,-87.64762173
09/24/2021 02:35:00 PM,25,NO CONTROLS,CLEAR,DAYLIGHT,NOT DIVIDED,DRY,INJURY AND / OR TOW DUE TO CRASH,,FOLLOWING TOO CLOSELY,7422,S,MARYLAND AVE,,"REPORTED, NOT EVIDENT",0,0,0,14,6,9,41.75970612,-87.60431983
7/12/2018 7:40,30,NO CONTROLS,CLEAR,DAYLIGHT,DIVIDED - W/MEDIAN (NOT RAISED),DRY,NO INJURY / DRIVE AWAY,,UNABLE TO DETERMINE,3745,W,MONTROSE AVE,,NO INDICATION OF INJURY,0,0,0,7,5,7,41.96090731,-87.72231459
5/8/2018 17:00,30,NO CONTROLS,CLEAR,DAYLIGHT,NOT DIVIDED,DRY,NO INJURY / DRIVE AWAY,Y,IMPROPER OVERTAKING/PASSING,160,E,PEARSON ST,,NO INDICATION OF INJURY,0,0,0,17,3,5,41.89770258,-87.62346196
10/11/2019 15:33,30,NO CONTROLS,RAIN,DAYLIGHT,DIVIDED - W/MEDIAN (NOT RAISED),WET,INJURY AND / OR TOW DUE TO CRASH,Y,UNABLE TO DETERMINE,2560,N,LINDEN PL,,NONINCAPACITATING INJURY,0,0,1,15,6,10,41.92703913,-87.7069989
05/26/2022 06:50:00 PM,30,NO CONTROLS,CLEAR,DAYLIGHT,DIVIDED - W/MEDIAN (NOT RAISED),DRY,INJURY AND / OR TOW DUE TO CRASH,,DRIVING SKILLS/KNOWLEDGE/EXPERIENCE,4125,N,CLARENDON AVE,Y,NONINCAPACITATING INJURY,0,0,1,18,5,5,41.95645041,-87.64960962
10/15/2018 08:15:00 AM,30,UNKNOWN,CLEAR,DAYLIGHT,NOT DIVIDED,DRY,INJURY AND / OR TOW DUE TO CRASH,,UNABLE TO DETERMINE,1466,N,HALSTED ST,Y,"REPORTED, NOT EVIDENT",0,0,0,8,2,10,41.90834469,-87.6483517
04/30/2019 04:30:00 PM,25,STOP SIGN/FLASHER,CLOUDY/OVERCAST,DAYLIGHT,FOUR WAY,WET,INJURY AND / OR TOW DUE TO CRASH,,FAILING TO YIELD RIGHT-OF-WAY,6401,N,LEAVITT ST,,NONINCAPACITATING INJURY,0,0,1,16,3,4,41.99790587,-87.68486609
08/20/2020 03:33:00 PM,30,TRAFFIC SIGNAL,CLEAR,DAYLIGHT,NOT DIVIDED,DRY,INJURY AND / OR TOW DUE TO CRASH,Y,FAILING TO YIELD RIGHT-OF-WAY,498,N,HALSTED ST,,INCAPACITATING INJURY,0,1,0,15,5,8,41.89113414,-87.6477661
05/27/2018 03:09:00 PM,30,TRAFFIC SIGNAL,CLEAR,DAYLIGHT,DIVIDED - W/MEDIAN (NOT RAISED),DRY,INJURY AND / OR TOW DUE TO CRASH,,IMPROPER TURNING/NO SIGNAL,6550,N,SHERIDAN RD,,NONINCAPACITATING INJURY,0,0,1,15,1,5,42.00162445,-87.66089553
9/7/2017 18:12,35,TRAFFIC SIGNAL,CLEAR,DAYLIGHT,NOT DIVIDED,DRY,INJURY AND / OR TOW DUE TO CRASH,,BICYCLE ADVANCING LEGALLY ON RED LIGHT,2799,N,LARAMIE AVE,,NONINCAPACITATING INJURY,0,0,1,18,5,9,41.9313572,-87.75627167
05/29/2018 06:30:00 PM,30,TRAFFIC SIGNAL,UNKNOWN,UNKNOWN,NOT DIVIDED,UNKNOWN,INJURY AND / OR TOW DUE TO CRASH,Y,IMPROPER LANE USAGE,1533,E,67TH ST,,"REPORTED, NOT EVIDENT",0,0,0,18,3,5,41.77321255,-87.58741375
08/28/2023 04:45:00 PM,30,TRAFFIC SIGNAL,CLEAR,DAYLIGHT,NOT DIVIDED,DRY,NO INJURY / DRIVE AWAY,Y,NOT APPLICABLE,5558,W,ROOSEVELT RD,,NO INDICATION OF INJURY,0,0,0,16,2,8,41.86571504,-87.76418261
12/2/2017 12:30,30,TRAFFIC SIGNAL,CLEAR,DAYLIGHT,NOT DIVIDED,DRY,INJURY AND / OR TOW DUE TO CRASH,Y,UNABLE TO DETERMINE,4001,W,DIVERSEY AVE,,"REPORTED, NOT EVIDENT",0,0,0,12,7,12,41.93167826,-87.72709742
10/1/2017 17:00,15,NO CONTROLS,CLEAR,DAYLIGHT,ONE-WAY,DRY,NO INJURY / DRIVE AWAY,,PHYSICAL CONDITION OF DRIVER,1516,N,KILDARE AVE,,NO INDICATION OF INJURY,0,0,0,17,1,10,41.90820053,-87.73397909
06/18/2021 05:20:00 PM,30,NO CONTROLS,CLEAR,DAYLIGHT,DIVIDED - W/MEDIAN (NOT RAISED),DRY,NO INJURY / DRIVE AWAY,Y,IMPROPER TURNING/NO SIGNAL,1300,S,LOOMIS ST,,NO INDICATION OF INJURY,0,0,0,17,6,6,41.86511055,-87.66166532
4/3/2021 22:15,30,STOP SIGN/FLASHER,CLEAR,"DARKNESS, LIGHTED ROAD",NOT DIVIDED,DRY,INJURY AND / OR TOW DUE TO CRASH,,FAILING TO YIELD RIGHT-OF-WAY,3760,W,WRIGHTWOOD AVE,,INCAPACITATING INJURY,0,1,0,22,7,4,41.92830631,-87.72192546
10/18/2022 05:51:00 AM,30,TRAFFIC SIGNAL,CLEAR,"DARKNESS, LIGHTED ROAD",CENTER TURN LANE,DRY,INJURY AND / OR TOW DUE TO CRASH,,UNABLE TO DETERMINE,1,N,HALSTED ST,,NONINCAPACITATING INJURY,0,0,1,5,3,10,41.88181563,-87.64721472
07/29/2021 01:25:00 PM,35,TRAFFIC SIGNAL,CLEAR,DAYLIGHT,ONE-WAY,DRY,INJURY AND / OR TOW DUE TO CRASH,,DRIVING SKILLS/KNOWLEDGE/EXPERIENCE,223,W,OHIO ST,,NONINCAPACITATING INJURY,0,0,1,13,5,7,41.89226614,-87.63509319
12/10/2020 7:25,30,TRAFFIC SIGNAL,CLEAR,DAYLIGHT,DIVIDED - W/MEDIAN (NOT RAISED),DRY,NO INJURY / DRIVE AWAY,,FAILING TO YIELD RIGHT-OF-WAY,3300,S,DR MARTIN LUTHER KING JR DR,,NO INDICATION OF INJURY,0,0,0,7,5,12,41.83466277,-87.61753527
6/10/2020 17:20,35,NO CONTROLS,CLEAR,DAYLIGHT,UNKNOWN,DRY,INJURY AND / OR TOW DUE TO CRASH,Y,IMPROPER OVERTAKING/PASSING,1754,W,DIVISION ST,,INCAPACITATING INJURY,0,1,0,17,4,6,41.90338027,-87.67217794
8/4/2018 11:55,30,STOP SIGN/FLASHER,CLEAR,DAYLIGHT,NOT DIVIDED,DRY,INJURY AND / OR TOW DUE TO CRASH,,FAILING TO YIELD RIGHT-OF-WAY,4200,N,MARINE DR,,NONINCAPACITATING INJURY,0,0,1,11,7,8,41.95855065,-87.64662614
8/2/2019 18:40,30,NO CONTROLS,CLEAR,DUSK,T-INTERSECTION,DRY,INJURY AND / OR TOW DUE TO CRASH,,"OPERATING VEHICLE IN ERRATIC, RECKLESS, CARELESS, NEGLIGENT OR AGGRESSIVE MANNER",599,N,ASHLAND AVE,,NONINCAPACITATING INJURY,0,0,2,18,6,8,41.89238934,-87.66703681
09/16/2021 05:30:00 PM,30,TRAFFIC SIGNAL,CLEAR,DAYLIGHT,T-INTERSECTION,DRY,INJURY AND / OR TOW DUE TO CRASH,,UNABLE TO DETERMINE,1198,N,ORLEANS ST,,NONINCAPACITATING INJURY,0,0,1,17,5,9,41.9037561,-87.63759126
08/25/2021 02:10:00 PM,30,TRAFFIC SIGNAL,CLEAR,DAYLIGHT,NOT DIVIDED,DRY,NO INJURY / DRIVE AWAY,Y,DISREGARDING TRAFFIC SIGNALS,3958,W,71ST ST,,NO INDICATION OF INJURY,0,0,0,14,4,8,41.7642107,-87.72229796
9/4/2021 20:32,30,TRAFFIC SIGNAL,CLEAR,"DARKNESS, LIGHTED ROAD",ONE-WAY,DRY,INJURY AND / OR TOW DUE TO CRASH,,DISREGARDING TRAFFIC SIGNALS,39,W,WASHINGTON ST,,NONINCAPACITATING INJURY,0,0,1,20,7,9,41.88310574,-87.62935556
4/2/2022 8:30,30,NO CONTROLS,CLOUDY/OVERCAST,DAYLIGHT,NOT DIVIDED,DRY,INJURY AND / OR TOW DUE TO CRASH,,DRIVING SKILLS/KNOWLEDGE/EXPERIENCE,1818,N,HALSTED ST,Y,NONINCAPACITATING INJURY,0,0,1,8,7,4,41.91441703,-87.6485142
7/12/2020 18:21,30,UNKNOWN,CLEAR,DAYLIGHT,NOT DIVIDED,DRY,NO INJURY / DRIVE AWAY,,NOT APPLICABLE,5726,W,FULLERTON AVE,,NO INDICATION OF INJURY,0,0,0,18,1,7,41.92403532,-87.76957981
7/11/2020 6:15,35,TRAFFIC SIGNAL,CLEAR,DAYLIGHT,RAMP,DRY,INJURY AND / OR TOW DUE TO CRASH,Y,FAILING TO YIELD RIGHT-OF-WAY,4131,S,CICERO AVE,,NONINCAPACITATING INJURY,0,0,1,6,7,7,41.81739882,-87.74327729
05/25/2018 08:20:00 AM,30,NO CONTROLS,CLEAR,DAYLIGHT,NOT DIVIDED,DRY,INJURY AND / OR TOW DUE TO CRASH,,UNABLE TO DETERMINE,6900,N,WESTERN AVE,N,NONINCAPACITATING INJURY,0,0,1,8,6,5,42.00685124,-87.69026061
01/27/2021 05:35:00 PM,30,TRAFFIC SIGNAL,CLOUDY/OVERCAST,"DARKNESS, LIGHTED ROAD",FOUR WAY,WET,INJURY AND / OR TOW DUE TO CRASH,,FAILING TO YIELD RIGHT-OF-WAY,5600,N,ASHLAND AVE,,"REPORTED, NOT EVIDENT",0,0,0,17,4,1,41.98351514,-87.66996498
5/9/2023 11:00,30,NO CONTROLS,CLEAR,DAYLIGHT,ONE-WAY,DRY,INJURY AND / OR TOW DUE TO CRASH,,UNABLE TO DETERMINE,8041,S,WABASH AVE,,NONINCAPACITATING INJURY,0,0,2,11,3,5,41.74793127,-87.6227691
1/8/2019 14:40,30,NO CONTROLS,CLEAR,DAYLIGHT,NOT DIVIDED,DRY,NO INJURY / DRIVE AWAY,,DISREGARDING TRAFFIC SIGNALS,3900,S,ARCHER AVE,,NO INDICATION OF INJURY,0,0,0,14,3,1,41.82290968,-87.69009733