CRASH_DATE,POSTED_SPEED_LIMIT,TRAFFIC_CONTROL_DEVICE,WEATHER_CONDITION,LIGHTING_CONDITION,TRAFFICWAY_TYPE,ROADWAY_SURFACE_COND,CRASH_TYPE,HIT_AND_RUN_I,PRIM_CONTRIBUTORY_CAUSE,STREET_NO,STREET_DIRECTION,STREET_NAME,DOORING_I,MOST_SEVERE_INJURY,INJURIES_FATAL,INJURIES_INCAPACITATING,INJURIES_NON_INCAPACITATING,CRASH_HOUR,CRASH_DAY_OF_WEEK,CRASH_MONTH,LATITUDE,LONGITUDE
7/3/2020 8:42,25,NO CONTROLS,CLEAR,DAYLIGHT,T-INTERSECTION,DRY,INJURY AND / OR TOW DUE TO CRASH,,IMPROPER TURNING/NO SIGNAL,2300,W,PRATT BLVD,,NONINCAPACITATING INJURY,0,0,1,8,6,7,42.00517053,-87.68808436
8/7/2020 20:45,30,NO CONTROLS,CLEAR,"DARKNESS, LIGHTED ROAD",PARKING LOT,DRY,INJURY AND / OR TOW DUE TO CRASH,Y,FAILING TO YIELD RIGHT-OF-WAY,4047,W,79TH ST,,NONINCAPACITATING INJURY,0,0,1,20,6,8,41.74929401,-87.72385229
9/8/2017 7:02,30,TRAFFIC SIGNAL,CLEAR,DAYLIGHT,NOT DIVIDED,DRY,INJURY AND / OR TOW DUE TO CRASH,,UNABLE TO DETERMINE,301,W,CHICAGO AVE,,INCAPACITATING INJURY,0,1,0,7,6,9,41.89646678,-87.63575912
10/21/2021 07:45:00 AM,30,TRAFFIC SIGNAL,CLEAR,DAYLIGHT,NOT DIVIDED,DRY,INJURY AND / OR TOW DUE TO CRASH,,FAILING TO YIELD RIGHT-OF-WAY,8501,W,HIGGINS RD,,NONINCAPACITATING INJURY,0,0,1,7,5,10,41.98667789,-87.83935861
08/25/2022 09:00:00 AM,30,NO CONTROLS,CLEAR,DAYLIGHT,ONE-WAY,DRY,INJURY AND / OR TOW DUE TO CRASH,,NOT APPLICABLE,1907,N,LEAVITT ST,Y,"REPORTED, NOT EVIDENT",0,0,0,9,5,8,41.91636309,-87.68234284
06/20/2018 09:15:00 PM,30,TRAFFIC SIGNAL,CLEAR,"DARKNESS, LIGHTED ROAD",DIVIDED - W/MEDIAN BARRIER,DRY,INJURY AND / OR TOW DUE TO CRASH,,UNABLE TO DETERMINE,800,S,STATE ST,Y,NONINCAPACITATING INJURY,0,0,1,21,4,6,41.87174062,-87.62767068
1/9/2019 13:56,25,NO CONTROLS,CLEAR,DAYLIGHT,NOT DIVIDED,DRY,INJURY AND / OR TOW DUE TO CRASH,,FAILING TO YIELD RIGHT-OF-WAY,2544,W,WILSON AVE,Y,NONINCAPACITATING INJURY,0,0,1,13,4,1,41.964931,-87.69307257
6/9/2020 14:55,30,TRAFFIC SIGNAL,CLEAR,DAYLIGHT,NOT DIVIDED,DRY,INJURY AND / OR TOW DUE TO CRASH,,FAILING TO YIELD RIGHT-OF-WAY,300,S,RACINE AVE,,NONINCAPACITATING INJURY,0,0,1,14,3,6,41.87775573,-87.6571652
08/22/2023 07:51:00 AM,30,NO CONTROLS,CLEAR,DAYLIGHT,NOT DIVIDED,DRY,INJURY AND / OR TOW DUE TO CRASH,,UNABLE TO DETERMINE,2390,W,JACKSON BLVD,,NONINCAPACITATING INJURY,0,0,1,7,3,8,41.87766149,-87.68622194
5/2/2021 15:35,20,STOP SIGN/FLASHER,CLEAR,DAYLIGHT,T-INTERSECTION,DRY,INJURY AND / OR TOW DUE TO CRASH,,FAILING TO YIELD RIGHT-OF-WAY,5202,N,MAGNOLIA AVE,,NONINCAPACITATING INJURY,0,0,1,15,1,5,41.97644889,-87.66129339
10/8/2019 9:00,30,STOP SIGN/FLASHER,CLEAR,DAYLIGHT,NOT DIVIDED,UNKNOWN,INJURY AND / OR TOW DUE TO CRASH,,IMPROPER TURNING/NO SIGNAL,5100,N,CALIFORNIA AVE,,"REPORTED, NOT EVIDENT",0,0,0,9,3,10,41.97403594,-87.69901661
08/24/2022 12:31:00 PM,15,NO CONTROLS,CLEAR,DAYLIGHT,NOT DIVIDED,DRY,INJURY AND / OR TOW DUE TO CRASH,Y,FOLLOWING TOO CLOSELY,2757,W,GRANVILLE AVE,,NONINCAPACITATING INJURY,0,0,1,12,4,8,41.99386904,-87.69945246
06/30/2022 07:20:00 PM,25,NO CONTROLS,CLEAR,DAYLIGHT,ALLEY,UNKNOWN,NO INJURY / DRIVE AWAY,,UNABLE TO DETERMINE,2737,N,CENTRAL AVE,,NO INDICATION OF INJURY,0,0,0,19,5,6,41.9305894,-87.76607412
11/20/2020 11:03:00 AM,30,NO CONTROLS,CLEAR,DAYLIGHT,NOT DIVIDED,DRY,INJURY AND / OR TOW DUE TO CRASH,,"VISION OBSCURED (SIGNS, TREE LIMBS, BUILDINGS, ETC.)",1030,N,CLARK ST,Y,NONINCAPACITATING INJURY,0,0,1,11,6,11,41.90153198,-87.63152607
06/22/2019 04:38:00 PM,30,NO CONTROLS,CLEAR,DAYLIGHT,NOT DIVIDED,DRY,INJURY AND / OR TOW DUE TO CRASH,Y,NOT APPLICABLE,3311,W,JACKSON BLVD,,NONINCAPACITATING INJURY,0,0,1,16,7,6,41.87718881,-87.70894956
09/21/2022 03:00:00 PM,30,STOP SIGN/FLASHER,CLEAR,DAYLIGHT,NOT DIVIDED,DRY,INJURY AND / OR TOW DUE TO CRASH,,DRIVING ON WRONG SIDE/WRONG WAY,5402,S,DR MARTIN LUTHER KING JR DR,,NONINCAPACITATING INJURY,0,0,1,15,4,9,41.79653952,-87.61617176
10/21/2023 06:44:00 PM,30,STOP SIGN/FLASHER,CLEAR,"DARKNESS, LIGHTED ROAD",NOT DIVIDED,DRY,INJURY AND / OR TOW DUE TO CRASH,Y,FAILING TO YIELD RIGHT-OF-WAY,4834,W,ARMITAGE AVE,,NONINCAPACITATING INJURY,0,0,1,18,7,10,41.91702288,-87.74759297
9/11/2018 10:10,30,TRAFFIC SIGNAL,CLEAR,DAYLIGHT,NOT DIVIDED,DRY,INJURY AND / OR TOW DUE TO CRASH,,"VISION OBSCURED (SIGNS, TREE LIMBS, BUILDINGS, ETC.)",2201,W,AUGUSTA BLVD,,NONINCAPACITATING INJURY,0,0,1,10,3,9,41.89935409,-87.68216441
07/18/2023 03:28:00 PM,30,UNKNOWN,CLEAR,DAYLIGHT,DIVIDED - W/MEDIAN BARRIER,DRY,NO INJURY / DRIVE AWAY,,FAILING TO YIELD RIGHT-OF-WAY,1500,S,STATE ST,,NO INDICATION OF INJURY,0,0,0,15,3,7,41.8618898,-87.62743548
07/16/2018 09:15:00 PM,35,TRAFFIC SIGNAL,CLEAR,DARKNESS,NOT DIVIDED,DRY,INJURY AND / OR TOW DUE TO CRASH,,BICYCLE ADVANCING LEGALLY ON RED LIGHT,598,S,MICHIGAN AVE,,INCAPACITATING INJURY,0,1,0,21,2,7,41.87449975,-87.62438369
05/16/2020 05:30:00 PM,30,TRAFFIC SIGNAL,CLEAR,DAYLIGHT,NOT DIVIDED,DRY,INJURY AND / OR TOW DUE TO CRASH,,UNABLE TO DETERMINE,9450,S,EWING AVE,,NONINCAPACITATING INJURY,0,0,1,17,7,5,41.72368591,-87.53732298
07/18/2023 01:48:00 PM,30,NO CONTROLS,CLEAR,DAYLIGHT,NOT DIVIDED,DRY,INJURY AND / OR TOW DUE TO CRASH,,UNABLE TO DETERMINE,6324,N,BROADWAY,,NONINCAPACITATING INJURY,0,0,1,13,3,7,41.997137,-87.66061961
02/17/2023 02:15:00 PM,30,STOP SIGN/FLASHER,CLEAR,DAYLIGHT,NOT DIVIDED,DRY,NO INJURY / DRIVE AWAY,,UNABLE TO DETERMINE,1800,W,BRYN MAWR AVE,,NO INDICATION OF INJURY,0,0,0,14,6,2,41.98343436,-87.67475519
8/2/2018 9:50,35,TRAFFIC SIGNAL,CLEAR,DAYLIGHT,OTHER,DRY,INJURY AND / OR TOW DUE TO CRASH,Y,IMPROPER TURNING/NO SIGNAL,1800,W,FULLERTON AVE,,NONINCAPACITATING INJURY,0,0,2,9,5,8,41.92519897,-87.67285854
8/11/2021 16:57,30,TRAFFIC SIGNAL,CLEAR,DAYLIGHT,FOUR WAY,DRY,NO INJURY / DRIVE AWAY,,UNABLE TO DETERMINE,1,N,OAKLEY BLVD,,NO INDICATION OF INJURY,0,0,0,16,4,8,41.88123487,-87.68381272
02/25/2020 04:02:00 PM,30,NO CONTROLS,CLOUDY/OVERCAST,DAYLIGHT,DIVIDED - W/MEDIAN (NOT RAISED),WET,NO INJURY / DRIVE AWAY,Y,UNABLE TO DETERMINE,915,W,LAKE ST,,NO INDICATION OF INJURY,0,0,0,16,3,2,41.88550435,-87.65047477
08/22/2023 07:45:00 PM,30,UNKNOWN,CLEAR,DUSK,NOT DIVIDED,UNKNOWN,NO INJURY / DRIVE AWAY,,UNABLE TO DETERMINE,5100,N,SIMONDS DR,,NO INDICATION OF INJURY,0,0,0,19,3,8,41.97449828,-87.64716145
06/17/2017 08:00:00 PM,30,TRAFFIC SIGNAL,CLEAR,"DARKNESS, LIGHTED ROAD",NOT DIVIDED,DRY,NO INJURY / DRIVE AWAY,,IMPROPER LANE USAGE,1658,W,VAN BUREN ST,,NO INDICATION OF INJURY,0,0,0,20,7,6,41.8764276,-87.66909149
11/25/2019 05:10:00 PM,30,TRAFFIC SIGNAL,CLEAR,"DARKNESS, LIGHTED ROAD",NOT DIVIDED,DRY,NO INJURY / DRIVE AWAY,,NOT APPLICABLE,3920,N,PULASKI RD,,NO INDICATION OF INJURY,0,0,0,17,2,11,41.95244089,-87.72772602
11/1/2018 11:45,30,NO CONTROLS,CLOUDY/OVERCAST,DAYLIGHT,DIVIDED - W/MEDIAN (NOT RAISED),DRY,INJURY AND / OR TOW DUE TO CRASH,,FAILING TO YIELD RIGHT-OF-WAY,1017,W,LAKE ST,Y,NONINCAPACITATING INJURY,0,0,1,11,5,11,41.88546054,-87.65289418
10/30/2019 04:10:00 PM,20,TRAFFIC SIGNAL,RAIN,DAYLIGHT,NOT DIVIDED,WET,INJURY AND / OR TOW DUE TO CRASH,,UNABLE TO DETERMINE,525,W,VAN BUREN ST,,"REPORTED, NOT EVIDENT",0,0,0,16,4,10,41.87664684,-87.64069512
9/10/2023 16:30,30,NO CONTROLS,CLEAR,DAYLIGHT,DIVIDED - W/MEDIAN (NOT RAISED),DRY,INJURY AND / OR TOW DUE TO CRASH,Y,UNABLE TO DETERMINE,1400,N,HUMBOLDT DR,,"REPORTED, NOT EVIDENT",0,0,0,16,1,9,41.90661858,-87.70150146
01/28/2023 09:30:00 AM,30,YIELD,SNOW,DAYLIGHT,FOUR WAY,SNOW OR SLUSH,NO INJURY / DRIVE AWAY,,UNABLE TO DETERMINE,5900,N,RIDGE AVE,,NO INDICATION OF INJURY,0,0,0,9,7,1,41.98900347,-87.66908224
7/8/2022 16:14,30,TRAFFIC SIGNAL,CLOUDY/OVERCAST,DAYLIGHT,DIVIDED - W/MEDIAN (NOT RAISED),DRY,INJURY AND / OR TOW DUE TO CRASH,Y,UNABLE TO DETERMINE,2400,W,MONTROSE AVE,,NONINCAPACITATING INJURY,0,0,1,16,6,7,41.96142173,-87.68874698
08/22/2019 07:50:00 PM,30,TRAFFIC SIGNAL,CLEAR,"DARKNESS, LIGHTED ROAD",NOT DIVIDED,DRY,INJURY AND / OR TOW DUE TO CRASH,,FAILING TO YIELD RIGHT-OF-WAY,3159,W,DIVISION ST,,NONINCAPACITATING INJURY,0,0,1,19,5,8,41.90272284,-87.7067243
09/29/2017 04:35:00 PM,30,TRAFFIC SIGNAL,CLEAR,DAYLIGHT,NOT DIVIDED,DRY,INJURY AND / OR TOW DUE TO CRASH,Y,FAILING TO YIELD RIGHT-OF-WAY,3113,W,TOUHY AVE,N,NONINCAPACITATING INJURY,0,0,1,16,6,9,42.01178707,-87.70734739
05/19/2016 09:45:00 AM,30,NO CONTROLS,CLEAR,DAYLIGHT,NOT DIVIDED,DRY,NO INJURY / DRIVE AWAY,,UNABLE TO DETERMINE,362,W,CHICAGO AVE,,NO INDICATION OF INJURY,0,0,0,9,5,5,41.89664742,-87.63820412
3/8/2019 15:31,30,TRAFFIC SIGNAL,CLEAR,DAYLIGHT,NOT DIVIDED,DRY,INJURY AND / OR TOW DUE TO CRASH,,"VISION OBSCURED (SIGNS, TREE LIMBS, BUILDINGS, ETC.)",1200,W,ROOSEVELT RD,N,"REPORTED, NOT EVIDENT",0,0,0,15,6,3,41.86710548,-87.65674501
7/3/2021 10:16,30,STOP SIGN/FLASHER,CLEAR,DAYLIGHT,FOUR WAY,DRY,INJURY AND / OR TOW DUE TO CRASH,,UNABLE TO DETERMINE,1200,W,LAKE ST,,"REPORTED, NOT EVIDENT",0,0,0,10,7,7,41.88561136,-87.65690639
04/18/2016 07:00:00 PM,30,NO CONTROLS,CLEAR,"DARKNESS, LIGHTED ROAD",DIVIDED - W/MEDIAN (NOT RAISED),DRY,INJURY AND / OR TOW DUE TO CRASH,,UNABLE TO DETERMINE,2142,N,CENTRAL PARK AVE,,NONINCAPACITATING INJURY,0,0,1,19,2,4,41.92042482,-87.71701531
11/19/2021 10:38:00 PM,30,TRAFFIC SIGNAL,CLEAR,DARKNESS,FOUR WAY,DRY,INJURY AND / OR TOW DUE TO CRASH,Y,UNABLE TO DETERMINE,2799,W,24TH ST,,NONINCAPACITATING INJURY,0,0,1,22,6,11,41.84815587,-87.69521965
11/28/2021 11:57:00 AM,30,TRAFFIC SIGNAL,CLEAR,DAYLIGHT,DIVIDED - W/MEDIAN (NOT RAISED),UNKNOWN,INJURY AND / OR TOW DUE TO CRASH,Y,UNABLE TO DETERMINE,1398,N,PULASKI RD,,NONINCAPACITATING INJURY,0,0,1,11,1,11,41.90612788,-87.72655403
12/17/2017 12:10:00 PM,30,NO CONTROLS,CLEAR,DAYLIGHT,NOT DIVIDED,DRY,NO INJURY / DRIVE AWAY,,UNABLE TO DETERMINE,1126,W,GRANVILLE AVE,Y,NO INDICATION OF INJURY,0,0,0,12,1,12,41.99467226,-87.65945557
9/9/2015 13:00,30,NO CONTROLS,UNKNOWN,DAYLIGHT,NOT DIVIDED,UNKNOWN,NO INJURY / DRIVE AWAY,,UNABLE TO DETERMINE,4900,W,NORTH AVE,,NO INDICATION OF INJURY,0,0,0,13,4,9,41.90969418,-87.74929565
10/18/2021 07:50:00 PM,30,STOP SIGN/FLASHER,CLEAR,"DARKNESS, LIGHTED ROAD",FOUR WAY,UNKNOWN,INJURY AND / OR TOW DUE TO CRASH,N,FAILING TO YIELD RIGHT-OF-WAY,1900,W,CORTLAND ST,,NONINCAPACITATING INJURY,0,0,1,19,2,10,41.91609343,-87.67521487
08/30/2019 06:05:00 PM,20,STOP SIGN/FLASHER,CLEAR,DAYLIGHT,FOUR WAY,DRY,INJURY AND / OR TOW DUE TO CRASH,,UNABLE TO DETERMINE,1499,W,WELLINGTON AVE,,NONINCAPACITATING INJURY,0,0,1,18,6,8,41.9359742,-87.66599226
3/5/2023 11:58,30,NO CONTROLS,CLEAR,DAYLIGHT,NOT DIVIDED,DRY,INJURY AND / OR TOW DUE TO CRASH,,UNABLE TO DETERMINE,5443,N,LINCOLN AVE,Y,NONINCAPACITATING INJURY,0,0,1,11,1,3,41.98082554,-87.69264929
06/30/2022 01:01:00 PM,30,NO CONTROLS,CLEAR,DAYLIGHT,NOT DIVIDED,DRY,INJURY AND / OR TOW DUE TO CRASH,Y,DRIVING SKILLS/KNOWLEDGE/EXPERIENCE,2446,W,DEVON AVE,Y,NONINCAPACITATING INJURY,0,0,1,13,5,6,41.99781004,-87.69175928
06/22/2019 05:00:00 PM,15,NO CONTROLS,CLEAR,DAYLIGHT,ONE-WAY,DRY,INJURY AND / OR TOW DUE TO CRASH,Y,UNABLE TO DETERMINE,1834,W,BIRCHWOOD AVE,,NONINCAPACITATING INJURY,0,0,1,17,7,6,42.01801339,-87.6770472
08/24/2020 04:30:00 PM,25,NO CONTROLS,CLEAR,DAYLIGHT,NOT DIVIDED,DRY,INJURY AND / OR TOW DUE TO CRASH,,FAILING TO YIELD RIGHT-OF-WAY,1565,N,FREMONT ST,,NONINCAPACITATING INJURY,0,0,1,16,2,8,41.91040585,-87.65094478
8/7/2019 22:31,30,NO CONTROLS,CLEAR,"DARKNESS, LIGHTED ROAD",DIVIDED - W/MEDIAN (NOT RAISED),DRY,NO INJURY / DRIVE AWAY,,FAILING TO YIELD RIGHT-OF-WAY,3759,W,CHICAGO AVE,,NO INDICATION OF INJURY,0,0,0,22,4,8,41.89530385,-87.7211291
09/19/2017 05:10:00 PM,35,LANE USE MARKING,CLEAR,DAYLIGHT,NOT DIVIDED,DRY,INJURY AND / OR TOW DUE TO CRASH,,NOT APPLICABLE,2069,N,MILWAUKEE AVE,Y,NONINCAPACITATING INJURY,0,0,1,17,3,9,41.91892054,-87.69059814
11/6/2020 15:10,30,NO CONTROLS,CLEAR,DAYLIGHT,DIVIDED - W/MEDIAN BARRIER,DRY,INJURY AND / OR TOW DUE TO CRASH,,UNABLE TO DETERMINE,4859,W,CHICAGO AVE,,"REPORTED, NOT EVIDENT",0,0,0,15,6,11,41.89487599,-87.74813373
03/19/2017 07:30:00 PM,30,TRAFFIC SIGNAL,CLEAR,"DARKNESS, LIGHTED ROAD",NOT DIVIDED,DRY,NO INJURY / DRIVE AWAY,,FAILING TO YIELD RIGHT-OF-WAY,1199,W,59TH ST,N,NO INDICATION OF INJURY,0,0,0,19,1,3,41.7867769,-87.6546216
7/5/2019 18:00,30,NO CONTROLS,CLEAR,DAYLIGHT,DIVIDED - W/MEDIAN (NOT RAISED),DRY,NO INJURY / DRIVE AWAY,,UNABLE TO DETERMINE,300,W,ROOSEVELT RD,,NO INDICATION OF INJURY,0,0,0,18,6,7,41.86742412,-87.63476485
07/14/2017 04:00:00 PM,30,NO CONTROLS,CLEAR,DAYLIGHT,NOT DIVIDED,DRY,NO INJURY / DRIVE AWAY,,UNABLE TO DETERMINE,412,N,WELLS ST,,NO INDICATION OF INJURY,0,0,0,16,6,7,41.88964703,-87.63416926
08/21/2022 10:30:00 AM,20,UNKNOWN,CLEAR,DAYLIGHT,DIVIDED - W/MEDIAN (NOT RAISED),DRY,NO INJURY / DRIVE AWAY,,UNABLE TO DETERMINE,197,W,102ND ST,,NO INDICATION OF INJURY,0,0,0,10,1,8,41.70882304,-87.62830041
04/16/2023 10:56:00 AM,30,TRAFFIC SIGNAL,RAIN,DAYLIGHT,NOT DIVIDED,WET,INJURY AND / OR TOW DUE TO CRASH,,UNABLE TO DETERMINE,1600,W,42ND ST,,NONINCAPACITATING INJURY,0,0,1,10,1,4,41.81781859,-87.66525125
09/19/2022 02:55:00 PM,30,NO CONTROLS,CLEAR,DAYLIGHT,NOT DIVIDED,DRY,INJURY AND / OR TOW DUE TO CRASH,,DRIVING ON WRONG SIDE/WRONG WAY,3247,W,DIVISION ST,,NONINCAPACITATING INJURY,0,0,1,14,2,9,41.90270378,-87.70865381
11/19/2018 08:10:00 PM,30,NO CONTROLS,CLEAR,"DARKNESS, LIGHTED ROAD",DIVIDED - W/MEDIAN (NOT RAISED),DRY,NO INJURY / DRIVE AWAY,,FAILING TO YIELD RIGHT-OF-WAY,2400,S,PULASKI RD,,NO INDICATION OF INJURY,0,0,0,20,2,11,41.84785765,-87.72479531
03/31/2017 07:45:00 AM,0,NO CONTROLS,CLEAR,DAYLIGHT,PARKING LOT,WET,NO INJURY / DRIVE AWAY,,WEATHER,1200,S,ASHLAND AVE,,NO INDICATION OF INJURY,0,0,0,7,6,3,41.86681578,-87.66652926
3/3/2022 15:40,30,UNKNOWN,CLEAR,DAYLIGHT,NOT DIVIDED,DRY,INJURY AND / OR TOW DUE TO CRASH,,ROAD ENGINEERING/SURFACE/MARKING DEFECTS,1031,W,BELMONT AVE,,INCAPACITATING INJURY,0,1,0,15,5,3,41.93978322,-87.65525818
07/20/2018 09:25:00 PM,30,NO CONTROLS,RAIN,"DARKNESS, LIGHTED ROAD",NOT DIVIDED,WET,INJURY AND / OR TOW DUE TO CRASH,,NOT APPLICABLE,3828,W,MONTROSE AVE,Y,NONINCAPACITATING INJURY,0,0,1,21,6,7,41.96110228,-87.72409914
8/3/2021 22:18,30,TRAFFIC SIGNAL,CLEAR,UNKNOWN,NOT DIVIDED,UNKNOWN,INJURY AND / OR TOW DUE TO CRASH,Y,DISREGARDING TRAFFIC SIGNALS,4000,W,LAKE ST,,NONINCAPACITATING INJURY,0,0,1,22,3,8,41.88558032,-87.72592192
07/14/2022 04:19:00 PM,30,TRAFFIC SIGNAL,CLEAR,DAYLIGHT,NOT DIVIDED,DRY,INJURY AND / OR TOW DUE TO CRASH,,UNABLE TO DETERMINE,2001,N,ELSTON AVE,,"REPORTED, NOT EVIDENT",0,0,0,16,5,7,41.91799609,-87.66740335
04/30/2019 10:13:00 PM,30,NO CONTROLS,RAIN,"DARKNESS, LIGHTED ROAD",DIVIDED - W/MEDIAN (NOT RAISED),WET,INJURY AND / OR TOW DUE TO CRASH,Y,FAILING TO YIELD RIGHT-OF-WAY,3541,N,CICERO AVE,,NONINCAPACITATING INJURY,0,0,1,22,3,4,41.94590506,-87.74690752
10/27/2016 03:20:00 PM,30,NO CONTROLS,CLEAR,DAYLIGHT,DIVIDED - W/MEDIAN (NOT RAISED),DRY,INJURY AND / OR TOW DUE TO CRASH,Y,UNABLE TO DETERMINE,2810,N,CALIFORNIA AVE,,"REPORTED, NOT EVIDENT",0,0,0,15,5,10,41.93246828,-87.69777215
2/3/2018 19:35,30,NO CONTROLS,CLEAR,DARKNESS,NOT DIVIDED,DRY,INJURY AND / OR TOW DUE TO CRASH,,FAILING TO YIELD RIGHT-OF-WAY,4234,N,CLARK ST,,NONINCAPACITATING INJURY,0,0,1,19,7,2,41.95893815,-87.66505556
05/28/2021 12:00:00 PM,30,TRAFFIC SIGNAL,CLEAR,DAYLIGHT,NOT DIVIDED,DRY,NO INJURY / DRIVE AWAY,Y,FOLLOWING TOO CLOSELY,3160,N,SOUTHPORT AVE,,NO INDICATION OF INJURY,0,0,0,12,6,5,41.93971676,-87.66396639
07/14/2020 06:00:00 PM,30,NO CONTROLS,CLEAR,DAYLIGHT,Y-INTERSECTION,DRY,INJURY AND / OR TOW DUE TO CRASH,,FAILING TO YIELD RIGHT-OF-WAY,3913,N,BROADWAY,,NONINCAPACITATING INJURY,0,0,1,18,3,7,41.95325699,-87.64954604
8/9/2021 13:50,30,TRAFFIC SIGNAL,CLEAR,DAYLIGHT,FOUR WAY,DRY,INJURY AND / OR TOW DUE TO CRASH,,UNABLE TO DETERMINE,2400,W,47TH ST,N,"REPORTED, NOT EVIDENT",0,0,0,13,2,8,41.80854224,-87.6845482
3/9/2021 14:44,30,TRAFFIC SIGNAL,CLEAR,DAYLIGHT,FOUR WAY,DRY,INJURY AND / OR TOW DUE TO CRASH,,UNABLE TO DETERMINE,4956,W,BELMONT AVE,,NONINCAPACITATING INJURY,0,0,1,14,3,3,41.93887569,-87.75162675
7/6/2020 18:30,30,TRAFFIC SIGNAL,CLEAR,DAYLIGHT,NOT DIVIDED,DRY,INJURY AND / OR TOW DUE TO CRASH,,FAILING TO YIELD RIGHT-OF-WAY,525,N,ORLEANS ST,,NONINCAPACITATING INJURY,0,0,1,18,2,7,41.8915077,-87.63688268
10/7/2021 5:31,45,TRAFFIC SIGNAL,RAIN,DARKNESS,NOT DIVIDED,WET,INJURY AND / OR TOW DUE TO CRASH,,DISREGARDING TRAFFIC SIGNALS,500,S,LAKE SHORE DR NB,,NONINCAPACITATING INJURY,0,0,1,5,5,10,41.87575626,-87.61751568
09/20/2020 02:00:00 AM,30,TRAFFIC SIGNAL,CLEAR,"DARKNESS, LIGHTED ROAD",FOUR WAY,DRY,INJURY AND / OR TOW DUE TO CRASH,Y,DISREGARDING OTHER TRAFFIC SIGNS,4700,S,COTTAGE GROVE AVE,,NONINCAPACITATING INJURY,0,0,1,2,1,9,41.80948543,-87.60671082
06/29/2022 09:00:00 AM,30,STOP SIGN/FLASHER,CLEAR,DAYLIGHT,DIVIDED - W/MEDIAN (NOT RAISED),UNKNOWN,INJURY AND / OR TOW DUE TO CRASH,,DISREGARDING STOP SIGN,320,N,HALSTED ST,,"REPORTED, NOT EVIDENT",0,0,0,9,4,6,41.88741136,-87.64767253
09/20/2021 10:51:00 AM,30,STOP SIGN/FLASHER,CLOUDY/OVERCAST,DAYLIGHT,ONE-WAY,DRY,INJURY AND / OR TOW DUE TO CRASH,,DISREGARDING STOP SIGN,4600,S,MICHIGAN AVE,,NONINCAPACITATING INJURY,0,0,1,10,2,9,41.81100705,-87.62302911
4/8/2017 17:45,30,NO CONTROLS,CLEAR,DAYLIGHT,NOT DIVIDED,DRY,NO INJURY / DRIVE AWAY,,UNABLE TO DETERMINE,2010,N,DAMEN AVE,,NO INDICATION OF INJURY,0,0,0,17,7,4,41.91810534,-87.67778054
08/23/2017 04:30:00 PM,30,TRAFFIC SIGNAL,CLEAR,DAYLIGHT,DIVIDED - W/MEDIAN (NOT RAISED),UNKNOWN,NO INJURY / DRIVE AWAY,,UNABLE TO DETERMINE,800,W,14TH PL,Y,NO INDICATION OF INJURY,0,0,0,16,4,8,41.862456,-87.64681158
10/15/2017 03:19:00 PM,30,TRAFFIC SIGNAL,CLEAR,DAYLIGHT,NOT DIVIDED,DRY,NO INJURY / DRIVE AWAY,,FAILING TO YIELD RIGHT-OF-WAY,2007,E,71ST ST,,NO INDICATION OF INJURY,0,0,0,15,1,10,41.76596077,-87.57600055
04/13/2023 09:24:00 PM,30,NO CONTROLS,CLEAR,"DARKNESS, LIGHTED ROAD",DIVIDED - W/MEDIAN (NOT RAISED),DRY,INJURY AND / OR TOW DUE TO CRASH,,DISREGARDING ROAD MARKINGS,4525,W,MADISON ST,,NONINCAPACITATING INJURY,0,0,1,21,5,4,41.880461,-87.73889658
10/6/2018 14:29,30,NO CONTROLS,CLOUDY/OVERCAST,DAYLIGHT,DIVIDED - W/MEDIAN (NOT RAISED),DRY,INJURY AND / OR TOW DUE TO CRASH,,IMPROPER OVERTAKING/PASSING,850,W,ADDISON ST,N,INCAPACITATING INJURY,0,1,0,14,7,10,41.94740046,-87.65151202
11/22/2022 12:15:00 PM,30,NO CONTROLS,CLEAR,DAYLIGHT,NOT DIVIDED,UNKNOWN,NO INJURY / DRIVE AWAY,N,FAILING TO YIELD RIGHT-OF-WAY,4225,N,SHERIDAN RD,,NO INDICATION OF INJURY,0,0,0,12,3,11,41.95919625,-87.6545309
08/30/2023 08:30:00 AM,30,TRAFFIC SIGNAL,CLEAR,DAYLIGHT,CENTER TURN LANE,DRY,NO INJURY / DRIVE AWAY,Y,UNABLE TO DETERMINE,2800,N,DAMEN AVE,,NO INDICATION OF INJURY,0,0,0,8,4,8,41.93232949,-87.67828272
2/10/2023 9:47,30,TRAFFIC SIGNAL,CLEAR,DAYLIGHT,CENTER TURN LANE,DRY,INJURY AND / OR TOW DUE TO CRASH,,FAILING TO YIELD RIGHT-OF-WAY,3900,S,HALSTED ST,,NONINCAPACITATING INJURY,0,0,1,9,6,2,41.82335635,-87.6460685
07/16/2019 10:59:00 PM,30,STOP SIGN/FLASHER,CLEAR,DARKNESS,NOT DIVIDED,DRY,NO INJURY / DRIVE AWAY,,FAILING TO YIELD RIGHT-OF-WAY,2100,S,PAULINA ST,,NO INDICATION OF INJURY,0,0,0,22,3,7,41.85406043,-87.66869254
08/20/2020 08:32:00 PM,30,TRAFFIC SIGNAL,CLEAR,"DARKNESS, LIGHTED ROAD",NOT DIVIDED,DRY,INJURY AND / OR TOW DUE TO CRASH,Y,"OPERATING VEHICLE IN ERRATIC, RECKLESS, CARELESS, NEGLIGENT OR AGGRESSIVE MANNER",3501,W,55TH ST,,NONINCAPACITATING INJURY,0,0,1,20,5,8,41.79329367,-87.71100904