CRASH_DATE,POSTED_SPEED_LIMIT,TRAFFIC_CONTROL_DEVICE,WEATHER_CONDITION,LIGHTING_CONDITION,TRAFFICWAY_TYPE,ROADWAY_SURFACE_COND,CRASH_TYPE,HIT_AND_RUN_I,PRIM_CONTRIBUTORY_CAUSE,STREET_NO,STREET_DIRECTION,STREET_NAME,DOORING_I,MOST_SEVERE_INJURY,INJURIES_FATAL,INJURIES_INCAPACITATING,INJURIES_NON_INCAPACITATING,CRASH_HOUR,CRASH_DAY_OF_WEEK,CRASH_MONTH,LATITUDE,LONGITUDE
10/10/2023 16:45,30,NO CONTROLS,CLEAR,DAYLIGHT,NOT DIVIDED,DRY,NO INJURY / DRIVE AWAY,Y,FAILING TO YIELD RIGHT-OF-WAY,5800,W,SCHOOL ST,,NO INDICATION OF INJURY,0,0,0,16,3,10,41.94044825,-87.77154771
8/6/2017 8:55,30,TRAFFIC SIGNAL,CLEAR,DAYLIGHT,NOT DIVIDED,DRY,INJURY AND / OR TOW DUE TO CRASH,,NOT APPLICABLE,2459,S,KEDZIE AVE,,NONINCAPACITATING INJURY,0,0,1,8,1,8,41.84642679,-87.70495
10/31/2019 06:36:00 AM,35,STOP SIGN/FLASHER,RAIN,"DARKNESS, LIGHTED ROAD",NOT DIVIDED,WET,INJURY AND / OR TOW DUE TO CRASH,,FAILING TO YIELD RIGHT-OF-WAY,4900,N,PULASKI RD,,INCAPACITATING INJURY,0,1,1,6,5,10,41.97015238,-87.72823041
10/4/2020 19:30,30,TRAFFIC SIGNAL,CLEAR,"DARKNESS, LIGHTED ROAD",NOT DIVIDED,DRY,NO INJURY / DRIVE AWAY,,FAILING TO YIELD RIGHT-OF-WAY,2432,N,SACRAMENTO AVE,,NO INDICATION OF INJURY,0,0,0,19,1,10,41.92581718,-87.70248897
08/31/2018 05:10:00 PM,30,STOP SIGN/FLASHER,CLEAR,DAYLIGHT,DIVIDED - W/MEDIAN BARRIER,DRY,INJURY AND / OR TOW DUE TO CRASH,Y,UNABLE TO DETERMINE,721,N,CARPENTER ST,,NONINCAPACITATING INJURY,0,0,1,17,6,8,41.89503317,-87.65342332
01/19/2019 11:30:00 PM,30,NO CONTROLS,SNOW,"DARKNESS, LIGHTED ROAD",NOT DIVIDED,SNOW OR SLUSH,INJURY AND / OR TOW DUE TO CRASH,Y,UNABLE TO DETERMINE,2859,W,LOGAN BLVD,,"REPORTED, NOT EVIDENT",0,0,0,23,7,1,41.92833504,-87.69991518
09/28/2018 09:00:00 AM,25,TRAFFIC SIGNAL,CLOUDY/OVERCAST,DAYLIGHT,NOT DIVIDED,DRY,NO INJURY / DRIVE AWAY,Y,FAILING TO YIELD RIGHT-OF-WAY,7000,N,CLARK ST,,NO INDICATION OF INJURY,0,0,0,9,6,9,42.00903491,-87.67412216
8/11/2023 17:45,10,NO CONTROLS,CLEAR,DAYLIGHT,NOT DIVIDED,DRY,INJURY AND / OR TOW DUE TO CRASH,,IMPROPER LANE USAGE,1711,S,LAFLIN ST,,NONINCAPACITATING INJURY,0,0,1,17,6,8,41.8583841,-87.66363176
06/22/2018 11:00:00 AM,30,TRAFFIC SIGNAL,RAIN,DAYLIGHT,DIVIDED - W/MEDIAN BARRIER,WET,INJURY AND / OR TOW DUE TO CRASH,Y,DISREGARDING TRAFFIC SIGNALS,8704,S,HALSTED ST,,"REPORTED, NOT EVIDENT",0,0,0,11,6,6,41.73567352,-87.64375503
08/15/2022 09:36:00 PM,15,NO CONTROLS,CLEAR,"DARKNESS, LIGHTED ROAD",ONE-WAY,DRY,INJURY AND / OR TOW DUE TO CRASH,,DRIVING ON WRONG SIDE/WRONG WAY,541,W,OAKDALE AVE,,NONINCAPACITATING INJURY,0,0,1,21,2,8,41.93542576,-87.64344621
09/26/2017 09:50:00 PM,25,NO CONTROLS,CLEAR,"DARKNESS, LIGHTED ROAD",ONE-WAY,DRY,INJURY AND / OR TOW DUE TO CRASH,Y,FAILING TO YIELD RIGHT-OF-WAY,4748,W,CONGRESS PKWY,,NONINCAPACITATING INJURY,0,0,1,21,3,9,41.87422316,-87.74454133
9/12/2019 8:44,30,TRAFFIC SIGNAL,CLEAR,DAYLIGHT,NOT DIVIDED,DRY,INJURY AND / OR TOW DUE TO CRASH,,UNABLE TO DETERMINE,6098,N,DAMEN AVE,,"REPORTED, NOT EVIDENT",0,0,0,8,5,9,41.99182421,-87.68000676
2/8/2023 12:55,30,TRAFFIC SIGNAL,CLEAR,DAYLIGHT,NOT DIVIDED,WET,INJURY AND / OR TOW DUE TO CRASH,Y,FAILING TO YIELD RIGHT-OF-WAY,3600,N,LAKE SHORE DR,,NONINCAPACITATING INJURY,0,0,1,12,4,2,41.94868367,-87.64364976
01/24/2020 08:05:00 PM,30,TRAFFIC SIGNAL,RAIN,"DARKNESS, LIGHTED ROAD",NOT DIVIDED,WET,INJURY AND / OR TOW DUE TO CRASH,Y,DISREGARDING TRAFFIC SIGNALS,4454,W,LAWRENCE AVE,,NONINCAPACITATING INJURY,0,0,1,20,6,1,41.96821788,-87.74011855
7/1/2023 15:06,30,NO CONTROLS,CLEAR,DAYLIGHT,DIVIDED - W/MEDIAN (NOT RAISED),DRY,INJURY AND / OR TOW DUE TO CRASH,,FAILING TO REDUCE SPEED TO AVOID CRASH,3453,N,SOUTHPORT AVE,,NONINCAPACITATING INJURY,0,0,1,15,7,7,41.94501087,-87.66381441
11/28/2017 10:03:00 AM,30,NO CONTROLS,CLEAR,DAYLIGHT,DIVIDED - W/MEDIAN (NOT RAISED),WET,INJURY AND / OR TOW DUE TO CRASH,,UNABLE TO DETERMINE,4403,W,IRVING PARK RD,Y,NONINCAPACITATING INJURY,0,0,1,10,3,11,41.9534167,-87.73821235
11/18/2019 06:05:00 PM,35,NO CONTROLS,CLEAR,"DARKNESS, LIGHTED ROAD",OTHER,DRY,INJURY AND / OR TOW DUE TO CRASH,Y,UNABLE TO DETERMINE,5515,S,HAMLIN AVE,,NONINCAPACITATING INJURY,0,0,1,18,2,11,41.79274932,-87.71810204
9/5/2019 12:00,30,NO CONTROLS,CLEAR,DAYLIGHT,DIVIDED - W/MEDIAN BARRIER,DRY,NO INJURY / DRIVE AWAY,,FAILING TO YIELD RIGHT-OF-WAY,4324,W,CERMAK RD,,NO INDICATION OF INJURY,0,0,0,12,5,9,41.85152865,-87.73314129
4/5/2018 9:55,30,TRAFFIC SIGNAL,CLEAR,DAYLIGHT,DIVIDED - W/MEDIAN (NOT RAISED),DRY,INJURY AND / OR TOW DUE TO CRASH,,IMPROPER TURNING/NO SIGNAL,3113,S,ARCHER AVE,,NONINCAPACITATING INJURY,0,0,1,9,5,4,41.8373422,-87.66607402
08/28/2019 09:36:00 AM,30,NO CONTROLS,CLEAR,DAYLIGHT,NOT DIVIDED,DRY,INJURY AND / OR TOW DUE TO CRASH,,FAILING TO YIELD RIGHT-OF-WAY,4502,W,MADISON ST,,NONINCAPACITATING INJURY,0,0,1,9,4,8,41.88069007,-87.73811586
06/30/2018 04:24:00 PM,35,NO CONTROLS,CLEAR,DARKNESS,DIVIDED - W/MEDIAN (NOT RAISED),DRY,INJURY AND / OR TOW DUE TO CRASH,,NOT APPLICABLE,953,W,IRVING PARK RD,Y,NONINCAPACITATING INJURY,0,0,1,16,7,6,41.95438385,-87.65419529
05/16/2018 12:08:00 AM,25,TRAFFIC SIGNAL,CLEAR,"DARKNESS, LIGHTED ROAD",NOT DIVIDED,DRY,INJURY AND / OR TOW DUE TO CRASH,,DISREGARDING TRAFFIC SIGNALS,1757,W,ADDISON ST,,NONINCAPACITATING INJURY,0,0,1,0,4,5,41.94681766,-87.67365806
09/15/2018 07:05:00 PM,30,TRAFFIC SIGNAL,CLEAR,DUSK,OTHER,DRY,NO INJURY / DRIVE AWAY,,NOT APPLICABLE,8100,S,DR MARTIN LUTHER KING JR DR,,NO INDICATION OF INJURY,0,0,0,19,7,9,41.74736947,-87.61501478
05/14/2022 02:00:00 PM,30,STOP SIGN/FLASHER,CLEAR,DAYLIGHT,NOT DIVIDED,DRY,INJURY AND / OR TOW DUE TO CRASH,,IMPROPER TURNING/NO SIGNAL,1228,E,53RD ST,,"REPORTED, NOT EVIDENT",0,0,0,14,7,5,41.79957783,-87.59543211
7/2/2018 17:29,30,NO CONTROLS,CLEAR,DAYLIGHT,NOT DIVIDED,DRY,INJURY AND / OR TOW DUE TO CRASH,,ROAD ENGINEERING/SURFACE/MARKING DEFECTS,2737,N,CENTRAL AVE,Y,NONINCAPACITATING INJURY,0,0,1,17,2,7,41.9305894,-87.76607412
06/15/2023 07:40:00 PM,25,NO CONTROLS,CLEAR,DAYLIGHT,ALLEY,DRY,INJURY AND / OR TOW DUE TO CRASH,,UNABLE TO DETERMINE,5940,N,MELVINA AVE,,"REPORTED, NOT EVIDENT",0,0,0,19,5,6,41.98964477,-87.78290542
07/16/2020 03:41:00 PM,30,NO CONTROLS,CLEAR,DAYLIGHT,ONE-WAY,DRY,INJURY AND / OR TOW DUE TO CRASH,,UNABLE TO DETERMINE,1098,W,81ST ST,,INCAPACITATING INJURY,0,1,0,15,5,7,41.74700271,-87.65115584
09/30/2021 03:08:00 PM,25,NO CONTROLS,CLEAR,DAYLIGHT,NOT DIVIDED,DRY,INJURY AND / OR TOW DUE TO CRASH,,UNABLE TO DETERMINE,530,W,FULLERTON PKWY,,NONINCAPACITATING INJURY,0,0,1,15,5,9,41.92566285,-87.64255481
08/23/2018 05:45:00 PM,30,TRAFFIC SIGNAL,CLEAR,DAYLIGHT,NOT DIVIDED,DRY,INJURY AND / OR TOW DUE TO CRASH,Y,DISREGARDING TRAFFIC SIGNALS,1401,N,PULASKI RD,,NONINCAPACITATING INJURY,0,0,2,17,5,8,41.90625394,-87.72626294
12/23/2015 07:45:00 PM,30,STOP SIGN/FLASHER,CLEAR,"DARKNESS, LIGHTED ROAD",NOT DIVIDED,WET,INJURY AND / OR TOW DUE TO CRASH,Y,FAILING TO YIELD RIGHT-OF-WAY,1932,W,NORTH AVE,,"REPORTED, NOT EVIDENT",0,0,0,19,4,12,41.9106157,-87.67625301
11/3/2022 8:01,30,TRAFFIC SIGNAL,CLEAR,DAYLIGHT,OTHER,DRY,NO INJURY / DRIVE AWAY,Y,FOLLOWING TOO CLOSELY,801,N,MILWAUKEE AVE,,NO INDICATION OF INJURY,0,0,0,8,5,11,41.89638448,-87.65541112
05/22/2022 05:40:00 PM,30,NO CONTROLS,CLEAR,DAYLIGHT,NOT DIVIDED,DRY,INJURY AND / OR TOW DUE TO CRASH,,DRIVING SKILLS/KNOWLEDGE/EXPERIENCE,1165,N,MILWAUKEE AVE,Y,NONINCAPACITATING INJURY,0,0,1,17,1,5,41.90300504,-87.66570654
07/15/2020 11:45:00 AM,25,TRAFFIC SIGNAL,CLEAR,DAYLIGHT,NOT DIVIDED,DRY,INJURY AND / OR TOW DUE TO CRASH,,DISREGARDING TRAFFIC SIGNALS,298,S,CICERO AVE,,NONINCAPACITATING INJURY,0,0,1,11,4,7,41.87685023,-87.74529389
9/2/2023 5:19,30,TRAFFIC SIGNAL,CLEAR,"DARKNESS, LIGHTED ROAD",FOUR WAY,DRY,INJURY AND / OR TOW DUE TO CRASH,,DISREGARDING TRAFFIC SIGNALS,145,N,HALSTED ST,,INCAPACITATING INJURY,0,1,0,5,7,9,41.88435242,-87.64728775
10/3/2023 12:18,30,NO CONTROLS,CLEAR,DAYLIGHT,NOT DIVIDED,DRY,INJURY AND / OR TOW DUE TO CRASH,,FAILING TO YIELD RIGHT-OF-WAY,2031,S,HALSTED ST,Y,NONINCAPACITATING INJURY,0,0,1,12,3,10,41.85442021,-87.6463974
07/20/2023 04:12:00 AM,30,NO CONTROLS,CLEAR,"DARKNESS, LIGHTED ROAD",NOT DIVIDED,DRY,INJURY AND / OR TOW DUE TO CRASH,,PHYSICAL CONDITION OF DRIVER,4117,N,KIMBALL AVE,,INCAPACITATING INJURY,0,1,0,4,5,7,41.95621495,-87.71283885
08/23/2020 02:15:00 PM,35,NO CONTROLS,CLEAR,DAYLIGHT,DIVIDED - W/MEDIAN (NOT RAISED),DRY,INJURY AND / OR TOW DUE TO CRASH,,UNABLE TO DETERMINE,5650,N,CUMBERLAND AVE,,"REPORTED, NOT EVIDENT",0,0,0,14,1,8,41.9819805,-87.83672847
09/25/2019 08:34:00 AM,25,NO CONTROLS,CLEAR,DAYLIGHT,NOT DIVIDED,DRY,INJURY AND / OR TOW DUE TO CRASH,Y,IMPROPER OVERTAKING/PASSING,1598,N,MILWAUKEE AVE,Y,INCAPACITATING INJURY,0,1,0,8,4,9,41.91031437,-87.67757007
12/5/2019 12:20,35,STOP SIGN/FLASHER,CLEAR,DAYLIGHT,FOUR WAY,DRY,INJURY AND / OR TOW DUE TO CRASH,,DRIVING ON WRONG SIDE/WRONG WAY,7059,W,GRACE ST,,INCAPACITATING INJURY,0,1,0,12,5,12,41.94886211,-87.80338228
07/27/2018 12:05:00 AM,30,TRAFFIC SIGNAL,CLEAR,"DARKNESS, LIGHTED ROAD",CENTER TURN LANE,UNKNOWN,NO INJURY / DRIVE AWAY,Y,FOLLOWING TOO CLOSELY,1941,N,WESTERN AVE,,NO INDICATION OF INJURY,0,0,0,0,6,7,41.91680089,-87.68724162
7/1/2019 0:45,30,TRAFFIC SIGNAL,CLEAR,"DARKNESS, LIGHTED ROAD",NOT DIVIDED,DRY,INJURY AND / OR TOW DUE TO CRASH,Y,UNABLE TO DETERMINE,205,W,GRAND AVE,,NONINCAPACITATING INJURY,0,0,1,0,2,7,41.89147473,-87.63431114
12/9/2015 7:30,30,NO CONTROLS,CLEAR,DAYLIGHT,DIVIDED - W/MEDIAN (NOT RAISED),DRY,INJURY AND / OR TOW DUE TO CRASH,,FAILING TO YIELD RIGHT-OF-WAY,3428,W,WRIGHTWOOD AVE,Y,NONINCAPACITATING INJURY,0,0,1,7,4,12,41.92841113,-87.71336414
11/3/2020 9:54,30,TRAFFIC SIGNAL,CLEAR,DAYLIGHT,NOT DIVIDED,DRY,INJURY AND / OR TOW DUE TO CRASH,,DISREGARDING TRAFFIC SIGNALS,1115,W,MONTROSE AVE,,NONINCAPACITATING INJURY,0,0,1,9,3,11,41.9616284,-87.65792925
10/11/2018 11:26,30,TRAFFIC SIGNAL,CLEAR,DAYLIGHT,NOT DIVIDED,DRY,INJURY AND / OR TOW DUE TO CRASH,,FAILING TO REDUCE SPEED TO AVOID CRASH,2300,N,CLYBOURN AVE,,NONINCAPACITATING INJURY,0,0,1,11,5,10,41.92363541,-87.6674282
09/27/2017 04:15:00 PM,30,NO CONTROLS,CLEAR,DAYLIGHT,NOT DIVIDED,DRY,INJURY AND / OR TOW DUE TO CRASH,,UNABLE TO DETERMINE,3701,W,BELMONT AVE,,NONINCAPACITATING INJURY,0,0,1,16,4,9,41.9390772,-87.71976423
08/14/2020 02:35:00 PM,30,TRAFFIC SIGNAL,CLEAR,DAYLIGHT,FOUR WAY,DRY,INJURY AND / OR TOW DUE TO CRASH,,IMPROPER OVERTAKING/PASSING,208,W,87TH ST,,NONINCAPACITATING INJURY,0,0,1,14,6,8,41.73622612,-87.62926031
09/25/2017 07:00:00 PM,30,NO CONTROLS,UNKNOWN,"DARKNESS, LIGHTED ROAD",ONE-WAY,UNKNOWN,INJURY AND / OR TOW DUE TO CRASH,Y,FAILING TO YIELD RIGHT-OF-WAY,4200,N,LECLAIRE AVE,,"REPORTED, NOT EVIDENT",0,0,0,19,2,9,41.95702168,-87.7549529
6/7/2018 18:50,25,TRAFFIC SIGNAL,CLEAR,DAYLIGHT,NOT DIVIDED,DRY,INJURY AND / OR TOW DUE TO CRASH,Y,UNABLE TO DETERMINE,200,E,CHICAGO AVE,,INCAPACITATING INJURY,0,1,0,18,5,6,41.89686812,-87.62255641
10/13/2016 03:15:00 PM,30,NO CONTROLS,CLEAR,DAYLIGHT,NOT DIVIDED,DRY,INJURY AND / OR TOW DUE TO CRASH,,FAILING TO YIELD RIGHT-OF-WAY,3232,N,LINCOLN AVE,,NONINCAPACITATING INJURY,0,0,1,15,5,10,41.94050262,-87.66939869
09/29/2021 05:00:00 PM,30,NO CONTROLS,CLEAR,DAYLIGHT,ONE-WAY,DRY,NO INJURY / DRIVE AWAY,Y,FOLLOWING TOO CLOSELY,1208,S,SPRINGFIELD AVE,,NO INDICATION OF INJURY,0,0,0,17,4,9,41.86587649,-87.72287094
09/25/2019 04:58:00 PM,25,TRAFFIC SIGNAL,CLEAR,DAYLIGHT,T-INTERSECTION,DRY,INJURY AND / OR TOW DUE TO CRASH,,"VISION OBSCURED (SIGNS, TREE LIMBS, BUILDINGS, ETC.)",2200,E,MARQUETTE DR,,NONINCAPACITATING INJURY,0,0,1,16,4,9,41.77567903,-87.57171366
9/6/2016 12:00,30,NO CONTROLS,CLEAR,DAYLIGHT,DIVIDED - W/MEDIAN (NOT RAISED),DRY,NO INJURY / DRIVE AWAY,,UNABLE TO DETERMINE,955,W,RANDOLPH ST,,NO INDICATION OF INJURY,0,0,0,12,3,9,41.88421928,-87.65195445
07/22/2021 04:00:00 PM,15,NO CONTROLS,CLEAR,DAYLIGHT,DIVIDED - W/MEDIAN (NOT RAISED),UNKNOWN,INJURY AND / OR TOW DUE TO CRASH,Y,FAILING TO REDUCE SPEED TO AVOID CRASH,500,W,103RD ST,,NONINCAPACITATING INJURY,0,0,1,16,5,7,41.70712001,-87.63561933
07/21/2021 02:50:00 PM,15,UNKNOWN,CLEAR,DAYLIGHT,UNKNOWN,DRY,INJURY AND / OR TOW DUE TO CRASH,Y,UNABLE TO DETERMINE,5246,S,SANGAMON ST,Y,NONINCAPACITATING INJURY,0,0,1,14,4,7,41.79833446,-87.64905442
10/10/2021 16:11,30,TRAFFIC SIGNAL,CLEAR,DAYLIGHT,NOT DIVIDED,DRY,INJURY AND / OR TOW DUE TO CRASH,Y,DRIVING SKILLS/KNOWLEDGE/EXPERIENCE,2245,S,CANAL ST,,"REPORTED, NOT EVIDENT",0,0,0,16,1,10,41.85133844,-87.63834743
12/17/2019 10:30:00 AM,30,STOP SIGN/FLASHER,CLEAR,DAYLIGHT,NOT DIVIDED,DRY,INJURY AND / OR TOW DUE TO CRASH,Y,FAILING TO YIELD RIGHT-OF-WAY,5032,W,ARMITAGE AVE,,NONINCAPACITATING INJURY,0,0,1,10,3,12,41.91696398,-87.75221922
08/24/2023 07:53:00 AM,30,TRAFFIC SIGNAL,CLEAR,DAYLIGHT,DIVIDED - W/MEDIAN (NOT RAISED),DRY,NO INJURY / DRIVE AWAY,Y,UNABLE TO DETERMINE,3420,N,ELSTON AVE,,NO INDICATION OF INJURY,0,0,0,7,5,8,41.94307798,-87.70389761
08/28/2021 05:44:00 PM,30,NO CONTROLS,CLEAR,DAYLIGHT,NOT DIVIDED,DRY,INJURY AND / OR TOW DUE TO CRASH,,IMPROPER LANE USAGE,908,N,HALSTED ST,,NONINCAPACITATING INJURY,0,0,1,17,7,8,41.89924951,-87.64803292
08/22/2017 04:15:00 PM,30,NO CONTROLS,CLEAR,DAYLIGHT,NOT DIVIDED,DRY,INJURY AND / OR TOW DUE TO CRASH,,UNABLE TO DETERMINE,1119,N,CLARK ST,,NONINCAPACITATING INJURY,0,0,1,16,3,8,41.90246097,-87.63125919
9/10/2022 14:50,30,NO CONTROLS,CLEAR,DAYLIGHT,FOUR WAY,DRY,INJURY AND / OR TOW DUE TO CRASH,,UNABLE TO DETERMINE,1732,W,AUGUSTA BLVD,,NONINCAPACITATING INJURY,0,0,1,14,7,9,41.89976088,-87.67100129
7/9/2018 7:58,30,NO CONTROLS,CLEAR,DAYLIGHT,NOT DIVIDED,DRY,INJURY AND / OR TOW DUE TO CRASH,,NOT APPLICABLE,1601,S,ASHLAND AVE,Y,INCAPACITATING INJURY,0,1,0,7,2,7,41.85956419,-87.66605025
11/21/2022 02:55:00 PM,30,NO CONTROLS,CLEAR,DAYLIGHT,NOT DIVIDED,DRY,INJURY AND / OR TOW DUE TO CRASH,Y,UNABLE TO DETERMINE,1730,E,72ND ST,,INCAPACITATING INJURY,0,1,0,14,2,11,41.76437901,-87.5824635
10/20/2017 06:25:00 PM,30,NO CONTROLS,CLEAR,"DARKNESS, LIGHTED ROAD",ONE-WAY,DRY,INJURY AND / OR TOW DUE TO CRASH,Y,FAILING TO YIELD RIGHT-OF-WAY,6540,W,DIVERSEY AVE,Y,NONINCAPACITATING INJURY,0,0,1,18,6,10,41.93105593,-87.78975105
08/28/2019 09:00:00 AM,20,NO CONTROLS,CLEAR,DAYLIGHT,UNKNOWN,DRY,INJURY AND / OR TOW DUE TO CRASH,,UNABLE TO DETERMINE,3329,W,AINSLIE ST,Y,NONINCAPACITATING INJURY,0,0,1,9,4,8,41.97012509,-87.71213087
9/9/2021 7:25,30,NO CONTROLS,CLEAR,DAYLIGHT,NOT DIVIDED,DRY,NO INJURY / DRIVE AWAY,,UNABLE TO DETERMINE,2467,W,MONTROSE AVE,,NO INDICATION OF INJURY,0,0,0,7,5,9,41.96118521,-87.69125015
04/27/2020 11:52:00 AM,30,NO CONTROLS,CLEAR,DAYLIGHT,ALLEY,DRY,INJURY AND / OR TOW DUE TO CRASH,Y,UNABLE TO DETERMINE,633,S,HOMAN AVE,,NONINCAPACITATING INJURY,0,0,1,11,2,4,41.8727723,-87.71060706
06/21/2022 01:00:00 PM,30,NO CONTROLS,CLEAR,DAYLIGHT,ONE-WAY,DRY,NO INJURY / DRIVE AWAY,,DRIVING ON WRONG SIDE/WRONG WAY,745,N,DEARBORN ST,,NO INDICATION OF INJURY,0,0,0,13,3,6,41.89622229,-87.62962097
09/16/2021 08:45:00 AM,30,TRAFFIC SIGNAL,CLEAR,DAYLIGHT,FOUR WAY,DRY,NO INJURY / DRIVE AWAY,,DISREGARDING TRAFFIC SIGNALS,6300,S,COTTAGE GROVE AVE,N,NO INDICATION OF INJURY,0,0,0,8,5,9,41.78031747,-87.60607456
06/18/2019 07:15:00 AM,30,NO CONTROLS,CLEAR,DAYLIGHT,FOUR WAY,DRY,INJURY AND / OR TOW DUE TO CRASH,,IMPROPER LANE USAGE,3326,W,PETERSON AVE,,"REPORTED, NOT EVIDENT",0,0,0,7,3,6,41.99044953,-87.71271233
09/27/2017 09:00:00 PM,30,STOP SIGN/FLASHER,CLEAR,"DARKNESS, LIGHTED ROAD",NOT DIVIDED,DRY,INJURY AND / OR TOW DUE TO CRASH,,UNABLE TO DETERMINE,7200,N,ALBANY AVE,,NONINCAPACITATING INJURY,0,0,1,21,4,9,42.01195667,-87.70697016
9/2/2022 18:01,30,TRAFFIC SIGNAL,CLEAR,DAYLIGHT,NOT DIVIDED,DRY,NO INJURY / DRIVE AWAY,,IMPROPER TURNING/NO SIGNAL,1,S,STATE ST,,NO INDICATION OF INJURY,0,0,0,18,6,9,41.8819952,-87.62764725
8/11/2019 11:30,30,NO CONTROLS,RAIN,DAYLIGHT,DIVIDED - W/MEDIAN (NOT RAISED),DRY,NO INJURY / DRIVE AWAY,,IMPROPER LANE USAGE,241,W,WACKER DR,,NO INDICATION OF INJURY,0,0,0,11,1,8,41.88671012,-87.63513865
9/5/2023 19:07,30,NO CONTROLS,CLEAR,"DARKNESS, LIGHTED ROAD",ONE-WAY,DRY,NO INJURY / DRIVE AWAY,,UNABLE TO DETERMINE,2516,W,HURON ST,,NO INDICATION OF INJURY,0,0,0,19,3,9,41.89402171,-87.68998298
6/9/2022 6:52,25,STOP SIGN/FLASHER,CLEAR,DAYLIGHT,T-INTERSECTION,DRY,INJURY AND / OR TOW DUE TO CRASH,,FAILING TO YIELD RIGHT-OF-WAY,50,N,TALMAN AVE,,NONINCAPACITATING INJURY,0,0,1,6,5,6,41.88259545,-87.69236828
7/1/2021 15:00,30,NO CONTROLS,UNKNOWN,DAYLIGHT,UNKNOWN,UNKNOWN,NO INJURY / DRIVE AWAY,Y,IMPROPER OVERTAKING/PASSING,1815,W,VAN BUREN ST,,NO INDICATION OF INJURY,0,0,0,15,5,7,41.87615748,-87.67220133
10/23/2015 04:20:00 PM,30,NO CONTROLS,CLEAR,DAYLIGHT,NOT DIVIDED,DRY,NO INJURY / DRIVE AWAY,Y,FAILING TO YIELD RIGHT-OF-WAY,5556,N,NORTHWEST HWY,,NO INDICATION OF INJURY,0,0,0,16,6,10,41.98168246,-87.78028941
7/6/2021 17:45,30,TRAFFIC SIGNAL,CLEAR,DAYLIGHT,FOUR WAY,DRY,INJURY AND / OR TOW DUE TO CRASH,Y,DISREGARDING TRAFFIC SIGNALS,4700,W,FULLERTON AVE,,"REPORTED, NOT EVIDENT",0,0,0,17,3,7,41.92437901,-87.74393012
4/5/2022 21:43,30,UNKNOWN,CLEAR,UNKNOWN,UNKNOWN,DRY,INJURY AND / OR TOW DUE TO CRASH,Y,UNABLE TO DETERMINE,4430,N,CLARENDON AVE,,NONINCAPACITATING INJURY,0,0,1,21,3,4,41.96269976,-87.65008369
03/24/2021 02:00:00 PM,30,STOP SIGN/FLASHER,CLEAR,DAYLIGHT,FOUR WAY,DRY,INJURY AND / OR TOW DUE TO CRASH,,UNABLE TO DETERMINE,532,E,PERSHING RD,N,NONINCAPACITATING INJURY,0,0,1,14,4,3,41.82398858,-87.61356366
07/26/2020 06:50:00 PM,30,NO CONTROLS,CLEAR,DAYLIGHT,DIVIDED - W/MEDIAN (NOT RAISED),DRY,INJURY AND / OR TOW DUE TO CRASH,,PHYSICAL CONDITION OF DRIVER,5700,W,CHICAGO AVE,,INCAPACITATING INJURY,0,1,0,18,1,7,41.89492663,-87.76800833
6/5/2022 13:35,30,NO CONTROLS,CLEAR,DAYLIGHT,OTHER,DRY,INJURY AND / OR TOW DUE TO CRASH,,"EVASIVE ACTION DUE TO ANIMAL, OBJECT, NONMOTORIST",1732,N,DAMEN AVE,,INCAPACITATING INJURY,0,1,0,13,1,6,41.91329555,-87.6776745
08/29/2022 08:30:00 AM,30,TRAFFIC SIGNAL,CLEAR,DAYLIGHT,NOT DIVIDED,DRY,NO INJURY / DRIVE AWAY,,UNABLE TO DETERMINE,3727,N,KIMBALL AVE,,NO INDICATION OF INJURY,0,0,0,8,2,8,41.94928505,-87.7126432
09/20/2017 05:05:00 PM,30,TRAFFIC SIGNAL,CLEAR,DAYLIGHT,NOT DIVIDED,DRY,INJURY AND / OR TOW DUE TO CRASH,,DISREGARDING TRAFFIC SIGNALS,358,W,DIVERSEY PKWY,,NONINCAPACITATING INJURY,0,0,1,17,4,9,41.933022,-87.63925956
7/2/2021 7:15,30,NO CONTROLS,CLEAR,DAYLIGHT,NOT DIVIDED,DRY,NO INJURY / DRIVE AWAY,,UNABLE TO DETERMINE,1700,S,MICHIGAN AVE,,NO INDICATION OF INJURY,0,0,0,7,6,7,41.8589963,-87.62410567
5/4/2021 7:30,35,UNKNOWN,CLEAR,DAYLIGHT,NOT DIVIDED,DRY,INJURY AND / OR TOW DUE TO CRASH,,UNABLE TO DETERMINE,3517,N,KOSTNER AVE,,INCAPACITATING INJURY,0,1,0,7,3,5,41.94497118,-87.73705472
10/15/2018 06:04:00 PM,30,NO CONTROLS,CLEAR,DUSK,NOT DIVIDED,DRY,INJURY AND / OR TOW DUE TO CRASH,,IMPROPER LANE USAGE,3427,N,KIMBALL AVE,N,"REPORTED, NOT EVIDENT",0,0,0,18,2,10,41.94349598,-87.7124751
04/30/2018 06:20:00 PM,5,NO CONTROLS,CLEAR,DAYLIGHT,ALLEY,DRY,INJURY AND / OR TOW DUE TO CRASH,,DISTRACTION - FROM OUTSIDE VEHICLE,3050,N,HAMLIN AVE,,"REPORTED, NOT EVIDENT",0,0,0,18,2,4,41.93666405,-87.72097966