CRASH_DATE,POSTED_SPEED_LIMIT,TRAFFIC_CONTROL_DEVICE,WEATHER_CONDITION,LIGHTING_CONDITION,TRAFFICWAY_TYPE,ROADWAY_SURFACE_COND,CRASH_TYPE,HIT_AND_RUN_I,PRIM_CONTRIBUTORY_CAUSE,STREET_NO,STREET_DIRECTION,STREET_NAME,DOORING_I,MOST_SEVERE_INJURY,INJURIES_FATAL,INJURIES_INCAPACITATING,INJURIES_NON_INCAPACITATING,CRASH_HOUR,CRASH_DAY_OF_WEEK,CRASH_MONTH,LATITUDE,LONGITUDE
10/18/2021 04:30:00 PM,30,NO CONTROLS,CLEAR,DAYLIGHT,NOT DIVIDED,DRY,INJURY AND / OR TOW DUE TO CRASH,,NOT APPLICABLE,2513,N,CALIFORNIA AVE,Y,NONINCAPACITATING INJURY,0,0,1,16,2,10,41.92701197,-87.69732819
07/19/2021 05:15:00 PM,30,TRAFFIC SIGNAL,CLEAR,DAYLIGHT,ONE-WAY,DRY,INJURY AND / OR TOW DUE TO CRASH,,UNABLE TO DETERMINE,426,W,RANDOLPH ST,Y,"REPORTED, NOT EVIDENT",0,0,0,17,2,7,41.88455799,-87.6391814
10/10/2020 10:49,30,TRAFFIC SIGNAL,CLEAR,DAYLIGHT,NOT DIVIDED,DRY,INJURY AND / OR TOW DUE TO CRASH,,FAILING TO REDUCE SPEED TO AVOID CRASH,269,W,FULLERTON DR,,NONINCAPACITATING INJURY,0,0,1,10,7,10,41.9255637,-87.63593692
9/8/2022 23:00,25,UNKNOWN,CLEAR,"DARKNESS, LIGHTED ROAD",NOT DIVIDED,DRY,INJURY AND / OR TOW DUE TO CRASH,Y,UNABLE TO DETERMINE,420,E,61ST ST,,NONINCAPACITATING INJURY,0,0,1,23,5,9,41.78400977,-87.61478575
12/4/2017 16:00,30,TRAFFIC SIGNAL,CLEAR,DUSK,NOT DIVIDED,DRY,NO INJURY / DRIVE AWAY,Y,IMPROPER TURNING/NO SIGNAL,301,W,WEBSTER AVE,,NO INDICATION OF INJURY,0,0,0,16,2,12,41.92188201,-87.63654623
09/18/2021 09:50:00 PM,30,NO CONTROLS,CLEAR,"DARKNESS, LIGHTED ROAD",NOT DIVIDED,DRY,INJURY AND / OR TOW DUE TO CRASH,,UNABLE TO DETERMINE,1451,N,WELLS ST,,NONINCAPACITATING INJURY,0,0,1,21,7,9,41.90908568,-87.63449827
08/17/2023 08:50:00 PM,30,TRAFFIC SIGNAL,CLEAR,"DARKNESS, LIGHTED ROAD",FOUR WAY,DRY,INJURY AND / OR TOW DUE TO CRASH,,DISREGARDING TRAFFIC SIGNALS,2022,N,ELSTON AVE,,NONINCAPACITATING INJURY,0,0,1,20,5,8,41.91850132,-87.6682418
09/25/2023 07:50:00 AM,30,NO CONTROLS,RAIN,DAYLIGHT,DIVIDED - W/MEDIAN (NOT RAISED),WET,INJURY AND / OR TOW DUE TO CRASH,,UNABLE TO DETERMINE,2555,N,MILWAUKEE AVE,,NONINCAPACITATING INJURY,0,0,1,7,2,9,41.92783668,-87.70516
9/5/2020 16:00,30,NO CONTROLS,CLEAR,DAYLIGHT,DIVIDED - W/MEDIAN (NOT RAISED),DRY,INJURY AND / OR TOW DUE TO CRASH,,UNABLE TO DETERMINE,1652,W,ROOSEVELT RD,,INCAPACITATING INJURY,0,1,0,16,7,9,41.86696883,-87.66854269
02/17/2020 11:50:00 AM,30,NO CONTROLS,CLEAR,DAYLIGHT,DIVIDED - W/MEDIAN (NOT RAISED),DRY,INJURY AND / OR TOW DUE TO CRASH,,UNABLE TO DETERMINE,8200,W,ADDISON ST,,NONINCAPACITATING INJURY,0,0,1,11,2,2,41.94500103,-87.83158965
11/19/2021 11:05:00 PM,30,TRAFFIC SIGNAL,CLEAR,"DARKNESS, LIGHTED ROAD",FOUR WAY,DRY,INJURY AND / OR TOW DUE TO CRASH,,FAILING TO YIELD RIGHT-OF-WAY,309,W,CHICAGO AVE,,NONINCAPACITATING INJURY,0,0,1,23,6,11,41.89645776,-87.63609804
5/12/2019 14:00,30,STOP SIGN/FLASHER,CLEAR,DAYLIGHT,NOT DIVIDED,DRY,INJURY AND / OR TOW DUE TO CRASH,,DISREGARDING STOP SIGN,2300,S,DAMEN AVE,,"REPORTED, NOT EVIDENT",0,0,0,14,1,5,41.85031569,-87.67593597
11/20/2019 08:30:00 AM,30,NO CONTROLS,UNKNOWN,DAYLIGHT,ONE-WAY,DRY,NO INJURY / DRIVE AWAY,,UNABLE TO DETERMINE,153,E,ERIE ST,,NO INDICATION OF INJURY,0,0,0,8,4,11,41.89404236,-87.62338516
01/21/2016 05:20:00 PM,30,NO CONTROLS,CLEAR,DAYLIGHT,DIVIDED - W/MEDIAN (NOT RAISED),DRY,NO INJURY / DRIVE AWAY,Y,UNABLE TO DETERMINE,1516,W,GRAND AVE,Y,NO INDICATION OF INJURY,0,0,0,17,5,1,41.89110269,-87.66624983
10/18/2018 05:30:00 PM,30,NO CONTROLS,CLEAR,"DARKNESS, LIGHTED ROAD",NOT DIVIDED,DRY,NO INJURY / DRIVE AWAY,Y,UNABLE TO DETERMINE,1700,N,WELLS ST,,NO INDICATION OF INJURY,0,0,0,17,5,10,41.91291849,-87.63491241
02/22/2019 10:15:00 PM,30,TRAFFIC SIGNAL,CLEAR,"DARKNESS, LIGHTED ROAD",DIVIDED - W/MEDIAN (NOT RAISED),DRY,INJURY AND / OR TOW DUE TO CRASH,,DISREGARDING OTHER TRAFFIC SIGNS,5458,N,BROADWAY,,INCAPACITATING INJURY,0,1,0,22,6,2,41.98170476,-87.66016364
07/31/2020 05:30:00 PM,30,NO CONTROLS,CLEAR,DAYLIGHT,ONE-WAY,DRY,NO INJURY / DRIVE AWAY,,UNABLE TO DETERMINE,10301,S,SACRAMENTO AVE,,NO INDICATION OF INJURY,0,0,0,17,6,7,41.70616992,-87.69657632
06/17/2018 03:45:00 PM,30,TRAFFIC SIGNAL,CLEAR,DAYLIGHT,ONE-WAY,DRY,INJURY AND / OR TOW DUE TO CRASH,,DISREGARDING OTHER TRAFFIC SIGNS,498,N,LOWER MICHIGAN AVE,,NONINCAPACITATING INJURY,0,0,1,15,1,6,41.89089203,-87.62430483
3/9/2018 20:15,30,UNKNOWN,CLEAR,"DARKNESS, LIGHTED ROAD",NOT DIVIDED,DRY,INJURY AND / OR TOW DUE TO CRASH,Y,UNABLE TO DETERMINE,4399,W,BELMONT AVE,Y,"REPORTED, NOT EVIDENT",0,0,0,20,6,3,41.93885244,-87.73698057
11/6/2021 9:50,30,UNKNOWN,UNKNOWN,DAYLIGHT,NOT DIVIDED,UNKNOWN,INJURY AND / OR TOW DUE TO CRASH,,FAILING TO YIELD RIGHT-OF-WAY,2901,N,CLYBOURN AVE,,"REPORTED, NOT EVIDENT",0,0,0,9,7,11,41.93424905,-87.68064643
04/15/2022 11:00:00 AM,30,UNKNOWN,CLEAR,DAYLIGHT,T-INTERSECTION,UNKNOWN,INJURY AND / OR TOW DUE TO CRASH,,UNABLE TO DETERMINE,1632,N,ELSTON AVE,,NONINCAPACITATING INJURY,0,0,1,11,6,4,41.91147687,-87.66288758
9/12/2019 7:00,30,STOP SIGN/FLASHER,CLEAR,DAYLIGHT,OTHER,DRY,INJURY AND / OR TOW DUE TO CRASH,Y,UNABLE TO DETERMINE,1850,W,CONGRESS PKWY,,INCAPACITATING INJURY,0,1,0,7,5,9,41.87517436,-87.67356672
10/24/2018 04:00:00 PM,30,STOP SIGN/FLASHER,CLEAR,DAYLIGHT,NOT DIVIDED,DRY,NO INJURY / DRIVE AWAY,,DRIVING ON WRONG SIDE/WRONG WAY,1530,W,DEVON AVE,,NO INDICATION OF INJURY,0,0,0,16,4,10,41.99820471,-87.6691129
05/15/2019 10:30:00 AM,45,NO CONTROLS,CLEAR,DAYLIGHT,NOT DIVIDED,DRY,INJURY AND / OR TOW DUE TO CRASH,,UNABLE TO DETERMINE,3015,N,LINCOLN AVE,Y,NONINCAPACITATING INJURY,0,0,1,10,4,5,41.93656902,-87.66411362
5/8/2021 14:15,30,TRAFFIC SIGNAL,CLEAR,DAYLIGHT,NOT DIVIDED,DRY,INJURY AND / OR TOW DUE TO CRASH,,FAILING TO YIELD RIGHT-OF-WAY,1411,N,WOOD ST,,NONINCAPACITATING INJURY,0,0,1,14,7,5,41.90752804,-87.67234717
11/23/2022 01:25:00 PM,30,TRAFFIC SIGNAL,CLEAR,DAYLIGHT,FOUR WAY,DRY,INJURY AND / OR TOW DUE TO CRASH,,FAILING TO YIELD RIGHT-OF-WAY,1400,S,HALSTED ST,,NONINCAPACITATING INJURY,0,0,1,13,4,11,41.86352514,-87.64695668
6/8/2023 9:46,30,TRAFFIC SIGNAL,CLEAR,DAYLIGHT,NOT DIVIDED,DRY,INJURY AND / OR TOW DUE TO CRASH,,UNABLE TO DETERMINE,402,N,CENTRAL AVE,,NONINCAPACITATING INJURY,0,0,1,9,5,6,41.88786316,-87.76527016
08/31/2016 08:20:00 AM,30,TRAFFIC SIGNAL,CLEAR,DAYLIGHT,NOT DIVIDED,DRY,INJURY AND / OR TOW DUE TO CRASH,,FAILING TO YIELD RIGHT-OF-WAY,3005,W,ARMITAGE AVE,,"REPORTED, NOT EVIDENT",0,0,0,8,4,8,41.91732528,-87.70266817
11/9/2022 17:20,20,NO CONTROLS,CLEAR,"DARKNESS, LIGHTED ROAD",NOT DIVIDED,DRY,INJURY AND / OR TOW DUE TO CRASH,,UNABLE TO DETERMINE,6510,N,DAMEN AVE,,NONINCAPACITATING INJURY,0,0,1,17,4,11,42.00003903,-87.68035421
5/8/2018 20:37,25,STOP SIGN/FLASHER,CLEAR,"DARKNESS, LIGHTED ROAD",DIVIDED - W/MEDIAN (NOT RAISED),DRY,INJURY AND / OR TOW DUE TO CRASH,Y,DRIVING ON WRONG SIDE/WRONG WAY,499,N,SPRINGFIELD AVE,,INCAPACITATING INJURY,0,1,0,20,3,5,41.88980692,-87.72333663
8/6/2023 16:30,30,TRAFFIC SIGNAL,RAIN,DAYLIGHT,NOT DIVIDED,WET,INJURY AND / OR TOW DUE TO CRASH,Y,UNABLE TO DETERMINE,3511,W,ARMITAGE AVE,,NONINCAPACITATING INJURY,0,0,1,16,1,8,41.91720577,-87.71400795
10/1/2019 17:05,30,TRAFFIC SIGNAL,CLEAR,DAYLIGHT,NOT DIVIDED,DRY,NO INJURY / DRIVE AWAY,Y,FAILING TO REDUCE SPEED TO AVOID CRASH,2759,W,HARRISON ST,,NO INDICATION OF INJURY,0,0,0,17,3,10,41.87368488,-87.6959782
10/5/2020 16:48,30,TRAFFIC SIGNAL,CLEAR,DAYLIGHT,UNKNOWN INTERSECTION TYPE,DRY,INJURY AND / OR TOW DUE TO CRASH,,UNABLE TO DETERMINE,1598,W,LUNT AVE,,NONINCAPACITATING INJURY,0,0,1,16,2,10,42.00916061,-87.66996892
10/13/2017 07:45:00 AM,25,STOP SIGN/FLASHER,CLEAR,DAYLIGHT,NOT DIVIDED,DRY,INJURY AND / OR TOW DUE TO CRASH,,FAILING TO YIELD RIGHT-OF-WAY,6095,N,NASSAU AVE,,NONINCAPACITATING INJURY,0,0,1,7,6,10,41.99186136,-87.79035015
07/24/2021 08:07:00 AM,35,OTHER,CLEAR,DAYLIGHT,DIVIDED - W/MEDIAN (NOT RAISED),DRY,INJURY AND / OR TOW DUE TO CRASH,,FAILING TO YIELD RIGHT-OF-WAY,702,S,COLUMBUS DR,,NONINCAPACITATING INJURY,0,0,1,8,7,7,41.87311879,-87.62073849
08/13/2022 07:47:00 PM,30,NO CONTROLS,CLEAR,"DARKNESS, LIGHTED ROAD",ONE-WAY,DRY,INJURY AND / OR TOW DUE TO CRASH,,UNABLE TO DETERMINE,2309,W,CHARLESTON ST,,NONINCAPACITATING INJURY,0,0,1,19,7,8,41.9197781,-87.68545621
12/20/2020 04:20:00 PM,30,TRAFFIC SIGNAL,CLEAR,DUSK,NOT DIVIDED,DRY,INJURY AND / OR TOW DUE TO CRASH,,FAILING TO YIELD RIGHT-OF-WAY,3930,N,CLARK ST,Y,NONINCAPACITATING INJURY,0,0,1,16,1,12,41.95334909,-87.66160867
9/5/2018 17:18,30,TRAFFIC SIGNAL,RAIN,DAYLIGHT,NOT DIVIDED,WET,INJURY AND / OR TOW DUE TO CRASH,Y,DRIVING ON WRONG SIDE/WRONG WAY,2007,N,KIMBALL AVE,,"REPORTED, NOT EVIDENT",0,0,0,17,4,9,41.91756242,-87.71175511
8/11/2018 13:15,30,TRAFFIC SIGNAL,CLEAR,DAYLIGHT,NOT DIVIDED,DRY,NO INJURY / DRIVE AWAY,,FAILING TO YIELD RIGHT-OF-WAY,1800,S,WENTWORTH AVE,,NO INDICATION OF INJURY,0,0,0,13,7,8,41.85774375,-87.63203906
7/12/2019 19:30,30,TRAFFIC SIGNAL,CLEAR,DAYLIGHT,OTHER,DRY,INJURY AND / OR TOW DUE TO CRASH,Y,FAILING TO YIELD RIGHT-OF-WAY,6309,W,FOSTER AVE,,NONINCAPACITATING INJURY,0,0,1,19,6,7,41.97554634,-87.78586124
9/4/2021 17:02,35,TRAFFIC SIGNAL,CLEAR,DAYLIGHT,DIVIDED - W/MEDIAN BARRIER,DRY,INJURY AND / OR TOW DUE TO CRASH,,UNABLE TO DETERMINE,800,W,99TH ST,Y,NONINCAPACITATING INJURY,0,0,1,17,7,9,41.71432334,-87.64306671
4/11/2018 20:25,30,TRAFFIC SIGNAL,CLEAR,"DARKNESS, LIGHTED ROAD",NOT DIVIDED,DRY,NO INJURY / DRIVE AWAY,,FAILING TO YIELD RIGHT-OF-WAY,3002,W,ARMITAGE AVE,,NO INDICATION OF INJURY,0,0,0,20,4,4,41.91754497,-87.70259344
06/13/2021 07:29:00 PM,30,TRAFFIC SIGNAL,CLEAR,DAYLIGHT,DIVIDED - W/MEDIAN (NOT RAISED),DRY,INJURY AND / OR TOW DUE TO CRASH,,IMPROPER TURNING/NO SIGNAL,2001,S,MICHIGAN AVE,,NONINCAPACITATING INJURY,0,0,1,19,1,6,41.855432,-87.62372822
4/11/2018 18:15,30,TRAFFIC SIGNAL,CLOUDY/OVERCAST,DAYLIGHT,ONE-WAY,DRY,NO INJURY / DRIVE AWAY,,DISREGARDING TRAFFIC SIGNALS,400,N,DEARBORN ST,,NO INDICATION OF INJURY,0,0,0,18,4,4,41.88926953,-87.62973533
01/31/2022 03:38:00 PM,30,NO CONTROLS,CLEAR,DAYLIGHT,DIVIDED - W/MEDIAN (NOT RAISED),WET,NO INJURY / DRIVE AWAY,,UNABLE TO DETERMINE,4015,N,KIMBALL AVE,,NO INDICATION OF INJURY,0,0,0,15,2,1,41.95433526,-87.71277936
8/2/2018 17:20,0,TRAFFIC SIGNAL,CLEAR,DAYLIGHT,NOT DIVIDED,DRY,INJURY AND / OR TOW DUE TO CRASH,,UNABLE TO DETERMINE,4499,N,LINCOLN AVE,Y,NONINCAPACITATING INJURY,0,0,1,17,5,8,41.96314737,-87.68481149
5/12/2023 14:57,30,NO CONTROLS,CLEAR,DAYLIGHT,NOT DIVIDED,WET,INJURY AND / OR TOW DUE TO CRASH,,UNABLE TO DETERMINE,1384,N,MILWAUKEE AVE,Y,NONINCAPACITATING INJURY,0,0,1,14,6,5,41.90688561,-87.67222812
07/30/2020 03:18:00 PM,30,TRAFFIC SIGNAL,CLEAR,DAYLIGHT,DIVIDED - W/MEDIAN (NOT RAISED),DRY,INJURY AND / OR TOW DUE TO CRASH,,DISREGARDING TRAFFIC SIGNALS,5900,S,STATE ST,,"REPORTED, NOT EVIDENT",0,0,0,15,5,7,41.78726875,-87.62565737
12/23/2020 09:07:00 AM,30,STOP SIGN/FLASHER,CLEAR,DAYLIGHT,NOT DIVIDED,DRY,INJURY AND / OR TOW DUE TO CRASH,,NOT APPLICABLE,2655,W,PERSHING RD,,NONINCAPACITATING INJURY,0,0,1,9,4,12,41.82273531,-87.69161093
07/29/2021 09:15:00 AM,30,TRAFFIC SIGNAL,CLEAR,DAYLIGHT,T-INTERSECTION,DRY,INJURY AND / OR TOW DUE TO CRASH,,UNABLE TO DETERMINE,1998,N,ELSTON AVE,,NONINCAPACITATING INJURY,0,0,1,9,5,7,41.91783446,-87.66761611
4/4/2017 13:30,30,NO CONTROLS,CLEAR,DAYLIGHT,NOT DIVIDED,DRY,NO INJURY / DRIVE AWAY,,DRIVING SKILLS/KNOWLEDGE/EXPERIENCE,2300,W,21ST ST,,NO INDICATION OF INJURY,0,0,0,13,3,4,41.85400478,-87.68336292
08/30/2023 03:29:00 PM,30,STOP SIGN/FLASHER,CLEAR,DAYLIGHT,NOT REPORTED,DRY,INJURY AND / OR TOW DUE TO CRASH,,DRIVING SKILLS/KNOWLEDGE/EXPERIENCE,580,W,MONTROSE DR,,"REPORTED, NOT EVIDENT",0,0,0,15,4,8,41.96219442,-87.64553375
9/9/2022 15:55,10,STOP SIGN/FLASHER,CLEAR,DAYLIGHT,NOT DIVIDED,DRY,INJURY AND / OR TOW DUE TO CRASH,,FAILING TO REDUCE SPEED TO AVOID CRASH,5601,N,AUSTIN AVE,,NONINCAPACITATING INJURY,0,0,1,15,6,9,41.98299467,-87.77788969
2/4/2020 16:59,30,NO CONTROLS,CLEAR,DUSK,DIVIDED - W/MEDIAN (NOT RAISED),DRY,INJURY AND / OR TOW DUE TO CRASH,Y,UNABLE TO DETERMINE,3804,W,CHICAGO AVE,,NONINCAPACITATING INJURY,0,0,1,16,3,2,41.89552059,-87.72143764
11/9/2021 17:15,15,NO CONTROLS,CLEAR,"DARKNESS, LIGHTED ROAD",ALLEY,DRY,INJURY AND / OR TOW DUE TO CRASH,Y,IMPROPER OVERTAKING/PASSING,8322,S,COTTAGE GROVE AVE,,INCAPACITATING INJURY,0,1,0,17,3,11,41.74324044,-87.60515876
8/8/2021 19:40,20,UNKNOWN,UNKNOWN,UNKNOWN,UNKNOWN,UNKNOWN,INJURY AND / OR TOW DUE TO CRASH,Y,UNABLE TO DETERMINE,310,S,SEELEY AVE,,NONINCAPACITATING INJURY,0,0,1,19,1,8,41.87710734,-87.67790401
10/6/2019 18:19,30,TRAFFIC SIGNAL,CLEAR,"DARKNESS, LIGHTED ROAD",NOT DIVIDED,DRY,INJURY AND / OR TOW DUE TO CRASH,,FAILING TO YIELD RIGHT-OF-WAY,3099,S,HALSTED ST,N,NONINCAPACITATING INJURY,0,0,1,18,1,10,41.83813878,-87.64613393
12/8/2022 18:00,30,TRAFFIC SIGNAL,CLEAR,DAYLIGHT,FOUR WAY,DRY,NO INJURY / DRIVE AWAY,Y,DISREGARDING TRAFFIC SIGNALS,69,W,WASHINGTON ST,N,NO INDICATION OF INJURY,0,0,0,18,5,12,41.88310048,-87.63014723
06/17/2023 11:27:00 AM,30,NO CONTROLS,CLEAR,DAYLIGHT,DIVIDED - W/MEDIAN (NOT RAISED),DRY,INJURY AND / OR TOW DUE TO CRASH,,UNABLE TO DETERMINE,2305,W,WILSON AVE,Y,INCAPACITATING INJURY,0,1,0,11,7,6,41.964796,-87.68641893
08/14/2022 03:10:00 PM,30,TRAFFIC SIGNAL,CLEAR,DAYLIGHT,DIVIDED - W/MEDIAN BARRIER,DRY,INJURY AND / OR TOW DUE TO CRASH,,"OPERATING VEHICLE IN ERRATIC, RECKLESS, CARELESS, NEGLIGENT OR AGGRESSIVE MANNER",5000,N,BROADWAY,,"REPORTED, NOT EVIDENT",0,0,0,15,1,8,41.97270252,-87.65991573
8/4/2018 15:05,30,TRAFFIC SIGNAL,CLEAR,DAYLIGHT,NOT DIVIDED,DRY,INJURY AND / OR TOW DUE TO CRASH,,DRIVING ON WRONG SIDE/WRONG WAY,3200,N,HALSTED ST,,INCAPACITATING INJURY,0,1,0,15,7,8,41.94003278,-87.64941521
10/15/2022 07:20:00 PM,30,TRAFFIC SIGNAL,CLEAR,"DARKNESS, LIGHTED ROAD",DIVIDED - W/MEDIAN (NOT RAISED),DRY,NO INJURY / DRIVE AWAY,,UNABLE TO DETERMINE,5200,N,DAMEN AVE,,NO INDICATION OF INJURY,0,0,0,19,7,10,41.97607494,-87.67955246
07/18/2021 02:30:00 PM,25,TRAFFIC SIGNAL,CLEAR,DAYLIGHT,NOT DIVIDED,DRY,INJURY AND / OR TOW DUE TO CRASH,Y,FAILING TO YIELD RIGHT-OF-WAY,10557,S,EWING AVE,N,NONINCAPACITATING INJURY,0,0,1,14,1,7,41.70288237,-87.53513748
07/28/2019 08:00:00 PM,30,NO CONTROLS,CLEAR,DUSK,NOT DIVIDED,DRY,INJURY AND / OR TOW DUE TO CRASH,,IMPROPER TURNING/NO SIGNAL,502,N,MILWAUKEE AVE,,"REPORTED, NOT EVIDENT",0,0,0,20,1,7,41.8912019,-87.64785263
11/1/2018 8:30,30,UNKNOWN,UNKNOWN,UNKNOWN,NOT DIVIDED,UNKNOWN,NO INJURY / DRIVE AWAY,,UNABLE TO DETERMINE,644,N,HALSTED ST,,NO INDICATION OF INJURY,0,0,0,8,5,11,41.89357111,-87.64782354
09/14/2023 05:00:00 PM,30,NO CONTROLS,CLEAR,DAYLIGHT,NOT DIVIDED,DRY,INJURY AND / OR TOW DUE TO CRASH,Y,FAILING TO YIELD RIGHT-OF-WAY,673,W,HARRISON ST,,INCAPACITATING INJURY,0,1,0,17,5,9,41.87424392,-87.64381145
06/22/2018 04:55:00 PM,30,NO CONTROLS,CLOUDY/OVERCAST,DAYLIGHT,NOT DIVIDED,WET,INJURY AND / OR TOW DUE TO CRASH,,FAILING TO YIELD RIGHT-OF-WAY,1246,N,CALIFORNIA AVE,Y,NONINCAPACITATING INJURY,0,0,1,16,6,6,41.90430864,-87.69706082
9/10/2018 10:55,30,TRAFFIC SIGNAL,CLEAR,DAYLIGHT,DIVIDED - W/MEDIAN BARRIER,DRY,INJURY AND / OR TOW DUE TO CRASH,,UNABLE TO DETERMINE,820,S,DAMEN AVE,,NONINCAPACITATING INJURY,0,0,1,10,2,9,41.8708895,-87.67651265
4/10/2018 10:54,30,NO CONTROLS,CLEAR,DAYLIGHT,NOT DIVIDED,DRY,NO INJURY / DRIVE AWAY,,UNABLE TO DETERMINE,3798,N,PULASKI RD,,NO INDICATION OF INJURY,0,0,0,10,3,4,41.94998323,-87.72765371
12/13/2019 05:19:00 PM,20,STOP SIGN/FLASHER,CLEAR,DAWN,FOUR WAY,DRY,INJURY AND / OR TOW DUE TO CRASH,,UNABLE TO DETERMINE,5599,S,HYDE PARK BLVD,,NONINCAPACITATING INJURY,0,0,1,17,6,12,41.79351078,-87.5837625
6/2/2021 18:15,30,TRAFFIC SIGNAL,CLEAR,DAYLIGHT,FOUR WAY,DRY,INJURY AND / OR TOW DUE TO CRASH,,BICYCLE ADVANCING LEGALLY ON RED LIGHT,426,N,LA SALLE DR,,NONINCAPACITATING INJURY,0,0,1,18,4,6,41.88996171,-87.63269351
9/12/2018 17:45,30,NO CONTROLS,CLEAR,DAYLIGHT,NOT DIVIDED,DRY,INJURY AND / OR TOW DUE TO CRASH,,IMPROPER OVERTAKING/PASSING,1400,N,HUMBOLDT DR,,NONINCAPACITATING INJURY,0,0,1,17,4,9,41.90661858,-87.70150146
8/3/2019 12:45,30,NO CONTROLS,CLEAR,DAYLIGHT,ONE-WAY,DRY,NO INJURY / DRIVE AWAY,Y,FAILING TO YIELD RIGHT-OF-WAY,4451,N,MILWAUKEE AVE,,NO INDICATION OF INJURY,0,0,0,12,7,8,41.96197812,-87.75546999
10/31/2021 11:00:00 AM,35,TRAFFIC SIGNAL,CLEAR,DAYLIGHT,NOT DIVIDED,DRY,NO INJURY / DRIVE AWAY,,UNABLE TO DETERMINE,8500,S,PULASKI RD,,NO INDICATION OF INJURY,0,0,0,11,1,10,41.7384684,-87.72170401
10/15/2022 01:30:00 PM,10,STOP SIGN/FLASHER,CLEAR,DAYLIGHT,T-INTERSECTION,DRY,INJURY AND / OR TOW DUE TO CRASH,Y,FAILING TO YIELD RIGHT-OF-WAY,6733,N,DAMEN AVE,,NONINCAPACITATING INJURY,0,0,1,13,7,10,42.00431737,-87.68019614
11/15/2017 08:30:00 AM,30,NO CONTROLS,RAIN,DAYLIGHT,NOT DIVIDED,WET,INJURY AND / OR TOW DUE TO CRASH,,WEATHER,1930,N,CLYBOURN AVE,Y,NONINCAPACITATING INJURY,0,0,1,8,4,11,41.91605037,-87.65688984
5/2/2021 15:37,30,TRAFFIC SIGNAL,CLEAR,DAYLIGHT,DIVIDED - W/MEDIAN (NOT RAISED),DRY,INJURY AND / OR TOW DUE TO CRASH,,DISREGARDING OTHER TRAFFIC SIGNS,1699,N,DAMEN AVE,,NONINCAPACITATING INJURY,0,0,1,15,1,5,41.91227216,-87.67735861
07/29/2018 08:00:00 PM,35,NO CONTROLS,CLEAR,DAYLIGHT,NOT DIVIDED,DRY,INJURY AND / OR TOW DUE TO CRASH,Y,UNABLE TO DETERMINE,8300,S,DORCHESTER AVE,Y,NONINCAPACITATING INJURY,0,0,1,20,1,7,41.74404884,-87.59059504
07/24/2023 01:45:00 PM,35,YIELD,CLEAR,DAYLIGHT,FOUR WAY,DRY,NO INJURY / DRIVE AWAY,,DRIVING SKILLS/KNOWLEDGE/EXPERIENCE,1579,E,67TH ST,,NO INDICATION OF INJURY,0,0,0,13,2,7,41.77323455,-87.58610356
04/24/2019 05:18:00 PM,30,NO CONTROLS,CLEAR,DAYLIGHT,NOT DIVIDED,DRY,INJURY AND / OR TOW DUE TO CRASH,,FAILING TO YIELD RIGHT-OF-WAY,310,W,DIVISION ST,,NONINCAPACITATING INJURY,0,0,1,17,4,4,41.90393142,-87.63660776
9/5/2018 10:00,30,NO CONTROLS,UNKNOWN,DAYLIGHT,DIVIDED - W/MEDIAN (NOT RAISED),UNKNOWN,INJURY AND / OR TOW DUE TO CRASH,,FAILING TO YIELD RIGHT-OF-WAY,947,W,WELLINGTON AVE,Y,NONINCAPACITATING INJURY,0,0,1,10,4,9,41.93617191,-87.65340849
7/3/2020 10:42,30,NO CONTROLS,CLEAR,DAYLIGHT,DIVIDED - W/MEDIAN (NOT RAISED),DRY,INJURY AND / OR TOW DUE TO CRASH,,FAILING TO YIELD RIGHT-OF-WAY,1732,N,MILWAUKEE AVE,Y,NONINCAPACITATING INJURY,0,0,1,10,6,7,41.91273042,-87.68132703
4/11/2021 18:40,30,STOP SIGN/FLASHER,CLEAR,DAYLIGHT,FOUR WAY,DRY,NO INJURY / DRIVE AWAY,,FAILING TO YIELD RIGHT-OF-WAY,6211,N,LINCOLN AVE,,NO INDICATION OF INJURY,0,0,0,18,1,4,41.99481704,-87.71434277
04/26/2018 04:25:00 PM,30,NO CONTROLS,CLEAR,DAYLIGHT,NOT DIVIDED,DRY,NO INJURY / DRIVE AWAY,,HAD BEEN DRINKING (USE WHEN ARREST IS NOT MADE),510,W,DIVISION ST,N,NO INDICATION OF INJURY,0,0,0,16,5,4,41.90385198,-87.64158559
8/5/2020 14:00,30,NO CONTROLS,CLEAR,DAYLIGHT,NOT DIVIDED,DRY,NO INJURY / DRIVE AWAY,,UNABLE TO DETERMINE,4800,W,PARKER AVE,,NO INDICATION OF INJURY,0,0,0,14,4,8,41.930737,-87.74668279
11/4/2017 10:01,30,NO CONTROLS,RAIN,DAYLIGHT,DIVIDED - W/MEDIAN (NOT RAISED),WET,INJURY AND / OR TOW DUE TO CRASH,,WEATHER,4631,S,COTTAGE GROVE AVE,,NONINCAPACITATING INJURY,0,0,1,10,7,11,41.81041718,-87.60643737