CRASH_DATE,POSTED_SPEED_LIMIT,TRAFFIC_CONTROL_DEVICE,WEATHER_CONDITION,LIGHTING_CONDITION,TRAFFICWAY_TYPE,ROADWAY_SURFACE_COND,CRASH_TYPE,HIT_AND_RUN_I,PRIM_CONTRIBUTORY_CAUSE,STREET_NO,STREET_DIRECTION,STREET_NAME,DOORING_I,MOST_SEVERE_INJURY,INJURIES_FATAL,INJURIES_INCAPACITATING,INJURIES_NON_INCAPACITATING,CRASH_HOUR,CRASH_DAY_OF_WEEK,CRASH_MONTH,LATITUDE,LONGITUDE
10/1/2020 8:05,30,TRAFFIC SIGNAL,CLEAR,DAYLIGHT,FOUR WAY,DRY,INJURY AND / OR TOW DUE TO CRASH,,FAILING TO YIELD RIGHT-OF-WAY,300,W,BELMONT AVE,,INCAPACITATING INJURY,0,1,0,8,5,10,41.94068746,-87.63809213
07/22/2018 09:40:00 AM,20,TRAFFIC SIGNAL,RAIN,DAYLIGHT,PARKING LOT,WET,INJURY AND / OR TOW DUE TO CRASH,Y,FAILING TO YIELD RIGHT-OF-WAY,30,E,LA SALLE DR,,NONINCAPACITATING INJURY,0,0,1,9,1,7,41.91238687,-87.62792255
05/18/2022 08:38:00 PM,30,NO CONTROLS,CLEAR,DARKNESS,NOT DIVIDED,DRY,INJURY AND / OR TOW DUE TO CRASH,,UNABLE TO DETERMINE,500,W,DIVISION ST,,NONINCAPACITATING INJURY,0,0,1,20,4,5,41.90385735,-87.64122562
11/11/2017 18:45,30,NO CONTROLS,CLEAR,"DARKNESS, LIGHTED ROAD",NOT DIVIDED,DRY,INJURY AND / OR TOW DUE TO CRASH,,UNABLE TO DETERMINE,2010,N,DAMEN AVE,,NONINCAPACITATING INJURY,0,0,1,18,7,11,41.91810534,-87.67778054
7/10/2019 21:45,30,TRAFFIC SIGNAL,CLEAR,"DARKNESS, LIGHTED ROAD",FOUR WAY,DRY,INJURY AND / OR TOW DUE TO CRASH,,UNABLE TO DETERMINE,2400,N,LAMON AVE,N,NONINCAPACITATING INJURY,0,0,1,21,4,7,41.92424268,-87.74891096
6/5/2019 18:45,30,UNKNOWN,CLEAR,UNKNOWN,UNKNOWN,UNKNOWN,INJURY AND / OR TOW DUE TO CRASH,Y,NOT APPLICABLE,3535,N,ROCKWELL ST,,NONINCAPACITATING INJURY,0,0,1,18,4,6,41.94588149,-87.69396897
10/30/2021 06:40:00 PM,30,NO CONTROLS,CLEAR,DARKNESS,NOT DIVIDED,DRY,INJURY AND / OR TOW DUE TO CRASH,,NOT APPLICABLE,6000,S,KILDARE AVE,,NONINCAPACITATING INJURY,0,0,1,18,7,10,41.78394661,-87.73038919
9/3/2020 9:02,30,NO CONTROLS,CLEAR,DAYLIGHT,NOT DIVIDED,DRY,NO INJURY / DRIVE AWAY,,UNABLE TO DETERMINE,940,N,CENTRAL AVE,,NO INDICATION OF INJURY,0,0,0,9,5,9,41.89791459,-87.76565175
07/13/2019 03:02:00 PM,30,NO CONTROLS,CLEAR,DAYLIGHT,NOT DIVIDED,DRY,INJURY AND / OR TOW DUE TO CRASH,,UNABLE TO DETERMINE,3205,N,LONG AVE,,NONINCAPACITATING INJURY,0,0,1,15,7,7,41.93881268,-87.76145568
07/28/2020 06:08:00 PM,25,PEDESTRIAN CROSSING SIGN,CLEAR,DAYLIGHT,NOT DIVIDED,DRY,INJURY AND / OR TOW DUE TO CRASH,Y,"OPERATING VEHICLE IN ERRATIC, RECKLESS, CARELESS, NEGLIGENT OR AGGRESSIVE MANNER",2099,N,CLYBOURN AVE,,INCAPACITATING INJURY,0,2,0,18,3,7,41.91942811,-87.6611536
10/21/2017 01:20:00 PM,30,NO CONTROLS,CLEAR,DAYLIGHT,NOT DIVIDED,DRY,NO INJURY / DRIVE AWAY,,UNABLE TO DETERMINE,5351,N,CALIFORNIA AVE,,NO INDICATION OF INJURY,0,0,0,13,7,10,41.97919293,-87.6988826
03/19/2019 09:23:00 PM,30,NO CONTROLS,CLEAR,"DARKNESS, LIGHTED ROAD",DIVIDED - W/MEDIAN (NOT RAISED),DRY,NO INJURY / DRIVE AWAY,,UNABLE TO DETERMINE,1799,W,TAYLOR ST,,NO INDICATION OF INJURY,0,0,0,21,3,3,41.8690829,-87.67135648
07/19/2022 01:13:00 PM,30,NO CONTROLS,UNKNOWN,UNKNOWN,NOT DIVIDED,OTHER,INJURY AND / OR TOW DUE TO CRASH,Y,FAILING TO YIELD RIGHT-OF-WAY,2400,N,ASHLAND AVE,,NONINCAPACITATING INJURY,0,0,1,13,3,7,41.92519389,-87.66829436
6/4/2023 9:30,20,NO CONTROLS,CLEAR,DAYLIGHT,ONE-WAY,DRY,NO INJURY / DRIVE AWAY,Y,UNABLE TO DETERMINE,3947,W,GRANVILLE AVE,,NO INDICATION OF INJURY,0,0,0,9,1,6,41.99358511,-87.72834345
03/23/2022 03:40:00 PM,30,NO CONTROLS,RAIN,DAYLIGHT,OTHER,WET,NO INJURY / DRIVE AWAY,Y,DRIVING SKILLS/KNOWLEDGE/EXPERIENCE,6530,S,SPRINGFIELD AVE,,NO INDICATION OF INJURY,0,0,0,15,4,3,41.77418459,-87.72033883
7/9/2023 17:24,30,NO CONTROLS,CLEAR,DAYLIGHT,ONE-WAY,DRY,INJURY AND / OR TOW DUE TO CRASH,,IMPROPER LANE USAGE,44,E,OHIO ST,,NONINCAPACITATING INJURY,0,0,1,17,1,7,41.89261424,-87.62642136
3/11/2023 15:00,30,NO CONTROLS,UNKNOWN,UNKNOWN,FOUR WAY,UNKNOWN,INJURY AND / OR TOW DUE TO CRASH,Y,FOLLOWING TOO CLOSELY,523,N,MILWAUKEE AVE,,NONINCAPACITATING INJURY,0,0,1,15,7,3,41.89178981,-87.64829366
09/22/2016 09:45:00 AM,30,NO CONTROLS,CLEAR,DAYLIGHT,ONE-WAY,DRY,INJURY AND / OR TOW DUE TO CRASH,Y,UNABLE TO DETERMINE,700,W,MELROSE ST,,"REPORTED, NOT EVIDENT",0,0,0,9,5,9,41.94120373,-87.64712439
06/14/2023 08:44:00 AM,30,TRAFFIC SIGNAL,CLEAR,DAYLIGHT,ONE-WAY,DRY,INJURY AND / OR TOW DUE TO CRASH,,FAILING TO YIELD RIGHT-OF-WAY,100,N,WELLS ST,Y,NONINCAPACITATING INJURY,0,0,1,8,4,6,41.88324209,-87.63400682
10/25/2017 10:03:00 AM,30,NO CONTROLS,CLEAR,DAYLIGHT,NOT DIVIDED,DRY,INJURY AND / OR TOW DUE TO CRASH,,FAILING TO YIELD RIGHT-OF-WAY,2040,N,HALSTED ST,Y,NONINCAPACITATING INJURY,0,0,1,10,4,10,41.91939359,-87.64870054
09/16/2023 01:35:00 PM,30,NO CONTROLS,RAIN,DAYLIGHT,DIVIDED - W/MEDIAN (NOT RAISED),WET,INJURY AND / OR TOW DUE TO CRASH,,UNABLE TO DETERMINE,3930,N,AUSTIN AVE,,"REPORTED, NOT EVIDENT",0,0,0,13,7,9,41.95206174,-87.77688725
1/5/2019 15:55,30,STOP SIGN/FLASHER,CLEAR,DAYLIGHT,NOT DIVIDED,DRY,INJURY AND / OR TOW DUE TO CRASH,,IMPROPER TURNING/NO SIGNAL,3632,W,LAWRENCE AVE,,NONINCAPACITATING INJURY,0,0,1,15,7,1,41.9684434,-87.71961714
4/9/2018 21:30,30,NO CONTROLS,CLEAR,"DARKNESS, LIGHTED ROAD",DIVIDED - W/MEDIAN (NOT RAISED),DRY,INJURY AND / OR TOW DUE TO CRASH,Y,DRIVING SKILLS/KNOWLEDGE/EXPERIENCE,2030,W,BELMONT AVE,Y,NONINCAPACITATING INJURY,0,0,1,21,2,4,41.9396671,-87.67960782
10/4/2018 19:00,20,NO CONTROLS,CLEAR,"DARKNESS, LIGHTED ROAD",NOT DIVIDED,DRY,NO INJURY / DRIVE AWAY,,IMPROPER TURNING/NO SIGNAL,2800,S,ELEANOR ST,,NO INDICATION OF INJURY,0,0,0,19,5,10,41.84390808,-87.66174069
05/31/2018 07:20:00 AM,35,NO CONTROLS,CLEAR,DAYLIGHT,NOT DIVIDED,DRY,INJURY AND / OR TOW DUE TO CRASH,,IMPROPER TURNING/NO SIGNAL,4401,N,PULASKI RD,,NONINCAPACITATING INJURY,0,0,1,7,5,5,41.96102838,-87.72768339
9/5/2021 20:30,25,TRAFFIC SIGNAL,CLEAR,"DARKNESS, LIGHTED ROAD",NOT DIVIDED,DRY,INJURY AND / OR TOW DUE TO CRASH,Y,UNABLE TO DETERMINE,3000,N,CLARK ST,,NONINCAPACITATING INJURY,0,0,1,20,1,9,41.93644033,-87.64800621
01/18/2023 06:26:00 PM,30,UNKNOWN,CLEAR,DARKNESS,DIVIDED - W/MEDIAN (NOT RAISED),UNKNOWN,INJURY AND / OR TOW DUE TO CRASH,Y,IMPROPER TURNING/NO SIGNAL,7355,N,CLARK ST,,NONINCAPACITATING INJURY,0,0,1,18,4,1,42.01539691,-87.67495035
07/21/2022 11:45:00 AM,30,TRAFFIC SIGNAL,CLEAR,DAYLIGHT,NOT DIVIDED,DRY,INJURY AND / OR TOW DUE TO CRASH,,UNABLE TO DETERMINE,781,N,MILWAUKEE AVE,,NONINCAPACITATING INJURY,0,0,1,11,5,7,41.89596184,-87.65476069
08/26/2023 10:04:00 PM,30,UNKNOWN,UNKNOWN,UNKNOWN,UNKNOWN,UNKNOWN,INJURY AND / OR TOW DUE TO CRASH,Y,UNABLE TO DETERMINE,6900,S,ASHLAND AVE,,"REPORTED, NOT EVIDENT",0,0,0,22,7,8,41.76845491,-87.66403843
07/28/2017 11:41:00 AM,30,STOP SIGN/FLASHER,CLEAR,DAYLIGHT,ONE-WAY,DRY,INJURY AND / OR TOW DUE TO CRASH,,FAILING TO YIELD RIGHT-OF-WAY,1900,W,OGDEN AVE,,NONINCAPACITATING INJURY,0,0,1,11,6,7,41.87478326,-87.67420035
06/29/2019 01:27:00 PM,30,TRAFFIC SIGNAL,CLEAR,DAYLIGHT,NOT DIVIDED,DRY,INJURY AND / OR TOW DUE TO CRASH,,IMPROPER TURNING/NO SIGNAL,4470,N,BROADWAY,,NONINCAPACITATING INJURY,0,0,1,13,7,6,41.96343672,-87.65638046
12/12/2018 21:05,30,NO CONTROLS,CLEAR,"DARKNESS, LIGHTED ROAD",NOT DIVIDED,DRY,INJURY AND / OR TOW DUE TO CRASH,,IMPROPER TURNING/NO SIGNAL,50,N,GREEN ST,,NONINCAPACITATING INJURY,0,0,1,21,4,12,41.88305389,-87.6487111
7/10/2020 11:00,30,NO CONTROLS,CLEAR,DAYLIGHT,DIVIDED - W/MEDIAN (NOT RAISED),DRY,INJURY AND / OR TOW DUE TO CRASH,Y,IMPROPER OVERTAKING/PASSING,8641,S,VINCENNES AVE,N,NONINCAPACITATING INJURY,0,0,1,11,6,7,41.73766269,-87.64276941
03/22/2018 01:30:00 AM,30,NO CONTROLS,CLEAR,"DARKNESS, LIGHTED ROAD",ONE-WAY,DRY,INJURY AND / OR TOW DUE TO CRASH,Y,FAILING TO YIELD RIGHT-OF-WAY,7047,S,STATE ST,,NONINCAPACITATING INJURY,0,0,1,1,5,3,41.76602561,-87.62477633
12/2/2022 8:35,30,TRAFFIC SIGNAL,CLEAR,DAYLIGHT,ONE-WAY,DRY,INJURY AND / OR TOW DUE TO CRASH,Y,UNABLE TO DETERMINE,2700,W,CERMAK RD,,INCAPACITATING INJURY,0,1,0,8,6,12,41.85204392,-87.6930594
08/16/2019 05:50:00 PM,35,NO CONTROLS,CLEAR,DAYLIGHT,NOT DIVIDED,DRY,INJURY AND / OR TOW DUE TO CRASH,,FAILING TO YIELD RIGHT-OF-WAY,6135,N,BROADWAY,Y,NONINCAPACITATING INJURY,0,0,1,17,6,8,41.99331461,-87.66022201
06/29/2019 05:00:00 PM,30,NO CONTROLS,CLEAR,DAYLIGHT,NOT DIVIDED,DRY,NO INJURY / DRIVE AWAY,,NOT APPLICABLE,4800,S,CICERO AVE,,NO INDICATION OF INJURY,0,0,0,17,7,6,41.80570701,-87.74325203
08/16/2021 05:15:00 PM,30,TRAFFIC SIGNAL,CLEAR,DAYLIGHT,T-INTERSECTION,DRY,NO INJURY / DRIVE AWAY,,DISREGARDING TRAFFIC SIGNALS,2400,W,BRYN MAWR AVE,,NO INDICATION OF INJURY,0,0,0,17,2,8,41.98327727,-87.68950947
01/18/2019 08:35:00 AM,30,NO CONTROLS,SNOW,DAYLIGHT,NOT DIVIDED,WET,INJURY AND / OR TOW DUE TO CRASH,,FAILING TO YIELD RIGHT-OF-WAY,352,N,CLARK ST,Y,NONINCAPACITATING INJURY,0,0,1,8,6,1,41.8889586,-87.63120054
08/28/2020 03:55:00 PM,30,STOP SIGN/FLASHER,CLEAR,DAYLIGHT,ONE-WAY,DRY,INJURY AND / OR TOW DUE TO CRASH,,UNABLE TO DETERMINE,2101,E,71ST ST,,"REPORTED, NOT EVIDENT",0,0,0,15,6,8,41.76599,-87.57378734
09/18/2021 12:05:00 PM,30,NO CONTROLS,CLEAR,DAYLIGHT,NOT DIVIDED,DRY,NO INJURY / DRIVE AWAY,Y,FAILING TO YIELD RIGHT-OF-WAY,700,N,FRANKLIN ST,,NO INDICATION OF INJURY,0,0,0,12,7,9,41.8948079,-87.63580991
10/20/2021 08:25:00 AM,20,NO CONTROLS,CLEAR,DAYLIGHT,NOT DIVIDED,DRY,INJURY AND / OR TOW DUE TO CRASH,,FAILING TO YIELD RIGHT-OF-WAY,1251,W,LAWRENCE AVE,,NONINCAPACITATING INJURY,0,0,1,8,4,10,41.96888405,-87.66180858
08/21/2023 08:37:00 AM,30,NO CONTROLS,CLEAR,DAYLIGHT,NOT DIVIDED,DRY,INJURY AND / OR TOW DUE TO CRASH,,FAILING TO REDUCE SPEED TO AVOID CRASH,1662,N,MILWAUKEE AVE,,NONINCAPACITATING INJURY,0,0,1,8,2,8,41.91151747,-87.67944924
06/14/2023 07:12:00 PM,30,TRAFFIC SIGNAL,CLEAR,DAYLIGHT,FOUR WAY,DRY,INJURY AND / OR TOW DUE TO CRASH,Y,UNABLE TO DETERMINE,2799,W,ROOSEVELT RD,,NONINCAPACITATING INJURY,0,0,1,19,4,6,41.86640167,-87.69584471
04/18/2023 05:00:00 PM,30,NO CONTROLS,CLEAR,DAYLIGHT,NOT DIVIDED,DRY,NO INJURY / DRIVE AWAY,Y,UNABLE TO DETERMINE,932,E,52ND ST,,NO INDICATION OF INJURY,0,0,0,17,3,4,41.80096514,-87.60269593
10/29/2020 08:14:00 PM,30,STOP SIGN/FLASHER,CLEAR,"DARKNESS, LIGHTED ROAD",FOUR WAY,DRY,INJURY AND / OR TOW DUE TO CRASH,Y,UNABLE TO DETERMINE,3300,N,SOUTHPORT AVE,,NONINCAPACITATING INJURY,0,0,1,20,5,10,41.94163118,-87.6640145
9/3/2018 14:55,30,NO CONTROLS,RAIN,DAYLIGHT,DIVIDED - W/MEDIAN (NOT RAISED),WET,INJURY AND / OR TOW DUE TO CRASH,,UNABLE TO DETERMINE,1732,N,MILWAUKEE AVE,Y,NONINCAPACITATING INJURY,0,0,1,14,2,9,41.91273042,-87.68132703
10/6/2023 7:20,30,STOP SIGN/FLASHER,CLEAR,DAYLIGHT,FOUR WAY,DRY,INJURY AND / OR TOW DUE TO CRASH,Y,FAILING TO YIELD RIGHT-OF-WAY,500,S,LOOMIS ST,,"REPORTED, NOT EVIDENT",0,0,0,7,6,10,41.87520534,-87.66196593
9/9/2023 21:10,25,NO CONTROLS,CLEAR,DARKNESS,NOT DIVIDED,DRY,NO INJURY / DRIVE AWAY,Y,UNABLE TO DETERMINE,799,W,ROOSEVELT RD,,NO INDICATION OF INJURY,0,0,0,21,7,9,41.86704558,-87.6468275
04/15/2023 03:44:00 PM,30,NO CONTROLS,CLEAR,DAYLIGHT,NOT DIVIDED,DRY,INJURY AND / OR TOW DUE TO CRASH,,DRIVING SKILLS/KNOWLEDGE/EXPERIENCE,2025,N,HALSTED ST,Y,NONINCAPACITATING INJURY,0,0,1,15,7,4,41.91894885,-87.64839113
2/5/2020 7:20,30,TRAFFIC SIGNAL,CLEAR,DAYLIGHT,DIVIDED - W/MEDIAN (NOT RAISED),DRY,NO INJURY / DRIVE AWAY,Y,UNABLE TO DETERMINE,600,N,FRANKLIN ST,,NO INDICATION OF INJURY,0,0,0,7,4,2,41.89240654,-87.63574363
08/27/2018 02:10:00 PM,30,TRAFFIC SIGNAL,CLEAR,DAYLIGHT,NOT DIVIDED,DRY,INJURY AND / OR TOW DUE TO CRASH,,FAILING TO YIELD RIGHT-OF-WAY,2803,N,KIMBALL AVE,,NONINCAPACITATING INJURY,0,0,1,14,2,8,41.93210458,-87.71212324
07/19/2019 10:29:00 AM,30,NO CONTROLS,CLEAR,DAYLIGHT,NOT DIVIDED,DRY,INJURY AND / OR TOW DUE TO CRASH,,IMPROPER TURNING/NO SIGNAL,3224,N,NAGLE AVE,,INCAPACITATING INJURY,0,1,0,10,6,7,41.93907099,-87.78744932
7/4/2018 21:22,30,NO CONTROLS,CLEAR,"DARKNESS, LIGHTED ROAD",NOT DIVIDED,DRY,INJURY AND / OR TOW DUE TO CRASH,,IMPROPER TURNING/NO SIGNAL,2024,N,HALSTED ST,,"REPORTED, NOT EVIDENT",0,0,0,21,4,7,41.9189432,-87.64868497
11/30/2016 08:46:00 PM,25,NO CONTROLS,CLEAR,DARKNESS,ONE-WAY,DRY,NO INJURY / DRIVE AWAY,,UNABLE TO DETERMINE,4902,N,LAMON AVE,Y,NO INDICATION OF INJURY,0,0,0,20,4,11,41.96992915,-87.75043127
10/23/2021 08:00:00 AM,30,NO CONTROLS,CLEAR,DAYLIGHT,NOT DIVIDED,DRY,NO INJURY / DRIVE AWAY,,FAILING TO YIELD RIGHT-OF-WAY,560,W,KINZIE ST,,NO INDICATION OF INJURY,0,0,0,8,7,10,41.88916393,-87.64213453
05/15/2022 03:16:00 PM,25,STOP SIGN/FLASHER,CLEAR,DAYLIGHT,ONE-WAY,DRY,INJURY AND / OR TOW DUE TO CRASH,,DRIVING ON WRONG SIDE/WRONG WAY,4000,W,KAMERLING AVE,,NONINCAPACITATING INJURY,0,0,1,15,1,5,41.9054843,-87.72651125
04/27/2022 07:32:00 PM,30,TRAFFIC SIGNAL,CLEAR,DAYLIGHT,NOT DIVIDED,DRY,INJURY AND / OR TOW DUE TO CRASH,Y,FAILING TO YIELD RIGHT-OF-WAY,400,W,FULLERTON PKWY,,NONINCAPACITATING INJURY,0,0,1,19,4,4,41.92571993,-87.63918933
1/12/2018 8:05,15,NO CONTROLS,CLEAR,DAYLIGHT,ALLEY,DRY,NO INJURY / DRIVE AWAY,,NOT APPLICABLE,5900,W,LAWRENCE AVE,,NO INDICATION OF INJURY,0,0,0,8,6,1,41.96779433,-87.77494369
4/12/2022 18:48,30,TRAFFIC SIGNAL,CLEAR,DUSK,FOUR WAY,DRY,NO INJURY / DRIVE AWAY,Y,FAILING TO YIELD RIGHT-OF-WAY,860,N,MILWAUKEE AVE,,NO INDICATION OF INJURY,0,0,0,18,3,4,41.89751009,-87.65760212
6/9/2018 10:40,30,TRAFFIC SIGNAL,RAIN,DAYLIGHT,OTHER,WET,INJURY AND / OR TOW DUE TO CRASH,,FAILING TO YIELD RIGHT-OF-WAY,4259,S,HALSTED ST,,NONINCAPACITATING INJURY,0,0,1,10,7,6,41.81625519,-87.64558214
05/24/2021 07:10:00 AM,30,TRAFFIC SIGNAL,CLEAR,DAYLIGHT,NOT DIVIDED,DRY,INJURY AND / OR TOW DUE TO CRASH,,UNABLE TO DETERMINE,600,S,HALSTED ST,,"REPORTED, NOT EVIDENT",0,0,0,7,2,5,41.87429453,-87.64727225
5/1/2023 11:35,30,NO CONTROLS,RAIN,DAYLIGHT,NOT DIVIDED,WET,NO INJURY / DRIVE AWAY,,UNABLE TO DETERMINE,10,E,GRAND AVE,,NO INDICATION OF INJURY,0,0,0,11,2,5,41.89179146,-87.62765774
07/19/2023 05:05:00 PM,30,STOP SIGN/FLASHER,CLEAR,DAYLIGHT,ONE-WAY,DRY,INJURY AND / OR TOW DUE TO CRASH,,UNABLE TO DETERMINE,8500,S,ESCANABA AVE,,"REPORTED, NOT EVIDENT",0,0,0,17,4,7,41.74089632,-87.55406859
8/11/2019 18:20,35,TRAFFIC SIGNAL,CLEAR,DAYLIGHT,DIVIDED - W/MEDIAN (NOT RAISED),DRY,INJURY AND / OR TOW DUE TO CRASH,,DRIVING SKILLS/KNOWLEDGE/EXPERIENCE,4255,N,PULASKI RD,Y,NONINCAPACITATING INJURY,0,0,1,18,1,8,41.95877889,-87.72761822
09/24/2021 05:00:00 PM,30,NO CONTROLS,CLEAR,DAYLIGHT,NOT DIVIDED,DRY,INJURY AND / OR TOW DUE TO CRASH,,UNABLE TO DETERMINE,701,N,MILWAUKEE AVE,,NONINCAPACITATING INJURY,0,0,1,17,6,9,41.89449905,-87.65248878
02/26/2018 08:17:00 AM,30,NO CONTROLS,CLEAR,DAYLIGHT,DIVIDED - W/MEDIAN (NOT RAISED),DRY,INJURY AND / OR TOW DUE TO CRASH,,FAILING TO YIELD RIGHT-OF-WAY,2500,W,ARMITAGE AVE,,INCAPACITATING INJURY,0,1,0,8,2,2,41.91766337,-87.68988708
9/1/2017 12:55,30,NO CONTROLS,CLEAR,DAYLIGHT,NOT DIVIDED,DRY,INJURY AND / OR TOW DUE TO CRASH,,FAILING TO YIELD RIGHT-OF-WAY,3108,N,BROADWAY,Y,NONINCAPACITATING INJURY,0,0,1,12,6,9,41.93793979,-87.64447682
10/6/2017 18:25,30,NO CONTROLS,CLEAR,DAYLIGHT,NOT DIVIDED,DRY,INJURY AND / OR TOW DUE TO CRASH,,UNABLE TO DETERMINE,1839,N,HALSTED ST,Y,NONINCAPACITATING INJURY,0,0,1,18,6,10,41.91492347,-87.64823513
10/4/2019 18:15,35,NO CONTROLS,CLEAR,DUSK,NOT DIVIDED,DRY,NO INJURY / DRIVE AWAY,,UNABLE TO DETERMINE,2410,W,WABANSIA AVE,,NO INDICATION OF INJURY,0,0,0,18,6,10,41.91223821,-87.68778608
06/24/2021 12:45:00 AM,30,TRAFFIC SIGNAL,CLEAR,"DARKNESS, LIGHTED ROAD",CENTER TURN LANE,DRY,INJURY AND / OR TOW DUE TO CRASH,Y,DISREGARDING TRAFFIC SIGNALS,700,S,COLUMBUS DR,,NONINCAPACITATING INJURY,0,0,1,0,5,6,41.87314833,-87.62073886
8/9/2022 14:37,20,STOP SIGN/FLASHER,CLEAR,DAYLIGHT,NOT DIVIDED,DRY,INJURY AND / OR TOW DUE TO CRASH,,FAILING TO YIELD RIGHT-OF-WAY,6301,N,RIDGEWAY AVE,,NONINCAPACITATING INJURY,0,0,1,14,3,8,41.99558343,-87.72257411
6/2/2018 15:14,30,NO CONTROLS,CLEAR,DAYLIGHT,NOT DIVIDED,DRY,INJURY AND / OR TOW DUE TO CRASH,,FAILING TO YIELD RIGHT-OF-WAY,2721,N,CLARK ST,Y,NONINCAPACITATING INJURY,0,0,1,15,7,6,41.93198202,-87.64449101
4/3/2021 12:45,30,NO CONTROLS,CLEAR,DAYLIGHT,DIVIDED - W/MEDIAN (NOT RAISED),DRY,INJURY AND / OR TOW DUE TO CRASH,,FAILING TO YIELD RIGHT-OF-WAY,1540,N,WICKER PARK AVE,,NONINCAPACITATING INJURY,0,0,2,12,7,4,41.90878636,-87.67740141
04/23/2019 11:55:00 AM,30,TRAFFIC SIGNAL,CLEAR,DAYLIGHT,FOUR WAY,DRY,INJURY AND / OR TOW DUE TO CRASH,,UNABLE TO DETERMINE,2450,N,MILWAUKEE AVE,,INCAPACITATING INJURY,0,1,0,11,3,4,41.92576419,-87.70224602
05/31/2018 08:40:00 AM,30,TRAFFIC SIGNAL,CLEAR,DAYLIGHT,ONE-WAY,DRY,INJURY AND / OR TOW DUE TO CRASH,,DISREGARDING TRAFFIC SIGNALS,500,E,GRAND AVE,,NONINCAPACITATING INJURY,0,0,1,8,5,5,41.89201935,-87.61377164
10/17/2019 08:30:00 PM,25,NO CONTROLS,CLEAR,"DARKNESS, LIGHTED ROAD",ONE-WAY,DRY,INJURY AND / OR TOW DUE TO CRASH,,UNABLE TO DETERMINE,70,E,WALTON ST,,NONINCAPACITATING INJURY,0,0,1,20,5,10,41.90009095,-87.62572033
7/5/2021 0:42,30,TRAFFIC SIGNAL,UNKNOWN,"DARKNESS, LIGHTED ROAD",FOUR WAY,UNKNOWN,INJURY AND / OR TOW DUE TO CRASH,Y,UNABLE TO DETERMINE,3758,W,HARRISON ST,,INCAPACITATING INJURY,0,1,0,0,2,7,41.87362532,-87.72033832
07/29/2018 01:10:00 PM,30,NO CONTROLS,CLEAR,DAYLIGHT,NOT DIVIDED,DRY,INJURY AND / OR TOW DUE TO CRASH,,"OPERATING VEHICLE IN ERRATIC, RECKLESS, CARELESS, NEGLIGENT OR AGGRESSIVE MANNER",3517,N,DAMEN AVE,,NONINCAPACITATING INJURY,0,0,1,13,1,7,41.94558318,-87.67837108
10/4/2023 11:50,30,TRAFFIC SIGNAL,CLEAR,DAYLIGHT,NOT DIVIDED,DRY,INJURY AND / OR TOW DUE TO CRASH,Y,UNABLE TO DETERMINE,3500,N,CLARK ST,,"REPORTED, NOT EVIDENT",0,0,0,11,4,10,41.94559292,-87.65539148
08/17/2019 06:40:00 PM,20,STOP SIGN/FLASHER,CLEAR,DAYLIGHT,ONE-WAY,DRY,INJURY AND / OR TOW DUE TO CRASH,Y,UNABLE TO DETERMINE,1127,W,57TH ST,,NONINCAPACITATING INJURY,0,0,1,18,7,8,41.79043307,-87.65350334
3/12/2020 13:50,35,NO CONTROLS,CLEAR,DAYLIGHT,NOT DIVIDED,DRY,NO INJURY / DRIVE AWAY,Y,UNABLE TO DETERMINE,901,N,HALSTED ST,,NO INDICATION OF INJURY,0,0,0,13,5,3,41.89905844,-87.6477305
10/16/2018 12:50:00 PM,15,STOP SIGN/FLASHER,CLEAR,DAYLIGHT,NOT DIVIDED,DRY,NO INJURY / DRIVE AWAY,,UNABLE TO DETERMINE,5958,S,WOODLAWN AVE,,NO INDICATION OF INJURY,0,0,0,12,3,10,41.78603693,-87.5964795
08/24/2020 05:30:00 PM,25,STOP SIGN/FLASHER,CLEAR,DAYLIGHT,ONE-WAY,UNKNOWN,INJURY AND / OR TOW DUE TO CRASH,Y,DISREGARDING STOP SIGN,5100,S,PAULINA ST,,NONINCAPACITATING INJURY,0,0,1,17,2,8,41.80120238,-87.66735716
8/5/2018 14:05,30,NO CONTROLS,CLEAR,DAYLIGHT,NOT DIVIDED,DRY,INJURY AND / OR TOW DUE TO CRASH,,DRIVING SKILLS/KNOWLEDGE/EXPERIENCE,1911,W,LUNT AVE,Y,NONINCAPACITATING INJURY,0,0,1,14,1,8,42.00879502,-87.67849293
08/14/2019 03:43:00 PM,30,NO CONTROLS,RAIN,DAYLIGHT,ALLEY,WET,INJURY AND / OR TOW DUE TO CRASH,,NOT APPLICABLE,3224,W,FULLERTON AVE,,NONINCAPACITATING INJURY,0,0,1,15,4,8,41.92481543,-87.70847542
05/17/2023 08:50:00 AM,30,NO CONTROLS,CLEAR,DAYLIGHT,DIVIDED - W/MEDIAN (NOT RAISED),DRY,INJURY AND / OR TOW DUE TO CRASH,,UNABLE TO DETERMINE,4070,N,CLARK ST,,"REPORTED, NOT EVIDENT",0,0,0,8,4,5,41.9562504,-87.66357292
6/8/2023 12:31,30,NO CONTROLS,CLEAR,DAYLIGHT,DIVIDED - W/MEDIAN (NOT RAISED),DRY,INJURY AND / OR TOW DUE TO CRASH,N,DRIVING SKILLS/KNOWLEDGE/EXPERIENCE,1930,W,DIVERSEY PKWY,,"REPORTED, NOT EVIDENT",0,0,0,12,5,6,41.93241622,-87.67643659