CRASH_DATE,POSTED_SPEED_LIMIT,TRAFFIC_CONTROL_DEVICE,WEATHER_CONDITION,LIGHTING_CONDITION,TRAFFICWAY_TYPE,ROADWAY_SURFACE_COND,CRASH_TYPE,HIT_AND_RUN_I,PRIM_CONTRIBUTORY_CAUSE,STREET_NO,STREET_DIRECTION,STREET_NAME,DOORING_I,MOST_SEVERE_INJURY,INJURIES_FATAL,INJURIES_INCAPACITATING,INJURIES_NON_INCAPACITATING,CRASH_HOUR,CRASH_DAY_OF_WEEK,CRASH_MONTH,LATITUDE,LONGITUDE
5/11/2023 13:08,25,STOP SIGN/FLASHER,CLEAR,DAYLIGHT,T-INTERSECTION,DRY,INJURY AND / OR TOW DUE TO CRASH,,DRIVING SKILLS/KNOWLEDGE/EXPERIENCE,650,W,WILSON DR,,NONINCAPACITATING INJURY,0,0,1,13,5,5,41.96576328,-87.64737503
05/18/2019 02:36:00 PM,30,STOP SIGN/FLASHER,RAIN,DAYLIGHT,FOUR WAY,WET,INJURY AND / OR TOW DUE TO CRASH,Y,FAILING TO YIELD RIGHT-OF-WAY,2856,W,WASHINGTON BLVD,,INCAPACITATING INJURY,0,1,0,14,7,5,41.88298268,-87.69864926
03/14/2022 03:40:00 PM,30,STOP SIGN/FLASHER,CLEAR,DAYLIGHT,FOUR WAY,DRY,INJURY AND / OR TOW DUE TO CRASH,,FAILING TO YIELD RIGHT-OF-WAY,3800,S,ARCHER AVE,,"REPORTED, NOT EVIDENT",0,0,0,15,2,3,41.82445623,-87.68755151
08/28/2018 06:30:00 PM,35,NO CONTROLS,OTHER,DUSK,NOT DIVIDED,WET,NO INJURY / DRIVE AWAY,,DRIVING SKILLS/KNOWLEDGE/EXPERIENCE,1531,N,MILWAUKEE AVE,N,NO INDICATION OF INJURY,0,0,0,18,3,8,41.90941758,-87.67573944
12/15/2022 03:35:00 PM,30,NO CONTROLS,RAIN,DAYLIGHT,ONE-WAY,WET,NO INJURY / DRIVE AWAY,,NOT APPLICABLE,2445,W,BERWYN AVE,,NO INDICATION OF INJURY,0,0,0,15,5,12,41.97757787,-87.69101526
10/3/2017 22:30,30,TRAFFIC SIGNAL,CLEAR,"DARKNESS, LIGHTED ROAD",NOT DIVIDED,DRY,INJURY AND / OR TOW DUE TO CRASH,Y,IMPROPER TURNING/NO SIGNAL,959,N,DAMEN AVE,,NONINCAPACITATING INJURY,0,0,1,22,3,10,41.89950848,-87.67700741
9/11/2021 5:50,30,TRAFFIC SIGNAL,CLEAR,DAWN,FOUR WAY,DRY,INJURY AND / OR TOW DUE TO CRASH,,UNABLE TO DETERMINE,1331,W,DIVISION ST,,NONINCAPACITATING INJURY,0,0,1,5,7,9,41.90331889,-87.66177878
11/1/2022 22:00,30,STOP SIGN/FLASHER,CLEAR,"DARKNESS, LIGHTED ROAD",ONE-WAY,DRY,INJURY AND / OR TOW DUE TO CRASH,,FAILING TO YIELD RIGHT-OF-WAY,60,W,WALTON ST,N,INCAPACITATING INJURY,0,1,0,22,3,11,41.89990829,-87.6305534
7/2/2018 9:45,30,NO CONTROLS,CLEAR,DAYLIGHT,NOT DIVIDED,DRY,INJURY AND / OR TOW DUE TO CRASH,,"VISION OBSCURED (SIGNS, TREE LIMBS, BUILDINGS, ETC.)",1931,S,HALSTED ST,,INCAPACITATING INJURY,0,1,0,9,2,7,41.85584937,-87.64644062
6/9/2023 20:32,30,TRAFFIC SIGNAL,CLEAR,"DARKNESS, LIGHTED ROAD",FOUR WAY,DRY,INJURY AND / OR TOW DUE TO CRASH,,DISREGARDING TRAFFIC SIGNALS,5500,S,INDIANA AVE,,INCAPACITATING INJURY,0,1,0,20,6,6,41.79436896,-87.62098331
09/20/2019 08:05:00 AM,30,NO CONTROLS,CLEAR,DAYLIGHT,NOT DIVIDED,DRY,INJURY AND / OR TOW DUE TO CRASH,,UNABLE TO DETERMINE,331,E,51ST ST,Y,NONINCAPACITATING INJURY,0,0,1,8,6,9,41.80196384,-87.61811546
7/12/2017 22:40,35,NO CONTROLS,CLEAR,"DARKNESS, LIGHTED ROAD",NOT DIVIDED,DRY,NO INJURY / DRIVE AWAY,Y,UNABLE TO DETERMINE,900,N,HALSTED ST,,NO INDICATION OF INJURY,0,0,0,22,4,7,41.89905122,-87.64802418
04/20/2023 09:44:00 AM,30,NO CONTROLS,CLEAR,DAYLIGHT,ONE-WAY,DRY,INJURY AND / OR TOW DUE TO CRASH,,FAILING TO REDUCE SPEED TO AVOID CRASH,70,E,RANDOLPH ST,,INCAPACITATING INJURY,0,1,0,9,5,4,41.88460813,-87.6253512
07/20/2023 11:35:00 AM,30,NO CONTROLS,CLEAR,DAYLIGHT,NOT DIVIDED,DRY,INJURY AND / OR TOW DUE TO CRASH,Y,UNABLE TO DETERMINE,4814,N,DAMEN AVE,,NONINCAPACITATING INJURY,0,0,1,11,5,7,41.96923943,-87.67934602
07/27/2018 03:45:00 PM,30,NO CONTROLS,CLEAR,DAYLIGHT,NOT DIVIDED,DRY,INJURY AND / OR TOW DUE TO CRASH,,DRIVING SKILLS/KNOWLEDGE/EXPERIENCE,900,E,103RD ST,,"REPORTED, NOT EVIDENT",0,0,0,15,6,7,41.70764215,-87.60101281
07/13/2019 09:10:00 PM,30,STOP SIGN/FLASHER,CLEAR,"DARKNESS, LIGHTED ROAD",NOT DIVIDED,UNKNOWN,NO INJURY / DRIVE AWAY,Y,FAILING TO REDUCE SPEED TO AVOID CRASH,153,E,LOWER SOUTH WATER ST,,NO INDICATION OF INJURY,0,0,0,21,7,7,41.88671976,-87.6224727
08/14/2022 05:47:00 PM,30,TRAFFIC SIGNAL,CLEAR,DAYLIGHT,DIVIDED - W/MEDIAN (NOT RAISED),DRY,INJURY AND / OR TOW DUE TO CRASH,Y,IMPROPER OVERTAKING/PASSING,4000,N,CLARK ST,,NONINCAPACITATING INJURY,0,0,1,17,1,8,41.95443244,-87.66244626
09/21/2016 04:15:00 PM,30,TRAFFIC SIGNAL,CLEAR,DAYLIGHT,NOT DIVIDED,DRY,NO INJURY / DRIVE AWAY,,FAILING TO REDUCE SPEED TO AVOID CRASH,1840,N,LINCOLN AVE,,NO INDICATION OF INJURY,0,0,0,16,4,9,41.91595265,-87.635698
9/3/2021 23:07,30,TRAFFIC SIGNAL,CLEAR,"DARKNESS, LIGHTED ROAD",NOT DIVIDED,DRY,NO INJURY / DRIVE AWAY,,DRIVING ON WRONG SIDE/WRONG WAY,200,E,35TH ST,,NO INDICATION OF INJURY,0,0,0,23,6,9,41.83116948,-87.62170521
11/5/2018 10:25,30,TRAFFIC SIGNAL,CLEAR,DAYLIGHT,DIVIDED - W/MEDIAN (NOT RAISED),DRY,NO INJURY / DRIVE AWAY,Y,FAILING TO YIELD RIGHT-OF-WAY,3958,W,FULLERTON AVE,,NO INDICATION OF INJURY,0,0,0,10,2,11,41.92459457,-87.72671052
09/18/2017 10:30:00 AM,30,NO CONTROLS,CLEAR,DAYLIGHT,NOT DIVIDED,DRY,INJURY AND / OR TOW DUE TO CRASH,,FAILING TO REDUCE SPEED TO AVOID CRASH,2432,N,SHEFFIELD AVE,,NONINCAPACITATING INJURY,0,0,1,10,2,9,41.92629115,-87.6537884
09/30/2022 07:24:00 AM,30,NO CONTROLS,CLEAR,DAYLIGHT,DIVIDED - W/MEDIAN (NOT RAISED),DRY,INJURY AND / OR TOW DUE TO CRASH,,FAILING TO YIELD RIGHT-OF-WAY,3332,W,51ST ST,N,NONINCAPACITATING INJURY,0,0,1,7,6,9,41.80087714,-87.70766223
3/5/2021 22:00,30,STOP SIGN/FLASHER,CLEAR,DARKNESS,FOUR WAY,DRY,NO INJURY / DRIVE AWAY,,UNABLE TO DETERMINE,4098,W,JACKSON BLVD,,NO INDICATION OF INJURY,0,0,0,22,6,3,41.8771683,-87.72787813
07/13/2020 06:30:00 AM,30,TRAFFIC SIGNAL,CLEAR,DAYLIGHT,UNKNOWN INTERSECTION TYPE,DRY,INJURY AND / OR TOW DUE TO CRASH,,DISREGARDING TRAFFIC SIGNALS,500,E,GRAND AVE,,NONINCAPACITATING INJURY,0,0,1,6,2,7,41.89201935,-87.61377164
10/26/2017 01:15:00 PM,30,TRAFFIC SIGNAL,CLEAR,DAYLIGHT,DIVIDED - W/MEDIAN (NOT RAISED),DRY,NO INJURY / DRIVE AWAY,,DISREGARDING TRAFFIC SIGNALS,3800,W,AUGUSTA BLVD,,NO INDICATION OF INJURY,0,0,0,13,5,10,41.89917256,-87.7213721
09/15/2023 04:24:00 PM,35,TRAFFIC SIGNAL,CLEAR,DAYLIGHT,NOT DIVIDED,DRY,INJURY AND / OR TOW DUE TO CRASH,,FAILING TO YIELD RIGHT-OF-WAY,199,W,18TH ST,,NONINCAPACITATING INJURY,0,0,1,16,6,9,41.85764304,-87.63185003
07/19/2017 03:18:00 PM,30,TRAFFIC SIGNAL,CLEAR,DAYLIGHT,NOT DIVIDED,DRY,INJURY AND / OR TOW DUE TO CRASH,Y,FAILING TO REDUCE SPEED TO AVOID CRASH,6300,S,NORMAL BLVD,,NONINCAPACITATING INJURY,0,0,1,15,4,7,41.77984351,-87.63765272
04/17/2017 01:25:00 PM,30,NO CONTROLS,CLEAR,DAYLIGHT,NOT DIVIDED,DRY,NO INJURY / DRIVE AWAY,,FAILING TO YIELD RIGHT-OF-WAY,2750,W,LAWRENCE AVE,,NO INDICATION OF INJURY,0,0,0,13,2,4,41.96864515,-87.69821695
04/25/2023 08:00:00 AM,30,TRAFFIC SIGNAL,RAIN,DAYLIGHT,OTHER,WET,INJURY AND / OR TOW DUE TO CRASH,Y,DRIVING SKILLS/KNOWLEDGE/EXPERIENCE,1300,S,MICHIGAN AVE,,"REPORTED, NOT EVIDENT",0,0,0,8,3,4,41.86570039,-87.62425958
8/4/2022 9:00,25,NO CONTROLS,CLEAR,DAYLIGHT,ALLEY,DRY,NO INJURY / DRIVE AWAY,Y,FAILING TO YIELD RIGHT-OF-WAY,1734,E,71ST ST,,NO INDICATION OF INJURY,0,0,0,9,5,8,41.76628981,-87.58231129
9/10/2018 18:09,30,STOP SIGN/FLASHER,CLEAR,DAYLIGHT,NOT DIVIDED,UNKNOWN,INJURY AND / OR TOW DUE TO CRASH,,FAILING TO YIELD RIGHT-OF-WAY,2932,N,CLARK ST,,NONINCAPACITATING INJURY,0,0,1,18,2,9,41.93565566,-87.64737148
05/29/2019 04:30:00 PM,30,NO CONTROLS,CLEAR,DAYLIGHT,NOT DIVIDED,DRY,INJURY AND / OR TOW DUE TO CRASH,,FOLLOWING TOO CLOSELY,1,E,21ST ST,,NONINCAPACITATING INJURY,0,0,1,16,4,5,41.85414054,-87.6270744
07/30/2020 05:10:00 AM,30,NO CONTROLS,CLEAR,DAWN,FOUR WAY,DRY,INJURY AND / OR TOW DUE TO CRASH,,IMPROPER OVERTAKING/PASSING,639,N,PULASKI RD,,NONINCAPACITATING INJURY,0,0,1,5,5,7,41.8928766,-87.72586086
06/26/2023 10:30:00 PM,30,UNKNOWN,CLEAR,UNKNOWN,UNKNOWN INTERSECTION TYPE,UNKNOWN,INJURY AND / OR TOW DUE TO CRASH,,FAILING TO YIELD RIGHT-OF-WAY,1131,W,GRACE ST,,NONINCAPACITATING INJURY,0,0,1,22,2,6,41.9509545,-87.65810987
6/4/2018 16:00,30,NO CONTROLS,CLEAR,DAYLIGHT,ONE-WAY,DRY,NO INJURY / DRIVE AWAY,Y,UNABLE TO DETERMINE,2100,S,KEELER AVE,,NO INDICATION OF INJURY,0,0,0,16,2,6,41.85338195,-87.72982738
05/21/2017 03:10:00 PM,30,NO CONTROLS,CLEAR,DAYLIGHT,NOT DIVIDED,DRY,NO INJURY / DRIVE AWAY,,UNABLE TO DETERMINE,5554,S,HYDE PARK BLVD,,NO INDICATION OF INJURY,0,0,0,15,1,5,41.79362051,-87.58405759
09/23/2020 03:40:00 PM,30,NO CONTROLS,CLEAR,DAYLIGHT,DIVIDED - W/MEDIAN (NOT RAISED),DRY,INJURY AND / OR TOW DUE TO CRASH,,UNABLE TO DETERMINE,4933,S,LANGLEY AVE,Y,NONINCAPACITATING INJURY,0,0,1,15,4,9,41.80486792,-87.60874071
7/9/2019 8:25,30,TRAFFIC SIGNAL,CLEAR,DAYLIGHT,NOT DIVIDED,DRY,INJURY AND / OR TOW DUE TO CRASH,,IMPROPER LANE USAGE,1899,N,LINCOLN AVE,,NONINCAPACITATING INJURY,0,0,1,8,3,7,41.91659972,-87.63617442
3/5/2018 15:00,30,NO CONTROLS,CLEAR,DAYLIGHT,NOT DIVIDED,DRY,NO INJURY / DRIVE AWAY,,UNABLE TO DETERMINE,653,W,DIVERSEY PKWY,,NO INDICATION OF INJURY,0,0,0,15,2,3,41.93267586,-87.64565402
9/11/2022 16:30,30,NO CONTROLS,RAIN,DAYLIGHT,ONE-WAY,WET,INJURY AND / OR TOW DUE TO CRASH,,IMPROPER OVERTAKING/PASSING,1015,W,BARRY AVE,,NONINCAPACITATING INJURY,0,0,1,16,1,9,41.93796968,-87.65469124
08/27/2017 12:20:00 AM,35,NO CONTROLS,CLEAR,"DARKNESS, LIGHTED ROAD",ONE-WAY,DRY,INJURY AND / OR TOW DUE TO CRASH,Y,NOT APPLICABLE,744,N,CLARK ST,Y,NONINCAPACITATING INJURY,0,0,1,0,1,8,41.8961978,-87.63138447
9/12/2019 18:15,30,UNKNOWN,CLEAR,DAYLIGHT,ALLEY,DRY,INJURY AND / OR TOW DUE TO CRASH,,UNABLE TO DETERMINE,3462,N,ORIOLE AVE,,INCAPACITATING INJURY,0,1,0,18,5,9,41.94315467,-87.81685226
08/16/2019 02:20:00 AM,30,TRAFFIC SIGNAL,CLEAR,"DARKNESS, LIGHTED ROAD",DIVIDED - W/MEDIAN (NOT RAISED),DRY,INJURY AND / OR TOW DUE TO CRASH,,DISREGARDING TRAFFIC SIGNALS,999,N,MICHIGAN AVE,,INCAPACITATING INJURY,0,1,0,2,6,8,41.90075885,-87.62398426
08/20/2019 07:30:00 PM,30,NO CONTROLS,CLEAR,DAYLIGHT,ONE-WAY,DRY,NO INJURY / DRIVE AWAY,,NOT APPLICABLE,8543,S,ABERDEEN ST,,NO INDICATION OF INJURY,0,0,0,19,3,8,41.73833506,-87.65082966
9/10/2022 23:44,30,TRAFFIC SIGNAL,CLEAR,"DARKNESS, LIGHTED ROAD",FOUR WAY,DRY,INJURY AND / OR TOW DUE TO CRASH,,UNABLE TO DETERMINE,7100,S,WESTERN AVE,,INCAPACITATING INJURY,0,1,0,23,7,9,41.76460891,-87.68338705
11/16/2020 09:53:00 AM,30,STOP SIGN/FLASHER,CLEAR,DAYLIGHT,NOT DIVIDED,DRY,NO INJURY / DRIVE AWAY,,FAILING TO YIELD RIGHT-OF-WAY,1448,W,HOWARD ST,,NO INDICATION OF INJURY,0,0,0,9,2,11,42.01932641,-87.66805699
11/6/2019 17:40,30,NO CONTROLS,CLEAR,DAYLIGHT,NOT DIVIDED,DRY,NO INJURY / DRIVE AWAY,,UNABLE TO DETERMINE,5718,S,KOSTNER AVE,,NO INDICATION OF INJURY,0,0,0,17,4,11,41.78887625,-87.73298358
08/16/2023 05:29:00 PM,30,NO CONTROLS,CLEAR,DAYLIGHT,NOT DIVIDED,DRY,NO INJURY / DRIVE AWAY,,UNABLE TO DETERMINE,3633,N,CLARK ST,Y,NO INDICATION OF INJURY,0,0,0,17,4,8,41.94805617,-87.65702824
06/17/2019 04:30:00 PM,30,STOP SIGN/FLASHER,CLEAR,DAYLIGHT,NOT DIVIDED,DRY,NO INJURY / DRIVE AWAY,,IMPROPER TURNING/NO SIGNAL,4401,N,ARTESIAN AVE,,NO INDICATION OF INJURY,0,0,0,16,2,6,41.96139808,-87.68976277
09/25/2019 09:54:00 PM,25,STOP SIGN/FLASHER,CLEAR,"DARKNESS, LIGHTED ROAD",NOT DIVIDED,DRY,INJURY AND / OR TOW DUE TO CRASH,,DISREGARDING STOP SIGN,5127,N,GLENWOOD AVE,,INCAPACITATING INJURY,0,1,0,21,4,9,41.97531486,-87.66458007
07/14/2023 01:01:00 PM,30,TRAFFIC SIGNAL,CLEAR,DAYLIGHT,NOT DIVIDED,DRY,INJURY AND / OR TOW DUE TO CRASH,,FAILING TO YIELD RIGHT-OF-WAY,5100,S,ASHLAND AVE,,"REPORTED, NOT EVIDENT",0,0,0,13,6,7,41.80122506,-87.66492096
11/1/2018 19:25,30,TRAFFIC SIGNAL,CLEAR,"DARKNESS, LIGHTED ROAD",DIVIDED - W/MEDIAN (NOT RAISED),DRY,NO INJURY / DRIVE AWAY,,FAILING TO YIELD RIGHT-OF-WAY,1,E,ROOSEVELT RD,,NO INDICATION OF INJURY,0,0,0,19,5,11,41.86730436,-87.6273784
5/2/2022 7:37,15,NO CONTROLS,CLEAR,DAYLIGHT,ALLEY,DRY,INJURY AND / OR TOW DUE TO CRASH,,UNABLE TO DETERMINE,4559,W,ROSCOE ST,,NONINCAPACITATING INJURY,0,0,1,7,2,5,41.94244325,-87.74194907
06/17/2018 07:50:00 PM,30,NO CONTROLS,CLEAR,DUSK,NOT DIVIDED,DRY,INJURY AND / OR TOW DUE TO CRASH,,UNABLE TO DETERMINE,4015,N,KIMBALL AVE,,NONINCAPACITATING INJURY,0,0,1,19,1,6,41.95433526,-87.71277936
10/11/2018 18:41,30,TRAFFIC SIGNAL,CLEAR,DARKNESS,DIVIDED - W/MEDIAN BARRIER,DRY,INJURY AND / OR TOW DUE TO CRASH,,IMPROPER TURNING/NO SIGNAL,998,N,MICHIGAN AVE,,NONINCAPACITATING INJURY,0,0,1,18,5,10,41.90080165,-87.62427247
10/30/2020 10:40:00 AM,30,STOP SIGN/FLASHER,CLEAR,DAYLIGHT,DIVIDED - W/MEDIAN (NOT RAISED),DRY,NO INJURY / DRIVE AWAY,,DISREGARDING STOP SIGN,700,N,DAMEN AVE,,NO INDICATION OF INJURY,0,0,0,10,6,10,41.89412642,-87.67714842
7/9/2021 20:35,30,NO CONTROLS,CLEAR,DAYLIGHT,NOT DIVIDED,DRY,INJURY AND / OR TOW DUE TO CRASH,Y,FAILING TO YIELD RIGHT-OF-WAY,4312,W,ADDISON ST,,NONINCAPACITATING INJURY,0,0,1,20,6,7,41.94637565,-87.73582278
04/21/2023 03:00:00 PM,30,STOP SIGN/FLASHER,CLEAR,DAYLIGHT,ONE-WAY,DRY,NO INJURY / DRIVE AWAY,,FAILING TO YIELD RIGHT-OF-WAY,720,E,SOLIDARITY DR,,NO INDICATION OF INJURY,0,0,0,15,6,4,41.86656303,-87.61086283
06/18/2023 02:55:00 PM,25,STOP SIGN/FLASHER,CLEAR,DAYLIGHT,FOUR WAY,DRY,INJURY AND / OR TOW DUE TO CRASH,,FAILING TO YIELD RIGHT-OF-WAY,433,N,LEAVITT ST,,NONINCAPACITATING INJURY,0,0,1,14,1,6,41.88961724,-87.68162072
9/11/2021 11:57,30,NO CONTROLS,CLEAR,DAYLIGHT,NOT DIVIDED,DRY,NO INJURY / DRIVE AWAY,,UNABLE TO DETERMINE,1610,S,HALSTED ST,Y,NO INDICATION OF INJURY,0,0,0,11,7,9,41.85960566,-87.64684297
08/31/2018 01:00:00 PM,35,NO CONTROLS,CLEAR,DAYLIGHT,NOT DIVIDED,DRY,NO INJURY / DRIVE AWAY,Y,NOT APPLICABLE,2500,N,ASHLAND AVE,,NO INDICATION OF INJURY,0,0,0,13,6,8,41.92705136,-87.66835948
4/12/2019 17:44,35,TRAFFIC SIGNAL,CLEAR,DAYLIGHT,DIVIDED - W/MEDIAN BARRIER,DRY,INJURY AND / OR TOW DUE TO CRASH,,IMPROPER LANE USAGE,444,N,MICHIGAN AVE,,NONINCAPACITATING INJURY,0,0,1,17,6,4,41.89071448,-87.62426987
9/10/2023 15:30,30,NO CONTROLS,CLEAR,DAYLIGHT,DIVIDED - W/MEDIAN (NOT RAISED),DRY,INJURY AND / OR TOW DUE TO CRASH,,IMPROPER TURNING/NO SIGNAL,510,W,BELMONT AVE,,"REPORTED, NOT EVIDENT",0,0,0,15,1,9,41.94018672,-87.64238451
10/23/2016 04:30:00 PM,30,NO CONTROLS,CLEAR,DAYLIGHT,NOT DIVIDED,DRY,INJURY AND / OR TOW DUE TO CRASH,,FAILING TO YIELD RIGHT-OF-WAY,1974,N,STOCKTON DR,,"REPORTED, NOT EVIDENT",0,0,0,16,1,10,41.91826748,-87.63456183
06/29/2021 05:36:00 PM,30,NO CONTROLS,CLEAR,DAYLIGHT,DIVIDED - W/MEDIAN BARRIER,DRY,INJURY AND / OR TOW DUE TO CRASH,,FOLLOWING TOO CLOSELY,1150,S,HALSTED ST,,NONINCAPACITATING INJURY,0,0,1,17,3,6,41.86740613,-87.64706607
05/31/2018 05:18:00 PM,30,TRAFFIC SIGNAL,CLEAR,DAYLIGHT,NOT DIVIDED,DRY,INJURY AND / OR TOW DUE TO CRASH,,FAILING TO YIELD RIGHT-OF-WAY,6000,W,DICKENS AVE,,NONINCAPACITATING INJURY,0,0,1,17,5,5,41.91801958,-87.77557855
01/22/2018 07:48:00 PM,30,NO CONTROLS,RAIN,"DARKNESS, LIGHTED ROAD",DIVIDED - W/MEDIAN (NOT RAISED),WET,INJURY AND / OR TOW DUE TO CRASH,,UNABLE TO DETERMINE,233,N,CANAL ST,Y,NONINCAPACITATING INJURY,0,0,2,19,2,1,41.8867762,-87.63973773
08/24/2021 12:56:00 PM,30,STOP SIGN/FLASHER,CLEAR,DAYLIGHT,FOUR WAY,DRY,INJURY AND / OR TOW DUE TO CRASH,,DRIVING SKILLS/KNOWLEDGE/EXPERIENCE,4900,N,PULASKI RD,,NONINCAPACITATING INJURY,0,0,1,12,3,8,41.97015238,-87.72823041
10/1/2022 17:05,30,TRAFFIC SIGNAL,CLEAR,DAYLIGHT,DIVIDED - W/MEDIAN (NOT RAISED),DRY,INJURY AND / OR TOW DUE TO CRASH,,FAILING TO YIELD RIGHT-OF-WAY,2400,N,CICERO AVE,,INCAPACITATING INJURY,0,1,0,17,7,10,41.92428359,-87.74645019
10/12/2018 8:00,30,NO CONTROLS,CLEAR,DAYLIGHT,NOT DIVIDED,DRY,INJURY AND / OR TOW DUE TO CRASH,,FAILING TO YIELD RIGHT-OF-WAY,2998,W,IRVING PARK RD,,INCAPACITATING INJURY,0,1,0,8,6,10,41.95406,-87.70306843
8/8/2020 17:30,30,STOP SIGN/FLASHER,CLEAR,DUSK,FOUR WAY,DRY,INJURY AND / OR TOW DUE TO CRASH,,FAILING TO YIELD RIGHT-OF-WAY,3334,N,ELSTON AVE,,INCAPACITATING INJURY,0,1,0,17,7,8,41.94196031,-87.70227469
11/2/2016 9:15,30,TRAFFIC SIGNAL,CLEAR,DAYLIGHT,DIVIDED - W/MEDIAN (NOT RAISED),DRY,NO INJURY / DRIVE AWAY,,UNABLE TO DETERMINE,1,E,WACKER DR,,NO INDICATION OF INJURY,0,0,0,9,4,11,41.88670756,-87.62788348
06/14/2019 04:15:00 PM,30,NO CONTROLS,CLEAR,DAYLIGHT,DIVIDED - W/MEDIAN (NOT RAISED),DRY,INJURY AND / OR TOW DUE TO CRASH,,DRIVING SKILLS/KNOWLEDGE/EXPERIENCE,2741,N,MILWAUKEE AVE,,NONINCAPACITATING INJURY,0,0,1,16,6,6,41.9310416,-87.71040591
07/31/2016 07:00:00 PM,30,NO CONTROLS,CLEAR,DAYLIGHT,NOT DIVIDED,DRY,INJURY AND / OR TOW DUE TO CRASH,,UNABLE TO DETERMINE,2019,W,OGDEN AVE,Y,INCAPACITATING INJURY,0,1,0,19,1,7,41.8722982,-87.67676882
04/14/2022 03:45:00 PM,30,TRAFFIC SIGNAL,CLEAR,DAYLIGHT,NOT DIVIDED,DRY,NO INJURY / DRIVE AWAY,Y,IMPROPER OVERTAKING/PASSING,3959,N,SHERIDAN RD,,NO INDICATION OF INJURY,0,0,0,15,5,4,41.95444524,-87.65439648
11/1/2022 8:00,25,TRAFFIC SIGNAL,CLEAR,DAYLIGHT,FOUR WAY,DRY,INJURY AND / OR TOW DUE TO CRASH,,UNABLE TO DETERMINE,1600,W,69TH ST,,NONINCAPACITATING INJURY,0,0,1,8,3,11,41.76866055,-87.66396288
08/30/2017 06:44:00 PM,30,NO CONTROLS,CLEAR,"DARKNESS, LIGHTED ROAD",DRIVEWAY,DRY,INJURY AND / OR TOW DUE TO CRASH,,UNABLE TO DETERMINE,812,N,KEDZIE AVE,N,NONINCAPACITATING INJURY,0,0,1,18,4,8,41.89600235,-87.70671892
7/5/2019 17:57,30,STOP SIGN/FLASHER,CLEAR,DAYLIGHT,NOT DIVIDED,DRY,INJURY AND / OR TOW DUE TO CRASH,,FAILING TO YIELD RIGHT-OF-WAY,2301,N,AUSTIN AVE,,NONINCAPACITATING INJURY,0,0,1,17,6,7,41.92207718,-87.77550861
08/24/2020 12:30:00 PM,30,TRAFFIC SIGNAL,CLEAR,DAYLIGHT,NOT DIVIDED,DRY,NO INJURY / DRIVE AWAY,,UNABLE TO DETERMINE,3701,W,26TH ST,,NO INDICATION OF INJURY,0,0,0,12,2,8,41.84423964,-87.71729018
02/22/2019 04:00:00 PM,30,STOP SIGN/FLASHER,CLEAR,DAYLIGHT,CENTER TURN LANE,DRY,NO INJURY / DRIVE AWAY,,FAILING TO YIELD RIGHT-OF-WAY,2380,S,HALSTED ST,,NO INDICATION OF INJURY,0,0,0,16,6,2,41.84932157,-87.64662104
05/30/2022 01:50:00 PM,15,STOP SIGN/FLASHER,CLEAR,DAYLIGHT,T-INTERSECTION,DRY,NO INJURY / DRIVE AWAY,,OBSTRUCTED CROSSWALKS,1550,N,KOSTNER AVE,,NO INDICATION OF INJURY,0,0,0,13,2,5,41.90914288,-87.73647399
10/16/2020 05:10:00 PM,15,NO CONTROLS,CLEAR,DUSK,ALLEY,DRY,INJURY AND / OR TOW DUE TO CRASH,Y,FAILING TO YIELD RIGHT-OF-WAY,11048,S,CENTRAL PARK AVE,,NONINCAPACITATING INJURY,0,0,1,17,6,10,41.69178679,-87.71073828
6/12/2018 18:01,30,NO CONTROLS,CLEAR,DAYLIGHT,NOT DIVIDED,DRY,INJURY AND / OR TOW DUE TO CRASH,,FAILING TO YIELD RIGHT-OF-WAY,2253,N,MILWAUKEE AVE,,NONINCAPACITATING INJURY,0,0,1,18,3,6,41.9219004,-87.69548757
09/15/2018 01:08:00 PM,30,TRAFFIC SIGNAL,CLEAR,DAYLIGHT,DIVIDED - W/MEDIAN (NOT RAISED),DRY,NO INJURY / DRIVE AWAY,Y,FAILING TO YIELD RIGHT-OF-WAY,5600,N,WESTERN AVE,,NO INDICATION OF INJURY,0,0,0,13,7,9,41.98325562,-87.68959891
8/11/2018 9:25,30,NO CONTROLS,CLEAR,DAYLIGHT,DIVIDED - W/MEDIAN (NOT RAISED),DRY,INJURY AND / OR TOW DUE TO CRASH,,NOT APPLICABLE,1770,N,MILWAUKEE AVE,Y,NONINCAPACITATING INJURY,0,0,1,9,7,8,41.91345632,-87.6824489
06/15/2020 11:32:00 AM,10,NO CONTROLS,CLEAR,DAYLIGHT,ALLEY,DRY,INJURY AND / OR TOW DUE TO CRASH,,FAILING TO REDUCE SPEED TO AVOID CRASH,2759,W,DEVON AVE,,NONINCAPACITATING INJURY,0,0,1,11,2,6,41.99745454,-87.69943283
7/3/2022 11:08,30,TRAFFIC SIGNAL,CLEAR,DAYLIGHT,FOUR WAY,DRY,INJURY AND / OR TOW DUE TO CRASH,,FAILING TO YIELD RIGHT-OF-WAY,7558,N,SHERIDAN RD,,NONINCAPACITATING INJURY,0,0,1,11,1,7,42.01917307,-87.66616629