CRASH_DATE,POSTED_SPEED_LIMIT,TRAFFIC_CONTROL_DEVICE,WEATHER_CONDITION,LIGHTING_CONDITION,TRAFFICWAY_TYPE,ROADWAY_SURFACE_COND,CRASH_TYPE,HIT_AND_RUN_I,PRIM_CONTRIBUTORY_CAUSE,STREET_NO,STREET_DIRECTION,STREET_NAME,DOORING_I,MOST_SEVERE_INJURY,INJURIES_FATAL,INJURIES_INCAPACITATING,INJURIES_NON_INCAPACITATING,CRASH_HOUR,CRASH_DAY_OF_WEEK,CRASH_MONTH,LATITUDE,LONGITUDE
10/8/2017 16:25,30,NO CONTROLS,CLEAR,DAYLIGHT,NOT DIVIDED,DRY,INJURY AND / OR TOW DUE TO CRASH,,IMPROPER OVERTAKING/PASSING,2748,N,LINCOLN AVE,Y,NONINCAPACITATING INJURY,0,0,1,16,1,10,41.93166321,-87.65766949
09/14/2017 10:00:00 AM,30,TRAFFIC SIGNAL,CLEAR,DAYLIGHT,NOT DIVIDED,DRY,INJURY AND / OR TOW DUE TO CRASH,,FAILING TO YIELD RIGHT-OF-WAY,2004,W,OGDEN AVE,,NONINCAPACITATING INJURY,0,0,1,10,5,9,41.87272044,-87.67666041
10/19/2017 10:45:00 PM,30,STOP SIGN/FLASHER,CLEAR,"DARKNESS, LIGHTED ROAD",NOT DIVIDED,DRY,INJURY AND / OR TOW DUE TO CRASH,,DISREGARDING STOP SIGN,1659,N,WELLS ST,,NONINCAPACITATING INJURY,0,0,1,22,5,10,41.91283719,-87.63461575
07/31/2016 08:30:00 PM,25,NO CONTROLS,CLEAR,DUSK,ONE-WAY,DRY,NO INJURY / DRIVE AWAY,Y,IMPROPER LANE USAGE,6204,N,WINTHROP AVE,,NO INDICATION OF INJURY,0,0,0,20,1,7,41.99473158,-87.6585088
07/27/2018 06:00:00 PM,30,TRAFFIC SIGNAL,CLEAR,DAYLIGHT,ONE-WAY,DRY,NO INJURY / DRIVE AWAY,,UNABLE TO DETERMINE,430,N,WELLS ST,,NO INDICATION OF INJURY,0,0,0,18,6,7,41.89002091,-87.63417616
09/15/2018 04:40:00 PM,30,NO CONTROLS,CLEAR,DAYLIGHT,ONE-WAY,DRY,NO INJURY / DRIVE AWAY,,FAILING TO YIELD RIGHT-OF-WAY,1354,W,JARVIS AVE,,NO INDICATION OF INJURY,0,0,0,16,7,9,42.01619808,-87.66591206
7/3/2021 23:55,30,UNKNOWN,CLEAR,"DARKNESS, LIGHTED ROAD",NOT DIVIDED,DRY,INJURY AND / OR TOW DUE TO CRASH,,NOT APPLICABLE,1600,N,WASHTENAW AVE,,NONINCAPACITATING INJURY,0,0,1,23,7,7,41.91033236,-87.69469026
8/8/2023 13:30,30,NO CONTROLS,CLEAR,DAYLIGHT,NOT DIVIDED,DRY,NO INJURY / DRIVE AWAY,,FAILING TO YIELD RIGHT-OF-WAY,3120,S,HALSTED ST,Y,NO INDICATION OF INJURY,0,0,0,13,3,8,41.83739443,-87.64640771
12/11/2021 11:50,30,TRAFFIC SIGNAL,CLEAR,DAYLIGHT,ONE-WAY,DRY,INJURY AND / OR TOW DUE TO CRASH,,DISTRACTION - FROM INSIDE VEHICLE,669,N,MICHIGAN AVE,Y,NONINCAPACITATING INJURY,0,0,1,11,7,12,41.89454046,-87.6240953
10/1/2017 6:33,35,NO CONTROLS,CLEAR,DAYLIGHT,DIVIDED - W/MEDIAN (NOT RAISED),DRY,INJURY AND / OR TOW DUE TO CRASH,,DRIVING ON WRONG SIDE/WRONG WAY,930,E,79TH ST,,NONINCAPACITATING INJURY,0,0,1,6,1,10,41.75143587,-87.60160912
8/4/2020 22:06,30,STOP SIGN/FLASHER,CLEAR,"DARKNESS, LIGHTED ROAD",ONE-WAY,DRY,INJURY AND / OR TOW DUE TO CRASH,,UNABLE TO DETERMINE,4200,N,HERMITAGE AVE,N,INCAPACITATING INJURY,0,1,0,22,3,8,41.95798958,-87.67245272
08/24/2023 08:45:00 AM,30,NO CONTROLS,CLEAR,DAYLIGHT,NOT DIVIDED,UNKNOWN,NO INJURY / DRIVE AWAY,Y,UNABLE TO DETERMINE,1420,W,GRANVILLE AVE,,NO INDICATION OF INJURY,0,0,0,8,5,8,41.99459657,-87.66616252
7/5/2019 5:30,30,STOP SIGN/FLASHER,CLEAR,DAYLIGHT,NOT DIVIDED,DRY,NO INJURY / DRIVE AWAY,,FAILING TO YIELD RIGHT-OF-WAY,2700,N,CICERO AVE,,NO INDICATION OF INJURY,0,0,0,5,6,7,41.9297611,-87.74666793
08/23/2019 02:30:00 PM,30,TRAFFIC SIGNAL,CLEAR,DAYLIGHT,NOT DIVIDED,DRY,INJURY AND / OR TOW DUE TO CRASH,,UNABLE TO DETERMINE,2800,W,GRANVILLE AVE,,NONINCAPACITATING INJURY,0,0,1,14,6,8,41.99408683,-87.69957949
05/26/2023 06:58:00 AM,30,NO CONTROLS,CLEAR,DAYLIGHT,T-INTERSECTION,DRY,INJURY AND / OR TOW DUE TO CRASH,,FAILING TO YIELD RIGHT-OF-WAY,1500,W,DIVISION ST,,INCAPACITATING INJURY,0,1,0,6,6,5,41.90348137,-87.66510269
7/9/2018 9:12,30,NO CONTROLS,CLEAR,DAYLIGHT,NOT DIVIDED,DRY,INJURY AND / OR TOW DUE TO CRASH,,UNABLE TO DETERMINE,2102,N,OAK PARK AVE,,NONINCAPACITATING INJURY,0,0,1,9,2,7,41.91823036,-87.79522342
10/1/2021 17:28,30,NO CONTROLS,CLEAR,DAYLIGHT,NOT DIVIDED,DRY,INJURY AND / OR TOW DUE TO CRASH,,DRIVING ON WRONG SIDE/WRONG WAY,6200,W,SCHOOL ST,,NONINCAPACITATING INJURY,0,0,1,17,6,10,41.9403277,-87.78127153
10/5/2016 7:47,30,NO CONTROLS,CLEAR,DAYLIGHT,NOT DIVIDED,DRY,INJURY AND / OR TOW DUE TO CRASH,,FAILING TO YIELD RIGHT-OF-WAY,5234,W,HARRISON ST,Y,NONINCAPACITATING INJURY,0,0,1,7,4,10,41.8730403,-87.75631601
10/1/2022 13:18,30,STOP SIGN/FLASHER,CLEAR,DAYLIGHT,OTHER,DRY,INJURY AND / OR TOW DUE TO CRASH,Y,NOT APPLICABLE,2900,W,42ND ST,,NONINCAPACITATING INJURY,0,0,1,13,7,10,41.81742025,-87.69699777
08/20/2022 11:09:00 AM,30,YIELD,CLOUDY/OVERCAST,DAYLIGHT,NOT DIVIDED,DRY,INJURY AND / OR TOW DUE TO CRASH,,FAILING TO YIELD RIGHT-OF-WAY,3740,N,HALSTED ST,,NONINCAPACITATING INJURY,0,0,1,11,7,8,41.95029038,-87.64973152
8/1/2016 8:00,30,NO CONTROLS,CLEAR,DAYLIGHT,NOT DIVIDED,DRY,NO INJURY / DRIVE AWAY,,DRIVING SKILLS/KNOWLEDGE/EXPERIENCE,1800,S,LOOMIS ST,,NO INDICATION OF INJURY,0,0,0,8,2,8,41.85786355,-87.66146632
06/13/2017 07:00:00 PM,30,NO CONTROLS,CLEAR,DAYLIGHT,NOT DIVIDED,UNKNOWN,INJURY AND / OR TOW DUE TO CRASH,,FAILING TO YIELD RIGHT-OF-WAY,5732,W,DIVISION ST,,NONINCAPACITATING INJURY,0,0,1,19,3,6,41.9021993,-87.76935827
08/27/2019 08:20:00 AM,25,NO CONTROLS,CLEAR,DAYLIGHT,NOT DIVIDED,DRY,INJURY AND / OR TOW DUE TO CRASH,,UNABLE TO DETERMINE,5300,W,MONTROSE AVE,,INCAPACITATING INJURY,0,1,0,8,3,8,41.9606792,-87.75997681
05/25/2021 04:26:00 PM,25,NO CONTROLS,CLEAR,DAYLIGHT,NOT DIVIDED,DRY,NO INJURY / DRIVE AWAY,,IMPROPER LANE USAGE,4800,W,ERIE ST,,NO INDICATION OF INJURY,0,0,0,16,3,5,41.89237851,-87.74574778
2/8/2023 15:07,10,NO CONTROLS,CLEAR,DAYLIGHT,ALLEY,DRY,INJURY AND / OR TOW DUE TO CRASH,,FAILING TO YIELD RIGHT-OF-WAY,2511,W,57TH ST,,NONINCAPACITATING INJURY,0,0,1,15,4,2,41.79005654,-87.68689416
05/16/2022 06:27:00 PM,30,NO CONTROLS,CLEAR,DAYLIGHT,NOT DIVIDED,DRY,NO INJURY / DRIVE AWAY,,UNABLE TO DETERMINE,1813,W,47TH ST,Y,NO INDICATION OF INJURY,0,0,0,18,2,5,41.80844174,-87.67043392
09/26/2019 05:12:00 PM,30,TRAFFIC SIGNAL,CLEAR,DAYLIGHT,DIVIDED - W/MEDIAN BARRIER,DRY,NO INJURY / DRIVE AWAY,,IMPROPER LANE USAGE,102,E,WACKER DR,,NO INDICATION OF INJURY,0,0,0,17,5,9,41.88840069,-87.62432171
07/13/2017 11:45:00 AM,35,NO CONTROLS,CLEAR,DAYLIGHT,NOT DIVIDED,DRY,NO INJURY / DRIVE AWAY,,UNABLE TO DETERMINE,715,W,WILLOW ST,,NO INDICATION OF INJURY,0,0,0,11,5,7,41.9137459,-87.64659372
8/9/2022 20:25,25,STOP SIGN/FLASHER,CLEAR,"DARKNESS, LIGHTED ROAD",ONE-WAY,DRY,INJURY AND / OR TOW DUE TO CRASH,,DRIVING ON WRONG SIDE/WRONG WAY,3800,W,58TH ST,N,NONINCAPACITATING INJURY,0,0,1,20,3,8,41.78794235,-87.71823232
07/17/2022 04:40:00 PM,30,TRAFFIC SIGNAL,CLEAR,DAYLIGHT,NOT DIVIDED,DRY,INJURY AND / OR TOW DUE TO CRASH,,UNABLE TO DETERMINE,4400,N,SHERIDAN RD,,"REPORTED, NOT EVIDENT",0,0,0,16,1,7,41.96182307,-87.65489608
09/21/2018 03:55:00 PM,30,TRAFFIC SIGNAL,CLEAR,DAYLIGHT,DIVIDED - W/MEDIAN (NOT RAISED),DRY,NO INJURY / DRIVE AWAY,,FAILING TO YIELD RIGHT-OF-WAY,3215,N,WESTERN AVE,,NO INDICATION OF INJURY,0,0,0,15,6,9,41.93994684,-87.68777854
01/24/2020 08:08:00 AM,30,TRAFFIC SIGNAL,CLOUDY/OVERCAST,DAYLIGHT,DIVIDED - W/MEDIAN (NOT RAISED),WET,INJURY AND / OR TOW DUE TO CRASH,,FAILING TO YIELD RIGHT-OF-WAY,934,N,STATE ST,Y,NONINCAPACITATING INJURY,0,0,1,8,6,1,41.9000977,-87.62844185
06/23/2023 03:00:00 PM,30,TRAFFIC SIGNAL,CLEAR,DAYLIGHT,NOT DIVIDED,DRY,INJURY AND / OR TOW DUE TO CRASH,,UNABLE TO DETERMINE,4801,N,BROADWAY,,"REPORTED, NOT EVIDENT",0,0,0,15,6,6,41.96908886,-87.65952538
08/29/2018 06:50:00 PM,20,NO CONTROLS,CLEAR,DAYLIGHT,ONE-WAY,DRY,NO INJURY / DRIVE AWAY,,"EVASIVE ACTION DUE TO ANIMAL, OBJECT, NONMOTORIST",4150,S,ALBANY AVE,,NO INDICATION OF INJURY,0,0,0,18,4,8,41.8175083,-87.70202204
11/26/2019 11:15:00 AM,30,TRAFFIC SIGNAL,CLEAR,DAYLIGHT,FOUR WAY,DRY,NO INJURY / DRIVE AWAY,,DRIVING ON WRONG SIDE/WRONG WAY,1200,N,KOSTNER AVE,,NO INDICATION OF INJURY,0,0,0,11,3,11,41.90255459,-87.73629461
08/28/2022 02:00:00 AM,30,NO CONTROLS,CLEAR,"DARKNESS, LIGHTED ROAD",NOT DIVIDED,DRY,INJURY AND / OR TOW DUE TO CRASH,,FAILING TO YIELD RIGHT-OF-WAY,1973,N,HALSTED ST,,NONINCAPACITATING INJURY,0,0,1,2,1,8,41.91802219,-87.64835521
8/12/2020 7:15,30,NO CONTROLS,CLEAR,DAWN,FOUR WAY,DRY,INJURY AND / OR TOW DUE TO CRASH,Y,UNABLE TO DETERMINE,1232,W,LAWRENCE AVE,,NONINCAPACITATING INJURY,0,0,1,7,4,8,41.96911537,-87.66097999
03/27/2022 04:00:00 PM,25,NO CONTROLS,CLEAR,DAYLIGHT,NOT DIVIDED,UNKNOWN,INJURY AND / OR TOW DUE TO CRASH,Y,UNABLE TO DETERMINE,3723,N,HARLEM AVE,,NONINCAPACITATING INJURY,0,0,1,16,1,3,41.94779431,-87.80694665
08/21/2021 03:35:00 AM,20,NO CONTROLS,CLEAR,"DARKNESS, LIGHTED ROAD",ONE-WAY,DRY,NO INJURY / DRIVE AWAY,Y,UNABLE TO DETERMINE,863,W,NEWPORT AVE,,NO INDICATION OF INJURY,0,0,0,3,7,8,41.9443835,-87.6517743
08/29/2020 11:10:00 PM,30,YIELD,CLEAR,"DARKNESS, LIGHTED ROAD",NOT DIVIDED,DRY,NO INJURY / DRIVE AWAY,Y,IMPROPER TURNING/NO SIGNAL,1521,N,DAMEN AVE,,NO INDICATION OF INJURY,0,0,0,23,7,8,41.90892693,-87.677274
09/24/2020 06:20:00 PM,30,TRAFFIC SIGNAL,CLEAR,DUSK,NOT DIVIDED,DRY,INJURY AND / OR TOW DUE TO CRASH,Y,FAILING TO REDUCE SPEED TO AVOID CRASH,1060,W,ADDISON ST,,NONINCAPACITATING INJURY,0,0,1,18,5,9,41.94731749,-87.65641795
3/5/2018 19:13,30,OTHER REG. SIGN,RAIN,"DARKNESS, LIGHTED ROAD",DIVIDED - W/MEDIAN BARRIER,WET,NO INJURY / DRIVE AWAY,,FAILING TO YIELD RIGHT-OF-WAY,1519,E,55TH ST,,NO INDICATION OF INJURY,0,0,0,19,2,3,41.79508253,-87.58831294
7/3/2021 23:00,30,TRAFFIC SIGNAL,CLEAR,"DARKNESS, LIGHTED ROAD",NOT DIVIDED,DRY,INJURY AND / OR TOW DUE TO CRASH,,IMPROPER TURNING/NO SIGNAL,2414,N,LINCOLN AVE,,NONINCAPACITATING INJURY,0,0,1,23,7,7,41.92572691,-87.64936802
9/9/2016 17:30,30,STOP SIGN/FLASHER,RAIN,DAYLIGHT,DIVIDED - W/MEDIAN (NOT RAISED),DRY,INJURY AND / OR TOW DUE TO CRASH,,UNABLE TO DETERMINE,1350,N,WELLS ST,,"REPORTED, NOT EVIDENT",0,0,0,17,6,9,41.90717643,-87.63473784
08/15/2021 05:13:00 PM,30,STOP SIGN/FLASHER,CLEAR,DAYLIGHT,ONE-WAY,DRY,INJURY AND / OR TOW DUE TO CRASH,,"VISION OBSCURED (SIGNS, TREE LIMBS, BUILDINGS, ETC.)",1400,S,KEELER AVE,,NONINCAPACITATING INJURY,0,0,1,17,1,8,41.86235926,-87.73009486
11/2/2022 9:59,30,NO CONTROLS,CLEAR,DAYLIGHT,NOT DIVIDED,DRY,INJURY AND / OR TOW DUE TO CRASH,,UNABLE TO DETERMINE,1532,N,WELLS ST,Y,INCAPACITATING INJURY,0,1,0,9,4,11,41.91012979,-87.63482528
6/8/2018 13:30,30,TRAFFIC SIGNAL,CLEAR,DAYLIGHT,NOT DIVIDED,WET,INJURY AND / OR TOW DUE TO CRASH,,DISREGARDING TRAFFIC SIGNALS,4501,S,WESTERN BLVD,,NONINCAPACITATING INJURY,0,0,1,13,6,6,41.81204257,-87.68381611
7/8/2018 16:50,30,NO CONTROLS,CLEAR,DAYLIGHT,DIVIDED - W/MEDIAN (NOT RAISED),DRY,NO INJURY / DRIVE AWAY,Y,FAILING TO YIELD RIGHT-OF-WAY,1149,S,CANAL ST,,NO INDICATION OF INJURY,0,0,0,16,1,7,41.86760731,-87.63905554
8/12/2020 18:30,30,NO CONTROLS,CLEAR,DAYLIGHT,NOT DIVIDED,DRY,INJURY AND / OR TOW DUE TO CRASH,Y,FAILING TO YIELD RIGHT-OF-WAY,3400,N,LINCOLN AVE,Y,NONINCAPACITATING INJURY,0,0,1,18,4,8,41.94330293,-87.67135515
03/27/2017 01:40:00 PM,25,NO CONTROLS,CLEAR,DAYLIGHT,DIVIDED - W/MEDIAN (NOT RAISED),DRY,NO INJURY / DRIVE AWAY,Y,UNABLE TO DETERMINE,6700,S,KILDARE AVE,,NO INDICATION OF INJURY,0,0,0,13,2,3,41.77119325,-87.73003416
08/18/2018 10:45:00 PM,30,NO CONTROLS,CLEAR,"DARKNESS, LIGHTED ROAD",NOT DIVIDED,DRY,NO INJURY / DRIVE AWAY,,IMPROPER TURNING/NO SIGNAL,4438,W,BELMONT AVE,Y,NO INDICATION OF INJURY,0,0,0,22,7,8,41.93904922,-87.73864697
07/21/2017 03:20:00 PM,30,NO CONTROLS,CLEAR,DAYLIGHT,ALLEY,DRY,NO INJURY / DRIVE AWAY,,UNABLE TO DETERMINE,1445,N,WELLS ST,,NO INDICATION OF INJURY,0,0,0,15,6,7,41.90897379,-87.63449505
8/7/2023 17:38,30,OTHER,CLEAR,DAYLIGHT,FOUR WAY,DRY,INJURY AND / OR TOW DUE TO CRASH,,FAILING TO YIELD RIGHT-OF-WAY,3202,W,CHICAGO AVE,,NONINCAPACITATING INJURY,0,0,1,17,2,8,41.89566173,-87.70671074
9/2/2018 13:10,30,TRAFFIC SIGNAL,CLEAR,DAYLIGHT,NOT DIVIDED,DRY,INJURY AND / OR TOW DUE TO CRASH,,UNABLE TO DETERMINE,3958,N,CLARK ST,,NONINCAPACITATING INJURY,0,0,1,13,1,9,41.95403601,-87.66215224
05/13/2016 07:25:00 AM,30,STOP SIGN/FLASHER,CLEAR,DAYLIGHT,DIVIDED - W/MEDIAN (NOT RAISED),DRY,NO INJURY / DRIVE AWAY,,UNABLE TO DETERMINE,2332,W,33RD ST,,NO INDICATION OF INJURY,0,0,0,7,6,5,41.83405295,-87.6839768
05/17/2023 03:15:00 PM,30,NO CONTROLS,CLEAR,DAYLIGHT,NOT DIVIDED,DRY,NO INJURY / DRIVE AWAY,,IMPROPER TURNING/NO SIGNAL,2210,W,PERSHING RD,,NO INDICATION OF INJURY,0,0,0,15,4,5,41.82315254,-87.68056215
5/11/2018 11:15,30,NO CONTROLS,CLEAR,DAYLIGHT,NOT DIVIDED,DRY,NO INJURY / DRIVE AWAY,,UNABLE TO DETERMINE,3198,W,ARMITAGE AVE,Y,NO INDICATION OF INJURY,0,0,0,11,6,5,41.9175119,-87.70688427
08/15/2019 03:10:00 PM,30,TRAFFIC SIGNAL,CLEAR,DAYLIGHT,NOT DIVIDED,DRY,INJURY AND / OR TOW DUE TO CRASH,,UNABLE TO DETERMINE,2205,N,LINCOLN AVE,Y,"REPORTED, NOT EVIDENT",0,0,0,15,5,8,41.92214012,-87.64392916
4/12/2022 17:45,30,TRAFFIC SIGNAL,CLEAR,DAYLIGHT,DIVIDED - W/MEDIAN (NOT RAISED),DRY,INJURY AND / OR TOW DUE TO CRASH,,IMPROPER OVERTAKING/PASSING,1681,N,MILWAUKEE AVE,N,NONINCAPACITATING INJURY,0,0,1,17,3,4,41.91201882,-87.67977563
07/14/2020 01:00:00 PM,25,TRAFFIC SIGNAL,CLEAR,DAYLIGHT,NOT DIVIDED,DRY,NO INJURY / DRIVE AWAY,Y,DISREGARDING TRAFFIC SIGNALS,4800,W,CHICAGO AVE,,NO INDICATION OF INJURY,0,0,0,13,3,7,41.89511222,-87.74593243
04/15/2018 06:30:00 PM,30,NO CONTROLS,RAIN,DUSK,ONE-WAY,WET,INJURY AND / OR TOW DUE TO CRASH,,WEATHER,1258,W,VICTORIA ST,Y,INCAPACITATING INJURY,0,1,0,18,1,4,41.98735619,-87.66209957
9/3/2017 17:45,30,OTHER,CLOUDY/OVERCAST,DUSK,NOT DIVIDED,DRY,NO INJURY / DRIVE AWAY,,FAILING TO YIELD RIGHT-OF-WAY,5100,S,GREENWOOD AVE,,NO INDICATION OF INJURY,0,0,0,17,1,9,41.80225651,-87.59995314
03/25/2022 05:30:00 PM,30,NO CONTROLS,CLEAR,DAYLIGHT,DIVIDED - W/MEDIAN (NOT RAISED),DRY,INJURY AND / OR TOW DUE TO CRASH,,UNABLE TO DETERMINE,3456,N,DAMEN AVE,,NONINCAPACITATING INJURY,0,0,1,17,6,3,41.94493517,-87.67864816
6/11/2021 7:10,30,NO CONTROLS,CLEAR,DAYLIGHT,ONE-WAY,DRY,INJURY AND / OR TOW DUE TO CRASH,Y,FAILING TO YIELD RIGHT-OF-WAY,55,S,DEARBORN ST,,NONINCAPACITATING INJURY,0,0,1,7,6,6,41.88111846,-87.62922773
10/29/2018 07:20:00 AM,30,TRAFFIC SIGNAL,CLEAR,DAYLIGHT,NOT DIVIDED,DRY,INJURY AND / OR TOW DUE TO CRASH,,DRIVING ON WRONG SIDE/WRONG WAY,9500,S,WOODLAWN AVE,,NONINCAPACITATING INJURY,0,0,1,7,2,10,41.72210009,-87.59493668
09/28/2020 04:50:00 PM,30,STOP SIGN/FLASHER,RAIN,DAYLIGHT,NOT DIVIDED,WET,INJURY AND / OR TOW DUE TO CRASH,,UNABLE TO DETERMINE,4300,S,HERMITAGE AVE,,NONINCAPACITATING INJURY,0,0,1,16,2,9,41.81574593,-87.66894976
04/15/2022 01:27:00 PM,30,STOP SIGN/FLASHER,CLOUDY/OVERCAST,DAYLIGHT,T-INTERSECTION,WET,INJURY AND / OR TOW DUE TO CRASH,,UNABLE TO DETERMINE,1116,W,31ST ST,,NONINCAPACITATING INJURY,0,0,1,13,6,4,41.83804749,-87.65432347
08/23/2018 04:15:00 PM,30,TRAFFIC SIGNAL,CLEAR,DAYLIGHT,NOT DIVIDED,DRY,NO INJURY / DRIVE AWAY,,UNABLE TO DETERMINE,631,W,FULTON ST,,NO INDICATION OF INJURY,0,0,0,16,5,8,41.88669488,-87.64420192
11/6/2018 17:33,30,NO CONTROLS,CLEAR,"DARKNESS, LIGHTED ROAD",NOT DIVIDED,DRY,INJURY AND / OR TOW DUE TO CRASH,,"EVASIVE ACTION DUE TO ANIMAL, OBJECT, NONMOTORIST",829,W,31ST ST,,NONINCAPACITATING INJURY,0,0,1,17,3,11,41.83791624,-87.64761639
09/28/2023 07:46:00 AM,25,NO CONTROLS,CLOUDY/OVERCAST,DAYLIGHT,NOT DIVIDED,DRY,INJURY AND / OR TOW DUE TO CRASH,,UNABLE TO DETERMINE,527,W,14TH PL,,"REPORTED, NOT EVIDENT",0,0,0,7,5,9,41.86233893,-87.64016542
8/7/2017 17:50,30,NO CONTROLS,CLEAR,DAYLIGHT,NOT DIVIDED,DRY,INJURY AND / OR TOW DUE TO CRASH,,"OPERATING VEHICLE IN ERRATIC, RECKLESS, CARELESS, NEGLIGENT OR AGGRESSIVE MANNER",1157,N,DEARBORN ST,,"REPORTED, NOT EVIDENT",0,0,0,17,2,8,41.90350985,-87.62982683
11/16/2015 05:30:00 PM,35,NO CONTROLS,CLEAR,"DARKNESS, LIGHTED ROAD",NOT DIVIDED,DRY,NO INJURY / DRIVE AWAY,,NOT APPLICABLE,20,W,ONTARIO ST,,NO INDICATION OF INJURY,0,0,0,17,2,11,41.89336881,-87.62895045
11/6/2018 10:00,25,NO CONTROLS,RAIN,DAYLIGHT,NOT DIVIDED,WET,NO INJURY / DRIVE AWAY,Y,IMPROPER OVERTAKING/PASSING,124,W,KINZIE ST,,NO INDICATION OF INJURY,0,0,0,10,3,11,41.88930304,-87.63219231
09/17/2018 02:00:00 PM,30,TRAFFIC SIGNAL,CLEAR,DAYLIGHT,NOT DIVIDED,DRY,INJURY AND / OR TOW DUE TO CRASH,,IMPROPER OVERTAKING/PASSING,600,W,HARRISON ST,,NONINCAPACITATING INJURY,0,0,1,14,2,9,41.87448001,-87.64249879
06/27/2021 03:11:00 PM,30,NO CONTROLS,CLEAR,DAYLIGHT,DIVIDED - W/MEDIAN (NOT RAISED),DRY,INJURY AND / OR TOW DUE TO CRASH,Y,UNABLE TO DETERMINE,2632,W,LAWRENCE AVE,,NONINCAPACITATING INJURY,0,0,1,15,1,6,41.96867023,-87.69516275
07/22/2020 07:00:00 PM,30,NO CONTROLS,CLEAR,DAYLIGHT,ONE-WAY,DRY,NO INJURY / DRIVE AWAY,,UNABLE TO DETERMINE,1430,N,ROCKWELL ST,,NO INDICATION OF INJURY,0,0,0,19,4,7,41.90755808,-87.69220301
01/31/2022 11:47:00 AM,30,STOP SIGN/FLASHER,CLEAR,DAYLIGHT,ONE-WAY,DRY,INJURY AND / OR TOW DUE TO CRASH,,UNABLE TO DETERMINE,3922,N,NARRAGANSETT AVE,,INCAPACITATING INJURY,0,1,0,11,2,1,41.95167365,-87.78665058
12/26/2018 11:35:00 AM,30,TRAFFIC SIGNAL,CLEAR,DAYLIGHT,NOT DIVIDED,DRY,INJURY AND / OR TOW DUE TO CRASH,,NOT APPLICABLE,2800,W,26TH ST,,INCAPACITATING INJURY,0,1,0,11,4,12,41.84480079,-87.69525259
8/2/2018 7:42,30,NO CONTROLS,CLEAR,DAYLIGHT,NOT DIVIDED,DRY,INJURY AND / OR TOW DUE TO CRASH,,"VISION OBSCURED (SIGNS, TREE LIMBS, BUILDINGS, ETC.)",3032,W,ADDISON ST,,NONINCAPACITATING INJURY,0,0,1,7,5,8,41.94676039,-87.70429049
08/20/2018 05:50:00 PM,25,STOP SIGN/FLASHER,CLOUDY/OVERCAST,DUSK,ONE-WAY,UNKNOWN,INJURY AND / OR TOW DUE TO CRASH,Y,UNABLE TO DETERMINE,1399,S,KARLOV AVE,Y,NONINCAPACITATING INJURY,0,0,1,17,2,8,41.86257383,-87.72735666
07/19/2018 07:55:00 PM,30,TRAFFIC SIGNAL,CLEAR,DUSK,NOT DIVIDED,DRY,INJURY AND / OR TOW DUE TO CRASH,,UNABLE TO DETERMINE,3000,N,DAMEN AVE,,NONINCAPACITATING INJURY,0,0,1,19,5,7,41.93597318,-87.67838565
6/7/2021 21:30,30,TRAFFIC SIGNAL,CLEAR,"DARKNESS, LIGHTED ROAD",CENTER TURN LANE,DRY,INJURY AND / OR TOW DUE TO CRASH,Y,UNABLE TO DETERMINE,4400,W,MADISON ST,,NONINCAPACITATING INJURY,0,0,1,21,2,6,41.88071896,-87.73560061
5/6/2019 13:53,30,NO CONTROLS,CLEAR,DAYLIGHT,DIVIDED - W/MEDIAN (NOT RAISED),DRY,INJURY AND / OR TOW DUE TO CRASH,,IMPROPER OVERTAKING/PASSING,2016,W,NORTH AVE,Y,NONINCAPACITATING INJURY,0,0,1,13,2,5,41.91058347,-87.67802307
03/19/2022 04:18:00 PM,30,NO CONTROLS,RAIN,DAYLIGHT,DIVIDED - W/MEDIAN (NOT RAISED),WET,INJURY AND / OR TOW DUE TO CRASH,,WEATHER,2548,W,AUGUSTA BLVD,Y,NONINCAPACITATING INJURY,0,0,1,16,7,3,41.89944458,-87.69135884
7/6/2022 8:09,30,TRAFFIC SIGNAL,CLEAR,DAYLIGHT,NOT DIVIDED,WET,INJURY AND / OR TOW DUE TO CRASH,Y,DISREGARDING TRAFFIC SIGNALS,7600,S,VINCENNES AVE,,INCAPACITATING INJURY,0,1,0,8,4,7,41.7562857,-87.63240666
11/22/2019 03:00:00 PM,30,NO CONTROLS,CLEAR,DAYLIGHT,PARKING LOT,DRY,INJURY AND / OR TOW DUE TO CRASH,,UNABLE TO DETERMINE,1228,N,CLARK ST,,NONINCAPACITATING INJURY,0,0,1,15,6,11,41.90475602,-87.63162047
10/4/2020 17:56,30,NO CONTROLS,CLEAR,"DARKNESS, LIGHTED ROAD",NOT DIVIDED,DRY,INJURY AND / OR TOW DUE TO CRASH,,NOT APPLICABLE,1116,S,KEDZIE AVE,,"REPORTED, NOT EVIDENT",0,0,0,17,1,10,41.8677234,-87.70585686
07/30/2016 03:30:00 PM,30,NO CONTROLS,CLEAR,DAYLIGHT,NOT DIVIDED,DRY,INJURY AND / OR TOW DUE TO CRASH,,UNABLE TO DETERMINE,1538,N,CLYBOURN AVE,,INCAPACITATING INJURY,0,1,0,15,7,7,41.90931377,-87.64750168