CRASH_DATE,POSTED_SPEED_LIMIT,TRAFFIC_CONTROL_DEVICE,WEATHER_CONDITION,LIGHTING_CONDITION,TRAFFICWAY_TYPE,ROADWAY_SURFACE_COND,CRASH_TYPE,HIT_AND_RUN_I,PRIM_CONTRIBUTORY_CAUSE,STREET_NO,STREET_DIRECTION,STREET_NAME,DOORING_I,MOST_SEVERE_INJURY,INJURIES_FATAL,INJURIES_INCAPACITATING,INJURIES_NON_INCAPACITATING,CRASH_HOUR,CRASH_DAY_OF_WEEK,CRASH_MONTH,LATITUDE,LONGITUDE
07/19/2019 02:05:00 PM,35,NO CONTROLS,CLEAR,DAYLIGHT,DIVIDED - W/MEDIAN (NOT RAISED),DRY,NO INJURY / DRIVE AWAY,,NOT APPLICABLE,5499,S,HYDE PARK BLVD,,NO INDICATION OF INJURY,0,0,0,14,6,7,41.7953755,-87.58380749
08/16/2017 05:30:00 PM,30,NO CONTROLS,RAIN,DAYLIGHT,DIVIDED - W/MEDIAN (NOT RAISED),WET,NO INJURY / DRIVE AWAY,,UNABLE TO DETERMINE,1071,N,MILWAUKEE AVE,,NO INDICATION OF INJURY,0,0,0,17,4,8,41.90131135,-87.66307303
06/13/2019 06:50:00 PM,35,NO CONTROLS,CLEAR,DAYLIGHT,NOT DIVIDED,DRY,NO INJURY / DRIVE AWAY,Y,UNABLE TO DETERMINE,1317,S,KEELER AVE,,NO INDICATION OF INJURY,0,0,0,18,5,6,41.86373306,-87.72984142
08/28/2017 08:58:00 PM,30,TRAFFIC SIGNAL,CLEAR,"DARKNESS, LIGHTED ROAD",NOT DIVIDED,DRY,INJURY AND / OR TOW DUE TO CRASH,,FAILING TO YIELD RIGHT-OF-WAY,98,S,COLUMBUS DR,,NONINCAPACITATING INJURY,0,0,1,20,2,8,41.88092927,-87.62094176
05/17/2017 01:30:00 AM,30,UNKNOWN,CLEAR,"DARKNESS, LIGHTED ROAD",ONE-WAY,DRY,INJURY AND / OR TOW DUE TO CRASH,,UNABLE TO DETERMINE,11,E,WALTON ST,,NONINCAPACITATING INJURY,0,0,1,1,4,5,41.89983492,-87.62779917
10/11/2023 16:06,30,TRAFFIC SIGNAL,CLEAR,DAYLIGHT,NOT DIVIDED,DRY,NO INJURY / DRIVE AWAY,Y,UNABLE TO DETERMINE,598,S,KEDZIE AVE,,NO INDICATION OF INJURY,0,0,0,16,4,10,41.87371301,-87.70606476
10/14/2018 12:30:00 PM,30,STOP SIGN/FLASHER,CLEAR,DAYLIGHT,ONE-WAY,DRY,NO INJURY / DRIVE AWAY,,UNABLE TO DETERMINE,8,W,MAPLE ST,,NO INDICATION OF INJURY,0,0,0,12,1,10,41.90198982,-87.62867742
06/30/2016 06:15:00 PM,30,TRAFFIC SIGNAL,CLEAR,DAYLIGHT,DIVIDED - W/MEDIAN (NOT RAISED),DRY,INJURY AND / OR TOW DUE TO CRASH,,UNABLE TO DETERMINE,4401,N,LINCOLN AVE,Y,NONINCAPACITATING INJURY,0,0,1,18,5,6,41.961524,-87.68375798
12/19/2016 06:00:00 PM,30,NO CONTROLS,CLEAR,"DARKNESS, LIGHTED ROAD",NOT DIVIDED,WET,NO INJURY / DRIVE AWAY,,FAILING TO YIELD RIGHT-OF-WAY,4529,N,KENNICOTT AVE,,NO INDICATION OF INJURY,0,0,0,18,2,12,41.96353265,-87.73356268
9/12/2018 17:57,30,POLICE/FLAGMAN,CLEAR,DAYLIGHT,NOT DIVIDED,UNKNOWN,NO INJURY / DRIVE AWAY,,FOLLOWING TOO CLOSELY,1059,W,ADDISON ST,,NO INDICATION OF INJURY,0,0,0,17,4,9,41.94708534,-87.65663784
10/2/2017 7:30,30,STOP SIGN/FLASHER,CLEAR,DAYLIGHT,NOT DIVIDED,DRY,INJURY AND / OR TOW DUE TO CRASH,,UNABLE TO DETERMINE,1700,N,PULASKI RD,,"REPORTED, NOT EVIDENT",0,0,0,7,2,10,41.91177209,-87.72653956
09/22/2018 05:40:00 PM,30,NO CONTROLS,CLEAR,DAYLIGHT,ONE-WAY,DRY,INJURY AND / OR TOW DUE TO CRASH,,IMPROPER LANE USAGE,3927,N,BROADWAY,,"REPORTED, NOT EVIDENT",0,0,0,17,7,9,41.95362983,-87.64976923
2/8/2023 12:46,30,NO CONTROLS,CLEAR,DAYLIGHT,NOT DIVIDED,DRY,NO INJURY / DRIVE AWAY,,UNABLE TO DETERMINE,3559,W,MONTROSE AVE,Y,NO INDICATION OF INJURY,0,0,0,12,4,2,41.96096023,-87.71797619
10/10/2019 17:45,30,NO CONTROLS,RAIN,DUSK,NOT DIVIDED,WET,INJURY AND / OR TOW DUE TO CRASH,,"VISION OBSCURED (SIGNS, TREE LIMBS, BUILDINGS, ETC.)",3620,S,ARCHER AVE,,"REPORTED, NOT EVIDENT",0,0,0,17,5,10,41.82793927,-87.68187055
05/23/2019 07:45:00 PM,30,TRAFFIC SIGNAL,CLEAR,DUSK,DIVIDED - W/MEDIAN (NOT RAISED),DRY,INJURY AND / OR TOW DUE TO CRASH,,UNABLE TO DETERMINE,2500,S,CENTRAL PARK AVE,,"REPORTED, NOT EVIDENT",0,0,0,19,5,5,41.84612636,-87.71498506
07/26/2019 08:30:00 PM,30,TRAFFIC SIGNAL,CLEAR,DUSK,NOT DIVIDED,DRY,INJURY AND / OR TOW DUE TO CRASH,,FAILING TO YIELD RIGHT-OF-WAY,1557,N,LARAMIE AVE,,NONINCAPACITATING INJURY,0,0,1,20,6,7,41.9093355,-87.75568844
7/10/2018 11:40,30,NO CONTROLS,CLEAR,DAYLIGHT,ALLEY,DRY,NO INJURY / DRIVE AWAY,Y,"VISION OBSCURED (SIGNS, TREE LIMBS, BUILDINGS, ETC.)",3543,W,CHICAGO AVE,,NO INDICATION OF INJURY,0,0,0,11,3,7,41.89535898,-87.71557516
05/28/2019 03:35:00 PM,30,STOP SIGN/FLASHER,CLEAR,DAYLIGHT,OTHER,DRY,INJURY AND / OR TOW DUE TO CRASH,,UNABLE TO DETERMINE,5597,W,HUTCHINSON ST,,INCAPACITATING INJURY,0,1,0,15,3,5,41.95763736,-87.76702672
07/14/2021 08:40:00 AM,30,NO CONTROLS,CLEAR,DAYLIGHT,NOT DIVIDED,DRY,INJURY AND / OR TOW DUE TO CRASH,,FAILING TO YIELD RIGHT-OF-WAY,5150,N,CLARK ST,,NONINCAPACITATING INJURY,0,0,1,8,4,7,41.97588267,-87.66853353
9/11/2018 9:00,30,NO CONTROLS,CLEAR,DAYLIGHT,DIVIDED - W/MEDIAN (NOT RAISED),DRY,INJURY AND / OR TOW DUE TO CRASH,,FOLLOWING TOO CLOSELY,20,N,CLARK ST,,NONINCAPACITATING INJURY,0,0,1,9,3,9,41.88243401,-87.63103701
3/2/2023 17:16,30,NO CONTROLS,CLEAR,DUSK,FOUR WAY,DRY,INJURY AND / OR TOW DUE TO CRASH,Y,UNABLE TO DETERMINE,1308,W,NORTH AVE,,"REPORTED, NOT EVIDENT",0,0,0,17,5,3,41.91083751,-87.66083378
4/10/2018 10:15,25,NO CONTROLS,CLEAR,DAYLIGHT,DIVIDED - W/MEDIAN BARRIER,DRY,INJURY AND / OR TOW DUE TO CRASH,Y,FAILING TO YIELD RIGHT-OF-WAY,1835,W,HOWARD ST,,NONINCAPACITATING INJURY,0,0,1,10,3,4,42.01929855,-87.67709921
08/19/2019 07:10:00 AM,25,STOP SIGN/FLASHER,CLEAR,DAYLIGHT,NOT DIVIDED,DRY,INJURY AND / OR TOW DUE TO CRASH,,UNABLE TO DETERMINE,6058,S,MONITOR AVE,,NONINCAPACITATING INJURY,0,0,1,7,2,8,41.78169274,-87.76812226
08/15/2020 10:30:00 AM,30,STOP SIGN/FLASHER,CLEAR,DAYLIGHT,FOUR WAY,DRY,NO INJURY / DRIVE AWAY,,UNABLE TO DETERMINE,9001,S,WESTERN AVE,,NO INDICATION OF INJURY,0,0,0,10,7,8,41.72996948,-87.68219639
10/22/2017 04:30:00 PM,30,TRAFFIC SIGNAL,RAIN,DAYLIGHT,NOT DIVIDED,WET,NO INJURY / DRIVE AWAY,,UNABLE TO DETERMINE,5131,N,BROADWAY,,NO INDICATION OF INJURY,0,0,0,16,1,10,41.97553286,-87.65969822
9/3/2020 13:34,30,TRAFFIC SIGNAL,CLEAR,DAYLIGHT,DIVIDED - W/MEDIAN (NOT RAISED),DRY,INJURY AND / OR TOW DUE TO CRASH,,DISREGARDING STOP SIGN,2434,S,ARCHER AVE,,INCAPACITATING INJURY,0,1,0,13,5,9,41.8484032,-87.64407957
06/14/2022 10:15:00 AM,25,TRAFFIC SIGNAL,CLEAR,DAYLIGHT,FOUR WAY,DRY,NO INJURY / DRIVE AWAY,,UNABLE TO DETERMINE,3559,N,CALIFORNIA AVE,,NO INDICATION OF INJURY,0,0,0,10,3,6,41.94644643,-87.69787793
09/22/2022 05:07:00 PM,30,NO CONTROLS,CLEAR,DAYLIGHT,ONE-WAY,DRY,INJURY AND / OR TOW DUE TO CRASH,,UNABLE TO DETERMINE,433,W,VAN BUREN ST,Y,NONINCAPACITATING INJURY,0,0,1,17,5,9,41.87666743,-87.63917766
12/21/2020 06:25:00 PM,30,TRAFFIC SIGNAL,RAIN,"DARKNESS, LIGHTED ROAD",FOUR WAY,WET,INJURY AND / OR TOW DUE TO CRASH,,UNABLE TO DETERMINE,1000,W,MONTROSE AVE,,NONINCAPACITATING INJURY,0,0,1,18,2,12,41.96188808,-87.654772
05/17/2023 08:39:00 AM,30,TRAFFIC SIGNAL,CLEAR,DAYLIGHT,FOUR WAY,DRY,INJURY AND / OR TOW DUE TO CRASH,,FAILING TO REDUCE SPEED TO AVOID CRASH,697,W,18TH ST,,NONINCAPACITATING INJURY,0,0,1,8,4,5,41.85746377,-87.64475879
12/21/2018 07:50:00 AM,30,NO CONTROLS,CLEAR,DARKNESS,NOT DIVIDED,DRY,NO INJURY / DRIVE AWAY,Y,UNABLE TO DETERMINE,1226,N,WELLS ST,,NO INDICATION OF INJURY,0,0,0,7,6,12,41.90470619,-87.63465666
08/13/2018 05:00:00 PM,30,NO CONTROLS,UNKNOWN,DAYLIGHT,NOT DIVIDED,UNKNOWN,INJURY AND / OR TOW DUE TO CRASH,,DRIVING SKILLS/KNOWLEDGE/EXPERIENCE,3349,N,HALSTED ST,Y,"REPORTED, NOT EVIDENT",0,0,0,17,2,8,41.94325811,-87.64921975
6/1/2018 18:47,30,NO CONTROLS,CLEAR,DAYLIGHT,NOT DIVIDED,DRY,NO INJURY / DRIVE AWAY,,UNABLE TO DETERMINE,200,W,104TH PL,,NO INDICATION OF INJURY,0,0,0,18,6,6,41.70447823,-87.62833464
5/5/2023 6:50,25,STOP SIGN/FLASHER,CLEAR,DAYLIGHT,NOT DIVIDED,DRY,INJURY AND / OR TOW DUE TO CRASH,,UNABLE TO DETERMINE,1704,W,GRANVILLE AVE,,NONINCAPACITATING INJURY,0,0,1,6,6,5,41.99451502,-87.67212282
07/24/2020 11:52:00 PM,30,NO CONTROLS,CLEAR,"DARKNESS, LIGHTED ROAD",ONE-WAY,DRY,NO INJURY / DRIVE AWAY,Y,FAILING TO YIELD RIGHT-OF-WAY,4760,N,ST LOUIS AVE,,NO INDICATION OF INJURY,0,0,0,23,6,7,41.96828276,-87.71595265
07/28/2023 01:12:00 PM,30,NO CONTROLS,CLEAR,DAYLIGHT,NOT DIVIDED,DRY,INJURY AND / OR TOW DUE TO CRASH,,UNABLE TO DETERMINE,1217,W,WEBSTER AVE,,NONINCAPACITATING INJURY,0,0,1,13,6,7,41.92154429,-87.65907064
09/19/2018 02:00:00 PM,25,NO CONTROLS,CLEAR,DAYLIGHT,NOT DIVIDED,DRY,INJURY AND / OR TOW DUE TO CRASH,,UNABLE TO DETERMINE,4419,W,ARMITAGE AVE,Y,NONINCAPACITATING INJURY,0,0,1,14,4,9,41.91692445,-87.73721564
09/22/2021 05:18:00 AM,30,NO CONTROLS,RAIN,"DARKNESS, LIGHTED ROAD",Y-INTERSECTION,WET,INJURY AND / OR TOW DUE TO CRASH,,UNABLE TO DETERMINE,5151,N,MILWAUKEE AVE,,NONINCAPACITATING INJURY,0,0,1,5,4,9,41.97409445,-87.76614884
6/8/2017 20:10,30,NO CONTROLS,CLEAR,DUSK,ALLEY,DRY,INJURY AND / OR TOW DUE TO CRASH,Y,UNABLE TO DETERMINE,3851,W,LEXINGTON ST,,"REPORTED, NOT EVIDENT",0,0,0,20,5,6,41.87155542,-87.72233
8/10/2019 9:36,30,NO CONTROLS,CLEAR,DAYLIGHT,NOT DIVIDED,DRY,INJURY AND / OR TOW DUE TO CRASH,,FOLLOWING TOO CLOSELY,3111,W,26TH ST,,NONINCAPACITATING INJURY,0,0,2,9,7,8,41.8444305,-87.70306771
09/13/2023 11:40:00 PM,30,TRAFFIC SIGNAL,CLEAR,"DARKNESS, LIGHTED ROAD",NOT DIVIDED,DRY,NO INJURY / DRIVE AWAY,,UNABLE TO DETERMINE,2600,N,KIMBALL AVE,,NO INDICATION OF INJURY,0,0,0,23,4,9,41.92836439,-87.71234897
04/29/2021 10:26:00 PM,30,NO CONTROLS,CLEAR,"DARKNESS, LIGHTED ROAD",DIVIDED - W/MEDIAN BARRIER,DRY,INJURY AND / OR TOW DUE TO CRASH,Y,UNABLE TO DETERMINE,4458,W,CERMAK RD,,NONINCAPACITATING INJURY,0,0,1,22,5,4,41.85147612,-87.73685233
08/15/2020 06:01:00 PM,30,NO CONTROLS,CLEAR,DAYLIGHT,DIVIDED - W/MEDIAN BARRIER,DRY,INJURY AND / OR TOW DUE TO CRASH,,FAILING TO YIELD RIGHT-OF-WAY,2233,W,IRVING PARK RD,,NONINCAPACITATING INJURY,0,0,1,18,7,8,41.95395607,-87.68488614
3/10/2018 14:50,25,NO CONTROLS,CLEAR,DAYLIGHT,DIVIDED - W/MEDIAN (NOT RAISED),DRY,NO INJURY / DRIVE AWAY,,UNABLE TO DETERMINE,5904,W,59TH ST,,NO INDICATION OF INJURY,0,0,0,14,7,3,41.78535472,-87.76958687
08/15/2018 05:38:00 PM,35,TRAFFIC SIGNAL,CLOUDY/OVERCAST,DAYLIGHT,NOT DIVIDED,DRY,NO INJURY / DRIVE AWAY,Y,DISREGARDING TRAFFIC SIGNALS,1431,W,WILSON AVE,,NO INDICATION OF INJURY,0,0,0,17,4,8,41.96516201,-87.6666664
04/30/2018 08:15:00 PM,30,STOP SIGN/FLASHER,CLEAR,DARKNESS,NOT DIVIDED,DRY,INJURY AND / OR TOW DUE TO CRASH,,UNABLE TO DETERMINE,1199,E,65TH ST,,NONINCAPACITATING INJURY,0,0,1,20,2,4,41.77677137,-87.59617874
7/6/2022 21:30,30,NO CONTROLS,CLEAR,"DARKNESS, LIGHTED ROAD",NOT DIVIDED,DRY,INJURY AND / OR TOW DUE TO CRASH,,UNABLE TO DETERMINE,1399,N,WELLS ST,,NONINCAPACITATING INJURY,0,0,1,21,4,7,41.90761956,-87.63445751
10/20/2018 07:55:00 AM,30,NO CONTROLS,CLEAR,DAYLIGHT,NOT DIVIDED,DRY,INJURY AND / OR TOW DUE TO CRASH,,UNABLE TO DETERMINE,6200,W,HIGGINS AVE,,NONINCAPACITATING INJURY,0,0,2,7,7,10,41.97484744,-87.78304538
07/23/2019 03:05:00 PM,30,TRAFFIC SIGNAL,CLEAR,DAYLIGHT,DIVIDED - W/MEDIAN (NOT RAISED),DRY,NO INJURY / DRIVE AWAY,Y,IMPROPER TURNING/NO SIGNAL,600,W,ROOSEVELT RD,,NO INDICATION OF INJURY,0,0,0,15,3,7,41.86732839,-87.64226424
12/8/2021 16:14,35,STOP SIGN/FLASHER,CLEAR,"DARKNESS, LIGHTED ROAD",NOT DIVIDED,DRY,INJURY AND / OR TOW DUE TO CRASH,,FAILING TO REDUCE SPEED TO AVOID CRASH,4632,W,65TH ST,,NONINCAPACITATING INJURY,0,0,1,16,4,12,41.7749421,-87.73848744
08/29/2019 06:39:00 PM,30,STOP SIGN/FLASHER,CLEAR,DAYLIGHT,FOUR WAY,DRY,INJURY AND / OR TOW DUE TO CRASH,,"VISION OBSCURED (SIGNS, TREE LIMBS, BUILDINGS, ETC.)",699,E,81ST ST,,NONINCAPACITATING INJURY,0,0,1,18,5,8,41.74747662,-87.60761336
03/29/2019 04:38:00 PM,30,TRAFFIC SIGNAL,CLEAR,DAYLIGHT,NOT DIVIDED,DRY,INJURY AND / OR TOW DUE TO CRASH,,FAILING TO YIELD RIGHT-OF-WAY,1500,W,FULLERTON AVE,,"REPORTED, NOT EVIDENT",0,0,0,16,6,3,41.92529249,-87.66583204
05/14/2018 09:20:00 PM,30,STOP SIGN/FLASHER,RAIN,"DARKNESS, LIGHTED ROAD",ONE-WAY,WET,NO INJURY / DRIVE AWAY,,WEATHER,3200,S,UNION AVE,,NO INDICATION OF INJURY,0,0,0,21,2,5,41.8361603,-87.64394304
09/13/2020 07:50:00 PM,30,TRAFFIC SIGNAL,CLEAR,DARKNESS,FOUR WAY,DRY,INJURY AND / OR TOW DUE TO CRASH,,UNABLE TO DETERMINE,11500,S,STATE ST,,NONINCAPACITATING INJURY,0,0,1,19,1,9,41.68526063,-87.62303448
8/7/2021 11:05,30,NO CONTROLS,CLEAR,DAYLIGHT,NOT DIVIDED,DRY,INJURY AND / OR TOW DUE TO CRASH,,UNABLE TO DETERMINE,2450,N,CLARK ST,,NONINCAPACITATING INJURY,0,0,1,11,7,8,41.92686645,-87.64141216
05/15/2017 01:45:00 PM,35,STOP SIGN/FLASHER,CLEAR,DAYLIGHT,NOT DIVIDED,DRY,NO INJURY / DRIVE AWAY,,FAILING TO REDUCE SPEED TO AVOID CRASH,4000,W,KINZIE ST,,NO INDICATION OF INJURY,0,0,0,13,2,5,41.88787834,-87.72599183
7/11/2018 12:00,30,TRAFFIC SIGNAL,CLEAR,DAYLIGHT,NOT DIVIDED,DRY,NO INJURY / DRIVE AWAY,,DISREGARDING TRAFFIC SIGNALS,235,N,ASHLAND AVE,,NO INDICATION OF INJURY,0,0,0,12,4,7,41.88649138,-87.66686458
08/23/2017 07:50:00 AM,35,TRAFFIC SIGNAL,CLEAR,DAYLIGHT,CENTER TURN LANE,DRY,NO INJURY / DRIVE AWAY,,FAILING TO YIELD RIGHT-OF-WAY,1700,W,NORTH AVE,,NO INDICATION OF INJURY,0,0,0,7,4,8,41.91070611,-87.6701982
05/19/2022 09:00:00 PM,20,NO CONTROLS,CLEAR,"DARKNESS, LIGHTED ROAD",ALLEY,DRY,INJURY AND / OR TOW DUE TO CRASH,,UNABLE TO DETERMINE,1101,N,PARKSIDE AVE,,NONINCAPACITATING INJURY,0,0,1,21,5,5,41.90039421,-87.76665751
05/14/2021 04:53:00 PM,30,UNKNOWN,CLEAR,DAYLIGHT,NOT DIVIDED,DRY,INJURY AND / OR TOW DUE TO CRASH,,IMPROPER TURNING/NO SIGNAL,710,N,FAIRBANKS CT,,"REPORTED, NOT EVIDENT",0,0,0,16,6,5,41.8954036,-87.62048261
06/19/2020 10:30:00 PM,30,UNKNOWN,UNKNOWN,UNKNOWN,DIVIDED - W/MEDIAN (NOT RAISED),UNKNOWN,NO INJURY / DRIVE AWAY,Y,UNABLE TO DETERMINE,6501,W,ARCHER AVE,,NO INDICATION OF INJURY,0,0,0,22,6,6,41.79218526,-87.78430878
8/5/2018 20:45,30,STOP SIGN/FLASHER,CLEAR,DARKNESS,ONE-WAY,DRY,INJURY AND / OR TOW DUE TO CRASH,,FAILING TO YIELD RIGHT-OF-WAY,3499,S,WOLCOTT AVE,,NONINCAPACITATING INJURY,0,0,1,20,1,8,41.83046559,-87.67269509
9/12/2023 15:14,30,STOP SIGN/FLASHER,CLEAR,DAYLIGHT,FOUR WAY,DRY,INJURY AND / OR TOW DUE TO CRASH,,UNABLE TO DETERMINE,7100,S,WASHTENAW AVE,Y,NONINCAPACITATING INJURY,0,0,1,15,3,9,41.76448353,-87.69072738
04/20/2020 07:00:00 AM,30,NO CONTROLS,CLEAR,DAYLIGHT,NOT DIVIDED,DRY,INJURY AND / OR TOW DUE TO CRASH,,DRIVING SKILLS/KNOWLEDGE/EXPERIENCE,3448,W,26TH ST,,"REPORTED, NOT EVIDENT",0,0,0,7,2,4,41.84453337,-87.71186969
09/13/2018 08:00:00 AM,0,NO CONTROLS,CLEAR,DAYLIGHT,ONE-WAY,DRY,INJURY AND / OR TOW DUE TO CRASH,,"VISION OBSCURED (SIGNS, TREE LIMBS, BUILDINGS, ETC.)",4345,N,OAKLEY AVE,,NONINCAPACITATING INJURY,0,0,1,8,5,9,41.96086116,-87.68609385
7/3/2021 10:30,30,NO CONTROLS,CLEAR,DAYLIGHT,T-INTERSECTION,DRY,NO INJURY / DRIVE AWAY,,UNABLE TO DETERMINE,13200,S,INDIANA AVE,,NO INDICATION OF INJURY,0,0,0,10,7,7,41.65531048,-87.61741218
11/21/2016 11:00:00 AM,30,TRAFFIC SIGNAL,CLEAR,DAYLIGHT,ONE-WAY,DRY,INJURY AND / OR TOW DUE TO CRASH,,DISREGARDING TRAFFIC SIGNALS,1559,W,GARFIELD BLVD,,NONINCAPACITATING INJURY,0,0,1,11,2,11,41.79355321,-87.66451502
4/10/2023 17:45,15,NO CONTROLS,CLEAR,DAYLIGHT,ALLEY,DRY,INJURY AND / OR TOW DUE TO CRASH,,FAILING TO YIELD RIGHT-OF-WAY,3311,W,BELMONT AVE,,NONINCAPACITATING INJURY,0,0,1,17,2,4,41.93919029,-87.71050297
5/1/2020 13:30,30,NO CONTROLS,CLEAR,DAYLIGHT,NOT DIVIDED,DRY,INJURY AND / OR TOW DUE TO CRASH,,FAILING TO REDUCE SPEED TO AVOID CRASH,2646,E,75TH ST,,NONINCAPACITATING INJURY,0,0,1,13,6,5,41.75937887,-87.55982756
8/2/2019 7:30,30,TRAFFIC SIGNAL,CLEAR,DAYLIGHT,NOT DIVIDED,DRY,INJURY AND / OR TOW DUE TO CRASH,,FAILING TO REDUCE SPEED TO AVOID CRASH,4801,N,NAGLE AVE,,NONINCAPACITATING INJURY,0,0,1,7,6,8,41.96843392,-87.78786656
9/3/2023 22:22,30,NO CONTROLS,CLEAR,"DARKNESS, LIGHTED ROAD",NOT DIVIDED,DRY,INJURY AND / OR TOW DUE TO CRASH,Y,IMPROPER OVERTAKING/PASSING,3629,N,WOLCOTT AVE,,INCAPACITATING INJURY,0,1,0,22,1,9,41.94777404,-87.6760072
1/2/2022 15:45,20,STOP SIGN/FLASHER,CLEAR,DAYLIGHT,FOUR WAY,DRY,NO INJURY / DRIVE AWAY,Y,DISREGARDING STOP SIGN,9900,S,THROOP ST,,NO INDICATION OF INJURY,0,0,0,15,1,1,41.71395125,-87.65531356
10/18/2023 05:09:00 PM,30,NO CONTROLS,CLEAR,DAYLIGHT,NOT DIVIDED,DRY,INJURY AND / OR TOW DUE TO CRASH,,NOT APPLICABLE,5500,W,LAWRENCE AVE,,NONINCAPACITATING INJURY,0,0,1,17,4,10,41.96791605,-87.76508034
1/11/2022 9:22,30,NO CONTROLS,CLEAR,DAYLIGHT,PARKING LOT,DRY,INJURY AND / OR TOW DUE TO CRASH,Y,UNABLE TO DETERMINE,2790,N,HALSTED ST,,NONINCAPACITATING INJURY,0,0,1,9,3,1,41.93268568,-87.64915774
11/2/2019 12:28,30,NO CONTROLS,CLEAR,DAYLIGHT,NOT DIVIDED,DRY,NO INJURY / DRIVE AWAY,,UNABLE TO DETERMINE,99,S,WESTERN AVE,,NO INDICATION OF INJURY,0,0,0,12,7,11,41.87985888,-87.68625207
06/21/2021 09:06:00 PM,35,NO CONTROLS,CLEAR,"DARKNESS, LIGHTED ROAD",DIVIDED - W/MEDIAN (NOT RAISED),DRY,NO INJURY / DRIVE AWAY,,DRIVING SKILLS/KNOWLEDGE/EXPERIENCE,2140,N,HALSTED ST,Y,NO INDICATION OF INJURY,0,0,0,21,2,6,41.92121406,-87.64876203
07/25/2021 09:10:00 PM,15,STOP SIGN/FLASHER,CLEAR,"DARKNESS, LIGHTED ROAD",T-INTERSECTION,UNKNOWN,INJURY AND / OR TOW DUE TO CRASH,,UNABLE TO DETERMINE,1209,S,INDIANA AVE,,NONINCAPACITATING INJURY,0,0,1,21,1,7,41.86719304,-87.62240145
07/28/2022 09:00:00 AM,30,TRAFFIC SIGNAL,CLEAR,DAYLIGHT,FOUR WAY,DRY,INJURY AND / OR TOW DUE TO CRASH,,IMPROPER TURNING/NO SIGNAL,150,W,WASHINGTON ST,,NONINCAPACITATING INJURY,0,0,1,9,5,7,41.88331821,-87.6324813
08/25/2022 07:30:00 PM,30,NO CONTROLS,CLEAR,DUSK,DIVIDED - W/MEDIAN (NOT RAISED),DRY,INJURY AND / OR TOW DUE TO CRASH,Y,IMPROPER TURNING/NO SIGNAL,5256,W,DIVERSEY AVE,,NONINCAPACITATING INJURY,0,0,1,19,5,8,41.93148114,-87.75867599
04/18/2019 09:40:00 PM,30,NO CONTROLS,CLEAR,"DARKNESS, LIGHTED ROAD",DIVIDED - W/MEDIAN BARRIER,DRY,NO INJURY / DRIVE AWAY,Y,FAILING TO REDUCE SPEED TO AVOID CRASH,2627,N,KEDZIE AVE,,NO INDICATION OF INJURY,0,0,0,21,5,4,41.92922405,-87.70721511
01/29/2018 01:50:00 PM,30,NO CONTROLS,CLEAR,DAYLIGHT,OTHER,DRY,NO INJURY / DRIVE AWAY,,DISREGARDING TRAFFIC SIGNALS,100,S,WELLS ST,,NO INDICATION OF INJURY,0,0,0,13,2,1,41.88062528,-87.63394362
8/5/2022 18:30,30,UNKNOWN,UNKNOWN,UNKNOWN,NOT DIVIDED,UNKNOWN,INJURY AND / OR TOW DUE TO CRASH,Y,UNABLE TO DETERMINE,3328,W,56TH ST,,INCAPACITATING INJURY,0,1,0,18,6,8,41.79175558,-87.70712483
05/15/2019 06:00:00 PM,30,STOP SIGN/FLASHER,CLEAR,DAYLIGHT,FOUR WAY,DRY,INJURY AND / OR TOW DUE TO CRASH,,UNABLE TO DETERMINE,2700,W,DIVISION ST,,NONINCAPACITATING INJURY,0,0,1,18,4,5,41.90305629,-87.69454089
9/9/2021 14:02,30,NO CONTROLS,CLEAR,DAYLIGHT,NOT DIVIDED,DRY,INJURY AND / OR TOW DUE TO CRASH,Y,FAILING TO YIELD RIGHT-OF-WAY,2303,N,CLYBOURN AVE,,NONINCAPACITATING INJURY,0,0,1,14,5,9,41.92383827,-87.66728675
10/14/2020 07:30:00 AM,30,NO CONTROLS,CLEAR,DAYLIGHT,DIVIDED - W/MEDIAN (NOT RAISED),DRY,INJURY AND / OR TOW DUE TO CRASH,,UNABLE TO DETERMINE,1025,W,VAN BUREN ST,Y,"REPORTED, NOT EVIDENT",0,0,0,7,4,10,41.87647472,-87.6529463
9/12/2018 7:51,30,NO CONTROLS,CLEAR,DAYLIGHT,NOT DIVIDED,DRY,INJURY AND / OR TOW DUE TO CRASH,,FAILING TO YIELD RIGHT-OF-WAY,1936,N,DAMEN AVE,Y,INCAPACITATING INJURY,0,1,0,7,4,9,41.91691653,-87.67774348
08/27/2023 11:38:00 AM,30,NO CONTROLS,CLEAR,DAYLIGHT,NOT DIVIDED,DRY,INJURY AND / OR TOW DUE TO CRASH,,FAILING TO YIELD RIGHT-OF-WAY,4072,N,BROADWAY,Y,NONINCAPACITATING INJURY,0,0,1,11,1,8,41.95638759,-87.65187455
10/19/2022 05:15:00 PM,30,STOP SIGN/FLASHER,CLEAR,DAYLIGHT,FOUR WAY,DRY,NO INJURY / DRIVE AWAY,,UNABLE TO DETERMINE,3100,W,LELAND AVE,,NO INDICATION OF INJURY,0,0,0,17,4,10,41.96675774,-87.70603571