CRASH_DATE,POSTED_SPEED_LIMIT,TRAFFIC_CONTROL_DEVICE,WEATHER_CONDITION,LIGHTING_CONDITION,TRAFFICWAY_TYPE,ROADWAY_SURFACE_COND,CRASH_TYPE,HIT_AND_RUN_I,PRIM_CONTRIBUTORY_CAUSE,STREET_NO,STREET_DIRECTION,STREET_NAME,DOORING_I,MOST_SEVERE_INJURY,INJURIES_FATAL,INJURIES_INCAPACITATING,INJURIES_NON_INCAPACITATING,CRASH_HOUR,CRASH_DAY_OF_WEEK,CRASH_MONTH,LATITUDE,LONGITUDE
06/14/2019 11:50:00 PM,20,NO CONTROLS,CLEAR,"DARKNESS, LIGHTED ROAD",ONE-WAY,DRY,NO INJURY / DRIVE AWAY,Y,UNABLE TO DETERMINE,1516,E,65TH PL,,NO INDICATION OF INJURY,0,0,0,23,6,6,41.77617711,-87.58813995
04/24/2016 05:11:00 PM,15,NO CONTROLS,CLEAR,DAYLIGHT,ALLEY,DRY,INJURY AND / OR TOW DUE TO CRASH,,FAILING TO YIELD RIGHT-OF-WAY,548,N,HAMLIN AVE,,NONINCAPACITATING INJURY,0,0,1,17,1,4,41.89136273,-87.72122366
07/29/2018 10:21:00 PM,30,TRAFFIC SIGNAL,CLEAR,"DARKNESS, LIGHTED ROAD",ONE-WAY,DRY,INJURY AND / OR TOW DUE TO CRASH,,NOT APPLICABLE,299,W,ONTARIO ST,,NONINCAPACITATING INJURY,0,0,1,22,1,7,41.89305843,-87.63553769
6/4/2019 21:50,30,NO CONTROLS,CLEAR,"DARKNESS, LIGHTED ROAD",PARKING LOT,DRY,NO INJURY / DRIVE AWAY,,FAILING TO YIELD RIGHT-OF-WAY,4443,N,SHERIDAN RD,,NO INDICATION OF INJURY,0,0,0,21,3,6,41.9630081,-87.65461307
06/27/2022 08:15:00 PM,30,NO CONTROLS,CLEAR,DUSK,NOT DIVIDED,DRY,INJURY AND / OR TOW DUE TO CRASH,,DRIVING SKILLS/KNOWLEDGE/EXPERIENCE,3413,N,SOUTHPORT AVE,Y,NONINCAPACITATING INJURY,0,0,1,20,2,6,41.9438456,-87.66378194
07/25/2022 04:49:00 AM,30,TRAFFIC SIGNAL,CLEAR,DAYLIGHT,NOT DIVIDED,DRY,INJURY AND / OR TOW DUE TO CRASH,,FAILING TO YIELD RIGHT-OF-WAY,4100,N,CICERO AVE,,NONINCAPACITATING INJURY,0,0,1,4,2,7,41.95525028,-87.74750161
9/12/2021 19:46,30,STOP SIGN/FLASHER,CLEAR,"DARKNESS, LIGHTED ROAD",DIVIDED - W/MEDIAN (NOT RAISED),DRY,INJURY AND / OR TOW DUE TO CRASH,Y,UNABLE TO DETERMINE,3200,N,OLCOTT AVE,,INCAPACITATING INJURY,0,1,0,19,1,9,41.9380486,-87.81422685
05/30/2019 05:05:00 AM,15,NO CONTROLS,RAIN,"DARKNESS, LIGHTED ROAD",ALLEY,WET,INJURY AND / OR TOW DUE TO CRASH,,UNABLE TO DETERMINE,5776,N,RIDGE AVE,,"REPORTED, NOT EVIDENT",0,0,0,5,5,5,41.98694263,-87.66571932
06/25/2022 09:45:00 AM,30,NO CONTROLS,RAIN,DAYLIGHT,NOT DIVIDED,WET,INJURY AND / OR TOW DUE TO CRASH,,UNABLE TO DETERMINE,5463,N,DAMEN AVE,Y,NONINCAPACITATING INJURY,0,0,1,9,7,6,41.98144278,-87.67942109
07/24/2019 12:30:00 PM,30,NO CONTROLS,CLEAR,DAYLIGHT,DIVIDED - W/MEDIAN (NOT RAISED),DRY,INJURY AND / OR TOW DUE TO CRASH,Y,UNABLE TO DETERMINE,4055,N,BROADWAY,Y,NONINCAPACITATING INJURY,0,0,1,12,4,7,41.95601827,-87.6513131
08/19/2023 06:15:00 PM,30,TRAFFIC SIGNAL,CLEAR,DAWN,NOT DIVIDED,DRY,NO INJURY / DRIVE AWAY,,IMPROPER LANE USAGE,358,W,GRAND AVE,,NO INDICATION OF INJURY,0,0,0,18,7,8,41.89164386,-87.63782853
10/7/2023 10:22,30,TRAFFIC SIGNAL,CLEAR,DAYLIGHT,FOUR WAY,DRY,INJURY AND / OR TOW DUE TO CRASH,,FAILING TO YIELD RIGHT-OF-WAY,4000,N,CLARK ST,,NONINCAPACITATING INJURY,0,0,1,10,7,10,41.95443244,-87.66244626
9/2/2021 12:24,30,NO CONTROLS,CLEAR,DAYLIGHT,NOT DIVIDED,DRY,INJURY AND / OR TOW DUE TO CRASH,,UNABLE TO DETERMINE,5635,S,WESTERN AVE,,NONINCAPACITATING INJURY,0,0,1,12,5,9,41.79122882,-87.6838212
09/21/2017 08:45:00 AM,30,NO CONTROLS,CLEAR,DAYLIGHT,NOT DIVIDED,DRY,INJURY AND / OR TOW DUE TO CRASH,,FAILING TO YIELD RIGHT-OF-WAY,1150,N,WELLS ST,N,NONINCAPACITATING INJURY,0,0,1,8,5,9,41.90358362,-87.6346165
06/22/2021 06:00:00 PM,30,NO CONTROLS,CLEAR,DAYLIGHT,DIVIDED - W/MEDIAN (NOT RAISED),DRY,INJURY AND / OR TOW DUE TO CRASH,,UNABLE TO DETERMINE,1012,W,RANDOLPH ST,,NONINCAPACITATING INJURY,0,0,1,18,3,6,41.88442576,-87.65268989
08/25/2020 03:55:00 PM,25,NO CONTROLS,CLEAR,DAYLIGHT,NOT DIVIDED,DRY,INJURY AND / OR TOW DUE TO CRASH,,UNABLE TO DETERMINE,2,S,DAMEN AVE,,NONINCAPACITATING INJURY,0,0,1,15,3,8,41.88124767,-87.67678783
6/1/2023 18:40,30,NO CONTROLS,CLEAR,DAYLIGHT,DIVIDED - W/MEDIAN (NOT RAISED),DRY,NO INJURY / DRIVE AWAY,,UNABLE TO DETERMINE,1519,N,MILWAUKEE AVE,,NO INDICATION OF INJURY,0,0,0,18,5,6,41.90919964,-87.67539876
05/22/2019 06:24:00 PM,25,UNKNOWN,CLEAR,DAYLIGHT,NOT DIVIDED,DRY,INJURY AND / OR TOW DUE TO CRASH,Y,DRIVING SKILLS/KNOWLEDGE/EXPERIENCE,999,W,RANDOLPH ST,N,"REPORTED, NOT EVIDENT",0,0,0,18,4,5,41.88421766,-87.65204176
05/16/2018 07:20:00 AM,30,TRAFFIC SIGNAL,CLEAR,DAYLIGHT,NOT DIVIDED,DRY,INJURY AND / OR TOW DUE TO CRASH,Y,UNABLE TO DETERMINE,6300,S,WENTWORTH AVE,,NONINCAPACITATING INJURY,0,0,1,7,4,5,41.77990261,-87.63029381
10/24/2019 05:05:00 PM,30,NO CONTROLS,CLEAR,DAYLIGHT,NOT DIVIDED,DRY,INJURY AND / OR TOW DUE TO CRASH,,UNABLE TO DETERMINE,442,W,CHICAGO AVE,,"REPORTED, NOT EVIDENT",0,0,0,17,5,10,41.89661829,-87.64035535
05/31/2023 04:24:00 PM,30,NO CONTROLS,CLEAR,DAYLIGHT,OTHER,DRY,INJURY AND / OR TOW DUE TO CRASH,,FAILING TO REDUCE SPEED TO AVOID CRASH,5420,W,LAWRENCE AVE,,"REPORTED, NOT EVIDENT",0,0,0,16,4,5,41.96782601,-87.76342166
07/16/2023 04:00:00 PM,30,TRAFFIC SIGNAL,CLEAR,DAYLIGHT,NOT DIVIDED,DRY,NO INJURY / DRIVE AWAY,Y,UNABLE TO DETERMINE,1600,W,ADDISON ST,,NO INDICATION OF INJURY,0,0,0,16,1,7,41.94709973,-87.66892175
08/19/2019 02:45:00 PM,30,TRAFFIC SIGNAL,CLEAR,DAYLIGHT,FOUR WAY,DRY,NO INJURY / DRIVE AWAY,,BICYCLE ADVANCING LEGALLY ON RED LIGHT,2000,W,MADISON ST,,NO INDICATION OF INJURY,0,0,0,14,2,8,41.88142259,-87.67670648
08/29/2023 02:25:00 PM,30,STOP SIGN/FLASHER,CLEAR,DAYLIGHT,ONE-WAY,DRY,INJURY AND / OR TOW DUE TO CRASH,Y,UNABLE TO DETERMINE,4902,W,SUPERIOR ST,,NONINCAPACITATING INJURY,0,0,2,14,3,8,41.89414246,-87.74842012
10/17/2017 07:10:00 AM,25,TRAFFIC SIGNAL,CLEAR,DAYLIGHT,NOT DIVIDED,DRY,INJURY AND / OR TOW DUE TO CRASH,Y,FAILING TO YIELD RIGHT-OF-WAY,4800,N,HAMLIN AVE,,"REPORTED, NOT EVIDENT",0,0,0,7,3,10,41.96838329,-87.72329203
8/7/2017 16:26,25,STOP SIGN/FLASHER,CLEAR,DAYLIGHT,NOT DIVIDED,DRY,INJURY AND / OR TOW DUE TO CRASH,,FAILING TO YIELD RIGHT-OF-WAY,4200,N,CALIFORNIA AVE,,"REPORTED, NOT EVIDENT",0,0,0,16,2,8,41.95768813,-87.69850139
09/14/2016 05:00:00 PM,30,NO CONTROLS,CLEAR,DAYLIGHT,DIVIDED - W/MEDIAN (NOT RAISED),DRY,NO INJURY / DRIVE AWAY,,UNABLE TO DETERMINE,3843,N,CALIFORNIA AVE,,NO INDICATION OF INJURY,0,0,0,17,4,9,41.95161045,-87.69802624
10/17/2022 02:45:00 PM,25,STOP SIGN/FLASHER,CLEAR,DAYLIGHT,NOT DIVIDED,UNKNOWN,INJURY AND / OR TOW DUE TO CRASH,,UNABLE TO DETERMINE,6098,W,HIGGINS AVE,N,NONINCAPACITATING INJURY,0,0,1,14,2,10,41.97402789,-87.78052046
05/22/2020 03:20:00 PM,30,NO CONTROLS,CLEAR,DAYLIGHT,NOT DIVIDED,DRY,INJURY AND / OR TOW DUE TO CRASH,Y,UNABLE TO DETERMINE,3835,N,MILWAUKEE AVE,,NONINCAPACITATING INJURY,0,0,1,15,6,5,41.95076071,-87.74274893
7/7/2023 13:18,20,NO CONTROLS,CLEAR,DAYLIGHT,ALLEY,DRY,INJURY AND / OR TOW DUE TO CRASH,,NOT APPLICABLE,4808,W,SUPERIOR ST,,NONINCAPACITATING INJURY,0,0,1,13,6,7,41.89415917,-87.74620378
05/15/2021 08:10:00 PM,35,TRAFFIC SIGNAL,CLOUDY/OVERCAST,"DARKNESS, LIGHTED ROAD",NOT DIVIDED,DRY,INJURY AND / OR TOW DUE TO CRASH,,FAILING TO YIELD RIGHT-OF-WAY,6400,N,CALDWELL AVE,,"REPORTED, NOT EVIDENT",0,0,0,20,7,5,41.99723149,-87.76681826
7/12/2018 18:10,30,TRAFFIC SIGNAL,CLEAR,DAYLIGHT,NOT DIVIDED,DRY,NO INJURY / DRIVE AWAY,,IMPROPER TURNING/NO SIGNAL,1056,W,ROOSEVELT RD,,NO INDICATION OF INJURY,0,0,0,18,5,7,41.86716277,-87.65324512
05/16/2023 08:50:00 AM,30,NO CONTROLS,CLEAR,DAYLIGHT,NOT DIVIDED,DRY,INJURY AND / OR TOW DUE TO CRASH,,UNABLE TO DETERMINE,2155,S,KEDZIE AVE,,NONINCAPACITATING INJURY,0,0,1,8,3,5,41.85201354,-87.70511529
6/6/2021 18:38,30,NO CONTROLS,CLEAR,DAYLIGHT,NOT DIVIDED,DRY,INJURY AND / OR TOW DUE TO CRASH,,IMPROPER TURNING/NO SIGNAL,7100,N,CLARK ST,,NONINCAPACITATING INJURY,0,0,1,18,1,6,42.01146046,-87.67459345
09/28/2016 02:24:00 PM,30,NO CONTROLS,RAIN,UNKNOWN,NOT DIVIDED,WET,INJURY AND / OR TOW DUE TO CRASH,Y,UNABLE TO DETERMINE,856,W,CHICAGO AVE,,"REPORTED, NOT EVIDENT",0,0,0,14,4,9,41.89646428,-87.64976139
05/26/2020 03:15:00 PM,30,STOP SIGN/FLASHER,RAIN,DAYLIGHT,FOUR WAY,WET,INJURY AND / OR TOW DUE TO CRASH,,DISREGARDING STOP SIGN,2200,N,SOUTHPORT AVE,Y,NONINCAPACITATING INJURY,0,0,1,15,3,5,41.92170732,-87.66334756
3/7/2023 19:58,30,NO CONTROLS,CLEAR,"DARKNESS, LIGHTED ROAD",DRIVEWAY,DRY,NO INJURY / DRIVE AWAY,,UNABLE TO DETERMINE,850,W,ADDISON ST,,NO INDICATION OF INJURY,0,0,0,19,3,3,41.94740046,-87.65151202
04/30/2021 04:25:00 PM,20,NO CONTROLS,CLEAR,DAYLIGHT,ONE-WAY,DRY,NO INJURY / DRIVE AWAY,,UNABLE TO DETERMINE,7100,S,WABASH AVE,,NO INDICATION OF INJURY,0,0,0,16,6,4,41.7654514,-87.62344125
07/25/2023 07:40:00 PM,30,TRAFFIC SIGNAL,CLEAR,DAYLIGHT,FOUR WAY,DRY,INJURY AND / OR TOW DUE TO CRASH,,UNABLE TO DETERMINE,100,W,18TH ST,,NONINCAPACITATING INJURY,0,0,1,19,3,7,41.85789931,-87.62950703
8/8/2023 17:03,30,TRAFFIC SIGNAL,CLEAR,DAYLIGHT,ONE-WAY,DRY,INJURY AND / OR TOW DUE TO CRASH,,DISREGARDING TRAFFIC SIGNALS,200,W,WASHINGTON ST,,NONINCAPACITATING INJURY,0,0,1,17,3,8,41.88332002,-87.63393327
07/31/2023 10:09:00 AM,30,STOP SIGN/FLASHER,CLEAR,DAYLIGHT,NOT DIVIDED,DRY,INJURY AND / OR TOW DUE TO CRASH,,IMPROPER OVERTAKING/PASSING,4102,N,LINCOLN AVE,,NONINCAPACITATING INJURY,0,0,1,10,2,7,41.95601523,-87.68022614
06/27/2016 07:00:00 PM,30,TRAFFIC SIGNAL,CLEAR,DUSK,DIVIDED - W/MEDIAN (NOT RAISED),DRY,INJURY AND / OR TOW DUE TO CRASH,,UNABLE TO DETERMINE,1434,W,NORTH AVE,,INCAPACITATING INJURY,0,1,0,19,2,6,41.91078739,-87.66426125
10/7/2020 14:30,30,NO CONTROLS,CLEAR,DAYLIGHT,NOT DIVIDED,DRY,INJURY AND / OR TOW DUE TO CRASH,,FAILING TO YIELD RIGHT-OF-WAY,3831,N,BROADWAY,Y,NONINCAPACITATING INJURY,0,0,1,14,4,10,41.95214955,-87.64948749
6/2/2023 14:00,30,TRAFFIC SIGNAL,CLEAR,DAYLIGHT,FOUR WAY,DRY,NO INJURY / DRIVE AWAY,,UNABLE TO DETERMINE,2410,N,DAMEN AVE,,NO INDICATION OF INJURY,0,0,0,14,6,6,41.92534096,-87.6780654
07/25/2017 02:00:00 PM,30,NO CONTROLS,CLEAR,DAYLIGHT,NOT DIVIDED,DRY,NO INJURY / DRIVE AWAY,,UNABLE TO DETERMINE,7838,S,COTTAGE GROVE AVE,,NO INDICATION OF INJURY,0,0,0,14,3,7,41.7519405,-87.60536808
06/19/2018 08:30:00 PM,30,TRAFFIC SIGNAL,RAIN,"DARKNESS, LIGHTED ROAD",DIVIDED - W/MEDIAN (NOT RAISED),WET,INJURY AND / OR TOW DUE TO CRASH,Y,UNABLE TO DETERMINE,4701,S,CALIFORNIA AVE,,NONINCAPACITATING INJURY,0,0,1,20,3,6,41.80822148,-87.69405666
05/25/2019 07:20:00 PM,30,NO CONTROLS,CLEAR,DAYLIGHT,ONE-WAY,DRY,INJURY AND / OR TOW DUE TO CRASH,,UNABLE TO DETERMINE,3202,N,PITTSBURGH AVE,,NONINCAPACITATING INJURY,0,0,1,19,7,5,41.93776917,-87.83259042
9/10/2021 7:58,15,STOP SIGN/FLASHER,CLEAR,DAYLIGHT,ALLEY,DRY,INJURY AND / OR TOW DUE TO CRASH,,FAILING TO YIELD RIGHT-OF-WAY,6013,N,KEATING AVE,,NONINCAPACITATING INJURY,0,0,1,7,6,9,41.99035295,-87.74696429
03/24/2019 09:30:00 AM,30,STOP SIGN/FLASHER,CLOUDY/OVERCAST,DAYLIGHT,DIVIDED - W/MEDIAN (NOT RAISED),DRY,INJURY AND / OR TOW DUE TO CRASH,,DRIVING SKILLS/KNOWLEDGE/EXPERIENCE,4120,S,ARCHER AVE,,NONINCAPACITATING INJURY,0,0,1,9,1,3,41.81867081,-87.69700638
09/21/2023 09:20:00 AM,35,TRAFFIC SIGNAL,CLEAR,DAYLIGHT,NOT DIVIDED,DRY,INJURY AND / OR TOW DUE TO CRASH,,FAILING TO YIELD RIGHT-OF-WAY,800,W,111TH ST,,INCAPACITATING INJURY,0,1,0,9,5,9,41.69246536,-87.6424409
7/4/2017 18:00,30,UNKNOWN,CLEAR,DAYLIGHT,NOT DIVIDED,WET,INJURY AND / OR TOW DUE TO CRASH,Y,UNABLE TO DETERMINE,7200,S,LAFAYETTE AVE,,NONINCAPACITATING INJURY,0,0,1,18,3,7,41.76357429,-87.6266694
05/29/2020 06:00:00 PM,30,OTHER,CLEAR,DAYLIGHT,DIVIDED - W/MEDIAN BARRIER,DRY,INJURY AND / OR TOW DUE TO CRASH,Y,DISREGARDING ROAD MARKINGS,5101,S,DREXEL AVE,,NONINCAPACITATING INJURY,0,0,1,18,6,5,41.80222807,-87.60365681
08/28/2017 05:48:00 AM,30,STOP SIGN/FLASHER,CLEAR,DAYLIGHT,NOT DIVIDED,WET,INJURY AND / OR TOW DUE TO CRASH,,FAILING TO YIELD RIGHT-OF-WAY,7500,S,PEORIA ST,,NONINCAPACITATING INJURY,0,0,1,5,2,8,41.75761106,-87.64679658
04/30/2021 10:15:00 PM,30,NO CONTROLS,CLEAR,"DARKNESS, LIGHTED ROAD",NOT DIVIDED,DRY,INJURY AND / OR TOW DUE TO CRASH,Y,UNABLE TO DETERMINE,1701,W,DIVISION ST,,"REPORTED, NOT EVIDENT",0,0,0,22,6,4,41.90319559,-87.66996531
10/16/2018 11:50:00 AM,30,NO CONTROLS,CLEAR,DAYLIGHT,PARKING LOT,DRY,INJURY AND / OR TOW DUE TO CRASH,,UNABLE TO DETERMINE,7820,S,HALSTED ST,,"REPORTED, NOT EVIDENT",0,0,0,11,3,10,41.75179939,-87.64421856
9/10/2019 7:30,35,STOP SIGN/FLASHER,CLEAR,DAYLIGHT,FOUR WAY,DRY,INJURY AND / OR TOW DUE TO CRASH,,UNABLE TO DETERMINE,3900,W,WRIGHTWOOD AVE,,NONINCAPACITATING INJURY,0,0,1,7,3,9,41.92828731,-87.72449585
09/27/2017 04:44:00 PM,30,STOP SIGN/FLASHER,CLEAR,DAYLIGHT,NOT DIVIDED,DRY,INJURY AND / OR TOW DUE TO CRASH,,"VISION OBSCURED (SIGNS, TREE LIMBS, BUILDINGS, ETC.)",1801,W,18TH ST,,NONINCAPACITATING INJURY,0,0,1,16,4,9,41.85761104,-87.67121497
5/5/2021 7:14,30,NO CONTROLS,CLEAR,DAYLIGHT,DIVIDED - W/MEDIAN (NOT RAISED),DRY,INJURY AND / OR TOW DUE TO CRASH,Y,UNABLE TO DETERMINE,5359,S,CENTRAL AVE,,NONINCAPACITATING INJURY,0,0,1,7,4,5,41.79467577,-87.76222257
8/11/2023 7:30,30,TRAFFIC SIGNAL,CLEAR,DAYLIGHT,NOT DIVIDED,DRY,NO INJURY / DRIVE AWAY,Y,FAILING TO YIELD RIGHT-OF-WAY,200,N,GREEN ST,,NO INDICATION OF INJURY,0,0,0,7,6,8,41.8856992,-87.64878909
07/21/2023 10:04:00 PM,30,TRAFFIC SIGNAL,CLEAR,"DARKNESS, LIGHTED ROAD",NOT DIVIDED,DRY,INJURY AND / OR TOW DUE TO CRASH,Y,DISREGARDING TRAFFIC SIGNALS,998,W,NORTH AVE,,"REPORTED, NOT EVIDENT",0,0,0,22,6,7,41.91095138,-87.65301086
10/15/2019 02:18:00 PM,30,NO CONTROLS,CLEAR,DAYLIGHT,NOT DIVIDED,DRY,NO INJURY / DRIVE AWAY,,UNABLE TO DETERMINE,7000,W,SUMMERDALE AVE,,NO INDICATION OF INJURY,0,0,0,14,3,10,41.97801575,-87.80244557
10/9/2017 15:30,30,TRAFFIC SIGNAL,CLEAR,DAYLIGHT,ONE-WAY,DRY,NO INJURY / DRIVE AWAY,Y,FAILING TO YIELD RIGHT-OF-WAY,8700,S,LAFAYETTE AVE,,NO INDICATION OF INJURY,0,0,0,15,2,10,41.73616511,-87.62558757
05/21/2023 09:59:00 AM,30,STOP SIGN/FLASHER,CLEAR,DAYLIGHT,T-INTERSECTION,DRY,INJURY AND / OR TOW DUE TO CRASH,,FAILING TO YIELD RIGHT-OF-WAY,4058,E,112TH ST,,NONINCAPACITATING INJURY,0,0,1,9,1,5,41.69191186,-87.5247166
10/6/2022 17:38,30,UNKNOWN,RAIN,DUSK,NOT DIVIDED,WET,INJURY AND / OR TOW DUE TO CRASH,Y,FAILING TO YIELD RIGHT-OF-WAY,1098,W,BELMONT AVE,,NONINCAPACITATING INJURY,0,0,1,17,5,10,41.93998417,-87.65647879
10/4/2022 6:30,30,STOP SIGN/FLASHER,CLEAR,DAYLIGHT,ONE-WAY,DRY,NO INJURY / DRIVE AWAY,Y,DISREGARDING TRAFFIC SIGNALS,10758,S,AVENUE D,,NO INDICATION OF INJURY,0,0,0,6,3,10,41.69914557,-87.52832453
04/22/2018 04:05:00 PM,30,STOP SIGN/FLASHER,CLEAR,DAYLIGHT,ONE-WAY,DRY,INJURY AND / OR TOW DUE TO CRASH,,DRIVING ON WRONG SIDE/WRONG WAY,5600,S,FAIRFIELD AVE,,NONINCAPACITATING INJURY,0,0,1,16,1,4,41.79180308,-87.69267508
11/30/2018 05:16:00 PM,30,NO CONTROLS,CLEAR,"DARKNESS, LIGHTED ROAD",DIVIDED - W/MEDIAN (NOT RAISED),DRY,INJURY AND / OR TOW DUE TO CRASH,,FAILING TO YIELD RIGHT-OF-WAY,1829,N,MILWAUKEE AVE,Y,"REPORTED, NOT EVIDENT",0,0,0,17,6,11,41.91465259,-87.68383919
5/8/2018 16:30,30,TRAFFIC SIGNAL,CLEAR,DAYLIGHT,NOT DIVIDED,DRY,INJURY AND / OR TOW DUE TO CRASH,,UNABLE TO DETERMINE,299,N,DESPLAINES ST,,NONINCAPACITATING INJURY,0,0,1,16,3,5,41.88677819,-87.64412892
11/29/2017 06:39:00 PM,15,NO CONTROLS,CLEAR,"DARKNESS, LIGHTED ROAD",ALLEY,DRY,NO INJURY / DRIVE AWAY,,FAILING TO YIELD RIGHT-OF-WAY,5355,W,DIVERSEY AVE,,NO INDICATION OF INJURY,0,0,0,18,4,11,41.93123056,-87.76105633
09/21/2022 06:06:00 PM,20,NO CONTROLS,CLOUDY/OVERCAST,DARKNESS,NOT DIVIDED,DRY,INJURY AND / OR TOW DUE TO CRASH,,UNABLE TO DETERMINE,1063,W,WINONA ST,Y,NONINCAPACITATING INJURY,0,0,1,18,4,9,41.97513458,-87.65747781
07/29/2018 01:18:00 PM,30,NO CONTROLS,CLEAR,DAYLIGHT,NOT DIVIDED,DRY,INJURY AND / OR TOW DUE TO CRASH,,FAILING TO REDUCE SPEED TO AVOID CRASH,2000,W,103RD ST,,INCAPACITATING INJURY,0,1,0,13,1,7,41.70664714,-87.67213191
8/9/2019 17:22,10,NO CONTROLS,CLEAR,DAYLIGHT,NOT DIVIDED,DRY,NO INJURY / DRIVE AWAY,,IMPROPER TURNING/NO SIGNAL,7900,S,DR MARTIN LUTHER KING JR DR,,NO INDICATION OF INJURY,0,0,0,17,6,8,41.75102047,-87.61510225
8/9/2019 16:50,30,NO CONTROLS,CLEAR,DAYLIGHT,T-INTERSECTION,DRY,INJURY AND / OR TOW DUE TO CRASH,,NOT APPLICABLE,3868,W,GRAND AVE,,"REPORTED, NOT EVIDENT",0,0,0,16,6,8,41.90525297,-87.7238126
9/9/2017 14:38,30,NO CONTROLS,CLEAR,DAYLIGHT,NOT DIVIDED,DRY,INJURY AND / OR TOW DUE TO CRASH,,UNABLE TO DETERMINE,2607,N,ELSTON AVE,,NONINCAPACITATING INJURY,0,0,1,14,7,9,41.9291425,-87.68318198
02/28/2021 09:35:00 AM,30,NO CONTROLS,RAIN,DAYLIGHT,NOT DIVIDED,WET,INJURY AND / OR TOW DUE TO CRASH,Y,UNABLE TO DETERMINE,3007,W,LAWRENCE AVE,,NONINCAPACITATING INJURY,0,0,1,9,1,2,41.96838265,-87.7038961
02/24/2017 09:40:00 AM,30,TRAFFIC SIGNAL,CLEAR,DAYLIGHT,NOT DIVIDED,WET,INJURY AND / OR TOW DUE TO CRASH,,UNABLE TO DETERMINE,250,W,WACKER DR,Y,NONINCAPACITATING INJURY,0,0,1,9,6,2,41.88697861,-87.63542964
12/30/2020 05:40:00 PM,30,NO CONTROLS,CLEAR,DUSK,DIVIDED - W/MEDIAN (NOT RAISED),ICE,NO INJURY / DRIVE AWAY,Y,FAILING TO YIELD RIGHT-OF-WAY,2347,W,LAWRENCE AVE,,NO INDICATION OF INJURY,0,0,0,17,4,12,41.96850942,-87.68852484
06/30/2022 03:50:00 PM,30,TRAFFIC SIGNAL,CLEAR,DAYLIGHT,FOUR WAY,DRY,INJURY AND / OR TOW DUE TO CRASH,Y,IMPROPER OVERTAKING/PASSING,2957,N,PULASKI RD,,NONINCAPACITATING INJURY,0,0,1,15,5,6,41.93527927,-87.72692878
09/18/2022 06:51:00 PM,30,STOP SIGN/FLASHER,CLEAR,DAYLIGHT,UNKNOWN INTERSECTION TYPE,DRY,INJURY AND / OR TOW DUE TO CRASH,,FAILING TO YIELD RIGHT-OF-WAY,230,S,LEAMINGTON AVE,,NONINCAPACITATING INJURY,0,0,1,18,1,9,41.8776276,-87.75359944
03/20/2022 03:30:00 AM,35,NO CONTROLS,CLEAR,DARKNESS,NOT DIVIDED,WET,INJURY AND / OR TOW DUE TO CRASH,Y,UNABLE TO DETERMINE,3218,W,DIVISION ST,,"REPORTED, NOT EVIDENT",0,0,0,3,1,3,41.90293419,-87.70755198
07/18/2018 05:35:00 PM,30,NO CONTROLS,CLEAR,DAYLIGHT,DIVIDED - W/MEDIAN (NOT RAISED),DRY,INJURY AND / OR TOW DUE TO CRASH,,FAILING TO YIELD RIGHT-OF-WAY,1219,N,WELLS ST,,NONINCAPACITATING INJURY,0,0,1,17,4,7,41.90446547,-87.63435417
10/24/2022 07:45:00 AM,30,TRAFFIC SIGNAL,CLEAR,DAYLIGHT,DIVIDED - W/MEDIAN (NOT RAISED),DRY,INJURY AND / OR TOW DUE TO CRASH,,FOLLOWING TOO CLOSELY,1633,W,MADISON ST,,NONINCAPACITATING INJURY,0,0,1,7,2,10,41.88132906,-87.6680499
09/16/2017 08:50:00 PM,30,NO CONTROLS,CLEAR,"DARKNESS, LIGHTED ROAD",DIVIDED - W/MEDIAN (NOT RAISED),DRY,INJURY AND / OR TOW DUE TO CRASH,Y,EXCEEDING AUTHORIZED SPEED LIMIT,3709,N,ASHLAND AVE,,INCAPACITATING INJURY,0,1,0,20,7,9,41.94913376,-87.66876731
08/28/2021 08:00:00 PM,30,TRAFFIC SIGNAL,CLEAR,"DARKNESS, LIGHTED ROAD",FOUR WAY,DRY,INJURY AND / OR TOW DUE TO CRASH,,UNABLE TO DETERMINE,600,W,BELMONT AVE,,NONINCAPACITATING INJURY,0,0,1,20,7,8,41.94015208,-87.6445257
09/22/2023 06:30:00 PM,30,UNKNOWN,CLEAR,DAYLIGHT,NOT DIVIDED,DRY,INJURY AND / OR TOW DUE TO CRASH,,FOLLOWING TOO CLOSELY,2135,W,DEVON AVE,,NONINCAPACITATING INJURY,0,0,1,18,6,9,41.9977195,-87.68393665
06/14/2018 09:00:00 PM,30,NO CONTROLS,CLEAR,"DARKNESS, LIGHTED ROAD",DIVIDED - W/MEDIAN (NOT RAISED),DRY,INJURY AND / OR TOW DUE TO CRASH,Y,"OPERATING VEHICLE IN ERRATIC, RECKLESS, CARELESS, NEGLIGENT OR AGGRESSIVE MANNER",1230,W,CORTLAND ST,,NONINCAPACITATING INJURY,0,0,1,21,5,6,41.91722062,-87.65942637
10/19/2023 09:30:00 PM,30,TRAFFIC SIGNAL,CLEAR,"DARKNESS, LIGHTED ROAD",DIVIDED - W/MEDIAN (NOT RAISED),DRY,NO INJURY / DRIVE AWAY,,DRIVING ON WRONG SIDE/WRONG WAY,1700,W,HUBBARD ST,,NO INDICATION OF INJURY,0,0,0,21,5,10,41.8899565,-87.66961322