CRASH_DATE,POSTED_SPEED_LIMIT,TRAFFIC_CONTROL_DEVICE,WEATHER_CONDITION,LIGHTING_CONDITION,TRAFFICWAY_TYPE,ROADWAY_SURFACE_COND,CRASH_TYPE,HIT_AND_RUN_I,PRIM_CONTRIBUTORY_CAUSE,STREET_NO,STREET_DIRECTION,STREET_NAME,DOORING_I,MOST_SEVERE_INJURY,INJURIES_FATAL,INJURIES_INCAPACITATING,INJURIES_NON_INCAPACITATING,CRASH_HOUR,CRASH_DAY_OF_WEEK,CRASH_MONTH,LATITUDE,LONGITUDE
7/4/2023 18:20,30,TRAFFIC SIGNAL,CLEAR,DAYLIGHT,FOUR WAY,DRY,INJURY AND / OR TOW DUE TO CRASH,,UNABLE TO DETERMINE,1977,N,MILWAUKEE AVE,Y,NONINCAPACITATING INJURY,0,0,3,18,3,7,41.91749704,-87.68825459
5/7/2022 14:22,30,NO CONTROLS,CLEAR,DAYLIGHT,DIVIDED - W/MEDIAN (NOT RAISED),DRY,INJURY AND / OR TOW DUE TO CRASH,,FAILING TO REDUCE SPEED TO AVOID CRASH,2731,N,ELSTON AVE,,INCAPACITATING INJURY,0,1,0,14,7,5,41.93126646,-87.68627205
09/15/2023 08:41:00 PM,30,NO CONTROLS,CLEAR,"DARKNESS, LIGHTED ROAD",NOT DIVIDED,DRY,NO INJURY / DRIVE AWAY,,FAILING TO YIELD RIGHT-OF-WAY,1899,E,95TH ST,,NO INDICATION OF INJURY,0,0,0,20,6,9,41.72232796,-87.57784464
08/31/2023 02:30:00 PM,30,UNKNOWN,CLEAR,DAYLIGHT,DIVIDED - W/MEDIAN (NOT RAISED),DRY,NO INJURY / DRIVE AWAY,,UNABLE TO DETERMINE,2620,W,BERWYN AVE,,NO INDICATION OF INJURY,0,0,0,14,5,8,41.97778167,-87.69498985
6/10/2021 23:25,30,NO CONTROLS,CLEAR,"DARKNESS, LIGHTED ROAD",NOT DIVIDED,DRY,INJURY AND / OR TOW DUE TO CRASH,,UNABLE TO DETERMINE,1837,S,MICHIGAN AVE,,NONINCAPACITATING INJURY,0,0,1,23,5,6,41.85688632,-87.6237644
04/22/2019 07:56:00 AM,25,NO CONTROLS,CLEAR,DAYLIGHT,ONE-WAY,DRY,INJURY AND / OR TOW DUE TO CRASH,Y,DRIVING ON WRONG SIDE/WRONG WAY,12812,S,PARNELL AVE,,NONINCAPACITATING INJURY,0,0,1,7,2,4,41.66103851,-87.63549239
9/7/2022 13:45,30,TRAFFIC SIGNAL,CLEAR,DAYLIGHT,FOUR WAY,DRY,INJURY AND / OR TOW DUE TO CRASH,,UNABLE TO DETERMINE,6300,S,STONY ISLAND AVE,,NONINCAPACITATING INJURY,0,0,1,13,4,9,41.7805254,-87.586603
10/9/2020 18:20,30,TRAFFIC SIGNAL,CLEAR,DUSK,NOT DIVIDED,DRY,NO INJURY / DRIVE AWAY,,IMPROPER TURNING/NO SIGNAL,6414,N,RIDGE BLVD,,NO INDICATION OF INJURY,0,0,0,18,6,10,41.99838071,-87.67718246
05/26/2023 08:15:00 AM,30,NO CONTROLS,CLEAR,DAYLIGHT,ONE-WAY,DRY,INJURY AND / OR TOW DUE TO CRASH,,FAILING TO YIELD RIGHT-OF-WAY,9910,S,HALSTED ST,,NONINCAPACITATING INJURY,0,0,1,8,6,5,41.7138346,-87.64313501
06/24/2019 04:41:00 PM,30,NO CONTROLS,CLEAR,DAYLIGHT,NOT DIVIDED,DRY,INJURY AND / OR TOW DUE TO CRASH,,FAILING TO YIELD RIGHT-OF-WAY,3323,N,HALSTED ST,Y,INCAPACITATING INJURY,0,1,0,16,2,6,41.94253959,-87.64920491
09/28/2017 05:20:00 PM,35,NO CONTROLS,CLEAR,DAYLIGHT,NOT DIVIDED,DRY,INJURY AND / OR TOW DUE TO CRASH,Y,UNABLE TO DETERMINE,1100,S,CLARK ST,,"REPORTED, NOT EVIDENT",0,0,0,17,5,9,41.8690575,-87.63062288
4/7/2021 17:33,30,UNKNOWN,CLEAR,DAYLIGHT,NOT DIVIDED,DRY,INJURY AND / OR TOW DUE TO CRASH,Y,UNABLE TO DETERMINE,3429,W,16TH ST,,NONINCAPACITATING INJURY,0,0,1,17,4,4,41.85890635,-87.71148669
07/31/2017 04:15:00 PM,30,TRAFFIC SIGNAL,CLEAR,DAYLIGHT,NOT DIVIDED,DRY,INJURY AND / OR TOW DUE TO CRASH,,FOLLOWING TOO CLOSELY,2001,W,CERMAK RD,,"REPORTED, NOT EVIDENT",0,0,0,16,2,7,41.85206402,-87.6759594
3/6/2019 7:25,30,STOP SIGN/FLASHER,CLEAR,DAYLIGHT,DIVIDED - W/MEDIAN (NOT RAISED),DRY,INJURY AND / OR TOW DUE TO CRASH,Y,UNABLE TO DETERMINE,3900,W,ROOSEVELT RD,Y,NONINCAPACITATING INJURY,0,0,1,7,4,3,41.86631469,-87.7227985
7/12/2023 12:49,30,TRAFFIC SIGNAL,CLEAR,DAYLIGHT,FOUR WAY,WET,INJURY AND / OR TOW DUE TO CRASH,Y,DISREGARDING OTHER TRAFFIC SIGNS,2360,W,IRVING PARK RD,,NONINCAPACITATING INJURY,0,0,1,12,4,7,41.95412339,-87.68840835
06/30/2023 02:42:00 PM,30,UNKNOWN,CLEAR,DAYLIGHT,NOT DIVIDED,DRY,INJURY AND / OR TOW DUE TO CRASH,,UNABLE TO DETERMINE,4101,W,LAWRENCE AVE,,INCAPACITATING INJURY,0,1,0,14,6,6,41.96810465,-87.73053778
04/22/2019 12:42:00 PM,30,NO CONTROLS,CLEAR,DAYLIGHT,NOT DIVIDED,DRY,INJURY AND / OR TOW DUE TO CRASH,,FAILING TO YIELD RIGHT-OF-WAY,65,W,KINZIE ST,Y,NONINCAPACITATING INJURY,0,0,1,12,2,4,41.88910913,-87.63054063
11/10/2022 5:00,35,NO CONTROLS,CLEAR,UNKNOWN,PARKING LOT,UNKNOWN,INJURY AND / OR TOW DUE TO CRASH,,DRIVING ON WRONG SIDE/WRONG WAY,4600,W,DIVERSEY AVE,,NONINCAPACITATING INJURY,0,0,1,5,5,11,41.93170309,-87.74199681
11/17/2018 01:15:00 PM,35,STOP SIGN/FLASHER,SNOW,DAYLIGHT,ONE-WAY,SNOW OR SLUSH,NO INJURY / DRIVE AWAY,Y,UNABLE TO DETERMINE,3531,W,PETERSON AVE,,NO INDICATION OF INJURY,0,0,0,13,7,11,41.9901674,-87.71770107
6/12/2023 18:56,10,NO CONTROLS,CLEAR,DAYLIGHT,DIVIDED - W/MEDIAN (NOT RAISED),DRY,INJURY AND / OR TOW DUE TO CRASH,,UNABLE TO DETERMINE,2746,N,CLYBOURN AVE,,NONINCAPACITATING INJURY,0,0,1,18,2,6,41.93102101,-87.67686402
08/18/2019 03:40:00 PM,30,TRAFFIC SIGNAL,CLEAR,DAYLIGHT,FOUR WAY,DRY,NO INJURY / DRIVE AWAY,,FAILING TO YIELD RIGHT-OF-WAY,400,E,100TH ST,,NO INDICATION OF INJURY,0,0,0,15,1,8,41.71261169,-87.61385951
10/19/2017 10:57:00 AM,30,NO CONTROLS,CLEAR,DAYLIGHT,DIVIDED - W/MEDIAN (NOT RAISED),DRY,INJURY AND / OR TOW DUE TO CRASH,,FAILING TO YIELD RIGHT-OF-WAY,835,W,GRAND AVE,,NONINCAPACITATING INJURY,0,0,1,10,5,10,41.89105945,-87.64894567
06/14/2022 12:50:00 PM,30,NO CONTROLS,CLEAR,DAYLIGHT,DIVIDED - W/MEDIAN BARRIER,DRY,INJURY AND / OR TOW DUE TO CRASH,,UNABLE TO DETERMINE,2351,W,87TH ST,,NONINCAPACITATING INJURY,0,0,1,12,3,6,41.73542243,-87.6821259
08/26/2016 01:45:00 PM,30,STOP SIGN/FLASHER,CLEAR,DAYLIGHT,NOT DIVIDED,DRY,NO INJURY / DRIVE AWAY,,DISREGARDING STOP SIGN,2200,N,KEELER AVE,,NO INDICATION OF INJURY,0,0,0,13,6,8,41.92085639,-87.73170884
8/11/2023 14:02,20,STOP SIGN/FLASHER,CLEAR,DAYLIGHT,NOT DIVIDED,DRY,NO INJURY / DRIVE AWAY,Y,UNABLE TO DETERMINE,1499,W,WRIGHTWOOD AVE,,NO INDICATION OF INJURY,0,0,0,14,6,8,41.92870426,-87.66577594
08/30/2021 08:55:00 AM,30,NO CONTROLS,CLEAR,DAYLIGHT,ONE-WAY,DRY,INJURY AND / OR TOW DUE TO CRASH,,FAILING TO YIELD RIGHT-OF-WAY,2126,W,CHARLESTON ST,,NONINCAPACITATING INJURY,0,0,1,8,2,8,41.92007944,-87.68127264
7/1/2021 17:38,30,OTHER,CLEAR,DAYLIGHT,FOUR WAY,DRY,INJURY AND / OR TOW DUE TO CRASH,,FAILING TO YIELD RIGHT-OF-WAY,2246,N,MILWAUKEE AVE,,NONINCAPACITATING INJURY,0,0,1,17,5,7,41.92161436,-87.69548143
09/23/2023 12:31:00 AM,30,TRAFFIC SIGNAL,CLEAR,"DARKNESS, LIGHTED ROAD",FOUR WAY,DRY,INJURY AND / OR TOW DUE TO CRASH,Y,DRIVING ON WRONG SIDE/WRONG WAY,300,W,LAKE ST,,NONINCAPACITATING INJURY,0,0,1,0,7,9,41.88584617,-87.63547453
7/10/2022 12:00,30,NO CONTROLS,CLEAR,DAYLIGHT,NOT DIVIDED,DRY,INJURY AND / OR TOW DUE TO CRASH,Y,IMPROPER OVERTAKING/PASSING,6004,N,KIMBALL AVE,,NONINCAPACITATING INJURY,0,0,1,12,1,7,41.99051613,-87.71413807
10/12/2023 18:35,30,UNKNOWN,CLEAR,DARKNESS,DIVIDED - W/MEDIAN (NOT RAISED),DRY,INJURY AND / OR TOW DUE TO CRASH,,FOLLOWING TOO CLOSELY,110,N,PEORIA ST,,NONINCAPACITATING INJURY,0,0,1,18,5,10,41.88344772,-87.64989225
10/15/2019 07:50:00 AM,30,STOP SIGN/FLASHER,CLEAR,DAYLIGHT,NOT DIVIDED,DRY,NO INJURY / DRIVE AWAY,Y,FAILING TO YIELD RIGHT-OF-WAY,5101,N,CLARK ST,,NO INDICATION OF INJURY,0,0,0,7,3,10,41.97442057,-87.66806656
9/1/2021 17:30,30,TRAFFIC SIGNAL,CLEAR,DAYLIGHT,"FIVE POINT, OR MORE",DRY,INJURY AND / OR TOW DUE TO CRASH,,FAILING TO YIELD RIGHT-OF-WAY,4800,W,IRVING PARK RD,,"REPORTED, NOT EVIDENT",0,0,0,17,4,9,41.95352435,-87.7474383
08/16/2021 02:38:00 PM,35,TRAFFIC SIGNAL,CLEAR,DAYLIGHT,NOT DIVIDED,DRY,INJURY AND / OR TOW DUE TO CRASH,,IMPROPER TURNING/NO SIGNAL,400,S,STATE ST,,NONINCAPACITATING INJURY,0,0,1,14,2,8,41.87686253,-87.62779697
7/7/2020 20:10,25,STOP SIGN/FLASHER,UNKNOWN,DUSK,FOUR WAY,UNKNOWN,INJURY AND / OR TOW DUE TO CRASH,Y,UNABLE TO DETERMINE,2159,N,LAMON AVE,,INCAPACITATING INJURY,0,1,0,20,3,7,41.92050866,-87.74852181
6/1/2023 11:29,30,TRAFFIC SIGNAL,CLEAR,DAYLIGHT,FOUR WAY,DRY,INJURY AND / OR TOW DUE TO CRASH,,DRIVING ON WRONG SIDE/WRONG WAY,2200,S,KEDZIE AVE,,INCAPACITATING INJURY,0,1,0,11,5,6,41.85167198,-87.70539869
09/28/2018 06:25:00 PM,30,STOP SIGN/FLASHER,CLOUDY/OVERCAST,DAYLIGHT,DIVIDED - W/MEDIAN (NOT RAISED),WET,INJURY AND / OR TOW DUE TO CRASH,,DRIVING ON WRONG SIDE/WRONG WAY,759,N,SANGAMON ST,,NONINCAPACITATING INJURY,0,0,1,18,6,9,41.89629615,-87.65102874
10/7/2015 11:09,30,NO CONTROLS,CLEAR,DAYLIGHT,NOT DIVIDED,DRY,INJURY AND / OR TOW DUE TO CRASH,Y,UNABLE TO DETERMINE,3150,N,MILWAUKEE AVE,,"REPORTED, NOT EVIDENT",0,0,0,11,4,10,41.93807746,-87.72241322
05/24/2019 12:05:00 PM,30,UNKNOWN,CLEAR,DAYLIGHT,NOT DIVIDED,DRY,INJURY AND / OR TOW DUE TO CRASH,Y,UNABLE TO DETERMINE,3833,W,LAWRENCE AVE,Y,NONINCAPACITATING INJURY,0,0,1,12,6,5,41.96817021,-87.72452213
10/12/2015 19:10,99,TRAFFIC SIGNAL,UNKNOWN,UNKNOWN,UNKNOWN,UNKNOWN,INJURY AND / OR TOW DUE TO CRASH,,NOT APPLICABLE,6300,S,KEDZIE AVE,,"REPORTED, NOT EVIDENT",0,0,0,19,2,10,41.77894575,-87.70328312
08/31/2023 04:30:00 PM,30,NO CONTROLS,CLEAR,DAYLIGHT,T-INTERSECTION,DRY,INJURY AND / OR TOW DUE TO CRASH,,FAILING TO YIELD RIGHT-OF-WAY,1951,W,WEBSTER AVE,,INCAPACITATING INJURY,0,1,0,16,5,8,41.92129403,-87.67734948
02/18/2022 07:26:00 PM,30,STOP SIGN/FLASHER,SEVERE CROSS WIND GATE,"DARKNESS, LIGHTED ROAD",NOT DIVIDED,WET,INJURY AND / OR TOW DUE TO CRASH,,FAILING TO REDUCE SPEED TO AVOID CRASH,4800,N,MAGNOLIA AVE,N,NONINCAPACITATING INJURY,0,0,1,19,6,2,41.96906429,-87.66119427
04/21/2022 03:15:00 PM,30,TRAFFIC SIGNAL,CLEAR,DAYLIGHT,NOT DIVIDED,DRY,INJURY AND / OR TOW DUE TO CRASH,,FAILING TO REDUCE SPEED TO AVOID CRASH,5300,S,HYDE PARK BLVD,,INCAPACITATING INJURY,0,1,0,15,5,4,41.79954208,-87.58420104
10/2/2019 9:22,30,TRAFFIC SIGNAL,RAIN,DAYLIGHT,UNKNOWN INTERSECTION TYPE,WET,INJURY AND / OR TOW DUE TO CRASH,Y,UNABLE TO DETERMINE,800,W,VAN BUREN ST,,NONINCAPACITATING INJURY,0,0,1,9,4,10,41.87678055,-87.64726374
06/15/2020 05:10:00 PM,30,TRAFFIC SIGNAL,CLEAR,DAYLIGHT,NOT DIVIDED,DRY,NO INJURY / DRIVE AWAY,,IMPROPER LANE USAGE,4415,W,GRAND AVE,,NO INDICATION OF INJURY,0,0,0,17,2,6,41.91016793,-87.73684288
12/12/2015 19:00,30,NO CONTROLS,CLEAR,"DARKNESS, LIGHTED ROAD",DIVIDED - W/MEDIAN (NOT RAISED),DRY,NO INJURY / DRIVE AWAY,Y,FAILING TO YIELD RIGHT-OF-WAY,2353,N,CALIFORNIA AVE,,NO INDICATION OF INJURY,0,0,0,19,7,12,41.92436282,-87.6972554
05/13/2020 08:05:00 PM,30,OTHER,CLEAR,DARKNESS,DIVIDED - W/MEDIAN (NOT RAISED),DRY,INJURY AND / OR TOW DUE TO CRASH,,UNABLE TO DETERMINE,1605,N,KEDZIE AVE,,NONINCAPACITATING INJURY,0,0,1,20,4,5,41.9102732,-87.70670838
8/10/2017 8:00,30,TRAFFIC SIGNAL,CLEAR,DAYLIGHT,DIVIDED - W/MEDIAN (NOT RAISED),DRY,INJURY AND / OR TOW DUE TO CRASH,Y,UNABLE TO DETERMINE,158,W,WASHINGTON ST,,"REPORTED, NOT EVIDENT",0,0,0,8,5,8,41.88331676,-87.6326992
08/24/2018 12:35:00 PM,25,UNKNOWN,UNKNOWN,UNKNOWN,NOT DIVIDED,UNKNOWN,NO INJURY / DRIVE AWAY,,DRIVING SKILLS/KNOWLEDGE/EXPERIENCE,1902,N,HARDING AVE,N,NO INDICATION OF INJURY,0,0,0,12,6,8,41.91550368,-87.72543167
09/14/2017 10:51:00 AM,20,NO CONTROLS,CLEAR,DAYLIGHT,OTHER,DRY,INJURY AND / OR TOW DUE TO CRASH,N,DRIVING SKILLS/KNOWLEDGE/EXPERIENCE,6730,S,KOLMAR AVE,Y,NONINCAPACITATING INJURY,0,0,1,10,5,9,41.77028688,-87.73610189
4/8/2023 19:23,35,TRAFFIC SIGNAL,CLEAR,DAYLIGHT,DIVIDED - W/MEDIAN (NOT RAISED),DRY,INJURY AND / OR TOW DUE TO CRASH,,FAILING TO YIELD RIGHT-OF-WAY,2400,W,21ST ST,,"REPORTED, NOT EVIDENT",0,0,0,19,7,4,41.85398878,-87.68579468
03/31/2022 07:38:00 PM,30,NO CONTROLS,SNOW,"DARKNESS, LIGHTED ROAD",FOUR WAY,WET,INJURY AND / OR TOW DUE TO CRASH,,FAILING TO YIELD RIGHT-OF-WAY,3502,W,BRYN MAWR AVE,,NONINCAPACITATING INJURY,0,0,1,19,5,3,41.98308072,-87.71631634
8/3/2018 9:27,30,NO CONTROLS,CLEAR,DAYLIGHT,DIVIDED - W/MEDIAN (NOT RAISED),DRY,INJURY AND / OR TOW DUE TO CRASH,,UNABLE TO DETERMINE,2524,N,MILWAUKEE AVE,,NONINCAPACITATING INJURY,0,0,1,9,6,8,41.92715028,-87.70450234
12/2/2017 15:05,30,TRAFFIC SIGNAL,CLEAR,DAYLIGHT,NOT DIVIDED,DRY,INJURY AND / OR TOW DUE TO CRASH,,UNABLE TO DETERMINE,2359,W,FOSTER AVE,,"REPORTED, NOT EVIDENT",0,0,0,15,7,12,41.97578233,-87.68908907
6/4/2019 20:45,30,NO CONTROLS,CLEAR,"DARKNESS, LIGHTED ROAD",NOT DIVIDED,DRY,NO INJURY / DRIVE AWAY,,FAILING TO YIELD RIGHT-OF-WAY,2514,N,CALIFORNIA AVE,Y,NO INDICATION OF INJURY,0,0,0,20,3,6,41.9270617,-87.69762374
10/21/2023 06:48:00 PM,30,TRAFFIC SIGNAL,UNKNOWN,UNKNOWN,FOUR WAY,UNKNOWN,INJURY AND / OR TOW DUE TO CRASH,Y,UNABLE TO DETERMINE,600,S,CICERO AVE,,INCAPACITATING INJURY,0,1,0,18,7,10,41.87309483,-87.74514387
05/31/2018 05:00:00 PM,30,NO CONTROLS,CLEAR,DAYLIGHT,ONE-WAY,DRY,NO INJURY / DRIVE AWAY,,IMPROPER LANE USAGE,123,N,JEFFERSON ST,Y,NO INDICATION OF INJURY,0,0,0,17,5,5,41.88393125,-87.64257354
11/9/2017 15:00,30,TRAFFIC SIGNAL,CLEAR,DAYLIGHT,CENTER TURN LANE,DRY,INJURY AND / OR TOW DUE TO CRASH,,UNABLE TO DETERMINE,1432,N,HALSTED ST,,NONINCAPACITATING INJURY,0,0,1,15,5,11,41.90741791,-87.64833554
11/4/2019 8:00,30,NO CONTROLS,CLEAR,DAYLIGHT,NOT DIVIDED,DRY,INJURY AND / OR TOW DUE TO CRASH,,FAILING TO YIELD RIGHT-OF-WAY,435,W,ERIE ST,,NONINCAPACITATING INJURY,0,0,1,8,2,11,41.89380904,-87.63983999
07/19/2019 11:42:00 AM,30,TRAFFIC SIGNAL,CLEAR,DAYLIGHT,FOUR WAY,DRY,INJURY AND / OR TOW DUE TO CRASH,,UNABLE TO DETERMINE,5300,N,LINCOLN AVE,,NONINCAPACITATING INJURY,0,0,1,11,6,7,41.97772033,-87.69269422
05/28/2023 04:27:00 PM,30,NO CONTROLS,CLEAR,DAYLIGHT,ONE-WAY,DRY,INJURY AND / OR TOW DUE TO CRASH,,DRIVING ON WRONG SIDE/WRONG WAY,434,W,WELLINGTON AVE,,INCAPACITATING INJURY,0,1,0,16,1,5,41.93668048,-87.64083719
08/22/2022 10:30:00 AM,25,UNKNOWN,CLEAR,DAYLIGHT,T-INTERSECTION,DRY,INJURY AND / OR TOW DUE TO CRASH,Y,FAILING TO YIELD RIGHT-OF-WAY,4650,W,MADISON ST,Y,INCAPACITATING INJURY,0,1,0,10,2,8,41.88064379,-87.74217193
06/13/2019 03:25:00 PM,30,NO CONTROLS,CLEAR,DAYLIGHT,ONE-WAY,WET,NO INJURY / DRIVE AWAY,,NOT APPLICABLE,200,W,RANDOLPH ST,Y,NO INDICATION OF INJURY,0,0,0,15,5,6,41.88457905,-87.63396972
09/19/2019 12:25:00 AM,30,TRAFFIC SIGNAL,CLEAR,"DARKNESS, LIGHTED ROAD",FOUR WAY,DRY,INJURY AND / OR TOW DUE TO CRASH,Y,DISREGARDING TRAFFIC SIGNALS,5032,N,CICERO AVE,N,INCAPACITATING INJURY,0,1,0,0,5,9,41.97260628,-87.74805607
06/26/2017 07:40:00 AM,25,NO CONTROLS,CLEAR,DAWN,NOT DIVIDED,DRY,INJURY AND / OR TOW DUE TO CRASH,Y,UNABLE TO DETERMINE,530,W,29TH ST,,"REPORTED, NOT EVIDENT",0,0,0,7,2,6,41.84187519,-87.64041507
10/9/2020 8:44,30,TRAFFIC SIGNAL,CLEAR,DAYLIGHT,DIVIDED - W/MEDIAN BARRIER,DRY,NO INJURY / DRIVE AWAY,,FAILING TO YIELD RIGHT-OF-WAY,2446,W,ARMITAGE AVE,,NO INDICATION OF INJURY,0,0,0,8,6,10,41.91767218,-87.68898518
9/6/2023 10:45,30,UNKNOWN,CLEAR,DAYLIGHT,RAMP,UNKNOWN,INJURY AND / OR TOW DUE TO CRASH,,UNABLE TO DETERMINE,3454,S,CALIFORNIA AVE,,NONINCAPACITATING INJURY,0,0,1,10,4,9,41.83029831,-87.69494837
04/18/2021 07:40:00 PM,20,NO CONTROLS,CLEAR,"DARKNESS, LIGHTED ROAD",NOT DIVIDED,DRY,INJURY AND / OR TOW DUE TO CRASH,,UNABLE TO DETERMINE,2640,N,CLARK ST,Y,INCAPACITATING INJURY,0,1,0,19,1,4,41.93062311,-87.64401134
9/6/2018 18:44,30,TRAFFIC SIGNAL,CLEAR,DUSK,NOT DIVIDED,DRY,NO INJURY / DRIVE AWAY,N,IMPROPER TURNING/NO SIGNAL,620,S,CLARK ST,,NO INDICATION OF INJURY,0,0,0,18,5,9,41.87410383,-87.63080892
6/10/2019 17:35,30,NO CONTROLS,CLEAR,DAYLIGHT,DIVIDED - W/MEDIAN (NOT RAISED),DRY,INJURY AND / OR TOW DUE TO CRASH,,DRIVING SKILLS/KNOWLEDGE/EXPERIENCE,5711,W,ADDISON ST,,NONINCAPACITATING INJURY,0,0,1,17,2,6,41.94573559,-87.76968961
8/8/2023 21:40,25,NO CONTROLS,CLEAR,"DARKNESS, LIGHTED ROAD",NOT DIVIDED,DRY,NO INJURY / DRIVE AWAY,,UNABLE TO DETERMINE,1944,N,MILWAUKEE AVE,,NO INDICATION OF INJURY,0,0,0,21,3,8,41.91671531,-87.68747365
08/17/2021 03:50:00 PM,30,NO CONTROLS,CLEAR,DAYLIGHT,NOT DIVIDED,DRY,INJURY AND / OR TOW DUE TO CRASH,,FAILING TO YIELD RIGHT-OF-WAY,2410,W,NORTH AVE,,NONINCAPACITATING INJURY,0,0,1,15,3,8,41.91042463,-87.68770716
5/4/2018 18:43,30,NO CONTROLS,CLEAR,DAYLIGHT,NOT DIVIDED,DRY,INJURY AND / OR TOW DUE TO CRASH,,UNABLE TO DETERMINE,2316,N,MILWAUKEE AVE,,INCAPACITATING INJURY,0,1,0,18,6,5,41.92314813,-87.69797427
08/15/2022 08:35:00 PM,30,NO CONTROLS,CLEAR,DAYLIGHT,NOT DIVIDED,DRY,INJURY AND / OR TOW DUE TO CRASH,,UNABLE TO DETERMINE,6904,N,CLARK ST,Y,NONINCAPACITATING INJURY,0,0,1,20,2,8,42.00672137,-87.67358234
10/31/2017 09:30:00 AM,30,STOP SIGN/FLASHER,CLEAR,DAYLIGHT,OTHER,DRY,NO INJURY / DRIVE AWAY,Y,FAILING TO YIELD RIGHT-OF-WAY,4600,W,ROOSEVELT RD,,NO INDICATION OF INJURY,0,0,0,9,3,10,41.86606799,-87.74005342
06/21/2022 06:35:00 PM,30,TRAFFIC SIGNAL,CLEAR,DAYLIGHT,DIVIDED - W/MEDIAN (NOT RAISED),DRY,INJURY AND / OR TOW DUE TO CRASH,,IMPROPER OVERTAKING/PASSING,100,S,HALSTED ST,,NONINCAPACITATING INJURY,0,0,1,18,3,6,41.8804262,-87.64746685
08/31/2020 06:50:00 AM,30,TRAFFIC SIGNAL,CLEAR,DAYLIGHT,DIVIDED - W/MEDIAN (NOT RAISED),DRY,NO INJURY / DRIVE AWAY,Y,IMPROPER LANE USAGE,3205,W,LAWRENCE AVE,,NO INDICATION OF INJURY,0,0,0,6,2,8,41.96833788,-87.70869811
04/27/2021 01:30:00 PM,35,STOP SIGN/FLASHER,CLEAR,DAYLIGHT,DIVIDED - W/MEDIAN (NOT RAISED),DRY,INJURY AND / OR TOW DUE TO CRASH,Y,FAILING TO YIELD RIGHT-OF-WAY,4800,N,KENMORE AVE,,NONINCAPACITATING INJURY,0,0,1,13,3,4,41.96919565,-87.6563667
06/14/2023 10:03:00 PM,30,NO CONTROLS,CLEAR,"DARKNESS, LIGHTED ROAD",NOT DIVIDED,DRY,INJURY AND / OR TOW DUE TO CRASH,,UNABLE TO DETERMINE,1551,N,MILWAUKEE AVE,,NONINCAPACITATING INJURY,0,0,1,22,4,6,41.90978082,-87.67630724
09/25/2021 12:17:00 PM,30,STOP SIGN/FLASHER,CLEAR,DAYLIGHT,ONE-WAY,DRY,INJURY AND / OR TOW DUE TO CRASH,,FAILING TO YIELD RIGHT-OF-WAY,7901,S,BURNHAM AVE,,NONINCAPACITATING INJURY,0,0,1,12,7,9,41.75177283,-87.55638626
03/27/2019 08:40:00 PM,35,TRAFFIC SIGNAL,CLEAR,"DARKNESS, LIGHTED ROAD",NOT DIVIDED,DRY,INJURY AND / OR TOW DUE TO CRASH,,FAILING TO YIELD RIGHT-OF-WAY,1859,W,FULLERTON AVE,,NONINCAPACITATING INJURY,0,0,1,20,4,3,41.92495605,-87.67466753
9/5/2022 19:38,30,NO CONTROLS,CLEAR,DARKNESS,NOT DIVIDED,DRY,INJURY AND / OR TOW DUE TO CRASH,,UNABLE TO DETERMINE,4436,W,FULLERTON AVE,Y,NONINCAPACITATING INJURY,0,0,1,19,2,9,41.92446102,-87.73808139
12/3/2018 12:50,30,NO CONTROLS,CLOUDY/OVERCAST,DAYLIGHT,DIVIDED - W/MEDIAN (NOT RAISED),DRY,NO INJURY / DRIVE AWAY,,UNABLE TO DETERMINE,1617,N,DAMEN AVE,,NO INDICATION OF INJURY,0,0,0,12,2,12,41.91097763,-87.67732781
2/4/2023 18:00,30,TRAFFIC SIGNAL,CLEAR,"DARKNESS, LIGHTED ROAD",FOUR WAY,DRY,INJURY AND / OR TOW DUE TO CRASH,Y,UNABLE TO DETERMINE,101,E,111TH ST,Y,NONINCAPACITATING INJURY,0,0,1,18,7,2,41.69249578,-87.62097787
8/1/2019 16:15,30,NO CONTROLS,CLEAR,DAYLIGHT,NOT DIVIDED,DRY,INJURY AND / OR TOW DUE TO CRASH,Y,IMPROPER OVERTAKING/PASSING,2603,W,LAWRENCE AVE,,NONINCAPACITATING INJURY,0,0,1,16,5,8,41.96846036,-87.69394139
12/24/2019 09:56:00 AM,30,STOP SIGN/FLASHER,CLEAR,DAYLIGHT,DIVIDED - W/MEDIAN (NOT RAISED),DRY,INJURY AND / OR TOW DUE TO CRASH,,FAILING TO YIELD RIGHT-OF-WAY,4536,W,63RD ST,,NONINCAPACITATING INJURY,0,0,1,9,3,12,41.7786083,-87.73642084
10/31/2021 05:00:00 PM,30,UNKNOWN,UNKNOWN,UNKNOWN,UNKNOWN,UNKNOWN,INJURY AND / OR TOW DUE TO CRASH,,UNABLE TO DETERMINE,1555,W,SCHOOL ST,Y,NONINCAPACITATING INJURY,0,0,1,17,1,10,41.94141804,-87.66843776
11/17/2020 08:50:00 PM,30,TRAFFIC SIGNAL,CLEAR,DAWN,NOT DIVIDED,DRY,INJURY AND / OR TOW DUE TO CRASH,,NOT APPLICABLE,3623,W,LAKE ST,,INCAPACITATING INJURY,0,1,0,20,3,11,41.88486078,-87.71692045