CRASH_DATE,POSTED_SPEED_LIMIT,TRAFFIC_CONTROL_DEVICE,WEATHER_CONDITION,LIGHTING_CONDITION,TRAFFICWAY_TYPE,ROADWAY_SURFACE_COND,CRASH_TYPE,HIT_AND_RUN_I,PRIM_CONTRIBUTORY_CAUSE,STREET_NO,STREET_DIRECTION,STREET_NAME,DOORING_I,MOST_SEVERE_INJURY,INJURIES_FATAL,INJURIES_INCAPACITATING,INJURIES_NON_INCAPACITATING,CRASH_HOUR,CRASH_DAY_OF_WEEK,CRASH_MONTH,LATITUDE,LONGITUDE
08/17/2023 03:52:00 AM,30,NO CONTROLS,CLEAR,DAYLIGHT,NOT DIVIDED,DRY,INJURY AND / OR TOW DUE TO CRASH,Y,FAILING TO YIELD RIGHT-OF-WAY,731,N,DAMEN AVE,,NONINCAPACITATING INJURY,0,0,1,3,5,8,41.89498655,-87.67687669
6/4/2022 14:10,25,NO CONTROLS,CLEAR,DAYLIGHT,DIVIDED - W/MEDIAN (NOT RAISED),DRY,INJURY AND / OR TOW DUE TO CRASH,,UNABLE TO DETERMINE,2854,N,CLARK ST,,INCAPACITATING INJURY,0,1,0,14,7,6,41.93407185,-87.6460865
08/31/2019 06:53:00 PM,30,TRAFFIC SIGNAL,CLEAR,DAYLIGHT,Y-INTERSECTION,DRY,INJURY AND / OR TOW DUE TO CRASH,,FAILING TO YIELD RIGHT-OF-WAY,1215,N,MILWAUKEE AVE,,INCAPACITATING INJURY,0,1,0,18,7,8,41.90377045,-87.66690457
6/3/2023 16:25,30,STOP SIGN/FLASHER,CLEAR,DAYLIGHT,NOT DIVIDED,DRY,INJURY AND / OR TOW DUE TO CRASH,,FAILING TO YIELD RIGHT-OF-WAY,2500,N,CENTRAL PARK AVE,,NONINCAPACITATING INJURY,0,0,1,16,7,6,41.92648173,-87.71718959
11/11/2017 17:25,35,TRAFFIC SIGNAL,CLEAR,"DARKNESS, LIGHTED ROAD",NOT DIVIDED,DRY,INJURY AND / OR TOW DUE TO CRASH,,IMPROPER OVERTAKING/PASSING,816,N,ASHLAND AVE,,"REPORTED, NOT EVIDENT",0,0,0,17,7,11,41.89658469,-87.66745266
07/25/2021 11:10:00 AM,30,STOP SIGN/FLASHER,CLEAR,DAYLIGHT,DIVIDED - W/MEDIAN (NOT RAISED),DRY,INJURY AND / OR TOW DUE TO CRASH,,FAILING TO YIELD RIGHT-OF-WAY,5500,N,CALIFORNIA AVE,,NONINCAPACITATING INJURY,0,0,1,11,1,7,41.98133817,-87.6992468
06/13/2021 07:42:00 PM,30,NO CONTROLS,CLEAR,DAYLIGHT,DIVIDED - W/MEDIAN (NOT RAISED),DRY,INJURY AND / OR TOW DUE TO CRASH,Y,NOT APPLICABLE,946,W,WILSON AVE,Y,NONINCAPACITATING INJURY,0,0,1,19,1,6,41.96554741,-87.65422585
10/6/2019 17:55,30,NO CONTROLS,CLOUDY/OVERCAST,DAYLIGHT,NOT DIVIDED,DRY,INJURY AND / OR TOW DUE TO CRASH,,IMPROPER OVERTAKING/PASSING,2987,N,MILWAUKEE AVE,,NONINCAPACITATING INJURY,0,0,1,17,1,10,41.93571588,-87.71806993
09/29/2020 10:45:00 AM,30,TRAFFIC SIGNAL,CLEAR,DAYLIGHT,FOUR WAY,DRY,NO INJURY / DRIVE AWAY,,UNABLE TO DETERMINE,55,E,ADAMS ST,,NO INDICATION OF INJURY,0,0,0,10,3,9,41.87942426,-87.62561808
8/5/2017 12:36,30,NO CONTROLS,CLEAR,DAYLIGHT,NOT DIVIDED,DRY,INJURY AND / OR TOW DUE TO CRASH,,FAILING TO YIELD RIGHT-OF-WAY,3722,N,CLARK ST,Y,NONINCAPACITATING INJURY,0,0,1,12,7,8,41.94964844,-87.65865422
09/26/2017 04:55:00 PM,30,OTHER,CLEAR,DAYLIGHT,NOT DIVIDED,DRY,NO INJURY / DRIVE AWAY,,IMPROPER LANE USAGE,4040,W,LAKE ST,,NO INDICATION OF INJURY,0,0,0,16,3,9,41.88566034,-87.72744255
9/6/2019 8:00,20,OTHER,CLOUDY/OVERCAST,DAYLIGHT,NOT DIVIDED,DRY,INJURY AND / OR TOW DUE TO CRASH,,FAILING TO YIELD RIGHT-OF-WAY,3014,N,HALSTED ST,,NONINCAPACITATING INJURY,0,0,1,8,6,9,41.93682776,-87.64930482
09/27/2019 04:49:00 PM,30,TRAFFIC SIGNAL,RAIN,DAYLIGHT,DIVIDED - W/MEDIAN BARRIER,WET,INJURY AND / OR TOW DUE TO CRASH,,DISREGARDING TRAFFIC SIGNALS,501,S,MICHIGAN AVE,,NONINCAPACITATING INJURY,0,0,1,16,6,9,41.87566213,-87.62411124
03/13/2020 10:00:00 PM,35,TRAFFIC SIGNAL,CLEAR,"DARKNESS, LIGHTED ROAD",FOUR WAY,DRY,INJURY AND / OR TOW DUE TO CRASH,Y,UNABLE TO DETERMINE,2301,N,LINCOLN AVE,,"REPORTED, NOT EVIDENT",0,0,0,22,6,3,41.92378302,-87.64622398
04/25/2022 11:20:00 AM,30,NO CONTROLS,CLEAR,DAYLIGHT,NOT DIVIDED,DRY,INJURY AND / OR TOW DUE TO CRASH,,IMPROPER LANE USAGE,1235,S,MICHIGAN AVE,,NONINCAPACITATING INJURY,0,0,1,11,2,4,41.86649327,-87.62398566
10/6/2023 15:45,30,TRAFFIC SIGNAL,CLOUDY/OVERCAST,DAYLIGHT,FOUR WAY,UNKNOWN,NO INJURY / DRIVE AWAY,,FAILING TO YIELD RIGHT-OF-WAY,2758,W,PETERSON AVE,,NO INDICATION OF INJURY,0,0,0,15,6,10,41.99055279,-87.69934264
06/17/2021 11:55:00 PM,30,NO CONTROLS,CLEAR,"DARKNESS, LIGHTED ROAD",NOT DIVIDED,DRY,INJURY AND / OR TOW DUE TO CRASH,,UNABLE TO DETERMINE,1423,N,MILWAUKEE AVE,Y,NONINCAPACITATING INJURY,0,0,1,23,5,6,41.90782528,-87.6732483
08/29/2021 12:00:00 AM,35,NO CONTROLS,CLEAR,"DARKNESS, LIGHTED ROAD",DIVIDED - W/MEDIAN (NOT RAISED),DRY,INJURY AND / OR TOW DUE TO CRASH,,UNABLE TO DETERMINE,2355,S,WESTERN AVE,,NONINCAPACITATING INJURY,0,0,1,0,1,8,41.84858266,-87.68539419
06/20/2017 12:55:00 PM,30,NO CONTROLS,CLEAR,DAYLIGHT,ALLEY,DRY,INJURY AND / OR TOW DUE TO CRASH,,FAILING TO YIELD RIGHT-OF-WAY,2821,W,CONGRESS PKWY,,NONINCAPACITATING INJURY,0,0,1,12,3,6,41.87478719,-87.69700593
3/8/2020 15:00,30,STOP SIGN/FLASHER,CLEAR,DAYLIGHT,T-INTERSECTION,DRY,INJURY AND / OR TOW DUE TO CRASH,,UNABLE TO DETERMINE,4098,N,CLARK ST,,INCAPACITATING INJURY,0,1,0,15,1,3,41.9562504,-87.66357292
9/1/2023 12:04,25,STOP SIGN/FLASHER,CLEAR,DAYLIGHT,NOT DIVIDED,DRY,INJURY AND / OR TOW DUE TO CRASH,,UNABLE TO DETERMINE,626,W,WILSON DR,,NONINCAPACITATING INJURY,0,0,1,12,6,9,41.96588602,-87.6464088
04/25/2019 07:00:00 PM,30,NO CONTROLS,CLEAR,DAYLIGHT,ONE-WAY,DRY,INJURY AND / OR TOW DUE TO CRASH,,UNABLE TO DETERMINE,1700,N,KARLOV AVE,,NONINCAPACITATING INJURY,0,0,1,19,5,4,41.91176589,-87.72898079
6/11/2017 16:35,5,NO CONTROLS,CLEAR,DAYLIGHT,PARKING LOT,DRY,NO INJURY / DRIVE AWAY,Y,UNABLE TO DETERMINE,2008,W,63RD ST,,NO INDICATION OF INJURY,0,0,0,16,1,6,41.77942004,-87.67433255
06/24/2023 01:00:00 AM,30,TRAFFIC SIGNAL,CLEAR,"DARKNESS, LIGHTED ROAD",NOT DIVIDED,DRY,INJURY AND / OR TOW DUE TO CRASH,Y,UNABLE TO DETERMINE,4768,S,ARCHER AVE,,NONINCAPACITATING INJURY,0,0,1,1,7,6,41.80692274,-87.71619067
02/15/2019 06:05:00 PM,30,TRAFFIC SIGNAL,CLEAR,"DARKNESS, LIGHTED ROAD",NOT DIVIDED,DRY,NO INJURY / DRIVE AWAY,Y,DISREGARDING TRAFFIC SIGNALS,200,W,DIVISION ST,,NO INDICATION OF INJURY,0,0,0,18,6,2,41.9039625,-87.63455512
6/7/2023 18:59,25,STOP SIGN/FLASHER,CLEAR,DAYLIGHT,FOUR WAY,DRY,INJURY AND / OR TOW DUE TO CRASH,Y,UNABLE TO DETERMINE,7400,N,WINCHESTER AVE,,NONINCAPACITATING INJURY,0,0,1,18,4,6,42.01670142,-87.67920842
06/26/2022 09:32:00 AM,30,STOP SIGN/FLASHER,CLEAR,DAYLIGHT,NOT DIVIDED,DRY,INJURY AND / OR TOW DUE TO CRASH,,FAILING TO YIELD RIGHT-OF-WAY,1330,S,DAMEN AVE,,"REPORTED, NOT EVIDENT",0,0,0,9,1,6,41.86407608,-87.67632194
04/28/2020 08:00:00 PM,30,TRAFFIC SIGNAL,RAIN,"DARKNESS, LIGHTED ROAD",FOUR WAY,WET,NO INJURY / DRIVE AWAY,,IMPROPER TURNING/NO SIGNAL,2799,N,SHEFFIELD AVE,,NO INDICATION OF INJURY,0,0,0,20,3,4,41.93255083,-87.6537079
06/20/2023 05:27:00 PM,30,NO CONTROLS,CLEAR,DAYLIGHT,FOUR WAY,DRY,INJURY AND / OR TOW DUE TO CRASH,,FAILING TO YIELD RIGHT-OF-WAY,899,N,MILWAUKEE AVE,,NONINCAPACITATING INJURY,0,0,1,17,3,6,41.89834144,-87.65844279
10/14/2020 04:35:00 PM,30,NO CONTROLS,CLEAR,DAYLIGHT,NOT DIVIDED,DRY,INJURY AND / OR TOW DUE TO CRASH,,DRIVING ON WRONG SIDE/WRONG WAY,730,W,ARMITAGE AVE,,NONINCAPACITATING INJURY,0,0,1,16,4,10,41.91830526,-87.64725521
7/11/2019 17:19,30,NO CONTROLS,CLEAR,DAYLIGHT,NOT DIVIDED,DRY,INJURY AND / OR TOW DUE TO CRASH,,UNABLE TO DETERMINE,2530,N,HALSTED ST,,NONINCAPACITATING INJURY,0,0,2,17,5,7,41.9281323,-87.64900381
10/24/2021 04:32:00 PM,30,NO CONTROLS,RAIN,DAYLIGHT,NOT DIVIDED,WET,INJURY AND / OR TOW DUE TO CRASH,,FAILING TO YIELD RIGHT-OF-WAY,11126,S,STATE ST,,NONINCAPACITATING INJURY,0,0,1,16,1,10,41.69172139,-87.62322421
06/16/2021 11:10:00 PM,30,NO CONTROLS,CLEAR,"DARKNESS, LIGHTED ROAD",NOT DIVIDED,DRY,INJURY AND / OR TOW DUE TO CRASH,,DRIVING SKILLS/KNOWLEDGE/EXPERIENCE,5501,N,WESTERN AVE,,INCAPACITATING INJURY,0,1,0,23,4,6,41.98147017,-87.68922154
09/21/2020 11:48:00 PM,30,TRAFFIC SIGNAL,CLEAR,"DARKNESS, LIGHTED ROAD",FOUR WAY,UNKNOWN,INJURY AND / OR TOW DUE TO CRASH,Y,DISREGARDING TRAFFIC SIGNALS,1001,N,CICERO AVE,,NONINCAPACITATING INJURY,0,0,1,23,2,9,41.8987345,-87.74574493
6/6/2022 12:01,30,NO CONTROLS,RAIN,DAYLIGHT,ONE-WAY,WET,INJURY AND / OR TOW DUE TO CRASH,,UNABLE TO DETERMINE,6455,S,MARSHFIELD AVE,Y,NONINCAPACITATING INJURY,0,0,1,12,2,6,41.7760227,-87.66524806
08/20/2021 08:59:00 PM,30,STOP SIGN/FLASHER,CLEAR,DAYLIGHT,ONE-WAY,DRY,NO INJURY / DRIVE AWAY,Y,IMPROPER OVERTAKING/PASSING,2504,N,MENARD AVE,,NO INDICATION OF INJURY,0,0,0,20,6,8,41.92593152,-87.77107083
10/6/2020 8:45,30,NO CONTROLS,CLEAR,DAYLIGHT,DIVIDED - W/MEDIAN (NOT RAISED),DRY,INJURY AND / OR TOW DUE TO CRASH,Y,UNABLE TO DETERMINE,9226,S,COMMERCIAL AVE,,NONINCAPACITATING INJURY,0,0,1,8,3,10,41.7272889,-87.55134095
6/12/2019 0:15,30,NO CONTROLS,CLEAR,"DARKNESS, LIGHTED ROAD",DIVIDED - W/MEDIAN (NOT RAISED),DRY,INJURY AND / OR TOW DUE TO CRASH,,UNABLE TO DETERMINE,1356,N,MILWAUKEE AVE,,NONINCAPACITATING INJURY,0,0,1,0,4,6,41.90636873,-87.67141984
4/9/2019 13:12,30,NO CONTROLS,CLEAR,DAYLIGHT,CENTER TURN LANE,DRY,INJURY AND / OR TOW DUE TO CRASH,,FAILING TO YIELD RIGHT-OF-WAY,2800,N,AVERS AVE,,NONINCAPACITATING INJURY,0,0,1,13,3,4,41.93192662,-87.72343502
05/18/2021 03:03:00 PM,30,TRAFFIC SIGNAL,CLEAR,DAYLIGHT,T-INTERSECTION,DRY,INJURY AND / OR TOW DUE TO CRASH,,UNABLE TO DETERMINE,2800,W,GRAND AVE,,NONINCAPACITATING INJURY,0,0,1,15,3,5,41.8944949,-87.69676357
06/24/2020 04:30:00 PM,30,TRAFFIC SIGNAL,CLEAR,DAYLIGHT,DIVIDED - W/MEDIAN (NOT RAISED),DRY,NO INJURY / DRIVE AWAY,Y,FAILING TO REDUCE SPEED TO AVOID CRASH,4600,N,MILWAUKEE AVE,,NO INDICATION OF INJURY,0,0,0,16,4,6,41.96419204,-87.75773674
10/3/2018 20:43,35,TRAFFIC SIGNAL,CLEAR,"DARKNESS, LIGHTED ROAD",DIVIDED - W/MEDIAN (NOT RAISED),DRY,INJURY AND / OR TOW DUE TO CRASH,,FAILING TO REDUCE SPEED TO AVOID CRASH,1602,N,MILWAUKEE AVE,,NONINCAPACITATING INJURY,0,0,1,20,4,10,41.91047122,-87.67781855
05/16/2023 09:45:00 AM,30,STOP SIGN/FLASHER,CLEAR,DAYLIGHT,NOT DIVIDED,DRY,INJURY AND / OR TOW DUE TO CRASH,,DISREGARDING STOP SIGN,544,N,MILWAUKEE AVE,,NONINCAPACITATING INJURY,0,0,1,9,3,5,41.89208581,-87.64917922
6/10/2020 19:29,30,NO CONTROLS,RAIN,DUSK,NOT DIVIDED,WET,INJURY AND / OR TOW DUE TO CRASH,,UNABLE TO DETERMINE,1724,W,99TH ST,,NONINCAPACITATING INJURY,0,0,1,19,4,6,41.714011,-87.66637721
10/7/2017 18:20,30,NO CONTROLS,RAIN,"DARKNESS, LIGHTED ROAD",ONE-WAY,WET,INJURY AND / OR TOW DUE TO CRASH,Y,UNABLE TO DETERMINE,6804,S,LAFAYETTE AVE,,NONINCAPACITATING INJURY,0,0,1,18,7,10,41.77072202,-87.62685896
7/6/2022 19:30,30,TRAFFIC SIGNAL,CLEAR,DAYLIGHT,T-INTERSECTION,DRY,NO INJURY / DRIVE AWAY,Y,UNABLE TO DETERMINE,500,W,KINZIE ST,,NO INDICATION OF INJURY,0,0,0,19,4,7,41.88915779,-87.63998599
07/19/2017 03:05:00 PM,30,TRAFFIC SIGNAL,CLEAR,DAYLIGHT,NOT DIVIDED,DRY,INJURY AND / OR TOW DUE TO CRASH,,UNABLE TO DETERMINE,3732,N,ELSTON AVE,,NONINCAPACITATING INJURY,0,0,1,15,4,7,41.94920689,-87.71282878
04/18/2019 12:10:00 PM,30,NO CONTROLS,RAIN,DAYLIGHT,NOT DIVIDED,WET,NO INJURY / DRIVE AWAY,Y,IMPROPER LANE USAGE,1100,S,CENTRAL PARK AVE,,NO INDICATION OF INJURY,0,0,0,12,5,4,41.86806385,-87.71562237
5/7/2022 13:30,30,UNKNOWN,CLEAR,DAYLIGHT,NOT DIVIDED,DRY,NO INJURY / DRIVE AWAY,,IMPROPER OVERTAKING/PASSING,1326,N,MILWAUKEE AVE,,NO INDICATION OF INJURY,0,0,0,13,7,5,41.9057526,-87.6704595
06/22/2019 07:45:00 AM,35,NO CONTROLS,CLEAR,DAYLIGHT,NOT DIVIDED,DRY,INJURY AND / OR TOW DUE TO CRASH,,UNABLE TO DETERMINE,4840,N,LINCOLN AVE,,NONINCAPACITATING INJURY,0,0,1,7,7,6,41.96969852,-87.68936748
5/9/2022 21:30,35,TRAFFIC SIGNAL,CLEAR,"DARKNESS, LIGHTED ROAD",NOT DIVIDED,DRY,INJURY AND / OR TOW DUE TO CRASH,Y,UNABLE TO DETERMINE,4000,N,WESTERN AVE,,NONINCAPACITATING INJURY,0,0,1,21,2,5,41.95405671,-87.68861447
09/28/2021 05:56:00 PM,35,NO CONTROLS,CLEAR,DAYLIGHT,DIVIDED - W/MEDIAN (NOT RAISED),DRY,INJURY AND / OR TOW DUE TO CRASH,,FAILING TO YIELD RIGHT-OF-WAY,755,W,NORTH AVE,,NONINCAPACITATING INJURY,0,0,1,17,3,9,41.91081347,-87.64801045
09/22/2019 11:05:00 AM,30,NO CONTROLS,CLEAR,DAYLIGHT,NOT DIVIDED,ICE,INJURY AND / OR TOW DUE TO CRASH,,UNABLE TO DETERMINE,1331,W,IRVING PARK RD,,NONINCAPACITATING INJURY,0,0,1,11,1,9,41.95425419,-87.66352514
7/6/2021 13:40,30,STOP SIGN/FLASHER,CLEAR,DAYLIGHT,FOUR WAY,DRY,INJURY AND / OR TOW DUE TO CRASH,,UNABLE TO DETERMINE,2000,W,68TH ST,,NONINCAPACITATING INJURY,0,0,2,13,3,7,41.7703675,-87.6737826
07/30/2020 04:42:00 PM,25,TRAFFIC SIGNAL,CLEAR,DAYLIGHT,NOT DIVIDED,DRY,INJURY AND / OR TOW DUE TO CRASH,,UNABLE TO DETERMINE,3000,S,HALSTED ST,,NONINCAPACITATING INJURY,0,0,1,16,5,7,41.83977195,-87.64646751
04/23/2018 08:15:00 AM,30,NO CONTROLS,CLEAR,DAYLIGHT,NOT DIVIDED,DRY,INJURY AND / OR TOW DUE TO CRASH,Y,FAILING TO YIELD RIGHT-OF-WAY,1227,N,SEDGWICK ST,,INCAPACITATING INJURY,0,1,0,8,2,4,41.90462039,-87.6382404
08/16/2023 08:30:00 PM,30,TRAFFIC SIGNAL,CLEAR,UNKNOWN,NOT DIVIDED,DRY,INJURY AND / OR TOW DUE TO CRASH,,NOT APPLICABLE,3701,W,26TH ST,,"REPORTED, NOT EVIDENT",0,0,0,20,4,8,41.84423964,-87.71729018
09/16/2022 04:29:00 PM,30,NO CONTROLS,CLEAR,DAYLIGHT,NOT DIVIDED,DRY,INJURY AND / OR TOW DUE TO CRASH,,UNABLE TO DETERMINE,1812,N,MILWAUKEE AVE,,"REPORTED, NOT EVIDENT",0,0,0,16,6,9,41.91426145,-87.68368605
05/13/2019 07:05:00 AM,30,STOP SIGN/FLASHER,CLEAR,DAYLIGHT,NOT DIVIDED,DRY,INJURY AND / OR TOW DUE TO CRASH,,UNABLE TO DETERMINE,299,E,35TH ST,,INCAPACITATING INJURY,0,1,0,7,2,5,41.83097183,-87.61939252
07/21/2023 12:10:00 PM,30,UNKNOWN,UNKNOWN,UNKNOWN,DIVIDED - W/MEDIAN (NOT RAISED),UNKNOWN,INJURY AND / OR TOW DUE TO CRASH,,UNABLE TO DETERMINE,4829,N,CLARK ST,Y,NONINCAPACITATING INJURY,0,0,1,12,6,7,41.96982229,-87.66746195
06/28/2020 08:00:00 PM,25,STOP SIGN/FLASHER,CLEAR,DUSK,DIVIDED - W/MEDIAN (NOT RAISED),DRY,NO INJURY / DRIVE AWAY,,UNABLE TO DETERMINE,2430,S,OAKLEY AVE,,NO INDICATION OF INJURY,0,0,0,20,1,6,41.84757384,-87.68321584
09/18/2018 12:54:00 PM,30,NO CONTROLS,CLEAR,DAYLIGHT,DIVIDED - W/MEDIAN (NOT RAISED),DRY,INJURY AND / OR TOW DUE TO CRASH,,DRIVING ON WRONG SIDE/WRONG WAY,3201,W,LAKE ST,,NONINCAPACITATING INJURY,0,0,1,12,3,9,41.88424956,-87.70635939
08/14/2018 08:15:00 AM,30,LANE USE MARKING,CLEAR,DAYLIGHT,NOT DIVIDED,DRY,INJURY AND / OR TOW DUE TO CRASH,,DISREGARDING ROAD MARKINGS,420,N,WELLS ST,,"REPORTED, NOT EVIDENT",0,0,0,8,3,8,41.88993991,-87.6341743
04/21/2022 07:28:00 AM,20,UNKNOWN,CLEAR,DAYLIGHT,NOT DIVIDED,WET,NO INJURY / DRIVE AWAY,,UNABLE TO DETERMINE,4129,N,CLARENDON AVE,Y,NO INDICATION OF INJURY,0,0,0,7,5,4,41.95655402,-87.6496121
05/27/2018 03:57:00 PM,30,NO CONTROLS,CLEAR,DAYLIGHT,DIVIDED - W/MEDIAN (NOT RAISED),DRY,INJURY AND / OR TOW DUE TO CRASH,,FAILING TO REDUCE SPEED TO AVOID CRASH,12216,S,HALSTED ST,,NONINCAPACITATING INJURY,0,0,1,15,1,5,41.67181267,-87.64185409
08/27/2018 08:30:00 AM,30,TRAFFIC SIGNAL,CLEAR,DAYLIGHT,DIVIDED - W/MEDIAN (NOT RAISED),DRY,INJURY AND / OR TOW DUE TO CRASH,Y,"OPERATING VEHICLE IN ERRATIC, RECKLESS, CARELESS, NEGLIGENT OR AGGRESSIVE MANNER",4798,N,CLARK ST,,NONINCAPACITATING INJURY,0,0,1,8,2,8,41.96879808,-87.66763111
07/26/2018 04:45:00 PM,30,NO CONTROLS,CLEAR,DAYLIGHT,NOT DIVIDED,DRY,INJURY AND / OR TOW DUE TO CRASH,,NOT APPLICABLE,3713,N,KEDZIE AVE,,NONINCAPACITATING INJURY,0,0,1,16,5,7,41.94888628,-87.70773467
07/30/2020 03:33:00 PM,30,NO CONTROLS,CLEAR,DAYLIGHT,NOT DIVIDED,DRY,INJURY AND / OR TOW DUE TO CRASH,,UNABLE TO DETERMINE,6904,N,CLARK ST,Y,NONINCAPACITATING INJURY,0,0,1,15,5,7,42.00672137,-87.67358234
11/6/2021 11:15,30,NO CONTROLS,CLEAR,DAYLIGHT,ONE-WAY,DRY,NO INJURY / DRIVE AWAY,,FAILING TO YIELD RIGHT-OF-WAY,300,E,HURON ST,Y,NO INDICATION OF INJURY,0,0,0,11,7,11,41.89512389,-87.6201946
03/27/2019 10:30:00 AM,30,NO CONTROLS,CLEAR,DAYLIGHT,ONE-WAY,DRY,INJURY AND / OR TOW DUE TO CRASH,,FAILING TO YIELD RIGHT-OF-WAY,223,W,WASHINGTON ST,Y,NONINCAPACITATING INJURY,0,0,1,10,4,3,41.88309943,-87.63454503
8/6/2019 7:00,30,STOP SIGN/FLASHER,CLEAR,DAYLIGHT,FOUR WAY,DRY,NO INJURY / DRIVE AWAY,Y,DISREGARDING STOP SIGN,500,W,ERIE ST,,NO INDICATION OF INJURY,0,0,0,7,3,8,41.89400658,-87.64148746
08/16/2021 02:30:00 PM,15,NO CONTROLS,CLEAR,DAYLIGHT,ALLEY,DRY,NO INJURY / DRIVE AWAY,,UNABLE TO DETERMINE,5345,W,OAKDALE AVE,,NO INDICATION OF INJURY,0,0,0,14,2,8,41.9339756,-87.76076999
06/28/2022 06:49:00 PM,25,NO CONTROLS,CLEAR,DAYLIGHT,NOT DIVIDED,DRY,NO INJURY / DRIVE AWAY,,NOT APPLICABLE,1416,W,BELMONT AVE,,NO INDICATION OF INJURY,0,0,0,18,3,6,41.93986266,-87.66454637
2/4/2018 17:45,30,NO CONTROLS,CLEAR,DUSK,NOT DIVIDED,SNOW OR SLUSH,NO INJURY / DRIVE AWAY,,FAILING TO YIELD RIGHT-OF-WAY,9300,S,SOUTH CHICAGO AVE,,NO INDICATION OF INJURY,0,0,0,17,1,2,41.72626026,-87.55072459
4/8/2019 14:01,30,UNKNOWN,CLEAR,DAYLIGHT,NOT DIVIDED,DRY,INJURY AND / OR TOW DUE TO CRASH,,UNABLE TO DETERMINE,1522,W,LAWRENCE AVE,Y,"REPORTED, NOT EVIDENT",0,0,0,14,2,4,41.96899367,-87.66851172
07/22/2019 12:00:00 PM,30,TRAFFIC SIGNAL,CLEAR,DAYLIGHT,NOT DIVIDED,DRY,INJURY AND / OR TOW DUE TO CRASH,Y,UNABLE TO DETERMINE,3961,W,GRAND AVE,N,NONINCAPACITATING INJURY,0,0,1,12,2,7,41.90593946,-87.72617852
06/13/2021 12:55:00 PM,30,TRAFFIC SIGNAL,CLEAR,DAYLIGHT,NOT DIVIDED,DRY,NO INJURY / DRIVE AWAY,,UNABLE TO DETERMINE,10,E,CHICAGO AVE,,NO INDICATION OF INJURY,0,0,0,12,1,6,41.89679287,-87.62778758
08/14/2018 06:15:00 PM,30,NO CONTROLS,CLEAR,DAYLIGHT,NOT DIVIDED,DRY,INJURY AND / OR TOW DUE TO CRASH,,FAILING TO YIELD RIGHT-OF-WAY,2500,W,LAWRENCE AVE,,NONINCAPACITATING INJURY,0,0,1,18,3,8,41.96870221,-87.69141123
06/29/2021 04:23:00 PM,30,TRAFFIC SIGNAL,CLEAR,DAYLIGHT,NOT DIVIDED,DRY,INJURY AND / OR TOW DUE TO CRASH,,DISREGARDING TRAFFIC SIGNALS,525,N,ORLEANS ST,,NONINCAPACITATING INJURY,0,0,1,16,3,6,41.8915077,-87.63688268
07/27/2018 01:00:00 PM,30,NO CONTROLS,CLEAR,DAYLIGHT,NOT DIVIDED,DRY,INJURY AND / OR TOW DUE TO CRASH,Y,UNABLE TO DETERMINE,5339,N,ASHLAND AVE,Y,NONINCAPACITATING INJURY,0,0,1,13,6,7,41.97914825,-87.66954857
10/30/2021 11:08:00 PM,30,TRAFFIC SIGNAL,CLEAR,"DARKNESS, LIGHTED ROAD",DIVIDED - W/MEDIAN BARRIER,DRY,INJURY AND / OR TOW DUE TO CRASH,,FAILING TO REDUCE SPEED TO AVOID CRASH,98,N,MICHIGAN AVE,,NONINCAPACITATING INJURY,0,0,1,23,7,10,41.88317111,-87.62454402
6/6/2022 7:45,25,STOP SIGN/FLASHER,RAIN,DAYLIGHT,NOT DIVIDED,WET,INJURY AND / OR TOW DUE TO CRASH,,UNABLE TO DETERMINE,2100,S,LOOMIS ST,,NONINCAPACITATING INJURY,0,0,1,7,2,6,41.85421864,-87.66136419
09/19/2016 02:00:00 PM,30,NO CONTROLS,CLEAR,DAYLIGHT,DIVIDED - W/MEDIAN (NOT RAISED),DRY,INJURY AND / OR TOW DUE TO CRASH,,IMPROPER LANE USAGE,3458,N,HALSTED ST,,"REPORTED, NOT EVIDENT",0,0,0,14,2,9,41.9454116,-87.64957509
09/28/2021 06:35:00 PM,30,TRAFFIC SIGNAL,CLEAR,DAWN,FOUR WAY,DRY,INJURY AND / OR TOW DUE TO CRASH,Y,DISREGARDING TRAFFIC SIGNALS,5200,W,LAKE ST,,NONINCAPACITATING INJURY,0,0,1,18,3,9,41.88731419,-87.75536944
10/26/2021 06:06:00 PM,25,STOP SIGN/FLASHER,CLEAR,"DARKNESS, LIGHTED ROAD",FOUR WAY,DRY,INJURY AND / OR TOW DUE TO CRASH,Y,UNABLE TO DETERMINE,6399,S,EVANS AVE,,NONINCAPACITATING INJURY,0,0,1,18,3,10,41.77866649,-87.60700633
9/8/2015 12:45,30,NO CONTROLS,RAIN,DAYLIGHT,DIVIDED - W/MEDIAN (NOT RAISED),WET,NO INJURY / DRIVE AWAY,,WEATHER,5137,W,WASHINGTON BLVD,,NO INDICATION OF INJURY,0,0,0,12,3,9,41.88155555,-87.75417943
02/27/2020 10:17:00 AM,30,TRAFFIC SIGNAL,CLEAR,DAYLIGHT,FOUR WAY,DRY,INJURY AND / OR TOW DUE TO CRASH,,UNABLE TO DETERMINE,2200,S,CANAL ST,,NONINCAPACITATING INJURY,0,0,1,10,5,2,41.85276917,-87.6386785