CRASH_DATE,POSTED_SPEED_LIMIT,TRAFFIC_CONTROL_DEVICE,WEATHER_CONDITION,LIGHTING_CONDITION,TRAFFICWAY_TYPE,ROADWAY_SURFACE_COND,CRASH_TYPE,HIT_AND_RUN_I,PRIM_CONTRIBUTORY_CAUSE,STREET_NO,STREET_DIRECTION,STREET_NAME,DOORING_I,MOST_SEVERE_INJURY,INJURIES_FATAL,INJURIES_INCAPACITATING,INJURIES_NON_INCAPACITATING,CRASH_HOUR,CRASH_DAY_OF_WEEK,CRASH_MONTH,LATITUDE,LONGITUDE
09/24/2018 09:49:00 AM,30,NO CONTROLS,CLEAR,DAYLIGHT,DIVIDED - W/MEDIAN (NOT RAISED),DRY,INJURY AND / OR TOW DUE TO CRASH,,FAILING TO YIELD RIGHT-OF-WAY,5601,S,PULASKI RD,,NONINCAPACITATING INJURY,0,0,1,9,2,9,41.79135321,-87.72296201
6/8/2023 13:15,30,NO CONTROLS,CLEAR,DAYLIGHT,NOT DIVIDED,DRY,NO INJURY / DRIVE AWAY,,UNABLE TO DETERMINE,713,N,MILWAUKEE AVE,,NO INDICATION OF INJURY,0,0,0,13,5,6,41.89469634,-87.65279542
8/6/2020 18:00,30,TRAFFIC SIGNAL,UNKNOWN,UNKNOWN,DIVIDED - W/MEDIAN BARRIER,UNKNOWN,NO INJURY / DRIVE AWAY,Y,UNABLE TO DETERMINE,3710,S,ARCHER AVE,,NO INDICATION OF INJURY,0,0,0,18,5,8,41.8260912,-87.68488356
6/9/2017 14:48,30,UNKNOWN,CLEAR,DAYLIGHT,UNKNOWN,DRY,NO INJURY / DRIVE AWAY,Y,UNABLE TO DETERMINE,6350,W,MONTROSE AVE,,NO INDICATION OF INJURY,0,0,0,14,6,6,41.9603335,-87.7864091
03/27/2021 08:00:00 AM,35,NO CONTROLS,CLEAR,DAYLIGHT,NOT DIVIDED,DRY,INJURY AND / OR TOW DUE TO CRASH,,UNABLE TO DETERMINE,4316,W,ARMITAGE AVE,,NONINCAPACITATING INJURY,0,0,1,8,7,3,41.9171731,-87.734571
07/25/2021 12:15:00 AM,30,NO CONTROLS,OTHER,"DARKNESS, LIGHTED ROAD",NOT DIVIDED,UNKNOWN,INJURY AND / OR TOW DUE TO CRASH,,IMPROPER LANE USAGE,1830,S,PULASKI RD,,"REPORTED, NOT EVIDENT",0,0,0,0,1,7,41.85611026,-87.72502841
5/7/2023 1:48,30,TRAFFIC SIGNAL,CLEAR,DARKNESS,DIVIDED - W/MEDIAN (NOT RAISED),WET,INJURY AND / OR TOW DUE TO CRASH,Y,UNABLE TO DETERMINE,1000,N,CALIFORNIA AVE,N,NONINCAPACITATING INJURY,0,0,1,1,1,5,41.89932699,-87.69693873
3/11/2022 20:00,30,NO CONTROLS,CLEAR,DUSK,DIVIDED - W/MEDIAN (NOT RAISED),DRY,NO INJURY / DRIVE AWAY,Y,FOLLOWING TOO CLOSELY,675,W,LAKE ST,,NO INDICATION OF INJURY,0,0,0,20,6,3,41.88557769,-87.64567301
07/17/2018 11:10:00 PM,30,TRAFFIC SIGNAL,UNKNOWN,"DARKNESS, LIGHTED ROAD",CENTER TURN LANE,UNKNOWN,NO INJURY / DRIVE AWAY,,UNABLE TO DETERMINE,1000,W,DIVERSEY PKWY,,NO INDICATION OF INJURY,0,0,0,23,3,7,41.93274653,-87.65392873
09/22/2023 05:30:00 PM,30,UNKNOWN,UNKNOWN,UNKNOWN,NOT DIVIDED,UNKNOWN,NO INJURY / DRIVE AWAY,,UNABLE TO DETERMINE,500,W,ARMITAGE AVE,,NO INDICATION OF INJURY,0,0,0,17,6,9,41.91839492,-87.64130878
9/5/2015 17:00,30,NO CONTROLS,CLEAR,DAYLIGHT,ONE-WAY,DRY,NO INJURY / DRIVE AWAY,Y,"OPERATING VEHICLE IN ERRATIC, RECKLESS, CARELESS, NEGLIGENT OR AGGRESSIVE MANNER",194,E,DELAWARE PL,Y,NO INDICATION OF INJURY,0,0,0,17,7,9,41.89934924,-87.62214936
6/4/2018 15:25,30,NO CONTROLS,CLEAR,DAYLIGHT,DIVIDED - W/MEDIAN (NOT RAISED),DRY,INJURY AND / OR TOW DUE TO CRASH,,UNABLE TO DETERMINE,2938,N,AUSTIN AVE,,NONINCAPACITATING INJURY,0,0,1,15,2,6,41.9341321,-87.77621388
11/29/2019 08:00:00 PM,30,UNKNOWN,CLEAR,"DARKNESS, LIGHTED ROAD",NOT DIVIDED,UNKNOWN,INJURY AND / OR TOW DUE TO CRASH,,NOT APPLICABLE,423,N,LARAMIE AVE,Y,NONINCAPACITATING INJURY,0,0,1,20,6,11,41.88849311,-87.7552162
6/12/2018 14:30,30,TRAFFIC SIGNAL,CLEAR,DAYLIGHT,CENTER TURN LANE,DRY,INJURY AND / OR TOW DUE TO CRASH,Y,UNABLE TO DETERMINE,5501,S,ST LOUIS AVE,,NONINCAPACITATING INJURY,0,0,1,14,3,6,41.79331453,-87.71075395
07/22/2019 08:34:00 AM,30,NO CONTROLS,CLEAR,DAYLIGHT,FOUR WAY,DRY,INJURY AND / OR TOW DUE TO CRASH,,FAILING TO YIELD RIGHT-OF-WAY,2000,W,WASHBURNE AVE,,INCAPACITATING INJURY,0,1,0,8,2,7,41.86595162,-87.6763452
4/6/2019 17:00,30,STOP SIGN/FLASHER,CLEAR,DAYLIGHT,NOT DIVIDED,DRY,NO INJURY / DRIVE AWAY,,UNABLE TO DETERMINE,256,W,26TH ST,,NO INDICATION OF INJURY,0,0,0,17,7,4,41.84560442,-87.63402289
04/25/2017 06:30:00 PM,30,TRAFFIC SIGNAL,CLEAR,DAYLIGHT,NOT DIVIDED,DRY,NO INJURY / DRIVE AWAY,Y,FAILING TO YIELD RIGHT-OF-WAY,6700,S,ST LAWRENCE AVE,,NO INDICATION OF INJURY,0,0,0,18,3,4,41.7729591,-87.61076829
9/10/2022 15:00,30,NO CONTROLS,CLEAR,DAYLIGHT,PARKING LOT,DRY,INJURY AND / OR TOW DUE TO CRASH,,"VISION OBSCURED (SIGNS, TREE LIMBS, BUILDINGS, ETC.)",6935,N,SHERIDAN RD,,NONINCAPACITATING INJURY,0,0,1,15,7,9,42.00788364,-87.66150962
05/29/2022 04:30:00 PM,35,NO CONTROLS,CLEAR,DAYLIGHT,DIVIDED - W/MEDIAN (NOT RAISED),DRY,INJURY AND / OR TOW DUE TO CRASH,,NOT APPLICABLE,31,E,ROOSEVELT RD,,"REPORTED, NOT EVIDENT",0,0,0,16,1,5,41.8673211,-87.62595399
9/12/2017 19:04,25,NO CONTROLS,CLEAR,DAYLIGHT,NOT DIVIDED,DRY,INJURY AND / OR TOW DUE TO CRASH,,UNABLE TO DETERMINE,1369,W,HUBBARD ST,,"REPORTED, NOT EVIDENT",0,0,0,19,3,9,41.88983199,-87.66164045
7/3/2020 18:45,30,TRAFFIC SIGNAL,CLEAR,DAYLIGHT,DIVIDED - W/MEDIAN (NOT RAISED),DRY,INJURY AND / OR TOW DUE TO CRASH,,UNABLE TO DETERMINE,1778,W,LAWRENCE AVE,,"REPORTED, NOT EVIDENT",0,0,0,18,6,7,41.96893242,-87.67409746
08/21/2023 03:30:00 PM,30,NO CONTROLS,CLEAR,DAYLIGHT,NOT DIVIDED,DRY,INJURY AND / OR TOW DUE TO CRASH,Y,NOT APPLICABLE,4800,S,PULASKI RD,,NONINCAPACITATING INJURY,0,0,1,15,2,8,41.80594524,-87.72367308
08/26/2020 02:20:00 PM,35,NO CONTROLS,CLEAR,DAYLIGHT,ONE-WAY,DRY,INJURY AND / OR TOW DUE TO CRASH,Y,UNABLE TO DETERMINE,439,N,WELLS ST,Y,NONINCAPACITATING INJURY,0,0,1,14,4,8,41.89031406,-87.63388913
6/11/2019 17:52,40,TRAFFIC SIGNAL,CLEAR,DARKNESS,DIVIDED - W/MEDIAN BARRIER,DRY,INJURY AND / OR TOW DUE TO CRASH,,DISREGARDING TRAFFIC SIGNALS,501,S,LAKE SHORE DR NB,,NONINCAPACITATING INJURY,0,0,1,17,3,6,41.87576151,-87.61699209
09/13/2023 06:58:00 PM,35,NO CONTROLS,CLEAR,DAYLIGHT,NOT DIVIDED,DRY,INJURY AND / OR TOW DUE TO CRASH,Y,UNABLE TO DETERMINE,2019,S,KOSTNER AVE,,NONINCAPACITATING INJURY,0,0,1,18,4,9,41.85363134,-87.73442518
09/16/2017 03:00:00 PM,25,TRAFFIC SIGNAL,CLEAR,DAYLIGHT,NOT DIVIDED,DRY,INJURY AND / OR TOW DUE TO CRASH,,FAILING TO YIELD RIGHT-OF-WAY,5700,S,CORNELL DR,,NONINCAPACITATING INJURY,0,0,1,15,7,9,41.7915802,-87.58556422
08/22/2019 11:49:00 PM,30,TRAFFIC SIGNAL,CLEAR,"DARKNESS, LIGHTED ROAD",NOT DIVIDED,DRY,NO INJURY / DRIVE AWAY,Y,IMPROPER TURNING/NO SIGNAL,516,N,STATE ST,,NO INDICATION OF INJURY,0,0,0,23,5,8,41.89148283,-87.62821184
12/21/2020 06:08:00 PM,30,NO CONTROLS,CLEAR,"DARKNESS, LIGHTED ROAD",DIVIDED - W/MEDIAN (NOT RAISED),DRY,NO INJURY / DRIVE AWAY,Y,NOT APPLICABLE,5258,W,GRAND AVE,,NO INDICATION OF INJURY,0,0,0,18,2,12,41.9174519,-87.75810228
10/5/2016 9:14,30,TRAFFIC SIGNAL,CLEAR,DAYLIGHT,DIVIDED - W/MEDIAN (NOT RAISED),DRY,INJURY AND / OR TOW DUE TO CRASH,,FAILING TO YIELD RIGHT-OF-WAY,146,N,OGDEN AVE,,INCAPACITATING INJURY,0,1,0,9,4,10,41.88413918,-87.6635487
8/4/2022 8:20,30,TRAFFIC SIGNAL,CLEAR,DAYLIGHT,NOT DIVIDED,DRY,INJURY AND / OR TOW DUE TO CRASH,,FAILING TO YIELD RIGHT-OF-WAY,824,N,HALSTED ST,Y,NONINCAPACITATING INJURY,0,0,1,8,5,8,41.89723689,-87.64794119
7/12/2017 21:00,30,TRAFFIC SIGNAL,CLEAR,DARKNESS,DIVIDED - W/MEDIAN (NOT RAISED),DRY,INJURY AND / OR TOW DUE TO CRASH,,DISREGARDING OTHER TRAFFIC SIGNS,5500,S,HOMAN AVE,,NONINCAPACITATING INJURY,0,0,1,21,4,7,41.79334892,-87.70860226
09/27/2022 09:04:00 AM,30,TRAFFIC SIGNAL,CLEAR,DAYLIGHT,FOUR WAY,DRY,INJURY AND / OR TOW DUE TO CRASH,,DISREGARDING TRAFFIC SIGNALS,4001,N,CLARK ST,,"REPORTED, NOT EVIDENT",0,0,0,9,3,9,41.95452534,-87.66217979
09/28/2018 08:25:00 AM,30,TRAFFIC SIGNAL,CLEAR,DAYLIGHT,ONE-WAY,DRY,INJURY AND / OR TOW DUE TO CRASH,N,DISREGARDING TRAFFIC SIGNALS,600,N,WELLS ST,,NONINCAPACITATING INJURY,0,0,1,8,6,9,41.89242479,-87.63423714
9/10/2015 8:55,30,NO CONTROLS,CLEAR,DAYLIGHT,ONE-WAY,DRY,NO INJURY / DRIVE AWAY,,FOLLOWING TOO CLOSELY,645,N,CLARK ST,,NO INDICATION OF INJURY,0,0,0,8,5,9,41.89377674,-87.6310337
08/22/2018 05:35:00 PM,30,NO CONTROLS,CLEAR,DAYLIGHT,DIVIDED - W/MEDIAN (NOT RAISED),DRY,NO INJURY / DRIVE AWAY,Y,UNABLE TO DETERMINE,2557,N,MILWAUKEE AVE,,NO INDICATION OF INJURY,0,0,0,17,4,8,41.92787101,-87.70521637
07/13/2023 05:00:00 PM,35,NO CONTROLS,CLEAR,DAYLIGHT,NOT DIVIDED,DRY,INJURY AND / OR TOW DUE TO CRASH,,FAILING TO YIELD RIGHT-OF-WAY,3500,W,47TH ST,,"REPORTED, NOT EVIDENT",0,0,0,17,5,7,41.80814466,-87.71100113
8/4/2023 13:00,30,NO CONTROLS,CLEAR,DAYLIGHT,NOT DIVIDED,DRY,INJURY AND / OR TOW DUE TO CRASH,,UNABLE TO DETERMINE,754,W,16TH ST,,"REPORTED, NOT EVIDENT",0,0,0,13,6,8,41.86002262,-87.64661715
04/24/2018 06:21:00 PM,30,NO CONTROLS,CLEAR,DAYLIGHT,NOT DIVIDED,DRY,INJURY AND / OR TOW DUE TO CRASH,,UNABLE TO DETERMINE,5956,W,SCHUBERT AVE,,INCAPACITATING INJURY,0,1,0,18,3,4,41.92942162,-87.77578456
05/18/2021 09:00:00 PM,15,NO CONTROLS,RAIN,"DARKNESS, LIGHTED ROAD",ONE-WAY,WET,NO INJURY / DRIVE AWAY,,DRIVING ON WRONG SIDE/WRONG WAY,3217,W,CORTEZ ST,,NO INDICATION OF INJURY,0,0,0,21,3,5,41.90001959,-87.70743267
06/29/2021 10:06:00 AM,30,NO CONTROLS,RAIN,DAYLIGHT,DIVIDED - W/MEDIAN (NOT RAISED),WET,NO INJURY / DRIVE AWAY,,WEATHER,5553,N,PULASKI RD,,NO INDICATION OF INJURY,0,0,0,10,3,6,41.98256708,-87.72827944
9/5/2018 22:30,30,TRAFFIC SIGNAL,RAIN,"DARKNESS, LIGHTED ROAD",DIVIDED - W/MEDIAN (NOT RAISED),WET,INJURY AND / OR TOW DUE TO CRASH,Y,FAILING TO REDUCE SPEED TO AVOID CRASH,6902,N,SHERIDAN RD,,NONINCAPACITATING INJURY,0,0,1,22,4,9,42.00686224,-87.66147741
9/7/2020 16:17,35,NO CONTROLS,CLEAR,DAYLIGHT,ALLEY,DRY,INJURY AND / OR TOW DUE TO CRASH,,FAILING TO YIELD RIGHT-OF-WAY,3545,W,107TH ST,,INCAPACITATING INJURY,0,1,0,16,2,9,41.6986209,-87.71018614
06/15/2022 03:40:00 PM,30,UNKNOWN,CLEAR,DAYLIGHT,ALLEY,DRY,INJURY AND / OR TOW DUE TO CRASH,,UNABLE TO DETERMINE,3002,W,25TH ST,,"REPORTED, NOT EVIDENT",0,0,0,15,4,6,41.84650403,-87.70034983
9/7/2018 11:40,35,NO CONTROLS,RAIN,DAYLIGHT,NOT DIVIDED,WET,NO INJURY / DRIVE AWAY,Y,UNABLE TO DETERMINE,7952,S,EXCHANGE AVE,,NO INDICATION OF INJURY,0,0,0,11,6,9,41.75035279,-87.55301673
08/25/2020 03:15:00 PM,30,TRAFFIC SIGNAL,CLEAR,DAYLIGHT,ONE-WAY,DRY,NO INJURY / DRIVE AWAY,,FAILING TO YIELD RIGHT-OF-WAY,3159,N,GREENVIEW AVE,N,NO INDICATION OF INJURY,0,0,0,15,3,8,41.93968654,-87.66609415
6/4/2020 12:36,30,TRAFFIC SIGNAL,CLEAR,DAYLIGHT,FOUR WAY,DRY,INJURY AND / OR TOW DUE TO CRASH,,UNABLE TO DETERMINE,5900,N,CLARK ST,,"REPORTED, NOT EVIDENT",0,0,0,12,5,6,41.98847731,-87.67000057
05/26/2023 06:30:00 PM,30,NO CONTROLS,CLEAR,DAYLIGHT,NOT DIVIDED,DRY,INJURY AND / OR TOW DUE TO CRASH,,FAILING TO YIELD RIGHT-OF-WAY,2737,N,CENTRAL PARK AVE,Y,NONINCAPACITATING INJURY,0,0,1,18,6,5,41.93120122,-87.71703177
10/15/2023 03:53:00 PM,20,NO CONTROLS,CLEAR,DAYLIGHT,NOT DIVIDED,DRY,INJURY AND / OR TOW DUE TO CRASH,,FAILING TO YIELD RIGHT-OF-WAY,5999,W,CARMEN AVE,,NONINCAPACITATING INJURY,0,0,1,15,1,10,41.97381836,-87.77815649
07/17/2021 08:09:00 PM,30,NO CONTROLS,CLEAR,DUSK,DIVIDED - W/MEDIAN (NOT RAISED),DRY,INJURY AND / OR TOW DUE TO CRASH,,UNABLE TO DETERMINE,4258,W,ARMITAGE AVE,,NONINCAPACITATING INJURY,0,0,1,20,7,7,41.91718059,-87.73382797
8/12/2022 17:55,30,TRAFFIC SIGNAL,CLEAR,DAYLIGHT,NOT DIVIDED,DRY,NO INJURY / DRIVE AWAY,Y,FAILING TO YIELD RIGHT-OF-WAY,5799,N,SHERIDAN RD,,NO INDICATION OF INJURY,0,0,0,17,6,8,41.9872694,-87.65515264
12/22/2021 02:00:00 AM,30,TRAFFIC SIGNAL,CLEAR,DAYLIGHT,FOUR WAY,DRY,NO INJURY / DRIVE AWAY,Y,UNABLE TO DETERMINE,3955,W,BELMONT AVE,,NO INDICATION OF INJURY,0,0,0,2,4,12,41.93900047,-87.72589036
11/14/2021 12:45:00 PM,30,NO CONTROLS,RAIN,DAYLIGHT,DIVIDED - W/MEDIAN (NOT RAISED),WET,NO INJURY / DRIVE AWAY,,FAILING TO YIELD RIGHT-OF-WAY,6200,S,CICERO AVE,,NO INDICATION OF INJURY,0,0,0,12,1,11,41.78016308,-87.74249429
11/30/2018 07:16:00 PM,30,STOP SIGN/FLASHER,SNOW,"DARKNESS, LIGHTED ROAD",ONE-WAY,SNOW OR SLUSH,INJURY AND / OR TOW DUE TO CRASH,,UNABLE TO DETERMINE,2802,N,PARKSIDE AVE,,NONINCAPACITATING INJURY,0,0,1,19,6,11,41.93140489,-87.76761427
05/14/2019 05:20:00 PM,30,TRAFFIC SIGNAL,CLEAR,DAYLIGHT,NOT DIVIDED,DRY,NO INJURY / DRIVE AWAY,,FAILING TO YIELD RIGHT-OF-WAY,5900,S,WOOD ST,,NO INDICATION OF INJURY,0,0,0,17,3,5,41.78659388,-87.66938802
08/26/2020 02:30:00 PM,30,TRAFFIC SIGNAL,CLEAR,DAYLIGHT,"FIVE POINT, OR MORE",DRY,INJURY AND / OR TOW DUE TO CRASH,,FAILING TO YIELD RIGHT-OF-WAY,1800,W,ADDISON ST,,NONINCAPACITATING INJURY,0,0,1,14,4,8,41.94703215,-87.67411945
6/5/2018 21:30,30,NO CONTROLS,CLEAR,"DARKNESS, LIGHTED ROAD",NOT DIVIDED,DRY,INJURY AND / OR TOW DUE TO CRASH,,IMPROPER OVERTAKING/PASSING,5758,W,ROSCOE ST,,NONINCAPACITATING INJURY,0,0,1,21,3,6,41.94228053,-87.77137427
09/24/2019 10:07:00 PM,30,STOP SIGN/FLASHER,CLEAR,"DARKNESS, LIGHTED ROAD",FOUR WAY,DRY,NO INJURY / DRIVE AWAY,Y,DISREGARDING STOP SIGN,3400,W,BELDEN AVE,,NO INDICATION OF INJURY,0,0,0,22,3,9,41.9229441,-87.71213471
7/11/2023 12:05,30,NO CONTROLS,UNKNOWN,UNKNOWN,UNKNOWN,UNKNOWN,NO INJURY / DRIVE AWAY,Y,UNABLE TO DETERMINE,100,W,LAKE ST,,NO INDICATION OF INJURY,0,0,0,12,3,7,41.88585126,-87.63104976
8/7/2019 20:30,30,NO CONTROLS,CLEAR,"DARKNESS, LIGHTED ROAD",NOT DIVIDED,DRY,INJURY AND / OR TOW DUE TO CRASH,,UNABLE TO DETERMINE,230,W,GRAND AVE,Y,NONINCAPACITATING INJURY,0,0,1,20,4,8,41.89167928,-87.63541853
12/3/2019 18:45,30,NO CONTROLS,CLEAR,"DARKNESS, LIGHTED ROAD",NOT DIVIDED,DRY,NO INJURY / DRIVE AWAY,,FAILING TO YIELD RIGHT-OF-WAY,2785,N,CLYBOURN AVE,,NO INDICATION OF INJURY,0,0,0,18,3,12,41.93195503,-87.67755209
07/23/2018 07:25:00 PM,30,STOP SIGN/FLASHER,CLEAR,DAYLIGHT,ONE-WAY,DRY,INJURY AND / OR TOW DUE TO CRASH,,FAILING TO YIELD RIGHT-OF-WAY,3801,N,MENARD AVE,,"REPORTED, NOT EVIDENT",0,0,0,19,2,7,41.94951865,-87.77161861
08/22/2023 03:00:00 PM,30,NO CONTROLS,CLEAR,DAYLIGHT,NOT DIVIDED,DRY,INJURY AND / OR TOW DUE TO CRASH,Y,"OPERATING VEHICLE IN ERRATIC, RECKLESS, CARELESS, NEGLIGENT OR AGGRESSIVE MANNER",4847,S,ARCHER AVE,,"REPORTED, NOT EVIDENT",0,0,0,15,3,8,41.8052205,-87.71846398
5/2/2021 0:10,30,TRAFFIC SIGNAL,CLEAR,"DARKNESS, LIGHTED ROAD",FOUR WAY,DRY,INJURY AND / OR TOW DUE TO CRASH,Y,UNABLE TO DETERMINE,299,S,COLUMBUS DR,,NONINCAPACITATING INJURY,0,0,1,0,1,5,41.87840575,-87.62053929
12/19/2020 12:10:00 PM,20,STOP SIGN/FLASHER,CLEAR,DAYLIGHT,NOT DIVIDED,DRY,INJURY AND / OR TOW DUE TO CRASH,,FOLLOWING TOO CLOSELY,1201,W,SUNNYSIDE AVE,,NONINCAPACITATING INJURY,0,0,1,12,7,12,41.96343094,-87.65972306
8/7/2016 21:30,35,TRAFFIC SIGNAL,CLEAR,"DARKNESS, LIGHTED ROAD",NOT DIVIDED,DRY,INJURY AND / OR TOW DUE TO CRASH,Y,NOT APPLICABLE,530,E,31ST ST,,"REPORTED, NOT EVIDENT",0,0,0,21,1,8,41.83860378,-87.61226895
7/4/2019 19:05,25,NO CONTROLS,CLEAR,DAYLIGHT,NOT DIVIDED,DRY,INJURY AND / OR TOW DUE TO CRASH,Y,NOT APPLICABLE,344,E,60TH ST,,NONINCAPACITATING INJURY,0,0,1,19,5,7,41.78578559,-87.61730066
5/11/2023 20:36,30,NO CONTROLS,CLEAR,"DARKNESS, LIGHTED ROAD",NOT DIVIDED,DRY,INJURY AND / OR TOW DUE TO CRASH,,UNABLE TO DETERMINE,1399,N,ELSTON AVE,,NONINCAPACITATING INJURY,0,0,1,20,5,5,41.90704947,-87.65976497
5/3/2023 17:19,20,STOP SIGN/FLASHER,CLEAR,DAYLIGHT,NOT DIVIDED,DRY,NO INJURY / DRIVE AWAY,,NOT APPLICABLE,2121,N,PARKSIDE AVE,,NO INDICATION OF INJURY,0,0,0,17,4,5,41.91881828,-87.76686487
10/7/2016 15:45,30,TRAFFIC SIGNAL,CLEAR,DAYLIGHT,DIVIDED - W/MEDIAN (NOT RAISED),DRY,INJURY AND / OR TOW DUE TO CRASH,,UNABLE TO DETERMINE,5000,N,PULASKI RD,,NONINCAPACITATING INJURY,0,0,1,15,6,10,41.97197745,-87.72828104
7/11/2019 21:09,30,TRAFFIC SIGNAL,CLEAR,"DARKNESS, LIGHTED ROAD",NOT DIVIDED,DRY,INJURY AND / OR TOW DUE TO CRASH,,DISREGARDING TRAFFIC SIGNALS,1098,W,FOSTER AVE,,"REPORTED, NOT EVIDENT",0,0,0,21,5,7,41.97646381,-87.65774988
08/14/2017 04:22:00 PM,30,NO CONTROLS,CLEAR,DAYLIGHT,NOT DIVIDED,DRY,INJURY AND / OR TOW DUE TO CRASH,,UNABLE TO DETERMINE,4032,W,26TH ST,,"REPORTED, NOT EVIDENT",0,0,0,16,2,8,41.84434188,-87.72603272
6/12/2019 23:00,30,STOP SIGN/FLASHER,RAIN,"DARKNESS, LIGHTED ROAD",ONE-WAY,WET,NO INJURY / DRIVE AWAY,Y,WEATHER,15,E,HURON ST,,NO INDICATION OF INJURY,0,0,0,23,4,6,41.89477624,-87.62747699
06/17/2019 10:45:00 AM,30,NO CONTROLS,CLEAR,DAYLIGHT,OTHER,DRY,INJURY AND / OR TOW DUE TO CRASH,Y,UNABLE TO DETERMINE,2818,N,CALIFORNIA AVE,N,NONINCAPACITATING INJURY,0,0,1,10,2,6,41.93270438,-87.69777839
1/12/2021 15:44,30,TRAFFIC SIGNAL,CLEAR,DAYLIGHT,FOUR WAY,DRY,INJURY AND / OR TOW DUE TO CRASH,,"VISION OBSCURED (SIGNS, TREE LIMBS, BUILDINGS, ETC.)",7400,N,SHERIDAN RD,,INCAPACITATING INJURY,0,1,0,15,3,1,42.01612995,-87.6652532
02/14/2023 05:30:00 AM,30,NO CONTROLS,RAIN,"DARKNESS, LIGHTED ROAD",ALLEY,WET,INJURY AND / OR TOW DUE TO CRASH,,UNABLE TO DETERMINE,211,E,PERSHING RD,Y,NONINCAPACITATING INJURY,0,0,1,5,3,2,41.82367151,-87.62112151
10/4/2023 16:10,30,NO CONTROLS,CLEAR,DAYLIGHT,NOT DIVIDED,DRY,INJURY AND / OR TOW DUE TO CRASH,Y,UNABLE TO DETERMINE,3508,N,SOUTHPORT AVE,,INCAPACITATING INJURY,0,1,0,16,4,10,41.94550193,-87.66412226
12/10/2021 19:26,35,TRAFFIC SIGNAL,RAIN,"DARKNESS, LIGHTED ROAD",NOT DIVIDED,WET,INJURY AND / OR TOW DUE TO CRASH,Y,FAILING TO REDUCE SPEED TO AVOID CRASH,500,W,DIVISION ST,,NONINCAPACITATING INJURY,0,0,1,19,6,12,41.90385735,-87.64122562
10/17/2017 05:10:00 AM,25,TRAFFIC SIGNAL,CLEAR,"DARKNESS, LIGHTED ROAD",NOT DIVIDED,DRY,NO INJURY / DRIVE AWAY,,FOLLOWING TOO CLOSELY,2300,N,CLARK ST,,NO INDICATION OF INJURY,0,0,0,5,3,10,41.9238165,-87.63955493
12/7/2018 16:00,20,TRAFFIC SIGNAL,CLEAR,DAYLIGHT,DIVIDED - W/MEDIAN (NOT RAISED),DRY,INJURY AND / OR TOW DUE TO CRASH,Y,DISREGARDING TRAFFIC SIGNALS,6500,S,PROMONTORY DR,,"REPORTED, NOT EVIDENT",0,0,0,16,6,12,41.77647256,-87.57099037
07/20/2022 01:30:00 PM,30,TRAFFIC SIGNAL,CLEAR,DAYLIGHT,FOUR WAY,DRY,INJURY AND / OR TOW DUE TO CRASH,Y,UNABLE TO DETERMINE,1001,W,THORNDALE AVE,,INCAPACITATING INJURY,0,1,0,13,4,7,41.98999473,-87.6554546
08/26/2020 02:35:00 PM,35,NO CONTROLS,CLEAR,DAYLIGHT,NOT DIVIDED,DRY,INJURY AND / OR TOW DUE TO CRASH,Y,UNABLE TO DETERMINE,4300,S,LANGLEY AVE,,INCAPACITATING INJURY,0,1,0,14,4,8,41.81668113,-87.60933308
08/24/2019 04:30:00 PM,30,TRAFFIC SIGNAL,CLEAR,DAYLIGHT,ONE-WAY,DRY,NO INJURY / DRIVE AWAY,,UNABLE TO DETERMINE,201,W,GRAND AVE,,NO INDICATION OF INJURY,0,0,0,16,7,8,41.8914766,-87.63414192
10/23/2022 04:20:00 PM,30,TRAFFIC SIGNAL,CLEAR,DUSK,FOUR WAY,DRY,INJURY AND / OR TOW DUE TO CRASH,,UNABLE TO DETERMINE,99,E,CONGRESS PKWY,,"REPORTED, NOT EVIDENT",0,0,0,16,1,10,41.87561297,-87.62434394
2/2/2019 19:00,30,STOP SIGN/FLASHER,CLEAR,DARKNESS,NOT DIVIDED,SNOW OR SLUSH,INJURY AND / OR TOW DUE TO CRASH,Y,UNABLE TO DETERMINE,3008,W,BELDEN AVE,,NONINCAPACITATING INJURY,0,0,1,19,7,2,41.92336685,-87.7026682
07/27/2018 04:50:00 PM,30,TRAFFIC SIGNAL,CLEAR,DAYLIGHT,DIVIDED - W/MEDIAN BARRIER,DRY,INJURY AND / OR TOW DUE TO CRASH,,DISREGARDING TRAFFIC SIGNALS,500,S,LAKE SHORE DR SB,,INCAPACITATING INJURY,0,1,0,16,6,7,41.87575626,-87.61751568
05/23/2022 10:01:00 AM,30,TRAFFIC SIGNAL,CLEAR,DAYLIGHT,NOT DIVIDED,DRY,INJURY AND / OR TOW DUE TO CRASH,,FAILING TO YIELD RIGHT-OF-WAY,1552,N,CALIFORNIA AVE,,NONINCAPACITATING INJURY,0,0,1,10,2,5,41.90995697,-87.69719348
05/30/2023 05:47:00 PM,30,STOP SIGN/FLASHER,CLEAR,DAYLIGHT,UNKNOWN INTERSECTION TYPE,DRY,NO INJURY / DRIVE AWAY,,IMPROPER LANE USAGE,599,E,73RD ST,,NO INDICATION OF INJURY,0,0,0,17,3,5,41.76203535,-87.6104005