CRASH_DATE,POSTED_SPEED_LIMIT,TRAFFIC_CONTROL_DEVICE,WEATHER_CONDITION,LIGHTING_CONDITION,TRAFFICWAY_TYPE,ROADWAY_SURFACE_COND,CRASH_TYPE,HIT_AND_RUN_I,PRIM_CONTRIBUTORY_CAUSE,STREET_NO,STREET_DIRECTION,STREET_NAME,DOORING_I,MOST_SEVERE_INJURY,INJURIES_FATAL,INJURIES_INCAPACITATING,INJURIES_NON_INCAPACITATING,CRASH_HOUR,CRASH_DAY_OF_WEEK,CRASH_MONTH,LATITUDE,LONGITUDE
08/24/2017 09:15:00 PM,30,NO CONTROLS,CLEAR,"DARKNESS, LIGHTED ROAD",DIVIDED - W/MEDIAN (NOT RAISED),DRY,INJURY AND / OR TOW DUE TO CRASH,,"VISION OBSCURED (SIGNS, TREE LIMBS, BUILDINGS, ETC.)",4126,W,MONTROSE AVE,Y,NONINCAPACITATING INJURY,0,0,1,21,5,8,41.96102084,-87.7309853
09/24/2022 01:13:00 AM,30,NO CONTROLS,RAIN,"DARKNESS, LIGHTED ROAD",DIVIDED - W/MEDIAN (NOT RAISED),WET,INJURY AND / OR TOW DUE TO CRASH,,FAILING TO YIELD RIGHT-OF-WAY,4040,N,KEDZIE AVE,,NONINCAPACITATING INJURY,0,0,1,1,7,9,41.95513627,-87.70819794
9/11/2016 18:10,30,TRAFFIC SIGNAL,CLEAR,DAYLIGHT,DIVIDED - W/MEDIAN (NOT RAISED),DRY,INJURY AND / OR TOW DUE TO CRASH,,FAILING TO YIELD RIGHT-OF-WAY,1333,W,DIVISION ST,,NONINCAPACITATING INJURY,0,0,1,18,1,9,41.90331735,-87.6618512
06/22/2019 08:15:00 PM,30,NO CONTROLS,CLEAR,"DARKNESS, LIGHTED ROAD",NOT DIVIDED,DRY,INJURY AND / OR TOW DUE TO CRASH,,FAILING TO YIELD RIGHT-OF-WAY,1547,N,MILWAUKEE AVE,,NONINCAPACITATING INJURY,0,0,1,20,7,6,41.90970817,-87.67619368
7/12/2020 13:45,30,TRAFFIC SIGNAL,CLEAR,DAYLIGHT,FOUR WAY,DRY,INJURY AND / OR TOW DUE TO CRASH,,FAILING TO YIELD RIGHT-OF-WAY,1157,N,DAMEN AVE,,NONINCAPACITATING INJURY,0,0,1,13,1,7,41.90310574,-87.67710829
8/7/2023 21:20,30,BICYCLE CROSSING SIGN,CLEAR,DUSK,DIVIDED - W/MEDIAN (NOT RAISED),UNKNOWN,INJURY AND / OR TOW DUE TO CRASH,Y,FAILING TO YIELD RIGHT-OF-WAY,2131,S,ARCHER AVE,,NONINCAPACITATING INJURY,0,0,1,21,2,8,41.85362074,-87.63298133
7/8/2019 18:12,30,NO CONTROLS,CLEAR,DAYLIGHT,NOT DIVIDED,DRY,NO INJURY / DRIVE AWAY,,FAILING TO YIELD RIGHT-OF-WAY,1820,N,MILWAUKEE AVE,,NO INDICATION OF INJURY,0,0,0,18,2,7,41.91441192,-87.68391696
5/11/2018 7:15,30,NO CONTROLS,RAIN,DAYLIGHT,DIVIDED - W/MEDIAN (NOT RAISED),WET,INJURY AND / OR TOW DUE TO CRASH,,NOT APPLICABLE,4239,W,NORTH AVE,Y,INCAPACITATING INJURY,0,1,0,7,6,5,41.90968908,-87.73285876
8/4/2023 14:00,30,TRAFFIC SIGNAL,CLEAR,DAYLIGHT,DIVIDED - W/MEDIAN (NOT RAISED),DRY,INJURY AND / OR TOW DUE TO CRASH,Y,IMPROPER OVERTAKING/PASSING,833,N,GREEN ST,,NONINCAPACITATING INJURY,0,0,1,14,6,8,41.89693525,-87.64879006
07/18/2022 06:00:00 PM,30,STOP SIGN/FLASHER,CLEAR,DAYLIGHT,NOT DIVIDED,DRY,NO INJURY / DRIVE AWAY,Y,FAILING TO YIELD RIGHT-OF-WAY,6032,W,BLOOMINGDALE AVE,,NO INDICATION OF INJURY,0,0,0,18,2,7,41.91299864,-87.77676192
07/27/2023 12:00:00 PM,30,UNKNOWN,CLEAR,DAYLIGHT,ONE-WAY,UNKNOWN,INJURY AND / OR TOW DUE TO CRASH,Y,UNABLE TO DETERMINE,17,N,WABASH AVE,,NONINCAPACITATING INJURY,0,0,1,12,5,7,41.88248143,-87.62607683
08/13/2021 02:00:00 PM,20,NO CONTROLS,CLEAR,DAYLIGHT,OTHER,DRY,INJURY AND / OR TOW DUE TO CRASH,,FAILING TO YIELD RIGHT-OF-WAY,6001,N,WHIPPLE ST,,NONINCAPACITATING INJURY,0,0,1,14,6,8,41.99054102,-87.70532464
08/22/2018 12:20:00 PM,30,NO CONTROLS,CLEAR,DAYLIGHT,NOT DIVIDED,UNKNOWN,NO INJURY / DRIVE AWAY,,UNABLE TO DETERMINE,1229,W,WAVELAND AVE,,NO INDICATION OF INJURY,0,0,0,12,4,8,41.94883931,-87.66036857
04/25/2016 05:30:00 PM,30,NO CONTROLS,CLEAR,DAYLIGHT,DIVIDED - W/MEDIAN (NOT RAISED),DRY,NO INJURY / DRIVE AWAY,,UNABLE TO DETERMINE,513,N,LA SALLE DR,,NO INDICATION OF INJURY,0,0,0,17,2,4,41.89127816,-87.63242492
8/7/2020 15:25,30,NO CONTROLS,CLEAR,DAYLIGHT,NOT DIVIDED,DRY,INJURY AND / OR TOW DUE TO CRASH,,UNABLE TO DETERMINE,36,W,18TH ST,,NONINCAPACITATING INJURY,0,0,1,15,6,8,41.8579085,-87.62861697
01/18/2017 05:15:00 PM,30,NO CONTROLS,CLEAR,"DARKNESS, LIGHTED ROAD",DIVIDED - W/MEDIAN (NOT RAISED),DRY,INJURY AND / OR TOW DUE TO CRASH,,UNABLE TO DETERMINE,628,N,FRANKLIN ST,,"REPORTED, NOT EVIDENT",0,0,0,17,4,1,41.89312554,-87.63576043
10/31/2021 12:40:00 PM,20,NO CONTROLS,CLEAR,DAYLIGHT,NOT DIVIDED,DRY,INJURY AND / OR TOW DUE TO CRASH,,UNABLE TO DETERMINE,1500,N,HALSTED ST,,NONINCAPACITATING INJURY,0,0,1,12,1,10,41.90863959,-87.64836015
07/21/2023 03:45:00 PM,30,NO CONTROLS,CLEAR,DAYLIGHT,NOT DIVIDED,DRY,INJURY AND / OR TOW DUE TO CRASH,,UNABLE TO DETERMINE,5659,W,DIVERSEY AVE,,NONINCAPACITATING INJURY,0,0,1,15,6,7,41.9311354,-87.76861213
09/22/2022 08:35:00 AM,30,UNKNOWN,CLEAR,DAYLIGHT,DIVIDED - W/MEDIAN (NOT RAISED),UNKNOWN,INJURY AND / OR TOW DUE TO CRASH,,NOT APPLICABLE,1100,W,MONTROSE AVE,,NONINCAPACITATING INJURY,0,0,1,8,5,9,41.96185711,-87.65730002
06/14/2019 04:30:00 PM,30,NO CONTROLS,CLEAR,DAYLIGHT,NOT DIVIDED,DRY,INJURY AND / OR TOW DUE TO CRASH,,FAILING TO YIELD RIGHT-OF-WAY,1430,N,MILWAUKEE AVE,Y,NONINCAPACITATING INJURY,0,0,1,16,6,6,41.90783976,-87.67372397
04/18/2017 05:45:00 PM,30,NO CONTROLS,CLEAR,DAYLIGHT,NOT DIVIDED,DRY,INJURY AND / OR TOW DUE TO CRASH,,UNABLE TO DETERMINE,901,N,LARRABEE ST,,NONINCAPACITATING INJURY,0,0,1,17,3,4,41.89875669,-87.64287887
05/16/2022 11:23:00 PM,30,STOP SIGN/FLASHER,CLEAR,"DARKNESS, LIGHTED ROAD",NOT DIVIDED,DRY,INJURY AND / OR TOW DUE TO CRASH,Y,IMPROPER OVERTAKING/PASSING,5459,N,CLARK ST,,NONINCAPACITATING INJURY,0,0,1,23,2,5,41.98163357,-87.6682779
12/30/2015 03:15:00 PM,30,NO CONTROLS,CLOUDY/OVERCAST,DAYLIGHT,NOT DIVIDED,WET,INJURY AND / OR TOW DUE TO CRASH,,FOLLOWING TOO CLOSELY,2780,N,CALIFORNIA AVE,,"REPORTED, NOT EVIDENT",0,0,0,15,4,12,41.93200269,-87.69776242
4/4/2019 8:22,30,NO CONTROLS,RAIN,DAYLIGHT,DIVIDED - W/MEDIAN (NOT RAISED),WET,NO INJURY / DRIVE AWAY,,FAILING TO YIELD RIGHT-OF-WAY,2304,N,MILWAUKEE AVE,,NO INDICATION OF INJURY,0,0,0,8,5,4,41.92292017,-87.69760892
09/24/2021 09:30:00 AM,30,NO CONTROLS,CLEAR,DAYLIGHT,NOT DIVIDED,DRY,INJURY AND / OR TOW DUE TO CRASH,,DISTRACTION - FROM OUTSIDE VEHICLE,321,W,31ST ST,Y,NONINCAPACITATING INJURY,0,0,1,9,6,9,41.83808317,-87.63500228
04/16/2019 06:20:00 PM,30,TRAFFIC SIGNAL,CLEAR,DAYLIGHT,DIVIDED - W/MEDIAN (NOT RAISED),DRY,NO INJURY / DRIVE AWAY,Y,FAILING TO REDUCE SPEED TO AVOID CRASH,200,W,CERMAK RD,,NO INDICATION OF INJURY,0,0,0,18,3,4,41.85295968,-87.632152
06/27/2023 03:44:00 PM,30,NO CONTROLS,CLEAR,DAYLIGHT,T-INTERSECTION,DRY,INJURY AND / OR TOW DUE TO CRASH,,DRIVING SKILLS/KNOWLEDGE/EXPERIENCE,1399,W,ROSCOE ST,Y,NONINCAPACITATING INJURY,0,0,1,15,3,6,41.94331028,-87.6637931
10/16/2019 04:30:00 PM,30,TRAFFIC SIGNAL,CLEAR,DAYLIGHT,DIVIDED - W/MEDIAN (NOT RAISED),DRY,NO INJURY / DRIVE AWAY,Y,UNABLE TO DETERMINE,1201,N,WESTERN AVE,,NO INDICATION OF INJURY,0,0,0,16,4,10,41.90308748,-87.68688182
8/1/2022 18:22,30,NO CONTROLS,CLEAR,DAYLIGHT,NOT DIVIDED,DRY,NO INJURY / DRIVE AWAY,,FAILING TO YIELD RIGHT-OF-WAY,3466,N,KEDZIE AVE,,NO INDICATION OF INJURY,0,0,0,18,2,8,41.94476988,-87.70792245
10/8/2018 13:00,30,NO CONTROLS,CLEAR,DAYLIGHT,NOT DIVIDED,DRY,NO INJURY / DRIVE AWAY,Y,UNABLE TO DETERMINE,211,E,75TH ST,,NO INDICATION OF INJURY,0,0,0,13,2,10,41.75822017,-87.61941225
9/10/2022 14:50,30,TRAFFIC SIGNAL,CLEAR,DAYLIGHT,NOT DIVIDED,DRY,INJURY AND / OR TOW DUE TO CRASH,,DISREGARDING TRAFFIC SIGNALS,650,W,43RD ST,,"REPORTED, NOT EVIDENT",0,0,0,14,7,9,41.8163384,-87.64290527
08/22/2018 07:26:00 PM,30,TRAFFIC SIGNAL,CLEAR,DUSK,NOT DIVIDED,DRY,INJURY AND / OR TOW DUE TO CRASH,,FAILING TO YIELD RIGHT-OF-WAY,2000,N,OAK PARK AVE,,NONINCAPACITATING INJURY,0,0,1,19,4,8,41.91639507,-87.79516533
12/31/2022 10:50:00 AM,30,STOP SIGN/FLASHER,CLEAR,DAYLIGHT,NOT DIVIDED,DRY,INJURY AND / OR TOW DUE TO CRASH,,FAILING TO YIELD RIGHT-OF-WAY,2001,S,DAMEN AVE,,NONINCAPACITATING INJURY,0,0,1,10,7,12,41.85491132,-87.67577257
11/11/2022 16:59,30,UNKNOWN,UNKNOWN,UNKNOWN,UNKNOWN,UNKNOWN,INJURY AND / OR TOW DUE TO CRASH,Y,UNABLE TO DETERMINE,5500,S,CALIFORNIA AVE,,"REPORTED, NOT EVIDENT",0,0,0,16,6,11,41.79359751,-87.69394205
8/12/2021 17:28,30,TRAFFIC SIGNAL,CLEAR,DAYLIGHT,DIVIDED - W/MEDIAN (NOT RAISED),DRY,INJURY AND / OR TOW DUE TO CRASH,Y,FAILING TO REDUCE SPEED TO AVOID CRASH,500,S,HOMAN AVE,,NONINCAPACITATING INJURY,0,0,1,17,5,8,41.87453294,-87.71095404
06/19/2023 11:53:00 PM,30,UNKNOWN,CLEAR,"DARKNESS, LIGHTED ROAD",NOT DIVIDED,UNKNOWN,INJURY AND / OR TOW DUE TO CRASH,Y,NOT APPLICABLE,2100,S,CALIFORNIA AVE,,NONINCAPACITATING INJURY,0,0,1,23,2,6,41.85368771,-87.69565175
07/21/2019 03:37:00 PM,30,NO CONTROLS,CLEAR,DAYLIGHT,DIVIDED - W/MEDIAN (NOT RAISED),DRY,NO INJURY / DRIVE AWAY,,UNABLE TO DETERMINE,906,W,ARMITAGE AVE,Y,NO INDICATION OF INJURY,0,0,0,15,1,7,41.91824876,-87.65125486
9/6/2020 12:47,25,NO CONTROLS,CLEAR,DAYLIGHT,NOT DIVIDED,WET,INJURY AND / OR TOW DUE TO CRASH,,UNABLE TO DETERMINE,2501,W,DEVON AVE,N,NONINCAPACITATING INJURY,0,0,1,12,1,9,41.99757763,-87.6923797
08/22/2018 11:07:00 AM,30,NO CONTROLS,CLEAR,DAYLIGHT,NOT DIVIDED,DRY,INJURY AND / OR TOW DUE TO CRASH,,FAILING TO YIELD RIGHT-OF-WAY,817,E,67TH ST,,NONINCAPACITATING INJURY,0,0,1,11,4,8,41.77303782,-87.60503639
11/21/2018 11:45:00 AM,30,NO CONTROLS,CLEAR,DAYLIGHT,DIVIDED - W/MEDIAN (NOT RAISED),DRY,INJURY AND / OR TOW DUE TO CRASH,,FAILING TO YIELD RIGHT-OF-WAY,4749,W,ROSCOE ST,,NONINCAPACITATING INJURY,0,0,1,11,4,11,41.94238269,-87.74588069
7/10/2018 7:15,30,TRAFFIC SIGNAL,CLEAR,DAYLIGHT,DIVIDED - W/MEDIAN (NOT RAISED),DRY,INJURY AND / OR TOW DUE TO CRASH,,FAILING TO YIELD RIGHT-OF-WAY,1909,W,DIVERSEY PKWY,,NONINCAPACITATING INJURY,0,0,1,7,3,7,41.93220828,-87.67548538
08/24/2016 04:15:00 PM,30,STOP SIGN/FLASHER,CLEAR,DAYLIGHT,ONE-WAY,DRY,NO INJURY / DRIVE AWAY,,UNABLE TO DETERMINE,2200,N,KEDZIE BLVD,,NO INDICATION OF INJURY,0,0,0,16,4,8,41.92106188,-87.70724278
7/7/2022 12:20,15,NO CONTROLS,CLEAR,DAYLIGHT,ALLEY,DRY,INJURY AND / OR TOW DUE TO CRASH,,UNABLE TO DETERMINE,1145,N,HAMLIN AVE,,"REPORTED, NOT EVIDENT",0,0,0,12,5,7,41.90222805,-87.72126906
01/15/2019 05:20:00 PM,30,NO CONTROLS,CLEAR,"DARKNESS, LIGHTED ROAD",NOT DIVIDED,DRY,NO INJURY / DRIVE AWAY,,UNABLE TO DETERMINE,1664,N,CALIFORNIA AVE,Y,NO INDICATION OF INJURY,0,0,0,17,3,1,41.9121566,-87.69719096
09/14/2017 05:00:00 PM,30,TRAFFIC SIGNAL,CLEAR,DAYLIGHT,DIVIDED - W/MEDIAN (NOT RAISED),DRY,NO INJURY / DRIVE AWAY,Y,DISREGARDING TRAFFIC SIGNALS,1705,N,LA SALLE DR,,NO INDICATION OF INJURY,0,0,0,17,5,9,41.91300268,-87.63276689
12/31/2020 07:50:00 PM,30,NO CONTROLS,CLEAR,"DARKNESS, LIGHTED ROAD",NOT DIVIDED,DRY,INJURY AND / OR TOW DUE TO CRASH,,IMPROPER TURNING/NO SIGNAL,1946,W,ADDISON ST,,"REPORTED, NOT EVIDENT",0,0,0,19,5,12,41.94698157,-87.67798258
07/22/2022 09:00:00 AM,30,STOP SIGN/FLASHER,CLEAR,DAYLIGHT,DIVIDED - W/MEDIAN (NOT RAISED),DRY,INJURY AND / OR TOW DUE TO CRASH,,FAILING TO YIELD RIGHT-OF-WAY,3201,S,WALLACE ST,,NONINCAPACITATING INJURY,0,0,1,9,6,7,41.83619637,-87.64121856
9/4/2018 16:30,30,NO CONTROLS,CLEAR,DAYLIGHT,DIVIDED - W/MEDIAN (NOT RAISED),DRY,INJURY AND / OR TOW DUE TO CRASH,,IMPROPER LANE USAGE,7016,W,NORTH AVE,,NONINCAPACITATING INJURY,0,0,1,16,3,9,41.90905336,-87.80104728
09/23/2022 07:25:00 AM,35,NO CONTROLS,CLEAR,DAYLIGHT,NOT DIVIDED,UNKNOWN,NO INJURY / DRIVE AWAY,,FAILING TO YIELD RIGHT-OF-WAY,1600,S,CANAL ST,,NO INDICATION OF INJURY,0,0,0,7,6,9,41.8599567,-87.63915859
03/15/2022 03:27:00 PM,30,TRAFFIC SIGNAL,CLEAR,DAYLIGHT,FOUR WAY,DRY,INJURY AND / OR TOW DUE TO CRASH,,DRIVING SKILLS/KNOWLEDGE/EXPERIENCE,3225,W,ADDISON ST,,NONINCAPACITATING INJURY,0,0,1,15,3,3,41.94651258,-87.7088883
05/24/2019 09:30:00 PM,30,TRAFFIC SIGNAL,CLEAR,"DARKNESS, LIGHTED ROAD",FOUR WAY,DRY,INJURY AND / OR TOW DUE TO CRASH,,FAILING TO YIELD RIGHT-OF-WAY,800,N,LA SALLE DR,,INCAPACITATING INJURY,0,1,0,21,6,5,41.89667888,-87.63285766
3/3/2021 14:00,30,NO CONTROLS,CLEAR,DAYLIGHT,DRIVEWAY,DRY,INJURY AND / OR TOW DUE TO CRASH,,FAILING TO YIELD RIGHT-OF-WAY,6201,W,TOUHY AVE,,NONINCAPACITATING INJURY,0,0,1,14,4,3,42.01189233,-87.78187007
8/3/2023 6:30,35,OTHER,CLEAR,DAYLIGHT,DIVIDED - W/MEDIAN (NOT RAISED),DRY,INJURY AND / OR TOW DUE TO CRASH,,UNABLE TO DETERMINE,7301,S,CICERO AVE,,NONINCAPACITATING INJURY,0,0,1,6,5,8,41.76038824,-87.74162717
06/17/2017 01:26:00 PM,30,STOP SIGN/FLASHER,CLEAR,DAYLIGHT,NOT DIVIDED,DRY,INJURY AND / OR TOW DUE TO CRASH,Y,UNABLE TO DETERMINE,7000,S,DAMEN AVE,,NONINCAPACITATING INJURY,0,0,1,13,7,6,41.76657593,-87.67372558
08/29/2023 05:20:00 PM,30,STOP SIGN/FLASHER,CLEAR,DAYLIGHT,FOUR WAY,DRY,INJURY AND / OR TOW DUE TO CRASH,,FAILING TO YIELD RIGHT-OF-WAY,1000,S,OAKLEY BLVD,,NONINCAPACITATING INJURY,0,0,1,17,3,8,41.86896265,-87.68379958
08/28/2019 12:30:00 PM,30,UNKNOWN,UNKNOWN,UNKNOWN,NOT DIVIDED,UNKNOWN,NO INJURY / DRIVE AWAY,,DISTRACTION - FROM INSIDE VEHICLE,1179,W,18TH ST,Y,NO INDICATION OF INJURY,0,0,0,12,4,8,41.85784487,-87.65634685
2/12/2019 18:15,30,NO CONTROLS,SNOW,"DARKNESS, LIGHTED ROAD",NOT DIVIDED,WET,NO INJURY / DRIVE AWAY,,FAILING TO YIELD RIGHT-OF-WAY,2011,N,DAMEN AVE,Y,NO INDICATION OF INJURY,0,0,0,18,3,2,41.91811082,-87.6774867
9/3/2020 20:05,30,STOP SIGN/FLASHER,CLEAR,"DARKNESS, LIGHTED ROAD",NOT DIVIDED,DRY,INJURY AND / OR TOW DUE TO CRASH,,DISREGARDING STOP SIGN,2459,N,OAK PARK AVE,,NONINCAPACITATING INJURY,0,0,1,20,5,9,41.92532969,-87.7951482
7/6/2023 18:40,30,TRAFFIC SIGNAL,CLEAR,DUSK,FOUR WAY,DRY,INJURY AND / OR TOW DUE TO CRASH,,DISREGARDING TRAFFIC SIGNALS,2800,N,CENTRAL AVE,,"REPORTED, NOT EVIDENT",0,0,0,18,5,7,41.93136555,-87.76639653
10/20/2020 12:15:00 PM,30,NO CONTROLS,CLEAR,DAYLIGHT,NOT DIVIDED,DRY,INJURY AND / OR TOW DUE TO CRASH,N,FAILING TO YIELD RIGHT-OF-WAY,1545,N,DAMEN AVE,Y,NONINCAPACITATING INJURY,0,0,1,12,3,10,41.90960959,-87.67729433
10/13/2017 05:10:00 PM,30,UNKNOWN,CLEAR,DAYLIGHT,UNKNOWN,UNKNOWN,INJURY AND / OR TOW DUE TO CRASH,,NOT APPLICABLE,3731,S,INDIANA AVE,,NONINCAPACITATING INJURY,0,0,1,17,6,10,41.8265546,-87.62151491
06/21/2018 03:08:00 PM,30,STOP SIGN/FLASHER,RAIN,DAYLIGHT,OTHER,WET,INJURY AND / OR TOW DUE TO CRASH,Y,FAILING TO YIELD RIGHT-OF-WAY,2500,N,MASON AVE,,NONINCAPACITATING INJURY,0,0,1,15,5,6,41.9257626,-87.77471266
09/25/2021 04:00:00 PM,30,NO CONTROLS,CLEAR,DAYLIGHT,NOT DIVIDED,DRY,INJURY AND / OR TOW DUE TO CRASH,Y,IMPROPER OVERTAKING/PASSING,1300,W,FULLERTON AVE,,NONINCAPACITATING INJURY,0,0,1,16,7,9,41.92537019,-87.66053637
7/3/2020 15:15,30,TRAFFIC SIGNAL,CLEAR,DAYLIGHT,NOT DIVIDED,DRY,INJURY AND / OR TOW DUE TO CRASH,,NOT APPLICABLE,101,E,BALBO DR,,"REPORTED, NOT EVIDENT",0,0,0,15,6,7,41.87305293,-87.62411988
10/18/2019 09:00:00 AM,40,TRAFFIC SIGNAL,CLEAR,DAYLIGHT,DIVIDED - W/MEDIAN (NOT RAISED),DRY,INJURY AND / OR TOW DUE TO CRASH,,UNABLE TO DETERMINE,6301,S,HARLEM AVE,,NONINCAPACITATING INJURY,0,0,1,9,6,10,41.77726177,-87.80074963
09/28/2018 10:30:00 AM,30,NO CONTROLS,CLEAR,DAYLIGHT,NOT DIVIDED,DRY,INJURY AND / OR TOW DUE TO CRASH,,UNABLE TO DETERMINE,1509,N,MILWAUKEE AVE,Y,"REPORTED, NOT EVIDENT",0,0,0,10,6,9,41.90898562,-87.67506484
8/6/2021 17:00,30,TRAFFIC SIGNAL,CLEAR,DAYLIGHT,T-INTERSECTION,DRY,INJURY AND / OR TOW DUE TO CRASH,,UNABLE TO DETERMINE,2454,N,MILWAUKEE AVE,,NONINCAPACITATING INJURY,0,0,1,17,6,8,41.92585746,-87.70239784
5/11/2023 18:58,30,TRAFFIC SIGNAL,CLEAR,DAYLIGHT,DIVIDED - W/MEDIAN (NOT RAISED),DRY,INJURY AND / OR TOW DUE TO CRASH,,NOT APPLICABLE,3599,W,DIVERSEY AVE,,NONINCAPACITATING INJURY,0,0,1,18,5,5,41.93180189,-87.71713152
04/23/2019 04:10:00 PM,30,STOP SIGN/FLASHER,CLEAR,DAYLIGHT,ONE-WAY,DRY,INJURY AND / OR TOW DUE TO CRASH,,UNABLE TO DETERMINE,1732,W,54TH ST,,NONINCAPACITATING INJURY,0,0,1,16,3,4,41.79592181,-87.66834094
05/29/2019 07:55:00 PM,30,NO CONTROLS,CLEAR,DAYLIGHT,DIVIDED - W/MEDIAN (NOT RAISED),DRY,INJURY AND / OR TOW DUE TO CRASH,,IMPROPER LANE USAGE,3410,W,71ST ST,,INCAPACITATING INJURY,0,1,0,19,4,5,41.76441135,-87.70820668
11/5/2019 21:30,30,TRAFFIC SIGNAL,CLEAR,"DARKNESS, LIGHTED ROAD",FOUR WAY,DRY,NO INJURY / DRIVE AWAY,Y,FAILING TO REDUCE SPEED TO AVOID CRASH,5900,S,WESTERN AVE,,NO INDICATION OF INJURY,0,0,0,21,3,11,41.78643718,-87.68397525
10/22/2023 07:12:00 PM,30,TRAFFIC SIGNAL,UNKNOWN,"DARKNESS, LIGHTED ROAD",NOT DIVIDED,UNKNOWN,INJURY AND / OR TOW DUE TO CRASH,,DRIVING SKILLS/KNOWLEDGE/EXPERIENCE,402,E,MARQUETTE RD,N,INCAPACITATING INJURY,0,1,0,19,1,10,41.7730814,-87.61530988
05/19/2021 03:50:00 PM,30,STOP SIGN/FLASHER,CLEAR,DAYLIGHT,NOT DIVIDED,DRY,INJURY AND / OR TOW DUE TO CRASH,,UNABLE TO DETERMINE,6450,N,CENTRAL AVE,,"REPORTED, NOT EVIDENT",0,0,0,15,4,5,41.99879275,-87.76342739
09/13/2022 02:15:00 PM,30,STOP SIGN/FLASHER,CLEAR,DAYLIGHT,NOT DIVIDED,DRY,INJURY AND / OR TOW DUE TO CRASH,,UNABLE TO DETERMINE,6199,N,KEDZIE AVE,,NONINCAPACITATING INJURY,0,0,1,14,3,9,41.99380861,-87.70909093
4/6/2018 9:05,30,TRAFFIC SIGNAL,CLEAR,DAWN,NOT DIVIDED,DRY,NO INJURY / DRIVE AWAY,,DISREGARDING TRAFFIC SIGNALS,525,W,MONROE ST,,NO INDICATION OF INJURY,0,0,0,9,6,4,41.88046315,-87.64080388
1/5/2021 16:20,30,TRAFFIC SIGNAL,CLEAR,DUSK,NOT DIVIDED,DRY,NO INJURY / DRIVE AWAY,Y,FOLLOWING TOO CLOSELY,108,N,STATE ST,,NO INDICATION OF INJURY,0,0,0,16,3,1,41.88342264,-87.62802165
08/23/2023 11:50:00 AM,25,NO CONTROLS,CLEAR,DAYLIGHT,NOT DIVIDED,DRY,NO INJURY / DRIVE AWAY,,UNABLE TO DETERMINE,1050,S,WOOD ST,,NO INDICATION OF INJURY,0,0,0,11,4,8,41.86844285,-87.67154249
10/18/2017 03:35:00 PM,30,NO CONTROLS,CLEAR,DAYLIGHT,NOT DIVIDED,DRY,NO INJURY / DRIVE AWAY,,UNABLE TO DETERMINE,1223,W,WRIGHTWOOD AVE,N,NO INDICATION OF INJURY,0,0,0,15,4,10,41.928798,-87.65955954
07/26/2021 01:52:00 AM,30,NO CONTROLS,CLEAR,"DARKNESS, LIGHTED ROAD",NOT DIVIDED,DRY,INJURY AND / OR TOW DUE TO CRASH,,UNABLE TO DETERMINE,904,S,RACINE AVE,,INCAPACITATING INJURY,0,1,0,1,2,7,41.87011755,-87.65692438
09/13/2017 01:05:00 PM,30,NO CONTROLS,CLEAR,DAYLIGHT,NOT DIVIDED,DRY,INJURY AND / OR TOW DUE TO CRASH,,DISREGARDING YIELD SIGN,2629,W,DIVISION ST,Y,NONINCAPACITATING INJURY,0,0,1,13,4,9,41.9028481,-87.6931441
04/29/2018 02:10:00 PM,30,NO CONTROLS,CLEAR,DAYLIGHT,DIVIDED - W/MEDIAN (NOT RAISED),DRY,INJURY AND / OR TOW DUE TO CRASH,,UNABLE TO DETERMINE,532,N,MILWAUKEE AVE,,"REPORTED, NOT EVIDENT",0,0,0,14,1,4,41.89184551,-87.64881784
04/21/2019 01:40:00 PM,20,STOP SIGN/FLASHER,CLEAR,DAYLIGHT,T-INTERSECTION,DRY,INJURY AND / OR TOW DUE TO CRASH,,UNABLE TO DETERMINE,10200,S,ST LAWRENCE AVE,,NONINCAPACITATING INJURY,0,0,1,13,1,4,41.70916506,-87.60908904
12/5/2017 19:07,30,STOP SIGN/FLASHER,CLEAR,"DARKNESS, LIGHTED ROAD",NOT DIVIDED,DRY,NO INJURY / DRIVE AWAY,,FAILING TO YIELD RIGHT-OF-WAY,850,N,DEWITT PL,,NO INDICATION OF INJURY,0,0,0,19,3,12,41.89840219,-87.62034466
05/26/2021 01:30:00 AM,30,TRAFFIC SIGNAL,RAIN,"DARKNESS, LIGHTED ROAD",FOUR WAY,WET,INJURY AND / OR TOW DUE TO CRASH,,DISREGARDING TRAFFIC SIGNALS,2600,N,WESTERN AVE,,FATAL,1,0,0,1,4,5,41.92866979,-87.68792224
9/8/2016 15:53,30,STOP SIGN/FLASHER,CLEAR,DAYLIGHT,NOT DIVIDED,DRY,INJURY AND / OR TOW DUE TO CRASH,,FAILING TO YIELD RIGHT-OF-WAY,6400,S,STONY ISLAND AVE,,NONINCAPACITATING INJURY,0,0,1,15,5,9,41.77867746,-87.58656421
11/5/2022 18:56,30,NO CONTROLS,RAIN,DARKNESS,DRIVEWAY,WET,NO INJURY / DRIVE AWAY,,FAILING TO YIELD RIGHT-OF-WAY,5230,S,CORNELL AVE,,NO INDICATION OF INJURY,0,0,0,18,7,11,41.80020538,-87.58586967
6/8/2023 22:30,30,STOP SIGN/FLASHER,CLEAR,"DARKNESS, LIGHTED ROAD",FOUR WAY,DRY,INJURY AND / OR TOW DUE TO CRASH,,FAILING TO YIELD RIGHT-OF-WAY,833,W,RANDOLPH ST,,"REPORTED, NOT EVIDENT",0,0,0,22,5,6,41.88427722,-87.64865853