CRASH_DATE,POSTED_SPEED_LIMIT,TRAFFIC_CONTROL_DEVICE,WEATHER_CONDITION,LIGHTING_CONDITION,TRAFFICWAY_TYPE,ROADWAY_SURFACE_COND,CRASH_TYPE,HIT_AND_RUN_I,PRIM_CONTRIBUTORY_CAUSE,STREET_NO,STREET_DIRECTION,STREET_NAME,DOORING_I,MOST_SEVERE_INJURY,INJURIES_FATAL,INJURIES_INCAPACITATING,INJURIES_NON_INCAPACITATING,CRASH_HOUR,CRASH_DAY_OF_WEEK,CRASH_MONTH,LATITUDE,LONGITUDE
05/28/2016 07:00:00 PM,30,NO CONTROLS,CLEAR,DAYLIGHT,ONE-WAY,DRY,INJURY AND / OR TOW DUE TO CRASH,Y,IMPROPER BACKING,1858,S,ST LOUIS AVE,,NONINCAPACITATING INJURY,0,0,1,19,7,5,41.85546712,-87.71276758
08/30/2018 06:25:00 PM,30,NO CONTROLS,CLEAR,DAYLIGHT,DIVIDED - W/MEDIAN BARRIER,DRY,INJURY AND / OR TOW DUE TO CRASH,,"OPERATING VEHICLE IN ERRATIC, RECKLESS, CARELESS, NEGLIGENT OR AGGRESSIVE MANNER",11800,S,HALSTED ST,,NONINCAPACITATING INJURY,0,0,1,18,5,8,41.67959829,-87.64211281
03/16/2018 04:12:00 PM,30,TRAFFIC SIGNAL,CLEAR,DAYLIGHT,NOT DIVIDED,DRY,NO INJURY / DRIVE AWAY,,UNABLE TO DETERMINE,1599,N,CLYBOURN AVE,,NO INDICATION OF INJURY,0,0,0,16,6,3,41.91093474,-87.64933701
08/31/2016 01:10:00 PM,25,NO CONTROLS,CLEAR,DAYLIGHT,NOT DIVIDED,DRY,INJURY AND / OR TOW DUE TO CRASH,,UNABLE TO DETERMINE,2210,W,WILSON AVE,Y,NONINCAPACITATING INJURY,0,0,1,13,4,8,41.9650432,-87.68442062
10/31/2018 08:55:00 AM,30,NO CONTROLS,RAIN,DAYLIGHT,OTHER,WET,INJURY AND / OR TOW DUE TO CRASH,Y,FAILING TO YIELD RIGHT-OF-WAY,1148,N,CALIFORNIA AVE,,NONINCAPACITATING INJURY,0,0,1,8,4,10,41.90256619,-87.69701825
01/25/2019 06:00:00 PM,30,NO CONTROLS,SNOW,"DARKNESS, LIGHTED ROAD",ONE-WAY,SNOW OR SLUSH,NO INJURY / DRIVE AWAY,,FAILING TO YIELD RIGHT-OF-WAY,75,S,FRANKLIN ST,,NO INDICATION OF INJURY,0,0,0,18,6,1,41.88067516,-87.63513542
10/3/2023 16:35,30,TRAFFIC SIGNAL,CLEAR,DAYLIGHT,FOUR WAY,DRY,NO INJURY / DRIVE AWAY,Y,DISREGARDING TRAFFIC SIGNALS,151,N,STATE ST,Y,NO INDICATION OF INJURY,0,0,0,16,3,10,41.88452436,-87.62776455
6/11/2023 14:45,20,NO CONTROLS,CLOUDY/OVERCAST,DAYLIGHT,NOT DIVIDED,DRY,INJURY AND / OR TOW DUE TO CRASH,,IMPROPER TURNING/NO SIGNAL,3640,N,WESTERN AVE,,NONINCAPACITATING INJURY,0,0,1,14,1,6,41.94794732,-87.68844043
09/16/2022 10:43:00 PM,30,NO CONTROLS,CLEAR,DARKNESS,NOT DIVIDED,DRY,INJURY AND / OR TOW DUE TO CRASH,Y,IMPROPER OVERTAKING/PASSING,1030,N,HALSTED ST,,INCAPACITATING INJURY,0,1,0,22,6,9,41.90107825,-87.64810948
09/23/2016 02:30:00 PM,35,TRAFFIC SIGNAL,CLEAR,DAYLIGHT,DIVIDED - W/MEDIAN (NOT RAISED),DRY,INJURY AND / OR TOW DUE TO CRASH,Y,NOT APPLICABLE,312,N,DESPLAINES ST,,NONINCAPACITATING INJURY,0,0,1,14,6,9,41.88725124,-87.64443566
09/28/2017 03:45:00 PM,30,TRAFFIC SIGNAL,CLEAR,DAYLIGHT,NOT DIVIDED,DRY,NO INJURY / DRIVE AWAY,Y,DISREGARDING TRAFFIC SIGNALS,1430,W,63RD ST,,NO INDICATION OF INJURY,0,0,0,15,5,9,41.77963766,-87.66051453
12/1/2022 0:25,30,NO CONTROLS,CLEAR,"DARKNESS, LIGHTED ROAD",DIVIDED - W/MEDIAN (NOT RAISED),DRY,NO INJURY / DRIVE AWAY,,UNABLE TO DETERMINE,3517,N,DAMEN AVE,Y,NO INDICATION OF INJURY,0,0,0,0,5,12,41.94558318,-87.67837108
09/13/2022 06:10:00 PM,35,NO CONTROLS,CLEAR,DAYLIGHT,OTHER,DRY,NO INJURY / DRIVE AWAY,,UNABLE TO DETERMINE,1516,S,HALSTED ST,,NO INDICATION OF INJURY,0,0,0,18,3,9,41.86122073,-87.64689273
8/8/2019 10:13,30,NO CONTROLS,CLEAR,DAYLIGHT,NOT DIVIDED,DRY,INJURY AND / OR TOW DUE TO CRASH,Y,UNABLE TO DETERMINE,1827,W,47TH ST,,NONINCAPACITATING INJURY,0,0,1,10,5,8,41.80843722,-87.67097942
8/8/2021 18:45,30,TRAFFIC SIGNAL,CLEAR,DAYLIGHT,FOUR WAY,DRY,INJURY AND / OR TOW DUE TO CRASH,,NOT APPLICABLE,756,W,WRIGHTWOOD AVE,,NONINCAPACITATING INJURY,0,0,1,18,1,8,41.92919356,-87.64874295
06/27/2019 05:10:00 PM,30,TRAFFIC SIGNAL,CLEAR,DAYLIGHT,NOT DIVIDED,DRY,INJURY AND / OR TOW DUE TO CRASH,,FAILING TO YIELD RIGHT-OF-WAY,1200,N,HALSTED ST,,NONINCAPACITATING INJURY,0,0,1,17,5,6,41.90369831,-87.64824535
10/3/2017 21:45,30,TRAFFIC SIGNAL,CLEAR,"DARKNESS, LIGHTED ROAD",DIVIDED - W/MEDIAN BARRIER,DRY,INJURY AND / OR TOW DUE TO CRASH,,FAILING TO YIELD RIGHT-OF-WAY,752,S,CENTRAL AVE,,NONINCAPACITATING INJURY,0,0,1,21,3,10,41.87032698,-87.76458702
11/10/2021 18:11,25,NO CONTROLS,CLEAR,"DARKNESS, LIGHTED ROAD",NOT DIVIDED,DRY,INJURY AND / OR TOW DUE TO CRASH,,FAILING TO REDUCE SPEED TO AVOID CRASH,4401,W,ARMITAGE AVE,,NONINCAPACITATING INJURY,0,0,1,18,4,11,41.91693444,-87.73638715
10/17/2021 02:19:00 AM,30,STOP SIGN/FLASHER,CLEAR,"DARKNESS, LIGHTED ROAD",ONE-WAY,DRY,INJURY AND / OR TOW DUE TO CRASH,,DISREGARDING STOP SIGN,6700,S,MERRILL AVE,,"REPORTED, NOT EVIDENT",0,0,0,2,1,10,41.77339473,-87.57297161
06/30/2022 05:55:00 PM,30,TRAFFIC SIGNAL,CLEAR,DAYLIGHT,TRAFFIC ROUTE,DRY,INJURY AND / OR TOW DUE TO CRASH,,UNABLE TO DETERMINE,801,W,GRAND AVE,,INCAPACITATING INJURY,0,1,0,17,5,6,41.89107431,-87.64767056
01/19/2023 07:19:00 PM,30,TRAFFIC SIGNAL,CLEAR,"DARKNESS, LIGHTED ROAD",NOT DIVIDED,WET,INJURY AND / OR TOW DUE TO CRASH,,IMPROPER TURNING/NO SIGNAL,1958,N,CICERO AVE,,INCAPACITATING INJURY,0,1,0,19,5,1,41.91683649,-87.74625205
8/1/2019 19:35,30,TRAFFIC SIGNAL,CLEAR,DAYLIGHT,DIVIDED - W/MEDIAN (NOT RAISED),DRY,NO INJURY / DRIVE AWAY,,DRIVING SKILLS/KNOWLEDGE/EXPERIENCE,1959,N,CICERO AVE,,NO INDICATION OF INJURY,0,0,0,19,5,8,41.91684628,-87.74595841
11/18/2017 01:25:00 PM,30,STOP SIGN/FLASHER,RAIN,DAYLIGHT,DIVIDED - W/MEDIAN (NOT RAISED),WET,INJURY AND / OR TOW DUE TO CRASH,,FAILING TO YIELD RIGHT-OF-WAY,1100,N,MILWAUKEE AVE,,NONINCAPACITATING INJURY,0,0,1,13,7,11,41.9015163,-87.66384666
8/8/2022 13:00,30,NO CONTROLS,CLEAR,DAYLIGHT,NOT DIVIDED,DRY,NO INJURY / DRIVE AWAY,Y,UNABLE TO DETERMINE,2,W,75TH ST,,NO INDICATION OF INJURY,0,0,0,13,2,8,41.7582911,-87.62479001
04/20/2021 03:30:00 PM,30,TRAFFIC SIGNAL,CLEAR,DAYLIGHT,DIVIDED - W/MEDIAN (NOT RAISED),DRY,NO INJURY / DRIVE AWAY,,UNABLE TO DETERMINE,5300,N,WESTERN AVE,,NO INDICATION OF INJURY,0,0,0,15,3,4,41.97779527,-87.68937178
05/13/2020 09:40:00 PM,30,STOP SIGN/FLASHER,CLEAR,"DARKNESS, LIGHTED ROAD",ONE-WAY,DRY,INJURY AND / OR TOW DUE TO CRASH,Y,FAILING TO YIELD RIGHT-OF-WAY,8000,S,CALUMET AVE,,INCAPACITATING INJURY,0,1,0,21,4,5,41.74917079,-87.61663412
06/20/2019 06:45:00 PM,30,TRAFFIC SIGNAL,CLEAR,DAYLIGHT,NOT DIVIDED,DRY,INJURY AND / OR TOW DUE TO CRASH,Y,FOLLOWING TOO CLOSELY,3599,N,SHEFFIELD AVE,,INCAPACITATING INJURY,0,1,0,18,5,6,41.94715486,-87.65418033
8/10/2017 14:20,30,NO CONTROLS,CLEAR,DAYLIGHT,NOT DIVIDED,DRY,NO INJURY / DRIVE AWAY,,FAILING TO YIELD RIGHT-OF-WAY,2000,N,CENTRAL PARK AVE,,NO INDICATION OF INJURY,0,0,0,14,5,8,41.91732537,-87.71692093
10/17/2019 02:44:00 AM,30,UNKNOWN,UNKNOWN,DARKNESS,ALLEY,DRY,INJURY AND / OR TOW DUE TO CRASH,Y,UNABLE TO DETERMINE,1430,W,ROSEMONT AVE,,NONINCAPACITATING INJURY,0,0,1,2,5,10,41.99653804,-87.66660318
6/1/2018 7:43,30,TRAFFIC SIGNAL,CLEAR,DAYLIGHT,DIVIDED - W/MEDIAN (NOT RAISED),DRY,INJURY AND / OR TOW DUE TO CRASH,,FAILING TO YIELD RIGHT-OF-WAY,8500,S,KEDZIE AVE,,NONINCAPACITATING INJURY,0,0,1,7,6,6,41.73881005,-87.7022372
06/19/2022 11:33:00 PM,30,NO CONTROLS,CLEAR,"DARKNESS, LIGHTED ROAD",NOT DIVIDED,DRY,NO INJURY / DRIVE AWAY,,UNABLE TO DETERMINE,1640,W,GRACE ST,,NO INDICATION OF INJURY,0,0,0,23,1,6,41.95072728,-87.67057544
02/14/2018 05:10:00 PM,25,STOP SIGN/FLASHER,CLEAR,"DARKNESS, LIGHTED ROAD",NOT DIVIDED,WET,INJURY AND / OR TOW DUE TO CRASH,,"VISION OBSCURED (SIGNS, TREE LIMBS, BUILDINGS, ETC.)",500,N,UNION AVE,,NONINCAPACITATING INJURY,0,0,1,17,4,2,41.89122263,-87.64597875
5/9/2019 9:35,30,TRAFFIC SIGNAL,CLOUDY/OVERCAST,DAYLIGHT,NOT DIVIDED,DRY,INJURY AND / OR TOW DUE TO CRASH,,FAILING TO YIELD RIGHT-OF-WAY,2300,S,HALSTED ST,,NONINCAPACITATING INJURY,0,0,1,9,5,5,41.85078329,-87.64658475
04/26/2023 08:40:00 AM,30,STOP SIGN/FLASHER,CLEAR,DAYLIGHT,ONE-WAY,DRY,NO INJURY / DRIVE AWAY,,FAILING TO YIELD RIGHT-OF-WAY,4250,W,NORTH AVE,,NO INDICATION OF INJURY,0,0,0,8,4,4,41.90990327,-87.73330423
4/3/2021 9:21,35,TRAFFIC SIGNAL,CLEAR,DAYLIGHT,NOT DIVIDED,DRY,INJURY AND / OR TOW DUE TO CRASH,,UNABLE TO DETERMINE,2099,W,47TH ST,,NONINCAPACITATING INJURY,0,0,1,9,7,4,41.80839362,-87.67705606
06/13/2018 12:44:00 PM,30,NO CONTROLS,CLEAR,DAYLIGHT,NOT DIVIDED,DRY,INJURY AND / OR TOW DUE TO CRASH,,UNABLE TO DETERMINE,1136,W,BELMONT AVE,Y,NONINCAPACITATING INJURY,0,0,1,12,4,6,41.93996381,-87.65798413
6/4/2020 19:51,30,STOP SIGN/FLASHER,CLEAR,DAYLIGHT,NOT DIVIDED,DRY,INJURY AND / OR TOW DUE TO CRASH,Y,IMPROPER LANE USAGE,1445,N,STATE PKWY,,NONINCAPACITATING INJURY,0,0,1,19,5,6,41.90907536,-87.6286729
08/20/2020 02:32:00 PM,30,TRAFFIC SIGNAL,CLEAR,DAYLIGHT,T-INTERSECTION,DRY,INJURY AND / OR TOW DUE TO CRASH,,DISREGARDING TRAFFIC SIGNALS,800,W,RANDOLPH ST,,NONINCAPACITATING INJURY,0,0,1,14,5,8,41.88451546,-87.6474973
7/4/2020 11:30,30,NO CONTROLS,CLEAR,DAYLIGHT,NOT DIVIDED,DRY,NO INJURY / DRIVE AWAY,,UNABLE TO DETERMINE,5919,W,WABANSIA AVE,,NO INDICATION OF INJURY,0,0,0,11,7,7,41.91099148,-87.77361496
06/23/2017 06:10:00 PM,30,NO CONTROLS,CLEAR,DAYLIGHT,DIVIDED - W/MEDIAN (NOT RAISED),DRY,INJURY AND / OR TOW DUE TO CRASH,Y,FAILING TO YIELD RIGHT-OF-WAY,1551,W,GARFIELD BLVD,Y,NONINCAPACITATING INJURY,0,0,1,18,6,6,41.79355377,-87.66423294
10/2/2019 7:29,30,TRAFFIC SIGNAL,RAIN,DAYLIGHT,"FIVE POINT, OR MORE",WET,INJURY AND / OR TOW DUE TO CRASH,,FAILING TO YIELD RIGHT-OF-WAY,401,N,DESPLAINES ST,,NONINCAPACITATING INJURY,0,0,1,7,4,10,41.8890786,-87.64418812
05/18/2023 04:25:00 PM,30,STOP SIGN/FLASHER,CLEAR,DAYLIGHT,FOUR WAY,DRY,NO INJURY / DRIVE AWAY,Y,NOT APPLICABLE,3921,W,WRIGHTWOOD AVE,,NO INDICATION OF INJURY,0,0,0,16,5,5,41.9280569,-87.72527617
04/13/2023 06:22:00 PM,30,NO CONTROLS,CLEAR,DAYLIGHT,ONE-WAY,DRY,INJURY AND / OR TOW DUE TO CRASH,,FAILING TO YIELD RIGHT-OF-WAY,1021,W,ARDMORE AVE,Y,NONINCAPACITATING INJURY,0,0,1,18,5,4,41.98723091,-87.65622684
11/30/2021 07:09:00 PM,25,NO CONTROLS,CLEAR,"DARKNESS, LIGHTED ROAD",NOT DIVIDED,DRY,INJURY AND / OR TOW DUE TO CRASH,,NOT APPLICABLE,1625,N,DAMEN AVE,Y,"REPORTED, NOT EVIDENT",0,0,0,19,3,11,41.91121698,-87.67733344
4/11/2019 10:00,20,STOP SIGN/FLASHER,CLEAR,DAYLIGHT,ONE-WAY,DRY,INJURY AND / OR TOW DUE TO CRASH,,UNABLE TO DETERMINE,4301,S,KOMENSKY AVE,,NONINCAPACITATING INJURY,0,0,1,10,5,4,41.81509103,-87.72493611
01/18/2023 10:25:00 PM,30,TRAFFIC SIGNAL,RAIN,"DARKNESS, LIGHTED ROAD",NOT DIVIDED,WET,INJURY AND / OR TOW DUE TO CRASH,Y,FAILING TO YIELD RIGHT-OF-WAY,4500,N,KIMBALL AVE,,NONINCAPACITATING INJURY,0,0,1,22,4,1,41.96304043,-87.71334765
9/2/2020 18:01,35,NO CONTROLS,CLEAR,DAYLIGHT,NOT DIVIDED,DRY,INJURY AND / OR TOW DUE TO CRASH,,"VISION OBSCURED (SIGNS, TREE LIMBS, BUILDINGS, ETC.)",726,W,IRVING PARK RD,,NONINCAPACITATING INJURY,0,0,1,18,4,9,41.95468233,-87.64911371
7/8/2023 10:30,30,STOP SIGN/FLASHER,RAIN,DAYLIGHT,NOT DIVIDED,WET,INJURY AND / OR TOW DUE TO CRASH,,NOT APPLICABLE,8400,S,RACINE AVE,,NONINCAPACITATING INJURY,0,0,1,10,7,7,41.74130127,-87.65363492
06/13/2019 02:00:00 AM,30,TRAFFIC SIGNAL,CLEAR,DARKNESS,NOT DIVIDED,DRY,INJURY AND / OR TOW DUE TO CRASH,,UNABLE TO DETERMINE,3100,W,CERMAK RD,,NONINCAPACITATING INJURY,0,0,1,2,5,6,41.85190837,-87.70287599
10/10/2018 7:47,30,NO CONTROLS,CLEAR,DAYLIGHT,ONE-WAY,DRY,INJURY AND / OR TOW DUE TO CRASH,,FAILING TO YIELD RIGHT-OF-WAY,3946,W,64TH ST,,"REPORTED, NOT EVIDENT",0,0,0,7,4,10,41.77694302,-87.72213831
05/31/2022 04:00:00 PM,30,NO CONTROLS,CLEAR,DAYLIGHT,NOT DIVIDED,DRY,INJURY AND / OR TOW DUE TO CRASH,Y,UNABLE TO DETERMINE,4724,W,AUGUSTA BLVD,,INCAPACITATING INJURY,0,1,0,16,3,5,41.89883153,-87.74464795
8/1/2019 16:06,30,NO CONTROLS,CLEAR,DAYLIGHT,FOUR WAY,DRY,INJURY AND / OR TOW DUE TO CRASH,,NOT APPLICABLE,3000,W,LUIS MUNOZ MARIN DR N,,NONINCAPACITATING INJURY,0,0,1,16,5,8,41.90933561,-87.70187456
03/17/2019 01:30:00 PM,30,TRAFFIC SIGNAL,CLEAR,DAYLIGHT,DIVIDED - W/MEDIAN BARRIER,DRY,NO INJURY / DRIVE AWAY,Y,UNABLE TO DETERMINE,845,W,HARRISON ST,,NO INDICATION OF INJURY,0,0,0,13,1,3,41.87431225,-87.64883808
7/7/2022 11:30,30,NO CONTROLS,CLEAR,DAYLIGHT,OTHER,DRY,INJURY AND / OR TOW DUE TO CRASH,,"VISION OBSCURED (SIGNS, TREE LIMBS, BUILDINGS, ETC.)",3327,W,NORTH AVE,,NONINCAPACITATING INJURY,0,0,1,11,5,7,41.90995814,-87.71056532
08/15/2023 09:30:00 PM,30,TRAFFIC SIGNAL,CLEAR,DARKNESS,UNKNOWN,UNKNOWN,NO INJURY / DRIVE AWAY,,UNABLE TO DETERMINE,1000,W,ROOSEVELT RD,,NO INDICATION OF INJURY,0,0,0,21,3,8,41.86719645,-87.65108822
06/25/2018 05:30:00 PM,30,NO CONTROLS,CLEAR,DAYLIGHT,NOT DIVIDED,DRY,INJURY AND / OR TOW DUE TO CRASH,Y,UNABLE TO DETERMINE,4246,N,NARRAGANSETT AVE,,NONINCAPACITATING INJURY,0,0,1,17,2,6,41.95788503,-87.78689713
05/24/2021 05:36:00 PM,30,TRAFFIC SIGNAL,CLEAR,DAYLIGHT,NOT DIVIDED,DRY,INJURY AND / OR TOW DUE TO CRASH,,FAILING TO YIELD RIGHT-OF-WAY,299,N,HALSTED ST,,INCAPACITATING INJURY,0,1,0,17,2,5,41.88677062,-87.64735815
07/31/2018 06:00:00 PM,10,NO CONTROLS,CLEAR,DAYLIGHT,NOT DIVIDED,UNKNOWN,NO INJURY / DRIVE AWAY,,IMPROPER OVERTAKING/PASSING,911,W,ADDISON ST,,NO INDICATION OF INJURY,0,0,0,18,3,7,41.94716729,-87.65238063
7/3/2019 14:30,15,NO CONTROLS,CLEAR,DAYLIGHT,ALLEY,DRY,INJURY AND / OR TOW DUE TO CRASH,Y,FAILING TO YIELD RIGHT-OF-WAY,4901,W,DAKIN ST,,NONINCAPACITATING INJURY,0,0,1,14,4,7,41.95233151,-87.74995441
05/17/2021 12:23:00 PM,15,NO CONTROLS,CLEAR,DAYLIGHT,ALLEY,DRY,NO INJURY / DRIVE AWAY,,UNABLE TO DETERMINE,3412,W,GRACE ST,,NO INDICATION OF INJURY,0,0,0,12,2,5,41.95031786,-87.71342044
10/19/2019 08:15:00 PM,30,NO CONTROLS,CLEAR,DARKNESS,NOT DIVIDED,DRY,INJURY AND / OR TOW DUE TO CRASH,Y,UNABLE TO DETERMINE,1760,N,DRAKE AVE,,INCAPACITATING INJURY,0,1,0,20,7,10,41.91360275,-87.7151875
04/25/2017 08:00:00 PM,30,NO CONTROLS,CLEAR,"DARKNESS, LIGHTED ROAD",NOT DIVIDED,DRY,NO INJURY / DRIVE AWAY,,UNABLE TO DETERMINE,2153,W,NORTH AVE,Y,NO INDICATION OF INJURY,0,0,0,20,3,4,41.91028914,-87.68200478
06/25/2019 05:40:00 PM,25,NO CONTROLS,CLEAR,DAYLIGHT,NOT DIVIDED,UNKNOWN,INJURY AND / OR TOW DUE TO CRASH,,UNABLE TO DETERMINE,2415,N,CLARK ST,Y,NONINCAPACITATING INJURY,0,0,1,17,3,6,41.92605498,-87.64061297
08/28/2018 08:15:00 AM,30,TRAFFIC SIGNAL,CLEAR,DAYLIGHT,NOT DIVIDED,WET,INJURY AND / OR TOW DUE TO CRASH,,DISREGARDING TRAFFIC SIGNALS,4800,W,DIVERSEY AVE,,NONINCAPACITATING INJURY,0,0,1,8,3,8,41.93164142,-87.74671991
08/27/2018 08:50:00 PM,25,NO CONTROLS,CLEAR,"DARKNESS, LIGHTED ROAD",NOT DIVIDED,DRY,NO INJURY / DRIVE AWAY,,UNABLE TO DETERMINE,3124,N,BROADWAY,Y,NO INDICATION OF INJURY,0,0,0,20,2,8,41.93841197,-87.6444918
5/7/2022 18:55,25,TRAFFIC SIGNAL,CLEAR,DUSK,FOUR WAY,DRY,INJURY AND / OR TOW DUE TO CRASH,,UNABLE TO DETERMINE,2358,W,CHICAGO AVE,,NONINCAPACITATING INJURY,0,0,1,18,7,5,41.89585492,-87.6867234
6/1/2023 16:40,30,NO CONTROLS,UNKNOWN,DAYLIGHT,NOT DIVIDED,UNKNOWN,INJURY AND / OR TOW DUE TO CRASH,,UNABLE TO DETERMINE,1800,N,ELSTON AVE,Y,NONINCAPACITATING INJURY,0,0,1,16,5,6,41.9149169,-87.66544116
04/28/2020 05:35:00 PM,30,STOP SIGN/FLASHER,CLEAR,DAYLIGHT,FOUR WAY,DRY,INJURY AND / OR TOW DUE TO CRASH,N,DISREGARDING STOP SIGN,1940,W,100TH ST,,NONINCAPACITATING INJURY,0,0,1,17,3,4,41.71212679,-87.67042513
06/22/2018 12:20:00 PM,30,NO CONTROLS,CLEAR,DAYLIGHT,ONE-WAY,DRY,NO INJURY / DRIVE AWAY,,DISREGARDING ROAD MARKINGS,171,E,CHESTNUT ST,Y,NO INDICATION OF INJURY,0,0,0,12,6,6,41.8982907,-87.62305462
7/9/2019 13:00,30,NO CONTROLS,CLEAR,DAYLIGHT,NOT DIVIDED,DRY,INJURY AND / OR TOW DUE TO CRASH,,FAILING TO YIELD RIGHT-OF-WAY,3199,S,ABERDEEN ST,,"REPORTED, NOT EVIDENT",0,0,0,13,3,7,41.83618097,-87.65339152
08/31/2017 10:20:00 AM,25,STOP SIGN/FLASHER,CLEAR,DAYLIGHT,DIVIDED - W/MEDIAN (NOT RAISED),DRY,NO INJURY / DRIVE AWAY,,FAILING TO REDUCE SPEED TO AVOID CRASH,1401,W,PRATT BLVD,,NO INDICATION OF INJURY,0,0,0,10,5,8,42.00534589,-87.66591766
5/9/2019 17:40,30,NO CONTROLS,CLEAR,DAYLIGHT,NOT DIVIDED,DRY,INJURY AND / OR TOW DUE TO CRASH,,FAILING TO YIELD RIGHT-OF-WAY,3015,N,HALSTED ST,,NONINCAPACITATING INJURY,0,0,1,17,5,5,41.93685004,-87.64901149
06/21/2017 07:25:00 PM,25,NO CONTROLS,CLEAR,DAYLIGHT,ONE-WAY,DRY,INJURY AND / OR TOW DUE TO CRASH,,UNABLE TO DETERMINE,2501,W,BALMORAL AVE,,NONINCAPACITATING INJURY,0,0,1,19,4,6,41.97940504,-87.69178449
4/11/2019 22:20,35,UNKNOWN,RAIN,DARKNESS,NOT DIVIDED,WET,NO INJURY / DRIVE AWAY,,NOT APPLICABLE,3500,N,KIMBALL AVE,,NO INDICATION OF INJURY,0,0,0,22,5,4,41.94488107,-87.71280509
11/27/2017 06:57:00 PM,30,TRAFFIC SIGNAL,CLEAR,"DARKNESS, LIGHTED ROAD",ONE-WAY,DRY,NO INJURY / DRIVE AWAY,Y,IMPROPER TURNING/NO SIGNAL,655,W,LAKE ST,,NO INDICATION OF INJURY,0,0,0,18,2,11,41.88558669,-87.64501589
8/1/2020 13:58,30,NO CONTROLS,CLEAR,DAYLIGHT,DIVIDED - W/MEDIAN BARRIER,DRY,INJURY AND / OR TOW DUE TO CRASH,Y,UNABLE TO DETERMINE,715,N,LA SALLE DR,,NONINCAPACITATING INJURY,0,0,1,13,7,8,41.89535854,-87.63253926
10/2/2023 7:45,30,TRAFFIC SIGNAL,CLEAR,DAYLIGHT,ONE-WAY,DRY,INJURY AND / OR TOW DUE TO CRASH,Y,UNABLE TO DETERMINE,401,S,SACRAMENTO BLVD,,"REPORTED, NOT EVIDENT",0,0,0,7,2,10,41.8759031,-87.70093148
7/5/2019 12:35,30,TRAFFIC SIGNAL,CLEAR,DAYLIGHT,DIVIDED - W/MEDIAN (NOT RAISED),DRY,INJURY AND / OR TOW DUE TO CRASH,,FAILING TO YIELD RIGHT-OF-WAY,600,N,LARAMIE AVE,,INCAPACITATING INJURY,0,1,0,12,6,7,41.89125039,-87.75561155
08/20/2018 10:12:00 AM,30,NO CONTROLS,CLEAR,DAYLIGHT,NOT DIVIDED,DRY,INJURY AND / OR TOW DUE TO CRASH,,FAILING TO YIELD RIGHT-OF-WAY,3121,S,HALSTED ST,Y,NONINCAPACITATING INJURY,0,0,1,10,2,8,41.83742075,-87.64611479
6/7/2020 17:00,30,NO CONTROLS,CLEAR,DAYLIGHT,NOT DIVIDED,DRY,INJURY AND / OR TOW DUE TO CRASH,,FAILING TO YIELD RIGHT-OF-WAY,4242,N,DAMEN AVE,Y,INCAPACITATING INJURY,0,1,0,17,1,6,41.95907425,-87.67904839
8/1/2020 12:07,30,NO CONTROLS,CLEAR,DAYLIGHT,OTHER,DRY,INJURY AND / OR TOW DUE TO CRASH,,NOT APPLICABLE,2048,N,CLARK ST,Y,INCAPACITATING INJURY,0,1,0,12,7,8,41.91973443,-87.63709648
06/19/2023 11:10:00 AM,30,TRAFFIC SIGNAL,CLEAR,DAYLIGHT,FOUR WAY,DRY,NO INJURY / DRIVE AWAY,,UNABLE TO DETERMINE,5159,N,CLARK ST,,NO INDICATION OF INJURY,0,0,0,11,2,6,41.97615081,-87.66826677
11/6/2023 11:48,30,STOP SIGN/FLASHER,CLEAR,DAYLIGHT,FOUR WAY,DRY,INJURY AND / OR TOW DUE TO CRASH,,FAILING TO YIELD RIGHT-OF-WAY,255,N,LOWER MICHIGAN AVE,,NONINCAPACITATING INJURY,0,0,1,11,2,11,41.88673056,-87.62442392
3/4/2023 18:35,30,STOP SIGN/FLASHER,RAIN,"DARKNESS, LIGHTED ROAD",DIVIDED - W/MEDIAN (NOT RAISED),WET,INJURY AND / OR TOW DUE TO CRASH,Y,FAILING TO YIELD RIGHT-OF-WAY,1102,W,HUBBARD ST,,"REPORTED, NOT EVIDENT",0,0,0,18,7,3,41.89012402,-87.65474644
01/31/2017 01:20:00 AM,30,TRAFFIC SIGNAL,CLEAR,"DARKNESS, LIGHTED ROAD",DIVIDED - W/MEDIAN (NOT RAISED),WET,NO INJURY / DRIVE AWAY,,UNABLE TO DETERMINE,655,N,STATE ST,,NO INDICATION OF INJURY,0,0,0,1,3,1,41.89403581,-87.62798619
07/24/2020 10:08:00 PM,30,UNKNOWN,CLEAR,"DARKNESS, LIGHTED ROAD",NOT DIVIDED,DRY,INJURY AND / OR TOW DUE TO CRASH,,ANIMAL,3701,N,CLARK ST,,NONINCAPACITATING INJURY,0,0,1,22,6,7,41.9491234,-87.65789036
08/17/2018 03:38:00 PM,30,NO CONTROLS,CLEAR,DAYLIGHT,ONE-WAY,DRY,INJURY AND / OR TOW DUE TO CRASH,,DISREGARDING ROAD MARKINGS,188,N,WELLS ST,,NONINCAPACITATING INJURY,0,0,1,15,6,8,41.88549412,-87.6340701