CRASH_DATE,POSTED_SPEED_LIMIT,TRAFFIC_CONTROL_DEVICE,WEATHER_CONDITION,LIGHTING_CONDITION,TRAFFICWAY_TYPE,ROADWAY_SURFACE_COND,CRASH_TYPE,HIT_AND_RUN_I,PRIM_CONTRIBUTORY_CAUSE,STREET_NO,STREET_DIRECTION,STREET_NAME,DOORING_I,MOST_SEVERE_INJURY,INJURIES_FATAL,INJURIES_INCAPACITATING,INJURIES_NON_INCAPACITATING,CRASH_HOUR,CRASH_DAY_OF_WEEK,CRASH_MONTH,LATITUDE,LONGITUDE
12/19/2022 07:12:00 PM,30,NO CONTROLS,CLEAR,"DARKNESS, LIGHTED ROAD",ONE-WAY,DRY,NO INJURY / DRIVE AWAY,,FOLLOWING TOO CLOSELY,2640,N,BURLING ST,,NO INDICATION OF INJURY,0,0,0,19,2,12,41.93027703,-87.64785061
07/16/2023 07:18:00 PM,30,TRAFFIC SIGNAL,CLEAR,DUSK,FOUR WAY,DRY,INJURY AND / OR TOW DUE TO CRASH,,FAILING TO YIELD RIGHT-OF-WAY,599,N,MICHIGAN AVE,,NONINCAPACITATING INJURY,0,0,1,19,1,7,41.89252048,-87.62403741
8/7/2017 17:00,30,TRAFFIC SIGNAL,CLEAR,DAYLIGHT,DIVIDED - W/MEDIAN (NOT RAISED),DRY,INJURY AND / OR TOW DUE TO CRASH,,FAILING TO YIELD RIGHT-OF-WAY,4358,N,CLARK ST,,NONINCAPACITATING INJURY,0,0,1,17,2,8,41.96150165,-87.66606485
8/4/2018 20:30,30,NO CONTROLS,CLEAR,"DARKNESS, LIGHTED ROAD",ONE-WAY,DRY,INJURY AND / OR TOW DUE TO CRASH,Y,UNABLE TO DETERMINE,743,N,AVERS AVE,,NONINCAPACITATING INJURY,0,0,1,20,7,8,41.89489965,-87.72224857
09/26/2017 08:41:00 PM,30,TRAFFIC SIGNAL,CLEAR,"DARKNESS, LIGHTED ROAD",NOT DIVIDED,DRY,NO INJURY / DRIVE AWAY,,FAILING TO YIELD RIGHT-OF-WAY,1003,W,WEBSTER AVE,Y,NO INDICATION OF INJURY,0,0,0,20,3,9,41.92162644,-87.65362956
09/14/2019 07:30:00 PM,30,NO CONTROLS,CLEAR,DARKNESS,NOT DIVIDED,DRY,NO INJURY / DRIVE AWAY,Y,UNABLE TO DETERMINE,1332,N,HALSTED ST,,NO INDICATION OF INJURY,0,0,0,19,7,9,41.90603827,-87.64829172
06/21/2019 05:06:00 PM,30,NO CONTROLS,CLEAR,DAYLIGHT,NOT DIVIDED,DRY,INJURY AND / OR TOW DUE TO CRASH,,IMPROPER LANE USAGE,2834,N,RACINE AVE,,NONINCAPACITATING INJURY,0,0,2,17,6,6,41.93362666,-87.65889459
12/18/2018 05:05:00 PM,30,NO CONTROLS,CLEAR,DUSK,ONE-WAY,DRY,INJURY AND / OR TOW DUE TO CRASH,,FAILING TO YIELD RIGHT-OF-WAY,627,S,WOOD ST,,"REPORTED, NOT EVIDENT",0,0,0,17,3,12,41.8732966,-87.67138956
09/15/2022 02:36:00 PM,30,TRAFFIC SIGNAL,CLEAR,DAYLIGHT,NOT DIVIDED,DRY,NO INJURY / DRIVE AWAY,,UNABLE TO DETERMINE,2357,W,HOWARD ST,,NO INDICATION OF INJURY,0,0,0,14,5,9,42.01942097,-87.69002508
05/24/2020 02:30:00 PM,30,UNKNOWN,UNKNOWN,UNKNOWN,UNKNOWN,UNKNOWN,NO INJURY / DRIVE AWAY,,UNABLE TO DETERMINE,800,W,NORTH AVE,,NO INDICATION OF INJURY,0,0,0,14,1,5,41.91102851,-87.64833581
11/1/2021 3:32,30,TRAFFIC SIGNAL,CLEAR,"DARKNESS, LIGHTED ROAD",NOT DIVIDED,DRY,INJURY AND / OR TOW DUE TO CRASH,,FAILING TO YIELD RIGHT-OF-WAY,5098,S,WESTERN AVE,,NONINCAPACITATING INJURY,0,0,1,3,2,11,41.8012343,-87.68437373
07/22/2017 04:45:00 PM,30,STOP SIGN/FLASHER,CLEAR,DAYLIGHT,NOT DIVIDED,DRY,NO INJURY / DRIVE AWAY,,UNABLE TO DETERMINE,1255,W,NORTH AVE,,NO INDICATION OF INJURY,0,0,0,16,7,7,41.91065533,-87.65901742
7/5/2017 15:00,30,STOP SIGN/FLASHER,CLEAR,DAYLIGHT,DIVIDED - W/MEDIAN (NOT RAISED),DRY,NO INJURY / DRIVE AWAY,,DISREGARDING OTHER TRAFFIC SIGNS,5798,N,CLARK ST,,NO INDICATION OF INJURY,0,0,0,15,4,7,41.98589054,-87.66946513
10/19/2022 01:30:00 PM,30,NO CONTROLS,CLEAR,DAYLIGHT,NOT DIVIDED,DRY,NO INJURY / DRIVE AWAY,,UNABLE TO DETERMINE,1534,W,119TH ST,,NO INDICATION OF INJURY,0,0,0,13,4,10,41.67766627,-87.66031923
08/22/2020 12:28:00 PM,30,TRAFFIC SIGNAL,CLEAR,DAYLIGHT,DIVIDED - W/MEDIAN (NOT RAISED),DRY,INJURY AND / OR TOW DUE TO CRASH,,FAILING TO YIELD RIGHT-OF-WAY,4001,N,CENTRAL AVE,,"REPORTED, NOT EVIDENT",0,0,0,12,7,8,41.95327894,-87.76685617
6/7/2018 20:57,30,NO CONTROLS,CLEAR,DARKNESS,DRIVEWAY,DRY,NO INJURY / DRIVE AWAY,,DRIVING SKILLS/KNOWLEDGE/EXPERIENCE,6629,S,CALIFORNIA AVE,Y,NO INDICATION OF INJURY,0,0,0,20,5,6,41.77276097,-87.69308447
08/17/2020 09:20:00 AM,30,TRAFFIC SIGNAL,CLEAR,DAYLIGHT,ONE-WAY,DRY,NO INJURY / DRIVE AWAY,Y,FOLLOWING TOO CLOSELY,227,W,JACKSON BLVD,,NO INDICATION OF INJURY,0,0,0,9,2,8,41.87800081,-87.63451973
05/23/2018 04:50:00 PM,30,TRAFFIC SIGNAL,CLEAR,DAYLIGHT,DIVIDED - W/MEDIAN BARRIER,DRY,INJURY AND / OR TOW DUE TO CRASH,,UNABLE TO DETERMINE,5991,N,RIDGE AVE,,NONINCAPACITATING INJURY,0,0,1,16,4,5,41.99070229,-87.67174222
12/18/2017 06:00:00 PM,30,STOP SIGN/FLASHER,CLEAR,"DARKNESS, LIGHTED ROAD",DIVIDED - W/MEDIAN (NOT RAISED),UNKNOWN,NO INJURY / DRIVE AWAY,,FAILING TO YIELD RIGHT-OF-WAY,1400,W,GEORGE ST,,NO INDICATION OF INJURY,0,0,0,18,2,12,41.93440497,-87.66374903
5/10/2023 14:15,30,TRAFFIC SIGNAL,CLEAR,DAYLIGHT,NOT DIVIDED,DRY,INJURY AND / OR TOW DUE TO CRASH,Y,FAILING TO YIELD RIGHT-OF-WAY,1400,W,BELMONT AVE,,NONINCAPACITATING INJURY,0,0,1,14,4,5,41.93987262,-87.66394524
10/13/2017 06:59:00 PM,30,NO CONTROLS,CLEAR,"DARKNESS, LIGHTED ROAD",NOT DIVIDED,DRY,INJURY AND / OR TOW DUE TO CRASH,Y,"OPERATING VEHICLE IN ERRATIC, RECKLESS, CARELESS, NEGLIGENT OR AGGRESSIVE MANNER",2356,N,KOSTNER AVE,,INCAPACITATING INJURY,0,1,0,18,6,10,41.9242123,-87.73670823
8/5/2021 17:11,30,TRAFFIC SIGNAL,CLEAR,DAYLIGHT,ONE-WAY,DRY,INJURY AND / OR TOW DUE TO CRASH,,IMPROPER OVERTAKING/PASSING,31,W,OHIO ST,Y,NONINCAPACITATING INJURY,0,0,1,17,5,8,41.89234048,-87.62942628
6/5/2019 11:56,30,TRAFFIC SIGNAL,CLEAR,DAYLIGHT,ONE-WAY,DRY,NO INJURY / DRIVE AWAY,,IMPROPER OVERTAKING/PASSING,547,E,ILLINOIS ST,,NO INDICATION OF INJURY,0,0,0,11,4,6,41.8910311,-87.61251287
05/16/2018 07:55:00 AM,30,STOP SIGN/FLASHER,CLEAR,DAYLIGHT,NOT DIVIDED,DRY,INJURY AND / OR TOW DUE TO CRASH,,FAILING TO YIELD RIGHT-OF-WAY,552,W,ARMITAGE AVE,,INCAPACITATING INJURY,0,1,0,7,4,5,41.9183671,-87.64335749
8/12/2018 18:20,30,STOP SIGN/FLASHER,CLEAR,DAYLIGHT,NOT DIVIDED,DRY,INJURY AND / OR TOW DUE TO CRASH,,FAILING TO YIELD RIGHT-OF-WAY,3699,N,LAKE SHORE DR,,NONINCAPACITATING INJURY,0,0,1,18,1,8,41.95041254,-87.64437121
9/4/2018 16:30,30,TRAFFIC SIGNAL,CLEAR,DAYLIGHT,NOT DIVIDED,DRY,INJURY AND / OR TOW DUE TO CRASH,,"VISION OBSCURED (SIGNS, TREE LIMBS, BUILDINGS, ETC.)",100,W,KINZIE ST,,NONINCAPACITATING INJURY,0,0,1,16,3,9,41.88932169,-87.63113299
09/25/2018 06:45:00 PM,30,STOP SIGN/FLASHER,RAIN,"DARKNESS, LIGHTED ROAD",DIVIDED - W/MEDIAN (NOT RAISED),WET,NO INJURY / DRIVE AWAY,Y,UNABLE TO DETERMINE,8950,S,ASHLAND AVE,N,NO INDICATION OF INJURY,0,0,0,18,3,9,41.73059338,-87.66305763
05/24/2021 02:52:00 PM,30,TRAFFIC SIGNAL,CLEAR,DAYLIGHT,FOUR WAY,DRY,NO INJURY / DRIVE AWAY,,DISTRACTION - FROM INSIDE VEHICLE,2675,N,CLYBOURN AVE,,NO INDICATION OF INJURY,0,0,0,14,2,5,41.93002546,-87.67533354
07/25/2017 07:28:00 AM,30,TRAFFIC SIGNAL,CLEAR,DAYLIGHT,DIVIDED - W/MEDIAN (NOT RAISED),DRY,INJURY AND / OR TOW DUE TO CRASH,,DISREGARDING TRAFFIC SIGNALS,829,W,MADISON ST,,NONINCAPACITATING INJURY,0,0,1,7,3,7,41.88165251,-87.64849869
02/27/2017 11:20:00 AM,30,TRAFFIC SIGNAL,CLEAR,DAYLIGHT,DIVIDED - W/MEDIAN (NOT RAISED),DRY,NO INJURY / DRIVE AWAY,,UNABLE TO DETERMINE,2100,S,ASHLAND AVE,,NO INDICATION OF INJURY,0,0,0,11,2,2,41.8541165,-87.66619594
05/27/2023 12:12:00 PM,10,UNKNOWN,CLEAR,DAYLIGHT,ALLEY,DRY,NO INJURY / DRIVE AWAY,,UNABLE TO DETERMINE,1330,W,ADDISON ST,,NO INDICATION OF INJURY,0,0,0,12,7,5,41.94719903,-87.66274992
08/15/2022 04:30:00 PM,35,NO CONTROLS,CLEAR,DAYLIGHT,DIVIDED - W/MEDIAN (NOT RAISED),DRY,INJURY AND / OR TOW DUE TO CRASH,,UNABLE TO DETERMINE,6930,S,PULASKI RD,,NONINCAPACITATING INJURY,0,0,1,16,2,8,41.76677725,-87.72260791
10/2/2023 22:00,30,TRAFFIC SIGNAL,CLEAR,"DARKNESS, LIGHTED ROAD",ONE-WAY,DRY,INJURY AND / OR TOW DUE TO CRASH,,UNABLE TO DETERMINE,4200,W,GRAND AVE,,"REPORTED, NOT EVIDENT",0,0,0,22,2,10,41.90825555,-87.73136116
05/18/2021 10:30:00 PM,30,TRAFFIC SIGNAL,CLEAR,"DARKNESS, LIGHTED ROAD",NOT DIVIDED,WET,INJURY AND / OR TOW DUE TO CRASH,Y,UNABLE TO DETERMINE,2200,N,KEDZIE BLVD,,INCAPACITATING INJURY,0,1,0,22,3,5,41.92106188,-87.70724278
03/21/2021 01:43:00 PM,30,TRAFFIC SIGNAL,CLEAR,DAYLIGHT,DIVIDED - W/MEDIAN (NOT RAISED),DRY,INJURY AND / OR TOW DUE TO CRASH,,FAILING TO YIELD RIGHT-OF-WAY,4601,N,BROADWAY,,NONINCAPACITATING INJURY,0,0,1,13,1,3,41.96552351,-87.6573908
3/4/2018 3:40,30,TRAFFIC SIGNAL,CLEAR,"DARKNESS, LIGHTED ROAD",NOT DIVIDED,DRY,INJURY AND / OR TOW DUE TO CRASH,,UNABLE TO DETERMINE,1159,E,53RD ST,,NONINCAPACITATING INJURY,0,0,1,3,1,3,41.79933927,-87.59740756
09/17/2021 12:00:00 PM,30,TRAFFIC SIGNAL,CLEAR,DAYLIGHT,T-INTERSECTION,DRY,NO INJURY / DRIVE AWAY,Y,DISREGARDING TRAFFIC SIGNALS,340,W,HUBBARD ST,,NO INDICATION OF INJURY,0,0,0,12,6,9,41.89005282,-87.63706542
06/17/2022 04:55:00 PM,30,TRAFFIC SIGNAL,CLEAR,DAYLIGHT,FOUR WAY,DRY,INJURY AND / OR TOW DUE TO CRASH,,UNABLE TO DETERMINE,2400,W,NORTH AVE,,NONINCAPACITATING INJURY,0,0,1,16,6,6,41.91042986,-87.68728422
3/8/2021 0:02,30,NO CONTROLS,CLEAR,"DARKNESS, LIGHTED ROAD",DIVIDED - W/MEDIAN (NOT RAISED),DRY,INJURY AND / OR TOW DUE TO CRASH,,FAILING TO REDUCE SPEED TO AVOID CRASH,3899,W,ROOSEVELT RD,N,INCAPACITATING INJURY,0,1,0,0,2,3,41.86609677,-87.72267181
01/29/2021 01:20:00 PM,30,STOP SIGN/FLASHER,CLEAR,DAYLIGHT,NOT DIVIDED,DRY,NO INJURY / DRIVE AWAY,,FAILING TO YIELD RIGHT-OF-WAY,2847,N,DAMEN AVE,Y,NO INDICATION OF INJURY,0,0,0,13,6,1,41.93368698,-87.67801893
07/30/2019 09:00:00 AM,30,OTHER,CLEAR,DAYLIGHT,DIVIDED - W/MEDIAN (NOT RAISED),DRY,INJURY AND / OR TOW DUE TO CRASH,,IMPROPER OVERTAKING/PASSING,1000,N,MILWAUKEE AVE,,INCAPACITATING INJURY,0,1,1,9,3,7,41.8997595,-87.66107806
03/21/2019 02:30:00 PM,30,TRAFFIC SIGNAL,CLEAR,DAYLIGHT,NOT DIVIDED,UNKNOWN,INJURY AND / OR TOW DUE TO CRASH,Y,UNABLE TO DETERMINE,600,N,MICHIGAN AVE,,NONINCAPACITATING INJURY,0,0,1,14,5,3,41.89259323,-87.62433405
07/30/2023 07:00:00 PM,30,TRAFFIC SIGNAL,CLEAR,DAYLIGHT,FOUR WAY,DRY,INJURY AND / OR TOW DUE TO CRASH,,DRIVING ON WRONG SIDE/WRONG WAY,100,E,26TH ST,Y,INCAPACITATING INJURY,0,1,0,19,1,7,41.84575258,-87.62333211
07/27/2019 01:30:00 PM,30,TRAFFIC SIGNAL,CLEAR,DAYLIGHT,FOUR WAY,DRY,INJURY AND / OR TOW DUE TO CRASH,,IMPROPER TURNING/NO SIGNAL,3559,W,HARRISON ST,,"REPORTED, NOT EVIDENT",0,0,0,13,7,7,41.87346607,-87.7151556
06/15/2018 11:22:00 AM,30,NO CONTROLS,RAIN,DAYLIGHT,NOT DIVIDED,WET,INJURY AND / OR TOW DUE TO CRASH,,UNABLE TO DETERMINE,26,S,HALSTED ST,,NONINCAPACITATING INJURY,0,0,1,11,6,6,41.88098056,-87.64748217
09/30/2023 04:02:00 PM,30,NO CONTROLS,CLEAR,DAYLIGHT,NOT DIVIDED,DRY,INJURY AND / OR TOW DUE TO CRASH,N,UNABLE TO DETERMINE,6200,S,RACINE AVE,Y,NONINCAPACITATING INJURY,0,0,1,16,7,9,41.78133335,-87.65469317
05/27/2023 06:00:00 PM,30,NO CONTROLS,CLEAR,DAYLIGHT,T-INTERSECTION,DRY,INJURY AND / OR TOW DUE TO CRASH,Y,FAILING TO YIELD RIGHT-OF-WAY,13400,S,AVENUE N,,INCAPACITATING INJURY,0,1,0,18,7,5,41.65175087,-87.53881551
9/10/2018 23:55,30,TRAFFIC SIGNAL,CLEAR,"DARKNESS, LIGHTED ROAD",ONE-WAY,DRY,NO INJURY / DRIVE AWAY,,FAILING TO YIELD RIGHT-OF-WAY,42,E,ADAMS ST,,NO INDICATION OF INJURY,0,0,0,23,2,9,41.87962927,-87.62621191
11/18/2016 08:00:00 AM,30,STOP SIGN/FLASHER,CLEAR,DAYLIGHT,DIVIDED - W/MEDIAN BARRIER,DRY,INJURY AND / OR TOW DUE TO CRASH,,IMPROPER LANE USAGE,4830,N,CICERO AVE,,INCAPACITATING INJURY,0,1,0,8,6,11,41.96893861,-87.74793505
7/6/2020 21:20,30,TRAFFIC SIGNAL,CLEAR,"DARKNESS, LIGHTED ROAD",ONE-WAY,DRY,NO INJURY / DRIVE AWAY,,FAILING TO YIELD RIGHT-OF-WAY,100,W,MAPLE ST,,NO INDICATION OF INJURY,0,0,0,21,2,7,41.90195224,-87.63146444
5/1/2021 17:05,30,NO CONTROLS,CLEAR,DAYLIGHT,DIVIDED - W/MEDIAN (NOT RAISED),DRY,INJURY AND / OR TOW DUE TO CRASH,,FOLLOWING TOO CLOSELY,1400,N,ASHLAND AVE,,NONINCAPACITATING INJURY,0,0,1,17,7,5,41.90703448,-87.6677379
8/12/2022 13:10,30,TRAFFIC SIGNAL,CLEAR,DAYLIGHT,NOT DIVIDED,DRY,INJURY AND / OR TOW DUE TO CRASH,Y,FAILING TO YIELD RIGHT-OF-WAY,134,N,RACINE AVE,,NONINCAPACITATING INJURY,0,0,1,13,6,8,41.88401345,-87.65685571
12/12/2019 9:40,30,NO CONTROLS,CLEAR,DAYLIGHT,NOT DIVIDED,DRY,INJURY AND / OR TOW DUE TO CRASH,Y,IMPROPER OVERTAKING/PASSING,3614,N,SACRAMENTO AVE,,NONINCAPACITATING INJURY,0,0,1,9,5,12,41.94713982,-87.70308523
1/11/2019 17:56,35,TRAFFIC SIGNAL,CLEAR,"DARKNESS, LIGHTED ROAD",NOT DIVIDED,DRY,NO INJURY / DRIVE AWAY,,UNABLE TO DETERMINE,3200,N,PAULINA ST,,NO INDICATION OF INJURY,0,0,0,17,6,1,41.93970636,-87.67124298
8/7/2020 17:17,30,NO CONTROLS,CLEAR,DAYLIGHT,ONE-WAY,DRY,INJURY AND / OR TOW DUE TO CRASH,,UNABLE TO DETERMINE,3415,S,UNION AVE,Y,NONINCAPACITATING INJURY,0,0,1,17,6,8,41.83212328,-87.64355573
05/31/2018 05:58:00 PM,30,NO CONTROLS,CLEAR,DAYLIGHT,NOT DIVIDED,DRY,INJURY AND / OR TOW DUE TO CRASH,,FAILING TO YIELD RIGHT-OF-WAY,2326,W,DEVON AVE,,"REPORTED, NOT EVIDENT",0,0,0,17,5,5,41.99786101,-87.68860509
09/29/2023 08:30:00 AM,35,STOP SIGN/FLASHER,CLEAR,DAYLIGHT,T-INTERSECTION,DRY,INJURY AND / OR TOW DUE TO CRASH,,UNABLE TO DETERMINE,670,N,MAY ST,,INCAPACITATING INJURY,0,1,0,8,6,9,41.89371351,-87.65640532
03/21/2021 08:23:00 PM,15,NO CONTROLS,CLEAR,"DARKNESS, LIGHTED ROAD",ONE-WAY,DRY,NO INJURY / DRIVE AWAY,Y,UNABLE TO DETERMINE,6608,N,SEELEY AVE,,NO INDICATION OF INJURY,0,0,0,20,1,3,42.0018634,-87.68161292
6/10/2021 16:45,30,NO CONTROLS,CLEAR,DAYLIGHT,NOT DIVIDED,DRY,NO INJURY / DRIVE AWAY,,NOT APPLICABLE,711,E,45TH ST,,NO INDICATION OF INJURY,0,0,0,16,5,6,41.81303548,-87.60851643
08/19/2019 03:25:00 PM,25,STOP SIGN/FLASHER,CLEAR,DAYLIGHT,NOT DIVIDED,DRY,INJURY AND / OR TOW DUE TO CRASH,,UNABLE TO DETERMINE,4200,W,IOWA ST,,NONINCAPACITATING INJURY,0,0,1,15,2,8,41.89721482,-87.73114985
10/23/2023 10:08:00 AM,30,STOP SIGN/FLASHER,CLEAR,DAYLIGHT,ONE-WAY,DRY,INJURY AND / OR TOW DUE TO CRASH,,"OPERATING VEHICLE IN ERRATIC, RECKLESS, CARELESS, NEGLIGENT OR AGGRESSIVE MANNER",3402,N,OZARK AVE,,INCAPACITATING INJURY,0,1,0,10,2,10,41.94142763,-87.82046897
01/15/2022 08:59:00 PM,35,NO CONTROLS,CLEAR,"DARKNESS, LIGHTED ROAD",NOT DIVIDED,DRY,INJURY AND / OR TOW DUE TO CRASH,,DISREGARDING ROAD MARKINGS,2558,S,STATE ST,,NONINCAPACITATING INJURY,0,0,1,20,7,1,41.84564334,-87.62710866
09/22/2022 06:00:00 PM,30,NO CONTROLS,CLEAR,DAYLIGHT,NOT DIVIDED,DRY,INJURY AND / OR TOW DUE TO CRASH,,"OPERATING VEHICLE IN ERRATIC, RECKLESS, CARELESS, NEGLIGENT OR AGGRESSIVE MANNER",3440,W,LAWRENCE AVE,Y,INCAPACITATING INJURY,0,1,0,18,5,9,41.96849327,-87.7150429
10/2/2018 15:30,30,NO CONTROLS,CLEAR,DAYLIGHT,NOT DIVIDED,DRY,INJURY AND / OR TOW DUE TO CRASH,N,UNABLE TO DETERMINE,1599,W,CORTLAND ST,,NONINCAPACITATING INJURY,0,0,1,15,3,10,41.9160191,-87.66777649
07/27/2022 02:45:00 PM,30,TRAFFIC SIGNAL,CLEAR,DAYLIGHT,NOT DIVIDED,DRY,INJURY AND / OR TOW DUE TO CRASH,,UNABLE TO DETERMINE,94,E,CHICAGO AVE,,NONINCAPACITATING INJURY,0,0,1,14,4,7,41.89682132,-87.62567707
06/24/2018 04:45:00 PM,30,NO CONTROLS,CLEAR,DAYLIGHT,NOT DIVIDED,DRY,INJURY AND / OR TOW DUE TO CRASH,,FAILING TO YIELD RIGHT-OF-WAY,1147,N,HOMAN AVE,,NONINCAPACITATING INJURY,0,0,1,16,1,6,41.90246415,-87.71151754
04/18/2019 03:15:00 PM,30,STOP SIGN/FLASHER,RAIN,DAYLIGHT,NOT DIVIDED,WET,INJURY AND / OR TOW DUE TO CRASH,Y,FAILING TO YIELD RIGHT-OF-WAY,4800,S,HONORE ST,,NONINCAPACITATING INJURY,0,0,1,15,5,4,41.806631,-87.67113721
6/4/2018 10:32,30,YIELD,CLEAR,DAYLIGHT,RAMP,DRY,INJURY AND / OR TOW DUE TO CRASH,,DISREGARDING ROAD MARKINGS,733,W,JACKSON BLVD,,NONINCAPACITATING INJURY,0,0,1,10,2,6,41.87785879,-87.6454946
05/30/2022 09:00:00 PM,15,NO CONTROLS,CLEAR,DUSK,PARKING LOT,DRY,INJURY AND / OR TOW DUE TO CRASH,Y,UNABLE TO DETERMINE,5647,W,DIVERSEY AVE,,NONINCAPACITATING INJURY,0,0,1,21,2,5,41.93114262,-87.76814405
7/11/2022 21:45,15,UNKNOWN,UNKNOWN,UNKNOWN,ALLEY,UNKNOWN,INJURY AND / OR TOW DUE TO CRASH,,UNABLE TO DETERMINE,6415,N,RICHMOND ST,,INCAPACITATING INJURY,0,1,0,21,2,7,41.99798585,-87.70317667
08/19/2022 07:40:00 AM,30,TRAFFIC SIGNAL,CLEAR,DAYLIGHT,FOUR WAY,DRY,INJURY AND / OR TOW DUE TO CRASH,Y,FAILING TO YIELD RIGHT-OF-WAY,957,N,OAKLEY BLVD,,"REPORTED, NOT EVIDENT",0,0,0,7,6,8,41.89931517,-87.68433708
06/14/2019 09:35:00 AM,30,TRAFFIC SIGNAL,CLEAR,DAYLIGHT,NOT DIVIDED,DRY,NO INJURY / DRIVE AWAY,Y,FAILING TO YIELD RIGHT-OF-WAY,4341,W,NORTH AVE,,NO INDICATION OF INJURY,0,0,0,9,6,6,41.9096555,-87.73562175
9/2/2020 6:48,30,TRAFFIC SIGNAL,CLOUDY/OVERCAST,DAYLIGHT,FOUR WAY,WET,INJURY AND / OR TOW DUE TO CRASH,,DRIVING SKILLS/KNOWLEDGE/EXPERIENCE,2001,N,WESTERN AVE,,NONINCAPACITATING INJURY,0,0,1,6,4,9,41.91760789,-87.687264
09/19/2018 07:01:00 PM,30,UNKNOWN,RAIN,DARKNESS,NOT DIVIDED,WET,INJURY AND / OR TOW DUE TO CRASH,,UNABLE TO DETERMINE,1060,W,WILSON AVE,,NONINCAPACITATING INJURY,0,0,1,19,4,9,41.96551284,-87.657248
7/10/2022 11:30,25,UNKNOWN,CLEAR,DAYLIGHT,UNKNOWN,DRY,INJURY AND / OR TOW DUE TO CRASH,Y,NOT APPLICABLE,3200,N,LAVERGNE AVE,N,NONINCAPACITATING INJURY,0,0,1,11,1,7,41.93880659,-87.75193856
9/9/2017 16:12,30,NO CONTROLS,CLEAR,DAYLIGHT,ONE-WAY,DRY,INJURY AND / OR TOW DUE TO CRASH,,UNABLE TO DETERMINE,10,E,GRAND AVE,,NONINCAPACITATING INJURY,0,0,1,16,7,9,41.89179146,-87.62765774
9/4/2018 20:36,30,NO CONTROLS,CLEAR,"DARKNESS, LIGHTED ROAD",DIVIDED - W/MEDIAN (NOT RAISED),DRY,INJURY AND / OR TOW DUE TO CRASH,Y,FAILING TO YIELD RIGHT-OF-WAY,58,E,CHICAGO AVE,,INCAPACITATING INJURY,0,1,0,20,3,9,41.89681955,-87.62593378
05/20/2019 09:38:00 AM,10,NO CONTROLS,CLEAR,DAYLIGHT,ALLEY,DRY,INJURY AND / OR TOW DUE TO CRASH,,FAILING TO YIELD RIGHT-OF-WAY,3745,W,31ST ST,,NONINCAPACITATING INJURY,0,0,1,9,2,5,41.83687085,-87.71881184
05/30/2020 10:05:00 PM,30,TRAFFIC SIGNAL,CLEAR,"DARKNESS, LIGHTED ROAD",FOUR WAY,DRY,INJURY AND / OR TOW DUE TO CRASH,Y,FAILING TO YIELD RIGHT-OF-WAY,98,W,ONTARIO ST,,"REPORTED, NOT EVIDENT",0,0,0,22,7,5,41.89333966,-87.63109738
08/26/2020 03:44:00 PM,30,TRAFFIC SIGNAL,CLEAR,DAYLIGHT,ONE-WAY,DRY,NO INJURY / DRIVE AWAY,,IMPROPER LANE USAGE,3557,N,RAVENSWOOD AVE,,NO INDICATION OF INJURY,0,0,0,15,4,8,41.94684781,-87.67356257
7/7/2018 15:45,30,NO CONTROLS,CLEAR,DAYLIGHT,NOT DIVIDED,DRY,NO INJURY / DRIVE AWAY,Y,UNABLE TO DETERMINE,6731,W,HIGGINS AVE,,NO INDICATION OF INJURY,0,0,0,15,7,7,41.97870722,-87.79628842
04/22/2021 05:30:00 PM,30,NO CONTROLS,CLEAR,DAYLIGHT,NOT DIVIDED,DRY,INJURY AND / OR TOW DUE TO CRASH,,FAILING TO YIELD RIGHT-OF-WAY,3200,W,MONTROSE AVE,,NONINCAPACITATING INJURY,0,0,1,17,5,4,41.96129628,-87.70831067
6/1/2021 11:50,30,NO CONTROLS,CLEAR,DAYLIGHT,DIVIDED - W/MEDIAN BARRIER,DRY,INJURY AND / OR TOW DUE TO CRASH,,UNABLE TO DETERMINE,1322,W,95TH ST,,NONINCAPACITATING INJURY,0,0,1,11,3,6,41.7214079,-87.65636779
08/21/2016 10:09:00 AM,30,STOP SIGN/FLASHER,CLEAR,DAYLIGHT,DIVIDED - W/MEDIAN BARRIER,DRY,INJURY AND / OR TOW DUE TO CRASH,Y,UNABLE TO DETERMINE,2350,E,71ST ST,Y,INCAPACITATING INJURY,0,1,0,10,1,8,41.76643521,-87.56723593
09/23/2022 06:00:00 AM,30,TRAFFIC SIGNAL,CLEAR,"DARKNESS, LIGHTED ROAD",DIVIDED - W/MEDIAN (NOT RAISED),DRY,INJURY AND / OR TOW DUE TO CRASH,,UNABLE TO DETERMINE,2400,S,DAMEN AVE,,NONINCAPACITATING INJURY,0,0,1,6,6,9,41.84848572,-87.67589295
4/4/2018 8:09,30,NO CONTROLS,CLEAR,DAYLIGHT,ONE-WAY,UNKNOWN,NO INJURY / DRIVE AWAY,Y,IMPROPER LANE USAGE,230,W,JACKSON BLVD,,NO INDICATION OF INJURY,0,0,0,8,4,4,41.87821915,-87.63463449
08/21/2020 07:39:00 PM,20,STOP SIGN/FLASHER,CLEAR,DAYLIGHT,NOT DIVIDED,DRY,INJURY AND / OR TOW DUE TO CRASH,,FAILING TO YIELD RIGHT-OF-WAY,1701,W,GRANVILLE AVE,,NONINCAPACITATING INJURY,0,0,1,19,6,8,41.99429851,-87.6719544