CRASH_DATE,POSTED_SPEED_LIMIT,TRAFFIC_CONTROL_DEVICE,WEATHER_CONDITION,LIGHTING_CONDITION,TRAFFICWAY_TYPE,ROADWAY_SURFACE_COND,CRASH_TYPE,HIT_AND_RUN_I,PRIM_CONTRIBUTORY_CAUSE,STREET_NO,STREET_DIRECTION,STREET_NAME,DOORING_I,MOST_SEVERE_INJURY,INJURIES_FATAL,INJURIES_INCAPACITATING,INJURIES_NON_INCAPACITATING,CRASH_HOUR,CRASH_DAY_OF_WEEK,CRASH_MONTH,LATITUDE,LONGITUDE
07/16/2022 11:45:00 AM,30,STOP SIGN/FLASHER,CLOUDY/OVERCAST,DAYLIGHT,FOUR WAY,DRY,INJURY AND / OR TOW DUE TO CRASH,,FAILING TO YIELD RIGHT-OF-WAY,5500,S,RICHMOND ST,,NONINCAPACITATING INJURY,0,0,1,11,7,7,41.79353357,-87.69760504
06/27/2023 05:30:00 PM,30,NO CONTROLS,CLEAR,DAYLIGHT,NOT DIVIDED,DRY,NO INJURY / DRIVE AWAY,,DRIVING SKILLS/KNOWLEDGE/EXPERIENCE,9400,S,COLFAX AVE,,NO INDICATION OF INJURY,0,0,0,17,3,6,41.72443939,-87.5609126
10/1/2017 9:50,30,TRAFFIC SIGNAL,CLEAR,DAYLIGHT,NOT DIVIDED,DRY,INJURY AND / OR TOW DUE TO CRASH,,UNABLE TO DETERMINE,2569,N,MILWAUKEE AVE,,NONINCAPACITATING INJURY,0,0,1,9,1,10,41.92807807,-87.70555206
10/7/2022 17:05,30,TRAFFIC SIGNAL,CLEAR,DAYLIGHT,NOT DIVIDED,DRY,INJURY AND / OR TOW DUE TO CRASH,,UNABLE TO DETERMINE,2200,N,HALSTED ST,,NONINCAPACITATING INJURY,0,0,1,17,6,10,41.92190548,-87.64878198
9/4/2018 8:45,30,TRAFFIC SIGNAL,CLEAR,DAYLIGHT,NOT DIVIDED,DRY,INJURY AND / OR TOW DUE TO CRASH,,FAILING TO YIELD RIGHT-OF-WAY,1154,S,CLARK ST,,NONINCAPACITATING INJURY,0,0,1,8,3,9,41.86757102,-87.63058647
06/21/2022 09:30:00 AM,30,NO CONTROLS,CLEAR,DAYLIGHT,NOT DIVIDED,DRY,INJURY AND / OR TOW DUE TO CRASH,,UNABLE TO DETERMINE,6742,N,CLARK ST,,NONINCAPACITATING INJURY,0,0,1,9,3,6,42.00474914,-87.67305503
11/2/2018 8:50,35,STOP SIGN/FLASHER,CLEAR,DAYLIGHT,NOT DIVIDED,DRY,INJURY AND / OR TOW DUE TO CRASH,,FAILING TO YIELD RIGHT-OF-WAY,1417,S,BLUE ISLAND AVE,,NONINCAPACITATING INJURY,0,0,1,8,6,11,41.86314228,-87.65648176
08/22/2020 02:45:00 PM,30,STOP SIGN/FLASHER,CLEAR,DAYLIGHT,NOT DIVIDED,DRY,INJURY AND / OR TOW DUE TO CRASH,Y,FAILING TO YIELD RIGHT-OF-WAY,9900,S,LEAVITT ST,,INCAPACITATING INJURY,0,1,0,14,7,8,41.71363589,-87.67714508
07/18/2018 03:15:00 PM,20,NO CONTROLS,CLEAR,DAYLIGHT,OTHER,DRY,INJURY AND / OR TOW DUE TO CRASH,,UNABLE TO DETERMINE,411,W,31ST ST,,NONINCAPACITATING INJURY,0,0,1,15,4,7,41.83806,-87.63665959
03/28/2019 05:06:00 PM,30,DELINEATORS,CLEAR,DAYLIGHT,PARKING LOT,DRY,INJURY AND / OR TOW DUE TO CRASH,Y,FAILING TO YIELD RIGHT-OF-WAY,6510,N,CLARK ST,,NONINCAPACITATING INJURY,0,0,1,17,5,3,42.00026228,-87.67149842
06/24/2019 08:55:00 AM,25,STOP SIGN/FLASHER,CLOUDY/OVERCAST,DAYLIGHT,NOT DIVIDED,DRY,NO INJURY / DRIVE AWAY,,UNABLE TO DETERMINE,355,W,KINZIE ST,,NO INDICATION OF INJURY,0,0,0,8,2,6,41.88900928,-87.63762491
09/14/2016 05:15:00 PM,30,NO CONTROLS,CLEAR,DAYLIGHT,NOT DIVIDED,DRY,NO INJURY / DRIVE AWAY,,UNABLE TO DETERMINE,2249,N,MILWAUKEE AVE,,NO INDICATION OF INJURY,0,0,0,17,4,9,41.92173119,-87.69520897
12/11/2015 7:30,15,NO CONTROLS,CLEAR,DAYLIGHT,NOT DIVIDED,DRY,INJURY AND / OR TOW DUE TO CRASH,,UNABLE TO DETERMINE,1901,W,OGDEN AVE,,NONINCAPACITATING INJURY,0,0,2,7,6,12,41.87463687,-87.67398145
09/17/2019 03:46:00 PM,30,UNKNOWN,CLEAR,DAYLIGHT,ONE-WAY,DRY,INJURY AND / OR TOW DUE TO CRASH,,UNABLE TO DETERMINE,1604,S,MILLER ST,,NONINCAPACITATING INJURY,0,0,1,15,3,9,41.85969118,-87.65238495
09/24/2018 08:00:00 AM,35,STOP SIGN/FLASHER,CLEAR,DAYLIGHT,DIVIDED - W/MEDIAN BARRIER,DRY,NO INJURY / DRIVE AWAY,,FAILING TO YIELD RIGHT-OF-WAY,100,E,ROOSEVELT RD,,NO INDICATION OF INJURY,0,0,0,8,2,9,41.86756654,-87.62409418
8/12/2020 19:50,30,NO CONTROLS,CLEAR,DAYLIGHT,NOT DIVIDED,DRY,INJURY AND / OR TOW DUE TO CRASH,,UNABLE TO DETERMINE,909,N,LARAMIE AVE,N,NONINCAPACITATING INJURY,0,0,1,19,4,8,41.89707361,-87.75550566
11/3/2015 15:05,30,STOP SIGN/FLASHER,CLEAR,DAYLIGHT,DIVIDED - W/MEDIAN BARRIER,DRY,INJURY AND / OR TOW DUE TO CRASH,Y,UNABLE TO DETERMINE,6899,N,ASHLAND BLVD,N,NONINCAPACITATING INJURY,0,0,1,15,3,11,42.00655868,-87.66984215
7/9/2022 0:32,30,TRAFFIC SIGNAL,CLEAR,"DARKNESS, LIGHTED ROAD",NOT DIVIDED,DRY,NO INJURY / DRIVE AWAY,Y,UNABLE TO DETERMINE,2200,N,DAMEN AVE,,NO INDICATION OF INJURY,0,0,0,0,7,7,41.92142214,-87.67790011
5/4/2021 10:35,20,NO CONTROLS,CLEAR,DAYLIGHT,ONE-WAY,DRY,INJURY AND / OR TOW DUE TO CRASH,,FAILING TO YIELD RIGHT-OF-WAY,580,W,KINZIE ST,Y,NONINCAPACITATING INJURY,0,0,1,10,3,5,41.88915935,-87.64280185
8/7/2022 9:00,30,STOP SIGN/FLASHER,CLEAR,DAYLIGHT,NOT DIVIDED,DRY,INJURY AND / OR TOW DUE TO CRASH,,UNABLE TO DETERMINE,1817,N,KEDZIE AVE,,NONINCAPACITATING INJURY,0,0,1,9,1,8,41.91428527,-87.70672733
03/20/2021 06:08:00 PM,30,TRAFFIC SIGNAL,CLEAR,DAYLIGHT,DIVIDED - W/MEDIAN BARRIER,DRY,NO INJURY / DRIVE AWAY,,UNABLE TO DETERMINE,9448,S,ASHLAND AVE,,NO INDICATION OF INJURY,0,0,0,18,7,3,41.72158696,-87.66283971
11/18/2020 10:15:00 AM,40,TRAFFIC SIGNAL,CLEAR,DAYLIGHT,DIVIDED - W/MEDIAN (NOT RAISED),DRY,INJURY AND / OR TOW DUE TO CRASH,Y,FAILING TO REDUCE SPEED TO AVOID CRASH,300,S,LAKE SHORE DR SB,,NONINCAPACITATING INJURY,0,0,1,10,4,11,41.87831014,-87.6175759
10/1/2017 20:00,30,TRAFFIC SIGNAL,CLEAR,"DARKNESS, LIGHTED ROAD",NOT DIVIDED,DRY,INJURY AND / OR TOW DUE TO CRASH,,FAILING TO YIELD RIGHT-OF-WAY,1547,N,CLYBOURN AVE,,NONINCAPACITATING INJURY,0,0,1,20,1,10,41.90963067,-87.64751924
09/16/2017 09:20:00 AM,30,NO CONTROLS,CLEAR,DAYLIGHT,NOT DIVIDED,DRY,NO INJURY / DRIVE AWAY,,IMPROPER OVERTAKING/PASSING,658,N,HALSTED ST,,NO INDICATION OF INJURY,0,0,0,9,7,9,41.89395876,-87.64784119
3/1/2020 14:50,25,NO CONTROLS,CLEAR,DAYLIGHT,NOT DIVIDED,DRY,INJURY AND / OR TOW DUE TO CRASH,,FAILING TO REDUCE SPEED TO AVOID CRASH,2019,W,LUNT AVE,,NONINCAPACITATING INJURY,0,0,1,14,1,3,42.00875124,-87.68091072
03/27/2019 06:51:00 PM,30,TRAFFIC SIGNAL,CLEAR,DUSK,DIVIDED - W/MEDIAN (NOT RAISED),DRY,INJURY AND / OR TOW DUE TO CRASH,,FAILING TO REDUCE SPEED TO AVOID CRASH,200,N,DAMEN AVE,N,NONINCAPACITATING INJURY,0,0,1,18,4,3,41.88502368,-87.67688746
09/15/2017 08:15:00 AM,30,NO CONTROLS,CLEAR,DAYLIGHT,DIVIDED - W/MEDIAN (NOT RAISED),DRY,INJURY AND / OR TOW DUE TO CRASH,,FOLLOWING TOO CLOSELY,3600,S,ASHLAND AVE,,NONINCAPACITATING INJURY,0,0,1,8,6,9,41.82858454,-87.66566253
6/10/2016 14:20,30,TRAFFIC SIGNAL,CLEAR,DAYLIGHT,DIVIDED - W/MEDIAN (NOT RAISED),DRY,INJURY AND / OR TOW DUE TO CRASH,,"VISION OBSCURED (SIGNS, TREE LIMBS, BUILDINGS, ETC.)",600,N,ORLEANS ST,,NONINCAPACITATING INJURY,0,0,1,14,6,6,41.89241067,-87.63720268
08/23/2022 03:07:00 PM,30,NO CONTROLS,CLEAR,DAYLIGHT,ALLEY,DRY,INJURY AND / OR TOW DUE TO CRASH,Y,FAILING TO YIELD RIGHT-OF-WAY,2000,W,WARREN BLVD,,NONINCAPACITATING INJURY,0,0,1,15,3,8,41.88233986,-87.67678799
10/31/2021 02:24:00 PM,30,TRAFFIC SIGNAL,CLEAR,DAYLIGHT,DIVIDED - W/MEDIAN (NOT RAISED),DRY,INJURY AND / OR TOW DUE TO CRASH,Y,UNABLE TO DETERMINE,1598,W,FULLERTON AVE,,"REPORTED, NOT EVIDENT",0,0,0,14,1,10,41.92526209,-87.66809055
07/29/2019 05:45:00 PM,30,NO CONTROLS,CLEAR,DAYLIGHT,NOT DIVIDED,DRY,INJURY AND / OR TOW DUE TO CRASH,,UNABLE TO DETERMINE,3215,N,CLARK ST,,NONINCAPACITATING INJURY,0,0,1,17,2,7,41.94044269,-87.65090378
09/19/2022 01:40:00 PM,30,NO CONTROLS,CLEAR,DAYLIGHT,NOT DIVIDED,DRY,INJURY AND / OR TOW DUE TO CRASH,,FAILING TO YIELD RIGHT-OF-WAY,4440,N,LINCOLN AVE,,NONINCAPACITATING INJURY,0,0,1,13,2,9,41.96247525,-87.68470284
10/15/2020 06:00:00 PM,30,NO CONTROLS,CLEAR,DUSK,DRIVEWAY,DRY,INJURY AND / OR TOW DUE TO CRASH,,FAILING TO YIELD RIGHT-OF-WAY,7427,S,SOUTH SHORE DR,,INCAPACITATING INJURY,0,1,0,18,5,10,41.76174012,-87.55813399
5/10/2023 19:28,30,STOP SIGN/FLASHER,CLEAR,DUSK,FOUR WAY,DRY,INJURY AND / OR TOW DUE TO CRASH,,FAILING TO YIELD RIGHT-OF-WAY,2602,W,FITCH AVE,,NONINCAPACITATING INJURY,0,0,1,19,4,5,42.01137733,-87.69517653
03/14/2022 11:30:00 AM,30,TRAFFIC SIGNAL,CLEAR,DAYLIGHT,NOT DIVIDED,DRY,NO INJURY / DRIVE AWAY,,UNABLE TO DETERMINE,4000,N,GREENVIEW AVE,,NO INDICATION OF INJURY,0,0,0,11,2,3,41.95434914,-87.66766997
3/2/2019 19:48,30,NO CONTROLS,CLEAR,"DARKNESS, LIGHTED ROAD",DIVIDED - W/MEDIAN (NOT RAISED),DRY,NO INJURY / DRIVE AWAY,,UNABLE TO DETERMINE,1647,N,WOOD ST,,NO INDICATION OF INJURY,0,0,0,19,7,3,41.91195459,-87.67246434
03/15/2019 12:23:00 PM,30,TRAFFIC SIGNAL,RAIN,DAYLIGHT,OTHER,WET,INJURY AND / OR TOW DUE TO CRASH,,IMPROPER LANE USAGE,2801,N,ELSTON AVE,,"REPORTED, NOT EVIDENT",0,0,0,12,6,3,41.93234827,-87.68789686
8/2/2021 0:24,30,TRAFFIC SIGNAL,CLEAR,"DARKNESS, LIGHTED ROAD",TRAFFIC ROUTE,DRY,INJURY AND / OR TOW DUE TO CRASH,,FAILING TO YIELD RIGHT-OF-WAY,1159,N,DAMEN AVE,,NONINCAPACITATING INJURY,0,0,1,0,2,8,41.90316898,-87.67711017
7/4/2017 14:30,30,NO CONTROLS,CLEAR,DAWN,ONE-WAY,DRY,NO INJURY / DRIVE AWAY,,NOT APPLICABLE,4500,S,SAWYER AVE,,NO INDICATION OF INJURY,0,0,0,14,3,7,41.81159329,-87.70547361
08/23/2017 10:56:00 AM,15,STOP SIGN/FLASHER,CLEAR,DAYLIGHT,NOT DIVIDED,DRY,NO INJURY / DRIVE AWAY,,UNABLE TO DETERMINE,1556,E,76TH PL,,NO INDICATION OF INJURY,0,0,0,10,4,8,41.75613628,-87.58605988
09/16/2020 04:06:00 PM,30,STOP SIGN/FLASHER,CLEAR,DAYLIGHT,NOT DIVIDED,DRY,NO INJURY / DRIVE AWAY,,DRIVING SKILLS/KNOWLEDGE/EXPERIENCE,1025,N,KEDZIE AVE,,NO INDICATION OF INJURY,0,0,0,16,4,9,41.89997107,-87.70655121
11/9/2022 16:10,30,STOP SIGN/FLASHER,CLEAR,DAYLIGHT,NOT DIVIDED,DRY,INJURY AND / OR TOW DUE TO CRASH,Y,FAILING TO REDUCE SPEED TO AVOID CRASH,2426,E,103RD ST,,NONINCAPACITATING INJURY,0,0,1,16,4,11,41.70821181,-87.56457433
02/16/2018 06:19:00 PM,30,NO CONTROLS,CLEAR,"DARKNESS, LIGHTED ROAD",DIVIDED - W/MEDIAN (NOT RAISED),DRY,NO INJURY / DRIVE AWAY,,IMPROPER LANE USAGE,50,W,POLK ST,,NO INDICATION OF INJURY,0,0,0,18,6,2,41.87238643,-87.62958343
10/13/2020 01:45:00 PM,30,TRAFFIC SIGNAL,CLEAR,DAYLIGHT,NOT DIVIDED,DRY,INJURY AND / OR TOW DUE TO CRASH,Y,FAILING TO YIELD RIGHT-OF-WAY,1600,N,MILWAUKEE AVE,,NONINCAPACITATING INJURY,0,0,1,13,3,10,41.9104368,-87.67776102
07/19/2021 06:40:00 PM,30,PEDESTRIAN CROSSING SIGN,CLEAR,DAYLIGHT,DIVIDED - W/MEDIAN (NOT RAISED),DRY,INJURY AND / OR TOW DUE TO CRASH,,FOLLOWING TOO CLOSELY,2201,N,CALIFORNIA AVE,,NONINCAPACITATING INJURY,0,0,1,18,2,7,41.92172842,-87.6971746
08/24/2020 10:46:00 PM,30,TRAFFIC SIGNAL,CLEAR,"DARKNESS, LIGHTED ROAD",DIVIDED - W/MEDIAN (NOT RAISED),DRY,NO INJURY / DRIVE AWAY,,DISREGARDING TRAFFIC SIGNALS,100,W,HARRISON ST,,NO INDICATION OF INJURY,0,0,0,22,2,8,41.87463079,-87.63072868
08/14/2017 07:01:00 PM,20,STOP SIGN/FLASHER,CLEAR,DAYLIGHT,NOT DIVIDED,DRY,INJURY AND / OR TOW DUE TO CRASH,Y,UNABLE TO DETERMINE,3600,N,RECREATION DR,Y,NONINCAPACITATING INJURY,0,0,1,19,2,8,41.94886557,-87.64303425
06/19/2020 07:00:00 PM,30,NO CONTROLS,CLEAR,DAYLIGHT,OTHER,DRY,INJURY AND / OR TOW DUE TO CRASH,,FAILING TO YIELD RIGHT-OF-WAY,3913,N,CENTRAL PARK AVE,,NONINCAPACITATING INJURY,0,0,1,19,6,6,41.95281056,-87.71763778
05/17/2017 02:20:00 PM,30,STOP SIGN/FLASHER,CLEAR,DAYLIGHT,NOT DIVIDED,UNKNOWN,INJURY AND / OR TOW DUE TO CRASH,,FAILING TO YIELD RIGHT-OF-WAY,601,W,MONTROSE AVE,,NONINCAPACITATING INJURY,0,0,1,14,4,5,41.96192072,-87.64590953
03/13/2022 08:42:00 PM,35,TRAFFIC SIGNAL,CLEAR,"DARKNESS, LIGHTED ROAD",FOUR WAY,DRY,INJURY AND / OR TOW DUE TO CRASH,Y,NOT APPLICABLE,2929,W,PETERSON AVE,,NONINCAPACITATING INJURY,0,0,1,20,1,3,41.9903139,-87.70290518
07/23/2021 12:25:00 PM,30,NO CONTROLS,CLEAR,DAYLIGHT,NOT DIVIDED,DRY,INJURY AND / OR TOW DUE TO CRASH,,FAILING TO YIELD RIGHT-OF-WAY,1816,N,KOSTNER AVE,,"REPORTED, NOT EVIDENT",0,0,0,12,6,7,41.91399157,-87.73638346
06/26/2017 09:55:00 AM,30,TRAFFIC SIGNAL,CLEAR,DAYLIGHT,DIVIDED - W/MEDIAN BARRIER,DRY,NO INJURY / DRIVE AWAY,Y,FAILING TO YIELD RIGHT-OF-WAY,5800,W,MADISON ST,,NO INDICATION OF INJURY,0,0,0,9,2,6,41.88027517,-87.76984395
05/14/2021 11:40:00 PM,30,STOP SIGN/FLASHER,CLEAR,"DARKNESS, LIGHTED ROAD",NOT DIVIDED,DRY,NO INJURY / DRIVE AWAY,Y,FOLLOWING TOO CLOSELY,3522,N,RACINE AVE,N,NO INDICATION OF INJURY,0,0,0,23,6,5,41.94605038,-87.65929387
10/14/2022 03:30:00 PM,30,NO CONTROLS,CLEAR,DAYLIGHT,NOT DIVIDED,DRY,INJURY AND / OR TOW DUE TO CRASH,,UNABLE TO DETERMINE,658,W,LAKE ST,,NONINCAPACITATING INJURY,0,0,1,15,6,10,41.88580624,-87.64500886
8/1/2019 13:45,30,STOP SIGN/FLASHER,CLEAR,DAYLIGHT,ONE-WAY,DRY,INJURY AND / OR TOW DUE TO CRASH,,FAILING TO YIELD RIGHT-OF-WAY,1631,N,LEAVITT ST,,NONINCAPACITATING INJURY,0,0,1,13,5,8,41.91130465,-87.68222182
7/8/2018 16:10,35,NO CONTROLS,CLEAR,DAYLIGHT,NOT DIVIDED,DRY,INJURY AND / OR TOW DUE TO CRASH,,FAILING TO YIELD RIGHT-OF-WAY,2058,W,71ST ST,,"REPORTED, NOT EVIDENT",0,0,0,16,1,7,41.76489424,-87.67590235
10/27/2020 10:30:00 PM,30,TRAFFIC SIGNAL,CLEAR,"DARKNESS, LIGHTED ROAD",FOUR WAY,DRY,INJURY AND / OR TOW DUE TO CRASH,,BICYCLE ADVANCING LEGALLY ON RED LIGHT,7859,S,STATE ST,,NONINCAPACITATING INJURY,0,0,1,22,3,10,41.75100958,-87.62440142
07/26/2022 02:55:00 PM,30,TRAFFIC SIGNAL,CLEAR,DAYLIGHT,FOUR WAY,DRY,INJURY AND / OR TOW DUE TO CRASH,,DISREGARDING TRAFFIC SIGNALS,5600,W,55TH ST,,NONINCAPACITATING INJURY,0,0,1,14,3,7,41.79284431,-87.76236668
07/14/2022 02:34:00 PM,20,NO CONTROLS,CLEAR,DAYLIGHT,ONE-WAY,DRY,NO INJURY / DRIVE AWAY,Y,UNABLE TO DETERMINE,2847,N,AVERS AVE,,NO INDICATION OF INJURY,0,0,0,14,5,7,41.93323425,-87.72317711
4/6/2018 7:55,25,NO CONTROLS,CLEAR,DAYLIGHT,NOT DIVIDED,DRY,INJURY AND / OR TOW DUE TO CRASH,,UNABLE TO DETERMINE,2605,W,ARMITAGE AVE,Y,INCAPACITATING INJURY,0,1,0,7,6,4,41.91741828,-87.69266363
8/10/2017 10:44,30,NO CONTROLS,CLEAR,DAYLIGHT,DIVIDED - W/MEDIAN BARRIER,DRY,INJURY AND / OR TOW DUE TO CRASH,,FAILING TO YIELD RIGHT-OF-WAY,1301,N,ELSTON AVE,,NONINCAPACITATING INJURY,0,0,1,10,5,8,41.90542878,-87.65946302
10/17/2020 11:33:00 AM,30,STOP SIGN/FLASHER,CLEAR,DAYLIGHT,NOT DIVIDED,DRY,NO INJURY / DRIVE AWAY,,UNABLE TO DETERMINE,5226,N,LINCOLN AVE,,NO INDICATION OF INJURY,0,0,0,11,7,10,41.9767197,-87.69254719
03/24/2021 05:40:00 PM,30,TRAFFIC SIGNAL,CLOUDY/OVERCAST,DAYLIGHT,"FIVE POINT, OR MORE",DRY,INJURY AND / OR TOW DUE TO CRASH,,IMPROPER LANE USAGE,3058,N,HALSTED ST,,NONINCAPACITATING INJURY,0,0,1,17,4,3,41.93814255,-87.64936225
11/9/2020 18:45,30,STOP SIGN/FLASHER,CLEAR,"DARKNESS, LIGHTED ROAD",NOT DIVIDED,DRY,NO INJURY / DRIVE AWAY,Y,UNABLE TO DETERMINE,1200,N,CAMPBELL AVE,,NO INDICATION OF INJURY,0,0,0,18,2,11,41.90308198,-87.68963775
07/25/2017 05:40:00 AM,0,NO CONTROLS,CLEAR,DAYLIGHT,DIVIDED - W/MEDIAN (NOT RAISED),DRY,INJURY AND / OR TOW DUE TO CRASH,,NOT APPLICABLE,1150,N,WELLS ST,Y,NONINCAPACITATING INJURY,0,0,1,5,3,7,41.90358362,-87.6346165
07/27/2018 12:20:00 PM,30,NO CONTROLS,CLEAR,DAYLIGHT,NOT DIVIDED,DRY,INJURY AND / OR TOW DUE TO CRASH,Y,IMPROPER LANE USAGE,605,W,ARMITAGE AVE,,INCAPACITATING INJURY,0,1,0,12,6,7,41.91813938,-87.6439645
11/8/2022 15:08,30,TRAFFIC SIGNAL,CLEAR,DAYLIGHT,FOUR WAY,DRY,NO INJURY / DRIVE AWAY,Y,UNABLE TO DETERMINE,6400,N,MILWAUKEE AVE,,NO INDICATION OF INJURY,0,0,0,15,3,11,41.99738217,-87.78807767
8/4/2018 22:24,35,TRAFFIC SIGNAL,CLEAR,"DARKNESS, LIGHTED ROAD",DIVIDED - W/MEDIAN (NOT RAISED),DRY,NO INJURY / DRIVE AWAY,,BICYCLE ADVANCING LEGALLY ON RED LIGHT,799,W,CERMAK RD,,NO INDICATION OF INJURY,0,0,0,22,7,8,41.85253714,-87.6464645
08/22/2020 02:15:00 PM,20,STOP SIGN/FLASHER,CLEAR,DAYLIGHT,FOUR WAY,DRY,INJURY AND / OR TOW DUE TO CRASH,Y,UNABLE TO DETERMINE,3000,N,SAWYER AVE,,"REPORTED, NOT EVIDENT",0,0,0,14,7,8,41.93578493,-87.70888814
08/23/2023 08:30:00 AM,30,NO CONTROLS,CLEAR,DAYLIGHT,NOT DIVIDED,DRY,NO INJURY / DRIVE AWAY,Y,UNABLE TO DETERMINE,2554,N,NORMANDY AVE,,NO INDICATION OF INJURY,0,0,0,8,4,8,41.92701226,-87.79304774
03/15/2019 12:41:00 PM,30,NO CONTROLS,CLEAR,DAYLIGHT,NOT DIVIDED,DRY,NO INJURY / DRIVE AWAY,Y,UNABLE TO DETERMINE,10,W,CHICAGO AVE,,NO INDICATION OF INJURY,0,0,0,12,6,3,41.89678144,-87.62861446
07/24/2020 01:45:00 PM,10,STOP SIGN/FLASHER,CLEAR,DAYLIGHT,FOUR WAY,DRY,INJURY AND / OR TOW DUE TO CRASH,,FAILING TO REDUCE SPEED TO AVOID CRASH,2801,W,ALBION AVE,,NONINCAPACITATING INJURY,0,0,1,13,6,7,42.00109202,-87.69980143
11/4/2022 15:30,30,TRAFFIC SIGNAL,CLEAR,DAYLIGHT,DIVIDED - W/MEDIAN (NOT RAISED),DRY,NO INJURY / DRIVE AWAY,,UNABLE TO DETERMINE,1000,W,MADISON ST,,NO INDICATION OF INJURY,0,0,0,15,6,11,41.88180879,-87.65209307
11/8/2018 17:25,30,TRAFFIC SIGNAL,CLEAR,"DARKNESS, LIGHTED ROAD",NOT DIVIDED,DRY,NO INJURY / DRIVE AWAY,,FAILING TO REDUCE SPEED TO AVOID CRASH,1955,N,SHEFFIELD AVE,,NO INDICATION OF INJURY,0,0,0,17,5,11,41.91751885,-87.65320205
08/16/2023 01:13:00 PM,30,NO CONTROLS,CLEAR,DAYLIGHT,DRIVEWAY,DRY,INJURY AND / OR TOW DUE TO CRASH,,FAILING TO YIELD RIGHT-OF-WAY,4756,W,WRIGHTWOOD AVE,,INCAPACITATING INJURY,0,1,0,13,4,8,41.92864839,-87.74627739
07/19/2023 08:15:00 AM,30,STOP SIGN/FLASHER,CLEAR,DAYLIGHT,NOT DIVIDED,DRY,INJURY AND / OR TOW DUE TO CRASH,,FAILING TO YIELD RIGHT-OF-WAY,2201,W,GRANVILLE AVE,,NONINCAPACITATING INJURY,0,0,1,8,4,7,41.9940665,-87.68489423
05/25/2016 08:30:00 AM,30,NO CONTROLS,CLEAR,DAYLIGHT,NOT DIVIDED,DRY,NO INJURY / DRIVE AWAY,,UNABLE TO DETERMINE,807,W,14TH PL,,NO INDICATION OF INJURY,0,0,0,8,4,5,41.86223022,-87.64719917
4/5/2023 11:34,35,RAILROAD CROSSING GATE,CLEAR,DAYLIGHT,FOUR WAY,DRY,NO INJURY / DRIVE AWAY,,UNABLE TO DETERMINE,1698,E,HYDE PARK BLVD,N,NO INDICATION OF INJURY,0,0,0,11,4,4,41.80264725,-87.58384031
9/1/2017 13:00,30,TRAFFIC SIGNAL,CLEAR,DAYLIGHT,CENTER TURN LANE,DRY,INJURY AND / OR TOW DUE TO CRASH,,FAILING TO YIELD RIGHT-OF-WAY,2002,N,MILWAUKEE AVE,,NONINCAPACITATING INJURY,0,0,1,13,6,9,41.91756419,-87.6888309
8/1/2019 16:31,30,NO CONTROLS,CLEAR,DAYLIGHT,FOUR WAY,DRY,NO INJURY / DRIVE AWAY,,UNABLE TO DETERMINE,1900,W,54TH ST,,NO INDICATION OF INJURY,0,0,0,16,5,8,41.7959144,-87.67198829
09/20/2022 12:47:00 PM,30,NO CONTROLS,CLEAR,DAYLIGHT,NOT DIVIDED,DRY,NO INJURY / DRIVE AWAY,Y,NOT APPLICABLE,2858,E,130TH ST,,NO INDICATION OF INJURY,0,0,0,12,3,9,41.65929157,-87.55325736
09/28/2017 04:54:00 PM,30,NO CONTROLS,CLEAR,DAYLIGHT,DIVIDED - W/MEDIAN (NOT RAISED),DRY,INJURY AND / OR TOW DUE TO CRASH,,FAILING TO YIELD RIGHT-OF-WAY,2661,W,ARMITAGE AVE,,NONINCAPACITATING INJURY,0,0,1,16,5,9,41.91740362,-87.69471593
8/5/2019 23:06,30,NO CONTROLS,CLEAR,"DARKNESS, LIGHTED ROAD",DIVIDED - W/MEDIAN (NOT RAISED),UNKNOWN,INJURY AND / OR TOW DUE TO CRASH,Y,IMPROPER LANE USAGE,6431,S,STONY ISLAND AVE,,NONINCAPACITATING INJURY,0,0,1,23,2,8,41.77785127,-87.58623024
09/20/2020 08:31:00 PM,30,NO CONTROLS,CLEAR,"DARKNESS, LIGHTED ROAD",DIVIDED - W/MEDIAN (NOT RAISED),DRY,INJURY AND / OR TOW DUE TO CRASH,,IMPROPER OVERTAKING/PASSING,7251,N,SHERIDAN RD,,NONINCAPACITATING INJURY,0,0,1,20,1,9,42.01393119,-87.6639104
12/22/2019 02:28:00 PM,30,TRAFFIC SIGNAL,CLEAR,DAYLIGHT,DIVIDED - W/MEDIAN (NOT RAISED),DRY,INJURY AND / OR TOW DUE TO CRASH,Y,NOT APPLICABLE,4001,W,WASHINGTON BLVD,,NONINCAPACITATING INJURY,0,0,1,14,1,12,41.88184591,-87.72585415
7/10/2023 7:13,30,TRAFFIC SIGNAL,CLEAR,DAYLIGHT,DIVIDED - W/MEDIAN (NOT RAISED),DRY,INJURY AND / OR TOW DUE TO CRASH,,UNABLE TO DETERMINE,50,W,CHICAGO AVE,,"REPORTED, NOT EVIDENT",0,0,0,7,2,7,41.89676188,-87.63002731
8/2/2020 18:05,30,TRAFFIC SIGNAL,RAIN,DAYLIGHT,FOUR WAY,WET,INJURY AND / OR TOW DUE TO CRASH,,UNABLE TO DETERMINE,6358,N,BROADWAY,,NONINCAPACITATING INJURY,0,0,1,18,1,8,41.99809084,-87.66068324