CRASH_DATE,POSTED_SPEED_LIMIT,TRAFFIC_CONTROL_DEVICE,WEATHER_CONDITION,LIGHTING_CONDITION,TRAFFICWAY_TYPE,ROADWAY_SURFACE_COND,CRASH_TYPE,HIT_AND_RUN_I,PRIM_CONTRIBUTORY_CAUSE,STREET_NO,STREET_DIRECTION,STREET_NAME,DOORING_I,MOST_SEVERE_INJURY,INJURIES_FATAL,INJURIES_INCAPACITATING,INJURIES_NON_INCAPACITATING,CRASH_HOUR,CRASH_DAY_OF_WEEK,CRASH_MONTH,LATITUDE,LONGITUDE
4/9/2021 13:25,30,TRAFFIC SIGNAL,CLEAR,DAYLIGHT,DIVIDED - W/MEDIAN (NOT RAISED),WET,INJURY AND / OR TOW DUE TO CRASH,,IMPROPER LANE USAGE,2025,W,NORTH AVE,,NONINCAPACITATING INJURY,0,0,1,13,6,4,41.91035563,-87.67856249
05/22/2019 09:08:00 PM,15,NO CONTROLS,CLEAR,DUSK,ALLEY,DRY,INJURY AND / OR TOW DUE TO CRASH,Y,FOLLOWING TOO CLOSELY,4400,N,KIMBALL AVE,,NONINCAPACITATING INJURY,0,0,1,21,4,5,41.96121875,-87.71328518
04/19/2020 05:00:00 PM,30,TRAFFIC SIGNAL,CLEAR,DAYLIGHT,NOT DIVIDED,DRY,NO INJURY / DRIVE AWAY,,UNABLE TO DETERMINE,3600,W,WRIGHTWOOD AVE,Y,NO INDICATION OF INJURY,0,0,0,17,1,4,41.9283639,-87.71715147
09/16/2022 05:25:00 PM,30,TRAFFIC SIGNAL,CLEAR,DAYLIGHT,NOT DIVIDED,DRY,INJURY AND / OR TOW DUE TO CRASH,Y,UNABLE TO DETERMINE,2200,S,GROVE ST,,NONINCAPACITATING INJURY,0,0,1,17,6,9,41.85265075,-87.63918825
7/2/2017 11:30,30,TRAFFIC SIGNAL,CLEAR,DAYLIGHT,DIVIDED - W/MEDIAN (NOT RAISED),DRY,INJURY AND / OR TOW DUE TO CRASH,,UNABLE TO DETERMINE,644,W,DIVERSEY PKWY,Y,NONINCAPACITATING INJURY,0,0,1,11,1,7,41.93290235,-87.64528015
12/2/2017 17:00,30,NO CONTROLS,CLEAR,DUSK,NOT DIVIDED,DRY,INJURY AND / OR TOW DUE TO CRASH,Y,UNABLE TO DETERMINE,4053,W,DIVISION ST,,NONINCAPACITATING INJURY,0,0,1,17,7,12,41.90252877,-87.72842128
09/20/2018 11:25:00 AM,20,STOP SIGN/FLASHER,CLEAR,DAYLIGHT,NOT DIVIDED,OTHER,INJURY AND / OR TOW DUE TO CRASH,,"OPERATING VEHICLE IN ERRATIC, RECKLESS, CARELESS, NEGLIGENT OR AGGRESSIVE MANNER",3839,N,LONG AVE,,NONINCAPACITATING INJURY,0,0,1,11,5,9,41.95076188,-87.76185007
09/24/2020 09:52:00 AM,30,TRAFFIC SIGNAL,CLEAR,DAYLIGHT,CENTER TURN LANE,DRY,INJURY AND / OR TOW DUE TO CRASH,Y,FAILING TO YIELD RIGHT-OF-WAY,8700,S,COMMERCIAL AVE,Y,"REPORTED, NOT EVIDENT",0,0,0,9,5,9,41.73728557,-87.55157514
11/5/2019 17:00,30,STOP SIGN/FLASHER,CLEAR,"DARKNESS, LIGHTED ROAD",NOT DIVIDED,DRY,INJURY AND / OR TOW DUE TO CRASH,,UNABLE TO DETERMINE,2099,W,LUNT AVE,,NONINCAPACITATING INJURY,0,0,1,17,3,11,42.00876471,-87.68389293
10/15/2021 03:30:00 PM,30,TRAFFIC SIGNAL,CLEAR,DAYLIGHT,FOUR WAY,DRY,INJURY AND / OR TOW DUE TO CRASH,,FAILING TO YIELD RIGHT-OF-WAY,800,W,VAN BUREN ST,,NONINCAPACITATING INJURY,0,0,1,15,6,10,41.87678055,-87.64726374
09/27/2018 07:02:00 PM,30,TRAFFIC SIGNAL,CLEAR,"DARKNESS, LIGHTED ROAD",NOT DIVIDED,DRY,INJURY AND / OR TOW DUE TO CRASH,,UNABLE TO DETERMINE,3203,N,MENARD AVE,,NONINCAPACITATING INJURY,0,0,1,19,5,9,41.93862292,-87.77121402
9/9/2017 16:20,30,NO CONTROLS,CLEAR,DAYLIGHT,ONE-WAY,DRY,NO INJURY / DRIVE AWAY,,DRIVING ON WRONG SIDE/WRONG WAY,1421,W,ROSCOE ST,,NO INDICATION OF INJURY,0,0,0,16,7,9,41.94329417,-87.66481594
7/11/2019 21:27,30,STOP SIGN/FLASHER,CLEAR,DARKNESS,ONE-WAY,DRY,INJURY AND / OR TOW DUE TO CRASH,,UNABLE TO DETERMINE,8449,S,PAXTON AVE,,NONINCAPACITATING INJURY,0,0,1,21,5,7,41.74110251,-87.57078887
08/15/2023 09:15:00 PM,30,NO CONTROLS,CLEAR,"DARKNESS, LIGHTED ROAD",NOT DIVIDED,DRY,INJURY AND / OR TOW DUE TO CRASH,Y,FAILING TO YIELD RIGHT-OF-WAY,3132,N,SHEFFIELD AVE,Y,INCAPACITATING INJURY,0,1,0,21,3,8,41.9391077,-87.65422545
05/19/2018 05:15:00 PM,30,NO CONTROLS,CLEAR,DAYLIGHT,NOT DIVIDED,DRY,NO INJURY / DRIVE AWAY,Y,IMPROPER TURNING/NO SIGNAL,875,N,STATE ST,,NO INDICATION OF INJURY,0,0,0,17,7,5,41.8988782,-87.62811115
08/24/2016 06:30:00 PM,30,NO CONTROLS,CLEAR,DAYLIGHT,NOT DIVIDED,DRY,NO INJURY / DRIVE AWAY,Y,UNABLE TO DETERMINE,6500,S,PROMONTORY DR,,NO INDICATION OF INJURY,0,0,0,18,4,8,41.77647256,-87.57099037
8/2/2023 23:16,30,TRAFFIC SIGNAL,CLEAR,"DARKNESS, LIGHTED ROAD",FOUR WAY,DRY,INJURY AND / OR TOW DUE TO CRASH,Y,FAILING TO YIELD RIGHT-OF-WAY,1600,N,MILWAUKEE AVE,,NONINCAPACITATING INJURY,0,0,1,23,4,8,41.9104368,-87.67776102
7/10/2020 19:05,25,NO CONTROLS,CLEAR,DAYLIGHT,NOT DIVIDED,DRY,NO INJURY / DRIVE AWAY,Y,FOLLOWING TOO CLOSELY,6730,N,CLARK ST,,NO INDICATION OF INJURY,0,0,0,19,6,7,42.00441035,-87.67293929
06/16/2018 10:50:00 AM,25,NO CONTROLS,CLEAR,DAYLIGHT,NOT DIVIDED,OTHER,INJURY AND / OR TOW DUE TO CRASH,,FAILING TO YIELD RIGHT-OF-WAY,6020,N,RAVENSWOOD AVE,,NONINCAPACITATING INJURY,0,0,1,10,7,6,41.9913837,-87.67542434
5/10/2023 14:00,30,TRAFFIC SIGNAL,CLEAR,DAYLIGHT,NOT DIVIDED,DRY,NO INJURY / DRIVE AWAY,,FAILING TO YIELD RIGHT-OF-WAY,3200,N,SOUTHPORT AVE,,NO INDICATION OF INJURY,0,0,0,14,4,5,41.93980742,-87.6639694
10/9/2022 14:00,30,UNKNOWN,UNKNOWN,UNKNOWN,NOT DIVIDED,DRY,NO INJURY / DRIVE AWAY,,UNABLE TO DETERMINE,2433,N,LINCOLN AVE,Y,NO INDICATION OF INJURY,0,0,0,14,1,10,41.92624085,-87.64966265
10/1/2023 19:23,30,NO CONTROLS,CLEAR,"DARKNESS, LIGHTED ROAD",ONE-WAY,DRY,NO INJURY / DRIVE AWAY,Y,UNABLE TO DETERMINE,8000,S,STATE ST,,NO INDICATION OF INJURY,0,0,0,19,1,10,41.74902857,-87.62462305
01/24/2023 11:04:00 PM,30,NO CONTROLS,CLEAR,"DARKNESS, LIGHTED ROAD",NOT DIVIDED,DRY,INJURY AND / OR TOW DUE TO CRASH,,FAILING TO YIELD RIGHT-OF-WAY,2351,N,HARLEM AVE,,INCAPACITATING INJURY,0,1,0,23,3,1,41.92255726,-87.8060628
07/30/2018 06:53:00 PM,30,NO CONTROLS,CLEAR,DAYLIGHT,NOT DIVIDED,DRY,NO INJURY / DRIVE AWAY,,FAILING TO YIELD RIGHT-OF-WAY,161,W,ERIE ST,,NO INDICATION OF INJURY,0,0,0,18,2,7,41.8938875,-87.63361494
09/16/2017 05:15:00 PM,30,NO CONTROLS,CLEAR,DAYLIGHT,NOT DIVIDED,UNKNOWN,INJURY AND / OR TOW DUE TO CRASH,,IMPROPER OVERTAKING/PASSING,600,W,MONTROSE DR,,NONINCAPACITATING INJURY,0,0,1,17,7,9,41.96214015,-87.64593659
11/11/2022 20:10,30,STOP SIGN/FLASHER,CLEAR,"DARKNESS, LIGHTED ROAD",NOT DIVIDED,DRY,INJURY AND / OR TOW DUE TO CRASH,Y,UNABLE TO DETERMINE,1502,W,51ST ST,,"REPORTED, NOT EVIDENT",0,0,0,20,6,11,41.80145782,-87.66250126
3/7/2022 18:30,30,STOP SIGN/FLASHER,CLEAR,"DARKNESS, LIGHTED ROAD",FOUR WAY,DRY,NO INJURY / DRIVE AWAY,,FAILING TO YIELD RIGHT-OF-WAY,675,N,FRANKLIN ST,,NO INDICATION OF INJURY,0,0,0,18,2,3,41.89458903,-87.63550637
06/19/2020 01:47:00 PM,15,NO CONTROLS,CLEAR,DAYLIGHT,PARKING LOT,DRY,NO INJURY / DRIVE AWAY,Y,UNABLE TO DETERMINE,111,N,LAKE SHORE DR NB,,NO INDICATION OF INJURY,0,0,0,13,6,6,41.88306562,-87.61545613
05/25/2017 05:00:00 PM,30,NO CONTROLS,CLEAR,DAYLIGHT,NOT DIVIDED,DRY,NO INJURY / DRIVE AWAY,,UNABLE TO DETERMINE,2400,W,CERMAK RD,,NO INDICATION OF INJURY,0,0,0,17,5,5,41.85214131,-87.68575264
08/29/2019 08:50:00 PM,30,NO CONTROLS,CLEAR,"DARKNESS, LIGHTED ROAD",NOT DIVIDED,DRY,NO INJURY / DRIVE AWAY,Y,DRIVING SKILLS/KNOWLEDGE/EXPERIENCE,1146,S,WABASH AVE,,NO INDICATION OF INJURY,0,0,0,20,5,8,41.86786565,-87.62598054
9/3/2017 11:50,30,TRAFFIC SIGNAL,CLEAR,DAYLIGHT,DIVIDED - W/MEDIAN BARRIER,DRY,INJURY AND / OR TOW DUE TO CRASH,,FAILING TO YIELD RIGHT-OF-WAY,100,W,ROOSEVELT RD,,"REPORTED, NOT EVIDENT",0,0,0,11,1,9,41.86748292,-87.6304928
10/10/2017 17:15,30,NO CONTROLS,RAIN,"DARKNESS, LIGHTED ROAD",NOT DIVIDED,WET,NO INJURY / DRIVE AWAY,,WEATHER,1500,N,DEARBORN PKWY,,NO INDICATION OF INJURY,0,0,0,17,3,10,41.90954266,-87.63030314
08/26/2022 08:45:00 AM,30,NO CONTROLS,CLEAR,DAYLIGHT,NOT DIVIDED,DRY,INJURY AND / OR TOW DUE TO CRASH,Y,FAILING TO YIELD RIGHT-OF-WAY,6900,N,CLARK ST,,NONINCAPACITATING INJURY,0,0,1,8,6,8,42.00660218,-87.67355458
06/27/2020 08:52:00 PM,30,NO CONTROLS,CLEAR,"DARKNESS, LIGHTED ROAD",ONE-WAY,DRY,INJURY AND / OR TOW DUE TO CRASH,,UNABLE TO DETERMINE,1239,W,FARWELL AVE,,NONINCAPACITATING INJURY,0,0,1,20,7,6,42.00663529,-87.6628365
07/19/2018 02:49:00 PM,30,STOP SIGN/FLASHER,CLEAR,DAYLIGHT,DIVIDED - W/MEDIAN BARRIER,DRY,INJURY AND / OR TOW DUE TO CRASH,,DRIVING ON WRONG SIDE/WRONG WAY,6700,S,STONY ISLAND AVE,,NONINCAPACITATING INJURY,0,0,1,14,5,7,41.7732929,-87.58644237
06/23/2020 12:24:00 PM,25,STOP SIGN/FLASHER,CLEAR,DAYLIGHT,NOT DIVIDED,DRY,INJURY AND / OR TOW DUE TO CRASH,,FAILING TO REDUCE SPEED TO AVOID CRASH,4600,W,WASHINGTON BLVD,,INCAPACITATING INJURY,0,1,0,12,3,6,41.88198444,-87.74016301
11/13/2016 01:30:00 PM,20,NO CONTROLS,CLEAR,DAYLIGHT,ALLEY,DRY,INJURY AND / OR TOW DUE TO CRASH,,UNABLE TO DETERMINE,3234,N,CENTRAL AVE,,NONINCAPACITATING INJURY,0,0,1,13,1,11,41.93964875,-87.76668446
03/15/2019 03:26:00 PM,20,NO CONTROLS,CLEAR,DAYLIGHT,DIVIDED - W/MEDIAN (NOT RAISED),DRY,INJURY AND / OR TOW DUE TO CRASH,,UNABLE TO DETERMINE,701,E,61ST ST,,NONINCAPACITATING INJURY,0,0,1,15,6,3,41.78390237,-87.60841744
4/3/2022 3:30,30,NO CONTROLS,CLEAR,"DARKNESS, LIGHTED ROAD",NOT DIVIDED,WET,INJURY AND / OR TOW DUE TO CRASH,Y,UNABLE TO DETERMINE,2415,W,56TH ST,,INCAPACITATING INJURY,0,1,0,3,1,4,41.79191176,-87.68470367
6/5/2019 17:40,25,NO CONTROLS,CLEAR,DAYLIGHT,DIVIDED - W/MEDIAN (NOT RAISED),DRY,INJURY AND / OR TOW DUE TO CRASH,,FAILING TO YIELD RIGHT-OF-WAY,2936,W,DEVON AVE,,NONINCAPACITATING INJURY,0,0,1,17,4,6,41.99760301,-87.70352821
05/30/2022 06:25:00 PM,30,NO CONTROLS,CLEAR,DAYLIGHT,NOT DIVIDED,DRY,INJURY AND / OR TOW DUE TO CRASH,Y,FOLLOWING TOO CLOSELY,2898,E,87TH ST,,NONINCAPACITATING INJURY,0,0,1,18,2,5,41.73746059,-87.55388895
07/25/2023 04:20:00 PM,35,NO CONTROLS,CLEAR,DAYLIGHT,FOUR WAY,DRY,INJURY AND / OR TOW DUE TO CRASH,,UNABLE TO DETERMINE,5850,S,WESTERN AVE,,NONINCAPACITATING INJURY,0,0,1,16,3,7,41.78684485,-87.68398654
05/18/2022 10:00:00 AM,25,STOP SIGN/FLASHER,RAIN,DAYLIGHT,T-INTERSECTION,WET,INJURY AND / OR TOW DUE TO CRASH,,UNABLE TO DETERMINE,6852,N,CENTRAL AVE,,NONINCAPACITATING INJURY,0,0,1,10,4,5,42.00624137,-87.76189348
6/10/2017 22:00,25,STOP SIGN/FLASHER,CLEAR,"DARKNESS, LIGHTED ROAD",NOT DIVIDED,DRY,INJURY AND / OR TOW DUE TO CRASH,Y,IMPROPER TURNING/NO SIGNAL,1201,S,HALSTED ST,,NONINCAPACITATING INJURY,0,0,1,22,7,6,41.86712752,-87.64677113
5/6/2020 14:25,25,STOP SIGN/FLASHER,CLEAR,DAYLIGHT,DIVIDED - W/MEDIAN (NOT RAISED),DRY,NO INJURY / DRIVE AWAY,,UNABLE TO DETERMINE,2100,N,SHEFFIELD AVE,,NO INDICATION OF INJURY,0,0,0,14,4,5,41.92001026,-87.65357866
7/7/2019 23:01,30,TRAFFIC SIGNAL,CLEAR,"DARKNESS, LIGHTED ROAD",DIVIDED - W/MEDIAN BARRIER,DRY,NO INJURY / DRIVE AWAY,,FAILING TO YIELD RIGHT-OF-WAY,2000,W,ADAMS ST,,NO INDICATION OF INJURY,0,0,0,23,1,7,41.8788561,-87.67663916
8/1/2018 8:50,35,TRAFFIC SIGNAL,CLEAR,DAYLIGHT,NOT DIVIDED,DRY,NO INJURY / DRIVE AWAY,,IMPROPER LANE USAGE,100,S,ASHLAND AVE,,NO INDICATION OF INJURY,0,0,0,8,4,8,41.8801009,-87.66690182
9/11/2017 6:50,35,NO CONTROLS,CLEAR,DAYLIGHT,DIVIDED - W/MEDIAN (NOT RAISED),DRY,INJURY AND / OR TOW DUE TO CRASH,,FAILING TO YIELD RIGHT-OF-WAY,2053,N,MILWAUKEE AVE,,NONINCAPACITATING INJURY,0,0,1,6,2,9,41.91862941,-87.69012302
02/28/2018 03:40:00 PM,30,NO CONTROLS,CLOUDY/OVERCAST,DAYLIGHT,DIVIDED - W/MEDIAN (NOT RAISED),DRY,INJURY AND / OR TOW DUE TO CRASH,,DRIVING SKILLS/KNOWLEDGE/EXPERIENCE,1912,W,NORTH AVE,,NONINCAPACITATING INJURY,0,0,1,15,4,2,41.91062516,-87.67559203
01/18/2020 10:20:00 PM,30,STOP SIGN/FLASHER,CLEAR,"DARKNESS, LIGHTED ROAD",NOT DIVIDED,DRY,NO INJURY / DRIVE AWAY,,UNABLE TO DETERMINE,2459,W,ARMITAGE AVE,,NO INDICATION OF INJURY,0,0,0,22,7,1,41.91744466,-87.68979178
5/1/2021 14:50,30,TRAFFIC SIGNAL,CLEAR,DAYLIGHT,NOT DIVIDED,DRY,NO INJURY / DRIVE AWAY,,FAILING TO YIELD RIGHT-OF-WAY,239,S,HALSTED ST,,NO INDICATION OF INJURY,0,0,0,14,7,5,41.87797994,-87.6470952
10/21/2021 04:40:00 PM,30,NO CONTROLS,CLEAR,DAYLIGHT,DIVIDED - W/MEDIAN (NOT RAISED),DRY,INJURY AND / OR TOW DUE TO CRASH,,FAILING TO YIELD RIGHT-OF-WAY,4617,N,ELSTON AVE,,NONINCAPACITATING INJURY,0,0,1,16,5,10,41.96503659,-87.73544914
07/31/2017 01:53:00 PM,30,NO CONTROLS,CLEAR,DAYLIGHT,NOT DIVIDED,DRY,INJURY AND / OR TOW DUE TO CRASH,,FAILING TO REDUCE SPEED TO AVOID CRASH,7832,S,CENTRAL PARK AVE,,NONINCAPACITATING INJURY,0,0,1,13,2,7,41.75052294,-87.71205978
8/2/2019 11:32,30,NO CONTROLS,CLEAR,DAYLIGHT,NOT DIVIDED,DRY,INJURY AND / OR TOW DUE TO CRASH,,IMPROPER LANE USAGE,3751,W,LAKE ST,,NONINCAPACITATING INJURY,0,0,1,11,6,8,41.8850655,-87.72044908
01/17/2017 08:30:00 AM,30,NO CONTROLS,CLEAR,DAYLIGHT,DIVIDED - W/MEDIAN (NOT RAISED),WET,NO INJURY / DRIVE AWAY,Y,UNABLE TO DETERMINE,600,W,KINZIE ST,,NO INDICATION OF INJURY,0,0,0,8,3,1,41.88915824,-87.64294895
11/5/2022 12:50,30,UNKNOWN,UNKNOWN,UNKNOWN,T-INTERSECTION,UNKNOWN,INJURY AND / OR TOW DUE TO CRASH,Y,UNABLE TO DETERMINE,340,W,DIVISION ST,,"REPORTED, NOT EVIDENT",0,0,0,12,7,11,41.90391353,-87.63765253
7/4/2021 0:20,15,NO CONTROLS,CLEAR,"DARKNESS, LIGHTED ROAD",ONE-WAY,DRY,INJURY AND / OR TOW DUE TO CRASH,,"VISION OBSCURED (SIGNS, TREE LIMBS, BUILDINGS, ETC.)",1015,W,ROSCOE ST,,NONINCAPACITATING INJURY,0,0,1,0,1,7,41.94345021,-87.65486465
09/28/2020 01:00:00 AM,30,NO CONTROLS,RAIN,"DARKNESS, LIGHTED ROAD",NOT DIVIDED,WET,INJURY AND / OR TOW DUE TO CRASH,Y,IMPROPER LANE USAGE,5100,W,WASHINGTON BLVD,,NONINCAPACITATING INJURY,0,0,1,1,2,9,41.88182982,-87.75273157
07/29/2017 05:25:00 PM,30,NO CONTROLS,CLEAR,DAYLIGHT,NOT DIVIDED,DRY,NO INJURY / DRIVE AWAY,Y,FOLLOWING TOO CLOSELY,2302,W,IRVING PARK RD,,NO INDICATION OF INJURY,0,0,0,17,7,7,41.9541565,-87.68617762
6/6/2021 17:40,30,NO CONTROLS,CLEAR,DAYLIGHT,NOT DIVIDED,DRY,INJURY AND / OR TOW DUE TO CRASH,,NOT APPLICABLE,1331,W,ADDISON ST,,NONINCAPACITATING INJURY,0,0,1,17,1,6,41.94697638,-87.66293693
1/8/2022 12:12,30,TRAFFIC SIGNAL,UNKNOWN,UNKNOWN,NOT DIVIDED,ICE,NO INJURY / DRIVE AWAY,Y,UNABLE TO DETERMINE,2758,W,AUGUSTA BLVD,,NO INDICATION OF INJURY,0,0,0,12,7,1,41.89939272,-87.6967286
06/21/2019 08:15:00 PM,30,STOP SIGN/FLASHER,CLEAR,"DARKNESS, LIGHTED ROAD",NOT DIVIDED,DRY,NO INJURY / DRIVE AWAY,,FAILING TO YIELD RIGHT-OF-WAY,3827,W,LELAND AVE,,NO INDICATION OF INJURY,0,0,0,20,6,6,41.96634862,-87.72428208
07/28/2020 07:30:00 PM,30,NO CONTROLS,CLEAR,DAYLIGHT,NOT DIVIDED,DRY,INJURY AND / OR TOW DUE TO CRASH,,UNABLE TO DETERMINE,700,W,FULLERTON AVE,Y,"REPORTED, NOT EVIDENT",0,0,0,19,3,7,41.92560232,-87.64638177
9/7/2022 16:50,30,TRAFFIC SIGNAL,CLEAR,DAYLIGHT,FOUR WAY,DRY,INJURY AND / OR TOW DUE TO CRASH,,"VISION OBSCURED (SIGNS, TREE LIMBS, BUILDINGS, ETC.)",301,E,BALBO DR,,NONINCAPACITATING INJURY,0,0,1,16,4,9,41.87310624,-87.62042563
05/20/2021 03:00:00 PM,15,NO CONTROLS,CLEAR,DAYLIGHT,NOT DIVIDED,DRY,INJURY AND / OR TOW DUE TO CRASH,,FAILING TO YIELD RIGHT-OF-WAY,3245,W,NORTH AVE,,"REPORTED, NOT EVIDENT",0,0,0,15,5,5,41.90997981,-87.70882568
08/17/2022 05:20:00 PM,30,NO CONTROLS,CLEAR,DAYLIGHT,NOT DIVIDED,DRY,NO INJURY / DRIVE AWAY,,FAILING TO REDUCE SPEED TO AVOID CRASH,2232,W,PERSHING RD,,NO INDICATION OF INJURY,0,0,0,17,4,8,41.82314242,-87.68141053
09/28/2021 03:45:00 PM,25,STOP SIGN/FLASHER,CLEAR,DAYLIGHT,NOT DIVIDED,DRY,NO INJURY / DRIVE AWAY,,FAILING TO YIELD RIGHT-OF-WAY,6401,W,59TH ST,,NO INDICATION OF INJURY,0,0,0,15,3,9,41.78490052,-87.78159788
07/22/2021 07:45:00 AM,30,NO CONTROLS,UNKNOWN,DAYLIGHT,NOT DIVIDED,UNKNOWN,INJURY AND / OR TOW DUE TO CRASH,,UNABLE TO DETERMINE,3312,N,CALIFORNIA AVE,Y,INCAPACITATING INJURY,0,1,0,7,5,7,41.94229984,-87.69805989
11/17/2019 01:15:00 AM,30,STOP SIGN/FLASHER,CLEAR,"DARKNESS, LIGHTED ROAD",FOUR WAY,DRY,INJURY AND / OR TOW DUE TO CRASH,Y,DISREGARDING STOP SIGN,3924,S,ARCHER AVE,,NONINCAPACITATING INJURY,0,0,1,1,1,11,41.82240864,-87.69091192
3/2/2021 15:55,30,TRAFFIC SIGNAL,CLEAR,DAYLIGHT,FOUR WAY,DRY,INJURY AND / OR TOW DUE TO CRASH,,FAILING TO YIELD RIGHT-OF-WAY,349,E,35TH ST,,INCAPACITATING INJURY,0,1,0,15,3,3,41.8309925,-87.61735474
08/23/2023 04:25:00 PM,30,NO CONTROLS,CLEAR,DAYLIGHT,NOT DIVIDED,DRY,INJURY AND / OR TOW DUE TO CRASH,,IMPROPER OVERTAKING/PASSING,1011,W,DIVISION ST,,"REPORTED, NOT EVIDENT",0,0,0,16,4,8,41.9034596,-87.65303583
5/12/2019 11:10,35,NO CONTROLS,CLEAR,DAYLIGHT,NOT DIVIDED,DRY,INJURY AND / OR TOW DUE TO CRASH,,UNABLE TO DETERMINE,5020,N,CLARK ST,,INCAPACITATING INJURY,0,1,0,11,1,5,41.97312962,-87.66818023
8/5/2020 23:52,30,NO CONTROLS,CLEAR,"DARKNESS, LIGHTED ROAD",DIVIDED - W/MEDIAN BARRIER,DRY,INJURY AND / OR TOW DUE TO CRASH,Y,UNABLE TO DETERMINE,3300,N,WESTERN AVE,,NONINCAPACITATING INJURY,0,0,1,23,4,8,41.94136669,-87.68837213
7/2/2017 13:45,30,NO CONTROLS,CLEAR,DAYLIGHT,NOT DIVIDED,DRY,INJURY AND / OR TOW DUE TO CRASH,,DISREGARDING ROAD MARKINGS,3759,N,CALIFORNIA AVE,Y,INCAPACITATING INJURY,0,1,0,13,1,7,41.95023716,-87.69798745
9/4/2018 8:29,30,TRAFFIC SIGNAL,CLEAR,DAYLIGHT,NOT DIVIDED,DRY,INJURY AND / OR TOW DUE TO CRASH,,DISREGARDING OTHER TRAFFIC SIGNS,730,N,WELLS ST,,NONINCAPACITATING INJURY,0,0,1,8,3,9,41.89564204,-87.6343236
07/25/2022 03:21:00 PM,30,NO CONTROLS,CLEAR,DAYLIGHT,DIVIDED - W/MEDIAN (NOT RAISED),DRY,INJURY AND / OR TOW DUE TO CRASH,,FAILING TO YIELD RIGHT-OF-WAY,568,W,ROOSEVELT RD,,"REPORTED, NOT EVIDENT",0,0,0,15,2,7,41.86733177,-87.64202947
09/27/2018 07:03:00 PM,30,TRAFFIC SIGNAL,CLEAR,"DARKNESS, LIGHTED ROAD",DIVIDED - W/MEDIAN (NOT RAISED),DRY,INJURY AND / OR TOW DUE TO CRASH,,UNABLE TO DETERMINE,5600,W,SUNNYSIDE AVE,,NONINCAPACITATING INJURY,0,0,1,19,5,9,41.96246249,-87.76736557
09/29/2017 10:15:00 PM,30,TRAFFIC SIGNAL,CLEAR,"DARKNESS, LIGHTED ROAD",DIVIDED - W/MEDIAN (NOT RAISED),DRY,NO INJURY / DRIVE AWAY,,UNABLE TO DETERMINE,425,N,STATE ST,,NO INDICATION OF INJURY,0,0,0,22,6,9,41.89002792,-87.62786035
09/20/2018 07:30:00 AM,30,NO CONTROLS,CLEAR,DAYLIGHT,NOT DIVIDED,DRY,INJURY AND / OR TOW DUE TO CRASH,,FAILING TO YIELD RIGHT-OF-WAY,11500,S,CHURCH ST,,NONINCAPACITATING INJURY,0,0,1,7,5,9,41.68467802,-87.66921312
3/5/2017 14:15,30,NO CONTROLS,CLEAR,DAYLIGHT,PARKING LOT,DRY,NO INJURY / DRIVE AWAY,,DISTRACTION - FROM OUTSIDE VEHICLE,3242,W,ADDISON ST,,NO INDICATION OF INJURY,0,0,0,14,1,3,41.94672077,-87.70945089
10/15/2020 03:00:00 PM,30,NO CONTROLS,CLEAR,DAYLIGHT,NOT DIVIDED,DRY,INJURY AND / OR TOW DUE TO CRASH,,DRIVING SKILLS/KNOWLEDGE/EXPERIENCE,540,W,63RD ST,,NONINCAPACITATING INJURY,0,0,1,15,5,10,41.77995038,-87.6391234
11/26/2017 11:27:00 PM,30,NO CONTROLS,CLEAR,"DARKNESS, LIGHTED ROAD",NOT DIVIDED,DRY,NO INJURY / DRIVE AWAY,,UNABLE TO DETERMINE,3310,W,ADDISON ST,,NO INDICATION OF INJURY,0,0,0,23,1,11,41.94670044,-87.71086358
9/1/2016 9:55,30,STOP SIGN/FLASHER,CLEAR,DAYLIGHT,DIVIDED - W/MEDIAN BARRIER,DRY,INJURY AND / OR TOW DUE TO CRASH,,FAILING TO YIELD RIGHT-OF-WAY,200,E,13TH ST,,NONINCAPACITATING INJURY,0,0,1,9,5,9,41.86591147,-87.62247835
10/16/2019 03:45:00 PM,30,NO CONTROLS,CLEAR,DAYLIGHT,DIVIDED - W/MEDIAN (NOT RAISED),DRY,INJURY AND / OR TOW DUE TO CRASH,,UNABLE TO DETERMINE,6460,N,HARLEM AVE,,NONINCAPACITATING INJURY,0,0,1,15,4,10,41.99859598,-87.80692944
10/30/2016 06:30:00 PM,30,TRAFFIC SIGNAL,CLEAR,DARKNESS,NOT DIVIDED,DRY,INJURY AND / OR TOW DUE TO CRASH,,UNABLE TO DETERMINE,1630,W,FULLERTON AVE,,NONINCAPACITATING INJURY,0,0,1,18,1,10,41.92524665,-87.6692521
7/11/2023 12:19,30,NO CONTROLS,CLEAR,DAYLIGHT,NOT DIVIDED,DRY,INJURY AND / OR TOW DUE TO CRASH,,FAILING TO YIELD RIGHT-OF-WAY,311,E,75TH ST,,NONINCAPACITATING INJURY,0,0,1,12,3,7,41.75825081,-87.61779767