CRASH_DATE,POSTED_SPEED_LIMIT,TRAFFIC_CONTROL_DEVICE,WEATHER_CONDITION,LIGHTING_CONDITION,TRAFFICWAY_TYPE,ROADWAY_SURFACE_COND,CRASH_TYPE,HIT_AND_RUN_I,PRIM_CONTRIBUTORY_CAUSE,STREET_NO,STREET_DIRECTION,STREET_NAME,DOORING_I,MOST_SEVERE_INJURY,INJURIES_FATAL,INJURIES_INCAPACITATING,INJURIES_NON_INCAPACITATING,CRASH_HOUR,CRASH_DAY_OF_WEEK,CRASH_MONTH,LATITUDE,LONGITUDE
10/16/2018 03:00:00 PM,30,NO CONTROLS,CLEAR,DAYLIGHT,DIVIDED - W/MEDIAN (NOT RAISED),DRY,INJURY AND / OR TOW DUE TO CRASH,Y,UNABLE TO DETERMINE,5211,N,PULASKI RD,,NONINCAPACITATING INJURY,0,0,1,15,3,10,41.97590856,-87.72809763
10/16/2019 09:39:00 AM,15,NO CONTROLS,CLOUDY/OVERCAST,DAYLIGHT,ALLEY,DRY,INJURY AND / OR TOW DUE TO CRASH,Y,UNABLE TO DETERMINE,6406,N,WESTERN AVE,,NONINCAPACITATING INJURY,0,0,1,9,4,10,41.99798666,-87.69003855
08/13/2023 12:30:00 PM,30,UNKNOWN,UNKNOWN,DAYLIGHT,NOT DIVIDED,UNKNOWN,NO INJURY / DRIVE AWAY,,UNABLE TO DETERMINE,2722,W,MONTROSE AVE,,NO INDICATION OF INJURY,0,0,0,12,1,8,41.96136839,-87.69704112
10/1/2020 14:15,30,NO CONTROLS,CLEAR,DAYLIGHT,NOT DIVIDED,DRY,INJURY AND / OR TOW DUE TO CRASH,,UNABLE TO DETERMINE,2100,S,HALSTED ST,,NONINCAPACITATING INJURY,0,0,1,14,5,10,41.85392279,-87.64667598
6/12/2023 16:15,20,NO CONTROLS,CLEAR,DAYLIGHT,ALLEY,DRY,INJURY AND / OR TOW DUE TO CRASH,Y,FAILING TO YIELD RIGHT-OF-WAY,4340,W,WELLINGTON AVE,,"REPORTED, NOT EVIDENT",0,0,0,16,2,6,41.93545394,-87.73653864
9/2/2021 6:45,30,TRAFFIC SIGNAL,CLEAR,DAWN,NOT DIVIDED,DRY,INJURY AND / OR TOW DUE TO CRASH,,"VISION OBSCURED (SIGNS, TREE LIMBS, BUILDINGS, ETC.)",2500,W,BELMONT AVE,,NONINCAPACITATING INJURY,0,0,1,6,5,9,41.93954784,-87.69069901
03/23/2023 05:14:00 PM,30,UNKNOWN,UNKNOWN,DAWN,NOT DIVIDED,UNKNOWN,INJURY AND / OR TOW DUE TO CRASH,,UNABLE TO DETERMINE,1841,N,HALSTED ST,,"REPORTED, NOT EVIDENT",0,0,0,17,5,3,41.91497526,-87.64823691
10/19/2021 01:20:00 PM,30,STOP SIGN/FLASHER,CLEAR,DAYLIGHT,NOT DIVIDED,DRY,NO INJURY / DRIVE AWAY,Y,IMPROPER TURNING/NO SIGNAL,1101,N,DAMEN AVE,,NO INDICATION OF INJURY,0,0,0,13,3,10,41.90141908,-87.67706002
10/30/2016 07:30:00 PM,30,UNKNOWN,UNKNOWN,DARKNESS,ONE-WAY,UNKNOWN,NO INJURY / DRIVE AWAY,,NOT APPLICABLE,908,W,SCHOOL ST,Y,NO INDICATION OF INJURY,0,0,0,19,1,10,41.94187336,-87.65250713
5/7/2018 17:30,0,STOP SIGN/FLASHER,CLEAR,DAYLIGHT,NOT DIVIDED,UNKNOWN,NO INJURY / DRIVE AWAY,,UNABLE TO DETERMINE,2121,S,WOOD ST,,NO INDICATION OF INJURY,0,0,0,17,2,5,41.85340056,-87.67082976
09/24/2019 04:15:00 PM,30,TRAFFIC SIGNAL,CLEAR,DAYLIGHT,DIVIDED - W/MEDIAN (NOT RAISED),DRY,INJURY AND / OR TOW DUE TO CRASH,,UNABLE TO DETERMINE,1200,W,BELMONT AVE,,NONINCAPACITATING INJURY,0,0,1,16,3,9,41.93994603,-87.65907762
6/5/2023 15:30,30,NO CONTROLS,CLEAR,DAYLIGHT,ALLEY,DRY,INJURY AND / OR TOW DUE TO CRASH,,FAILING TO YIELD RIGHT-OF-WAY,6324,N,WESTERN AVE,,NONINCAPACITATING INJURY,0,0,1,15,2,6,41.99667686,-87.68999576
09/29/2018 09:45:00 AM,20,NO CONTROLS,CLEAR,DAYLIGHT,NOT DIVIDED,DRY,INJURY AND / OR TOW DUE TO CRASH,,DRIVING SKILLS/KNOWLEDGE/EXPERIENCE,5115,N,DAMEN AVE,Y,NONINCAPACITATING INJURY,0,0,1,9,7,9,41.97521097,-87.67923146
07/28/2017 05:40:00 PM,30,NO CONTROLS,CLEAR,DAYLIGHT,DIVIDED - W/MEDIAN (NOT RAISED),DRY,INJURY AND / OR TOW DUE TO CRASH,,DRIVING ON WRONG SIDE/WRONG WAY,1375,W,LAKE ST,,NONINCAPACITATING INJURY,0,0,1,17,6,7,41.88531974,-87.66166658
06/28/2021 11:52:00 AM,25,STOP SIGN/FLASHER,CLEAR,DAYLIGHT,FOUR WAY,DRY,INJURY AND / OR TOW DUE TO CRASH,,DISREGARDING STOP SIGN,7900,S,PAULINA ST,N,NONINCAPACITATING INJURY,0,0,1,11,2,6,41.75023202,-87.66600826
11/23/2022 05:07:00 PM,20,STOP SIGN/FLASHER,CLEAR,DARKNESS,NOT DIVIDED,DRY,INJURY AND / OR TOW DUE TO CRASH,,UNABLE TO DETERMINE,6759,N,KEOTA AVE,,NONINCAPACITATING INJURY,0,0,1,17,4,11,42.00309874,-87.77011161
5/6/2023 11:55,30,OTHER,RAIN,DAYLIGHT,FOUR WAY,WET,INJURY AND / OR TOW DUE TO CRASH,,UNABLE TO DETERMINE,950,W,CHICAGO AVE,Y,INCAPACITATING INJURY,0,1,0,11,7,5,41.89643361,-87.65181206
07/19/2022 05:40:00 PM,30,TRAFFIC SIGNAL,CLEAR,DAYLIGHT,NOT DIVIDED,DRY,INJURY AND / OR TOW DUE TO CRASH,,DISREGARDING TRAFFIC SIGNALS,1960,N,CLYBOURN AVE,,NONINCAPACITATING INJURY,0,0,1,17,3,7,41.91661434,-87.65768253
3/5/2023 12:53,30,NO CONTROLS,CLEAR,DAYLIGHT,NOT DIVIDED,DRY,INJURY AND / OR TOW DUE TO CRASH,,UNABLE TO DETERMINE,941,W,MONTROSE AVE,,NONINCAPACITATING INJURY,0,0,1,12,1,3,41.96167963,-87.65394896
07/24/2021 04:15:00 PM,30,NO CONTROLS,CLEAR,DAYLIGHT,DIVIDED - W/MEDIAN (NOT RAISED),DRY,NO INJURY / DRIVE AWAY,Y,FOLLOWING TOO CLOSELY,3998,W,MARQUETTE RD,,NO INDICATION OF INJURY,0,0,0,16,7,7,41.77148555,-87.72245642
04/13/2023 12:40:00 PM,30,NO CONTROLS,CLEAR,DAYLIGHT,NOT DIVIDED,DRY,INJURY AND / OR TOW DUE TO CRASH,,UNABLE TO DETERMINE,1868,N,CLYBOURN AVE,,NONINCAPACITATING INJURY,0,0,1,12,5,4,41.91490603,-87.65530054
04/21/2021 01:00:00 PM,10,NO CONTROLS,CLEAR,DAYLIGHT,ALLEY,DRY,NO INJURY / DRIVE AWAY,,UNABLE TO DETERMINE,4122,W,SCHOOL ST,,NO INDICATION OF INJURY,0,0,0,13,4,4,41.94097942,-87.73063189
04/29/2021 08:20:00 AM,30,TRAFFIC SIGNAL,RAIN,DAYLIGHT,DIVIDED - W/MEDIAN (NOT RAISED),WET,NO INJURY / DRIVE AWAY,,DISREGARDING TRAFFIC SIGNALS,6399,N,LEHIGH AVE,,NO INDICATION OF INJURY,0,0,0,8,5,4,41.99735527,-87.76561391
10/5/2016 14:30,30,NO CONTROLS,UNKNOWN,DAYLIGHT,NOT DIVIDED,UNKNOWN,INJURY AND / OR TOW DUE TO CRASH,,UNABLE TO DETERMINE,3428,N,BROADWAY ST,Y,NONINCAPACITATING INJURY,0,0,1,14,4,10,41.94400031,-87.64538831
10/3/2019 7:30,30,STOP SIGN/FLASHER,CLEAR,DAYLIGHT,NOT DIVIDED,DRY,INJURY AND / OR TOW DUE TO CRASH,,DISREGARDING STOP SIGN,4000,S,WESTERN AVE,,NONINCAPACITATING INJURY,0,0,1,7,5,10,41.82100687,-87.68491087
06/26/2018 08:57:00 AM,35,NO CONTROLS,RAIN,DAYLIGHT,NOT DIVIDED,WET,INJURY AND / OR TOW DUE TO CRASH,,FAILING TO YIELD RIGHT-OF-WAY,4425,N,PULASKI RD,Y,INCAPACITATING INJURY,0,1,0,8,3,6,41.96168595,-87.72769942
11/7/2019 7:45,30,TRAFFIC SIGNAL,CLEAR,DAYLIGHT,DIVIDED - W/MEDIAN (NOT RAISED),DRY,INJURY AND / OR TOW DUE TO CRASH,Y,IMPROPER LANE USAGE,984,N,MILWAUKEE AVE,,"REPORTED, NOT EVIDENT",0,0,0,7,5,11,41.89974012,-87.66104748
05/30/2021 12:48:00 PM,30,STOP SIGN/FLASHER,CLEAR,DAYLIGHT,FOUR WAY,DRY,INJURY AND / OR TOW DUE TO CRASH,,DISREGARDING STOP SIGN,3601,W,109TH ST,,NONINCAPACITATING INJURY,0,0,1,12,1,5,41.69496201,-87.71077703
02/20/2018 09:50:00 AM,30,NO CONTROLS,CLEAR,DAYLIGHT,DIVIDED - W/MEDIAN (NOT RAISED),DRY,NO INJURY / DRIVE AWAY,,IMPROPER OVERTAKING/PASSING,1610,W,18TH ST,Y,NO INDICATION OF INJURY,0,0,0,9,3,2,41.85789271,-87.66670162
08/17/2018 11:00:00 PM,30,UNKNOWN,CLEAR,DUSK,NOT DIVIDED,DRY,NO INJURY / DRIVE AWAY,,UNABLE TO DETERMINE,1900,S,ASHLAND AVE,,NO INDICATION OF INJURY,0,0,0,23,6,8,41.85592484,-87.66623983
11/5/2020 11:15,30,NO CONTROLS,CLEAR,DAYLIGHT,DIVIDED - W/MEDIAN (NOT RAISED),DRY,NO INJURY / DRIVE AWAY,,UNABLE TO DETERMINE,5155,W,DIVERSEY AVE,,NO INDICATION OF INJURY,0,0,0,11,5,11,41.93129363,-87.75614183
5/2/2021 0:00,30,TRAFFIC SIGNAL,CLEAR,"DARKNESS, LIGHTED ROAD",FOUR WAY,DRY,NO INJURY / DRIVE AWAY,Y,FAILING TO YIELD RIGHT-OF-WAY,3201,N,CLARK ST,,NO INDICATION OF INJURY,0,0,0,0,1,5,41.94010851,-87.65063419
09/13/2023 08:35:00 AM,30,NO CONTROLS,CLEAR,DAYLIGHT,DIVIDED - W/MEDIAN (NOT RAISED),DRY,NO INJURY / DRIVE AWAY,,FAILING TO YIELD RIGHT-OF-WAY,2656,N,ELSTON AVE,,NO INDICATION OF INJURY,0,0,0,8,4,9,41.929849,-87.68464378
2/5/2020 16:56,30,NO CONTROLS,CLEAR,UNKNOWN,NOT DIVIDED,DRY,NO INJURY / DRIVE AWAY,Y,UNABLE TO DETERMINE,2405,W,AUGUSTA BLVD,,NO INDICATION OF INJURY,0,0,0,16,4,2,41.89926516,-87.68720884
06/16/2022 07:00:00 AM,30,NO CONTROLS,CLEAR,DAYLIGHT,FOUR WAY,DRY,INJURY AND / OR TOW DUE TO CRASH,,UNABLE TO DETERMINE,4400,N,KOSTNER AVE,,NONINCAPACITATING INJURY,0,0,1,7,5,6,41.96091688,-87.73857529
06/16/2021 05:45:00 PM,35,UNKNOWN,CLEAR,DAYLIGHT,NOT DIVIDED,DRY,INJURY AND / OR TOW DUE TO CRASH,Y,UNABLE TO DETERMINE,75,E,51ST ST,,NONINCAPACITATING INJURY,0,0,1,17,4,6,41.80188882,-87.62281925
07/23/2023 03:15:00 PM,30,STOP SIGN/FLASHER,CLEAR,DAYLIGHT,FOUR WAY,DRY,INJURY AND / OR TOW DUE TO CRASH,,UNABLE TO DETERMINE,6200,W,62ND ST,,"REPORTED, NOT EVIDENT",0,0,0,15,1,7,41.77971285,-87.77651168
03/16/2022 11:19:00 PM,30,TRAFFIC SIGNAL,CLEAR,"DARKNESS, LIGHTED ROAD",T-INTERSECTION,DRY,INJURY AND / OR TOW DUE TO CRASH,Y,"OPERATING VEHICLE IN ERRATIC, RECKLESS, CARELESS, NEGLIGENT OR AGGRESSIVE MANNER",1055,W,ROOSEVELT RD,,INCAPACITATING INJURY,0,1,0,23,4,3,41.86694555,-87.65310356
02/26/2022 12:05:00 PM,30,NO CONTROLS,CLEAR,DAYLIGHT,NOT DIVIDED,DRY,INJURY AND / OR TOW DUE TO CRASH,,DRIVING SKILLS/KNOWLEDGE/EXPERIENCE,1007,W,LAWRENCE AVE,,NONINCAPACITATING INJURY,0,0,1,12,7,2,41.96897616,-87.65514085
04/30/2018 07:55:00 PM,30,TRAFFIC SIGNAL,CLEAR,DUSK,NOT DIVIDED,DRY,NO INJURY / DRIVE AWAY,,IMPROPER LANE USAGE,1601,N,ASHLAND AVE,,NO INDICATION OF INJURY,0,0,0,19,2,4,41.91072332,-87.66754696
11/22/2022 09:00:00 PM,30,TRAFFIC SIGNAL,CLEAR,"DARKNESS, LIGHTED ROAD",FOUR WAY,DRY,INJURY AND / OR TOW DUE TO CRASH,,DISREGARDING TRAFFIC SIGNALS,150,N,WELLS ST,,NONINCAPACITATING INJURY,0,0,1,21,3,11,41.88449841,-87.63404285
6/11/2022 21:30,35,NO CONTROLS,CLEAR,"DARKNESS, LIGHTED ROAD",DIVIDED - W/MEDIAN (NOT RAISED),DRY,INJURY AND / OR TOW DUE TO CRASH,Y,UNABLE TO DETERMINE,7700,S,STONY ISLAND AVE,,NONINCAPACITATING INJURY,0,0,1,21,7,6,41.75502769,-87.58626952
8/10/2021 18:16,30,TRAFFIC SIGNAL,CLEAR,DAYLIGHT,NOT DIVIDED,DRY,INJURY AND / OR TOW DUE TO CRASH,,DISREGARDING TRAFFIC SIGNALS,3193,W,BELMONT AVE,,NONINCAPACITATING INJURY,0,0,1,18,3,8,41.93922151,-87.70766843
8/2/2022 14:45,30,TRAFFIC SIGNAL,CLEAR,DAYLIGHT,NOT DIVIDED,DRY,NO INJURY / DRIVE AWAY,,DRIVING SKILLS/KNOWLEDGE/EXPERIENCE,5459,S,ST LOUIS AVE,,NO INDICATION OF INJURY,0,0,0,14,3,8,41.79345115,-87.71075485
7/11/2017 15:00,30,NO CONTROLS,CLEAR,DAYLIGHT,NOT DIVIDED,DRY,NO INJURY / DRIVE AWAY,Y,UNABLE TO DETERMINE,5805,W,HIGGINS AVE,,NO INDICATION OF INJURY,0,0,0,15,3,7,41.97184761,-87.77368286
10/21/2017 08:42:00 AM,30,NO CONTROLS,CLEAR,DAYLIGHT,OTHER,DRY,INJURY AND / OR TOW DUE TO CRASH,,DRIVING SKILLS/KNOWLEDGE/EXPERIENCE,826,W,111TH ST,,"REPORTED, NOT EVIDENT",0,0,0,8,7,10,41.69245302,-87.64353767
06/15/2020 04:00:00 PM,30,TRAFFIC SIGNAL,CLEAR,DAYLIGHT,FOUR WAY,UNKNOWN,INJURY AND / OR TOW DUE TO CRASH,,UNABLE TO DETERMINE,2399,N,WESTERN AVE,,NONINCAPACITATING INJURY,0,0,1,16,2,6,41.92486539,-87.68749357
11/6/2023 8:00,30,NO CONTROLS,CLEAR,DAYLIGHT,NOT DIVIDED,DRY,INJURY AND / OR TOW DUE TO CRASH,Y,UNABLE TO DETERMINE,5216,N,KEDZIE AVE,,NONINCAPACITATING INJURY,0,0,1,8,2,11,41.97629084,-87.70884079
5/6/2023 15:30,30,NO CONTROLS,CLEAR,DAYLIGHT,NOT DIVIDED,DRY,NO INJURY / DRIVE AWAY,,NOT APPLICABLE,1801,W,MONTROSE AVE,,NO INDICATION OF INJURY,0,0,0,15,7,5,41.96140741,-87.67455545
08/30/2019 11:28:00 AM,30,STOP SIGN/FLASHER,CLEAR,DAYLIGHT,DIVIDED - W/MEDIAN (NOT RAISED),DRY,INJURY AND / OR TOW DUE TO CRASH,Y,FAILING TO YIELD RIGHT-OF-WAY,4901,N,KEDZIE AVE,,NONINCAPACITATING INJURY,0,0,1,11,6,8,41.97036499,-87.70838333
10/6/2021 9:00,30,NO CONTROLS,CLOUDY/OVERCAST,DAYLIGHT,UNKNOWN INTERSECTION TYPE,DRY,INJURY AND / OR TOW DUE TO CRASH,,UNABLE TO DETERMINE,2100,S,HALSTED ST,,NONINCAPACITATING INJURY,0,0,1,9,4,10,41.85392279,-87.64667598
5/6/2023 12:30,25,UNKNOWN,CLEAR,DAYLIGHT,NOT DIVIDED,DRY,NO INJURY / DRIVE AWAY,Y,FAILING TO YIELD RIGHT-OF-WAY,3721,W,13TH ST,,NO INDICATION OF INJURY,0,0,0,12,7,5,41.86431552,-87.7187169
10/3/2022 21:00,30,TRAFFIC SIGNAL,CLEAR,"DARKNESS, LIGHTED ROAD",NOT DIVIDED,DRY,NO INJURY / DRIVE AWAY,,UNABLE TO DETERMINE,1200,S,STATE ST,,NO INDICATION OF INJURY,0,0,0,21,2,10,41.86733051,-87.62756602
10/3/2019 15:57,30,STOP SIGN/FLASHER,CLEAR,DAWN,NOT DIVIDED,DRY,INJURY AND / OR TOW DUE TO CRASH,,FAILING TO REDUCE SPEED TO AVOID CRASH,2929,W,DEVON AVE,,NONINCAPACITATING INJURY,0,0,1,15,5,10,41.99738825,-87.70323053
09/23/2015 07:53:00 AM,30,TRAFFIC SIGNAL,CLEAR,DAYLIGHT,NOT DIVIDED,DRY,NO INJURY / DRIVE AWAY,,FAILING TO YIELD RIGHT-OF-WAY,2000,E,79TH ST,,NO INDICATION OF INJURY,0,0,0,7,4,9,41.75171656,-87.57592307
10/2/2021 12:30,25,STOP SIGN/FLASHER,CLEAR,DAYLIGHT,T-INTERSECTION,DRY,NO INJURY / DRIVE AWAY,,DISREGARDING STOP SIGN,3000,W,83RD ST,N,NO INDICATION OF INJURY,0,0,0,12,7,10,41.74268618,-87.69737079
6/5/2022 20:44,35,TRAFFIC SIGNAL,CLEAR,"DARKNESS, LIGHTED ROAD",FOUR WAY,DRY,NO INJURY / DRIVE AWAY,,FAILING TO YIELD RIGHT-OF-WAY,7200,W,TALCOTT AVE,,NO INDICATION OF INJURY,0,0,0,20,1,6,41.98598084,-87.80690787
07/28/2018 03:15:00 PM,30,UNKNOWN,CLEAR,DAYLIGHT,DIVIDED - W/MEDIAN BARRIER,UNKNOWN,NO INJURY / DRIVE AWAY,,IMPROPER TURNING/NO SIGNAL,800,S,CLARK ST,,NO INDICATION OF INJURY,0,0,0,15,7,7,41.8721644,-87.63075578
1/7/2021 16:58,30,NO CONTROLS,CLEAR,"DARKNESS, LIGHTED ROAD",NOT DIVIDED,DRY,NO INJURY / DRIVE AWAY,,FAILING TO REDUCE SPEED TO AVOID CRASH,3700,W,ARMITAGE AVE,,NO INDICATION OF INJURY,0,0,0,16,5,1,41.91736186,-87.71928258
7/5/2019 22:25,30,NO CONTROLS,CLEAR,"DARKNESS, LIGHTED ROAD",NOT DIVIDED,DRY,NO INJURY / DRIVE AWAY,N,IMPROPER OVERTAKING/PASSING,428,N,STATE ST,,NO INDICATION OF INJURY,0,0,0,22,6,7,41.89002141,-87.62815402
2/1/2017 15:00,30,NO CONTROLS,CLEAR,DAWN,ONE-WAY,DRY,INJURY AND / OR TOW DUE TO CRASH,,UNABLE TO DETERMINE,1600,N,MELVINA AVE,,"REPORTED, NOT EVIDENT",0,0,0,15,4,2,41.90928524,-87.78025811
08/25/2019 05:08:00 PM,25,TRAFFIC SIGNAL,CLEAR,DAYLIGHT,FOUR WAY,DRY,INJURY AND / OR TOW DUE TO CRASH,,FAILING TO YIELD RIGHT-OF-WAY,2800,W,DIVISION ST,,"REPORTED, NOT EVIDENT",0,0,0,17,1,8,41.90303477,-87.69694534
10/2/2017 11:58,30,NO CONTROLS,CLEAR,DAYLIGHT,DIVIDED - W/MEDIAN (NOT RAISED),DRY,INJURY AND / OR TOW DUE TO CRASH,,IMPROPER TURNING/NO SIGNAL,3699,N,NARRAGANSETT AVE,,NONINCAPACITATING INJURY,0,0,1,11,2,10,41.94744128,-87.78617493
07/28/2022 08:25:00 PM,20,STOP SIGN/FLASHER,CLEAR,"DARKNESS, LIGHTED ROAD",ONE-WAY,DRY,INJURY AND / OR TOW DUE TO CRASH,,UNABLE TO DETERMINE,7600,S,MARSHFIELD AVE,,NONINCAPACITATING INJURY,0,0,1,20,5,7,41.75570364,-87.66493262
09/20/2019 07:00:00 PM,30,NO CONTROLS,CLEAR,"DARKNESS, LIGHTED ROAD",NOT DIVIDED,DRY,INJURY AND / OR TOW DUE TO CRASH,,UNABLE TO DETERMINE,708,W,BELMONT AVE,Y,NONINCAPACITATING INJURY,0,0,1,19,6,9,41.9401198,-87.64726166
11/3/2015 18:00,30,NO CONTROLS,CLEAR,DAYLIGHT,NOT DIVIDED,DRY,NO INJURY / DRIVE AWAY,,FAILING TO YIELD RIGHT-OF-WAY,2957,N,MILWAUKEE AVE,Y,NO INDICATION OF INJURY,0,0,0,18,3,11,41.93507028,-87.71701246
09/13/2016 06:30:00 AM,30,STOP SIGN/FLASHER,CLEAR,DAWN,DIVIDED - W/MEDIAN BARRIER,DRY,NO INJURY / DRIVE AWAY,,DISREGARDING OTHER TRAFFIC SIGNS,2301,S,DR MARTIN LUTHER KING JR DR,,NO INDICATION OF INJURY,0,0,0,6,3,9,41.85119984,-87.61881948
06/24/2021 01:05:00 PM,30,TRAFFIC SIGNAL,CLOUDY/OVERCAST,DAYLIGHT,NOT DIVIDED,DRY,INJURY AND / OR TOW DUE TO CRASH,,IMPROPER TURNING/NO SIGNAL,3159,W,BRYN MAWR AVE,,NONINCAPACITATING INJURY,0,0,1,13,5,6,41.98295941,-87.70877488
9/1/2022 14:00,30,STOP SIGN/FLASHER,UNKNOWN,DAYLIGHT,NOT DIVIDED,DRY,INJURY AND / OR TOW DUE TO CRASH,Y,DISREGARDING STOP SIGN,731,N,MILWAUKEE AVE,,NONINCAPACITATING INJURY,0,0,1,14,5,9,41.89498192,-87.6532391
11/25/2017 09:27:00 PM,30,NO CONTROLS,CLEAR,"DARKNESS, LIGHTED ROAD",DIVIDED - W/MEDIAN (NOT RAISED),DRY,NO INJURY / DRIVE AWAY,Y,IMPROPER LANE USAGE,3737,W,NORTH AVE,Y,NO INDICATION OF INJURY,0,0,0,21,7,11,41.90983051,-87.72066558
10/6/2023 8:10,30,STOP SIGN/FLASHER,CLEAR,DAYLIGHT,NOT DIVIDED,DRY,INJURY AND / OR TOW DUE TO CRASH,,UNABLE TO DETERMINE,3930,N,PULASKI RD,,NONINCAPACITATING INJURY,0,0,1,8,6,10,41.95276555,-87.72773669
11/26/2022 12:51:00 PM,30,TRAFFIC SIGNAL,CLEAR,DAYLIGHT,DIVIDED - W/MEDIAN (NOT RAISED),DRY,NO INJURY / DRIVE AWAY,Y,DISREGARDING OTHER TRAFFIC SIGNS,800,N,OAKLEY BLVD,,NO INDICATION OF INJURY,0,0,0,12,7,11,41.89582908,-87.68454473
08/24/2018 06:50:00 PM,20,STOP SIGN/FLASHER,CLEAR,DUSK,OTHER,DRY,INJURY AND / OR TOW DUE TO CRASH,,FAILING TO YIELD RIGHT-OF-WAY,2300,W,BERWYN AVE,,NONINCAPACITATING INJURY,0,0,1,18,6,8,41.97785374,-87.68688172
06/26/2018 05:02:00 PM,30,NO CONTROLS,CLEAR,DAYLIGHT,DIVIDED - W/MEDIAN BARRIER,DRY,NO INJURY / DRIVE AWAY,,UNABLE TO DETERMINE,6255,N,CLARK ST,Y,NO INDICATION OF INJURY,0,0,0,17,3,6,41.99608013,-87.67006152
9/12/2021 16:32,30,STOP SIGN/FLASHER,CLEAR,DAYLIGHT,TRAFFIC ROUTE,DRY,NO INJURY / DRIVE AWAY,Y,IMPROPER LANE USAGE,802,W,CHICAGO AVE,,NO INDICATION OF INJURY,0,0,0,16,1,9,41.89651508,-87.64791663
5/2/2023 19:06,30,STOP SIGN/FLASHER,CLEAR,DUSK,T-INTERSECTION,DRY,INJURY AND / OR TOW DUE TO CRASH,,FAILING TO REDUCE SPEED TO AVOID CRASH,7342,N,ROGERS AVE,,NONINCAPACITATING INJURY,0,0,1,19,3,5,42.01473735,-87.67826591
01/29/2018 11:30:00 AM,25,NO CONTROLS,OTHER,DAYLIGHT,ONE-WAY,WET,NO INJURY / DRIVE AWAY,,UNABLE TO DETERMINE,206,E,GRAND AVE,,NO INDICATION OF INJURY,0,0,0,11,2,1,41.89187568,-87.62237086
09/24/2022 07:10:00 PM,30,TRAFFIC SIGNAL,CLEAR,"DARKNESS, LIGHTED ROAD",FOUR WAY,DRY,INJURY AND / OR TOW DUE TO CRASH,Y,UNABLE TO DETERMINE,420,N,ORLEANS ST,,NONINCAPACITATING INJURY,0,0,1,19,7,9,41.88989946,-87.6371273
8/3/2019 20:18,30,NO CONTROLS,CLEAR,"DARKNESS, LIGHTED ROAD",NOT DIVIDED,DRY,INJURY AND / OR TOW DUE TO CRASH,,NOT APPLICABLE,6943,S,WENTWORTH AVE,,NONINCAPACITATING INJURY,0,0,2,20,7,8,41.76780169,-87.62968795
8/6/2019 21:05,30,TRAFFIC SIGNAL,CLEAR,"DARKNESS, LIGHTED ROAD",NOT DIVIDED,DRY,INJURY AND / OR TOW DUE TO CRASH,,DISREGARDING TRAFFIC SIGNALS,2400,W,CHICAGO AVE,,NONINCAPACITATING INJURY,0,0,1,21,3,8,41.89585104,-87.68696894
4/7/2021 16:30,30,TRAFFIC SIGNAL,CLEAR,DAYLIGHT,FOUR WAY,DRY,INJURY AND / OR TOW DUE TO CRASH,,"VISION OBSCURED (SIGNS, TREE LIMBS, BUILDINGS, ETC.)",1700,N,DAMEN AVE,,NONINCAPACITATING INJURY,0,0,1,16,4,4,41.91234422,-87.67765394
5/10/2023 13:55,30,STOP SIGN/FLASHER,CLEAR,DAYLIGHT,T-INTERSECTION,DRY,NO INJURY / DRIVE AWAY,Y,FOLLOWING TOO CLOSELY,699,S,PULASKI RD,,NO INDICATION OF INJURY,0,0,0,13,4,5,41.87255518,-87.72525379
02/25/2019 11:45:00 AM,15,NO CONTROLS,CLEAR,DAYLIGHT,NOT DIVIDED,DRY,INJURY AND / OR TOW DUE TO CRASH,,IMPROPER OVERTAKING/PASSING,1818,W,CORTLAND ST,Y,NONINCAPACITATING INJURY,0,0,1,11,2,2,41.91612314,-87.67353754
9/8/2016 17:55,30,NO CONTROLS,CLEAR,DUSK,NOT DIVIDED,DRY,NO INJURY / DRIVE AWAY,,UNABLE TO DETERMINE,528,E,ILLINOIS ST,,NO INDICATION OF INJURY,0,0,0,17,5,9,41.89122735,-87.61379064
07/13/2020 12:35:00 PM,30,TRAFFIC SIGNAL,CLEAR,DAYLIGHT,CENTER TURN LANE,DRY,NO INJURY / DRIVE AWAY,,UNABLE TO DETERMINE,2000,W,MADISON ST,,NO INDICATION OF INJURY,0,0,0,12,2,7,41.88142259,-87.67670648
10/5/2019 19:30,30,TRAFFIC SIGNAL,CLEAR,"DARKNESS, LIGHTED ROAD",NOT DIVIDED,WET,INJURY AND / OR TOW DUE TO CRASH,,FAILING TO YIELD RIGHT-OF-WAY,2196,N,ELSTON AVE,,NONINCAPACITATING INJURY,0,0,1,19,7,10,41.92131274,-87.67228204
9/12/2021 15:51,30,STOP SIGN/FLASHER,CLEAR,DAYLIGHT,NOT DIVIDED,UNKNOWN,INJURY AND / OR TOW DUE TO CRASH,,IMPROPER OVERTAKING/PASSING,3458,N,HALSTED ST,,"REPORTED, NOT EVIDENT",0,0,0,15,1,9,41.9454116,-87.64957509
10/6/2018 17:10,30,NO CONTROLS,CLEAR,DAYLIGHT,NOT DIVIDED,DRY,INJURY AND / OR TOW DUE TO CRASH,,UNABLE TO DETERMINE,2031,N,DAMEN AVE,Y,NONINCAPACITATING INJURY,0,0,1,17,7,10,41.91874818,-87.6775087