CRASH_DATE,POSTED_SPEED_LIMIT,TRAFFIC_CONTROL_DEVICE,WEATHER_CONDITION,LIGHTING_CONDITION,TRAFFICWAY_TYPE,ROADWAY_SURFACE_COND,CRASH_TYPE,HIT_AND_RUN_I,PRIM_CONTRIBUTORY_CAUSE,STREET_NO,STREET_DIRECTION,STREET_NAME,DOORING_I,MOST_SEVERE_INJURY,INJURIES_FATAL,INJURIES_INCAPACITATING,INJURIES_NON_INCAPACITATING,CRASH_HOUR,CRASH_DAY_OF_WEEK,CRASH_MONTH,LATITUDE,LONGITUDE
6/6/2021 1:35,30,NO CONTROLS,CLEAR,"DARKNESS, LIGHTED ROAD",NOT DIVIDED,DRY,NO INJURY / DRIVE AWAY,Y,DISREGARDING ROAD MARKINGS,3912,N,CLARENDON AVE,,NO INDICATION OF INJURY,0,0,0,1,1,6,41.95321272,-87.64981628
06/15/2022 07:57:00 AM,30,STOP SIGN/FLASHER,CLEAR,DAYLIGHT,NOT DIVIDED,DRY,INJURY AND / OR TOW DUE TO CRASH,,UNABLE TO DETERMINE,1700,W,GRACE ST,,NONINCAPACITATING INJURY,0,0,1,7,4,6,41.95071701,-87.67145057
07/17/2023 10:51:00 PM,30,NO CONTROLS,CLEAR,"DARKNESS, LIGHTED ROAD",NOT DIVIDED,DRY,INJURY AND / OR TOW DUE TO CRASH,N,IMPROPER LANE USAGE,2715,W,HARRISON ST,,NONINCAPACITATING INJURY,0,0,1,22,2,7,41.873699,-87.69432297
11/16/2019 02:36:00 PM,35,TRAFFIC SIGNAL,CLEAR,DAYLIGHT,T-INTERSECTION,DRY,NO INJURY / DRIVE AWAY,,DISREGARDING OTHER TRAFFIC SIGNS,3611,W,ROOSEVELT RD,,NO INDICATION OF INJURY,0,0,0,14,7,11,41.86617701,-87.71590139
04/25/2017 07:00:00 PM,30,NO CONTROLS,CLEAR,DUSK,NOT DIVIDED,DRY,INJURY AND / OR TOW DUE TO CRASH,,HAD BEEN DRINKING (USE WHEN ARREST IS NOT MADE),224,W,75TH ST,,INCAPACITATING INJURY,0,1,0,19,3,4,41.7582464,-87.63076605
8/10/2023 15:00,30,OTHER,CLEAR,DAYLIGHT,PARKING LOT,DRY,INJURY AND / OR TOW DUE TO CRASH,Y,FAILING TO YIELD RIGHT-OF-WAY,2350,N,CENTRAL AVE,,NONINCAPACITATING INJURY,0,0,1,15,5,8,41.92366106,-87.76612552
09/27/2023 12:35:00 PM,30,NO CONTROLS,CLEAR,DAYLIGHT,NOT DIVIDED,DRY,INJURY AND / OR TOW DUE TO CRASH,,IMPROPER TURNING/NO SIGNAL,3719,N,HALSTED ST,,NONINCAPACITATING INJURY,0,0,1,12,4,9,41.94967338,-87.64941342
8/12/2017 13:45,30,STOP SIGN/FLASHER,CLEAR,DAYLIGHT,DIVIDED - W/MEDIAN (NOT RAISED),DRY,NO INJURY / DRIVE AWAY,,UNABLE TO DETERMINE,318,N,HALSTED ST,,NO INDICATION OF INJURY,0,0,0,13,7,8,41.88735909,-87.64767071
05/29/2018 07:19:00 PM,30,TRAFFIC SIGNAL,CLEAR,DAYLIGHT,NOT DIVIDED,DRY,NO INJURY / DRIVE AWAY,Y,DRIVING SKILLS/KNOWLEDGE/EXPERIENCE,4001,W,IRVING PARK RD,,NO INDICATION OF INJURY,0,0,0,19,3,5,41.95353736,-87.72769519
8/9/2020 16:50,30,NO CONTROLS,CLEAR,DAYLIGHT,NOT DIVIDED,DRY,INJURY AND / OR TOW DUE TO CRASH,,UNABLE TO DETERMINE,4901,N,AUSTIN AVE,,NONINCAPACITATING INJURY,0,0,1,16,1,8,41.97039271,-87.77813932
3/2/2018 16:05,30,NO CONTROLS,CLEAR,DAYLIGHT,NOT DIVIDED,DRY,INJURY AND / OR TOW DUE TO CRASH,,DISTRACTION - FROM OUTSIDE VEHICLE,1332,W,MORSE AVE,,NONINCAPACITATING INJURY,0,0,1,16,6,3,42.00803443,-87.66507431
08/25/2021 09:25:00 AM,35,STOP SIGN/FLASHER,CLEAR,DAYLIGHT,ONE-WAY,DRY,INJURY AND / OR TOW DUE TO CRASH,,FAILING TO YIELD RIGHT-OF-WAY,12400,S,EMERALD AVE,,NONINCAPACITATING INJURY,0,0,1,9,4,8,41.6686356,-87.64054792
07/13/2022 06:54:00 PM,30,NO CONTROLS,CLEAR,DAYLIGHT,FOUR WAY,DRY,NO INJURY / DRIVE AWAY,,FAILING TO REDUCE SPEED TO AVOID CRASH,6259,W,DIVERSEY AVE,,NO INDICATION OF INJURY,0,0,0,18,4,7,41.93092779,-87.78319506
8/12/2022 17:40,30,STOP SIGN/FLASHER,CLEAR,DUSK,ONE-WAY,DRY,INJURY AND / OR TOW DUE TO CRASH,,UNABLE TO DETERMINE,5200,W,BYRON ST,,NONINCAPACITATING INJURY,0,0,1,17,6,8,41.95156035,-87.75721614
6/7/2019 19:00,30,NO CONTROLS,CLEAR,DAYLIGHT,NOT DIVIDED,DRY,NO INJURY / DRIVE AWAY,,FAILING TO YIELD RIGHT-OF-WAY,333,S,HALSTED ST,,NO INDICATION OF INJURY,0,0,0,19,6,6,41.87695338,-87.64706347
06/18/2018 06:18:00 AM,30,NO CONTROLS,CLEAR,DAYLIGHT,DIVIDED - W/MEDIAN (NOT RAISED),DRY,INJURY AND / OR TOW DUE TO CRASH,,UNABLE TO DETERMINE,6447,W,GRAND AVE,,NONINCAPACITATING INJURY,0,0,1,6,2,6,41.92303851,-87.78720913
06/15/2018 02:45:00 PM,30,NO CONTROLS,CLEAR,DAYLIGHT,NOT DIVIDED,DRY,INJURY AND / OR TOW DUE TO CRASH,,UNABLE TO DETERMINE,2213,W,FOSTER AVE,Y,NONINCAPACITATING INJURY,0,0,1,14,6,6,41.97584401,-87.68486417
2/2/2023 17:15,30,UNKNOWN,UNKNOWN,UNKNOWN,FOUR WAY,UNKNOWN,INJURY AND / OR TOW DUE TO CRASH,Y,UNABLE TO DETERMINE,600,N,ORLEANS ST,,"REPORTED, NOT EVIDENT",0,0,0,17,5,2,41.89241067,-87.63720268
10/10/2023 5:20,30,TRAFFIC SIGNAL,CLEAR,DUSK,FOUR WAY,DRY,INJURY AND / OR TOW DUE TO CRASH,,FAILING TO YIELD RIGHT-OF-WAY,9499,S,WESTERN AVE,,NONINCAPACITATING INJURY,0,0,1,5,3,10,41.72103219,-87.68192139
10/4/2021 11:10,30,NO CONTROLS,UNKNOWN,DAYLIGHT,NOT DIVIDED,UNKNOWN,INJURY AND / OR TOW DUE TO CRASH,Y,UNABLE TO DETERMINE,347,S,LARAMIE AVE,,INCAPACITATING INJURY,0,1,0,11,2,10,41.87530437,-87.75472746
03/30/2018 11:05:00 AM,30,NO CONTROLS,CLEAR,DAYLIGHT,ALLEY,DRY,NO INJURY / DRIVE AWAY,,NOT APPLICABLE,5400,W,WELLINGTON AVE,,NO INDICATION OF INJURY,0,0,0,11,6,3,41.93509838,-87.76152853
08/30/2019 02:46:00 PM,30,STOP SIGN/FLASHER,CLEAR,DAYLIGHT,NOT DIVIDED,DRY,INJURY AND / OR TOW DUE TO CRASH,,UNABLE TO DETERMINE,937,W,ARMITAGE AVE,Y,"REPORTED, NOT EVIDENT",0,0,0,14,6,8,41.9180096,-87.65237783
07/31/2019 11:14:00 PM,30,NO CONTROLS,CLEAR,"DARKNESS, LIGHTED ROAD",DIVIDED - W/MEDIAN (NOT RAISED),DRY,INJURY AND / OR TOW DUE TO CRASH,,DRIVING ON WRONG SIDE/WRONG WAY,4915,W,AUGUSTA BLVD,,INCAPACITATING INJURY,0,1,0,23,4,7,41.89853919,-87.74899356
01/23/2016 02:10:00 PM,30,NO CONTROLS,CLEAR,DAYLIGHT,NOT DIVIDED,DRY,NO INJURY / DRIVE AWAY,,FAILING TO YIELD RIGHT-OF-WAY,550,W,KINZIE ST,Y,NO INDICATION OF INJURY,0,0,0,14,7,1,41.889163,-87.6417599
7/5/2022 20:15,30,NO CONTROLS,CLEAR,"DARKNESS, LIGHTED ROAD",NOT DIVIDED,DRY,NO INJURY / DRIVE AWAY,Y,UNABLE TO DETERMINE,1047,W,BELMONT AVE,,NO INDICATION OF INJURY,0,0,0,20,3,7,41.93977239,-87.65596817
9/2/2021 17:35,30,NO CONTROLS,CLEAR,DAYLIGHT,ONE-WAY,DRY,INJURY AND / OR TOW DUE TO CRASH,,UNABLE TO DETERMINE,5842,N,WINTHROP AVE,,NONINCAPACITATING INJURY,0,0,1,17,5,9,41.98849573,-87.65831331
07/31/2018 10:50:00 AM,30,NO CONTROLS,CLEAR,DAYLIGHT,ONE-WAY,DRY,INJURY AND / OR TOW DUE TO CRASH,,UNABLE TO DETERMINE,11,E,MONROE ST,Y,INCAPACITATING INJURY,0,1,0,10,3,7,41.88066228,-87.62730164
11/2/2017 20:20,25,STOP SIGN/FLASHER,RAIN,DARKNESS,DIVIDED - W/MEDIAN (NOT RAISED),WET,INJURY AND / OR TOW DUE TO CRASH,,DISREGARDING STOP SIGN,1900,S,CALIFORNIA AVE,,INCAPACITATING INJURY,0,1,0,20,5,11,41.85553352,-87.69571496
10/24/2021 05:05:00 PM,30,NO CONTROLS,RAIN,"DARKNESS, LIGHTED ROAD",Y-INTERSECTION,WET,INJURY AND / OR TOW DUE TO CRASH,,WEATHER,3901,N,MILWAUKEE AVE,,NONINCAPACITATING INJURY,0,0,1,17,1,10,41.95168893,-87.74427445
2/10/2023 15:58,35,STOP SIGN/FLASHER,CLEAR,DAYLIGHT,NOT DIVIDED,DRY,NO INJURY / DRIVE AWAY,Y,IMPROPER OVERTAKING/PASSING,2,W,CHICAGO AVE,,NO INDICATION OF INJURY,0,0,0,15,6,2,41.89678605,-87.62828088
05/24/2023 03:45:00 PM,30,NO CONTROLS,CLEAR,DAYLIGHT,DIVIDED - W/MEDIAN (NOT RAISED),DRY,INJURY AND / OR TOW DUE TO CRASH,,FAILING TO YIELD RIGHT-OF-WAY,4799,N,MANOR AVE,,NONINCAPACITATING INJURY,0,0,1,15,4,5,41.96847867,-87.70273633
9/5/2018 18:55,25,STOP SIGN/FLASHER,RAIN,DAYLIGHT,ONE-WAY,WET,INJURY AND / OR TOW DUE TO CRASH,,WEATHER,1500,W,WINONA ST,,"REPORTED, NOT EVIDENT",0,0,0,18,4,9,41.97537793,-87.66840509
8/2/2020 11:30,30,TRAFFIC SIGNAL,UNKNOWN,DAYLIGHT,DIVIDED - W/MEDIAN (NOT RAISED),UNKNOWN,INJURY AND / OR TOW DUE TO CRASH,Y,UNABLE TO DETERMINE,4351,N,ELSTON AVE,,INCAPACITATING INJURY,0,1,0,11,1,8,41.9597925,-87.72783184
06/26/2020 04:16:00 PM,30,NO CONTROLS,RAIN,DAWN,ONE-WAY,WET,INJURY AND / OR TOW DUE TO CRASH,,FAILING TO YIELD RIGHT-OF-WAY,4416,N,MOZART ST,,NONINCAPACITATING INJURY,0,0,1,16,6,6,41.96178384,-87.69985144
06/29/2018 02:18:00 PM,30,NO CONTROLS,CLEAR,DAYLIGHT,NOT DIVIDED,DRY,INJURY AND / OR TOW DUE TO CRASH,Y,DISTRACTION - FROM INSIDE VEHICLE,956,W,ADDISON ST,Y,NONINCAPACITATING INJURY,0,0,1,14,6,6,41.94735704,-87.65418928
10/20/2023 04:20:00 PM,30,NO CONTROLS,CLEAR,DAYLIGHT,NOT DIVIDED,DRY,INJURY AND / OR TOW DUE TO CRASH,Y,UNABLE TO DETERMINE,1531,W,TAYLOR ST,Y,INCAPACITATING INJURY,0,1,0,16,6,10,41.86917024,-87.66538447
8/7/2018 13:00,30,TRAFFIC SIGNAL,CLEAR,DAYLIGHT,NOT DIVIDED,DRY,INJURY AND / OR TOW DUE TO CRASH,Y,FAILING TO YIELD RIGHT-OF-WAY,1300,N,CLARK ST,,NONINCAPACITATING INJURY,0,0,1,13,3,8,41.90588039,-87.63165813
10/8/2020 14:32,15,NO CONTROLS,CLEAR,DAYLIGHT,ONE-WAY,DRY,INJURY AND / OR TOW DUE TO CRASH,Y,NOT APPLICABLE,603,W,BARRY AVE,Y,NONINCAPACITATING INJURY,0,0,1,14,5,10,41.93779056,-87.64452915
06/30/2018 07:35:00 PM,20,STOP SIGN/FLASHER,CLEAR,DUSK,ONE-WAY,DRY,INJURY AND / OR TOW DUE TO CRASH,,FAILING TO REDUCE SPEED TO AVOID CRASH,3532,N,MOBILE AVE,,NONINCAPACITATING INJURY,0,0,1,19,7,6,41.94487921,-87.78392447
09/13/2018 03:35:00 PM,30,NO CONTROLS,CLEAR,DAYLIGHT,NOT DIVIDED,DRY,INJURY AND / OR TOW DUE TO CRASH,,UNABLE TO DETERMINE,712,W,35TH ST,Y,NONINCAPACITATING INJURY,0,0,1,15,5,9,41.83088353,-87.64424022
9/1/2021 20:08,30,TRAFFIC SIGNAL,CLEAR,"DARKNESS, LIGHTED ROAD",DIVIDED - W/MEDIAN (NOT RAISED),DRY,INJURY AND / OR TOW DUE TO CRASH,,DRIVING SKILLS/KNOWLEDGE/EXPERIENCE,3149,W,BRYN MAWR AVE,,NONINCAPACITATING INJURY,0,0,1,20,4,9,41.98296352,-87.70846961
03/19/2022 05:48:00 PM,15,NO CONTROLS,RAIN,DAYLIGHT,NOT DIVIDED,WET,NO INJURY / DRIVE AWAY,,FAILING TO YIELD RIGHT-OF-WAY,4947,S,WOLCOTT AVE,,NO INDICATION OF INJURY,0,0,0,17,7,3,41.80349062,-87.67198093
07/13/2023 08:00:00 AM,30,TRAFFIC SIGNAL,CLEAR,DAYLIGHT,FOUR WAY,DRY,INJURY AND / OR TOW DUE TO CRASH,,UNABLE TO DETERMINE,1600,N,DAMEN AVE,,"REPORTED, NOT EVIDENT",0,0,0,8,5,7,41.91058842,-87.67764382
1/4/2016 15:45,30,TRAFFIC SIGNAL,CLEAR,"DARKNESS, LIGHTED ROAD",NOT DIVIDED,UNKNOWN,NO INJURY / DRIVE AWAY,,UNABLE TO DETERMINE,5000,W,BELMONT AVE,,NO INDICATION OF INJURY,0,0,0,15,2,1,41.93887227,-87.75191489
7/4/2020 13:00,30,NO CONTROLS,CLEAR,DAYLIGHT,NOT DIVIDED,DRY,INJURY AND / OR TOW DUE TO CRASH,,UNABLE TO DETERMINE,1440,N,WELLS ST,Y,NONINCAPACITATING INJURY,0,0,1,13,7,7,41.90877105,-87.63478314
08/29/2019 01:12:00 PM,25,TRAFFIC SIGNAL,CLEAR,DAYLIGHT,NOT DIVIDED,DRY,INJURY AND / OR TOW DUE TO CRASH,,FAILING TO REDUCE SPEED TO AVOID CRASH,400,S,HALSTED ST,,"REPORTED, NOT EVIDENT",0,0,0,13,5,8,41.87665607,-87.64734892
04/26/2019 03:40:00 PM,30,NO CONTROLS,CLEAR,DAYLIGHT,NOT DIVIDED,DRY,INJURY AND / OR TOW DUE TO CRASH,,IMPROPER OVERTAKING/PASSING,2741,W,50TH ST,,NONINCAPACITATING INJURY,0,0,1,15,6,4,41.80271486,-87.69321798
07/26/2020 06:45:00 PM,30,NO CONTROLS,CLEAR,DAYLIGHT,FOUR WAY,DRY,INJURY AND / OR TOW DUE TO CRASH,,FAILING TO YIELD RIGHT-OF-WAY,6938,W,HIGGINS AVE,,INCAPACITATING INJURY,0,1,0,18,1,7,41.98001829,-87.80136858
9/7/2023 16:40,25,NO CONTROLS,CLEAR,DAYLIGHT,NOT DIVIDED,DRY,NO INJURY / DRIVE AWAY,,UNABLE TO DETERMINE,826,W,MADISON ST,,NO INDICATION OF INJURY,0,0,0,16,5,9,41.881872,-87.64850428
9/3/2023 17:54,30,STOP SIGN/FLASHER,CLEAR,DAYLIGHT,NOT DIVIDED,DRY,INJURY AND / OR TOW DUE TO CRASH,Y,DISREGARDING STOP SIGN,1232,N,CALIFORNIA AVE,,NONINCAPACITATING INJURY,0,0,1,17,1,9,41.90382037,-87.69704968
1/7/2020 8:11,30,TRAFFIC SIGNAL,CLEAR,DAYLIGHT,ONE-WAY,DRY,NO INJURY / DRIVE AWAY,Y,UNABLE TO DETERMINE,100,W,WASHINGTON ST,,NO INDICATION OF INJURY,0,0,0,8,3,1,41.88332051,-87.63098191
08/27/2018 02:58:00 PM,35,NO CONTROLS,CLEAR,DAYLIGHT,NOT DIVIDED,DRY,INJURY AND / OR TOW DUE TO CRASH,Y,FOLLOWING TOO CLOSELY,1257,W,NORTH AVE,,NONINCAPACITATING INJURY,0,0,1,14,2,8,41.91065442,-87.65908981
10/30/2022 07:03:00 PM,30,UNKNOWN,UNKNOWN,UNKNOWN,UNKNOWN,UNKNOWN,INJURY AND / OR TOW DUE TO CRASH,Y,IMPROPER LANE USAGE,600,N,RUSH ST,,NONINCAPACITATING INJURY,0,0,1,19,1,10,41.89256225,-87.6255421
04/19/2022 11:05:00 PM,30,STOP SIGN/FLASHER,CLEAR,DARKNESS,DIVIDED - W/MEDIAN (NOT RAISED),DRY,INJURY AND / OR TOW DUE TO CRASH,Y,UNABLE TO DETERMINE,959,N,DAMEN AVE,,"REPORTED, NOT EVIDENT",0,0,0,23,3,4,41.89950848,-87.67700741
9/9/2019 16:10,30,NO CONTROLS,CLEAR,DAYLIGHT,NOT DIVIDED,DRY,INJURY AND / OR TOW DUE TO CRASH,,FOLLOWING TOO CLOSELY,601,W,24TH PL,,INCAPACITATING INJURY,0,1,0,16,2,9,41.84800904,-87.64166567
09/22/2015 10:20:00 AM,30,TRAFFIC SIGNAL,CLEAR,DAYLIGHT,DIVIDED - W/MEDIAN (NOT RAISED),DRY,NO INJURY / DRIVE AWAY,Y,"OPERATING VEHICLE IN ERRATIC, RECKLESS, CARELESS, NEGLIGENT OR AGGRESSIVE MANNER",1179,N,MILWAUKEE AVE,,NO INDICATION OF INJURY,0,0,0,10,3,9,41.90336251,-87.66626544
09/23/2021 09:25:00 AM,35,NO CONTROLS,CLEAR,DAYLIGHT,NOT DIVIDED,DRY,INJURY AND / OR TOW DUE TO CRASH,,UNABLE TO DETERMINE,3211,W,ADDISON ST,,NONINCAPACITATING INJURY,0,0,1,9,5,9,41.94651709,-87.70838189
6/1/2017 11:15,30,NO CONTROLS,CLEAR,DAYLIGHT,NOT DIVIDED,DRY,NO INJURY / DRIVE AWAY,,UNABLE TO DETERMINE,551,W,63RD ST,,NO INDICATION OF INJURY,0,0,0,11,5,6,41.77972589,-87.6394307
9/10/2021 8:50,30,STOP SIGN/FLASHER,CLEAR,DAYLIGHT,T-INTERSECTION,DRY,INJURY AND / OR TOW DUE TO CRASH,,"VISION OBSCURED (SIGNS, TREE LIMBS, BUILDINGS, ETC.)",4801,W,POLK ST,,NONINCAPACITATING INJURY,0,0,1,8,6,9,41.87015784,-87.74500211
06/28/2019 05:00:00 PM,35,TRAFFIC SIGNAL,CLEAR,DAYLIGHT,NOT DIVIDED,DRY,NO INJURY / DRIVE AWAY,Y,UNABLE TO DETERMINE,6201,N,LINCOLN AVE,,NO INDICATION OF INJURY,0,0,0,17,6,6,41.9946189,-87.71402044
3/12/2020 8:40,30,TRAFFIC SIGNAL,CLEAR,DAYLIGHT,NOT DIVIDED,DRY,INJURY AND / OR TOW DUE TO CRASH,,UNABLE TO DETERMINE,1615,W,IRVING PARK RD,Y,NONINCAPACITATING INJURY,0,0,1,8,5,3,41.95417153,-87.66970303
10/10/2023 16:35,20,STOP SIGN/FLASHER,CLEAR,DAYLIGHT,FOUR WAY,DRY,NO INJURY / DRIVE AWAY,,UNABLE TO DETERMINE,1350,N,WELLS ST,,NO INDICATION OF INJURY,0,0,0,16,3,10,41.90717643,-87.63473784
6/2/2020 7:50,30,NO CONTROLS,CLEAR,DAYLIGHT,DIVIDED - W/MEDIAN (NOT RAISED),DRY,INJURY AND / OR TOW DUE TO CRASH,Y,IMPROPER OVERTAKING/PASSING,717,N,MILWAUKEE AVE,,NONINCAPACITATING INJURY,0,0,1,7,3,6,41.89476244,-87.65289753
10/24/2021 10:30:00 AM,30,NO CONTROLS,RAIN,DAYLIGHT,NOT DIVIDED,WET,INJURY AND / OR TOW DUE TO CRASH,,UNABLE TO DETERMINE,2472,N,MILWAUKEE AVE,Y,NONINCAPACITATING INJURY,0,0,1,10,1,10,41.92620658,-87.70296578
9/1/2017 8:39,20,STOP SIGN/FLASHER,CLEAR,DAYLIGHT,NOT DIVIDED,DRY,NO INJURY / DRIVE AWAY,,IMPROPER OVERTAKING/PASSING,5000,N,MARINE DR,,NO INDICATION OF INJURY,0,0,0,8,6,9,41.97338891,-87.65116886
04/22/2023 07:59:00 PM,30,TRAFFIC SIGNAL,CLEAR,"DARKNESS, LIGHTED ROAD",NOT DIVIDED,DRY,INJURY AND / OR TOW DUE TO CRASH,Y,UNABLE TO DETERMINE,1600,N,LEAVITT ST,,NONINCAPACITATING INJURY,0,0,1,19,7,4,41.91043123,-87.68249479
10/21/2021 02:40:00 PM,10,NO CONTROLS,CLEAR,DAYLIGHT,OTHER,DRY,INJURY AND / OR TOW DUE TO CRASH,,FAILING TO YIELD RIGHT-OF-WAY,6324,N,WESTERN AVE,,"REPORTED, NOT EVIDENT",0,0,0,14,5,10,41.99667686,-87.68999576
12/16/2022 03:58:00 PM,30,UNKNOWN,SNOW,DAYLIGHT,NOT DIVIDED,WET,INJURY AND / OR TOW DUE TO CRASH,,FAILING TO YIELD RIGHT-OF-WAY,3029,N,KEDZIE AVE,,NONINCAPACITATING INJURY,0,0,1,15,6,12,41.93658013,-87.70740444
07/13/2018 06:30:00 PM,30,UNKNOWN,CLEAR,DAYLIGHT,DIVIDED - W/MEDIAN (NOT RAISED),DRY,INJURY AND / OR TOW DUE TO CRASH,Y,UNABLE TO DETERMINE,4500,N,ELSTON AVE,,NONINCAPACITATING INJURY,0,0,1,18,6,7,41.96246974,-87.73215028
8/5/2023 22:24,30,NO CONTROLS,RAIN,"DARKNESS, LIGHTED ROAD",DIVIDED - W/MEDIAN (NOT RAISED),WET,INJURY AND / OR TOW DUE TO CRASH,,EQUIPMENT - VEHICLE CONDITION,1227,N,MILWAUKEE AVE,,NONINCAPACITATING INJURY,0,0,1,22,7,8,41.90402473,-87.66729993
6/1/2018 7:20,40,TRAFFIC SIGNAL,CLEAR,DAYLIGHT,DIVIDED - W/MEDIAN BARRIER,DRY,NO INJURY / DRIVE AWAY,,DISREGARDING TRAFFIC SIGNALS,300,S,LAKE SHORE DR NB,,NO INDICATION OF INJURY,0,0,0,7,6,6,41.87831014,-87.6175759
08/25/2023 10:50:00 PM,20,NO CONTROLS,CLEAR,DARKNESS,OTHER,DRY,INJURY AND / OR TOW DUE TO CRASH,,"VISION OBSCURED (SIGNS, TREE LIMBS, BUILDINGS, ETC.)",4200,N,MARINE DR,,NONINCAPACITATING INJURY,0,0,1,22,6,8,41.95855065,-87.64662614
09/23/2018 04:00:00 PM,30,NO CONTROLS,CLEAR,DARKNESS,NOT DIVIDED,DRY,NO INJURY / DRIVE AWAY,,UNABLE TO DETERMINE,3979,W,71ST ST,Y,NO INDICATION OF INJURY,0,0,0,16,1,9,41.76399119,-87.72229341
11/13/2017 08:15:00 AM,30,STOP SIGN/FLASHER,CLEAR,DAYLIGHT,NOT DIVIDED,WET,NO INJURY / DRIVE AWAY,,UNABLE TO DETERMINE,2900,W,42ND ST,,NO INDICATION OF INJURY,0,0,0,8,2,11,41.81742025,-87.69699777
3/6/2018 16:15,30,STOP SIGN/FLASHER,CLOUDY/OVERCAST,DAYLIGHT,DIVIDED - W/MEDIAN (NOT RAISED),WET,NO INJURY / DRIVE AWAY,,FAILING TO YIELD RIGHT-OF-WAY,430,N,HALSTED ST,,NO INDICATION OF INJURY,0,0,0,16,3,3,41.8900779,-87.64775609
11/21/2017 12:24:00 PM,30,STOP SIGN/FLASHER,CLEAR,DAYLIGHT,DIVIDED - W/MEDIAN (NOT RAISED),DRY,INJURY AND / OR TOW DUE TO CRASH,Y,DISREGARDING STOP SIGN,2301,W,CERMAK RD,,INCAPACITATING INJURY,0,2,0,12,3,11,41.85195061,-87.68330741
11/3/2022 5:56,30,NO CONTROLS,CLEAR,"DARKNESS, LIGHTED ROAD",DIVIDED - W/MEDIAN (NOT RAISED),DRY,INJURY AND / OR TOW DUE TO CRASH,,UNABLE TO DETERMINE,5100,W,DIVERSEY AVE,,NONINCAPACITATING INJURY,0,0,1,5,5,11,41.93154177,-87.75408622
7/5/2021 16:05,15,NO CONTROLS,CLEAR,DAYLIGHT,ALLEY,DRY,INJURY AND / OR TOW DUE TO CRASH,,UNABLE TO DETERMINE,5159,W,SCHOOL ST,,INCAPACITATING INJURY,0,1,0,16,2,7,41.94041723,-87.75662647
7/6/2017 16:30,25,TRAFFIC SIGNAL,CLEAR,DAYLIGHT,OTHER,DRY,NO INJURY / DRIVE AWAY,,FAILING TO YIELD RIGHT-OF-WAY,900,N,RACINE AVE,,NO INDICATION OF INJURY,0,0,0,16,5,7,41.89771731,-87.6577054
08/20/2023 04:05:00 PM,30,NO CONTROLS,CLEAR,DAYLIGHT,ONE-WAY,DRY,NO INJURY / DRIVE AWAY,,FAILING TO YIELD RIGHT-OF-WAY,1524,W,VICTORIA ST,Y,NO INDICATION OF INJURY,0,0,0,16,1,8,41.98726347,-87.6686009
2/11/2022 14:16,25,STOP SIGN/FLASHER,CLEAR,DAYLIGHT,FOUR WAY,DRY,INJURY AND / OR TOW DUE TO CRASH,,FAILING TO YIELD RIGHT-OF-WAY,6301,N,GLENWOOD AVE,,"REPORTED, NOT EVIDENT",0,0,0,14,6,2,41.99638415,-87.66519136
07/26/2021 08:55:00 AM,30,NO CONTROLS,CLEAR,DAYLIGHT,NOT DIVIDED,DRY,INJURY AND / OR TOW DUE TO CRASH,Y,UNABLE TO DETERMINE,1715,N,LARRABEE ST,,NONINCAPACITATING INJURY,0,0,1,8,2,7,41.91329557,-87.64335907
10/15/2023 03:30:00 PM,25,UNKNOWN,CLEAR,DAYLIGHT,DIVIDED - W/MEDIAN (NOT RAISED),DRY,INJURY AND / OR TOW DUE TO CRASH,,UNABLE TO DETERMINE,3448,N,CLARK ST,Y,"REPORTED, NOT EVIDENT",0,0,0,15,1,10,41.94465583,-87.65462807
10/4/2017 19:30,25,STOP SIGN/FLASHER,CLEAR,"DARKNESS, LIGHTED ROAD",NOT DIVIDED,DRY,INJURY AND / OR TOW DUE TO CRASH,,NOT APPLICABLE,3800,N,KIMBALL AVE,,NONINCAPACITATING INJURY,0,0,1,19,4,10,41.95030811,-87.71295407
07/21/2022 10:49:00 AM,30,NO CONTROLS,CLEAR,DAYLIGHT,NOT DIVIDED,DRY,INJURY AND / OR TOW DUE TO CRASH,,FAILING TO YIELD RIGHT-OF-WAY,3732,N,SOUTHPORT AVE,Y,NONINCAPACITATING INJURY,0,0,1,10,5,7,41.94988265,-87.66424178
4/8/2023 15:10,10,NO CONTROLS,CLEAR,DAYLIGHT,ALLEY,DRY,NO INJURY / DRIVE AWAY,,UNABLE TO DETERMINE,17,W,36TH ST,N,NO INDICATION OF INJURY,0,0,0,15,7,4,41.82906211,-87.62716568
07/13/2019 11:45:00 PM,30,NO CONTROLS,CLEAR,"DARKNESS, LIGHTED ROAD",NOT DIVIDED,DRY,INJURY AND / OR TOW DUE TO CRASH,Y,UNABLE TO DETERMINE,3610,N,CLARK ST,Y,NONINCAPACITATING INJURY,0,0,1,23,7,7,41.94745757,-87.65689136
11/28/2022 08:18:00 AM,30,NO CONTROLS,CLEAR,DAYLIGHT,UNKNOWN,DRY,NO INJURY / DRIVE AWAY,,UNABLE TO DETERMINE,4337,W,GRAND AVE,,NO INDICATION OF INJURY,0,0,0,8,2,11,41.90946907,-87.7351005