CRASH_DATE,POSTED_SPEED_LIMIT,TRAFFIC_CONTROL_DEVICE,WEATHER_CONDITION,LIGHTING_CONDITION,TRAFFICWAY_TYPE,ROADWAY_SURFACE_COND,CRASH_TYPE,HIT_AND_RUN_I,PRIM_CONTRIBUTORY_CAUSE,STREET_NO,STREET_DIRECTION,STREET_NAME,DOORING_I,MOST_SEVERE_INJURY,INJURIES_FATAL,INJURIES_INCAPACITATING,INJURIES_NON_INCAPACITATING,CRASH_HOUR,CRASH_DAY_OF_WEEK,CRASH_MONTH,LATITUDE,LONGITUDE
10/31/2022 04:00:00 PM,30,NO CONTROLS,CLEAR,DAYLIGHT,DIVIDED - W/MEDIAN (NOT RAISED),DRY,NO INJURY / DRIVE AWAY,,UNABLE TO DETERMINE,3343,W,ADDISON ST,,NO INDICATION OF INJURY,0,0,0,16,2,10,41.9464678,-87.7120241
8/12/2023 0:15,30,NO CONTROLS,CLEAR,"DARKNESS, LIGHTED ROAD",NOT DIVIDED,DRY,INJURY AND / OR TOW DUE TO CRASH,Y,UNABLE TO DETERMINE,3308,W,ARMITAGE AVE,,INCAPACITATING INJURY,0,1,0,0,7,8,41.91746584,-87.71068563
7/11/2017 13:40,30,TRAFFIC SIGNAL,CLOUDY/OVERCAST,DAYLIGHT,NOT DIVIDED,DRY,INJURY AND / OR TOW DUE TO CRASH,,IMPROPER OVERTAKING/PASSING,5200,W,MONTROSE AVE,,NONINCAPACITATING INJURY,0,0,1,13,3,7,41.96070829,-87.75751211
6/4/2018 15:08,30,TRAFFIC SIGNAL,CLEAR,DAYLIGHT,NOT DIVIDED,DRY,INJURY AND / OR TOW DUE TO CRASH,Y,IMPROPER LANE USAGE,2958,W,GRAND AVE,,"REPORTED, NOT EVIDENT",0,0,0,15,2,6,41.89634458,-87.70138629
08/21/2022 02:30:00 AM,30,UNKNOWN,UNKNOWN,UNKNOWN,NOT DIVIDED,UNKNOWN,INJURY AND / OR TOW DUE TO CRASH,Y,UNABLE TO DETERMINE,1652,N,MILWAUKEE AVE,,"REPORTED, NOT EVIDENT",0,0,0,2,1,8,41.91136989,-87.67922221
12/27/2018 05:24:00 PM,35,TRAFFIC SIGNAL,RAIN,DARKNESS,ONE-WAY,WET,NO INJURY / DRIVE AWAY,,FOLLOWING TOO CLOSELY,600,S,INDEPENDENCE BLVD,,NO INDICATION OF INJURY,0,0,0,17,5,12,41.87346742,-87.72051086
06/13/2021 06:50:00 PM,30,TRAFFIC SIGNAL,CLEAR,DAYLIGHT,FOUR WAY,DRY,INJURY AND / OR TOW DUE TO CRASH,,FAILING TO YIELD RIGHT-OF-WAY,500,N,COLUMBUS DR,,NONINCAPACITATING INJURY,0,0,1,18,1,6,41.89104457,-87.62037184
8/2/2017 11:25,25,NO CONTROLS,CLEAR,DAYLIGHT,NOT DIVIDED,DRY,INJURY AND / OR TOW DUE TO CRASH,,UNABLE TO DETERMINE,3205,W,WILSON AVE,,NONINCAPACITATING INJURY,0,0,1,11,4,8,41.96458596,-87.7085732
11/2/2016 20:50,35,TRAFFIC SIGNAL,RAIN,DARKNESS,DIVIDED - W/MEDIAN (NOT RAISED),WET,NO INJURY / DRIVE AWAY,,UNABLE TO DETERMINE,5459,S,CICERO AVE,,NO INDICATION OF INJURY,0,0,0,20,4,11,41.79315323,-87.74189332
9/1/2022 16:00,15,NO CONTROLS,CLEAR,DAYLIGHT,PARKING LOT,DRY,INJURY AND / OR TOW DUE TO CRASH,,NOT APPLICABLE,5539,N,ASHLAND AVE,,NONINCAPACITATING INJURY,0,0,1,16,5,9,41.98284589,-87.66964984
09/26/2017 04:09:00 PM,30,NO CONTROLS,CLEAR,DAYLIGHT,DIVIDED - W/MEDIAN BARRIER,DRY,INJURY AND / OR TOW DUE TO CRASH,,FAILING TO REDUCE SPEED TO AVOID CRASH,3532,W,OGDEN AVE,,NONINCAPACITATING INJURY,0,0,1,16,3,9,41.85513081,-87.71381423
10/29/2016 11:25:00 AM,30,NO CONTROLS,CLOUDY/OVERCAST,DAYLIGHT,DIVIDED - W/MEDIAN (NOT RAISED),DRY,INJURY AND / OR TOW DUE TO CRASH,,FAILING TO YIELD RIGHT-OF-WAY,627,W,LAKE ST,Y,NONINCAPACITATING INJURY,0,0,1,11,7,10,41.88558923,-87.64399166
6/9/2022 4:50,30,TRAFFIC SIGNAL,CLEAR,DAWN,DIVIDED - W/MEDIAN (NOT RAISED),DRY,INJURY AND / OR TOW DUE TO CRASH,,FAILING TO YIELD RIGHT-OF-WAY,3159,W,MONTROSE AVE,,NONINCAPACITATING INJURY,0,0,1,4,5,6,41.9610774,-87.70818616
09/21/2017 02:00:00 PM,30,NO CONTROLS,CLEAR,DAYLIGHT,NOT DIVIDED,DRY,NO INJURY / DRIVE AWAY,,IMPROPER TURNING/NO SIGNAL,3578,N,ELSTON AVE,,NO INDICATION OF INJURY,0,0,0,14,5,9,41.946207,-87.70845116
09/21/2017 07:40:00 AM,35,NO CONTROLS,CLEAR,DAYLIGHT,DIVIDED - W/MEDIAN (NOT RAISED),DRY,INJURY AND / OR TOW DUE TO CRASH,,"VISION OBSCURED (SIGNS, TREE LIMBS, BUILDINGS, ETC.)",6911,S,WESTERN AVE,,NONINCAPACITATING INJURY,0,0,1,7,5,9,41.76796164,-87.68318448
05/29/2020 02:30:00 PM,30,TRAFFIC SIGNAL,CLEAR,DAYLIGHT,FOUR WAY,DRY,INJURY AND / OR TOW DUE TO CRASH,,UNABLE TO DETERMINE,6400,N,CALDWELL AVE,,NONINCAPACITATING INJURY,0,0,1,14,6,5,41.99723149,-87.76681826
05/29/2022 08:46:00 PM,30,TRAFFIC SIGNAL,CLEAR,"DARKNESS, LIGHTED ROAD",NOT DIVIDED,DRY,INJURY AND / OR TOW DUE TO CRASH,Y,FAILING TO YIELD RIGHT-OF-WAY,3459,W,59TH ST,,INCAPACITATING INJURY,0,1,0,20,1,5,41.7860244,-87.71060478
08/23/2022 10:50:00 AM,30,NO CONTROLS,CLEAR,DAYLIGHT,NOT DIVIDED,DRY,INJURY AND / OR TOW DUE TO CRASH,,UNABLE TO DETERMINE,199,N,HALSTED ST,,"REPORTED, NOT EVIDENT",0,0,0,10,3,8,41.88563892,-87.64732624
06/14/2019 05:15:00 PM,30,UNKNOWN,CLEAR,DAYLIGHT,DIVIDED - W/MEDIAN (NOT RAISED),DRY,INJURY AND / OR TOW DUE TO CRASH,,FAILING TO YIELD RIGHT-OF-WAY,3550,W,FULLERTON AVE,Y,NONINCAPACITATING INJURY,0,0,1,17,6,6,41.92471878,-87.7165691
11/24/2017 09:24:00 PM,30,TRAFFIC SIGNAL,CLEAR,"DARKNESS, LIGHTED ROAD",DIVIDED - W/MEDIAN (NOT RAISED),DRY,INJURY AND / OR TOW DUE TO CRASH,,DISREGARDING TRAFFIC SIGNALS,2359,W,ROOSEVELT RD,,INCAPACITATING INJURY,0,1,0,21,6,11,41.86650441,-87.68591338
08/23/2023 07:10:00 AM,30,STOP SIGN/FLASHER,CLEAR,DAYLIGHT,FOUR WAY,DRY,INJURY AND / OR TOW DUE TO CRASH,,DISTRACTION - FROM INSIDE VEHICLE,7500,W,LUNT AVE,,NONINCAPACITATING INJURY,0,0,1,7,4,8,42.00800226,-87.8137415
09/14/2019 07:37:00 AM,30,TRAFFIC SIGNAL,CLEAR,DAYLIGHT,FOUR WAY,DRY,NO INJURY / DRIVE AWAY,,BICYCLE ADVANCING LEGALLY ON RED LIGHT,3200,N,MILWAUKEE AVE,,NO INDICATION OF INJURY,0,0,0,7,7,9,41.93908625,-87.724073
3/3/2021 17:55,15,NO CONTROLS,CLEAR,"DARKNESS, LIGHTED ROAD",ALLEY,DRY,NO INJURY / DRIVE AWAY,Y,UNABLE TO DETERMINE,8241,S,VERNON AVE,,NO INDICATION OF INJURY,0,0,0,17,4,3,41.74446937,-87.61338152
07/31/2020 10:07:00 AM,30,STOP SIGN/FLASHER,CLEAR,DAYLIGHT,DIVIDED - W/MEDIAN (NOT RAISED),DRY,INJURY AND / OR TOW DUE TO CRASH,,FAILING TO YIELD RIGHT-OF-WAY,631,W,31ST ST,,NONINCAPACITATING INJURY,0,0,1,10,6,7,41.83798021,-87.64257692
2/7/2019 15:41,30,NO CONTROLS,RAIN,DAYLIGHT,NOT DIVIDED,WET,NO INJURY / DRIVE AWAY,,NOT APPLICABLE,1200,S,MORGAN ST,,NO INDICATION OF INJURY,0,0,0,15,5,2,41.86700114,-87.65118978
09/30/2017 10:30:00 PM,30,OTHER,CLEAR,"DARKNESS, LIGHTED ROAD",PARKING LOT,DRY,INJURY AND / OR TOW DUE TO CRASH,Y,UNABLE TO DETERMINE,8500,S,ASHLAND AVE,,"REPORTED, NOT EVIDENT",0,0,0,22,7,9,41.73933898,-87.66330098
10/1/2017 3:20,35,TRAFFIC SIGNAL,CLEAR,"DARKNESS, LIGHTED ROAD",DIVIDED - W/MEDIAN (NOT RAISED),DRY,INJURY AND / OR TOW DUE TO CRASH,Y,"OPERATING VEHICLE IN ERRATIC, RECKLESS, CARELESS, NEGLIGENT OR AGGRESSIVE MANNER",1000,N,DAMEN AVE,,NONINCAPACITATING INJURY,0,0,1,3,1,10,41.89959483,-87.67730374
09/29/2023 02:37:00 PM,30,NO CONTROLS,CLEAR,DAYLIGHT,ALLEY,DRY,INJURY AND / OR TOW DUE TO CRASH,,UNABLE TO DETERMINE,1911,W,47TH ST,,"REPORTED, NOT EVIDENT",0,0,0,14,6,9,41.80841571,-87.67277103
06/25/2021 04:30:00 PM,30,TRAFFIC SIGNAL,CLEAR,DAYLIGHT,NOT DIVIDED,DRY,NO INJURY / DRIVE AWAY,,DRIVING SKILLS/KNOWLEDGE/EXPERIENCE,2801,N,CLARK ST,,NO INDICATION OF INJURY,0,0,0,16,6,6,41.93294171,-87.64482829
08/22/2022 08:17:00 PM,30,UNKNOWN,CLEAR,"DARKNESS, LIGHTED ROAD",ALLEY,DRY,INJURY AND / OR TOW DUE TO CRASH,Y,UNABLE TO DETERMINE,5147,W,PARKER AVE,,NONINCAPACITATING INJURY,0,0,1,20,2,8,41.93039166,-87.75580264
01/29/2020 08:30:00 AM,30,TRAFFIC SIGNAL,CLEAR,DAYLIGHT,OTHER,DRY,NO INJURY / DRIVE AWAY,,DRIVING SKILLS/KNOWLEDGE/EXPERIENCE,3358,N,PAULINA ST,,NO INDICATION OF INJURY,0,0,0,8,4,1,41.94326095,-87.6713391
10/19/2021 11:15:00 AM,30,TRAFFIC SIGNAL,CLEAR,DAYLIGHT,FOUR WAY,DRY,INJURY AND / OR TOW DUE TO CRASH,,FAILING TO YIELD RIGHT-OF-WAY,3400,W,NORTH AVE,,NONINCAPACITATING INJURY,0,0,1,11,3,10,41.91016285,-87.71195387
11/20/2018 06:45:00 PM,30,NO CONTROLS,CLEAR,"DARKNESS, LIGHTED ROAD",NOT DIVIDED,DRY,INJURY AND / OR TOW DUE TO CRASH,,NOT APPLICABLE,6027,N,BROADWAY,Y,"REPORTED, NOT EVIDENT",0,0,0,18,3,11,41.99167162,-87.66017077
09/21/2015 07:00:00 PM,30,TRAFFIC SIGNAL,CLEAR,DAYLIGHT,NOT DIVIDED,DRY,INJURY AND / OR TOW DUE TO CRASH,,UNABLE TO DETERMINE,400,E,PERSHING RD,,NONINCAPACITATING INJURY,0,0,1,19,2,9,41.82394884,-87.61667242
11/21/2017 06:30:00 PM,30,NO CONTROLS,CLEAR,"DARKNESS, LIGHTED ROAD",NOT DIVIDED,DRY,INJURY AND / OR TOW DUE TO CRASH,Y,FAILING TO YIELD RIGHT-OF-WAY,5001,N,CLARK ST,,NONINCAPACITATING INJURY,0,0,1,18,3,11,41.97259291,-87.667774
11/15/2018 05:05:00 PM,20,NO CONTROLS,CLEAR,DARKNESS,NOT DIVIDED,DRY,NO INJURY / DRIVE AWAY,,UNABLE TO DETERMINE,2500,W,BRADLEY PL,Y,NO INDICATION OF INJURY,0,0,0,17,5,11,41.9495758,-87.69089237
8/8/2016 10:00,30,NO CONTROLS,CLEAR,DAYLIGHT,ONE-WAY,DRY,NO INJURY / DRIVE AWAY,,NOT APPLICABLE,1754,W,WASHINGTON BLVD,,NO INDICATION OF INJURY,0,0,0,10,2,8,41.88333424,-87.67156967
05/26/2021 05:50:00 PM,30,TRAFFIC SIGNAL,CLEAR,DAYLIGHT,NOT DIVIDED,DRY,INJURY AND / OR TOW DUE TO CRASH,,FAILING TO YIELD RIGHT-OF-WAY,2148,N,MILWAUKEE AVE,,INCAPACITATING INJURY,0,1,0,17,4,5,41.92018284,-87.69313904
08/26/2023 12:05:00 PM,20,UNKNOWN,CLEAR,DAYLIGHT,DIVIDED - W/MEDIAN (NOT RAISED),DRY,INJURY AND / OR TOW DUE TO CRASH,N,FAILING TO REDUCE SPEED TO AVOID CRASH,600,W,FULTON ST,,"REPORTED, NOT EVIDENT",0,0,0,12,7,8,41.88692122,-87.64287941
11/30/2017 09:35:00 AM,30,TRAFFIC SIGNAL,CLEAR,DAYLIGHT,DIVIDED - W/MEDIAN (NOT RAISED),DRY,INJURY AND / OR TOW DUE TO CRASH,,DRIVING ON WRONG SIDE/WRONG WAY,3500,W,63RD ST,,NONINCAPACITATING INJURY,0,0,1,9,5,11,41.7789616,-87.71052895
06/30/2019 11:42:00 AM,30,NO CONTROLS,CLEAR,DAYLIGHT,ONE-WAY,DRY,NO INJURY / DRIVE AWAY,,FAILING TO YIELD RIGHT-OF-WAY,20,E,RANDOLPH ST,,NO INDICATION OF INJURY,0,0,0,11,1,6,41.88460286,-87.62718694
09/16/2021 05:10:00 PM,30,TRAFFIC SIGNAL,CLEAR,DAYLIGHT,NOT DIVIDED,DRY,INJURY AND / OR TOW DUE TO CRASH,,FAILING TO YIELD RIGHT-OF-WAY,1000,W,MONROE ST,,NONINCAPACITATING INJURY,0,0,1,17,5,9,41.8805174,-87.65212707
10/13/2020 06:30:00 AM,30,TRAFFIC SIGNAL,CLEAR,DAWN,NOT DIVIDED,DRY,INJURY AND / OR TOW DUE TO CRASH,,FOLLOWING TOO CLOSELY,2520,W,BERWYN AVE,,NONINCAPACITATING INJURY,0,0,1,6,3,10,41.97779218,-87.69340695
11/14/2017 07:40:00 AM,30,NO CONTROLS,CLEAR,DAYLIGHT,NOT DIVIDED,DRY,INJURY AND / OR TOW DUE TO CRASH,Y,FAILING TO REDUCE SPEED TO AVOID CRASH,1658,W,49TH ST,,NONINCAPACITATING INJURY,0,0,1,7,3,11,41.80505174,-87.66724758
8/7/2018 23:23,30,TRAFFIC SIGNAL,CLEAR,"DARKNESS, LIGHTED ROAD",NOT DIVIDED,DRY,INJURY AND / OR TOW DUE TO CRASH,Y,FAILING TO YIELD RIGHT-OF-WAY,5600,N,NORTHWEST HWY,,INCAPACITATING INJURY,0,1,0,23,3,8,41.98283471,-87.78235359
10/9/2017 9:30,15,NO CONTROLS,CLEAR,DAYLIGHT,ALLEY,DRY,INJURY AND / OR TOW DUE TO CRASH,,UNABLE TO DETERMINE,4553,N,HARDING AVE,,"REPORTED, NOT EVIDENT",0,0,0,9,2,10,41.9643086,-87.72655014
08/20/2019 06:13:00 PM,30,TRAFFIC SIGNAL,CLEAR,DAYLIGHT,DIVIDED - W/MEDIAN (NOT RAISED),DRY,NO INJURY / DRIVE AWAY,,IMPROPER LANE USAGE,6210,N,BROADWAY,,NO INDICATION OF INJURY,0,0,0,18,3,8,41.99491448,-87.6605636
09/16/2019 01:00:00 PM,30,TRAFFIC SIGNAL,CLEAR,DAYLIGHT,NOT DIVIDED,DRY,INJURY AND / OR TOW DUE TO CRASH,Y,UNABLE TO DETERMINE,1440,W,NORTH AVE,,NONINCAPACITATING INJURY,0,0,1,13,2,9,41.9107844,-87.66447741
08/25/2021 02:00:00 PM,30,NO CONTROLS,CLEAR,DAYLIGHT,NOT DIVIDED,DRY,INJURY AND / OR TOW DUE TO CRASH,,FAILING TO YIELD RIGHT-OF-WAY,1640,N,WELLS ST,,NONINCAPACITATING INJURY,0,0,1,14,4,8,41.91235946,-87.63489424
5/7/2019 23:13,30,UNKNOWN,CLEAR,"DARKNESS, LIGHTED ROAD",DIVIDED - W/MEDIAN (NOT RAISED),DRY,INJURY AND / OR TOW DUE TO CRASH,,UNABLE TO DETERMINE,30,W,87TH ST,N,"REPORTED, NOT EVIDENT",0,0,0,23,3,5,41.73637604,-87.62562131
9/10/2018 10:30,30,NO CONTROLS,CLEAR,DAYLIGHT,NOT DIVIDED,DRY,NO INJURY / DRIVE AWAY,,DRIVING SKILLS/KNOWLEDGE/EXPERIENCE,2700,N,CLYBOURN AVE,,NO INDICATION OF INJURY,0,0,0,10,2,9,41.93006216,-87.67576274
07/26/2016 12:55:00 PM,30,NO CONTROLS,CLEAR,DAYLIGHT,ONE-WAY,DRY,NO INJURY / DRIVE AWAY,,UNABLE TO DETERMINE,100,W,ROOSEVELT RD,,NO INDICATION OF INJURY,0,0,0,12,3,7,41.86748292,-87.6304928
08/27/2022 02:00:00 PM,30,NO CONTROLS,CLEAR,DAYLIGHT,ALLEY,DRY,NO INJURY / DRIVE AWAY,,UNABLE TO DETERMINE,3548,W,25TH ST,N,NO INDICATION OF INJURY,0,0,0,14,7,8,41.846329,-87.71435918
08/17/2017 10:30:00 PM,30,NO CONTROLS,CLEAR,"DARKNESS, LIGHTED ROAD",DIVIDED - W/MEDIAN (NOT RAISED),DRY,INJURY AND / OR TOW DUE TO CRASH,,FAILING TO YIELD RIGHT-OF-WAY,365,N,JEFFERSON ST,,NONINCAPACITATING INJURY,0,0,1,22,5,8,41.88847788,-87.64272274
7/7/2021 20:00,30,TRAFFIC SIGNAL,CLEAR,DUSK,NOT DIVIDED,DRY,NO INJURY / DRIVE AWAY,,FAILING TO YIELD RIGHT-OF-WAY,2800,W,MONTROSE AVE,,NO INDICATION OF INJURY,0,0,0,20,4,7,41.96135865,-87.69854417
09/27/2018 05:00:00 PM,35,NO CONTROLS,CLEAR,DAYLIGHT,DIVIDED - W/MEDIAN (NOT RAISED),DRY,INJURY AND / OR TOW DUE TO CRASH,,"VISION OBSCURED (SIGNS, TREE LIMBS, BUILDINGS, ETC.)",2510,W,MONTROSE AVE,,INCAPACITATING INJURY,0,1,0,17,5,9,41.96140234,-87.69167048
05/14/2018 02:20:00 PM,35,TRAFFIC SIGNAL,CLOUDY/OVERCAST,DAYLIGHT,DIVIDED - W/MEDIAN BARRIER,DRY,INJURY AND / OR TOW DUE TO CRASH,,DISREGARDING TRAFFIC SIGNALS,8401,W,LAWRENCE AVE,,NONINCAPACITATING INJURY,0,0,1,14,2,5,41.96648619,-87.83674079
10/18/2020 02:57:00 AM,30,TRAFFIC SIGNAL,CLEAR,"DARKNESS, LIGHTED ROAD",DIVIDED - W/MEDIAN (NOT RAISED),OTHER,INJURY AND / OR TOW DUE TO CRASH,Y,UNABLE TO DETERMINE,800,S,WESTERN AVE,,NONINCAPACITATING INJURY,0,0,2,2,1,10,41.87111238,-87.68631026
04/18/2021 09:00:00 PM,30,TRAFFIC SIGNAL,CLEAR,"DARKNESS, LIGHTED ROAD",DIVIDED - W/MEDIAN (NOT RAISED),DRY,INJURY AND / OR TOW DUE TO CRASH,,NOT APPLICABLE,1600,N,KEDZIE AVE,,INCAPACITATING INJURY,0,1,0,21,1,4,41.91025092,-87.70702365
8/3/2018 17:36,30,NO CONTROLS,CLEAR,DAYLIGHT,ONE-WAY,DRY,INJURY AND / OR TOW DUE TO CRASH,Y,FAILING TO YIELD RIGHT-OF-WAY,5515,S,SAYRE AVE,,NONINCAPACITATING INJURY,0,0,1,17,6,8,41.79157318,-87.79629229
9/5/2023 13:30,30,TRAFFIC SIGNAL,CLEAR,DAYLIGHT,NOT DIVIDED,DRY,INJURY AND / OR TOW DUE TO CRASH,,UNABLE TO DETERMINE,3012,S,HALSTED ST,,NONINCAPACITATING INJURY,0,0,1,13,3,9,41.83943255,-87.64645937
02/28/2023 04:05:00 PM,30,TRAFFIC SIGNAL,CLEAR,DAYLIGHT,FOUR WAY,DRY,INJURY AND / OR TOW DUE TO CRASH,,FAILING TO YIELD RIGHT-OF-WAY,800,N,MILWAUKEE AVE,,"REPORTED, NOT EVIDENT",0,0,0,16,3,2,41.8962188,-87.6556039
03/14/2019 06:38:00 PM,30,TRAFFIC SIGNAL,CLEAR,DAYLIGHT,NOT DIVIDED,DRY,NO INJURY / DRIVE AWAY,,DISREGARDING TRAFFIC SIGNALS,700,W,ADDISON ST,,NO INDICATION OF INJURY,0,0,0,18,5,3,41.94743402,-87.64739253
10/9/2020 17:45,30,TRAFFIC SIGNAL,CLEAR,DAYLIGHT,DIVIDED - W/MEDIAN (NOT RAISED),DRY,INJURY AND / OR TOW DUE TO CRASH,Y,FAILING TO YIELD RIGHT-OF-WAY,8701,S,WESTERN AVE,,NONINCAPACITATING INJURY,0,0,1,17,6,10,41.73544437,-87.68236494
08/25/2019 11:30:00 PM,30,STOP SIGN/FLASHER,CLEAR,"DARKNESS, LIGHTED ROAD",FOUR WAY,DRY,INJURY AND / OR TOW DUE TO CRASH,,UNABLE TO DETERMINE,5200,N,ST LOUIS AVE,,NONINCAPACITATING INJURY,0,0,1,23,1,8,41.97575453,-87.71612619
11/30/2022 09:30:00 PM,30,NO CONTROLS,CLEAR,"DARKNESS, LIGHTED ROAD",NOT DIVIDED,DRY,NO INJURY / DRIVE AWAY,,UNABLE TO DETERMINE,2134,W,MADISON ST,,NO INDICATION OF INJURY,0,0,0,21,4,11,41.8813672,-87.68049925
08/15/2017 02:41:00 PM,35,NO CONTROLS,CLEAR,DAYLIGHT,DIVIDED - W/MEDIAN (NOT RAISED),DRY,INJURY AND / OR TOW DUE TO CRASH,Y,IMPROPER TURNING/NO SIGNAL,2532,W,NORTH AVE,,NONINCAPACITATING INJURY,0,0,1,14,3,8,41.91038705,-87.69104201
09/19/2022 04:25:00 PM,30,TRAFFIC SIGNAL,CLEAR,DAYLIGHT,FOUR WAY,UNKNOWN,INJURY AND / OR TOW DUE TO CRASH,Y,UNABLE TO DETERMINE,4800,W,GRAND AVE,,NONINCAPACITATING INJURY,0,0,1,16,2,9,41.9140602,-87.74602773
8/12/2021 18:04,30,STOP SIGN/FLASHER,CLEAR,DAYLIGHT,FOUR WAY,DRY,INJURY AND / OR TOW DUE TO CRASH,Y,FAILING TO YIELD RIGHT-OF-WAY,3101,W,DOUGLAS BLVD,,NONINCAPACITATING INJURY,0,0,1,18,5,8,41.86243278,-87.70316584
4/5/2019 13:00,30,TRAFFIC SIGNAL,CLEAR,DAYLIGHT,NOT DIVIDED,DRY,NO INJURY / DRIVE AWAY,,UNABLE TO DETERMINE,732,N,STATE ST,,NO INDICATION OF INJURY,0,0,0,13,6,4,41.89585472,-87.62832671
10/17/2022 07:45:00 AM,20,NO CONTROLS,CLOUDY/OVERCAST,DAYLIGHT,ONE-WAY,DRY,INJURY AND / OR TOW DUE TO CRASH,,"VISION OBSCURED (SIGNS, TREE LIMBS, BUILDINGS, ETC.)",3215,W,CULLOM AVE,,NONINCAPACITATING INJURY,0,0,1,7,2,10,41.95924836,-87.70884038
4/5/2018 16:52,30,TRAFFIC SIGNAL,SNOW,DAYLIGHT,ONE-WAY,WET,INJURY AND / OR TOW DUE TO CRASH,,DISREGARDING OTHER TRAFFIC SIGNS,425,N,DEARBORN ST,N,NONINCAPACITATING INJURY,0,0,1,16,5,4,41.89000216,-87.6294588
12/21/2019 05:09:00 PM,30,TRAFFIC SIGNAL,CLEAR,DARKNESS,DIVIDED - W/MEDIAN (NOT RAISED),DRY,INJURY AND / OR TOW DUE TO CRASH,,UNABLE TO DETERMINE,3397,W,OGDEN AVE,,NONINCAPACITATING INJURY,0,0,1,17,7,12,41.85605886,-87.71012905
11/25/2017 08:40:00 PM,30,NO CONTROLS,CLEAR,DARKNESS,NOT DIVIDED,DRY,NO INJURY / DRIVE AWAY,,UNABLE TO DETERMINE,1451,W,LAWRENCE AVE,,NO INDICATION OF INJURY,0,0,0,20,7,11,41.96880717,-87.66649515
9/11/2023 4:05,30,TRAFFIC SIGNAL,CLEAR,DARKNESS,ONE-WAY,DRY,INJURY AND / OR TOW DUE TO CRASH,Y,UNABLE TO DETERMINE,10,E,DELAWARE PL,Y,INCAPACITATING INJURY,0,1,0,4,2,9,41.89925506,-87.62783464
10/10/2023 19:20,30,NO CONTROLS,UNKNOWN,UNKNOWN,NOT DIVIDED,UNKNOWN,INJURY AND / OR TOW DUE TO CRASH,,FAILING TO YIELD RIGHT-OF-WAY,4343,N,CLARENDON AVE,,INCAPACITATING INJURY,0,1,0,19,3,10,41.96166714,-87.64976057
6/11/2019 11:42,5,NO CONTROLS,CLEAR,DAYLIGHT,PARKING LOT,DRY,INJURY AND / OR TOW DUE TO CRASH,,NOT APPLICABLE,5725,N,BROADWAY,,NONINCAPACITATING INJURY,0,0,1,11,3,6,41.98619345,-87.65999897
05/22/2018 09:35:00 PM,30,NO CONTROLS,CLEAR,"DARKNESS, LIGHTED ROAD",DIVIDED - W/MEDIAN (NOT RAISED),DRY,INJURY AND / OR TOW DUE TO CRASH,,UNABLE TO DETERMINE,4151,W,26TH ST,Y,"REPORTED, NOT EVIDENT",0,0,0,21,3,5,41.84408262,-87.72898371
04/26/2019 05:20:00 PM,30,NO CONTROLS,CLEAR,DAYLIGHT,NOT DIVIDED,DRY,INJURY AND / OR TOW DUE TO CRASH,Y,UNABLE TO DETERMINE,161,N,HALSTED ST,,NONINCAPACITATING INJURY,0,0,1,17,6,4,41.88492353,-87.64730373
07/17/2017 05:30:00 PM,35,NO CONTROLS,CLEAR,DAYLIGHT,NOT DIVIDED,DRY,INJURY AND / OR TOW DUE TO CRASH,Y,UNABLE TO DETERMINE,3556,N,PULASKI RD,,INCAPACITATING INJURY,0,1,0,17,2,7,41.94627055,-87.72754493
06/29/2021 02:35:00 PM,30,TRAFFIC SIGNAL,CLEAR,DAYLIGHT,FOUR WAY,DRY,INJURY AND / OR TOW DUE TO CRASH,Y,TURNING RIGHT ON RED,801,S,KEDZIE AVE,,"REPORTED, NOT EVIDENT",0,0,0,14,3,6,41.87091591,-87.70567592
3/9/2019 14:05,30,STOP SIGN/FLASHER,RAIN,DAYLIGHT,ONE-WAY,WET,INJURY AND / OR TOW DUE TO CRASH,Y,EXCEEDING SAFE SPEED FOR CONDITIONS,3900,W,19TH ST,,"REPORTED, NOT EVIDENT",0,0,0,14,7,3,41.85512927,-87.72241116
07/27/2018 07:00:00 AM,30,TRAFFIC SIGNAL,CLEAR,DAYLIGHT,DIVIDED - W/MEDIAN (NOT RAISED),DRY,INJURY AND / OR TOW DUE TO CRASH,Y,FAILING TO YIELD RIGHT-OF-WAY,2400,W,MONTROSE AVE,,NONINCAPACITATING INJURY,0,0,1,7,6,7,41.96142173,-87.68874698
8/12/2023 16:30,15,NO CONTROLS,CLEAR,DAYLIGHT,ALLEY,DRY,NO INJURY / DRIVE AWAY,,DRIVING ON WRONG SIDE/WRONG WAY,4656,N,SPRINGFIELD AVE,,NO INDICATION OF INJURY,0,0,0,16,7,8,41.96624319,-87.7256769
9/4/2018 8:21,20,STOP SIGN/FLASHER,CLEAR,DAYLIGHT,NOT DIVIDED,DRY,NO INJURY / DRIVE AWAY,Y,FAILING TO REDUCE SPEED TO AVOID CRASH,5452,S,ELLIS AVE,,NO INDICATION OF INJURY,0,0,0,8,3,9,41.79642624,-87.60138382
08/27/2022 05:17:00 PM,35,STOP SIGN/FLASHER,CLEAR,DAYLIGHT,NOT DIVIDED,DRY,INJURY AND / OR TOW DUE TO CRASH,Y,UNABLE TO DETERMINE,9458,S,STONY ISLAND AVE,,INCAPACITATING INJURY,0,1,0,17,7,8,41.72237436,-87.58527627