CRASH_DATE,POSTED_SPEED_LIMIT,TRAFFIC_CONTROL_DEVICE,WEATHER_CONDITION,LIGHTING_CONDITION,TRAFFICWAY_TYPE,ROADWAY_SURFACE_COND,CRASH_TYPE,HIT_AND_RUN_I,PRIM_CONTRIBUTORY_CAUSE,STREET_NO,STREET_DIRECTION,STREET_NAME,DOORING_I,MOST_SEVERE_INJURY,INJURIES_FATAL,INJURIES_INCAPACITATING,INJURIES_NON_INCAPACITATING,CRASH_HOUR,CRASH_DAY_OF_WEEK,CRASH_MONTH,LATITUDE,LONGITUDE
09/17/2019 05:55:00 PM,30,NO CONTROLS,CLEAR,DAYLIGHT,NOT DIVIDED,DRY,INJURY AND / OR TOW DUE TO CRASH,Y,IMPROPER LANE USAGE,2410,W,ARMITAGE AVE,,"REPORTED, NOT EVIDENT",0,0,0,17,3,9,41.9176748,-87.68791531
03/17/2022 03:00:00 PM,30,TRAFFIC SIGNAL,CLEAR,DUSK,NOT DIVIDED,DRY,INJURY AND / OR TOW DUE TO CRASH,Y,FAILING TO YIELD RIGHT-OF-WAY,3600,N,ELSTON AVE,,"REPORTED, NOT EVIDENT",0,0,0,15,5,3,41.94654917,-87.70895263
12/9/2016 15:30,30,NO CONTROLS,UNKNOWN,UNKNOWN,DIVIDED - W/MEDIAN (NOT RAISED),OTHER,NO INJURY / DRIVE AWAY,,NOT APPLICABLE,2200,S,MARSHALL BLVD,,NO INDICATION OF INJURY,0,0,0,15,6,12,41.85175966,-87.69923313
8/4/2021 15:20,30,NO CONTROLS,CLEAR,DAYLIGHT,ONE-WAY,DRY,INJURY AND / OR TOW DUE TO CRASH,,"VISION OBSCURED (SIGNS, TREE LIMBS, BUILDINGS, ETC.)",742,N,CHRISTIANA AVE,,"REPORTED, NOT EVIDENT",0,0,0,15,4,8,41.89496955,-87.7103464
5/12/2022 23:08,25,TRAFFIC SIGNAL,CLEAR,"DARKNESS, LIGHTED ROAD",FOUR WAY,DRY,INJURY AND / OR TOW DUE TO CRASH,Y,UNABLE TO DETERMINE,148,N,MICHIGAN AVE,,NONINCAPACITATING INJURY,0,0,1,23,5,5,41.88440613,-87.62459604
10/19/2019 04:00:00 PM,30,STOP SIGN/FLASHER,CLEAR,DAYLIGHT,NOT DIVIDED,DRY,INJURY AND / OR TOW DUE TO CRASH,,FAILING TO YIELD RIGHT-OF-WAY,6200,S,NARRAGANSETT AVE,,NONINCAPACITATING INJURY,0,0,1,16,7,10,41.77941341,-87.78147472
10/7/2018 2:40,30,NO CONTROLS,CLEAR,"DARKNESS, LIGHTED ROAD",NOT DIVIDED,UNKNOWN,INJURY AND / OR TOW DUE TO CRASH,,FAILING TO YIELD RIGHT-OF-WAY,2443,N,MILWAUKEE AVE,Y,NONINCAPACITATING INJURY,0,0,1,2,1,10,41.92570399,-87.70168564
12/4/2019 16:25,30,BICYCLE CROSSING SIGN,CLEAR,DAYLIGHT,FOUR WAY,DRY,NO INJURY / DRIVE AWAY,Y,FAILING TO YIELD RIGHT-OF-WAY,717,N,MILWAUKEE AVE,,NO INDICATION OF INJURY,0,0,0,16,4,12,41.89476244,-87.65289753
8/5/2022 10:10,30,NO CONTROLS,CLEAR,"DARKNESS, LIGHTED ROAD",NOT DIVIDED,UNKNOWN,INJURY AND / OR TOW DUE TO CRASH,,IMPROPER BACKING,2844,N,BROADWAY,,"REPORTED, NOT EVIDENT",0,0,0,10,6,8,41.93403617,-87.64455373
06/17/2023 06:25:00 PM,30,NO CONTROLS,UNKNOWN,UNKNOWN,DIVIDED - W/MEDIAN (NOT RAISED),UNKNOWN,INJURY AND / OR TOW DUE TO CRASH,,UNABLE TO DETERMINE,1275,N,CLYBOURN AVE,,NONINCAPACITATING INJURY,0,0,1,18,7,6,41.90530368,-87.64149287
06/25/2020 02:08:00 PM,30,STOP SIGN/FLASHER,CLEAR,DAYLIGHT,FOUR WAY,DRY,INJURY AND / OR TOW DUE TO CRASH,Y,UNABLE TO DETERMINE,7100,S,MICHIGAN AVE,,NONINCAPACITATING INJURY,0,0,1,14,5,6,41.76548541,-87.62183435
05/25/2017 06:50:00 PM,30,NO CONTROLS,CLEAR,DAYLIGHT,NOT DIVIDED,DRY,NO INJURY / DRIVE AWAY,,UNABLE TO DETERMINE,1726,N,DAMEN AVE,,NO INDICATION OF INJURY,0,0,0,18,5,5,41.91311099,-87.6776703
7/10/2018 18:42,30,NO CONTROLS,CLEAR,DAYLIGHT,DIVIDED - W/MEDIAN (NOT RAISED),DRY,INJURY AND / OR TOW DUE TO CRASH,,UNABLE TO DETERMINE,3400,W,LAWRENCE AVE,Y,NONINCAPACITATING INJURY,0,0,1,18,3,7,41.96851014,-87.71342578
12/23/2020 04:37:00 PM,30,TRAFFIC SIGNAL,RAIN,"DARKNESS, LIGHTED ROAD",NOT DIVIDED,WET,INJURY AND / OR TOW DUE TO CRASH,,UNABLE TO DETERMINE,3851,S,KEDZIE AVE,,NONINCAPACITATING INJURY,0,0,1,16,4,12,41.82283991,-87.70425811
07/31/2017 07:56:00 PM,30,NO CONTROLS,CLEAR,"DARKNESS, LIGHTED ROAD",ONE-WAY,DRY,INJURY AND / OR TOW DUE TO CRASH,,FAILING TO YIELD RIGHT-OF-WAY,5637,S,KEELER AVE,,NONINCAPACITATING INJURY,0,0,1,19,2,7,41.79032592,-87.72783552
11/20/2017 01:36:00 PM,30,UNKNOWN,UNKNOWN,UNKNOWN,NOT DIVIDED,UNKNOWN,INJURY AND / OR TOW DUE TO CRASH,Y,UNABLE TO DETERMINE,7100,S,PRINCETON AVE,,NONINCAPACITATING INJURY,0,0,1,13,2,11,41.76530254,-87.63235621
8/1/2018 17:50,30,STOP SIGN/FLASHER,CLEAR,DAYLIGHT,NOT DIVIDED,DRY,INJURY AND / OR TOW DUE TO CRASH,Y,FAILING TO YIELD RIGHT-OF-WAY,430,N,FRANKLIN ST,,"REPORTED, NOT EVIDENT",0,0,0,17,4,8,41.89000113,-87.63568286
10/24/2021 04:30:00 PM,30,NO CONTROLS,CLEAR,DAYLIGHT,NOT DIVIDED,DRY,INJURY AND / OR TOW DUE TO CRASH,,FAILING TO YIELD RIGHT-OF-WAY,2556,W,DEVON AVE,N,NONINCAPACITATING INJURY,0,0,1,16,1,10,41.99775896,-87.69462301
10/20/2018 02:10:00 PM,20,NO CONTROLS,CLEAR,DAYLIGHT,DIVIDED - W/MEDIAN (NOT RAISED),DRY,INJURY AND / OR TOW DUE TO CRASH,,"VISION OBSCURED (SIGNS, TREE LIMBS, BUILDINGS, ETC.)",1740,W,WEBSTER AVE,Y,NONINCAPACITATING INJURY,0,0,1,14,7,10,41.92159919,-87.67216193
04/26/2022 11:00:00 AM,30,NO CONTROLS,CLEAR,DAYLIGHT,NOT DIVIDED,UNKNOWN,INJURY AND / OR TOW DUE TO CRASH,Y,FAILING TO YIELD RIGHT-OF-WAY,1732,W,GREENLEAF AVE,,NONINCAPACITATING INJURY,0,0,1,11,3,4,42.01031812,-87.67371607
7/11/2020 18:30,30,TRAFFIC SIGNAL,CLEAR,DAYLIGHT,NOT DIVIDED,DRY,NO INJURY / DRIVE AWAY,,UNABLE TO DETERMINE,800,W,OAKDALE AVE,,NO INDICATION OF INJURY,0,0,0,18,7,7,41.93556532,-87.64923255
06/24/2020 09:30:00 AM,30,TRAFFIC SIGNAL,CLEAR,DAYLIGHT,FOUR WAY,DRY,INJURY AND / OR TOW DUE TO CRASH,,FAILING TO YIELD RIGHT-OF-WAY,100,S,HALSTED ST,,NONINCAPACITATING INJURY,0,0,1,9,4,6,41.8804262,-87.64746685
11/27/2020 02:15:00 PM,10,NO CONTROLS,CLEAR,DAYLIGHT,ALLEY,DRY,INJURY AND / OR TOW DUE TO CRASH,,FAILING TO REDUCE SPEED TO AVOID CRASH,4054,N,KEDZIE AVE,,NONINCAPACITATING INJURY,0,0,1,14,6,11,41.95553133,-87.70820786
7/3/2022 0:30,30,NO CONTROLS,CLEAR,"DARKNESS, LIGHTED ROAD",NOT DIVIDED,DRY,INJURY AND / OR TOW DUE TO CRASH,Y,UNABLE TO DETERMINE,3511,W,BELMONT AVE,,NONINCAPACITATING INJURY,0,0,1,0,1,7,41.93912927,-87.71551845
09/16/2019 05:23:00 PM,30,NO CONTROLS,CLEAR,DAYLIGHT,ONE-WAY,DRY,INJURY AND / OR TOW DUE TO CRASH,Y,FOLLOWING TOO CLOSELY,198,W,MADISON ST,,NONINCAPACITATING INJURY,0,0,1,17,2,9,41.88205593,-87.63375232
05/15/2017 09:05:00 AM,30,NO CONTROLS,CLEAR,DAYLIGHT,NOT DIVIDED,DRY,INJURY AND / OR TOW DUE TO CRASH,,FOLLOWING TOO CLOSELY,644,N,MILWAUKEE AVE,,NONINCAPACITATING INJURY,0,0,1,9,2,5,41.89322274,-87.65096001
09/27/2019 04:50:00 PM,30,NO CONTROLS,RAIN,DAYLIGHT,ONE-WAY,WET,INJURY AND / OR TOW DUE TO CRASH,,DRIVING ON WRONG SIDE/WRONG WAY,1399,W,WASHINGTON BLVD,,NONINCAPACITATING INJURY,0,0,1,16,6,9,41.88279021,-87.66222476
9/11/2019 8:25,20,TRAFFIC SIGNAL,CLEAR,DAYLIGHT,DIVIDED - W/MEDIAN BARRIER,DRY,INJURY AND / OR TOW DUE TO CRASH,,DISREGARDING TRAFFIC SIGNALS,800,S,ASHLAND AVE,,NONINCAPACITATING INJURY,0,0,1,8,4,9,41.87156599,-87.66667541
11/7/2017 19:00,30,STOP SIGN/FLASHER,CLEAR,"DARKNESS, LIGHTED ROAD",OTHER,DRY,INJURY AND / OR TOW DUE TO CRASH,,UNABLE TO DETERMINE,1999,W,HUBBARD ST,,NONINCAPACITATING INJURY,0,0,1,19,3,11,41.88961721,-87.67684058
9/3/2017 11:50,30,NO CONTROLS,CLEAR,DAYLIGHT,NOT DIVIDED,DRY,INJURY AND / OR TOW DUE TO CRASH,,DRIVING SKILLS/KNOWLEDGE/EXPERIENCE,3556,N,SOUTHPORT AVE,Y,NONINCAPACITATING INJURY,0,0,1,11,1,9,41.94695544,-87.66415939
10/14/2017 07:26:00 PM,30,NO CONTROLS,RAIN,"DARKNESS, LIGHTED ROAD",NOT DIVIDED,WET,INJURY AND / OR TOW DUE TO CRASH,Y,UNABLE TO DETERMINE,3233,W,ROOSEVELT RD,,NONINCAPACITATING INJURY,0,0,1,19,7,10,41.86628335,-87.70682008
6/6/2017 7:30,30,NO CONTROLS,CLEAR,DAYLIGHT,NOT DIVIDED,DRY,NO INJURY / DRIVE AWAY,,UNABLE TO DETERMINE,4106,W,WRIGHTWOOD AVE,,NO INDICATION OF INJURY,0,0,0,7,3,6,41.92818686,-87.72982206
3/1/2023 14:35,30,NO CONTROLS,CLEAR,DAYLIGHT,NOT DIVIDED,DRY,INJURY AND / OR TOW DUE TO CRASH,,IMPROPER LANE USAGE,2758,W,PETERSON AVE,,NONINCAPACITATING INJURY,0,0,1,14,4,3,41.99055279,-87.69934264
1/6/2020 22:25,30,STOP SIGN/FLASHER,CLEAR,"DARKNESS, LIGHTED ROAD",FOUR WAY,UNKNOWN,INJURY AND / OR TOW DUE TO CRASH,,FAILING TO YIELD RIGHT-OF-WAY,2300,S,SACRAMENTO AVE,,INCAPACITATING INJURY,0,1,0,22,2,1,41.84992324,-87.70044617
08/27/2021 05:15:00 PM,25,NO CONTROLS,CLEAR,DAYLIGHT,OTHER,DRY,INJURY AND / OR TOW DUE TO CRASH,,UNABLE TO DETERMINE,2700,S,LAKE SHORE DR SB,,NONINCAPACITATING INJURY,0,0,1,17,6,8,41.8444813,-87.61126448
09/21/2017 09:15:00 PM,40,NO CONTROLS,RAIN,DARKNESS,NOT DIVIDED,DRY,INJURY AND / OR TOW DUE TO CRASH,,PHYSICAL CONDITION OF DRIVER,3200,N,LAKE SHORE DR NB,,INCAPACITATING INJURY,0,1,0,21,5,9,41.9404429,-87.63863354
09/23/2017 02:22:00 PM,30,NO CONTROLS,CLEAR,DAYLIGHT,DIVIDED - W/MEDIAN (NOT RAISED),DRY,NO INJURY / DRIVE AWAY,,UNABLE TO DETERMINE,1320,N,MILWAUKEE AVE,Y,NO INDICATION OF INJURY,0,0,0,14,7,9,41.90562351,-87.67025353
03/18/2022 03:26:00 PM,30,TRAFFIC SIGNAL,RAIN,DAYLIGHT,FOUR WAY,WET,INJURY AND / OR TOW DUE TO CRASH,,IMPROPER TURNING/NO SIGNAL,43,W,HARRISON ST,,NONINCAPACITATING INJURY,0,0,1,15,6,3,41.87442944,-87.62923071
01/17/2022 03:42:00 PM,30,TRAFFIC SIGNAL,CLEAR,DAYLIGHT,FOUR WAY,ICE,INJURY AND / OR TOW DUE TO CRASH,,FAILING TO YIELD RIGHT-OF-WAY,439,W,26TH ST,,NONINCAPACITATING INJURY,0,0,1,15,2,1,41.84532717,-87.63829506
06/18/2021 02:10:00 PM,30,TRAFFIC SIGNAL,CLEAR,DAYLIGHT,NOT DIVIDED,DRY,INJURY AND / OR TOW DUE TO CRASH,,DISREGARDING TRAFFIC SIGNALS,171,W,SUPERIOR ST,,NONINCAPACITATING INJURY,0,0,1,14,6,6,41.89548606,-87.63409799
10/7/2017 14:00,25,NO CONTROLS,CLEAR,DAYLIGHT,OTHER,DRY,INJURY AND / OR TOW DUE TO CRASH,,UNABLE TO DETERMINE,9529,S,WESTERN AVE,,NONINCAPACITATING INJURY,0,0,1,14,7,10,41.72005515,-87.68188974
08/17/2020 02:00:00 PM,25,STOP SIGN/FLASHER,CLEAR,DAYLIGHT,ONE-WAY,DRY,INJURY AND / OR TOW DUE TO CRASH,,UNABLE TO DETERMINE,6200,W,ROSCOE ST,,NONINCAPACITATING INJURY,0,0,1,14,2,8,41.94216298,-87.78134356
10/13/2017 04:33:00 PM,25,STOP SIGN/FLASHER,CLEAR,DAYLIGHT,NOT DIVIDED,DRY,INJURY AND / OR TOW DUE TO CRASH,,FAILING TO YIELD RIGHT-OF-WAY,2231,W,91ST ST,,NONINCAPACITATING INJURY,0,0,1,16,6,10,41.72818,-87.67857668
6/8/2016 18:00,30,TRAFFIC SIGNAL,CLEAR,DAYLIGHT,ONE-WAY,DRY,INJURY AND / OR TOW DUE TO CRASH,,FAILING TO YIELD RIGHT-OF-WAY,100,N,CLINTON ST,,NONINCAPACITATING INJURY,0,0,1,18,4,6,41.8832369,-87.64138162
6/9/2018 20:10,0,NO CONTROLS,CLEAR,UNKNOWN,DIVIDED - W/MEDIAN BARRIER,DRY,NO INJURY / DRIVE AWAY,,UNABLE TO DETERMINE,807,W,KINZIE ST,,NO INDICATION OF INJURY,0,0,0,20,7,6,41.88893668,-87.64785491
05/29/2022 10:15:00 PM,30,NO CONTROLS,CLEAR,"DARKNESS, LIGHTED ROAD",ALLEY,DRY,INJURY AND / OR TOW DUE TO CRASH,Y,UNABLE TO DETERMINE,4769,W,DEVON AVE,,NONINCAPACITATING INJURY,0,0,1,22,1,5,41.99717783,-87.74828349
10/11/2023 10:49,30,NO CONTROLS,CLEAR,DAYLIGHT,NOT DIVIDED,DRY,INJURY AND / OR TOW DUE TO CRASH,N,FAILING TO YIELD RIGHT-OF-WAY,3099,W,LAWRENCE AVE,,NONINCAPACITATING INJURY,0,0,1,10,4,10,41.96836614,-87.7059696
04/23/2019 02:00:00 PM,30,TRAFFIC SIGNAL,CLEAR,DAYLIGHT,NOT DIVIDED,DRY,NO INJURY / DRIVE AWAY,,UNABLE TO DETERMINE,600,S,CALIFORNIA AVE,,NO INDICATION OF INJURY,0,0,0,14,3,4,41.87374488,-87.69624599
04/19/2020 03:35:00 PM,30,NO CONTROLS,CLEAR,DAYLIGHT,DIVIDED - W/MEDIAN (NOT RAISED),DRY,INJURY AND / OR TOW DUE TO CRASH,,"VISION OBSCURED (SIGNS, TREE LIMBS, BUILDINGS, ETC.)",2909,W,ARMITAGE AVE,,NONINCAPACITATING INJURY,0,0,1,15,1,4,41.91735485,-87.69964956
10/19/2021 03:05:00 PM,30,NO CONTROLS,CLEAR,DAYLIGHT,ONE-WAY,DRY,INJURY AND / OR TOW DUE TO CRASH,,IMPROPER OVERTAKING/PASSING,10,S,DEARBORN ST,,NONINCAPACITATING INJURY,0,0,1,15,3,10,41.88180696,-87.62954312
10/7/2018 18:16,30,TRAFFIC SIGNAL,RAIN,"DARKNESS, LIGHTED ROAD",NOT DIVIDED,WET,INJURY AND / OR TOW DUE TO CRASH,,DISREGARDING OTHER TRAFFIC SIGNS,6501,S,COTTAGE GROVE AVE,,NONINCAPACITATING INJURY,0,0,1,18,1,10,41.77668884,-87.60570035
07/17/2019 04:10:00 PM,30,STOP SIGN/FLASHER,CLEAR,DAYLIGHT,NOT DIVIDED,DRY,INJURY AND / OR TOW DUE TO CRASH,Y,DISREGARDING STOP SIGN,4500,W,ARMITAGE AVE,,NONINCAPACITATING INJURY,0,0,1,16,4,7,41.91712581,-87.73884528
12/6/2021 12:45,30,STOP SIGN/FLASHER,CLEAR,DAYLIGHT,FOUR WAY,DRY,NO INJURY / DRIVE AWAY,,UNABLE TO DETERMINE,3400,N,NATOMA AVE,,NO INDICATION OF INJURY,0,0,0,12,2,12,41.94197276,-87.79233049
2/6/2018 21:43,30,TRAFFIC SIGNAL,SNOW,"DARKNESS, LIGHTED ROAD",NOT DIVIDED,WET,INJURY AND / OR TOW DUE TO CRASH,,UNABLE TO DETERMINE,1711,W,PETERSON AVE,,NONINCAPACITATING INJURY,0,0,1,21,3,2,41.99067083,-87.67213596
06/23/2018 06:03:00 PM,10,NO CONTROLS,CLEAR,DAYLIGHT,PARKING LOT,DRY,INJURY AND / OR TOW DUE TO CRASH,,UNABLE TO DETERMINE,520,W,TAYLOR ST,,NONINCAPACITATING INJURY,0,0,1,18,7,6,41.8698556,-87.64027031
11/27/2018 07:29:00 AM,30,TRAFFIC SIGNAL,SNOW,DAYLIGHT,OTHER,WET,INJURY AND / OR TOW DUE TO CRASH,,FAILING TO YIELD RIGHT-OF-WAY,798,W,ROOT ST,,"REPORTED, NOT EVIDENT",0,0,0,7,3,11,41.81907206,-87.64574163
07/13/2019 01:17:00 AM,30,TRAFFIC SIGNAL,CLEAR,"DARKNESS, LIGHTED ROAD",DIVIDED - W/MEDIAN (NOT RAISED),DRY,INJURY AND / OR TOW DUE TO CRASH,,UNDER THE INFLUENCE OF ALCOHOL/DRUGS (USE WHEN ARREST IS EFFECTED),6301,N,SHERIDAN RD,,INCAPACITATING INJURY,0,1,0,1,7,7,41.99651507,-87.65543656
09/17/2016 04:04:00 PM,25,NO CONTROLS,CLEAR,DAYLIGHT,ALLEY,DRY,INJURY AND / OR TOW DUE TO CRASH,,UNABLE TO DETERMINE,1622,E,68TH ST,,"REPORTED, NOT EVIDENT",0,0,0,16,7,9,41.77162521,-87.5851317
8/7/2017 18:25,30,NO CONTROLS,CLEAR,DAYLIGHT,NOT DIVIDED,DRY,NO INJURY / DRIVE AWAY,,FAILING TO REDUCE SPEED TO AVOID CRASH,570,W,ROOSEVELT RD,,NO INDICATION OF INJURY,0,0,0,18,2,8,41.86733048,-87.64211743
06/24/2021 04:20:00 PM,30,NO CONTROLS,RAIN,DAYLIGHT,NOT DIVIDED,WET,INJURY AND / OR TOW DUE TO CRASH,,FAILING TO YIELD RIGHT-OF-WAY,3400,W,LAWRENCE AVE,Y,NONINCAPACITATING INJURY,0,0,1,16,5,6,41.96851014,-87.71342578
09/13/2017 06:10:00 PM,30,NO CONTROLS,CLEAR,DUSK,ONE-WAY,DRY,INJURY AND / OR TOW DUE TO CRASH,,UNABLE TO DETERMINE,5804,S,KEELER AVE,Y,NONINCAPACITATING INJURY,0,0,1,18,4,9,41.78753292,-87.72804722
12/4/2018 15:18,30,TRAFFIC SIGNAL,CLEAR,DAYLIGHT,ONE-WAY,DRY,INJURY AND / OR TOW DUE TO CRASH,,FAILING TO REDUCE SPEED TO AVOID CRASH,24,N,WELLS ST,,NONINCAPACITATING INJURY,0,0,1,15,3,12,41.882548,-87.63399416
05/16/2017 05:50:00 PM,30,NO CONTROLS,CLEAR,DAYLIGHT,DIVIDED - W/MEDIAN (NOT RAISED),DRY,NO INJURY / DRIVE AWAY,Y,UNABLE TO DETERMINE,1030,N,HALSTED ST,,NO INDICATION OF INJURY,0,0,0,17,3,5,41.90107825,-87.64810948
09/26/2017 08:00:00 AM,30,NO CONTROLS,CLEAR,DAYLIGHT,DIVIDED - W/MEDIAN (NOT RAISED),DRY,INJURY AND / OR TOW DUE TO CRASH,,FAILING TO YIELD RIGHT-OF-WAY,2143,W,DIVISION ST,,"REPORTED, NOT EVIDENT",0,0,0,8,3,9,41.90300855,-87.6814089
07/22/2017 07:15:00 PM,30,NO CONTROLS,CLEAR,DAYLIGHT,NOT DIVIDED,DRY,NO INJURY / DRIVE AWAY,,UNABLE TO DETERMINE,1825,W,DIVISION ST,,NO INDICATION OF INJURY,0,0,0,19,7,7,41.90314001,-87.67339257
10/24/2019 03:30:00 PM,30,TRAFFIC SIGNAL,CLEAR,DAYLIGHT,NOT DIVIDED,DRY,INJURY AND / OR TOW DUE TO CRASH,,OBSTRUCTED CROSSWALKS,7058,S,JEFFERY BLVD,N,"REPORTED, NOT EVIDENT",0,0,0,15,5,10,41.76632849,-87.57645117
05/31/2018 08:30:00 PM,30,TRAFFIC SIGNAL,CLEAR,DUSK,NOT DIVIDED,DRY,INJURY AND / OR TOW DUE TO CRASH,,FAILING TO REDUCE SPEED TO AVOID CRASH,91,N,CENTRAL AVE,Y,NONINCAPACITATING INJURY,0,0,1,20,5,5,41.88214869,-87.76477378
06/23/2022 06:00:00 PM,30,TRAFFIC SIGNAL,CLEAR,DAYLIGHT,FOUR WAY,DRY,INJURY AND / OR TOW DUE TO CRASH,,FAILING TO YIELD RIGHT-OF-WAY,2484,S,HALSTED ST,,"REPORTED, NOT EVIDENT",0,0,0,18,5,6,41.8472342,-87.64663771
08/31/2018 02:30:00 PM,30,TRAFFIC SIGNAL,CLEAR,DAYLIGHT,OTHER,DRY,NO INJURY / DRIVE AWAY,,IMPROPER BACKING,1167,W,18TH ST,,NO INDICATION OF INJURY,0,0,0,14,6,8,41.8578535,-87.65584444
11/18/2019 07:00:00 PM,30,NO CONTROLS,CLEAR,"DARKNESS, LIGHTED ROAD",DRIVEWAY,DRY,NO INJURY / DRIVE AWAY,,IMPROPER TURNING/NO SIGNAL,168,N,CLINTON ST,,NO INDICATION OF INJURY,0,0,0,19,2,11,41.88519218,-87.64144089
10/6/2018 16:02,30,NO CONTROLS,CLEAR,DAYLIGHT,NOT DIVIDED,WET,NO INJURY / DRIVE AWAY,,IMPROPER LANE USAGE,1337,N,WELLS ST,Y,NO INDICATION OF INJURY,0,0,0,16,7,10,41.90685307,-87.63443357
10/21/2020 06:11:00 PM,30,NO CONTROLS,RAIN,"DARKNESS, LIGHTED ROAD",DIVIDED - W/MEDIAN (NOT RAISED),WET,NO INJURY / DRIVE AWAY,,NOT APPLICABLE,26,S,STATE ST,,NO INDICATION OF INJURY,0,0,0,18,4,10,41.88138972,-87.62789646
06/15/2018 12:02:00 AM,20,STOP SIGN/FLASHER,CLEAR,"DARKNESS, LIGHTED ROAD",NOT DIVIDED,DRY,INJURY AND / OR TOW DUE TO CRASH,Y,DISREGARDING STOP SIGN,12400,S,LA SALLE ST,N,NONINCAPACITATING INJURY,0,0,1,0,6,6,41.66879259,-87.62610073
6/9/2023 12:40,30,TRAFFIC SIGNAL,CLEAR,DAYLIGHT,NOT DIVIDED,DRY,NO INJURY / DRIVE AWAY,Y,UNABLE TO DETERMINE,2350,W,NORTH AVE,,NO INDICATION OF INJURY,0,0,0,12,6,6,41.91043713,-87.68682379
8/5/2019 20:58,30,STOP SIGN/FLASHER,CLEAR,"DARKNESS, LIGHTED ROAD",NOT DIVIDED,DRY,INJURY AND / OR TOW DUE TO CRASH,,DISREGARDING STOP SIGN,3158,W,HOMER ST,,NONINCAPACITATING INJURY,0,0,1,20,2,8,41.9166115,-87.70685952
08/29/2020 07:00:00 PM,30,STOP SIGN/FLASHER,CLEAR,DAWN,NOT DIVIDED,DRY,INJURY AND / OR TOW DUE TO CRASH,Y,UNABLE TO DETERMINE,2500,N,MARMORA AVE,,NONINCAPACITATING INJURY,0,0,1,19,7,8,41.92578175,-87.77349793
12/4/2017 9:00,30,STOP SIGN/FLASHER,UNKNOWN,DAYLIGHT,NOT DIVIDED,UNKNOWN,NO INJURY / DRIVE AWAY,N,UNABLE TO DETERMINE,352,S,CICERO AVE,,NO INDICATION OF INJURY,0,0,0,9,2,12,41.87517828,-87.74521903
05/23/2023 09:29:00 AM,30,NO CONTROLS,CLEAR,DAYLIGHT,NOT DIVIDED,DRY,INJURY AND / OR TOW DUE TO CRASH,,UNABLE TO DETERMINE,1460,N,HALSTED ST,Y,NONINCAPACITATING INJURY,0,0,1,9,3,5,41.90816932,-87.64834802
09/21/2017 07:54:00 AM,25,NO CONTROLS,CLEAR,DAYLIGHT,ONE-WAY,UNKNOWN,INJURY AND / OR TOW DUE TO CRASH,,NOT APPLICABLE,6010,N,OAKLEY AVE,,INCAPACITATING INJURY,0,1,0,7,5,9,41.99090353,-87.68736391
06/14/2022 01:36:00 AM,20,NO CONTROLS,CLEAR,"DARKNESS, LIGHTED ROAD",NOT DIVIDED,DRY,INJURY AND / OR TOW DUE TO CRASH,Y,FAILING TO REDUCE SPEED TO AVOID CRASH,1959,W,47TH ST,,NONINCAPACITATING INJURY,0,0,1,1,3,6,41.80840094,-87.67462402
08/28/2017 09:20:00 PM,30,NO CONTROLS,CLEAR,"DARKNESS, LIGHTED ROAD",NOT DIVIDED,DRY,INJURY AND / OR TOW DUE TO CRASH,,UNABLE TO DETERMINE,8325,S,ASHLAND AVE,,"REPORTED, NOT EVIDENT",0,0,0,21,2,8,41.74230753,-87.66308865
09/14/2022 11:55:00 AM,30,NO CONTROLS,CLEAR,DAYLIGHT,NOT DIVIDED,DRY,INJURY AND / OR TOW DUE TO CRASH,,UNABLE TO DETERMINE,4601,W,ADDISON ST,,"REPORTED, NOT EVIDENT",0,0,0,11,4,9,41.94607298,-87.74255925
02/15/2019 06:30:00 PM,35,NO CONTROLS,CLEAR,DARKNESS,DIVIDED - W/MEDIAN (NOT RAISED),DRY,INJURY AND / OR TOW DUE TO CRASH,,UNABLE TO DETERMINE,754,W,BELDEN AVE,,NONINCAPACITATING INJURY,0,0,1,18,6,2,41.92374248,-87.6484822
04/17/2016 05:15:00 PM,30,NO CONTROLS,CLEAR,DAYLIGHT,NOT DIVIDED,DRY,INJURY AND / OR TOW DUE TO CRASH,Y,UNABLE TO DETERMINE,1369,N,MILWAUKEE AVE,Y,NONINCAPACITATING INJURY,0,0,1,17,1,4,41.90680013,-87.67164245
09/25/2019 04:00:00 PM,20,NO CONTROLS,CLEAR,DAYLIGHT,NOT DIVIDED,DRY,INJURY AND / OR TOW DUE TO CRASH,,"VISION OBSCURED (SIGNS, TREE LIMBS, BUILDINGS, ETC.)",6700,W,FOSTER AVE,,NONINCAPACITATING INJURY,0,0,1,16,4,9,41.97570205,-87.79520759
6/5/2018 8:45,30,STOP SIGN/FLASHER,CLEAR,DAYLIGHT,OTHER,DRY,INJURY AND / OR TOW DUE TO CRASH,,FAILING TO YIELD RIGHT-OF-WAY,2630,N,KIMBALL AVE,,NONINCAPACITATING INJURY,0,0,1,8,3,6,41.92933201,-87.71237288
09/29/2022 10:05:00 AM,30,TRAFFIC SIGNAL,CLEAR,DAYLIGHT,NOT DIVIDED,DRY,NO INJURY / DRIVE AWAY,,UNABLE TO DETERMINE,1030,W,CHICAGO AVE,,NO INDICATION OF INJURY,0,0,0,10,5,9,41.89640005,-87.65374951