CRASH_DATE,POSTED_SPEED_LIMIT,TRAFFIC_CONTROL_DEVICE,WEATHER_CONDITION,LIGHTING_CONDITION,TRAFFICWAY_TYPE,ROADWAY_SURFACE_COND,CRASH_TYPE,HIT_AND_RUN_I,PRIM_CONTRIBUTORY_CAUSE,STREET_NO,STREET_DIRECTION,STREET_NAME,DOORING_I,MOST_SEVERE_INJURY,INJURIES_FATAL,INJURIES_INCAPACITATING,INJURIES_NON_INCAPACITATING,CRASH_HOUR,CRASH_DAY_OF_WEEK,CRASH_MONTH,LATITUDE,LONGITUDE
05/29/2023 12:27:00 PM,30,TRAFFIC SIGNAL,CLEAR,DAYLIGHT,NOT DIVIDED,DRY,INJURY AND / OR TOW DUE TO CRASH,,FAILING TO YIELD RIGHT-OF-WAY,5998,W,IRVING PARK RD,Y,NONINCAPACITATING INJURY,0,0,1,12,2,5,41.95316782,-87.77672039
05/24/2021 07:02:00 PM,30,NO CONTROLS,CLEAR,DAYLIGHT,NOT DIVIDED,DRY,NO INJURY / DRIVE AWAY,Y,UNABLE TO DETERMINE,4257,W,26TH ST,,NO INDICATION OF INJURY,0,0,0,19,2,5,41.8440439,-87.73172655
10/5/2017 16:28,30,OTHER,CLEAR,DAYLIGHT,NOT DIVIDED,DRY,INJURY AND / OR TOW DUE TO CRASH,,UNABLE TO DETERMINE,376,W,ERIE ST,,NONINCAPACITATING INJURY,0,0,1,16,5,10,41.89404429,-87.6384588
08/17/2023 02:45:00 PM,30,NO CONTROLS,CLEAR,DAYLIGHT,NOT DIVIDED,DRY,NO INJURY / DRIVE AWAY,Y,FAILING TO YIELD RIGHT-OF-WAY,3201,W,LAWRENCE AVE,,NO INDICATION OF INJURY,0,0,0,14,5,8,41.9683411,-87.70852888
9/9/2023 13:45,30,NO CONTROLS,CLEAR,DAYLIGHT,DIVIDED - W/MEDIAN (NOT RAISED),DRY,INJURY AND / OR TOW DUE TO CRASH,Y,DISREGARDING ROAD MARKINGS,3219,N,LINCOLN AVE,,NONINCAPACITATING INJURY,0,0,1,13,7,9,41.94019558,-87.66885548
07/13/2022 05:45:00 PM,15,STOP SIGN/FLASHER,CLEAR,DAYLIGHT,NOT DIVIDED,DRY,INJURY AND / OR TOW DUE TO CRASH,Y,UNABLE TO DETERMINE,586,E,WALDRON DR,,"REPORTED, NOT EVIDENT",0,0,0,17,4,7,41.86051038,-87.6128731
6/7/2021 17:35,30,TRAFFIC SIGNAL,CLEAR,DAYLIGHT,NOT DIVIDED,DRY,INJURY AND / OR TOW DUE TO CRASH,,UNABLE TO DETERMINE,1071,N,MILWAUKEE AVE,Y,NONINCAPACITATING INJURY,0,0,1,17,2,6,41.90131135,-87.66307303
10/21/2020 04:15:00 PM,20,STOP SIGN/FLASHER,CLEAR,DAYLIGHT,NOT DIVIDED,DRY,INJURY AND / OR TOW DUE TO CRASH,,FAILING TO REDUCE SPEED TO AVOID CRASH,653,N,FRANKLIN ST,,NONINCAPACITATING INJURY,0,0,1,16,4,10,41.8939325,-87.63549049
10/12/2019 9:48,20,STOP SIGN/FLASHER,CLEAR,DAYLIGHT,FOUR WAY,DRY,INJURY AND / OR TOW DUE TO CRASH,,DISREGARDING STOP SIGN,2900,S,PRINCETON AVE,,NONINCAPACITATING INJURY,0,0,1,9,7,10,41.84106331,-87.63432082
5/1/2020 14:30,30,NO CONTROLS,CLEAR,DAYLIGHT,ONE-WAY,DRY,NO INJURY / DRIVE AWAY,Y,UNABLE TO DETERMINE,1939,N,WILMOT AVE,,NO INDICATION OF INJURY,0,0,0,14,6,5,41.91686655,-87.68569404
9/12/2020 20:02,30,NO CONTROLS,RAIN,DARKNESS,DIVIDED - W/MEDIAN BARRIER,WET,NO INJURY / DRIVE AWAY,Y,UNABLE TO DETERMINE,2,S,CENTRAL AVE,,NO INDICATION OF INJURY,0,0,0,20,7,9,41.88019556,-87.76501015
09/13/2019 07:30:00 PM,30,UNKNOWN,CLEAR,UNKNOWN,NOT DIVIDED,DRY,NO INJURY / DRIVE AWAY,,UNABLE TO DETERMINE,1800,W,FOSTER AVE,,NO INDICATION OF INJURY,0,0,0,19,6,9,41.97620513,-87.67477655
01/13/2021 08:54:00 AM,30,STOP SIGN/FLASHER,CLEAR,DAYLIGHT,OTHER,WET,INJURY AND / OR TOW DUE TO CRASH,Y,"OPERATING VEHICLE IN ERRATIC, RECKLESS, CARELESS, NEGLIGENT OR AGGRESSIVE MANNER",901,W,RANDOLPH ST,,NONINCAPACITATING INJURY,0,0,1,8,4,1,41.8842567,-87.6498267
11/28/2018 07:00:00 PM,30,TRAFFIC SIGNAL,CLEAR,"DARKNESS, LIGHTED ROAD",ONE-WAY,DRY,INJURY AND / OR TOW DUE TO CRASH,,DISREGARDING TRAFFIC SIGNALS,926,N,RUSH ST,,"REPORTED, NOT EVIDENT",0,0,0,19,4,11,41.89988373,-87.62726599
6/7/2023 13:44,30,TRAFFIC SIGNAL,CLEAR,DAYLIGHT,NOT DIVIDED,DRY,NO INJURY / DRIVE AWAY,,IMPROPER OVERTAKING/PASSING,999,E,79TH ST,,NO INDICATION OF INJURY,0,0,0,13,4,6,41.75122784,-87.60039672
08/30/2017 04:40:00 PM,30,STOP SIGN/FLASHER,CLEAR,DAWN,DIVIDED - W/MEDIAN (NOT RAISED),DRY,INJURY AND / OR TOW DUE TO CRASH,,DISREGARDING STOP SIGN,6900,S,SANGAMON ST,,NONINCAPACITATING INJURY,0,0,2,16,4,8,41.76869321,-87.64828699
11/10/2022 17:55,30,STOP SIGN/FLASHER,CLEAR,"DARKNESS, LIGHTED ROAD",ONE-WAY,DRY,INJURY AND / OR TOW DUE TO CRASH,,UNABLE TO DETERMINE,3201,N,MAJOR AVE,,NONINCAPACITATING INJURY,0,0,1,17,5,11,41.93859292,-87.76878464
08/13/2021 09:00:00 AM,30,TRAFFIC SIGNAL,CLEAR,DAYLIGHT,FOUR WAY,DRY,INJURY AND / OR TOW DUE TO CRASH,,UNABLE TO DETERMINE,523,N,LA SALLE DR,,NONINCAPACITATING INJURY,0,0,1,9,6,8,41.89156689,-87.63243343
08/16/2023 07:30:00 PM,25,STOP SIGN/FLASHER,CLEAR,DAYLIGHT,FOUR WAY,DRY,INJURY AND / OR TOW DUE TO CRASH,,DISREGARDING STOP SIGN,10310,S,LEAVITT ST,,NONINCAPACITATING INJURY,0,0,1,19,4,8,41.70607463,-87.67692354
08/31/2019 08:25:00 PM,30,STOP SIGN/FLASHER,CLEAR,"DARKNESS, LIGHTED ROAD",DIVIDED - W/MEDIAN (NOT RAISED),DRY,INJURY AND / OR TOW DUE TO CRASH,,FAILING TO YIELD RIGHT-OF-WAY,1899,W,WRIGHTWOOD AVE,,NONINCAPACITATING INJURY,0,0,1,20,7,8,41.928591,-87.67395914
10/2/2019 15:25,35,STOP SIGN/FLASHER,RAIN,DUSK,NOT DIVIDED,WET,INJURY AND / OR TOW DUE TO CRASH,,UNABLE TO DETERMINE,4200,W,CHICAGO AVE,,NONINCAPACITATING INJURY,0,0,1,15,4,10,41.89538299,-87.73108238
06/28/2019 10:37:00 PM,30,TRAFFIC SIGNAL,CLEAR,"DARKNESS, LIGHTED ROAD",FOUR WAY,DRY,INJURY AND / OR TOW DUE TO CRASH,Y,IMPROPER TURNING/NO SIGNAL,3933,W,CERMAK RD,,"REPORTED, NOT EVIDENT",0,0,0,22,6,6,41.8514566,-87.72343304
08/21/2023 01:23:00 PM,30,UNKNOWN,CLEAR,DAYLIGHT,NOT DIVIDED,DRY,INJURY AND / OR TOW DUE TO CRASH,,FAILING TO YIELD RIGHT-OF-WAY,2626,N,MILWAUKEE AVE,Y,NONINCAPACITATING INJURY,0,0,1,13,2,8,41.9294297,-87.70821544
8/11/2021 19:33,30,NO CONTROLS,CLEAR,DAYLIGHT,NOT DIVIDED,DRY,INJURY AND / OR TOW DUE TO CRASH,,UNABLE TO DETERMINE,1544,W,18TH ST,Y,NONINCAPACITATING INJURY,0,0,1,19,4,8,41.85791848,-87.66550671
09/24/2022 06:51:00 PM,30,STOP SIGN/FLASHER,CLEAR,DARKNESS,DIVIDED - W/MEDIAN (NOT RAISED),DRY,INJURY AND / OR TOW DUE TO CRASH,,UNABLE TO DETERMINE,5498,N,CLARK ST,,NONINCAPACITATING INJURY,0,0,1,18,7,9,41.98161582,-87.66857116
04/24/2019 01:00:00 PM,30,NO CONTROLS,CLEAR,DAYLIGHT,DIVIDED - W/MEDIAN BARRIER,DRY,INJURY AND / OR TOW DUE TO CRASH,Y,IMPROPER LANE USAGE,1441,W,MADISON ST,,NONINCAPACITATING INJURY,0,0,1,13,4,4,41.88139733,-87.66354757
05/18/2018 01:30:00 PM,30,TRAFFIC SIGNAL,CLEAR,DAYLIGHT,OTHER,WET,INJURY AND / OR TOW DUE TO CRASH,Y,UNABLE TO DETERMINE,500,W,RANDOLPH ST,,NONINCAPACITATING INJURY,0,0,1,13,6,5,41.88455161,-87.63987424
04/25/2017 10:45:00 AM,30,TRAFFIC SIGNAL,CLEAR,DAYLIGHT,DIVIDED - W/MEDIAN (NOT RAISED),DRY,INJURY AND / OR TOW DUE TO CRASH,Y,FAILING TO YIELD RIGHT-OF-WAY,1800,S,ASHLAND AVE,,INCAPACITATING INJURY,0,1,0,10,3,4,41.85774877,-87.66628522
7/7/2021 14:30,30,TRAFFIC SIGNAL,CLEAR,DAYLIGHT,NOT DIVIDED,DRY,INJURY AND / OR TOW DUE TO CRASH,,UNABLE TO DETERMINE,2231,N,CALIFORNIA AVE,,NONINCAPACITATING INJURY,0,0,1,14,4,7,41.9226659,-87.69720658
06/16/2021 05:54:00 PM,30,TRAFFIC SIGNAL,CLEAR,DAYLIGHT,UNKNOWN INTERSECTION TYPE,DRY,INJURY AND / OR TOW DUE TO CRASH,,IMPROPER TURNING/NO SIGNAL,400,N,DEARBORN ST,,NONINCAPACITATING INJURY,0,0,1,17,4,6,41.88926953,-87.62973533
08/31/2023 06:21:00 PM,30,NO CONTROLS,CLEAR,DAYLIGHT,NOT DIVIDED,DRY,INJURY AND / OR TOW DUE TO CRASH,,UNABLE TO DETERMINE,5021,N,DAMEN AVE,Y,NONINCAPACITATING INJURY,0,0,1,18,5,8,41.97308148,-87.67916631
06/24/2021 12:20:00 AM,20,NO CONTROLS,CLEAR,"DARKNESS, LIGHTED ROAD",NOT DIVIDED,DRY,INJURY AND / OR TOW DUE TO CRASH,,PHYSICAL CONDITION OF DRIVER,3041,N,RACINE AVE,,NONINCAPACITATING INJURY,0,0,1,0,5,6,41.93744637,-87.65873526
10/21/2017 09:35:00 PM,30,NO CONTROLS,CLEAR,"DARKNESS, LIGHTED ROAD",NOT DIVIDED,DRY,INJURY AND / OR TOW DUE TO CRASH,,NOT APPLICABLE,429,E,43RD ST,Y,NONINCAPACITATING INJURY,0,0,1,21,7,10,41.81654962,-87.61532282
10/11/2021 9:19,30,STOP SIGN/FLASHER,CLEAR,DAYLIGHT,FOUR WAY,DRY,INJURY AND / OR TOW DUE TO CRASH,,UNABLE TO DETERMINE,4300,S,PACKERS AVE,,NONINCAPACITATING INJURY,0,0,1,9,2,10,41.81589389,-87.65879725
6/3/2023 8:45,30,NO CONTROLS,CLEAR,DAYLIGHT,DIVIDED - W/MEDIAN (NOT RAISED),DRY,INJURY AND / OR TOW DUE TO CRASH,,FAILING TO YIELD RIGHT-OF-WAY,4352,N,ASHLAND AVE,,NONINCAPACITATING INJURY,0,0,1,8,7,6,41.96132847,-87.66939542
08/27/2017 01:57:00 PM,30,TRAFFIC SIGNAL,CLEAR,DAYLIGHT,NOT DIVIDED,DRY,INJURY AND / OR TOW DUE TO CRASH,,BICYCLE ADVANCING LEGALLY ON RED LIGHT,732,S,CICERO AVE,,"REPORTED, NOT EVIDENT",0,0,0,13,1,8,41.87119633,-87.74507247
07/25/2018 06:58:00 AM,30,TRAFFIC SIGNAL,CLEAR,DAYLIGHT,DIVIDED - W/MEDIAN (NOT RAISED),DRY,INJURY AND / OR TOW DUE TO CRASH,,FAILING TO REDUCE SPEED TO AVOID CRASH,1600,N,HUMBOLDT BLVD,,NONINCAPACITATING INJURY,0,0,1,6,4,7,41.91026903,-87.70201587
08/14/2017 05:40:00 PM,30,TRAFFIC SIGNAL,CLEAR,DAYLIGHT,NOT DIVIDED,DRY,NO INJURY / DRIVE AWAY,Y,UNABLE TO DETERMINE,800,N,MILWAUKEE AVE,,NO INDICATION OF INJURY,0,0,0,17,2,8,41.8962188,-87.6556039
03/23/2021 12:30:00 PM,30,TRAFFIC SIGNAL,CLEAR,DAYLIGHT,NOT DIVIDED,DRY,NO INJURY / DRIVE AWAY,,IMPROPER OVERTAKING/PASSING,700,N,ORLEANS ST,,NO INDICATION OF INJURY,0,0,0,12,3,3,41.89478951,-87.63727455
6/6/2019 12:50,30,TRAFFIC SIGNAL,CLEAR,DAYLIGHT,FOUR WAY,DRY,NO INJURY / DRIVE AWAY,,IMPROPER LANE USAGE,149,N,STATE ST,Y,NO INDICATION OF INJURY,0,0,0,12,5,6,41.88446083,-87.62776308
06/16/2022 07:45:00 PM,10,NO CONTROLS,CLEAR,DAYLIGHT,PARKING LOT,DRY,INJURY AND / OR TOW DUE TO CRASH,,IMPROPER OVERTAKING/PASSING,6232,W,WRIGHTWOOD AVE,,"REPORTED, NOT EVIDENT",0,0,0,19,5,6,41.92749997,-87.78206111
05/21/2019 10:10:00 AM,15,NO CONTROLS,RAIN,DAYLIGHT,ONE-WAY,WET,NO INJURY / DRIVE AWAY,,UNABLE TO DETERMINE,1600,N,LAKE SHORE DR,,NO INDICATION OF INJURY,0,0,0,10,3,5,41.91122456,-87.62648257
8/10/2022 17:00,30,NO CONTROLS,CLEAR,DAYLIGHT,NOT DIVIDED,DRY,INJURY AND / OR TOW DUE TO CRASH,,UNABLE TO DETERMINE,1718,S,LOOMIS ST,Y,NONINCAPACITATING INJURY,0,0,1,17,4,8,41.85817001,-87.66147475
03/22/2018 11:05:00 AM,30,NO CONTROLS,CLEAR,DAYLIGHT,DIVIDED - W/MEDIAN (NOT RAISED),DRY,NO INJURY / DRIVE AWAY,,UNABLE TO DETERMINE,3540,W,MONTROSE AVE,Y,NO INDICATION OF INJURY,0,0,0,11,5,3,41.96118807,-87.71726877
06/22/2022 04:00:00 PM,30,TRAFFIC SIGNAL,CLEAR,DAYLIGHT,NOT DIVIDED,DRY,INJURY AND / OR TOW DUE TO CRASH,,FAILING TO YIELD RIGHT-OF-WAY,1200,W,DIVISION ST,,NONINCAPACITATING INJURY,0,0,1,16,4,6,41.90361782,-87.65747364
09/24/2018 08:30:00 PM,35,STOP SIGN/FLASHER,CLEAR,"DARKNESS, LIGHTED ROAD",NOT DIVIDED,DRY,INJURY AND / OR TOW DUE TO CRASH,,FAILING TO YIELD RIGHT-OF-WAY,10800,S,EWING AVE,,NONINCAPACITATING INJURY,0,0,1,20,2,9,41.69901252,-87.53542791
5/11/2022 8:00,30,NO CONTROLS,CLEAR,DAYLIGHT,NOT DIVIDED,DRY,INJURY AND / OR TOW DUE TO CRASH,Y,FAILING TO YIELD RIGHT-OF-WAY,2745,N,SACRAMENTO AVE,,NONINCAPACITATING INJURY,0,0,1,8,4,5,41.93157318,-87.70236179
8/4/2017 18:05,15,NO CONTROLS,CLEAR,DAYLIGHT,ALLEY,DRY,INJURY AND / OR TOW DUE TO CRASH,,DRIVING SKILLS/KNOWLEDGE/EXPERIENCE,3757,N,MONTICELLO AVE,,"REPORTED, NOT EVIDENT",0,0,0,18,6,8,41.94998646,-87.71877989
08/29/2018 08:10:00 AM,30,TRAFFIC SIGNAL,CLEAR,DAYLIGHT,NOT DIVIDED,WET,INJURY AND / OR TOW DUE TO CRASH,Y,UNABLE TO DETERMINE,248,N,WELLS ST,,NONINCAPACITATING INJURY,0,0,1,8,4,8,41.88696014,-87.63411288
10/17/2020 05:00:00 PM,30,STOP SIGN/FLASHER,CLOUDY/OVERCAST,DAWN,OTHER,UNKNOWN,NO INJURY / DRIVE AWAY,,DISREGARDING STOP SIGN,1799,W,BLOOMINGDALE AVE,N,NO INDICATION OF INJURY,0,0,0,17,7,10,41.91414181,-87.67260272
11/14/2017 03:00:00 PM,30,NO CONTROLS,CLEAR,DAYLIGHT,NOT DIVIDED,DRY,INJURY AND / OR TOW DUE TO CRASH,,"VISION OBSCURED (SIGNS, TREE LIMBS, BUILDINGS, ETC.)",3430,W,LAWRENCE AVE,,NONINCAPACITATING INJURY,0,0,1,15,3,11,41.96849714,-87.7146505
08/23/2021 04:30:00 PM,30,STOP SIGN/FLASHER,CLEAR,DAYLIGHT,ONE-WAY,DRY,INJURY AND / OR TOW DUE TO CRASH,Y,EQUIPMENT - VEHICLE CONDITION,4200,S,WENTWORTH AVE,,NONINCAPACITATING INJURY,0,0,1,16,2,8,41.81805138,-87.63139776
06/24/2019 10:24:00 AM,30,NO CONTROLS,RAIN,DAYLIGHT,NOT DIVIDED,WET,INJURY AND / OR TOW DUE TO CRASH,,IMPROPER LANE USAGE,650,N,WABASH AVE,,NONINCAPACITATING INJURY,0,0,1,10,2,6,41.89405241,-87.6269305
05/20/2019 08:40:00 PM,30,NO CONTROLS,CLEAR,DARKNESS,NOT DIVIDED,DRY,INJURY AND / OR TOW DUE TO CRASH,Y,IMPROPER LANE USAGE,901,S,LOOMIS ST,,NONINCAPACITATING INJURY,0,0,2,20,2,5,41.87024217,-87.66152164
09/18/2021 06:50:00 PM,30,TRAFFIC SIGNAL,CLEAR,DUSK,NOT REPORTED,DRY,INJURY AND / OR TOW DUE TO CRASH,,DISREGARDING TRAFFIC SIGNALS,4400,W,LAKE ST,,NONINCAPACITATING INJURY,0,0,1,18,7,9,41.88614041,-87.7357597
04/28/2022 07:25:00 AM,30,UNKNOWN,UNKNOWN,UNKNOWN,UNKNOWN,UNKNOWN,NO INJURY / DRIVE AWAY,Y,UNABLE TO DETERMINE,3940,N,BROADWAY,,NO INDICATION OF INJURY,0,0,0,7,5,4,41.95382354,-87.65021855
09/25/2021 03:00:00 PM,30,STOP SIGN/FLASHER,CLEAR,DAYLIGHT,ONE-WAY,DRY,INJURY AND / OR TOW DUE TO CRASH,,UNABLE TO DETERMINE,2901,S,ARCHER AVE,,NONINCAPACITATING INJURY,0,0,1,15,7,9,41.84166818,-87.65764152
12/17/2018 10:05:00 AM,30,NO CONTROLS,CLEAR,DAYLIGHT,NOT DIVIDED,DRY,INJURY AND / OR TOW DUE TO CRASH,,UNABLE TO DETERMINE,1612,N,HALSTED ST,,INCAPACITATING INJURY,0,1,0,10,2,12,41.91135215,-87.64842968
05/23/2022 04:05:00 PM,30,NO CONTROLS,CLEAR,DAYLIGHT,DIVIDED - W/MEDIAN BARRIER,DRY,INJURY AND / OR TOW DUE TO CRASH,,NOT APPLICABLE,1435,S,INDIANA AVE,Y,NONINCAPACITATING INJURY,0,0,1,16,2,5,41.86314014,-87.62230512
08/15/2022 07:40:00 PM,20,NO CONTROLS,CLEAR,"DARKNESS, LIGHTED ROAD",NOT DIVIDED,DRY,INJURY AND / OR TOW DUE TO CRASH,Y,UNABLE TO DETERMINE,8754,W,CATALPA AVE,,"REPORTED, NOT EVIDENT",0,0,0,19,2,8,41.97924207,-87.84616996
9/2/2023 14:25,15,NO CONTROLS,CLEAR,DAYLIGHT,ALLEY,DRY,INJURY AND / OR TOW DUE TO CRASH,,DRIVING ON WRONG SIDE/WRONG WAY,2841,W,GLENLAKE AVE,,INCAPACITATING INJURY,0,1,0,14,7,9,41.99206545,-87.70106607
05/31/2019 01:50:00 PM,30,NO CONTROLS,CLEAR,DAYLIGHT,NOT DIVIDED,DRY,INJURY AND / OR TOW DUE TO CRASH,,FAILING TO REDUCE SPEED TO AVOID CRASH,3752,S,RACINE AVE,,INCAPACITATING INJURY,0,1,0,13,6,5,41.82548143,-87.65572609
08/31/2023 03:11:00 PM,25,STOP SIGN/FLASHER,CLEAR,DAYLIGHT,NOT DIVIDED,DRY,INJURY AND / OR TOW DUE TO CRASH,,DISREGARDING STOP SIGN,7900,S,NORMAL AVE,N,NONINCAPACITATING INJURY,0,0,1,15,5,8,41.75069404,-87.63687255
6/1/2018 15:12,30,NO CONTROLS,CLEAR,DAYLIGHT,DIVIDED - W/MEDIAN (NOT RAISED),DRY,INJURY AND / OR TOW DUE TO CRASH,,UNABLE TO DETERMINE,2911,S,ARCHER AVE,Y,NONINCAPACITATING INJURY,0,0,1,15,6,6,41.84148404,-87.65802198
07/26/2022 07:30:00 AM,30,TRAFFIC SIGNAL,CLEAR,DAYLIGHT,DIVIDED - W/MEDIAN BARRIER,DRY,INJURY AND / OR TOW DUE TO CRASH,,FAILING TO REDUCE SPEED TO AVOID CRASH,8259,S,WESTERN AVE,,NONINCAPACITATING INJURY,0,0,1,7,3,7,41.74289146,-87.68253352
06/16/2021 04:03:00 PM,30,NO CONTROLS,CLEAR,DAYLIGHT,NOT DIVIDED,DRY,NO INJURY / DRIVE AWAY,,FAILING TO YIELD RIGHT-OF-WAY,2900,N,BROADWAY,,NO INDICATION OF INJURY,0,0,0,16,4,6,41.93490353,-87.64437265
05/18/2023 05:38:00 PM,30,NO CONTROLS,CLEAR,DAYLIGHT,NOT DIVIDED,DRY,NO INJURY / DRIVE AWAY,Y,UNABLE TO DETERMINE,1112,W,ARMITAGE AVE,,NO INDICATION OF INJURY,0,0,0,17,5,5,41.91817961,-87.65585984
04/27/2019 03:21:00 AM,30,TRAFFIC SIGNAL,CLEAR,UNKNOWN,FOUR WAY,DRY,NO INJURY / DRIVE AWAY,,DISREGARDING TRAFFIC SIGNALS,1599,N,KINGSBURY ST,,NO INDICATION OF INJURY,0,0,0,3,7,4,41.91083019,-87.65391111
5/1/2021 19:12,20,TRAFFIC SIGNAL,CLEAR,DAYLIGHT,NOT DIVIDED,DRY,INJURY AND / OR TOW DUE TO CRASH,,UNABLE TO DETERMINE,1632,W,ADDISON ST,,"REPORTED, NOT EVIDENT",0,0,0,19,7,5,41.9470842,-87.67013865
7/3/2023 14:00,30,NO CONTROLS,CLEAR,DAYLIGHT,ONE-WAY,DRY,INJURY AND / OR TOW DUE TO CRASH,,UNABLE TO DETERMINE,414,E,GRAND AVE,,"REPORTED, NOT EVIDENT",0,0,0,14,2,7,41.89196586,-87.61707975
09/17/2021 03:00:00 PM,15,NO CONTROLS,CLEAR,DAYLIGHT,ONE-WAY,DRY,NO INJURY / DRIVE AWAY,,FAILING TO REDUCE SPEED TO AVOID CRASH,5801,S,DORCHESTER AVE,,NO INDICATION OF INJURY,0,0,0,15,6,9,41.78956381,-87.59140613
9/8/2019 18:10,30,NO CONTROLS,CLEAR,DAYLIGHT,ALLEY,DRY,INJURY AND / OR TOW DUE TO CRASH,Y,FAILING TO YIELD RIGHT-OF-WAY,3815,W,GRENSHAW ST,,NONINCAPACITATING INJURY,0,0,1,18,1,9,41.86702073,-87.72080791
3/4/2022 23:18,30,TRAFFIC SIGNAL,CLEAR,"DARKNESS, LIGHTED ROAD",FOUR WAY,DRY,INJURY AND / OR TOW DUE TO CRASH,,UNABLE TO DETERMINE,800,W,MAXWELL ST,,NONINCAPACITATING INJURY,0,0,1,23,6,3,41.86489174,-87.64690357
05/19/2023 06:30:00 PM,30,TRAFFIC SIGNAL,CLEAR,DAYLIGHT,NOT DIVIDED,DRY,NO INJURY / DRIVE AWAY,,FOLLOWING TOO CLOSELY,798,W,BELMONT AVE,,NO INDICATION OF INJURY,0,0,0,18,6,5,41.94009235,-87.64914778
7/6/2021 20:29,25,STOP SIGN/FLASHER,CLEAR,DUSK,NOT DIVIDED,DRY,INJURY AND / OR TOW DUE TO CRASH,,NOT APPLICABLE,2631,S,WALLACE ST,,INCAPACITATING INJURY,0,1,0,20,3,7,41.84452849,-87.64141503
09/19/2019 11:25:00 AM,30,NO CONTROLS,CLEAR,DAYLIGHT,NOT DIVIDED,DRY,INJURY AND / OR TOW DUE TO CRASH,,DRIVING ON WRONG SIDE/WRONG WAY,157,W,DIVISION ST,,NONINCAPACITATING INJURY,0,0,1,11,5,9,41.90375694,-87.63361843
2/7/2019 12:20,30,STOP SIGN/FLASHER,RAIN,DAYLIGHT,NOT DIVIDED,WET,INJURY AND / OR TOW DUE TO CRASH,Y,UNABLE TO DETERMINE,3201,S,PULASKI RD,,NONINCAPACITATING INJURY,0,0,1,12,5,2,41.83497592,-87.72416125
8/5/2018 21:30,30,NO CONTROLS,CLEAR,"DARKNESS, LIGHTED ROAD",DIVIDED - W/MEDIAN (NOT RAISED),DRY,INJURY AND / OR TOW DUE TO CRASH,Y,UNABLE TO DETERMINE,2300,W,71ST ST,N,NONINCAPACITATING INJURY,0,0,1,21,1,8,41.76484395,-87.68076673
04/20/2019 06:30:00 PM,30,STOP SIGN/FLASHER,CLEAR,DAYLIGHT,NOT DIVIDED,DRY,INJURY AND / OR TOW DUE TO CRASH,,FAILING TO YIELD RIGHT-OF-WAY,1,S,SANGAMON ST,,NONINCAPACITATING INJURY,0,0,1,18,7,4,41.88165651,-87.65071763
09/17/2022 12:45:00 PM,30,STOP SIGN/FLASHER,CLEAR,DAYLIGHT,NOT DIVIDED,DRY,INJURY AND / OR TOW DUE TO CRASH,,UNABLE TO DETERMINE,2300,N,MILWAUKEE AVE,,NONINCAPACITATING INJURY,0,0,1,12,7,9,41.92284258,-87.69748748
01/29/2017 06:30:00 PM,30,NO CONTROLS,CLEAR,"DARKNESS, LIGHTED ROAD",OTHER,DRY,NO INJURY / DRIVE AWAY,,UNABLE TO DETERMINE,5200,S,KEDZIE AVE,,NO INDICATION OF INJURY,0,0,0,18,1,1,41.79889965,-87.703858
7/8/2022 19:07,35,STOP SIGN/FLASHER,CLEAR,DAYLIGHT,DIVIDED - W/MEDIAN (NOT RAISED),DRY,INJURY AND / OR TOW DUE TO CRASH,,UNABLE TO DETERMINE,2530,W,IRVING PARK RD,,NONINCAPACITATING INJURY,0,0,1,19,6,7,41.95410917,-87.69212644
10/14/2021 11:10:00 AM,30,NO CONTROLS,CLEAR,DAYLIGHT,ONE-WAY,WET,INJURY AND / OR TOW DUE TO CRASH,Y,NOT APPLICABLE,3316,W,CONGRESS PKWY,,NONINCAPACITATING INJURY,0,0,1,11,5,10,41.87469733,-87.70909327
6/12/2020 13:00,30,NO CONTROLS,CLEAR,DAYLIGHT,DIVIDED - W/MEDIAN (NOT RAISED),DRY,INJURY AND / OR TOW DUE TO CRASH,,FAILING TO YIELD RIGHT-OF-WAY,3553,N,PAULINA ST,,NONINCAPACITATING INJURY,0,0,1,13,6,6,41.9466982,-87.67114421
9/2/2021 19:20,30,TRAFFIC SIGNAL,CLEAR,DAYLIGHT,FOUR WAY,DRY,INJURY AND / OR TOW DUE TO CRASH,,DISREGARDING TRAFFIC SIGNALS,5199,N,NORTHWEST HWY,,NONINCAPACITATING INJURY,0,0,1,19,5,9,41.97524174,-87.76828752
04/24/2023 05:00:00 PM,30,NO CONTROLS,CLEAR,DAYLIGHT,DIVIDED - W/MEDIAN (NOT RAISED),DRY,INJURY AND / OR TOW DUE TO CRASH,,FAILING TO YIELD RIGHT-OF-WAY,5300,N,PULASKI RD,,NONINCAPACITATING INJURY,0,0,1,17,2,4,41.97744304,-87.72843273
10/23/2020 09:40:00 PM,30,NO CONTROLS,CLEAR,"DARKNESS, LIGHTED ROAD",NOT DIVIDED,DRY,INJURY AND / OR TOW DUE TO CRASH,,UNABLE TO DETERMINE,4748,N,KEDZIE AVE,Y,"REPORTED, NOT EVIDENT",0,0,0,21,6,10,41.96807735,-87.70860692