CRASH_DATE,POSTED_SPEED_LIMIT,TRAFFIC_CONTROL_DEVICE,WEATHER_CONDITION,LIGHTING_CONDITION,TRAFFICWAY_TYPE,ROADWAY_SURFACE_COND,CRASH_TYPE,HIT_AND_RUN_I,PRIM_CONTRIBUTORY_CAUSE,STREET_NO,STREET_DIRECTION,STREET_NAME,DOORING_I,MOST_SEVERE_INJURY,INJURIES_FATAL,INJURIES_INCAPACITATING,INJURIES_NON_INCAPACITATING,CRASH_HOUR,CRASH_DAY_OF_WEEK,CRASH_MONTH,LATITUDE,LONGITUDE
07/19/2022 11:13:00 AM,0,NO CONTROLS,CLEAR,DAYLIGHT,PARKING LOT,DRY,NO INJURY / DRIVE AWAY,Y,UNABLE TO DETERMINE,3400,W,35TH ST,,NO INDICATION OF INJURY,0,0,0,11,3,7,41.82819521,-87.70966376
11/21/2020 05:48:00 PM,20,STOP SIGN/FLASHER,CLEAR,DARKNESS,NOT DIVIDED,DRY,INJURY AND / OR TOW DUE TO CRASH,Y,FAILING TO YIELD RIGHT-OF-WAY,2199,S,OAKLEY AVE,,NONINCAPACITATING INJURY,0,0,1,17,7,11,41.85211005,-87.68304198
1/5/2019 11:20,30,NO CONTROLS,CLEAR,DAYLIGHT,NOT DIVIDED,DRY,NO INJURY / DRIVE AWAY,Y,UNABLE TO DETERMINE,4720,N,CENTRAL AVE,,NO INDICATION OF INJURY,0,0,0,11,7,1,41.96663834,-87.76758856
9/11/2020 11:30,25,STOP SIGN/FLASHER,RAIN,DAYLIGHT,ONE-WAY,WET,INJURY AND / OR TOW DUE TO CRASH,,DRIVING SKILLS/KNOWLEDGE/EXPERIENCE,5100,W,MONTANA ST,,NONINCAPACITATING INJURY,0,0,1,11,6,9,41.92519767,-87.75384331
3/2/2023 6:59,35,TRAFFIC SIGNAL,CLEAR,DAYLIGHT,FOUR WAY,DRY,NO INJURY / DRIVE AWAY,,DISREGARDING TRAFFIC SIGNALS,1559,W,87TH ST,,NO INDICATION OF INJURY,0,0,0,6,5,3,41.73568096,-87.66300137
07/26/2017 12:20:00 PM,30,TRAFFIC SIGNAL,CLEAR,DAYLIGHT,DIVIDED - W/MEDIAN (NOT RAISED),DRY,INJURY AND / OR TOW DUE TO CRASH,,NOT APPLICABLE,3257,W,ROOSEVELT RD,,"REPORTED, NOT EVIDENT",0,0,0,12,4,7,41.86627116,-87.70794731
11/16/2021 08:25:00 PM,30,NO CONTROLS,CLEAR,"DARKNESS, LIGHTED ROAD",ALLEY,DRY,INJURY AND / OR TOW DUE TO CRASH,,IMPROPER LANE USAGE,4820,W,IRVING PARK RD,,NONINCAPACITATING INJURY,0,0,1,20,3,11,41.95351378,-87.74812966
05/15/2018 06:05:00 PM,30,NO CONTROLS,CLEAR,DAYLIGHT,NOT DIVIDED,DRY,INJURY AND / OR TOW DUE TO CRASH,,FAILING TO YIELD RIGHT-OF-WAY,3029,N,LARAMIE AVE,,NONINCAPACITATING INJURY,0,0,1,18,3,5,41.93592113,-87.75643943
2/1/2020 23:24,20,NO CONTROLS,CLEAR,DARKNESS,UNKNOWN,DRY,INJURY AND / OR TOW DUE TO CRASH,,FAILING TO YIELD RIGHT-OF-WAY,734,W,BARRY AVE,,NONINCAPACITATING INJURY,0,0,1,23,7,2,41.93795922,-87.64818783
06/26/2022 06:00:00 PM,30,TRAFFIC SIGNAL,CLEAR,DAYLIGHT,DIVIDED - W/MEDIAN (NOT RAISED),DRY,INJURY AND / OR TOW DUE TO CRASH,,FAILING TO YIELD RIGHT-OF-WAY,1333,W,DIVISION ST,,NONINCAPACITATING INJURY,0,0,1,18,1,6,41.90331735,-87.6618512
8/12/2023 17:13,30,NO CONTROLS,CLEAR,DAYLIGHT,ALLEY,DRY,INJURY AND / OR TOW DUE TO CRASH,,FAILING TO YIELD RIGHT-OF-WAY,3613,N,LINDER AVE,,NONINCAPACITATING INJURY,0,0,1,17,7,8,41.94634205,-87.76416525
6/6/2023 17:02,30,NO CONTROLS,CLEAR,DAYLIGHT,DIVIDED - W/MEDIAN (NOT RAISED),DRY,INJURY AND / OR TOW DUE TO CRASH,,NOT APPLICABLE,2143,N,LINCOLN AVE,Y,NONINCAPACITATING INJURY,0,0,1,17,3,6,41.92116236,-87.64256103
12/4/2017 10:10,30,NO CONTROLS,CLEAR,DAYLIGHT,ONE-WAY,DRY,INJURY AND / OR TOW DUE TO CRASH,,FAILING TO YIELD RIGHT-OF-WAY,4722,W,PENSACOLA AVE,,NONINCAPACITATING INJURY,0,0,1,10,2,12,41.95992842,-87.74679934
12/16/2018 06:00:00 PM,30,TRAFFIC SIGNAL,UNKNOWN,UNKNOWN,UNKNOWN,UNKNOWN,NO INJURY / DRIVE AWAY,Y,FAILING TO YIELD RIGHT-OF-WAY,402,E,MONROE DR,,NO INDICATION OF INJURY,0,0,0,18,1,12,41.88105238,-87.61720022
8/10/2019 18:55,30,NO CONTROLS,CLEAR,DAYLIGHT,NOT DIVIDED,DRY,NO INJURY / DRIVE AWAY,,FAILING TO YIELD RIGHT-OF-WAY,1474,N,MILWAUKEE AVE,,NO INDICATION OF INJURY,0,0,0,18,7,8,41.90861123,-87.67493205
04/20/2019 11:01:00 AM,30,NO CONTROLS,CLEAR,DAYLIGHT,NOT DIVIDED,DRY,NO INJURY / DRIVE AWAY,,UNABLE TO DETERMINE,5201,S,CENTRAL AVE,N,NO INDICATION OF INJURY,0,0,0,11,7,4,41.79815171,-87.76232053
7/3/2017 15:00,30,STOP SIGN/FLASHER,CLEAR,DAYLIGHT,ONE-WAY,DRY,INJURY AND / OR TOW DUE TO CRASH,,FAILING TO YIELD RIGHT-OF-WAY,1590,W,THORNDALE AVE,,NONINCAPACITATING INJURY,0,0,1,15,2,7,41.99002388,-87.66987412
09/13/2020 02:50:00 PM,30,NO CONTROLS,CLEAR,DAYLIGHT,NOT DIVIDED,DRY,INJURY AND / OR TOW DUE TO CRASH,Y,UNABLE TO DETERMINE,7068,N,CLARK ST,Y,NONINCAPACITATING INJURY,0,0,1,14,1,9,42.01099325,-87.67451636
10/1/2023 15:01,30,TRAFFIC SIGNAL,CLEAR,DAYLIGHT,NOT DIVIDED,DRY,INJURY AND / OR TOW DUE TO CRASH,,DISREGARDING TRAFFIC SIGNALS,1800,W,FOSTER AVE,,NONINCAPACITATING INJURY,0,0,1,15,1,10,41.97620513,-87.67477655
09/18/2022 07:45:00 PM,30,NO CONTROLS,CLEAR,"DARKNESS, LIGHTED ROAD",NOT DIVIDED,DRY,INJURY AND / OR TOW DUE TO CRASH,,UNABLE TO DETERMINE,615,N,WABASH AVE,Y,NONINCAPACITATING INJURY,0,0,1,19,1,9,41.89304153,-87.62660417
08/21/2020 10:45:00 AM,30,NO CONTROLS,CLEAR,DAYLIGHT,DIVIDED - W/MEDIAN BARRIER,DRY,INJURY AND / OR TOW DUE TO CRASH,,UNABLE TO DETERMINE,2319,W,PETERSON AVE,,NONINCAPACITATING INJURY,0,0,1,10,6,8,41.99041659,-87.68797492
08/17/2020 02:15:00 PM,30,UNKNOWN,CLEAR,DAYLIGHT,NOT DIVIDED,DRY,NO INJURY / DRIVE AWAY,,DRIVING SKILLS/KNOWLEDGE/EXPERIENCE,1199,N,WELLS ST,,NO INDICATION OF INJURY,0,0,0,14,2,8,41.90380724,-87.6343296
08/28/2016 04:30:00 PM,30,NO CONTROLS,CLEAR,DAYLIGHT,DIVIDED - W/MEDIAN (NOT RAISED),UNKNOWN,INJURY AND / OR TOW DUE TO CRASH,,UNABLE TO DETERMINE,2949,N,SHEFFIELD AVE,Y,NONINCAPACITATING INJURY,0,0,1,16,1,8,41.93591286,-87.65382388
08/31/2023 04:00:00 PM,30,UNKNOWN,UNKNOWN,UNKNOWN,ALLEY,UNKNOWN,NO INJURY / DRIVE AWAY,Y,UNABLE TO DETERMINE,211,E,ONTARIO ST,,NO INDICATION OF INJURY,0,0,0,16,5,8,41.89325719,-87.62234986
08/18/2020 07:05:00 PM,30,STOP SIGN/FLASHER,CLEAR,DAYLIGHT,FOUR WAY,DRY,INJURY AND / OR TOW DUE TO CRASH,,DISREGARDING STOP SIGN,6800,S,HALSTED ST,,NONINCAPACITATING INJURY,0,0,1,19,3,8,41.77056204,-87.64469722
07/13/2018 01:05:00 PM,30,STOP SIGN/FLASHER,CLEAR,DAYLIGHT,NOT DIVIDED,DRY,INJURY AND / OR TOW DUE TO CRASH,,FAILING TO YIELD RIGHT-OF-WAY,3013,S,BROAD ST,,NONINCAPACITATING INJURY,0,0,1,13,6,7,41.83932081,-87.66171525
11/23/2019 10:00:00 AM,30,TRAFFIC SIGNAL,CLOUDY/OVERCAST,DAYLIGHT,DIVIDED - W/MEDIAN (NOT RAISED),DRY,INJURY AND / OR TOW DUE TO CRASH,,FAILING TO YIELD RIGHT-OF-WAY,800,N,MILWAUKEE AVE,,NONINCAPACITATING INJURY,0,0,1,10,7,11,41.8962188,-87.6556039
9/11/2018 18:00,30,TRAFFIC SIGNAL,CLEAR,DAYLIGHT,NOT DIVIDED,UNKNOWN,INJURY AND / OR TOW DUE TO CRASH,,DISREGARDING TRAFFIC SIGNALS,3900,N,BROADWAY,,"REPORTED, NOT EVIDENT",0,0,0,18,3,9,41.9527671,-87.64980144
05/31/2018 04:20:00 PM,30,STOP SIGN/FLASHER,CLEAR,DAYLIGHT,DIVIDED - W/MEDIAN (NOT RAISED),DRY,NO INJURY / DRIVE AWAY,,FAILING TO YIELD RIGHT-OF-WAY,2253,N,MILWAUKEE AVE,,NO INDICATION OF INJURY,0,0,0,16,5,5,41.9219004,-87.69548757
09/27/2022 04:30:00 PM,25,NO CONTROLS,CLEAR,DAYLIGHT,NOT DIVIDED,WET,NO INJURY / DRIVE AWAY,,FAILING TO REDUCE SPEED TO AVOID CRASH,1615,N,LATROBE AVE,,NO INDICATION OF INJURY,0,0,0,16,3,9,41.90998092,-87.75675248
06/26/2018 02:42:00 PM,30,NO CONTROLS,CLEAR,DAYLIGHT,NOT DIVIDED,DRY,INJURY AND / OR TOW DUE TO CRASH,,UNABLE TO DETERMINE,1130,W,DIVERSEY PKWY,Y,NONINCAPACITATING INJURY,0,0,1,14,3,6,41.93269367,-87.65713668
6/7/2019 17:45,30,NO CONTROLS,CLEAR,DAWN,DIVIDED - W/MEDIAN (NOT RAISED),DRY,INJURY AND / OR TOW DUE TO CRASH,,FOLLOWING TOO CLOSELY,3501,W,ARMITAGE AVE,,INCAPACITATING INJURY,0,1,0,17,6,6,41.9172112,-87.71359763
11/1/2018 17:55,30,TRAFFIC SIGNAL,CLEAR,DARKNESS,DIVIDED - W/MEDIAN (NOT RAISED),DRY,NO INJURY / DRIVE AWAY,,IMPROPER OVERTAKING/PASSING,1177,N,MILWAUKEE AVE,Y,NO INDICATION OF INJURY,0,0,0,17,5,11,41.90331151,-87.66618556
11/25/2021 12:33:00 AM,30,TRAFFIC SIGNAL,RAIN,"DARKNESS, LIGHTED ROAD",NOT DIVIDED,WET,NO INJURY / DRIVE AWAY,,NOT APPLICABLE,99,E,WACKER DR,,NO INDICATION OF INJURY,0,0,0,0,5,11,41.88809155,-87.6246827
9/2/2018 17:05,30,TRAFFIC SIGNAL,CLEAR,DAYLIGHT,DIVIDED - W/MEDIAN (NOT RAISED),DRY,INJURY AND / OR TOW DUE TO CRASH,,UNABLE TO DETERMINE,3400,W,DOUGLAS BLVD,,NONINCAPACITATING INJURY,0,0,1,17,1,9,41.86301568,-87.71056628
11/19/2021 08:50:00 PM,30,NO CONTROLS,CLEAR,"DARKNESS, LIGHTED ROAD",DIVIDED - W/MEDIAN (NOT RAISED),DRY,INJURY AND / OR TOW DUE TO CRASH,,FAILING TO YIELD RIGHT-OF-WAY,800,W,79TH ST,,NONINCAPACITATING INJURY,0,0,1,20,6,11,41.75075116,-87.64410779
10/1/2018 17:20,30,TRAFFIC SIGNAL,CLEAR,DAYLIGHT,DIVIDED - W/MEDIAN (NOT RAISED),DRY,INJURY AND / OR TOW DUE TO CRASH,,FAILING TO REDUCE SPEED TO AVOID CRASH,7058,S,SOUTH SHORE DR,,NONINCAPACITATING INJURY,0,0,1,17,2,10,41.76636542,-87.56662788
10/18/2021 07:15:00 AM,30,TRAFFIC SIGNAL,CLEAR,DAYLIGHT,T-INTERSECTION,DRY,INJURY AND / OR TOW DUE TO CRASH,,FAILING TO YIELD RIGHT-OF-WAY,2816,S,ASHLAND AVE,,NONINCAPACITATING INJURY,0,0,1,7,2,10,41.8405272,-87.66596816
10/20/2023 03:21:00 PM,25,STOP SIGN/FLASHER,CLEAR,DAYLIGHT,FOUR WAY,DRY,INJURY AND / OR TOW DUE TO CRASH,,DISREGARDING STOP SIGN,1800,W,BRYN MAWR AVE,,NONINCAPACITATING INJURY,0,0,1,15,6,10,41.98343436,-87.67475519
09/19/2023 07:06:00 PM,30,TRAFFIC SIGNAL,RAIN,DARKNESS,NOT DIVIDED,WET,INJURY AND / OR TOW DUE TO CRASH,,UNABLE TO DETERMINE,3400,N,KIMBALL AVE,,NONINCAPACITATING INJURY,0,0,1,19,3,9,41.94246499,-87.71274985
08/19/2019 01:20:00 PM,30,NO CONTROLS,CLEAR,DAYLIGHT,NOT DIVIDED,DRY,INJURY AND / OR TOW DUE TO CRASH,,"VISION OBSCURED (SIGNS, TREE LIMBS, BUILDINGS, ETC.)",6099,N,CALDWELL AVE,,INCAPACITATING INJURY,0,1,0,13,2,8,41.99200455,-87.75508595
11/19/2019 06:05:00 PM,30,TRAFFIC SIGNAL,CLEAR,"DARKNESS, LIGHTED ROAD",ONE-WAY,DRY,NO INJURY / DRIVE AWAY,Y,FAILING TO YIELD RIGHT-OF-WAY,300,S,HALSTED ST,,NO INDICATION OF INJURY,0,0,0,18,3,11,41.87791475,-87.64738828
08/31/2016 05:45:00 PM,30,NO CONTROLS,CLEAR,DAYLIGHT,NOT DIVIDED,DRY,NO INJURY / DRIVE AWAY,,UNABLE TO DETERMINE,751,W,VAN BUREN ST,,NO INDICATION OF INJURY,0,0,0,17,4,8,41.8765779,-87.64604869
7/6/2023 13:15,30,TRAFFIC SIGNAL,CLEAR,DAYLIGHT,FOUR WAY,DRY,INJURY AND / OR TOW DUE TO CRASH,,FAILING TO YIELD RIGHT-OF-WAY,11100,S,HALSTED ST,,NONINCAPACITATING INJURY,0,0,1,13,5,7,41.69226312,-87.64252269
05/28/2022 04:40:00 PM,30,TRAFFIC SIGNAL,CLEAR,DAYLIGHT,TRAFFIC ROUTE,DRY,INJURY AND / OR TOW DUE TO CRASH,,UNABLE TO DETERMINE,599,W,KINZIE ST,Y,NONINCAPACITATING INJURY,0,0,1,16,7,5,41.88893983,-87.64279889
10/4/2022 11:40,35,YIELD,CLEAR,DAYLIGHT,DIVIDED - W/MEDIAN (NOT RAISED),DRY,INJURY AND / OR TOW DUE TO CRASH,,UNABLE TO DETERMINE,4401,W,DEVON AVE,,NONINCAPACITATING INJURY,0,0,1,11,3,10,41.99713975,-87.73865304
09/26/2023 12:37:00 PM,25,NO CONTROLS,CLEAR,DAYLIGHT,ONE-WAY,DRY,NO INJURY / DRIVE AWAY,Y,FAILING TO REDUCE SPEED TO AVOID CRASH,5126,W,QUINCY ST,,NO INDICATION OF INJURY,0,0,0,12,3,9,41.87767924,-87.75463507
08/14/2020 11:04:00 PM,30,TRAFFIC SIGNAL,CLEAR,"DARKNESS, LIGHTED ROAD",CENTER TURN LANE,DRY,NO INJURY / DRIVE AWAY,Y,FAILING TO YIELD RIGHT-OF-WAY,2400,N,HALSTED ST,,NO INDICATION OF INJURY,0,0,0,23,6,8,41.92554032,-87.64891216
09/20/2023 05:30:00 PM,30,UNKNOWN,UNKNOWN,UNKNOWN,NOT DIVIDED,UNKNOWN,INJURY AND / OR TOW DUE TO CRASH,Y,UNABLE TO DETERMINE,1500,W,WILSON AVE,,NONINCAPACITATING INJURY,0,0,1,17,4,9,41.96536418,-87.66787952
07/15/2020 05:15:00 PM,30,STOP SIGN/FLASHER,RAIN,DAYLIGHT,NOT DIVIDED,WET,INJURY AND / OR TOW DUE TO CRASH,,FAILING TO YIELD RIGHT-OF-WAY,2300,W,LUNT AVE,,"REPORTED, NOT EVIDENT",0,0,0,17,4,7,42.00879741,-87.68820699
6/3/2016 6:35,30,STOP SIGN/FLASHER,CLEAR,DAYLIGHT,DIVIDED - W/MEDIAN (NOT RAISED),DRY,INJURY AND / OR TOW DUE TO CRASH,,FAILING TO YIELD RIGHT-OF-WAY,6100,S,MORGAN ST,,NONINCAPACITATING INJURY,0,0,1,6,6,6,41.78322109,-87.64988058
11/30/2022 03:37:00 PM,10,NO CONTROLS,CLEAR,DAYLIGHT,OTHER,DRY,INJURY AND / OR TOW DUE TO CRASH,Y,DRIVING SKILLS/KNOWLEDGE/EXPERIENCE,1610,N,MONTICELLO AVE,,NONINCAPACITATING INJURY,0,0,1,15,4,11,41.91035144,-87.71792392
11/16/2018 03:55:00 PM,30,NO CONTROLS,CLEAR,DUSK,ALLEY,DRY,INJURY AND / OR TOW DUE TO CRASH,,FAILING TO YIELD RIGHT-OF-WAY,2120,W,PIERCE AVE,,NONINCAPACITATING INJURY,0,0,1,15,6,11,41.90941912,-87.68075972
08/21/2018 07:25:00 PM,30,NO CONTROLS,CLEAR,"DARKNESS, LIGHTED ROAD",ALLEY,DRY,INJURY AND / OR TOW DUE TO CRASH,,UNABLE TO DETERMINE,3315,W,ARDMORE AVE,,"REPORTED, NOT EVIDENT",0,0,0,19,3,8,41.98655519,-87.71207682
08/24/2018 06:25:00 PM,30,TRAFFIC SIGNAL,CLEAR,DAYLIGHT,ONE-WAY,DRY,NO INJURY / DRIVE AWAY,,DISREGARDING TRAFFIC SIGNALS,100,N,DEARBORN ST,,NO INDICATION OF INJURY,0,0,0,18,6,8,41.88325032,-87.62958083
3/8/2018 15:25,30,NO CONTROLS,CLEAR,DAYLIGHT,ONE-WAY,DRY,INJURY AND / OR TOW DUE TO CRASH,,FAILING TO REDUCE SPEED TO AVOID CRASH,200,N,DEARBORN ST,,"REPORTED, NOT EVIDENT",0,0,0,15,5,3,41.88579631,-87.62964615
05/23/2023 06:02:00 PM,30,NO CONTROLS,CLEAR,DAYLIGHT,NOT DIVIDED,DRY,INJURY AND / OR TOW DUE TO CRASH,,UNABLE TO DETERMINE,3423,S,HALSTED ST,,INCAPACITATING INJURY,0,1,0,18,3,5,41.8318186,-87.64598442
5/12/2022 17:00,30,NO CONTROLS,CLEAR,DAYLIGHT,NOT DIVIDED,DRY,INJURY AND / OR TOW DUE TO CRASH,,NOT APPLICABLE,12700,S,UNION AVE,,INCAPACITATING INJURY,0,1,0,17,5,5,41.66324631,-87.63915125
09/20/2018 03:30:00 PM,30,NO CONTROLS,CLEAR,DAYLIGHT,NOT DIVIDED,UNKNOWN,INJURY AND / OR TOW DUE TO CRASH,,DRIVING SKILLS/KNOWLEDGE/EXPERIENCE,3601,N,HALSTED ST,Y,NONINCAPACITATING INJURY,0,0,1,15,5,9,41.94740791,-87.64934263
09/15/2018 10:00:00 PM,35,NO CONTROLS,CLEAR,DARKNESS,OTHER,DRY,INJURY AND / OR TOW DUE TO CRASH,,NOT APPLICABLE,2317,N,CICERO AVE,Y,"REPORTED, NOT EVIDENT",0,0,0,22,7,9,41.92293104,-87.74611948
6/12/2018 21:30,30,TRAFFIC SIGNAL,CLOUDY/OVERCAST,"DARKNESS, LIGHTED ROAD",OTHER,DRY,INJURY AND / OR TOW DUE TO CRASH,Y,UNABLE TO DETERMINE,4500,W,MADISON ST,,INCAPACITATING INJURY,0,1,0,21,3,6,41.88069108,-87.73803813
10/18/2023 05:20:00 PM,30,STOP SIGN/FLASHER,CLEAR,DUSK,NOT DIVIDED,DRY,NO INJURY / DRIVE AWAY,Y,UNABLE TO DETERMINE,35,E,DELAWARE PL,,NO INDICATION OF INJURY,0,0,0,17,4,10,41.89905444,-87.62691643
06/28/2020 10:45:00 PM,30,UNKNOWN,CLEAR,"DARKNESS, LIGHTED ROAD",NOT DIVIDED,DRY,INJURY AND / OR TOW DUE TO CRASH,Y,IMPROPER OVERTAKING/PASSING,3530,W,NORTH AVE,,NONINCAPACITATING INJURY,0,0,1,22,1,6,41.91011897,-87.71535806
07/30/2023 02:51:00 AM,30,STOP SIGN/FLASHER,CLEAR,"DARKNESS, LIGHTED ROAD",ONE-WAY,DRY,INJURY AND / OR TOW DUE TO CRASH,Y,UNABLE TO DETERMINE,1500,W,ADDISON ST,,NONINCAPACITATING INJURY,0,0,1,2,1,7,41.94713795,-87.66650317
09/21/2017 07:31:00 AM,0,STOP SIGN/FLASHER,CLEAR,DAYLIGHT,ONE-WAY,DRY,INJURY AND / OR TOW DUE TO CRASH,,FAILING TO YIELD RIGHT-OF-WAY,3827,S,ALBANY AVE,,INCAPACITATING INJURY,0,1,0,7,5,9,41.8235998,-87.70183067
09/26/2023 01:45:00 PM,30,NO CONTROLS,CLEAR,DAYLIGHT,NOT DIVIDED,DRY,INJURY AND / OR TOW DUE TO CRASH,,FAILING TO YIELD RIGHT-OF-WAY,502,N,MILWAUKEE AVE,,INCAPACITATING INJURY,0,1,0,13,3,9,41.8912019,-87.64785263
11/5/2023 11:30,30,NO CONTROLS,CLEAR,DAYLIGHT,NOT DIVIDED,DRY,INJURY AND / OR TOW DUE TO CRASH,,FAILING TO YIELD RIGHT-OF-WAY,1006,W,MADISON ST,,NONINCAPACITATING INJURY,0,0,1,11,1,11,41.88180423,-87.65235472
6/6/2020 17:12,30,STOP SIGN/FLASHER,CLEAR,DAYLIGHT,NOT DIVIDED,DRY,NO INJURY / DRIVE AWAY,,NOT APPLICABLE,6401,W,54TH ST,,NO INDICATION OF INJURY,0,0,0,17,7,6,41.79412274,-87.78192128
10/29/2019 06:27:00 AM,25,STOP SIGN/FLASHER,RAIN,"DARKNESS, LIGHTED ROAD",ONE-WAY,WET,NO INJURY / DRIVE AWAY,,WEATHER,2857,W,POPE JOHN PAUL II DR,,NO INDICATION OF INJURY,0,0,0,6,3,10,41.8153988,-87.69672955
05/21/2021 10:45:00 AM,30,NO CONTROLS,CLEAR,DAYLIGHT,NOT DIVIDED,DRY,INJURY AND / OR TOW DUE TO CRASH,Y,FAILING TO REDUCE SPEED TO AVOID CRASH,111,W,KINZIE ST,N,NONINCAPACITATING INJURY,0,0,1,10,6,5,41.88909518,-87.63156942
08/31/2023 06:05:00 PM,30,UNKNOWN,CLEAR,DAYLIGHT,UNKNOWN,DRY,NO INJURY / DRIVE AWAY,,UNABLE TO DETERMINE,5724,W,BELMONT AVE,,NO INDICATION OF INJURY,0,0,0,18,5,8,41.93863962,-87.76992868
09/26/2023 10:28:00 PM,30,TRAFFIC SIGNAL,CLEAR,"DARKNESS, LIGHTED ROAD",FOUR WAY,DRY,INJURY AND / OR TOW DUE TO CRASH,Y,FAILING TO YIELD RIGHT-OF-WAY,3199,W,LAWRENCE AVE,,NONINCAPACITATING INJURY,0,0,1,22,3,9,41.96834342,-87.70840705
4/12/2017 17:00,25,TRAFFIC SIGNAL,CLEAR,DAYLIGHT,NOT DIVIDED,DRY,NO INJURY / DRIVE AWAY,,UNABLE TO DETERMINE,7000,N,CLARK ST,,NO INDICATION OF INJURY,0,0,0,17,4,4,42.00903491,-87.67412216
08/14/2019 01:05:00 PM,30,NO CONTROLS,CLEAR,DAYLIGHT,Y-INTERSECTION,DRY,INJURY AND / OR TOW DUE TO CRASH,,FAILING TO YIELD RIGHT-OF-WAY,5617,N,LINCOLN AVE,,NONINCAPACITATING INJURY,0,0,1,13,4,8,41.98360087,-87.69567218
10/18/2019 11:05:00 AM,30,STOP SIGN/FLASHER,CLEAR,DAYLIGHT,ONE-WAY,DRY,INJURY AND / OR TOW DUE TO CRASH,Y,UNABLE TO DETERMINE,4750,N,MARMORA AVE,,NONINCAPACITATING INJURY,0,0,1,11,6,10,41.96740275,-87.77496105
08/25/2017 08:30:00 PM,35,TRAFFIC SIGNAL,CLEAR,DARKNESS,DIVIDED - W/MEDIAN (NOT RAISED),DRY,INJURY AND / OR TOW DUE TO CRASH,,NOT APPLICABLE,6700,S,LAFAYETTE AVE,,"REPORTED, NOT EVIDENT",0,0,0,20,6,8,41.77265534,-87.62690885
03/25/2021 09:20:00 PM,30,NO CONTROLS,RAIN,"DARKNESS, LIGHTED ROAD",NOT DIVIDED,WET,NO INJURY / DRIVE AWAY,,WEATHER,6343,N,RIDGE AVE,,NO INDICATION OF INJURY,0,0,0,21,5,3,41.99681313,-87.67614619
08/24/2021 01:22:00 PM,25,TRAFFIC SIGNAL,CLEAR,DAYLIGHT,NOT DIVIDED,DRY,INJURY AND / OR TOW DUE TO CRASH,,FAILING TO YIELD RIGHT-OF-WAY,6973,N,CLARK ST,Y,INCAPACITATING INJURY,0,1,0,13,3,8,42.00872054,-87.67375036
06/17/2023 05:45:00 PM,30,NO CONTROLS,CLEAR,DAYLIGHT,DIVIDED - W/MEDIAN (NOT RAISED),DRY,INJURY AND / OR TOW DUE TO CRASH,,"OPERATING VEHICLE IN ERRATIC, RECKLESS, CARELESS, NEGLIGENT OR AGGRESSIVE MANNER",651,W,LAKE ST,Y,NONINCAPACITATING INJURY,0,0,1,17,7,6,41.88558713,-87.64481131
08/21/2015 09:30:00 AM,30,TRAFFIC SIGNAL,CLEAR,DAYLIGHT,NOT DIVIDED,DRY,INJURY AND / OR TOW DUE TO CRASH,,UNABLE TO DETERMINE,752,N,OGDEN AVE,,NONINCAPACITATING INJURY,0,0,1,9,6,8,41.89558431,-87.65538895
8/7/2023 22:13,30,TRAFFIC SIGNAL,CLEAR,"DARKNESS, LIGHTED ROAD",T-INTERSECTION,DRY,INJURY AND / OR TOW DUE TO CRASH,N,UNABLE TO DETERMINE,4500,S,HOMAN AVE,,INCAPACITATING INJURY,0,1,0,22,2,8,41.81169325,-87.70916517
10/4/2021 17:52,30,TRAFFIC SIGNAL,CLEAR,"DARKNESS, LIGHTED ROAD",NOT DIVIDED,DRY,INJURY AND / OR TOW DUE TO CRASH,,FAILING TO YIELD RIGHT-OF-WAY,150,E,LOWER RANDOLPH ST,,NONINCAPACITATING INJURY,0,0,1,17,2,10,41.88450918,-87.62261955
12/12/2017 13:33,30,NO CONTROLS,CLEAR,DAYLIGHT,ALLEY,UNKNOWN,INJURY AND / OR TOW DUE TO CRASH,Y,FAILING TO YIELD RIGHT-OF-WAY,555,W,LAKE ST,,"REPORTED, NOT EVIDENT",0,0,0,13,3,12,41.88559227,-87.64200029
04/22/2021 01:00:00 PM,30,NO CONTROLS,CLEAR,DAYLIGHT,NOT DIVIDED,DRY,INJURY AND / OR TOW DUE TO CRASH,,UNABLE TO DETERMINE,5421,S,LAKE PARK AVE,,NONINCAPACITATING INJURY,0,0,1,13,5,4,41.79740971,-87.58711018
4/7/2018 12:05,30,NO CONTROLS,CLEAR,DAWN,NOT DIVIDED,DRY,INJURY AND / OR TOW DUE TO CRASH,,UNABLE TO DETERMINE,5757,N,CALIFORNIA AVE,Y,NONINCAPACITATING INJURY,0,0,1,12,7,4,41.98664511,-87.69912658
09/17/2015 03:15:00 PM,35,NO CONTROLS,CLEAR,DAYLIGHT,DIVIDED - W/MEDIAN (NOT RAISED),DRY,NO INJURY / DRIVE AWAY,Y,UNABLE TO DETERMINE,6833,N,KEDZIE AVE,,NO INDICATION OF INJURY,0,0,0,15,5,9,42.00561454,-87.70917153
08/22/2022 08:13:00 PM,30,TRAFFIC SIGNAL,CLEAR,"DARKNESS, LIGHTED ROAD",NOT DIVIDED,DRY,INJURY AND / OR TOW DUE TO CRASH,Y,DISREGARDING TRAFFIC SIGNALS,3500,S,COTTAGE GROVE AVE,,NONINCAPACITATING INJURY,0,0,1,20,2,8,41.83105184,-87.61073906