CRASH_DATE,POSTED_SPEED_LIMIT,TRAFFIC_CONTROL_DEVICE,WEATHER_CONDITION,LIGHTING_CONDITION,TRAFFICWAY_TYPE,ROADWAY_SURFACE_COND,CRASH_TYPE,HIT_AND_RUN_I,PRIM_CONTRIBUTORY_CAUSE,STREET_NO,STREET_DIRECTION,STREET_NAME,DOORING_I,MOST_SEVERE_INJURY,INJURIES_FATAL,INJURIES_INCAPACITATING,INJURIES_NON_INCAPACITATING,CRASH_HOUR,CRASH_DAY_OF_WEEK,CRASH_MONTH,LATITUDE,LONGITUDE
06/18/2021 01:00:00 PM,30,NO CONTROLS,CLEAR,DAYLIGHT,NOT DIVIDED,DRY,INJURY AND / OR TOW DUE TO CRASH,Y,UNABLE TO DETERMINE,1825,W,NORTH AVE,Y,NONINCAPACITATING INJURY,0,0,1,13,6,6,41.91043412,-87.67365049
05/20/2023 02:18:00 PM,30,NO CONTROLS,CLEAR,DAYLIGHT,DIVIDED - W/MEDIAN (NOT RAISED),DRY,INJURY AND / OR TOW DUE TO CRASH,,UNABLE TO DETERMINE,2349,N,MILWAUKEE AVE,,INCAPACITATING INJURY,0,1,0,14,7,5,41.92400129,-87.69890951
9/5/2018 18:30,30,NO CONTROLS,CLEAR,DAYLIGHT,NOT DIVIDED,DRY,INJURY AND / OR TOW DUE TO CRASH,,UNABLE TO DETERMINE,1163,W,18TH ST,Y,INCAPACITATING INJURY,0,1,0,18,4,9,41.8578563,-87.6556769
7/2/2022 11:46,35,STOP SIGN/FLASHER,UNKNOWN,UNKNOWN,FOUR WAY,UNKNOWN,NO INJURY / DRIVE AWAY,N,UNABLE TO DETERMINE,7701,S,HALSTED ST,Y,NO INDICATION OF INJURY,0,0,0,11,7,7,41.75418412,-87.64398758
12/1/2019 20:35,30,TRAFFIC SIGNAL,RAIN,"DARKNESS, LIGHTED ROAD",FOUR WAY,WET,INJURY AND / OR TOW DUE TO CRASH,Y,UNABLE TO DETERMINE,300,S,CICERO AVE,,NONINCAPACITATING INJURY,0,0,1,20,1,12,41.87676066,-87.74529167
9/1/2023 23:36,35,TRAFFIC SIGNAL,CLEAR,"DARKNESS, LIGHTED ROAD",FOUR WAY,DRY,NO INJURY / DRIVE AWAY,,IMPROPER TURNING/NO SIGNAL,3201,N,DAMEN AVE,,NO INDICATION OF INJURY,0,0,0,23,6,9,41.93962087,-87.67820957
05/23/2020 11:18:00 AM,25,NO CONTROLS,CLEAR,DAYLIGHT,NOT DIVIDED,DRY,NO INJURY / DRIVE AWAY,Y,FOLLOWING TOO CLOSELY,899,N,RACINE AVE,,NO INDICATION OF INJURY,0,0,0,11,7,5,41.89760507,-87.65740795
02/26/2021 11:45:00 AM,25,TRAFFIC SIGNAL,RAIN,"DARKNESS, LIGHTED ROAD",FOUR WAY,WET,INJURY AND / OR TOW DUE TO CRASH,,FAILING TO YIELD RIGHT-OF-WAY,4356,W,CERMAK RD,,NONINCAPACITATING INJURY,0,0,1,11,6,2,41.85151151,-87.73437475
09/17/2016 05:00:00 PM,30,NO CONTROLS,CLEAR,DAYLIGHT,NOT DIVIDED,DRY,INJURY AND / OR TOW DUE TO CRASH,Y,FAILING TO YIELD RIGHT-OF-WAY,2431,W,47TH ST,,NONINCAPACITATING INJURY,0,0,1,17,7,9,41.80830869,-87.68572868
05/27/2021 08:28:00 AM,30,TRAFFIC SIGNAL,CLEAR,DAYLIGHT,DIVIDED - W/MEDIAN (NOT RAISED),DRY,NO INJURY / DRIVE AWAY,,DISREGARDING ROAD MARKINGS,1460,N,HALSTED ST,Y,NO INDICATION OF INJURY,0,0,0,8,5,5,41.90816932,-87.64834802
09/18/2023 03:22:00 PM,30,NO CONTROLS,CLEAR,DAYLIGHT,ALLEY,DRY,INJURY AND / OR TOW DUE TO CRASH,,NOT APPLICABLE,5175,N,CENTRAL PARK AVE,,NONINCAPACITATING INJURY,0,0,1,15,2,9,41.97554136,-87.71828028
2/5/2020 23:50,30,TRAFFIC SIGNAL,CLOUDY/OVERCAST,"DARKNESS, LIGHTED ROAD",FOUR WAY,WET,INJURY AND / OR TOW DUE TO CRASH,Y,DISREGARDING TRAFFIC SIGNALS,1500,W,99TH ST,,"REPORTED, NOT EVIDENT",0,0,0,23,4,2,41.71410548,-87.66035848
9/9/2020 8:36,30,NO CONTROLS,CLEAR,DAYLIGHT,ONE-WAY,WET,INJURY AND / OR TOW DUE TO CRASH,,FAILING TO YIELD RIGHT-OF-WAY,3061,W,LOGAN BLVD,,NONINCAPACITATING INJURY,0,0,1,8,4,9,41.92829363,-87.70481332
09/19/2023 12:48:00 PM,15,NO CONTROLS,RAIN,DAYLIGHT,DRIVEWAY,WET,INJURY AND / OR TOW DUE TO CRASH,,UNABLE TO DETERMINE,2535,S,DR MARTIN LUTHER KING JR DR,,NONINCAPACITATING INJURY,0,0,1,12,3,9,41.84647105,-87.61716965
12/19/2018 08:20:00 PM,30,NO CONTROLS,CLEAR,"DARKNESS, LIGHTED ROAD",ONE-WAY,DRY,INJURY AND / OR TOW DUE TO CRASH,Y,DRIVING ON WRONG SIDE/WRONG WAY,352,W,ONTARIO ST,,NONINCAPACITATING INJURY,0,0,1,20,4,12,41.89324948,-87.63763455
7/6/2019 10:56,30,NO CONTROLS,CLEAR,DAYLIGHT,NOT DIVIDED,DRY,INJURY AND / OR TOW DUE TO CRASH,Y,FAILING TO YIELD RIGHT-OF-WAY,1199,N,LAVERGNE AVE,,NONINCAPACITATING INJURY,0,0,1,10,7,7,41.90221157,-87.75072342
05/31/2021 07:51:00 PM,20,NO CONTROLS,CLEAR,DAYLIGHT,DIVIDED - W/MEDIAN (NOT RAISED),DRY,INJURY AND / OR TOW DUE TO CRASH,,FAILING TO YIELD RIGHT-OF-WAY,2530,N,KOSTNER AVE,,NONINCAPACITATING INJURY,0,0,1,19,2,5,41.92729334,-87.73683791
5/7/2021 13:31,30,TRAFFIC SIGNAL,CLEAR,DAYLIGHT,FOUR WAY,DRY,INJURY AND / OR TOW DUE TO CRASH,,DISREGARDING TRAFFIC SIGNALS,160,W,CERMAK RD,,NONINCAPACITATING INJURY,0,0,1,13,6,5,41.8529657,-87.63175599
06/15/2023 01:08:00 PM,30,NO CONTROLS,CLEAR,DAYLIGHT,ALLEY,DRY,NO INJURY / DRIVE AWAY,,UNABLE TO DETERMINE,1144,E,83RD ST,Y,NO INDICATION OF INJURY,0,0,0,13,5,6,41.74418757,-87.59596209
09/25/2019 05:20:00 PM,30,NO CONTROLS,CLEAR,DAYLIGHT,ONE-WAY,DRY,INJURY AND / OR TOW DUE TO CRASH,,IMPROPER LANE USAGE,11637,S,WESTERN AVE,,NONINCAPACITATING INJURY,0,0,1,17,4,9,41.68157532,-87.68068967
10/14/2023 02:24:00 PM,30,NO CONTROLS,RAIN,DAYLIGHT,NOT DIVIDED,WET,INJURY AND / OR TOW DUE TO CRASH,,FAILING TO YIELD RIGHT-OF-WAY,1500,W,IRVING PARK RD,,NONINCAPACITATING INJURY,0,0,1,14,7,10,41.95441891,-87.66759828
09/30/2019 04:25:00 PM,30,UNKNOWN,CLEAR,DAYLIGHT,ALLEY,DRY,NO INJURY / DRIVE AWAY,,UNABLE TO DETERMINE,4560,W,DIVERSEY AVE,,NO INDICATION OF INJURY,0,0,0,16,2,9,41.931708,-87.74160524
10/4/2017 16:15,30,TRAFFIC SIGNAL,CLEAR,DAYLIGHT,NOT DIVIDED,DRY,INJURY AND / OR TOW DUE TO CRASH,,UNABLE TO DETERMINE,4400,W,BELMONT AVE,,NONINCAPACITATING INJURY,0,0,1,16,4,10,41.93907041,-87.7370979
01/16/2020 03:00:00 PM,25,NO CONTROLS,CLEAR,DAYLIGHT,NOT DIVIDED,DRY,INJURY AND / OR TOW DUE TO CRASH,,UNABLE TO DETERMINE,2739,S,ARCHER AVE,,"REPORTED, NOT EVIDENT",0,0,0,15,5,1,41.84388686,-87.65305023
7/2/2020 11:30,30,TRAFFIC SIGNAL,CLEAR,DAYLIGHT,NOT DIVIDED,DRY,NO INJURY / DRIVE AWAY,Y,UNABLE TO DETERMINE,808,N,DAMEN AVE,,NO INDICATION OF INJURY,0,0,0,11,5,7,41.89622138,-87.67720798
7/11/2022 21:05,35,NO CONTROLS,CLEAR,"DARKNESS, LIGHTED ROAD",ONE-WAY,DRY,INJURY AND / OR TOW DUE TO CRASH,Y,FAILING TO YIELD RIGHT-OF-WAY,440,E,GRAND AVE,Y,NONINCAPACITATING INJURY,0,0,1,21,2,7,41.89198012,-87.61616593
08/17/2023 08:03:00 AM,25,STOP SIGN/FLASHER,RAIN,DAYLIGHT,FOUR WAY,WET,INJURY AND / OR TOW DUE TO CRASH,,FAILING TO REDUCE SPEED TO AVOID CRASH,1698,S,PAULINA ST,N,NONINCAPACITATING INJURY,0,0,1,8,5,8,41.85870957,-87.66882669
09/19/2016 02:30:00 AM,30,NO CONTROLS,CLEAR,"DARKNESS, LIGHTED ROAD",NOT DIVIDED,DRY,INJURY AND / OR TOW DUE TO CRASH,Y,UNABLE TO DETERMINE,1600,W,GRAND AVE,,"REPORTED, NOT EVIDENT",0,0,0,2,2,9,41.89108711,-87.66720406
08/28/2021 11:54:00 AM,30,STOP SIGN/FLASHER,CLEAR,DAYLIGHT,ONE-WAY,DRY,NO INJURY / DRIVE AWAY,,UNABLE TO DETERMINE,4300,W,ALTGELD ST,,NO INDICATION OF INJURY,0,0,0,11,7,8,41.92633025,-87.73423747
09/14/2015 04:30:00 PM,30,NO CONTROLS,CLEAR,DAYLIGHT,DIVIDED - W/MEDIAN (NOT RAISED),DRY,NO INJURY / DRIVE AWAY,,UNABLE TO DETERMINE,757,N,ORLEANS ST,Y,NO INDICATION OF INJURY,0,0,0,16,2,9,41.89650311,-87.63702357
03/20/2021 04:55:00 PM,20,STOP SIGN/FLASHER,CLEAR,DAYLIGHT,ONE-WAY,DRY,INJURY AND / OR TOW DUE TO CRASH,Y,FAILING TO REDUCE SPEED TO AVOID CRASH,7500,S,EXCHANGE AVE,,INCAPACITATING INJURY,0,1,0,16,7,3,41.75899276,-87.56037781
10/22/2022 01:45:00 PM,30,TRAFFIC SIGNAL,CLEAR,DAYLIGHT,FOUR WAY,DRY,NO INJURY / DRIVE AWAY,Y,UNABLE TO DETERMINE,1226,N,MILWAUKEE AVE,,NO INDICATION OF INJURY,0,0,0,13,7,10,41.90390104,-87.66755786
07/22/2019 07:15:00 PM,25,UNKNOWN,CLEAR,DAYLIGHT,UNKNOWN,DRY,NO INJURY / DRIVE AWAY,,UNABLE TO DETERMINE,6598,W,56TH ST,,NO INDICATION OF INJURY,0,0,0,19,2,7,41.79054177,-87.78656653
08/25/2017 06:22:00 PM,20,NO CONTROLS,CLEAR,DAYLIGHT,NOT DIVIDED,DRY,INJURY AND / OR TOW DUE TO CRASH,,UNABLE TO DETERMINE,7217,N,CAMPBELL AVE,,NONINCAPACITATING INJURY,0,0,1,18,6,8,42.01321274,-87.69247683
12/7/2022 7:10,35,TRAFFIC SIGNAL,FOG/SMOKE/HAZE,DAYLIGHT,NOT DIVIDED,DRY,INJURY AND / OR TOW DUE TO CRASH,,DISREGARDING TRAFFIC SIGNALS,201,W,CHICAGO AVE,,NONINCAPACITATING INJURY,0,0,1,7,4,12,41.89648505,-87.63427482
05/21/2021 03:00:00 PM,30,STOP SIGN/FLASHER,CLEAR,DAYLIGHT,DIVIDED - W/MEDIAN (NOT RAISED),DRY,NO INJURY / DRIVE AWAY,,UNABLE TO DETERMINE,2701,W,ROOSEVELT RD,,NO INDICATION OF INJURY,0,0,0,15,6,5,41.86642647,-87.69348884
05/15/2023 09:14:00 AM,25,NO CONTROLS,CLEAR,DAYLIGHT,DIVIDED - W/MEDIAN (NOT RAISED),DRY,INJURY AND / OR TOW DUE TO CRASH,,IMPROPER OVERTAKING/PASSING,7319,N,ROGERS AVE,,NONINCAPACITATING INJURY,0,0,1,9,2,5,42.01400917,-87.67925721
8/8/2022 8:10,30,NO CONTROLS,RAIN,DAYLIGHT,DIVIDED - W/MEDIAN BARRIER,WET,INJURY AND / OR TOW DUE TO CRASH,Y,UNABLE TO DETERMINE,7730,S,STONY ISLAND AVE,,NONINCAPACITATING INJURY,0,0,1,8,2,8,41.75426746,-87.58624865
6/11/2019 6:54,30,NO CONTROLS,CLEAR,DAYLIGHT,DIVIDED - W/MEDIAN (NOT RAISED),DRY,NO INJURY / DRIVE AWAY,,NOT APPLICABLE,3626,W,LAWRENCE AVE,Y,NO INDICATION OF INJURY,0,0,0,6,3,6,41.96844525,-87.71941658
7/10/2018 22:00,30,UNKNOWN,UNKNOWN,UNKNOWN,NOT DIVIDED,UNKNOWN,NO INJURY / DRIVE AWAY,Y,UNABLE TO DETERMINE,4040,N,SHERIDAN RD,,NO INDICATION OF INJURY,0,0,0,22,3,7,41.95568502,-87.65472513
10/9/2020 14:10,20,STOP SIGN/FLASHER,CLEAR,DAYLIGHT,NOT DIVIDED,DRY,NO INJURY / DRIVE AWAY,,CELL PHONE USE OTHER THAN TEXTING,6401,S,LANGLEY AVE,,NO INDICATION OF INJURY,0,0,0,14,6,10,41.77846389,-87.60819625
10/1/2018 18:45,30,NO CONTROLS,CLEAR,DAYLIGHT,NOT DIVIDED,DRY,INJURY AND / OR TOW DUE TO CRASH,Y,FAILING TO YIELD RIGHT-OF-WAY,2252,N,MILWAUKEE AVE,,NONINCAPACITATING INJURY,0,0,1,18,2,10,41.92179534,-87.69578194
07/17/2018 10:18:00 PM,30,NO CONTROLS,CLEAR,"DARKNESS, LIGHTED ROAD",DIVIDED - W/MEDIAN (NOT RAISED),DRY,INJURY AND / OR TOW DUE TO CRASH,Y,NOT APPLICABLE,7900,S,GREEN ST,,"REPORTED, NOT EVIDENT",0,0,0,22,3,7,41.7505303,-87.64539867
06/17/2022 01:50:00 PM,30,UNKNOWN,CLEAR,DAYLIGHT,NOT DIVIDED,DRY,INJURY AND / OR TOW DUE TO CRASH,,FAILING TO YIELD RIGHT-OF-WAY,1049,W,MONTROSE AVE,,INCAPACITATING INJURY,0,1,0,13,6,6,41.96164556,-87.65669592
07/22/2021 07:45:00 PM,30,TRAFFIC SIGNAL,CLEAR,DUSK,NOT DIVIDED,DRY,NO INJURY / DRIVE AWAY,,UNABLE TO DETERMINE,5829,S,ARCHER AVE,,NO INDICATION OF INJURY,0,0,0,19,5,7,41.79601962,-87.75968337
5/7/2021 12:07,30,NO CONTROLS,CLEAR,DAYLIGHT,DIVIDED - W/MEDIAN (NOT RAISED),DRY,INJURY AND / OR TOW DUE TO CRASH,,FAILING TO YIELD RIGHT-OF-WAY,2024,W,DIVISION ST,Y,NONINCAPACITATING INJURY,0,0,1,12,6,5,41.90328207,-87.67829303
07/14/2023 05:30:00 PM,20,STOP SIGN/FLASHER,CLEAR,DAYLIGHT,NOT DIVIDED,DRY,NO INJURY / DRIVE AWAY,,UNABLE TO DETERMINE,3400,N,OAK PARK AVE,,NO INDICATION OF INJURY,0,0,0,17,6,7,41.94190142,-87.79599
07/16/2023 07:30:00 AM,30,TRAFFIC SIGNAL,CLEAR,DAYLIGHT,FOUR WAY,DRY,NO INJURY / DRIVE AWAY,,DISREGARDING TRAFFIC SIGNALS,1150,W,FULLERTON AVE,,NO INDICATION OF INJURY,0,0,0,7,1,7,41.92540664,-87.65806218
8/8/2018 15:10,30,NO CONTROLS,CLEAR,DAYLIGHT,NOT DIVIDED,DRY,INJURY AND / OR TOW DUE TO CRASH,,FAILING TO YIELD RIGHT-OF-WAY,3508,W,WRIGHTWOOD AVE,Y,INCAPACITATING INJURY,0,1,0,15,4,8,41.92839113,-87.71504605
12/31/2022 06:45:00 AM,30,NO CONTROLS,CLEAR,DAWN,NOT DIVIDED,DRY,INJURY AND / OR TOW DUE TO CRASH,,FAILING TO YIELD RIGHT-OF-WAY,4132,W,GRAND AVE,,"REPORTED, NOT EVIDENT",0,0,0,6,7,12,41.90768479,-87.72992614
2/3/2019 14:30,30,TRAFFIC SIGNAL,CLEAR,DAYLIGHT,NOT DIVIDED,WET,INJURY AND / OR TOW DUE TO CRASH,,FAILING TO YIELD RIGHT-OF-WAY,3200,N,CLARK ST,,NONINCAPACITATING INJURY,0,0,1,14,1,2,41.93999456,-87.65088552
10/18/2021 07:05:00 PM,30,TRAFFIC SIGNAL,CLEAR,"DARKNESS, LIGHTED ROAD",FOUR WAY,DRY,INJURY AND / OR TOW DUE TO CRASH,Y,DISREGARDING TRAFFIC SIGNALS,101,W,OAK ST,,NONINCAPACITATING INJURY,0,0,1,19,2,10,41.90044185,-87.63142162
09/17/2019 07:05:00 PM,30,NO CONTROLS,CLEAR,"DARKNESS, LIGHTED ROAD",NOT DIVIDED,DRY,INJURY AND / OR TOW DUE TO CRASH,Y,IMPROPER LANE USAGE,1203,S,LOOMIS ST,,NONINCAPACITATING INJURY,0,0,1,19,3,9,41.86682282,-87.66142101
04/27/2022 07:45:00 PM,30,TRAFFIC SIGNAL,CLEAR,DUSK,FOUR WAY,DRY,INJURY AND / OR TOW DUE TO CRASH,,DISREGARDING TRAFFIC SIGNALS,599,S,HALSTED ST,,NONINCAPACITATING INJURY,0,0,1,19,4,4,41.87436943,-87.64698125
10/16/2022 04:45:00 PM,30,NO CONTROLS,CLOUDY/OVERCAST,DUSK,NOT DIVIDED,UNKNOWN,NO INJURY / DRIVE AWAY,Y,IMPROPER OVERTAKING/PASSING,2700,N,CLARK ST,,NO INDICATION OF INJURY,0,0,0,16,1,10,41.93131828,-87.64442376
09/29/2020 07:45:00 AM,30,UNKNOWN,CLEAR,DAYLIGHT,NOT DIVIDED,DRY,INJURY AND / OR TOW DUE TO CRASH,,UNABLE TO DETERMINE,2600,N,LINCOLN AVE,,INCAPACITATING INJURY,0,1,0,7,3,9,41.92897165,-87.65390176
2/12/2023 22:30,30,NO CONTROLS,CLEAR,"DARKNESS, LIGHTED ROAD",DIVIDED - W/MEDIAN (NOT RAISED),DRY,INJURY AND / OR TOW DUE TO CRASH,Y,IMPROPER LANE USAGE,6721,N,SHERIDAN RD,,INCAPACITATING INJURY,0,1,0,22,1,2,42.00416375,-87.66068906
11/22/2017 05:00:00 PM,30,NO CONTROLS,CLEAR,"DARKNESS, LIGHTED ROAD",DIVIDED - W/MEDIAN (NOT RAISED),DRY,INJURY AND / OR TOW DUE TO CRASH,Y,UNABLE TO DETERMINE,1156,S,WABASH AVE,Y,NONINCAPACITATING INJURY,0,0,1,17,4,11,41.8675802,-87.62597802
05/21/2021 07:15:00 PM,30,STOP SIGN/FLASHER,CLEAR,DUSK,FOUR WAY,DRY,INJURY AND / OR TOW DUE TO CRASH,,UNABLE TO DETERMINE,3800,W,IOWA ST,,NONINCAPACITATING INJURY,0,0,1,19,6,5,41.89734617,-87.72131513
07/27/2017 10:30:00 AM,40,NO CONTROLS,CLEAR,DAYLIGHT,NOT DIVIDED,DRY,NO INJURY / DRIVE AWAY,,IMPROPER OVERTAKING/PASSING,3714,N,CLARK ST,,NO INDICATION OF INJURY,0,0,0,10,5,7,41.94941728,-87.6584683
05/21/2021 05:45:00 PM,30,NO CONTROLS,CLEAR,DAYLIGHT,NOT DIVIDED,DRY,NO INJURY / DRIVE AWAY,,UNABLE TO DETERMINE,1503,N,HALSTED ST,,NO INDICATION OF INJURY,0,0,0,17,6,5,41.90870558,-87.64806802
4/3/2019 17:15,30,STOP SIGN/FLASHER,CLEAR,DAYLIGHT,ONE-WAY,DRY,NO INJURY / DRIVE AWAY,,FAILING TO YIELD RIGHT-OF-WAY,822,W,WASHINGTON BLVD,,NO INDICATION OF INJURY,0,0,0,17,4,4,41.88323692,-87.64845338
10/20/2016 07:40:00 AM,30,NO CONTROLS,CLEAR,DAYLIGHT,NOT DIVIDED,DRY,NO INJURY / DRIVE AWAY,,UNABLE TO DETERMINE,1702,N,MILWAUKEE AVE,,NO INDICATION OF INJURY,0,0,0,7,5,10,41.91223063,-87.68055736
07/13/2017 04:15:00 PM,30,TRAFFIC SIGNAL,CLEAR,DAYLIGHT,NOT DIVIDED,DRY,INJURY AND / OR TOW DUE TO CRASH,,FAILING TO YIELD RIGHT-OF-WAY,100,W,OAK ST,,NONINCAPACITATING INJURY,0,0,1,16,5,7,41.90066134,-87.63142762
06/23/2021 03:52:00 PM,30,STOP SIGN/FLASHER,CLEAR,DAYLIGHT,FOUR WAY,DRY,INJURY AND / OR TOW DUE TO CRASH,,"VISION OBSCURED (SIGNS, TREE LIMBS, BUILDINGS, ETC.)",6798,N,CALDWELL AVE,,INCAPACITATING INJURY,0,1,0,15,4,6,42.00400876,-87.78137048
09/23/2022 10:25:00 AM,30,NO CONTROLS,CLEAR,DAYLIGHT,OTHER,DRY,INJURY AND / OR TOW DUE TO CRASH,Y,FAILING TO YIELD RIGHT-OF-WAY,5855,N,SHERIDAN RD,,NONINCAPACITATING INJURY,0,0,1,10,6,9,41.98890263,-87.65520287
07/26/2021 02:20:00 PM,30,NO CONTROLS,CLEAR,DAYLIGHT,NOT DIVIDED,DRY,INJURY AND / OR TOW DUE TO CRASH,,FAILING TO YIELD RIGHT-OF-WAY,4519,N,CLARK ST,Y,INCAPACITATING INJURY,0,1,0,14,2,7,41.96406675,-87.6663321
10/20/2022 09:00:00 PM,30,STOP SIGN/FLASHER,CLEAR,"DARKNESS, LIGHTED ROAD",ONE-WAY,UNKNOWN,NO INJURY / DRIVE AWAY,,UNABLE TO DETERMINE,900,W,ADAMS ST,,NO INDICATION OF INJURY,0,0,0,21,5,10,41.87928785,-87.64967929
08/15/2020 12:30:00 PM,30,STOP SIGN/FLASHER,CLEAR,DAYLIGHT,NOT DIVIDED,DRY,INJURY AND / OR TOW DUE TO CRASH,,DISREGARDING STOP SIGN,2500,W,WILSON AVE,,NONINCAPACITATING INJURY,0,0,1,12,7,8,41.9649451,-87.69129927
05/30/2018 02:01:00 PM,30,TRAFFIC SIGNAL,CLEAR,DAYLIGHT,DIVIDED - W/MEDIAN (NOT RAISED),DRY,INJURY AND / OR TOW DUE TO CRASH,Y,FAILING TO YIELD RIGHT-OF-WAY,3200,W,79TH ST,,INCAPACITATING INJURY,0,1,0,14,4,5,41.749952,-87.70244848
08/19/2020 06:57:00 PM,30,UNKNOWN,CLEAR,DAYLIGHT,NOT DIVIDED,DRY,INJURY AND / OR TOW DUE TO CRASH,,UNABLE TO DETERMINE,2399,N,NEWLAND AVE,,NONINCAPACITATING INJURY,0,0,1,18,4,8,41.9235104,-87.7987576
3/11/2023 16:18,30,NO CONTROLS,CLEAR,DAYLIGHT,NOT DIVIDED,DRY,NO INJURY / DRIVE AWAY,Y,PHYSICAL CONDITION OF DRIVER,1100,N,CLARK ST,,NO INDICATION OF INJURY,0,0,0,16,7,3,41.90190567,-87.63153709
11/19/2019 06:00:00 PM,30,STOP SIGN/FLASHER,CLEAR,DUSK,NOT DIVIDED,DRY,NO INJURY / DRIVE AWAY,,UNABLE TO DETERMINE,400,N,ABERDEEN ST,,NO INDICATION OF INJURY,0,0,0,18,3,11,41.88901677,-87.65471554
10/5/2022 16:45,30,UNKNOWN,CLEAR,DAYLIGHT,UNKNOWN INTERSECTION TYPE,DRY,INJURY AND / OR TOW DUE TO CRASH,,NOT APPLICABLE,1400,N,CLARK ST,Y,NONINCAPACITATING INJURY,0,0,1,16,4,10,41.90787167,-87.6317171
05/25/2019 09:30:00 AM,30,NO CONTROLS,CLEAR,DAYLIGHT,NOT DIVIDED,DRY,INJURY AND / OR TOW DUE TO CRASH,,NOT APPLICABLE,3228,N,LINCOLN AVE,Y,NONINCAPACITATING INJURY,0,0,1,9,7,5,41.94050262,-87.66939869
09/24/2018 07:00:00 AM,30,TRAFFIC SIGNAL,CLEAR,DAYLIGHT,OTHER,DRY,INJURY AND / OR TOW DUE TO CRASH,,UNABLE TO DETERMINE,299,N,JEFFERSON ST,,NONINCAPACITATING INJURY,0,0,1,7,2,9,41.88675873,-87.64265763
06/29/2019 01:50:00 AM,30,UNKNOWN,CLEAR,"DARKNESS, LIGHTED ROAD",NOT DIVIDED,DRY,INJURY AND / OR TOW DUE TO CRASH,Y,UNABLE TO DETERMINE,10400,S,WENTWORTH AVE,,NONINCAPACITATING INJURY,0,0,1,1,7,6,41.70523319,-87.62837124
09/19/2022 06:30:00 PM,30,STOP SIGN/FLASHER,CLEAR,DUSK,NOT DIVIDED,DRY,NO INJURY / DRIVE AWAY,,UNABLE TO DETERMINE,400,S,MORGAN ST,,NO INDICATION OF INJURY,0,0,0,18,2,9,41.87656877,-87.65201972
3/10/2018 13:10,30,NO CONTROLS,CLEAR,DAYLIGHT,DIVIDED - W/MEDIAN BARRIER,DRY,NO INJURY / DRIVE AWAY,,NOT APPLICABLE,2100,W,ROOSEVELT RD,Y,NO INDICATION OF INJURY,0,0,0,13,7,3,41.86682357,-87.67906315
03/30/2021 03:23:00 PM,30,NO CONTROLS,CLEAR,DAYLIGHT,DIVIDED - W/MEDIAN (NOT RAISED),DRY,INJURY AND / OR TOW DUE TO CRASH,,UNABLE TO DETERMINE,5356,S,MORGAN ST,,NONINCAPACITATING INJURY,0,0,1,15,3,3,41.79615476,-87.6502135
03/25/2023 08:55:00 AM,30,NO CONTROLS,RAIN,DAYLIGHT,DRIVEWAY,WET,INJURY AND / OR TOW DUE TO CRASH,,FAILING TO YIELD RIGHT-OF-WAY,1540,N,LA SALLE DR,,NONINCAPACITATING INJURY,0,0,1,8,7,3,41.91035173,-87.63326947
6/7/2021 14:40,30,TRAFFIC SIGNAL,CLEAR,DAYLIGHT,NOT DIVIDED,DRY,INJURY AND / OR TOW DUE TO CRASH,,UNABLE TO DETERMINE,1178,N,MILWAUKEE AVE,Y,INCAPACITATING INJURY,0,1,0,14,2,6,41.90311912,-87.66633653
6/4/2020 11:40,20,NO CONTROLS,CLEAR,DAYLIGHT,NOT DIVIDED,DRY,INJURY AND / OR TOW DUE TO CRASH,,UNABLE TO DETERMINE,6301,N,WESTERN AVE,,NONINCAPACITATING INJURY,0,0,1,11,5,6,41.99600502,-87.68967943
10/3/2022 7:55,30,TRAFFIC SIGNAL,CLEAR,DAYLIGHT,NOT DIVIDED,DRY,NO INJURY / DRIVE AWAY,,BICYCLE ADVANCING LEGALLY ON RED LIGHT,2000,N,CENTRAL PARK AVE,Y,NO INDICATION OF INJURY,0,0,0,7,2,10,41.91732537,-87.71692093
07/26/2019 12:20:00 PM,30,NO CONTROLS,CLEAR,DAYLIGHT,NOT DIVIDED,DRY,INJURY AND / OR TOW DUE TO CRASH,,FAILING TO YIELD RIGHT-OF-WAY,355,W,CHICAGO AVE,Y,NONINCAPACITATING INJURY,0,0,1,12,6,7,41.89643188,-87.63785132
09/16/2023 04:50:00 PM,30,TRAFFIC SIGNAL,CLOUDY/OVERCAST,DAYLIGHT,DIVIDED - W/MEDIAN (NOT RAISED),DRY,INJURY AND / OR TOW DUE TO CRASH,Y,UNABLE TO DETERMINE,3306,N,PULASKI RD,,NONINCAPACITATING INJURY,0,0,1,16,7,9,41.94115043,-87.72739309
9/10/2017 17:52,30,NO CONTROLS,CLEAR,DAYLIGHT,DIVIDED - W/MEDIAN (NOT RAISED),DRY,INJURY AND / OR TOW DUE TO CRASH,Y,UNABLE TO DETERMINE,629,E,71ST ST,,NONINCAPACITATING INJURY,0,0,1,17,1,9,41.76570282,-87.60928273
2/2/2019 21:11,35,UNKNOWN,UNKNOWN,"DARKNESS, LIGHTED ROAD",UNKNOWN,UNKNOWN,INJURY AND / OR TOW DUE TO CRASH,,NOT APPLICABLE,124,W,SUPERIOR ST,,NONINCAPACITATING INJURY,0,0,1,21,7,2,41.89572335,-87.63234971