CRASH_DATE,POSTED_SPEED_LIMIT,TRAFFIC_CONTROL_DEVICE,WEATHER_CONDITION,LIGHTING_CONDITION,TRAFFICWAY_TYPE,ROADWAY_SURFACE_COND,CRASH_TYPE,HIT_AND_RUN_I,PRIM_CONTRIBUTORY_CAUSE,STREET_NO,STREET_DIRECTION,STREET_NAME,DOORING_I,MOST_SEVERE_INJURY,INJURIES_FATAL,INJURIES_INCAPACITATING,INJURIES_NON_INCAPACITATING,CRASH_HOUR,CRASH_DAY_OF_WEEK,CRASH_MONTH,LATITUDE,LONGITUDE
06/14/2019 04:20:00 PM,30,NO CONTROLS,CLEAR,DAYLIGHT,DIVIDED - W/MEDIAN (NOT RAISED),DRY,INJURY AND / OR TOW DUE TO CRASH,,UNABLE TO DETERMINE,2738,N,MILWAUKEE AVE,,NONINCAPACITATING INJURY,0,0,1,16,6,6,41.93081146,-87.71049274
06/24/2019 06:02:00 PM,30,NO CONTROLS,CLEAR,DAYLIGHT,DIVIDED - W/MEDIAN (NOT RAISED),DRY,INJURY AND / OR TOW DUE TO CRASH,,UNABLE TO DETERMINE,1640,W,DIVISION ST,Y,NONINCAPACITATING INJURY,0,0,1,18,2,6,41.90342906,-87.66912961
07/13/2023 07:58:00 PM,30,NO CONTROLS,CLEAR,DUSK,NOT DIVIDED,DRY,INJURY AND / OR TOW DUE TO CRASH,,"OPERATING VEHICLE IN ERRATIC, RECKLESS, CARELESS, NEGLIGENT OR AGGRESSIVE MANNER",955,W,BELMONT AVE,,NONINCAPACITATING INJURY,0,0,1,19,5,7,41.93980795,-87.65367872
08/23/2019 08:24:00 PM,30,NO CONTROLS,CLEAR,"DARKNESS, LIGHTED ROAD",NOT DIVIDED,DRY,INJURY AND / OR TOW DUE TO CRASH,,FAILING TO YIELD RIGHT-OF-WAY,2412,S,WENTWORTH AVE,,NONINCAPACITATING INJURY,0,0,1,20,6,8,41.84873105,-87.63206766
6/3/2019 14:29,30,NO CONTROLS,CLOUDY/OVERCAST,DAYLIGHT,DIVIDED - W/MEDIAN (NOT RAISED),DRY,INJURY AND / OR TOW DUE TO CRASH,,DRIVING SKILLS/KNOWLEDGE/EXPERIENCE,7535,N,WESTERN AVE,Y,NONINCAPACITATING INJURY,0,0,1,14,2,6,42.01854299,-87.69003729
6/12/2020 15:45,30,NO CONTROLS,CLEAR,DAYLIGHT,NOT DIVIDED,UNKNOWN,INJURY AND / OR TOW DUE TO CRASH,,UNABLE TO DETERMINE,1936,N,CLARK ST,,NONINCAPACITATING INJURY,0,0,1,15,6,6,41.9176515,-87.63576931
06/16/2023 04:27:00 PM,30,TRAFFIC SIGNAL,CLEAR,DAYLIGHT,DIVIDED - W/MEDIAN BARRIER,DRY,INJURY AND / OR TOW DUE TO CRASH,,IMPROPER TURNING/NO SIGNAL,4200,N,KEDZIE AVE,,NONINCAPACITATING INJURY,0,0,1,16,6,6,41.95764051,-87.70827987
07/27/2022 08:15:00 AM,30,NO CONTROLS,CLEAR,DAYLIGHT,NOT DIVIDED,DRY,INJURY AND / OR TOW DUE TO CRASH,,UNABLE TO DETERMINE,10,S,PAULINA ST,Y,"REPORTED, NOT EVIDENT",0,0,0,8,4,7,41.8811073,-87.6694399
7/1/2019 20:55,35,NO CONTROLS,CLEAR,"DARKNESS, LIGHTED ROAD",DIVIDED - W/MEDIAN (NOT RAISED),DRY,NO INJURY / DRIVE AWAY,,UNABLE TO DETERMINE,6331,S,DREXEL AVE,,NO INDICATION OF INJURY,0,0,0,20,2,7,41.7795113,-87.60272016
06/14/2022 07:25:00 PM,30,STOP SIGN/FLASHER,CLEAR,DAYLIGHT,FOUR WAY,DRY,INJURY AND / OR TOW DUE TO CRASH,,UNABLE TO DETERMINE,6400,W,DEVON AVE,,NONINCAPACITATING INJURY,0,0,1,19,3,6,41.99746398,-87.78761024
11/23/2021 07:49:00 PM,30,STOP SIGN/FLASHER,CLEAR,DUSK,FOUR WAY,DRY,INJURY AND / OR TOW DUE TO CRASH,,UNABLE TO DETERMINE,2700,N,NARRAGANSETT AVE,,NONINCAPACITATING INJURY,0,0,1,19,3,11,41.92925669,-87.78579517
08/18/2023 09:30:00 PM,30,UNKNOWN,UNKNOWN,UNKNOWN,NOT DIVIDED,OTHER,INJURY AND / OR TOW DUE TO CRASH,Y,UNABLE TO DETERMINE,960,W,CHICAGO AVE,,"REPORTED, NOT EVIDENT",0,0,0,21,6,8,41.89642935,-87.65204352
06/21/2023 05:35:00 PM,30,STOP SIGN/FLASHER,CLEAR,DAYLIGHT,FOUR WAY,DRY,INJURY AND / OR TOW DUE TO CRASH,,FAILING TO YIELD RIGHT-OF-WAY,1639,W,MONTROSE AVE,,NONINCAPACITATING INJURY,0,0,1,17,4,6,41.96146142,-87.670757
5/12/2023 13:15,30,TRAFFIC SIGNAL,RAIN,DAYLIGHT,FOUR WAY,WET,NO INJURY / DRIVE AWAY,Y,FAILING TO YIELD RIGHT-OF-WAY,200,N,ASHLAND AVE,,NO INDICATION OF INJURY,0,0,0,13,6,5,41.88534856,-87.6671144
01/16/2021 09:50:00 AM,30,STOP SIGN/FLASHER,SNOW,DAYLIGHT,FOUR WAY,SNOW OR SLUSH,INJURY AND / OR TOW DUE TO CRASH,,DISREGARDING STOP SIGN,5600,W,GEORGE ST,,NONINCAPACITATING INJURY,0,0,1,9,7,1,41.93320945,-87.76637223
6/2/2023 20:40,30,STOP SIGN/FLASHER,CLEAR,"DARKNESS, LIGHTED ROAD",NOT DIVIDED,DRY,INJURY AND / OR TOW DUE TO CRASH,,UNABLE TO DETERMINE,2799,W,54TH ST,,NONINCAPACITATING INJURY,0,0,1,20,6,6,41.79540735,-87.69378268
10/4/2021 13:50,30,NO CONTROLS,CLEAR,DAYLIGHT,DRIVEWAY,DRY,INJURY AND / OR TOW DUE TO CRASH,,UNABLE TO DETERMINE,1155,S,WOOD ST,,NONINCAPACITATING INJURY,0,0,1,13,2,10,41.86686496,-87.67120455
06/25/2021 04:00:00 PM,30,TRAFFIC SIGNAL,FREEZING RAIN/DRIZZLE,DAYLIGHT,NOT DIVIDED,WET,NO INJURY / DRIVE AWAY,,FAILING TO YIELD RIGHT-OF-WAY,699,W,ROOSEVELT RD,,NO INDICATION OF INJURY,0,0,0,16,6,6,41.86706916,-87.64513396
09/23/2018 01:15:00 PM,30,NO CONTROLS,CLEAR,DAYLIGHT,NOT DIVIDED,DRY,NO INJURY / DRIVE AWAY,,DRIVING SKILLS/KNOWLEDGE/EXPERIENCE,2400,W,POTOMAC AVE,,NO INDICATION OF INJURY,0,0,0,13,1,9,41.9049516,-87.68713845
11/26/2019 05:45:00 PM,30,STOP SIGN/FLASHER,RAIN,DARKNESS,ONE-WAY,WET,INJURY AND / OR TOW DUE TO CRASH,,IMPROPER OVERTAKING/PASSING,799,W,MELROSE ST,,"REPORTED, NOT EVIDENT",0,0,0,17,3,11,41.94095783,-87.64918514
04/14/2022 03:45:00 PM,30,STOP SIGN/FLASHER,CLEAR,DAYLIGHT,T-INTERSECTION,DRY,NO INJURY / DRIVE AWAY,Y,UNABLE TO DETERMINE,3234,N,PULASKI RD,,NO INDICATION OF INJURY,0,0,0,15,5,4,41.94014439,-87.72735832
12/18/2019 04:50:00 PM,30,TRAFFIC SIGNAL,CLEAR,"DARKNESS, LIGHTED ROAD",Y-INTERSECTION,DRY,INJURY AND / OR TOW DUE TO CRASH,,DISREGARDING ROAD MARKINGS,1940,N,ELSTON AVE,,"REPORTED, NOT EVIDENT",0,0,0,16,4,12,41.91742776,-87.66730597
07/20/2022 12:00:00 PM,30,TRAFFIC SIGNAL,CLEAR,DAYLIGHT,NOT DIVIDED,DRY,NO INJURY / DRIVE AWAY,,UNABLE TO DETERMINE,3410,N,KIMBALL AVE,,NO INDICATION OF INJURY,0,0,0,12,4,7,41.94310111,-87.71275907
02/26/2018 02:59:00 PM,30,NO CONTROLS,CLEAR,DAYLIGHT,ONE-WAY,DRY,INJURY AND / OR TOW DUE TO CRASH,,UNABLE TO DETERMINE,6800,S,LOWE AVE,,"REPORTED, NOT EVIDENT",0,0,0,14,2,2,41.77063271,-87.6403965
5/12/2021 9:45,20,NO CONTROLS,CLEAR,DAYLIGHT,NOT DIVIDED,DRY,INJURY AND / OR TOW DUE TO CRASH,,FAILING TO YIELD RIGHT-OF-WAY,1278,N,MILWAUKEE AVE,Y,"REPORTED, NOT EVIDENT",0,0,0,9,4,5,41.90494594,-87.66917999
05/28/2018 08:00:00 AM,35,OTHER,CLEAR,DAYLIGHT,DIVIDED - W/MEDIAN BARRIER,DRY,INJURY AND / OR TOW DUE TO CRASH,,FAILING TO YIELD RIGHT-OF-WAY,4401,W,DEVON AVE,,NONINCAPACITATING INJURY,0,0,1,8,2,5,41.99713975,-87.73865304
4/2/2020 10:31,30,STOP SIGN/FLASHER,CLEAR,DAYLIGHT,T-INTERSECTION,DRY,INJURY AND / OR TOW DUE TO CRASH,,FAILING TO REDUCE SPEED TO AVOID CRASH,1900,W,51ST ST,,NONINCAPACITATING INJURY,0,0,1,10,5,4,41.80136425,-87.67210787
09/14/2021 07:38:00 AM,30,TRAFFIC SIGNAL,CLEAR,DAYLIGHT,DIVIDED - W/MEDIAN (NOT RAISED),DRY,INJURY AND / OR TOW DUE TO CRASH,,IMPROPER OVERTAKING/PASSING,800,W,CERMAK RD,,NONINCAPACITATING INJURY,0,0,1,7,3,9,41.85275518,-87.64657986
5/11/2023 12:25,30,NO CONTROLS,CLEAR,DAYLIGHT,DIVIDED - W/MEDIAN (NOT RAISED),DRY,INJURY AND / OR TOW DUE TO CRASH,,UNABLE TO DETERMINE,1515,N,HOMAN AVE,,INCAPACITATING INJURY,0,1,0,12,5,5,41.90874979,-87.71172286
03/13/2019 03:36:00 PM,30,TRAFFIC SIGNAL,CLEAR,DAYLIGHT,NOT DIVIDED,DRY,INJURY AND / OR TOW DUE TO CRASH,,FAILING TO YIELD RIGHT-OF-WAY,2699,N,CLYBOURN AVE,,INCAPACITATING INJURY,0,1,0,15,4,3,41.93002546,-87.67533354
8/6/2021 0:30,30,NO CONTROLS,CLEAR,"DARKNESS, LIGHTED ROAD",NOT DIVIDED,DRY,INJURY AND / OR TOW DUE TO CRASH,Y,UNABLE TO DETERMINE,1258,N,PULASKI RD,,NONINCAPACITATING INJURY,0,0,1,0,6,8,41.90440575,-87.72649376
1/9/2022 11:49,30,NO CONTROLS,CLEAR,DAYLIGHT,NOT DIVIDED,WET,INJURY AND / OR TOW DUE TO CRASH,,IMPROPER TURNING/NO SIGNAL,742,W,BUENA AVE,,NONINCAPACITATING INJURY,0,0,1,11,1,1,41.95860491,-87.64909969
9/3/2018 7:24,30,TRAFFIC SIGNAL,CLEAR,DAYLIGHT,DIVIDED - W/MEDIAN (NOT RAISED),DRY,INJURY AND / OR TOW DUE TO CRASH,,UNABLE TO DETERMINE,5899,S,CORNELL DR,,"REPORTED, NOT EVIDENT",0,0,0,7,2,9,41.78808814,-87.58505599
08/27/2023 08:30:00 PM,30,RR CROSSING SIGN,CLEAR,"DARKNESS, LIGHTED ROAD",NOT REPORTED,UNKNOWN,INJURY AND / OR TOW DUE TO CRASH,,FAILING TO YIELD RIGHT-OF-WAY,7129,W,IRVING PARK RD,,NONINCAPACITATING INJURY,0,0,1,20,1,8,41.95264412,-87.80477472
7/7/2019 14:45,30,TRAFFIC SIGNAL,CLEAR,DAYLIGHT,RAMP,DRY,NO INJURY / DRIVE AWAY,Y,UNABLE TO DETERMINE,1270,W,DIVISION ST,,NO INDICATION OF INJURY,0,0,0,14,1,7,41.90357412,-87.66005048
07/25/2019 04:30:00 PM,30,TRAFFIC SIGNAL,CLEAR,DAYLIGHT,DIVIDED - W/MEDIAN (NOT RAISED),DRY,INJURY AND / OR TOW DUE TO CRASH,,FAILING TO YIELD RIGHT-OF-WAY,2558,N,MILWAUKEE AVE,,NONINCAPACITATING INJURY,0,0,1,16,5,7,41.92773581,-87.70545917
10/22/2023 04:00:00 AM,30,NO CONTROLS,CLEAR,"DARKNESS, LIGHTED ROAD",NOT DIVIDED,DRY,NO INJURY / DRIVE AWAY,,UNABLE TO DETERMINE,1725,S,WABASH AVE,,NO INDICATION OF INJURY,0,0,0,4,1,10,41.85829784,-87.62547402
10/20/2015 10:30:00 PM,20,STOP SIGN/FLASHER,RAIN,"DARKNESS, LIGHTED ROAD",DIVIDED - W/MEDIAN (NOT RAISED),WET,NO INJURY / DRIVE AWAY,,UNABLE TO DETERMINE,5500,N,KIMBALL AVE,,NO INDICATION OF INJURY,0,0,0,22,3,10,41.98128158,-87.71383178
05/27/2022 11:35:00 PM,20,STOP SIGN/FLASHER,CLEAR,"DARKNESS, LIGHTED ROAD",FOUR WAY,DRY,INJURY AND / OR TOW DUE TO CRASH,,IMPROPER LANE USAGE,1400,N,MAPLEWOOD AVE,,NONINCAPACITATING INJURY,0,0,1,23,6,5,41.90671952,-87.6909613
8/1/2023 4:30,30,TRAFFIC SIGNAL,CLEAR,"DARKNESS, LIGHTED ROAD",DIVIDED - W/MEDIAN (NOT RAISED),DRY,INJURY AND / OR TOW DUE TO CRASH,,DISREGARDING TRAFFIC SIGNALS,509,S,STATE ST,,NONINCAPACITATING INJURY,0,0,1,4,3,8,41.87544863,-87.62747244
07/19/2021 09:15:00 PM,30,TRAFFIC SIGNAL,CLEAR,"DARKNESS, LIGHTED ROAD",FOUR WAY,DRY,NO INJURY / DRIVE AWAY,,NOT APPLICABLE,4801,W,MONTROSE AVE,,NO INDICATION OF INJURY,0,0,0,21,2,7,41.96061186,-87.7475936
12/4/2022 13:41,30,STOP SIGN/FLASHER,CLEAR,DAYLIGHT,NOT DIVIDED,DRY,INJURY AND / OR TOW DUE TO CRASH,,UNABLE TO DETERMINE,5225,N,CLARK ST,,NONINCAPACITATING INJURY,0,0,1,13,1,12,41.97705591,-87.66824304
08/16/2017 02:30:00 PM,30,NO CONTROLS,CLEAR,DAYLIGHT,NOT DIVIDED,DRY,NO INJURY / DRIVE AWAY,,UNABLE TO DETERMINE,2816,W,ARMITAGE AVE,Y,NO INDICATION OF INJURY,0,0,0,14,4,8,41.9175926,-87.69792965
10/5/2019 9:19,35,TRAFFIC SIGNAL,CLEAR,DAYLIGHT,DIVIDED - W/MEDIAN (NOT RAISED),DRY,INJURY AND / OR TOW DUE TO CRASH,,UNABLE TO DETERMINE,3416,N,WESTERN AVE,,"REPORTED, NOT EVIDENT",0,0,0,9,7,10,41.94363826,-87.68831334
05/20/2020 06:34:00 PM,30,NO CONTROLS,CLEAR,DAYLIGHT,NOT DIVIDED,DRY,INJURY AND / OR TOW DUE TO CRASH,,UNABLE TO DETERMINE,3116,N,DAMEN AVE,Y,NONINCAPACITATING INJURY,0,0,1,18,4,5,41.93829739,-87.67846226
3/11/2019 13:00,30,TRAFFIC SIGNAL,CLEAR,DAYLIGHT,DIVIDED - W/MEDIAN (NOT RAISED),DRY,INJURY AND / OR TOW DUE TO CRASH,Y,DISREGARDING TRAFFIC SIGNALS,35,E,LOWER WACKER DR,,NONINCAPACITATING INJURY,0,0,1,13,2,3,41.88679622,-87.62656228
05/26/2020 12:56:00 PM,30,TRAFFIC SIGNAL,CLEAR,DAYLIGHT,NOT DIVIDED,DRY,NO INJURY / DRIVE AWAY,,FAILING TO YIELD RIGHT-OF-WAY,7157,N,KEDZIE AVE,,NO INDICATION OF INJURY,0,0,0,12,3,5,42.01171581,-87.70892083
10/5/2015 8:05,20,STOP SIGN/FLASHER,CLEAR,DAYLIGHT,NOT DIVIDED,DRY,NO INJURY / DRIVE AWAY,Y,IMPROPER LANE USAGE,2801,W,ARDMORE AVE,,NO INDICATION OF INJURY,0,0,0,8,2,10,41.98664739,-87.69934087
09/24/2022 08:25:00 PM,30,NO CONTROLS,CLEAR,"DARKNESS, LIGHTED ROAD",NOT DIVIDED,DRY,INJURY AND / OR TOW DUE TO CRASH,Y,UNABLE TO DETERMINE,4426,N,KEDZIE AVE,,NONINCAPACITATING INJURY,0,0,1,20,7,9,41.96197349,-87.70841759
11/1/2023 8:05,30,NO CONTROLS,OTHER,DAYLIGHT,DRIVEWAY,ICE,INJURY AND / OR TOW DUE TO CRASH,,FAILING TO YIELD RIGHT-OF-WAY,6818,W,BELMONT AVE,,NONINCAPACITATING INJURY,0,0,1,8,4,11,41.93825571,-87.7965195
8/11/2021 16:08,30,TRAFFIC SIGNAL,CLEAR,DAYLIGHT,FOUR WAY,DRY,INJURY AND / OR TOW DUE TO CRASH,,FAILING TO YIELD RIGHT-OF-WAY,3100,S,DR MARTIN LUTHER KING JR DR,,NONINCAPACITATING INJURY,0,0,2,16,4,8,41.83832694,-87.61761266
9/1/2023 21:04,30,NO CONTROLS,CLEAR,"DARKNESS, LIGHTED ROAD",NOT DIVIDED,DRY,INJURY AND / OR TOW DUE TO CRASH,,UNABLE TO DETERMINE,2428,N,LINCOLN AVE,,NONINCAPACITATING INJURY,0,0,1,21,6,9,41.92602225,-87.64978221
09/21/2023 11:03:00 AM,30,TRAFFIC SIGNAL,CLEAR,DAYLIGHT,FOUR WAY,DRY,INJURY AND / OR TOW DUE TO CRASH,,UNABLE TO DETERMINE,100,W,ONTARIO ST,,NONINCAPACITATING INJURY,0,0,1,11,5,9,41.89333774,-87.6312445
5/8/2021 17:00,30,UNKNOWN,CLEAR,DAWN,OTHER,DRY,INJURY AND / OR TOW DUE TO CRASH,Y,UNABLE TO DETERMINE,3400,W,LAWRENCE AVE,Y,NONINCAPACITATING INJURY,0,0,1,17,7,5,41.96851014,-87.71342578
8/5/2019 11:34,30,STOP SIGN/FLASHER,CLEAR,DAYLIGHT,FOUR WAY,DRY,INJURY AND / OR TOW DUE TO CRASH,Y,ROAD CONSTRUCTION/MAINTENANCE,5759,S,NOTTINGHAM AVE,Y,NONINCAPACITATING INJURY,0,0,1,11,2,8,41.78666127,-87.79863071
02/18/2017 06:15:00 PM,30,NO CONTROLS,CLEAR,"DARKNESS, LIGHTED ROAD",NOT DIVIDED,DRY,INJURY AND / OR TOW DUE TO CRASH,Y,FAILING TO YIELD RIGHT-OF-WAY,1378,N,MILWAUKEE AVE,Y,"REPORTED, NOT EVIDENT",0,0,0,18,7,2,41.9067715,-87.67204962
05/30/2018 02:57:00 PM,30,NO CONTROLS,CLEAR,DAYLIGHT,NOT DIVIDED,DRY,NO INJURY / DRIVE AWAY,,FAILING TO YIELD RIGHT-OF-WAY,1037,W,WILSON AVE,Y,NO INDICATION OF INJURY,0,0,0,14,4,5,41.965305,-87.65625233
8/12/2020 14:45,30,NO CONTROLS,CLEAR,DAYLIGHT,NOT DIVIDED,DRY,INJURY AND / OR TOW DUE TO CRASH,,IMPROPER TURNING/NO SIGNAL,1826,N,MILWAUKEE AVE,,NONINCAPACITATING INJURY,0,0,2,14,4,8,41.91452478,-87.68409014
07/28/2018 08:49:00 AM,30,NO CONTROLS,CLEAR,DAYLIGHT,DIVIDED - W/MEDIAN (NOT RAISED),DRY,INJURY AND / OR TOW DUE TO CRASH,,IMPROPER LANE USAGE,1,S,PULASKI RD,,NONINCAPACITATING INJURY,0,0,1,8,7,7,41.88068044,-87.7255224
09/15/2022 04:12:00 PM,30,NO CONTROLS,CLEAR,DAYLIGHT,OTHER,DRY,INJURY AND / OR TOW DUE TO CRASH,,FAILING TO YIELD RIGHT-OF-WAY,5259,S,ARCHER AVE,,NONINCAPACITATING INJURY,0,0,1,16,5,9,41.79941334,-87.73756205
08/20/2018 02:25:00 PM,30,STOP SIGN/FLASHER,CLOUDY/OVERCAST,DAYLIGHT,ONE-WAY,WET,INJURY AND / OR TOW DUE TO CRASH,Y,DISREGARDING STOP SIGN,3229,W,WELLINGTON AVE,,NONINCAPACITATING INJURY,0,0,1,14,2,8,41.93558819,-87.70867518
8/9/2018 15:35,30,NO CONTROLS,CLEAR,DAYLIGHT,DIVIDED - W/MEDIAN (NOT RAISED),DRY,INJURY AND / OR TOW DUE TO CRASH,,DRIVING ON WRONG SIDE/WRONG WAY,4512,W,CHICAGO AVE,,INCAPACITATING INJURY,0,1,0,15,5,8,41.89524013,-87.73894931
09/18/2018 12:35:00 AM,30,TRAFFIC SIGNAL,CLEAR,"DARKNESS, LIGHTED ROAD",DIVIDED - W/MEDIAN (NOT RAISED),DRY,INJURY AND / OR TOW DUE TO CRASH,Y,UNABLE TO DETERMINE,5600,W,CHICAGO AVE,,NONINCAPACITATING INJURY,0,0,1,0,3,9,41.89496229,-87.76546079
08/17/2019 01:42:00 PM,30,STOP SIGN/FLASHER,CLEAR,DAYLIGHT,T-INTERSECTION,DRY,INJURY AND / OR TOW DUE TO CRASH,,FAILING TO YIELD RIGHT-OF-WAY,1900,W,GRAND AVE,,NONINCAPACITATING INJURY,0,0,1,13,7,8,41.89097247,-87.67459058
11/6/2021 11:00,30,NO CONTROLS,CLEAR,DAYLIGHT,DIVIDED - W/MEDIAN (NOT RAISED),DRY,INJURY AND / OR TOW DUE TO CRASH,,FAILING TO YIELD RIGHT-OF-WAY,251,W,HURON ST,Y,NONINCAPACITATING INJURY,0,0,1,11,7,11,41.89466267,-87.63558372
04/15/2023 01:53:00 PM,30,NO CONTROLS,CLEAR,DAYLIGHT,NOT DIVIDED,DRY,INJURY AND / OR TOW DUE TO CRASH,,FAILING TO YIELD RIGHT-OF-WAY,1946,N,PULASKI RD,,NONINCAPACITATING INJURY,0,0,1,13,7,4,41.91673352,-87.72669004
07/26/2021 04:30:00 PM,30,NO CONTROLS,CLEAR,DAYLIGHT,NOT DIVIDED,DRY,INJURY AND / OR TOW DUE TO CRASH,,UNABLE TO DETERMINE,3300,N,CLARK ST,Y,NONINCAPACITATING INJURY,0,0,1,16,2,7,41.94174729,-87.65229869
05/18/2021 08:45:00 AM,30,NO CONTROLS,CLEAR,DAYLIGHT,DIVIDED - W/MEDIAN BARRIER,WET,NO INJURY / DRIVE AWAY,Y,IMPROPER LANE USAGE,2730,W,IRVING PARK RD,,NO INDICATION OF INJURY,0,0,0,8,3,5,41.95408874,-87.69731192
7/11/2020 20:08,30,NO CONTROLS,CLEAR,DAYLIGHT,NOT DIVIDED,DRY,INJURY AND / OR TOW DUE TO CRASH,,NOT APPLICABLE,742,W,117TH ST,Y,NONINCAPACITATING INJURY,0,0,1,20,7,7,41.68195004,-87.64133307
5/7/2022 18:20,30,TRAFFIC SIGNAL,CLEAR,DAYLIGHT,NOT DIVIDED,DRY,INJURY AND / OR TOW DUE TO CRASH,,FAILING TO YIELD RIGHT-OF-WAY,200,W,DIVISION ST,,NONINCAPACITATING INJURY,0,0,1,18,7,5,41.9039625,-87.63455512
11/25/2017 04:30:00 PM,30,NO CONTROLS,CLEAR,DUSK,NOT DIVIDED,DRY,INJURY AND / OR TOW DUE TO CRASH,,NOT APPLICABLE,2344,W,GRANVILLE AVE,,NONINCAPACITATING INJURY,0,0,1,16,7,11,41.99421324,-87.6891191
08/21/2018 11:55:00 PM,30,NO CONTROLS,CLEAR,"DARKNESS, LIGHTED ROAD",NOT DIVIDED,DRY,NO INJURY / DRIVE AWAY,Y,UNABLE TO DETERMINE,3609,W,HURON ST,,NO INDICATION OF INJURY,0,0,0,23,3,8,41.89351191,-87.71668612
12/6/2018 20:15,30,TRAFFIC SIGNAL,CLEAR,"DARKNESS, LIGHTED ROAD",NOT DIVIDED,DRY,INJURY AND / OR TOW DUE TO CRASH,,DISREGARDING TRAFFIC SIGNALS,653,N,ORLEANS ST,,INCAPACITATING INJURY,0,1,0,20,5,12,41.89391225,-87.63695554
07/15/2022 01:20:00 AM,30,STOP SIGN/FLASHER,CLEAR,"DARKNESS, LIGHTED ROAD",T-INTERSECTION,DRY,INJURY AND / OR TOW DUE TO CRASH,Y,FAILING TO YIELD RIGHT-OF-WAY,131,W,CHESTNUT ST,,"REPORTED, NOT EVIDENT",0,0,0,1,6,7,41.89784607,-87.63266319
9/10/2020 9:00,30,NO CONTROLS,CLOUDY/OVERCAST,DAYLIGHT,NOT DIVIDED,UNKNOWN,NO INJURY / DRIVE AWAY,Y,UNABLE TO DETERMINE,3050,S,ASHLAND AVE,,NO INDICATION OF INJURY,0,0,0,9,5,9,41.83809243,-87.66590365
7/12/2021 17:50,15,NO CONTROLS,CLEAR,DAYLIGHT,ALLEY,DRY,INJURY AND / OR TOW DUE TO CRASH,Y,"OPERATING VEHICLE IN ERRATIC, RECKLESS, CARELESS, NEGLIGENT OR AGGRESSIVE MANNER",3147,W,23RD ST,,NONINCAPACITATING INJURY,0,0,1,17,2,7,41.84985017,-87.70462668
11/14/2017 06:42:00 PM,30,NO CONTROLS,CLEAR,DARKNESS,NOT DIVIDED,DRY,INJURY AND / OR TOW DUE TO CRASH,,FAILING TO YIELD RIGHT-OF-WAY,761,N,MILWAUKEE AVE,,NONINCAPACITATING INJURY,0,0,1,18,3,11,41.89568793,-87.65433453
10/1/2021 16:45,30,UNKNOWN,UNKNOWN,UNKNOWN,UNKNOWN,UNKNOWN,INJURY AND / OR TOW DUE TO CRASH,,NOT APPLICABLE,3927,W,83RD PL,,"REPORTED, NOT EVIDENT",0,0,0,16,6,10,41.74117565,-87.72031527
8/2/2023 16:39,30,NO CONTROLS,CLEAR,DAYLIGHT,ONE-WAY,DRY,INJURY AND / OR TOW DUE TO CRASH,,FAILING TO YIELD RIGHT-OF-WAY,340,N,CLARK ST,,INCAPACITATING INJURY,0,1,0,16,4,8,41.88852671,-87.63119137
9/6/2020 23:12,30,NO CONTROLS,CLEAR,"DARKNESS, LIGHTED ROAD",DIVIDED - W/MEDIAN (NOT RAISED),DRY,INJURY AND / OR TOW DUE TO CRASH,,FAILING TO REDUCE SPEED TO AVOID CRASH,2299,N,CICERO AVE,,NONINCAPACITATING INJURY,0,0,1,23,1,9,41.92232603,-87.74610567
10/5/2020 6:00,30,OTHER,CLEAR,DARKNESS,NOT DIVIDED,DRY,INJURY AND / OR TOW DUE TO CRASH,,IMPROPER OVERTAKING/PASSING,2500,N,STOCKTON DR,,"REPORTED, NOT EVIDENT",0,0,0,6,2,10,41.9289279,-87.63896318
05/19/2022 10:30:00 PM,30,STOP SIGN/FLASHER,CLEAR,"DARKNESS, LIGHTED ROAD",RAMP,DRY,INJURY AND / OR TOW DUE TO CRASH,,UNABLE TO DETERMINE,2402,N,LAKE SHORE DR SB,,NONINCAPACITATING INJURY,0,0,1,22,5,5,41.92620786,-87.63152971
08/28/2021 01:10:00 PM,30,NO CONTROLS,CLEAR,DAYLIGHT,NOT DIVIDED,DRY,INJURY AND / OR TOW DUE TO CRASH,Y,UNABLE TO DETERMINE,1600,N,PARKSIDE AVE,,"REPORTED, NOT EVIDENT",0,0,0,13,7,8,41.90945356,-87.76688931
10/18/2017 05:45:00 PM,30,STOP SIGN/FLASHER,CLEAR,DAYLIGHT,NOT DIVIDED,DRY,INJURY AND / OR TOW DUE TO CRASH,,UNABLE TO DETERMINE,571,W,18TH ST,,INCAPACITATING INJURY,0,1,0,17,4,10,41.85751348,-87.64172974
07/13/2021 11:58:00 AM,30,STOP SIGN/FLASHER,CLEAR,DAYLIGHT,T-INTERSECTION,DRY,INJURY AND / OR TOW DUE TO CRASH,Y,DRIVING SKILLS/KNOWLEDGE/EXPERIENCE,4029,N,SHERIDAN RD,,NONINCAPACITATING INJURY,0,0,1,11,3,7,41.95537496,-87.65442233