CRASH_DATE,POSTED_SPEED_LIMIT,TRAFFIC_CONTROL_DEVICE,WEATHER_CONDITION,LIGHTING_CONDITION,TRAFFICWAY_TYPE,ROADWAY_SURFACE_COND,CRASH_TYPE,HIT_AND_RUN_I,PRIM_CONTRIBUTORY_CAUSE,STREET_NO,STREET_DIRECTION,STREET_NAME,DOORING_I,MOST_SEVERE_INJURY,INJURIES_FATAL,INJURIES_INCAPACITATING,INJURIES_NON_INCAPACITATING,CRASH_HOUR,CRASH_DAY_OF_WEEK,CRASH_MONTH,LATITUDE,LONGITUDE
09/18/2016 07:35:00 AM,30,NO CONTROLS,CLEAR,DAYLIGHT,NOT DIVIDED,DRY,NO INJURY / DRIVE AWAY,,UNABLE TO DETERMINE,2399,W,GARFIELD BLVD,,NO INDICATION OF INJURY,0,0,0,7,1,9,41.79332128,-87.68398784
10/11/2021 8:48,30,NO CONTROLS,CLEAR,DAYLIGHT,NOT DIVIDED,UNKNOWN,INJURY AND / OR TOW DUE TO CRASH,,UNABLE TO DETERMINE,3359,N,SOUTHPORT AVE,,NONINCAPACITATING INJURY,0,0,1,8,2,10,41.94337466,-87.66376912
08/20/2022 05:10:00 PM,30,NO CONTROLS,CLEAR,DAYLIGHT,NOT DIVIDED,DRY,INJURY AND / OR TOW DUE TO CRASH,,FAILING TO YIELD RIGHT-OF-WAY,4357,W,BELMONT AVE,,"REPORTED, NOT EVIDENT",0,0,0,17,7,8,41.93885244,-87.73698057
06/19/2019 03:25:00 PM,30,NO CONTROLS,CLOUDY/OVERCAST,DAYLIGHT,NOT DIVIDED,DRY,INJURY AND / OR TOW DUE TO CRASH,,DISTRACTION - FROM OUTSIDE VEHICLE,6619,N,CALIFORNIA AVE,Y,"REPORTED, NOT EVIDENT",0,0,0,15,4,6,42.00180275,-87.69960749
12/15/2021 05:46:00 PM,25,NO CONTROLS,CLEAR,DUSK,NOT DIVIDED,DRY,INJURY AND / OR TOW DUE TO CRASH,,UNABLE TO DETERMINE,1841,N,OAKLEY AVE,,NONINCAPACITATING INJURY,0,0,1,17,4,12,41.91520119,-87.68479465
2/10/2021 21:44,30,NO CONTROLS,SNOW,"DARKNESS, LIGHTED ROAD",NOT DIVIDED,SNOW OR SLUSH,INJURY AND / OR TOW DUE TO CRASH,Y,UNABLE TO DETERMINE,7900,S,WOODLAWN AVE,,"REPORTED, NOT EVIDENT",0,0,0,21,4,2,41.75134,-87.59563595
08/31/2020 06:00:00 PM,15,STOP SIGN/FLASHER,CLEAR,DAYLIGHT,PARKING LOT,DRY,NO INJURY / DRIVE AWAY,,IMPROPER LANE USAGE,2901,W,ADDISON ST,,NO INDICATION OF INJURY,0,0,0,18,2,8,41.94655283,-87.70053577
9/10/2022 13:07,30,NO CONTROLS,CLEAR,DAYLIGHT,DIVIDED - W/MEDIAN BARRIER,DRY,INJURY AND / OR TOW DUE TO CRASH,,FAILING TO YIELD RIGHT-OF-WAY,4741,S,ASHLAND AVE,Y,NONINCAPACITATING INJURY,0,0,1,13,7,9,41.80738501,-87.66479315
8/7/2018 7:45,30,NO CONTROLS,CLEAR,DAYLIGHT,DIVIDED - W/MEDIAN (NOT RAISED),DRY,INJURY AND / OR TOW DUE TO CRASH,Y,UNABLE TO DETERMINE,3210,W,ROOSEVELT RD,,NONINCAPACITATING INJURY,0,0,1,7,3,8,41.86650922,-87.70612154
07/30/2017 03:25:00 PM,30,NO CONTROLS,CLEAR,DAYLIGHT,ONE-WAY,DRY,NO INJURY / DRIVE AWAY,Y,IMPROPER OVERTAKING/PASSING,756,N,DEARBORN ST,,NO INDICATION OF INJURY,0,0,0,15,1,7,41.89660432,-87.62992077
11/7/2017 18:40,30,STOP SIGN/FLASHER,CLEAR,DARKNESS,NOT DIVIDED,DRY,INJURY AND / OR TOW DUE TO CRASH,,DISREGARDING STOP SIGN,1800,W,CORTLAND ST,,NONINCAPACITATING INJURY,0,0,1,18,3,11,41.91613831,-87.67277871
07/17/2020 03:30:00 PM,20,STOP SIGN/FLASHER,CLEAR,DAYLIGHT,NOT DIVIDED,DRY,NO INJURY / DRIVE AWAY,,FAILING TO YIELD RIGHT-OF-WAY,1500,W,HOOD AVE,,NO INDICATION OF INJURY,0,0,0,15,6,7,41.9936448,-87.66781239
05/18/2019 03:57:00 PM,30,NO CONTROLS,RAIN,DAYLIGHT,NOT DIVIDED,WET,INJURY AND / OR TOW DUE TO CRASH,,FAILING TO YIELD RIGHT-OF-WAY,2000,W,GEORGE ST,,NONINCAPACITATING INJURY,0,0,1,15,7,5,41.93421809,-87.67824276
7/11/2019 20:32,25,STOP SIGN/FLASHER,CLEAR,DUSK,FOUR WAY,DRY,INJURY AND / OR TOW DUE TO CRASH,,DISREGARDING STOP SIGN,5100,W,ADAMS ST,Y,"REPORTED, NOT EVIDENT",0,0,0,20,5,7,41.87860019,-87.75356271
09/19/2021 02:05:00 PM,30,NO CONTROLS,CLEAR,DAYLIGHT,NOT DIVIDED,DRY,INJURY AND / OR TOW DUE TO CRASH,,FAILING TO YIELD RIGHT-OF-WAY,2551,N,CLARK ST,Y,INCAPACITATING INJURY,0,1,0,14,1,9,41.92917284,-87.64244444
10/4/2022 10:30,30,TRAFFIC SIGNAL,CLEAR,DAYLIGHT,NOT DIVIDED,DRY,INJURY AND / OR TOW DUE TO CRASH,Y,UNABLE TO DETERMINE,2499,S,CENTRAL PARK AVE,,"REPORTED, NOT EVIDENT",0,0,0,10,3,10,41.84631377,-87.71469711
05/14/2020 06:00:00 PM,25,NO CONTROLS,CLEAR,DAYLIGHT,NOT DIVIDED,UNKNOWN,INJURY AND / OR TOW DUE TO CRASH,Y,UNABLE TO DETERMINE,6212,W,ARDMORE AVE,Y,NONINCAPACITATING INJURY,0,0,1,18,5,5,41.98663236,-87.78342159
07/13/2021 10:50:00 AM,15,NO CONTROLS,CLOUDY/OVERCAST,DAYLIGHT,ALLEY,DRY,INJURY AND / OR TOW DUE TO CRASH,,UNABLE TO DETERMINE,4556,W,DIVERSEY AVE,,NONINCAPACITATING INJURY,0,0,1,10,3,7,41.93170984,-87.74145897
07/20/2023 07:50:00 AM,30,TRAFFIC SIGNAL,CLEAR,DAYLIGHT,FOUR WAY,DRY,INJURY AND / OR TOW DUE TO CRASH,,FAILING TO YIELD RIGHT-OF-WAY,350,W,MONROE ST,,"REPORTED, NOT EVIDENT",0,0,0,7,5,7,41.88073518,-87.63666284
05/23/2019 08:30:00 AM,35,TRAFFIC SIGNAL,CLEAR,DAYLIGHT,NOT DIVIDED,DRY,NO INJURY / DRIVE AWAY,Y,DISREGARDING TRAFFIC SIGNALS,300,S,LAKE SHORE DR NB,,NO INDICATION OF INJURY,0,0,0,8,5,5,41.87831014,-87.6175759
06/14/2022 04:39:00 PM,30,NO CONTROLS,CLEAR,DAYLIGHT,NOT DIVIDED,DRY,INJURY AND / OR TOW DUE TO CRASH,Y,"OPERATING VEHICLE IN ERRATIC, RECKLESS, CARELESS, NEGLIGENT OR AGGRESSIVE MANNER",1563,N,MILWAUKEE AVE,Y,"REPORTED, NOT EVIDENT",0,0,0,16,3,6,41.90999876,-87.67664791
04/28/2023 11:30:00 AM,30,NO CONTROLS,CLEAR,DAYLIGHT,DIVIDED - W/MEDIAN (NOT RAISED),DRY,INJURY AND / OR TOW DUE TO CRASH,,DRIVING SKILLS/KNOWLEDGE/EXPERIENCE,1484,N,MILWAUKEE AVE,,INCAPACITATING INJURY,0,1,0,11,6,4,41.90887113,-87.67533743
04/13/2022 07:30:00 AM,30,STOP SIGN/FLASHER,CLEAR,DAWN,FOUR WAY,DRY,INJURY AND / OR TOW DUE TO CRASH,N,FAILING TO YIELD RIGHT-OF-WAY,3100,S,SHIELDS AVE,,NONINCAPACITATING INJURY,0,0,1,7,4,4,41.83809563,-87.63546282
09/14/2018 04:15:00 PM,30,NO CONTROLS,CLEAR,DAYLIGHT,NOT DIVIDED,DRY,NO INJURY / DRIVE AWAY,,FAILING TO YIELD RIGHT-OF-WAY,5353,N,CLARK ST,Y,NO INDICATION OF INJURY,0,0,0,16,6,9,41.97960411,-87.66813217
7/3/2018 9:45,35,NO CONTROLS,CLEAR,DAYLIGHT,NOT DIVIDED,DRY,INJURY AND / OR TOW DUE TO CRASH,Y,UNABLE TO DETERMINE,8583,S,SOUTH CHICAGO AVE,N,NONINCAPACITATING INJURY,0,0,1,9,3,7,41.7390736,-87.56809602
7/7/2023 15:30,30,NO CONTROLS,CLEAR,DAYLIGHT,DIVIDED - W/MEDIAN (NOT RAISED),DRY,INJURY AND / OR TOW DUE TO CRASH,Y,"OPERATING VEHICLE IN ERRATIC, RECKLESS, CARELESS, NEGLIGENT OR AGGRESSIVE MANNER",5829,S,WESTERN AVE,,NONINCAPACITATING INJURY,0,0,1,15,6,7,41.7874741,-87.68371152
8/12/2016 14:45,30,NO CONTROLS,CLEAR,DAYLIGHT,ONE-WAY,DRY,NO INJURY / DRIVE AWAY,,UNABLE TO DETERMINE,7800,S,EUCLID AVE,,NO INDICATION OF INJURY,0,0,0,14,6,8,41.75331611,-87.57739146
9/1/2017 15:30,30,NO CONTROLS,CLEAR,DAYLIGHT,NOT DIVIDED,DRY,INJURY AND / OR TOW DUE TO CRASH,Y,IMPROPER OVERTAKING/PASSING,2730,N,ELSTON AVE,,"REPORTED, NOT EVIDENT",0,0,0,15,6,9,41.93106814,-87.6864177
11/2/2018 13:50,30,TRAFFIC SIGNAL,CLEAR,DAYLIGHT,NOT DIVIDED,DRY,INJURY AND / OR TOW DUE TO CRASH,Y,FAILING TO YIELD RIGHT-OF-WAY,3600,W,ARMITAGE AVE,,NONINCAPACITATING INJURY,0,0,1,13,6,11,41.91739178,-87.71683559
6/2/2023 18:47,30,STOP SIGN/FLASHER,CLEAR,DAYLIGHT,FOUR WAY,DRY,INJURY AND / OR TOW DUE TO CRASH,,FAILING TO YIELD RIGHT-OF-WAY,3499,N,RACINE AVE,,NONINCAPACITATING INJURY,0,0,1,18,6,6,41.94527263,-87.65897321
7/3/2022 16:28,30,TRAFFIC SIGNAL,CLEAR,DAYLIGHT,DIVIDED - W/MEDIAN (NOT RAISED),DRY,INJURY AND / OR TOW DUE TO CRASH,,UNABLE TO DETERMINE,2200,S,CALIFORNIA AVE,,NONINCAPACITATING INJURY,0,0,1,16,1,7,41.85185431,-87.6955914
09/16/2021 04:14:00 PM,30,NO CONTROLS,CLEAR,DAYLIGHT,NOT DIVIDED,DRY,INJURY AND / OR TOW DUE TO CRASH,,FAILING TO YIELD RIGHT-OF-WAY,6301,S,PULASKI RD,,INCAPACITATING INJURY,0,1,0,16,5,9,41.7786395,-87.72261309
11/12/2018 10:00,30,UNKNOWN,CLEAR,DAYLIGHT,NOT DIVIDED,DRY,INJURY AND / OR TOW DUE TO CRASH,Y,UNABLE TO DETERMINE,1221,S,KEDZIE AVE,N,NONINCAPACITATING INJURY,0,0,1,10,2,11,41.8657274,-87.70550207
07/22/2019 02:32:00 PM,30,TRAFFIC SIGNAL,CLEAR,DAYLIGHT,FOUR WAY,DRY,NO INJURY / DRIVE AWAY,,IMPROPER OVERTAKING/PASSING,2600,N,CALIFORNIA AVE,,NO INDICATION OF INJURY,0,0,0,14,2,7,41.92878824,-87.69767217
10/29/2018 06:00:00 PM,30,NO CONTROLS,CLEAR,DAYLIGHT,NOT DIVIDED,DRY,INJURY AND / OR TOW DUE TO CRASH,,UNABLE TO DETERMINE,2100,W,ARMITAGE AVE,,NONINCAPACITATING INJURY,0,0,1,18,2,10,41.91781305,-87.68022242
06/19/2022 11:22:00 PM,30,STOP SIGN/FLASHER,CLEAR,DARKNESS,T-INTERSECTION,DRY,INJURY AND / OR TOW DUE TO CRASH,Y,UNABLE TO DETERMINE,5700,S,DR MARTIN LUTHER KING JR DR,,NONINCAPACITATING INJURY,0,0,1,23,1,6,41.79107933,-87.61603439
08/24/2020 12:50:00 PM,25,NO CONTROLS,CLEAR,DAYLIGHT,OTHER,DRY,NO INJURY / DRIVE AWAY,,UNABLE TO DETERMINE,5227,N,BROADWAY,,NO INDICATION OF INJURY,0,0,0,12,2,8,41.9771506,-87.65974096
08/25/2021 03:00:00 PM,30,UNKNOWN,CLEAR,DAYLIGHT,NOT DIVIDED,UNKNOWN,INJURY AND / OR TOW DUE TO CRASH,Y,IMPROPER TURNING/NO SIGNAL,3707,N,LOCKWOOD AVE,,NONINCAPACITATING INJURY,0,0,1,15,4,8,41.94802458,-87.75929719
1/1/2023 18:00,30,UNKNOWN,CLEAR,DARKNESS,NOT DIVIDED,DRY,NO INJURY / DRIVE AWAY,Y,UNABLE TO DETERMINE,7400,N,SHERIDAN RD,,NO INDICATION OF INJURY,0,0,0,18,1,1,42.01612995,-87.6652532
11/8/2020 10:40,30,TRAFFIC SIGNAL,CLEAR,DAYLIGHT,DIVIDED - W/MEDIAN (NOT RAISED),DRY,INJURY AND / OR TOW DUE TO CRASH,,HAD BEEN DRINKING (USE WHEN ARREST IS NOT MADE),38,E,GARFIELD BLVD,,INCAPACITATING INJURY,0,1,0,10,1,11,41.79477298,-87.62417243
08/30/2020 08:12:00 PM,30,NO CONTROLS,CLEAR,DUSK,FOUR WAY,DRY,INJURY AND / OR TOW DUE TO CRASH,,IMPROPER LANE USAGE,5657,W,FULLERTON AVE,,NONINCAPACITATING INJURY,0,0,1,20,1,8,41.92383507,-87.76827917
07/31/2019 08:11:00 PM,30,NO CONTROLS,CLEAR,"DARKNESS, LIGHTED ROAD",ONE-WAY,DRY,INJURY AND / OR TOW DUE TO CRASH,,UNABLE TO DETERMINE,2013,N,KEELER AVE,,NONINCAPACITATING INJURY,0,0,1,20,4,7,41.917537,-87.7313215
9/7/2023 22:03,35,TRAFFIC SIGNAL,CLEAR,"DARKNESS, LIGHTED ROAD",T-INTERSECTION,DRY,INJURY AND / OR TOW DUE TO CRASH,,IMPROPER TURNING/NO SIGNAL,3400,N,LAKE SHORE DR,,NONINCAPACITATING INJURY,0,0,1,22,5,9,41.94340222,-87.64068544
1/3/2019 17:20,30,TRAFFIC SIGNAL,CLEAR,DARKNESS,NOT DIVIDED,DRY,NO INJURY / DRIVE AWAY,,DRIVING SKILLS/KNOWLEDGE/EXPERIENCE,457,S,DAMEN AVE,Y,NO INDICATION OF INJURY,0,0,0,17,5,1,41.87504189,-87.67634094
10/13/2021 03:21:00 PM,30,TRAFFIC SIGNAL,RAIN,DAYLIGHT,FOUR WAY,WET,INJURY AND / OR TOW DUE TO CRASH,,FAILING TO YIELD RIGHT-OF-WAY,1200,N,CALIFORNIA AVE,,NONINCAPACITATING INJURY,0,0,1,15,4,10,41.90296995,-87.69702781
06/25/2018 03:25:00 PM,30,NO CONTROLS,CLEAR,DAYLIGHT,NOT DIVIDED,DRY,INJURY AND / OR TOW DUE TO CRASH,,UNABLE TO DETERMINE,3943,N,KIMBALL AVE,,NONINCAPACITATING INJURY,0,0,1,15,2,6,41.95331746,-87.71273374
08/22/2018 05:00:00 PM,35,STOP SIGN/FLASHER,CLEAR,DAYLIGHT,NOT DIVIDED,DRY,NO INJURY / DRIVE AWAY,,UNABLE TO DETERMINE,500,N,KINGSBURY ST,Y,NO INDICATION OF INJURY,0,0,0,17,4,8,41.8906843,-87.63939528
07/13/2017 06:39:00 PM,15,NO CONTROLS,CLEAR,DAYLIGHT,ONE-WAY,DRY,INJURY AND / OR TOW DUE TO CRASH,,UNABLE TO DETERMINE,3500,W,REDFIELD DR,,NONINCAPACITATING INJURY,0,0,1,18,5,7,41.76586647,-87.71015009
11/30/2017 08:50:00 AM,30,TRAFFIC SIGNAL,CLEAR,DAYLIGHT,DIVIDED - W/MEDIAN (NOT RAISED),DRY,INJURY AND / OR TOW DUE TO CRASH,Y,FAILING TO YIELD RIGHT-OF-WAY,1000,N,MILWAUKEE AVE,,NONINCAPACITATING INJURY,0,0,1,8,5,11,41.8997595,-87.66107806
06/19/2019 04:45:00 PM,15,NO CONTROLS,CLEAR,DAYLIGHT,NOT DIVIDED,DRY,INJURY AND / OR TOW DUE TO CRASH,Y,FAILING TO YIELD RIGHT-OF-WAY,2121,S,ARCHER AVE,,"REPORTED, NOT EVIDENT",0,0,0,16,4,6,41.85379705,-87.63261691
06/17/2020 02:10:00 PM,30,NO CONTROLS,CLEAR,DAYLIGHT,ONE-WAY,DRY,INJURY AND / OR TOW DUE TO CRASH,,UNABLE TO DETERMINE,822,N,CLARK ST,,NONINCAPACITATING INJURY,0,0,1,14,4,6,41.89736088,-87.63140998
6/3/2023 16:15,15,NO CONTROLS,CLEAR,DAYLIGHT,NOT DIVIDED,DRY,INJURY AND / OR TOW DUE TO CRASH,,"VISION OBSCURED (SIGNS, TREE LIMBS, BUILDINGS, ETC.)",1199,S,CANAL ST,,NONINCAPACITATING INJURY,0,0,1,16,7,6,41.86731941,-87.63905675
10/27/2019 08:18:00 PM,30,NO CONTROLS,CLEAR,"DARKNESS, LIGHTED ROAD",NOT DIVIDED,DRY,NO INJURY / DRIVE AWAY,,IMPROPER LANE USAGE,3042,N,CICERO AVE,Y,NO INDICATION OF INJURY,0,0,0,20,1,10,41.93648604,-87.74694143
07/22/2023 01:40:00 PM,30,NO CONTROLS,CLEAR,DAYLIGHT,NOT DIVIDED,DRY,INJURY AND / OR TOW DUE TO CRASH,Y,UNABLE TO DETERMINE,2458,W,ARMITAGE AVE,,NONINCAPACITATING INJURY,0,0,1,13,7,7,41.91766721,-87.68947138
10/21/2023 04:00:00 PM,30,NO CONTROLS,CLEAR,DAYLIGHT,ONE-WAY,DRY,NO INJURY / DRIVE AWAY,Y,UNABLE TO DETERMINE,7505,N,OAKLEY AVE,,NO INDICATION OF INJURY,0,0,0,16,7,10,42.01763445,-87.68760317
10/26/2021 05:45:00 PM,30,NO CONTROLS,CLEAR,UNKNOWN,NOT DIVIDED,UNKNOWN,INJURY AND / OR TOW DUE TO CRASH,,FAILING TO YIELD RIGHT-OF-WAY,1925,N,HALSTED ST,,NONINCAPACITATING INJURY,0,0,1,17,3,10,41.91675581,-87.64830278
06/30/2021 03:24:00 PM,30,TRAFFIC SIGNAL,CLEAR,DAYLIGHT,NOT DIVIDED,WET,INJURY AND / OR TOW DUE TO CRASH,Y,UNABLE TO DETERMINE,6717,S,PULASKI RD,,NONINCAPACITATING INJURY,0,0,1,15,4,6,41.77082264,-87.7224154
06/20/2021 02:45:00 PM,30,STOP SIGN/FLASHER,CLEAR,DAYLIGHT,NOT DIVIDED,DRY,INJURY AND / OR TOW DUE TO CRASH,,FAILING TO YIELD RIGHT-OF-WAY,3811,W,59TH ST,,NONINCAPACITATING INJURY,0,0,1,14,1,6,41.78589651,-87.71855704
9/1/2017 15:45,30,TRAFFIC SIGNAL,CLEAR,DAYLIGHT,DIVIDED - W/MEDIAN BARRIER,DRY,INJURY AND / OR TOW DUE TO CRASH,,DISREGARDING STOP SIGN,5955,N,CLARK ST,,NONINCAPACITATING INJURY,0,0,1,15,6,9,41.99007359,-87.66985124
8/1/2019 7:40,30,NO CONTROLS,CLEAR,DAYLIGHT,DIVIDED - W/MEDIAN (NOT RAISED),DRY,INJURY AND / OR TOW DUE TO CRASH,,FAILING TO YIELD RIGHT-OF-WAY,2800,N,CAMBRIDGE AVE,,INCAPACITATING INJURY,0,2,0,7,5,8,41.93291244,-87.64288725
08/18/2015 01:30:00 PM,30,TRAFFIC SIGNAL,CLEAR,DAYLIGHT,DIVIDED - W/MEDIAN (NOT RAISED),DRY,INJURY AND / OR TOW DUE TO CRASH,Y,UNABLE TO DETERMINE,68,W,KINZIE ST,,NONINCAPACITATING INJURY,0,0,1,13,3,8,41.88932697,-87.63063621
10/4/2022 17:25,25,NO CONTROLS,CLEAR,DAYLIGHT,NOT DIVIDED,DRY,NO INJURY / DRIVE AWAY,,NOT APPLICABLE,540,W,OAKDALE AVE,,NO INDICATION OF INJURY,0,0,0,17,3,10,41.93564524,-87.64345252
07/26/2022 04:44:00 AM,30,TRAFFIC SIGNAL,CLEAR,"DARKNESS, LIGHTED ROAD",FOUR WAY,DRY,INJURY AND / OR TOW DUE TO CRASH,,UNABLE TO DETERMINE,2000,N,KEDZIE AVE,,NONINCAPACITATING INJURY,0,0,1,4,3,7,41.91744617,-87.70711607
10/14/2020 08:10:00 AM,30,STOP SIGN/FLASHER,CLEAR,DAYLIGHT,NOT DIVIDED,DRY,NO INJURY / DRIVE AWAY,Y,UNABLE TO DETERMINE,2030,W,POLK ST,,NO INDICATION OF INJURY,0,0,0,8,4,10,41.87157305,-87.67738799
08/17/2018 08:42:00 PM,30,TRAFFIC SIGNAL,CLEAR,"DARKNESS, LIGHTED ROAD",OTHER,DRY,INJURY AND / OR TOW DUE TO CRASH,,FAILING TO YIELD RIGHT-OF-WAY,100,E,53RD ST,,NONINCAPACITATING INJURY,0,0,1,20,6,8,41.79828542,-87.62247888
03/15/2020 08:15:00 AM,30,TRAFFIC SIGNAL,CLEAR,DAYLIGHT,NOT DIVIDED,DRY,NO INJURY / DRIVE AWAY,,UNABLE TO DETERMINE,2011,W,IRVING PARK RD,,NO INDICATION OF INJURY,0,0,0,8,1,3,41.95403892,-87.67930806
09/28/2019 01:00:00 PM,15,NO CONTROLS,CLEAR,DAYLIGHT,ALLEY,DRY,INJURY AND / OR TOW DUE TO CRASH,,NOT APPLICABLE,1856,N,WESTERN AVE,,NONINCAPACITATING INJURY,0,0,1,13,7,9,41.91565055,-87.68750755
09/23/2016 03:50:00 PM,30,NO CONTROLS,CLEAR,DAYLIGHT,DIVIDED - W/MEDIAN (NOT RAISED),DRY,INJURY AND / OR TOW DUE TO CRASH,,UNABLE TO DETERMINE,4610,N,PULASKI RD,,"REPORTED, NOT EVIDENT",0,0,0,15,6,9,41.96494107,-87.72808368
03/26/2019 11:13:00 AM,30,TRAFFIC SIGNAL,CLEAR,DAYLIGHT,NOT DIVIDED,DRY,INJURY AND / OR TOW DUE TO CRASH,,FAILING TO YIELD RIGHT-OF-WAY,5937,N,BROADWAY,,INCAPACITATING INJURY,0,1,0,11,3,3,41.99010851,-87.66012216
07/23/2023 03:04:00 AM,30,STOP SIGN/FLASHER,CLEAR,"DARKNESS, LIGHTED ROAD",FOUR WAY,WET,INJURY AND / OR TOW DUE TO CRASH,,DISREGARDING STOP SIGN,2600,N,SOUTHPORT AVE,,NONINCAPACITATING INJURY,0,0,1,3,1,7,41.92889109,-87.66359222
9/2/2018 18:00,30,NO CONTROLS,CLEAR,DAYLIGHT,NOT DIVIDED,DRY,INJURY AND / OR TOW DUE TO CRASH,Y,IMPROPER LANE USAGE,2362,N,LINCOLN AVE,Y,NONINCAPACITATING INJURY,0,0,1,18,1,9,41.92493155,-87.64825227
08/24/2023 03:20:00 PM,30,UNKNOWN,CLEAR,DAYLIGHT,OTHER,UNKNOWN,NO INJURY / DRIVE AWAY,,UNABLE TO DETERMINE,3352,N,WESTERN AVE,,NO INDICATION OF INJURY,0,0,0,15,5,8,41.94280161,-87.68834611
7/3/2019 11:15,30,TRAFFIC SIGNAL,CLEAR,DAYLIGHT,FOUR WAY,DRY,INJURY AND / OR TOW DUE TO CRASH,,FAILING TO YIELD RIGHT-OF-WAY,2600,S,MICHIGAN AVE,,NONINCAPACITATING INJURY,0,0,2,11,4,7,41.84556816,-87.62378129
9/12/2022 0:40,15,NO CONTROLS,CLOUDY/OVERCAST,"DARKNESS, LIGHTED ROAD",PARKING LOT,WET,NO INJURY / DRIVE AWAY,,UNABLE TO DETERMINE,3570,N,ELSTON AVE,,NO INDICATION OF INJURY,0,0,0,0,2,9,41.9460576,-87.70823011
8/3/2023 7:00,25,NO CONTROLS,CLEAR,DAYLIGHT,ONE-WAY,DRY,INJURY AND / OR TOW DUE TO CRASH,,UNABLE TO DETERMINE,3211,N,MAJOR AVE,,"REPORTED, NOT EVIDENT",0,0,0,7,5,8,41.93890807,-87.76879732
05/29/2019 01:30:00 PM,30,NO CONTROLS,CLEAR,DAYLIGHT,DIVIDED - W/MEDIAN BARRIER,DRY,INJURY AND / OR TOW DUE TO CRASH,,IMPROPER LANE USAGE,1180,S,INDEPENDENCE BLVD,N,"REPORTED, NOT EVIDENT",0,0,0,13,4,5,41.86628287,-87.72027101
10/23/2018 10:00:00 AM,35,OTHER WARNING SIGN,CLEAR,DAYLIGHT,DIVIDED - W/MEDIAN BARRIER,DRY,INJURY AND / OR TOW DUE TO CRASH,,FAILING TO YIELD RIGHT-OF-WAY,4433,W,DEVON AVE,,NONINCAPACITATING INJURY,0,0,1,10,3,10,41.99714093,-87.73978001
12/1/2015 14:45,30,NO CONTROLS,CLEAR,DAYLIGHT,DIVIDED - W/MEDIAN (NOT RAISED),DRY,NO INJURY / DRIVE AWAY,,IMPROPER TURNING/NO SIGNAL,2729,N,KIMBALL AVE,,NO INDICATION OF INJURY,0,0,0,14,3,12,41.93102352,-87.71212596
09/17/2015 08:30:00 AM,10,NO CONTROLS,CLEAR,DAYLIGHT,PARKING LOT,DRY,NO INJURY / DRIVE AWAY,,IMPROPER OVERTAKING/PASSING,1000,N,LAKE SHORE DR,,NO INDICATION OF INJURY,0,0,0,8,5,9,41.90075297,-87.624235
8/1/2019 18:20,30,NO CONTROLS,CLEAR,DAYLIGHT,DIVIDED - W/MEDIAN (NOT RAISED),DRY,INJURY AND / OR TOW DUE TO CRASH,Y,FAILING TO YIELD RIGHT-OF-WAY,2539,N,LINCOLN AVE,,NONINCAPACITATING INJURY,0,0,1,18,5,8,41.92814924,-87.65233211
7/5/2023 18:47,30,STOP SIGN/FLASHER,RAIN,"DARKNESS, LIGHTED ROAD",T-INTERSECTION,WET,INJURY AND / OR TOW DUE TO CRASH,,UNABLE TO DETERMINE,1500,S,KOSTNER AVE,,NONINCAPACITATING INJURY,0,0,1,18,4,7,41.86046297,-87.73493521
05/31/2022 09:43:00 PM,30,NO CONTROLS,CLEAR,DUSK,ONE-WAY,DRY,INJURY AND / OR TOW DUE TO CRASH,Y,UNABLE TO DETERMINE,580,E,ILLINOIS ST,,NONINCAPACITATING INJURY,0,0,1,21,3,5,41.89125054,-87.61168123
08/17/2023 07:30:00 AM,25,STOP SIGN/FLASHER,RAIN,DAYLIGHT,DIVIDED - W/MEDIAN (NOT RAISED),WET,NO INJURY / DRIVE AWAY,,FAILING TO YIELD RIGHT-OF-WAY,299,E,SUPERIOR ST,,NO INDICATION OF INJURY,0,0,0,7,5,8,41.89568498,-87.62046269
6/8/2022 22:35,25,NO CONTROLS,CLEAR,DARKNESS,NOT DIVIDED,DRY,INJURY AND / OR TOW DUE TO CRASH,,UNABLE TO DETERMINE,1418,W,18TH ST,Y,NONINCAPACITATING INJURY,0,0,1,22,4,6,41.85797372,-87.6620469
3/5/2020 19:10,25,TRAFFIC SIGNAL,RAIN,"DARKNESS, LIGHTED ROAD",NOT DIVIDED,WET,INJURY AND / OR TOW DUE TO CRASH,,WEATHER,761,N,MILWAUKEE AVE,,NONINCAPACITATING INJURY,0,0,1,19,5,3,41.89568793,-87.65433453
1/1/2021 15:15,30,NO CONTROLS,SNOW,DAYLIGHT,DIVIDED - W/MEDIAN (NOT RAISED),WET,INJURY AND / OR TOW DUE TO CRASH,,UNABLE TO DETERMINE,3100,S,KEDVALE AVE,,INCAPACITATING INJURY,0,1,0,15,6,1,41.83674678,-87.72813894
9/7/2017 15:45,30,NO CONTROLS,CLEAR,DAYLIGHT,DIVIDED - W/MEDIAN (NOT RAISED),DRY,INJURY AND / OR TOW DUE TO CRASH,Y,IMPROPER LANE USAGE,7910,S,PULASKI RD,,"REPORTED, NOT EVIDENT",0,0,0,15,5,9,41.74906857,-87.72204281
12/16/2022 08:45:00 AM,30,TRAFFIC SIGNAL,CLEAR,DAYLIGHT,FOUR WAY,DRY,NO INJURY / DRIVE AWAY,,FAILING TO YIELD RIGHT-OF-WAY,2200,S,LOOMIS ST,,NO INDICATION OF INJURY,0,0,0,8,6,12,41.8524093,-87.66131099