CRASH_DATE,POSTED_SPEED_LIMIT,TRAFFIC_CONTROL_DEVICE,WEATHER_CONDITION,LIGHTING_CONDITION,TRAFFICWAY_TYPE,ROADWAY_SURFACE_COND,CRASH_TYPE,HIT_AND_RUN_I,PRIM_CONTRIBUTORY_CAUSE,STREET_NO,STREET_DIRECTION,STREET_NAME,DOORING_I,MOST_SEVERE_INJURY,INJURIES_FATAL,INJURIES_INCAPACITATING,INJURIES_NON_INCAPACITATING,CRASH_HOUR,CRASH_DAY_OF_WEEK,CRASH_MONTH,LATITUDE,LONGITUDE
3/2/2016 16:35,30,NO CONTROLS,CLEAR,DAYLIGHT,DIVIDED - W/MEDIAN BARRIER,DRY,INJURY AND / OR TOW DUE TO CRASH,,NOT APPLICABLE,1918,W,IRVING PARK RD,Y,NONINCAPACITATING INJURY,0,0,1,16,4,3,41.95428767,-87.6771299
6/1/2018 0:30,30,STOP SIGN/FLASHER,CLEAR,"DARKNESS, LIGHTED ROAD",NOT DIVIDED,DRY,INJURY AND / OR TOW DUE TO CRASH,Y,UNABLE TO DETERMINE,1700,N,WOOD ST,,"REPORTED, NOT EVIDENT",0,0,0,0,6,6,41.91247122,-87.67276701
10/18/2021 10:23:00 AM,30,TRAFFIC SIGNAL,CLEAR,DAYLIGHT,NOT DIVIDED,DRY,INJURY AND / OR TOW DUE TO CRASH,,DISREGARDING OTHER TRAFFIC SIGNS,5998,W,LAKE ST,,NONINCAPACITATING INJURY,0,0,1,10,2,10,41.88812654,-87.77476193
06/27/2023 01:30:00 PM,30,TRAFFIC SIGNAL,FOG/SMOKE/HAZE,DAYLIGHT,ONE-WAY,DRY,INJURY AND / OR TOW DUE TO CRASH,,FAILING TO YIELD RIGHT-OF-WAY,55,E,ONTARIO ST,Y,NONINCAPACITATING INJURY,0,0,1,13,3,6,41.89319672,-87.62591385
01/24/2022 09:13:00 AM,30,NO CONTROLS,SNOW,DAYLIGHT,ONE-WAY,SNOW OR SLUSH,INJURY AND / OR TOW DUE TO CRASH,,RELATED TO BUS STOP,33,N,DEARBORN ST,Y,NONINCAPACITATING INJURY,0,0,1,9,2,1,41.88280623,-87.6292815
6/9/2021 13:25,30,STOP SIGN/FLASHER,CLEAR,DAYLIGHT,NOT DIVIDED,DRY,INJURY AND / OR TOW DUE TO CRASH,,FAILING TO YIELD RIGHT-OF-WAY,5998,N,MILWAUKEE AVE,,NONINCAPACITATING INJURY,0,0,1,13,4,6,41.99008117,-87.78112988
05/16/2019 09:33:00 AM,30,NO CONTROLS,CLEAR,DAYLIGHT,DIVIDED - W/MEDIAN (NOT RAISED),DRY,INJURY AND / OR TOW DUE TO CRASH,,DISREGARDING ROAD MARKINGS,6410,N,WESTERN AVE,,NONINCAPACITATING INJURY,0,0,1,9,5,5,41.99809923,-87.69004223
09/13/2017 12:00:00 PM,30,NO CONTROLS,CLEAR,DAYLIGHT,NOT DIVIDED,DRY,NO INJURY / DRIVE AWAY,,NOT APPLICABLE,1302,N,DAMEN AVE,Y,NO INDICATION OF INJURY,0,0,0,12,4,9,41.90511104,-87.67746036
07/20/2023 11:25:00 AM,30,NO CONTROLS,CLEAR,DAYLIGHT,NOT DIVIDED,DRY,INJURY AND / OR TOW DUE TO CRASH,Y,FAILING TO YIELD RIGHT-OF-WAY,1498,S,BLUE ISLAND AVE,,NONINCAPACITATING INJURY,0,0,1,11,5,7,41.86168943,-87.65806931
8/11/2017 18:30,35,NO CONTROLS,UNKNOWN,UNKNOWN,NOT DIVIDED,UNKNOWN,NO INJURY / DRIVE AWAY,,UNABLE TO DETERMINE,11100,S,CENTRAL PARK AVE,,NO INDICATION OF INJURY,0,0,0,18,6,8,41.69131491,-87.71072175
01/21/2018 02:20:00 PM,30,TRAFFIC SIGNAL,CLEAR,DAYLIGHT,NOT DIVIDED,DRY,NO INJURY / DRIVE AWAY,Y,UNABLE TO DETERMINE,1901,N,ELSTON AVE,,NO INDICATION OF INJURY,0,0,0,14,1,1,41.91654727,-87.66631168
05/16/2018 08:00:00 AM,30,STOP SIGN/FLASHER,CLEAR,DAYLIGHT,NOT DIVIDED,DRY,INJURY AND / OR TOW DUE TO CRASH,Y,DISREGARDING STOP SIGN,1832,W,MONTROSE AVE,,"REPORTED, NOT EVIDENT",0,0,0,8,4,5,41.96160692,-87.6758913
09/14/2021 05:45:00 PM,30,NO CONTROLS,CLEAR,DAYLIGHT,DIVIDED - W/MEDIAN (NOT RAISED),DRY,INJURY AND / OR TOW DUE TO CRASH,Y,UNABLE TO DETERMINE,5136,S,ARCHER AVE,Y,NONINCAPACITATING INJURY,0,0,1,17,3,9,41.80061933,-87.7311427
12/23/2019 02:33:00 PM,30,STOP SIGN/FLASHER,CLEAR,DAYLIGHT,FOUR WAY,DRY,INJURY AND / OR TOW DUE TO CRASH,,FAILING TO YIELD RIGHT-OF-WAY,1101,W,103RD ST,,"REPORTED, NOT EVIDENT",0,0,0,14,2,12,41.70674219,-87.6501854
7/5/2018 7:45,35,TRAFFIC SIGNAL,CLEAR,DAYLIGHT,DIVIDED - W/MEDIAN BARRIER,DRY,INJURY AND / OR TOW DUE TO CRASH,,NOT APPLICABLE,4801,W,LAWRENCE AVE,,INCAPACITATING INJURY,0,1,0,7,5,7,41.96791346,-87.74804877
10/31/2017 08:00:00 AM,30,NO CONTROLS,CLOUDY/OVERCAST,DAYLIGHT,DIVIDED - W/MEDIAN (NOT RAISED),DRY,INJURY AND / OR TOW DUE TO CRASH,,FAILING TO YIELD RIGHT-OF-WAY,830,N,DAMEN AVE,,NONINCAPACITATING INJURY,0,0,1,8,3,10,41.89680754,-87.67722421
11/6/2019 16:50,20,NO CONTROLS,CLEAR,"DARKNESS, LIGHTED ROAD",ONE-WAY,DRY,INJURY AND / OR TOW DUE TO CRASH,,UNABLE TO DETERMINE,4398,N,RIDGEWAY AVE,,"REPORTED, NOT EVIDENT",0,0,0,16,4,11,41.96093045,-87.72184789
08/15/2022 05:10:00 PM,30,STOP SIGN/FLASHER,CLEAR,DAYLIGHT,NOT DIVIDED,UNKNOWN,NO INJURY / DRIVE AWAY,,UNABLE TO DETERMINE,6257,N,ORIOLE AVE,,NO INDICATION OF INJURY,0,0,0,17,2,8,41.99511849,-87.81656013
4/6/2019 16:55,25,TRAFFIC SIGNAL,CLEAR,DAYLIGHT,RAMP,DRY,NO INJURY / DRIVE AWAY,,DISREGARDING TRAFFIC SIGNALS,41,W,FULLERTON DR,,NO INDICATION OF INJURY,0,0,0,16,7,4,41.92604046,-87.63110366
9/9/2017 21:40,30,TRAFFIC SIGNAL,CLEAR,DARKNESS,DIVIDED - W/MEDIAN (NOT RAISED),DRY,INJURY AND / OR TOW DUE TO CRASH,,FAILING TO YIELD RIGHT-OF-WAY,6699,S,ASHLAND AVE,,NONINCAPACITATING INJURY,0,0,1,21,7,9,41.77228583,-87.66387764
06/18/2023 03:17:00 PM,30,STOP SIGN/FLASHER,CLEAR,DAYLIGHT,NOT DIVIDED,DRY,INJURY AND / OR TOW DUE TO CRASH,,IMPROPER TURNING/NO SIGNAL,4130,W,AUGUSTA BLVD,,NONINCAPACITATING INJURY,0,0,1,15,1,6,41.89906834,-87.72982454
02/19/2017 06:30:00 PM,35,TRAFFIC SIGNAL,CLEAR,DAYLIGHT,DIVIDED - W/MEDIAN (NOT RAISED),DRY,NO INJURY / DRIVE AWAY,,UNABLE TO DETERMINE,151,N,CANAL ST,,NO INDICATION OF INJURY,0,0,0,18,1,2,41.88463657,-87.639653
08/19/2020 07:15:00 AM,30,TRAFFIC SIGNAL,CLEAR,DAYLIGHT,DIVIDED - W/MEDIAN (NOT RAISED),DRY,INJURY AND / OR TOW DUE TO CRASH,,DISREGARDING TRAFFIC SIGNALS,1000,W,MADISON ST,,NONINCAPACITATING INJURY,0,0,1,7,4,8,41.88180879,-87.65209307
11/30/2015 08:52:00 AM,30,NO CONTROLS,CLOUDY/OVERCAST,DAYLIGHT,NOT DIVIDED,DRY,NO INJURY / DRIVE AWAY,,DRIVING SKILLS/KNOWLEDGE/EXPERIENCE,2239,S,HALSTED ST,,NO INDICATION OF INJURY,0,0,0,8,2,11,41.85149623,-87.6463136
8/2/2018 18:00,30,NO CONTROLS,CLEAR,DAYLIGHT,NOT DIVIDED,DRY,INJURY AND / OR TOW DUE TO CRASH,,UNABLE TO DETERMINE,10516,S,LAWNDALE AVE,Y,"REPORTED, NOT EVIDENT",0,0,0,18,5,8,41.70181734,-87.71355623
2/5/2019 21:20,30,TRAFFIC SIGNAL,RAIN,"DARKNESS, LIGHTED ROAD",NOT DIVIDED,WET,NO INJURY / DRIVE AWAY,Y,UNABLE TO DETERMINE,5252,N,WESTERN AVE,,NO INDICATION OF INJURY,0,0,0,21,3,2,41.97746908,-87.68935935
09/25/2018 03:27:00 PM,30,STOP SIGN/FLASHER,CLEAR,DAYLIGHT,OTHER,DRY,INJURY AND / OR TOW DUE TO CRASH,,FAILING TO YIELD RIGHT-OF-WAY,1342,W,35TH ST,,NONINCAPACITATING INJURY,0,0,1,15,3,9,41.83068937,-87.65920932
5/11/2019 22:15,30,TRAFFIC SIGNAL,CLEAR,"DARKNESS, LIGHTED ROAD",FOUR WAY,DRY,INJURY AND / OR TOW DUE TO CRASH,,UNABLE TO DETERMINE,2554,N,HALSTED ST,,NONINCAPACITATING INJURY,0,0,1,22,7,5,41.92891047,-87.64902932
11/18/2020 02:32:00 PM,25,STOP SIGN/FLASHER,CLEAR,DAYLIGHT,NOT DIVIDED,DRY,INJURY AND / OR TOW DUE TO CRASH,,UNABLE TO DETERMINE,2600,S,STEWART AVE,,NONINCAPACITATING INJURY,0,0,1,14,4,11,41.84538407,-87.63670008
03/20/2021 01:40:00 PM,25,STOP SIGN/FLASHER,CLEAR,DAYLIGHT,ONE-WAY,DRY,INJURY AND / OR TOW DUE TO CRASH,Y,UNABLE TO DETERMINE,3730,N,LAVERGNE AVE,,NONINCAPACITATING INJURY,0,0,1,13,7,3,41.94884175,-87.75225052
10/29/2022 12:15:00 PM,30,NO CONTROLS,CLEAR,DAYLIGHT,NOT DIVIDED,DRY,NO INJURY / DRIVE AWAY,,FAILING TO YIELD RIGHT-OF-WAY,4410,N,CENTRAL AVE,,NO INDICATION OF INJURY,0,0,0,12,7,10,41.96081963,-87.76740029
10/9/2019 18:15,30,NO CONTROLS,CLEAR,DAYLIGHT,NOT DIVIDED,DRY,NO INJURY / DRIVE AWAY,,UNABLE TO DETERMINE,3936,W,ARMITAGE AVE,,NO INDICATION OF INJURY,0,0,0,18,4,10,41.9172879,-87.72563538
7/6/2021 17:35,35,NO CONTROLS,CLEAR,DAYLIGHT,DIVIDED - W/MEDIAN (NOT RAISED),DRY,NO INJURY / DRIVE AWAY,,UNABLE TO DETERMINE,4045,W,LAWRENCE AVE,,NO INDICATION OF INJURY,0,0,0,17,3,7,41.96811179,-87.72986788
08/19/2021 12:30:00 AM,30,NO CONTROLS,CLEAR,DARKNESS,ONE-WAY,DRY,INJURY AND / OR TOW DUE TO CRASH,,NOT APPLICABLE,7037,S,WOLCOTT AVE,,NONINCAPACITATING INJURY,0,0,1,0,5,8,41.76554587,-87.67097533
09/15/2017 08:25:00 PM,30,NO CONTROLS,CLEAR,"DARKNESS, LIGHTED ROAD",NOT DIVIDED,DRY,INJURY AND / OR TOW DUE TO CRASH,,FAILING TO YIELD RIGHT-OF-WAY,5022,N,DAMEN AVE,Y,"REPORTED, NOT EVIDENT",0,0,0,20,6,9,41.97314025,-87.6794626
9/10/2022 20:32,30,TRAFFIC SIGNAL,CLEAR,DAYLIGHT,T-INTERSECTION,DRY,INJURY AND / OR TOW DUE TO CRASH,,FAILING TO YIELD RIGHT-OF-WAY,411,S,WELLS ST,,NONINCAPACITATING INJURY,0,0,1,20,7,9,41.8765621,-87.63353978
1/12/2023 7:54,30,STOP SIGN/FLASHER,CLOUDY/OVERCAST,DAYLIGHT,FOUR WAY,DRY,INJURY AND / OR TOW DUE TO CRASH,,DISREGARDING STOP SIGN,2300,W,FULTON ST,,NONINCAPACITATING INJURY,0,0,1,7,5,1,41.88676882,-87.68418638
07/26/2022 09:40:00 PM,30,NO CONTROLS,CLEAR,"DARKNESS, LIGHTED ROAD",DIVIDED - W/MEDIAN (NOT RAISED),DRY,INJURY AND / OR TOW DUE TO CRASH,,FAILING TO YIELD RIGHT-OF-WAY,2856,W,FULLERTON AVE,,NONINCAPACITATING INJURY,0,0,1,21,3,7,41.92489669,-87.69972024
3/6/2019 16:30,30,TRAFFIC SIGNAL,CLEAR,DAYLIGHT,NOT DIVIDED,DRY,INJURY AND / OR TOW DUE TO CRASH,,FAILING TO YIELD RIGHT-OF-WAY,2600,S,CANAL ST,,NONINCAPACITATING INJURY,0,0,1,16,4,3,41.84538845,-87.63848151
06/13/2019 10:15:00 AM,30,TRAFFIC SIGNAL,CLEAR,DAYLIGHT,ONE-WAY,DRY,NO INJURY / DRIVE AWAY,,UNABLE TO DETERMINE,1,W,ILLINOIS ST,,NO INDICATION OF INJURY,0,0,0,10,5,6,41.89075483,-87.6281141
11/9/2022 18:30,30,NO CONTROLS,CLEAR,"DARKNESS, LIGHTED ROAD",NOT DIVIDED,DRY,INJURY AND / OR TOW DUE TO CRASH,,NOT APPLICABLE,807,N,WABASH AVE,Y,NONINCAPACITATING INJURY,0,0,1,18,4,11,41.89696647,-87.62670588
4/5/2020 11:11,35,NO CONTROLS,CLEAR,DAYLIGHT,NOT DIVIDED,DRY,INJURY AND / OR TOW DUE TO CRASH,,DISTRACTION - FROM INSIDE VEHICLE,4625,N,CLARK ST,Y,"REPORTED, NOT EVIDENT",0,0,0,11,1,4,41.96605141,-87.66675126
07/18/2021 06:15:00 PM,30,NO CONTROLS,CLEAR,DAYLIGHT,NOT DIVIDED,DRY,INJURY AND / OR TOW DUE TO CRASH,,UNABLE TO DETERMINE,2001,W,LAWRENCE AVE,Y,"REPORTED, NOT EVIDENT",0,0,0,18,1,7,41.96864563,-87.67924415
07/15/2019 03:20:00 AM,30,STOP SIGN/FLASHER,CLEAR,"DARKNESS, LIGHTED ROAD",NOT DIVIDED,DRY,INJURY AND / OR TOW DUE TO CRASH,,DRIVING SKILLS/KNOWLEDGE/EXPERIENCE,4700,W,MADISON ST,,NONINCAPACITATING INJURY,0,0,1,3,2,7,41.88063406,-87.74295473
07/30/2018 09:35:00 AM,30,NO CONTROLS,CLEAR,DAYLIGHT,ONE-WAY,DRY,INJURY AND / OR TOW DUE TO CRASH,,IMPROPER LANE USAGE,320,W,LAKE ST,,INCAPACITATING INJURY,0,1,1,9,2,7,41.88584441,-87.63599878
9/4/2018 0:20,30,TRAFFIC SIGNAL,CLEAR,"DARKNESS, LIGHTED ROAD",NOT DIVIDED,DRY,NO INJURY / DRIVE AWAY,,UNABLE TO DETERMINE,4801,N,PULASKI RD,,NO INDICATION OF INJURY,0,0,0,0,3,9,41.96826771,-87.72788123
5/3/2020 13:15,30,NO CONTROLS,CLEAR,DAYLIGHT,DIVIDED - W/MEDIAN (NOT RAISED),DRY,INJURY AND / OR TOW DUE TO CRASH,Y,UNABLE TO DETERMINE,1611,W,GRANVILLE AVE,Y,INCAPACITATING INJURY,0,1,0,13,1,5,41.99432244,-87.67064367
4/4/2021 6:50,30,TRAFFIC SIGNAL,CLEAR,DAYLIGHT,NOT DIVIDED,DRY,INJURY AND / OR TOW DUE TO CRASH,,DISREGARDING TRAFFIC SIGNALS,3100,S,INDIANA AVE,,NONINCAPACITATING INJURY,0,0,1,6,1,4,41.83826938,-87.62207423
5/5/2021 22:15,30,UNKNOWN,UNKNOWN,UNKNOWN,NOT DIVIDED,UNKNOWN,INJURY AND / OR TOW DUE TO CRASH,,UNABLE TO DETERMINE,3343,S,HALSTED ST,Y,NONINCAPACITATING INJURY,0,0,1,22,4,5,41.83312079,-87.64601479
9/3/2022 10:42,30,TRAFFIC SIGNAL,CLEAR,DAYLIGHT,DIVIDED - W/MEDIAN (NOT RAISED),DRY,INJURY AND / OR TOW DUE TO CRASH,,DISREGARDING TRAFFIC SIGNALS,5800,N,SHERIDAN RD,,NONINCAPACITATING INJURY,0,0,2,10,7,9,41.9874468,-87.655453
09/14/2017 07:16:00 PM,30,NO CONTROLS,CLEAR,"DARKNESS, LIGHTED ROAD",NOT DIVIDED,DRY,INJURY AND / OR TOW DUE TO CRASH,,UNABLE TO DETERMINE,2935,N,CLARK ST,,NONINCAPACITATING INJURY,0,0,1,19,5,9,41.93586262,-87.64719567
09/20/2023 05:42:00 PM,30,TRAFFIC SIGNAL,CLEAR,DAYLIGHT,NOT DIVIDED,DRY,INJURY AND / OR TOW DUE TO CRASH,Y,FAILING TO YIELD RIGHT-OF-WAY,120,W,HUBBARD ST,,"REPORTED, NOT EVIDENT",0,0,0,17,4,9,41.89011975,-87.63203606
06/16/2018 10:50:00 AM,30,NO CONTROLS,CLEAR,DAYLIGHT,OTHER,DRY,INJURY AND / OR TOW DUE TO CRASH,,FAILING TO YIELD RIGHT-OF-WAY,4264,N,MILWAUKEE AVE,Y,NONINCAPACITATING INJURY,0,0,1,10,7,6,41.95862443,-87.75291492
05/15/2019 04:00:00 PM,30,TRAFFIC SIGNAL,CLEAR,DAYLIGHT,NOT DIVIDED,DRY,INJURY AND / OR TOW DUE TO CRASH,,FAILING TO YIELD RIGHT-OF-WAY,6400,N,CALIFORNIA AVE,,NONINCAPACITATING INJURY,0,0,1,16,4,5,41.99764913,-87.69979263
12/3/2022 9:10,30,TRAFFIC SIGNAL,CLEAR,DAYLIGHT,DIVIDED - W/MEDIAN (NOT RAISED),DRY,INJURY AND / OR TOW DUE TO CRASH,,UNABLE TO DETERMINE,2559,W,CERMAK RD,,"REPORTED, NOT EVIDENT",0,0,0,9,7,12,41.85186227,-87.69040529
09/28/2023 07:02:00 PM,30,NO CONTROLS,CLEAR,DAYLIGHT,FOUR WAY,DRY,INJURY AND / OR TOW DUE TO CRASH,Y,FAILING TO YIELD RIGHT-OF-WAY,599,N,LAVERGNE AVE,,NONINCAPACITATING INJURY,0,0,1,19,5,9,41.89129279,-87.75042692
10/18/2017 12:40:00 PM,30,NO CONTROLS,CLEAR,DAYLIGHT,DIVIDED - W/MEDIAN (NOT RAISED),DRY,INJURY AND / OR TOW DUE TO CRASH,,UNABLE TO DETERMINE,2153,W,NORTH AVE,Y,NONINCAPACITATING INJURY,0,0,1,12,4,10,41.91028914,-87.68200478
11/21/2019 11:45:00 AM,30,NO CONTROLS,RAIN,DAYLIGHT,NOT DIVIDED,WET,NO INJURY / DRIVE AWAY,,UNABLE TO DETERMINE,801,S,MORGAN ST,,NO INDICATION OF INJURY,0,0,0,11,5,11,41.87169898,-87.6510301
07/31/2017 05:00:00 PM,30,NO CONTROLS,CLEAR,DAYLIGHT,NOT DIVIDED,UNKNOWN,NO INJURY / DRIVE AWAY,Y,IMPROPER TURNING/NO SIGNAL,1039,W,MONTROSE AVE,,NO INDICATION OF INJURY,0,0,0,17,2,7,41.96164646,-87.65628357
06/21/2023 11:30:00 AM,30,NO CONTROLS,CLEAR,DAYLIGHT,NOT DIVIDED,DRY,INJURY AND / OR TOW DUE TO CRASH,,UNABLE TO DETERMINE,1231,S,MORGAN ST,,INCAPACITATING INJURY,0,1,0,11,4,6,41.86623714,-87.65087375
04/18/2017 06:20:00 PM,25,NO CONTROLS,CLEAR,DAYLIGHT,UNKNOWN,DRY,INJURY AND / OR TOW DUE TO CRASH,,UNABLE TO DETERMINE,949,W,BELDEN AVE,Y,NONINCAPACITATING INJURY,0,0,1,18,3,4,41.92345713,-87.65306254
10/7/2022 6:52,20,STOP SIGN/FLASHER,RAIN,DAWN,NOT DIVIDED,WET,INJURY AND / OR TOW DUE TO CRASH,Y,FAILING TO YIELD RIGHT-OF-WAY,4500,N,ARTESIAN AVE,,NONINCAPACITATING INJURY,0,0,1,6,6,10,41.96321413,-87.6901112
09/26/2020 08:40:00 PM,30,TRAFFIC SIGNAL,CLEAR,"DARKNESS, LIGHTED ROAD",DIVIDED - W/MEDIAN (NOT RAISED),DRY,NO INJURY / DRIVE AWAY,Y,FAILING TO YIELD RIGHT-OF-WAY,200,S,MICHIGAN AVE,,NO INDICATION OF INJURY,0,0,0,20,7,9,41.87948933,-87.62449813
10/23/2023 04:25:00 PM,30,NO CONTROLS,CLEAR,DAYLIGHT,FOUR WAY,DRY,INJURY AND / OR TOW DUE TO CRASH,,UNABLE TO DETERMINE,6658,W,63RD ST,,"REPORTED, NOT EVIDENT",0,0,0,16,2,10,41.77767375,-87.7885345
03/16/2023 05:00:00 PM,30,NO CONTROLS,CLEAR,DAYLIGHT,NOT DIVIDED,DRY,NO INJURY / DRIVE AWAY,,UNABLE TO DETERMINE,2600,S,CALIFORNIA AVE,,NO INDICATION OF INJURY,0,0,0,17,5,3,41.8445843,-87.69535984
08/30/2023 05:08:00 PM,30,NO CONTROLS,CLEAR,DAYLIGHT,DIVIDED - W/MEDIAN BARRIER,DRY,INJURY AND / OR TOW DUE TO CRASH,,UNABLE TO DETERMINE,5000,N,BROADWAY,,NONINCAPACITATING INJURY,0,0,1,17,4,8,41.97270252,-87.65991573
6/4/2021 17:15,30,NO CONTROLS,CLEAR,DAYLIGHT,NOT DIVIDED,DRY,INJURY AND / OR TOW DUE TO CRASH,,FAILING TO YIELD RIGHT-OF-WAY,6100,W,BELMONT AVE,,"REPORTED, NOT EVIDENT",0,0,0,17,6,6,41.93852388,-87.77876851
7/7/2019 9:37,30,STOP SIGN/FLASHER,CLEAR,DAYLIGHT,NOT DIVIDED,DRY,INJURY AND / OR TOW DUE TO CRASH,,DISREGARDING STOP SIGN,10500,S,MICHIGAN AVE,,NONINCAPACITATING INJURY,0,0,1,9,1,7,41.70341522,-87.62080968
09/15/2017 08:50:00 AM,30,STOP SIGN/FLASHER,CLEAR,DAYLIGHT,NOT DIVIDED,DRY,INJURY AND / OR TOW DUE TO CRASH,Y,UNABLE TO DETERMINE,6057,W,DIVERSEY AVE,,NONINCAPACITATING INJURY,0,0,1,8,6,9,41.93099806,-87.7782522
9/1/2019 19:20,30,NO CONTROLS,CLEAR,"DARKNESS, LIGHTED ROAD",ONE-WAY,DRY,INJURY AND / OR TOW DUE TO CRASH,Y,FAILING TO YIELD RIGHT-OF-WAY,3211,W,52ND ST,,NONINCAPACITATING INJURY,0,0,1,19,1,9,41.79887527,-87.70423145
09/21/2016 09:27:00 AM,30,TRAFFIC SIGNAL,RAIN,DARKNESS,DIVIDED - W/MEDIAN (NOT RAISED),WET,INJURY AND / OR TOW DUE TO CRASH,,"VISION OBSCURED (SIGNS, TREE LIMBS, BUILDINGS, ETC.)",600,S,HALSTED ST,,NONINCAPACITATING INJURY,0,0,1,9,4,9,41.87429453,-87.64727225
03/30/2020 09:09:00 PM,30,STOP SIGN/FLASHER,CLEAR,DARKNESS,FOUR WAY,DRY,INJURY AND / OR TOW DUE TO CRASH,,FAILING TO YIELD RIGHT-OF-WAY,7900,S,NORMAL AVE,,INCAPACITATING INJURY,0,1,0,21,2,3,41.75069404,-87.63687255
08/18/2022 06:01:00 PM,30,NO CONTROLS,CLEAR,DAYLIGHT,NOT DIVIDED,DRY,INJURY AND / OR TOW DUE TO CRASH,,"VISION OBSCURED (SIGNS, TREE LIMBS, BUILDINGS, ETC.)",1800,W,DEVON AVE,,INCAPACITATING INJURY,0,1,0,18,5,8,41.99809836,-87.67525337
07/26/2019 02:49:00 PM,30,NO CONTROLS,CLEAR,DAYLIGHT,NOT DIVIDED,DRY,NO INJURY / DRIVE AWAY,Y,FAILING TO YIELD RIGHT-OF-WAY,4645,N,WESTERN AVE,,NO INDICATION OF INJURY,0,0,0,14,6,7,41.96614835,-87.68868317
08/14/2023 03:58:00 PM,30,TRAFFIC SIGNAL,RAIN,DAYLIGHT,FOUR WAY,WET,INJURY AND / OR TOW DUE TO CRASH,Y,TURNING RIGHT ON RED,1599,W,57TH ST,,NONINCAPACITATING INJURY,0,0,1,15,2,8,41.79027881,-87.66442513
11/4/2017 19:13,30,TRAFFIC SIGNAL,CLOUDY/OVERCAST,"DARKNESS, LIGHTED ROAD",DIVIDED - W/MEDIAN (NOT RAISED),WET,INJURY AND / OR TOW DUE TO CRASH,,FAILING TO YIELD RIGHT-OF-WAY,3263,N,PULASKI RD,,NONINCAPACITATING INJURY,0,0,1,19,7,11,41.94083979,-87.72708749
6/9/2023 21:45,30,UNKNOWN,UNKNOWN,DARKNESS,DIVIDED - W/MEDIAN (NOT RAISED),UNKNOWN,INJURY AND / OR TOW DUE TO CRASH,,FAILING TO YIELD RIGHT-OF-WAY,3201,N,SHERIDAN RD,,NONINCAPACITATING INJURY,0,0,1,21,6,6,41.94019239,-87.63940797
9/11/2022 0:31,30,TRAFFIC SIGNAL,CLEAR,"DARKNESS, LIGHTED ROAD",FOUR WAY,DRY,INJURY AND / OR TOW DUE TO CRASH,Y,FAILING TO YIELD RIGHT-OF-WAY,5100,W,LAWRENCE AVE,,NONINCAPACITATING INJURY,0,0,1,0,1,9,41.96804551,-87.7550764
10/5/2019 15:15,30,NO CONTROLS,CLEAR,DAYLIGHT,NOT DIVIDED,DRY,INJURY AND / OR TOW DUE TO CRASH,,"EVASIVE ACTION DUE TO ANIMAL, OBJECT, NONMOTORIST",1027,N,KOSTNER AVE,,NONINCAPACITATING INJURY,0,0,1,15,7,10,41.8997285,-87.73592162
10/21/2022 05:25:00 PM,35,TRAFFIC SIGNAL,CLEAR,DAYLIGHT,ONE-WAY,DRY,INJURY AND / OR TOW DUE TO CRASH,Y,DISREGARDING TRAFFIC SIGNALS,39,W,HURON ST,,NONINCAPACITATING INJURY,0,0,1,17,6,10,41.89474551,-87.62964288
6/5/2022 17:45,30,NO CONTROLS,CLEAR,DAYLIGHT,NOT DIVIDED,DRY,INJURY AND / OR TOW DUE TO CRASH,,UNABLE TO DETERMINE,801,N,OGDEN AVE,,"REPORTED, NOT EVIDENT",0,0,0,17,1,6,41.89627258,-87.65444132
08/23/2022 05:50:00 PM,30,STOP SIGN/FLASHER,CLEAR,DAYLIGHT,T-INTERSECTION,DRY,INJURY AND / OR TOW DUE TO CRASH,Y,DRIVING ON WRONG SIDE/WRONG WAY,1228,N,ROCKWELL ST,N,"REPORTED, NOT EVIDENT",0,0,0,17,3,8,41.90386218,-87.69212151
09/13/2018 06:50:00 PM,25,NO CONTROLS,CLEAR,DUSK,NOT DIVIDED,DRY,NO INJURY / DRIVE AWAY,Y,UNABLE TO DETERMINE,3448,S,WOOD ST,,NO INDICATION OF INJURY,0,0,0,18,5,9,41.83083433,-87.67055558
9/8/2018 12:25,25,NO CONTROLS,CLOUDY/OVERCAST,DAYLIGHT,NOT DIVIDED,DRY,INJURY AND / OR TOW DUE TO CRASH,,FAILING TO REDUCE SPEED TO AVOID CRASH,1965,W,MORSE AVE,,NONINCAPACITATING INJURY,0,0,1,12,7,9,42.00754841,-87.6806003
8/8/2018 5:20,30,SCHOOL ZONE,CLEAR,"DARKNESS, LIGHTED ROAD",NOT DIVIDED,DRY,INJURY AND / OR TOW DUE TO CRASH,Y,UNABLE TO DETERMINE,6198,S,STONY ISLAND AVE,,NONINCAPACITATING INJURY,0,0,1,5,4,8,41.78295354,-87.58666824
08/17/2022 05:50:00 PM,30,TRAFFIC SIGNAL,CLEAR,"DARKNESS, LIGHTED ROAD",DIVIDED - W/MEDIAN (NOT RAISED),DRY,INJURY AND / OR TOW DUE TO CRASH,Y,UNABLE TO DETERMINE,1958,N,MILWAUKEE AVE,,NONINCAPACITATING INJURY,0,0,1,17,4,8,41.91693959,-87.68782832