CRASH_DATE,POSTED_SPEED_LIMIT,TRAFFIC_CONTROL_DEVICE,WEATHER_CONDITION,LIGHTING_CONDITION,TRAFFICWAY_TYPE,ROADWAY_SURFACE_COND,CRASH_TYPE,HIT_AND_RUN_I,PRIM_CONTRIBUTORY_CAUSE,STREET_NO,STREET_DIRECTION,STREET_NAME,DOORING_I,MOST_SEVERE_INJURY,INJURIES_FATAL,INJURIES_INCAPACITATING,INJURIES_NON_INCAPACITATING,CRASH_HOUR,CRASH_DAY_OF_WEEK,CRASH_MONTH,LATITUDE,LONGITUDE
09/30/2021 09:45:00 AM,0,NO CONTROLS,CLEAR,DAYLIGHT,OTHER,DRY,INJURY AND / OR TOW DUE TO CRASH,Y,FAILING TO YIELD RIGHT-OF-WAY,5308,W,GRAND AVE,,NONINCAPACITATING INJURY,0,0,1,9,5,9,41.91759375,-87.75887746
7/9/2018 13:30,30,NO CONTROLS,CLEAR,DAYLIGHT,NOT DIVIDED,DRY,INJURY AND / OR TOW DUE TO CRASH,,FAILING TO REDUCE SPEED TO AVOID CRASH,4500,N,ELSTON AVE,,NONINCAPACITATING INJURY,0,0,1,13,2,7,41.96246974,-87.73215028
09/22/2022 09:15:00 AM,30,TRAFFIC SIGNAL,CLEAR,DAYLIGHT,FOUR WAY,DRY,INJURY AND / OR TOW DUE TO CRASH,Y,UNABLE TO DETERMINE,5001,W,FULLERTON AVE,,NONINCAPACITATING INJURY,0,0,1,9,5,9,41.92406399,-87.75134815
10/7/2021 12:14,30,NO CONTROLS,RAIN,DAYLIGHT,DIVIDED - W/MEDIAN BARRIER,WET,INJURY AND / OR TOW DUE TO CRASH,Y,UNABLE TO DETERMINE,2123,W,IRVING PARK RD,N,INCAPACITATING INJURY,0,1,0,12,5,10,41.9539952,-87.68224497
1/9/2021 16:44,30,STOP SIGN/FLASHER,CLEAR,DUSK,FOUR WAY,UNKNOWN,INJURY AND / OR TOW DUE TO CRASH,,DRIVING ON WRONG SIDE/WRONG WAY,434,N,HALSTED ST,,NONINCAPACITATING INJURY,0,0,1,16,7,1,41.8900779,-87.64775609
6/11/2021 13:45,30,NO CONTROLS,CLEAR,DAYLIGHT,NOT DIVIDED,DRY,INJURY AND / OR TOW DUE TO CRASH,,UNABLE TO DETERMINE,401,W,FULLERTON PKWY,,"REPORTED, NOT EVIDENT",0,0,0,13,6,6,41.92550054,-87.6391788
09/21/2018 12:20:00 PM,30,NO CONTROLS,CLEAR,DAYLIGHT,NOT DIVIDED,DRY,INJURY AND / OR TOW DUE TO CRASH,,"VISION OBSCURED (SIGNS, TREE LIMBS, BUILDINGS, ETC.)",5300,N,OLCOTT AVE,,NONINCAPACITATING INJURY,0,0,1,12,6,9,41.97625954,-87.8145772
11/7/2016 16:00,30,NO CONTROLS,CLEAR,DAYLIGHT,ONE-WAY,DRY,NO INJURY / DRIVE AWAY,,UNABLE TO DETERMINE,5117,W,WRIGHTWOOD AVE,Y,NO INDICATION OF INJURY,0,0,0,16,2,11,41.92769228,-87.75455346
9/1/2018 21:00,30,NO CONTROLS,UNKNOWN,DARKNESS,NOT DIVIDED,UNKNOWN,NO INJURY / DRIVE AWAY,,UNABLE TO DETERMINE,517,S,STATE ST,N,NO INDICATION OF INJURY,0,0,0,21,7,9,41.87531384,-87.62747312
11/10/2022 9:10,30,TRAFFIC SIGNAL,CLEAR,DAYLIGHT,NOT DIVIDED,DRY,NO INJURY / DRIVE AWAY,Y,UNABLE TO DETERMINE,780,N,MILWAUKEE AVE,,NO INDICATION OF INJURY,0,0,0,9,5,11,41.89579624,-87.6549536
03/24/2022 09:00:00 AM,30,UNKNOWN,FOG/SMOKE/HAZE,DAYLIGHT,NOT DIVIDED,WET,INJURY AND / OR TOW DUE TO CRASH,,UNABLE TO DETERMINE,29,N,FRANKLIN ST,,NONINCAPACITATING INJURY,0,0,1,9,5,3,41.88270153,-87.63518094
10/22/2018 07:45:00 AM,30,STOP SIGN/FLASHER,CLEAR,DAYLIGHT,NOT DIVIDED,DRY,INJURY AND / OR TOW DUE TO CRASH,,FAILING TO YIELD RIGHT-OF-WAY,1400,N,DEARBORN ST,,"REPORTED, NOT EVIDENT",0,0,0,7,2,10,41.90781927,-87.63025204
05/19/2022 06:45:00 PM,25,TRAFFIC SIGNAL,CLEAR,DAYLIGHT,FOUR WAY,DRY,INJURY AND / OR TOW DUE TO CRASH,,UNABLE TO DETERMINE,2400,N,CANNON DR,,NONINCAPACITATING INJURY,0,0,1,18,5,5,41.92580693,-87.63381965
8/11/2020 19:36,30,TRAFFIC SIGNAL,CLEAR,"DARKNESS, LIGHTED ROAD",NOT DIVIDED,DRY,INJURY AND / OR TOW DUE TO CRASH,Y,NOT APPLICABLE,4000,W,16TH ST,Y,INCAPACITATING INJURY,0,1,0,19,3,8,41.85897825,-87.72501576
06/27/2018 06:00:00 PM,30,TRAFFIC SIGNAL,CLEAR,DAYLIGHT,NOT DIVIDED,DRY,INJURY AND / OR TOW DUE TO CRASH,,FAILING TO YIELD RIGHT-OF-WAY,1204,N,WELLS ST,,NONINCAPACITATING INJURY,0,0,1,18,4,6,41.90402751,-87.63463051
10/5/2017 7:40,30,STOP SIGN/FLASHER,CLEAR,DAYLIGHT,NOT DIVIDED,DRY,INJURY AND / OR TOW DUE TO CRASH,,"VISION OBSCURED (SIGNS, TREE LIMBS, BUILDINGS, ETC.)",4600,W,DIVERSEY AVE,,"REPORTED, NOT EVIDENT",0,0,0,7,5,10,41.93170309,-87.74199681
5/7/2020 15:52,30,NO CONTROLS,CLEAR,DAYLIGHT,ONE-WAY,DRY,INJURY AND / OR TOW DUE TO CRASH,,FAILING TO REDUCE SPEED TO AVOID CRASH,945,N,WALLER AVE,,INCAPACITATING INJURY,0,1,0,15,5,5,41.89797854,-87.76778489
12/4/2020 13:15,30,TRAFFIC SIGNAL,CLEAR,DAYLIGHT,NOT DIVIDED,DRY,INJURY AND / OR TOW DUE TO CRASH,Y,UNABLE TO DETERMINE,2601,W,IRVING PARK RD,,NONINCAPACITATING INJURY,0,0,1,13,6,12,41.95388619,-87.6932892
08/16/2023 06:05:00 PM,30,TRAFFIC SIGNAL,CLEAR,DAYLIGHT,FOUR WAY,DRY,INJURY AND / OR TOW DUE TO CRASH,Y,IMPROPER TURNING/NO SIGNAL,2439,W,ARMITAGE AVE,,NONINCAPACITATING INJURY,0,0,1,18,4,8,41.91745286,-87.68892061
05/23/2023 03:50:00 PM,30,NO CONTROLS,CLEAR,DAYLIGHT,NOT DIVIDED,DRY,NO INJURY / DRIVE AWAY,,NOT APPLICABLE,1600,N,ASHLAND AVE,,NO INDICATION OF INJURY,0,0,0,15,3,5,41.91071924,-87.66784081
11/10/2020 13:15,30,NO CONTROLS,CLEAR,DAYLIGHT,DIVIDED - W/MEDIAN (NOT RAISED),DRY,NO INJURY / DRIVE AWAY,,UNABLE TO DETERMINE,3968,N,ELSTON AVE,Y,NO INDICATION OF INJURY,0,0,0,13,3,11,41.95333251,-87.71879172
10/2/2019 22:22,30,TRAFFIC SIGNAL,CLOUDY/OVERCAST,"DARKNESS, LIGHTED ROAD",FOUR WAY,WET,INJURY AND / OR TOW DUE TO CRASH,Y,FAILING TO YIELD RIGHT-OF-WAY,359,E,71ST ST,,NONINCAPACITATING INJURY,0,0,1,22,4,10,41.76558219,-87.61617508
10/21/2022 01:50:00 PM,30,NO CONTROLS,CLEAR,DAYLIGHT,NOT DIVIDED,DRY,INJURY AND / OR TOW DUE TO CRASH,,UNABLE TO DETERMINE,2114,N,DAMEN AVE,,NONINCAPACITATING INJURY,0,0,1,13,6,10,41.92001466,-87.67784936
11/30/2018 11:20:00 AM,30,NO CONTROLS,CLEAR,DAYLIGHT,DIVIDED - W/MEDIAN (NOT RAISED),WET,INJURY AND / OR TOW DUE TO CRASH,Y,FOLLOWING TOO CLOSELY,5901,S,AUSTIN AVE,,"REPORTED, NOT EVIDENT",0,0,0,11,6,11,41.78514971,-87.77163116
6/6/2018 16:15,30,NO CONTROLS,CLEAR,DAYLIGHT,DIVIDED - W/MEDIAN (NOT RAISED),DRY,NO INJURY / DRIVE AWAY,,UNABLE TO DETERMINE,5345,N,SHERIDAN RD,Y,NO INDICATION OF INJURY,0,0,0,16,4,6,41.97943721,-87.65492123
9/2/2017 8:20,30,TRAFFIC SIGNAL,CLEAR,DAYLIGHT,DIVIDED - W/MEDIAN (NOT RAISED),DRY,INJURY AND / OR TOW DUE TO CRASH,Y,FAILING TO YIELD RIGHT-OF-WAY,5701,N,BROADWAY,,"REPORTED, NOT EVIDENT",0,0,0,8,7,9,41.98547919,-87.65997884
9/1/2017 11:54,35,NO CONTROLS,CLEAR,DAYLIGHT,NOT DIVIDED,DRY,INJURY AND / OR TOW DUE TO CRASH,,PHYSICAL CONDITION OF DRIVER,1050,N,KEDZIE AVE,,NONINCAPACITATING INJURY,0,0,1,11,6,9,41.9006337,-87.70686612
06/17/2020 07:10:00 PM,30,STOP SIGN/FLASHER,CLEAR,DAYLIGHT,OTHER,DRY,NO INJURY / DRIVE AWAY,,UNABLE TO DETERMINE,4999,W,HUTCHINSON ST,,NO INDICATION OF INJURY,0,0,0,19,4,6,41.95781589,-87.75205807
8/3/2018 17:40,30,NO CONTROLS,CLEAR,DAYLIGHT,NOT DIVIDED,DRY,NO INJURY / DRIVE AWAY,Y,UNABLE TO DETERMINE,2665,N,HALSTED ST,,NO INDICATION OF INJURY,0,0,0,17,6,8,41.9308999,-87.6488032
06/17/2022 12:30:00 PM,30,NO CONTROLS,CLEAR,DAYLIGHT,ONE-WAY,DRY,INJURY AND / OR TOW DUE TO CRASH,,NOT APPLICABLE,5616,N,BERNARD ST,,NONINCAPACITATING INJURY,0,0,1,12,6,6,41.98352887,-87.7151418
05/21/2021 04:45:00 PM,30,STOP SIGN/FLASHER,CLEAR,DAYLIGHT,NOT DIVIDED,DRY,INJURY AND / OR TOW DUE TO CRASH,,DRIVING ON WRONG SIDE/WRONG WAY,800,N,RACINE AVE,,NONINCAPACITATING INJURY,0,0,1,16,6,5,41.8962463,-87.65765806
08/18/2016 12:30:00 PM,30,NO CONTROLS,CLEAR,DAYLIGHT,DRIVEWAY,DRY,INJURY AND / OR TOW DUE TO CRASH,,UNABLE TO DETERMINE,1604,W,CERMAK RD,,"REPORTED, NOT EVIDENT",0,0,0,12,5,8,41.85243466,-87.66630576
08/30/2021 03:31:00 PM,30,TRAFFIC SIGNAL,CLEAR,DAYLIGHT,Y-INTERSECTION,DRY,INJURY AND / OR TOW DUE TO CRASH,,FAILING TO YIELD RIGHT-OF-WAY,5700,S,CORNELL DR,,NONINCAPACITATING INJURY,0,0,1,15,2,8,41.7915802,-87.58556422
5/6/2020 10:45,35,NO CONTROLS,CLEAR,DAYLIGHT,NOT DIVIDED,DRY,NO INJURY / DRIVE AWAY,Y,UNABLE TO DETERMINE,2653,N,CLARK ST,,NO INDICATION OF INJURY,0,0,0,10,4,5,41.93103864,-87.64393564
08/14/2017 06:09:00 PM,30,NO CONTROLS,CLEAR,DAYLIGHT,NOT DIVIDED,DRY,INJURY AND / OR TOW DUE TO CRASH,,UNABLE TO DETERMINE,1235,N,WELLS ST,,NONINCAPACITATING INJURY,0,0,1,18,2,8,41.90499062,-87.63437267
9/10/2019 11:19,30,TRAFFIC SIGNAL,CLEAR,DAYLIGHT,NOT DIVIDED,DRY,INJURY AND / OR TOW DUE TO CRASH,,UNABLE TO DETERMINE,2199,W,CHICAGO AVE,,NONINCAPACITATING INJURY,0,0,1,11,3,9,41.89571957,-87.68182312
05/25/2021 06:45:00 PM,25,NO CONTROLS,CLOUDY/OVERCAST,DAYLIGHT,NOT DIVIDED,DRY,NO INJURY / DRIVE AWAY,,DRIVING ON WRONG SIDE/WRONG WAY,4142,N,SHERIDAN RD,,NO INDICATION OF INJURY,0,0,0,18,3,5,41.95780491,-87.65478651
7/7/2023 17:50,35,NO CONTROLS,CLEAR,DAYLIGHT,FOUR WAY,DRY,NO INJURY / DRIVE AWAY,,IMPROPER LANE USAGE,1024,W,CHICAGO AVE,,NO INDICATION OF INJURY,0,0,0,17,6,7,41.89640301,-87.65356009
12/4/2020 18:31,35,NO CONTROLS,CLEAR,"DARKNESS, LIGHTED ROAD",NOT DIVIDED,DRY,INJURY AND / OR TOW DUE TO CRASH,Y,UNABLE TO DETERMINE,6200,S,RACINE AVE,,INCAPACITATING INJURY,0,1,0,18,6,12,41.78133335,-87.65469317
10/7/2017 16:00,30,NO CONTROLS,RAIN,DAYLIGHT,OTHER,WET,NO INJURY / DRIVE AWAY,Y,DRIVING SKILLS/KNOWLEDGE/EXPERIENCE,4118,N,CICERO AVE,,NO INDICATION OF INJURY,0,0,0,16,7,10,41.95587371,-87.7475223
05/22/2017 07:55:00 AM,30,TRAFFIC SIGNAL,CLEAR,DAYLIGHT,OTHER,DRY,INJURY AND / OR TOW DUE TO CRASH,Y,FAILING TO YIELD RIGHT-OF-WAY,1203,S,HALSTED ST,,"REPORTED, NOT EVIDENT",0,0,0,7,2,5,41.86706515,-87.64677027
06/21/2022 04:00:00 PM,40,NO CONTROLS,CLEAR,DAYLIGHT,DIVIDED - W/MEDIAN (NOT RAISED),DRY,NO INJURY / DRIVE AWAY,,UNABLE TO DETERMINE,326,E,69TH ST,,NO INDICATION OF INJURY,0,0,0,16,3,6,41.76941123,-87.61739626
7/5/2023 10:45,30,UNKNOWN,CLEAR,DAYLIGHT,ONE-WAY,UNKNOWN,NO INJURY / DRIVE AWAY,,DISREGARDING OTHER TRAFFIC SIGNS,2731,W,CARMEN AVE,,NO INDICATION OF INJURY,0,0,0,10,4,7,41.97389853,-87.69767886
11/5/2019 16:47,25,TRAFFIC SIGNAL,CLEAR,"DARKNESS, LIGHTED ROAD",DIVIDED - W/MEDIAN (NOT RAISED),DRY,NO INJURY / DRIVE AWAY,,IMPROPER BACKING,2,E,CHICAGO AVE,,NO INDICATION OF INJURY,0,0,0,16,3,11,41.89678807,-87.62813463
09/21/2023 09:15:00 PM,30,STOP SIGN/FLASHER,CLEAR,"DARKNESS, LIGHTED ROAD",NOT DIVIDED,OTHER,INJURY AND / OR TOW DUE TO CRASH,,UNABLE TO DETERMINE,301,W,26TH ST,,NONINCAPACITATING INJURY,0,0,1,21,5,9,41.84537542,-87.6346427
08/27/2023 08:00:00 PM,25,NO CONTROLS,CLEAR,DARKNESS,NOT DIVIDED,DRY,NO INJURY / DRIVE AWAY,Y,UNABLE TO DETERMINE,1300,W,ADAMS ST,,NO INDICATION OF INJURY,0,0,0,20,1,8,41.87912717,-87.65961424
06/15/2021 06:50:00 PM,30,NO CONTROLS,CLEAR,DAYLIGHT,NOT DIVIDED,DRY,INJURY AND / OR TOW DUE TO CRASH,,FAILING TO YIELD RIGHT-OF-WAY,4020,W,26TH ST,Y,"REPORTED, NOT EVIDENT",0,0,0,18,3,6,41.84435111,-87.72545519
09/29/2022 07:00:00 PM,30,UNKNOWN,CLEAR,DUSK,NOT DIVIDED,DRY,INJURY AND / OR TOW DUE TO CRASH,,FAILING TO YIELD RIGHT-OF-WAY,3859,W,MONTROSE AVE,,NONINCAPACITATING INJURY,0,0,1,19,5,9,41.9608686,-87.72531719
9/7/2017 7:40,30,NO CONTROLS,CLEAR,DAYLIGHT,NOT DIVIDED,DRY,INJURY AND / OR TOW DUE TO CRASH,Y,IMPROPER OVERTAKING/PASSING,3151,W,BRYN MAWR AVE,,NONINCAPACITATING INJURY,0,0,1,7,5,9,41.98296294,-87.7085309
05/14/2021 04:15:00 PM,30,NO CONTROLS,CLEAR,DAYLIGHT,NOT DIVIDED,DRY,INJURY AND / OR TOW DUE TO CRASH,,FAILING TO YIELD RIGHT-OF-WAY,1610,W,CHICAGO AVE,,"REPORTED, NOT EVIDENT",0,0,0,16,6,5,41.8961751,-87.66777925
10/5/2015 16:20,30,NO CONTROLS,CLEAR,DAYLIGHT,NOT DIVIDED,DRY,NO INJURY / DRIVE AWAY,,DRIVING SKILLS/KNOWLEDGE/EXPERIENCE,1055,W,ROOSEVELT RD,,NO INDICATION OF INJURY,0,0,0,16,2,10,41.86694555,-87.65310356
9/1/2018 6:30,25,TRAFFIC SIGNAL,RAIN,DAWN,DIVIDED - W/MEDIAN (NOT RAISED),DRY,INJURY AND / OR TOW DUE TO CRASH,,DISREGARDING TRAFFIC SIGNALS,149,N,DEARBORN ST,,"REPORTED, NOT EVIDENT",0,0,0,6,7,9,41.88445505,-87.62930866
05/16/2020 02:37:00 PM,30,TRAFFIC SIGNAL,CLEAR,DAYLIGHT,T-INTERSECTION,DRY,INJURY AND / OR TOW DUE TO CRASH,,UNABLE TO DETERMINE,199,N,COLUMBUS SUB DR,,INCAPACITATING INJURY,0,1,0,14,7,5,41.88594539,-87.62060837
6/4/2023 10:00,25,STOP SIGN/FLASHER,CLEAR,DAYLIGHT,FOUR WAY,DRY,INJURY AND / OR TOW DUE TO CRASH,,FAILING TO YIELD RIGHT-OF-WAY,606,W,LAWRENCE DR,,NONINCAPACITATING INJURY,0,0,1,10,1,6,41.96973049,-87.64611508
06/13/2019 11:54:00 PM,30,TRAFFIC SIGNAL,CLEAR,"DARKNESS, LIGHTED ROAD",NOT DIVIDED,DRY,INJURY AND / OR TOW DUE TO CRASH,,UNABLE TO DETERMINE,1602,W,CHICAGO AVE,,NONINCAPACITATING INJURY,0,0,1,23,5,6,41.89618087,-87.66744076
09/16/2023 11:47:00 AM,30,STOP SIGN/FLASHER,CLEAR,DAYLIGHT,NOT DIVIDED,DRY,NO INJURY / DRIVE AWAY,Y,FAILING TO YIELD RIGHT-OF-WAY,9275,S,SOUTH CHICAGO AVE,,NO INDICATION OF INJURY,0,0,0,11,7,9,41.72668268,-87.55088631
09/17/2021 04:57:00 PM,35,TRAFFIC SIGNAL,CLEAR,DAWN,NOT DIVIDED,DRY,INJURY AND / OR TOW DUE TO CRASH,,UNABLE TO DETERMINE,4787,W,83RD ST,,NONINCAPACITATING INJURY,0,0,1,16,6,9,41.7417985,-87.74102874
07/30/2021 12:00:00 PM,30,TRAFFIC SIGNAL,CLEAR,DAYLIGHT,CENTER TURN LANE,DRY,INJURY AND / OR TOW DUE TO CRASH,,FAILING TO REDUCE SPEED TO AVOID CRASH,2970,W,ARMITAGE AVE,,NONINCAPACITATING INJURY,0,0,1,12,6,7,41.91755478,-87.70206897
06/27/2023 01:28:00 PM,10,NO CONTROLS,CLEAR,DAYLIGHT,OTHER,DRY,INJURY AND / OR TOW DUE TO CRASH,,DRIVING SKILLS/KNOWLEDGE/EXPERIENCE,1543,W,SCHOOL ST,,NONINCAPACITATING INJURY,0,0,1,13,3,6,41.94142544,-87.66798731
08/19/2021 05:40:00 PM,30,TRAFFIC SIGNAL,CLEAR,DAWN,DIVIDED - W/MEDIAN (NOT RAISED),DRY,NO INJURY / DRIVE AWAY,,DRIVING SKILLS/KNOWLEDGE/EXPERIENCE,2811,N,SACRAMENTO AVE,Y,NO INDICATION OF INJURY,0,0,0,17,5,8,41.93243603,-87.70238543
7/11/2017 16:15,30,TRAFFIC SIGNAL,CLOUDY/OVERCAST,DAYLIGHT,DIVIDED - W/MEDIAN (NOT RAISED),DRY,INJURY AND / OR TOW DUE TO CRASH,Y,UNABLE TO DETERMINE,834,N,CICERO AVE,,NONINCAPACITATING INJURY,0,0,1,16,3,7,41.89599521,-87.74597848
6/2/2023 13:30,30,STOP SIGN/FLASHER,CLEAR,DAYLIGHT,FOUR WAY,DRY,NO INJURY / DRIVE AWAY,,CELL PHONE USE OTHER THAN TEXTING,1801,W,SCHOOL ST,,NO INDICATION OF INJURY,0,0,0,13,6,6,41.94133872,-87.6740375
11/12/2021 19:27,30,NO CONTROLS,CLEAR,"DARKNESS, LIGHTED ROAD",NOT DIVIDED,WET,NO INJURY / DRIVE AWAY,,FAILING TO YIELD RIGHT-OF-WAY,2432,W,DIVERSEY AVE,,NO INDICATION OF INJURY,0,0,0,19,6,11,41.93226622,-87.68926692
12/7/2021 19:50,30,UNKNOWN,CLEAR,"DARKNESS, LIGHTED ROAD",ONE-WAY,DRY,INJURY AND / OR TOW DUE TO CRASH,Y,UNABLE TO DETERMINE,109,N,DEARBORN ST,,NONINCAPACITATING INJURY,0,0,1,19,3,12,41.8834258,-87.62927978
9/11/2020 22:55,30,NO CONTROLS,CLOUDY/OVERCAST,"DARKNESS, LIGHTED ROAD",NOT DIVIDED,DRY,INJURY AND / OR TOW DUE TO CRASH,,NOT APPLICABLE,3822,W,GRAND AVE,Y,NONINCAPACITATING INJURY,0,0,1,22,6,9,41.904606,-87.72218879
07/30/2021 07:50:00 PM,35,TRAFFIC SIGNAL,CLEAR,"DARKNESS, LIGHTED ROAD",DIVIDED - W/MEDIAN BARRIER,DRY,INJURY AND / OR TOW DUE TO CRASH,,DRIVING SKILLS/KNOWLEDGE/EXPERIENCE,658,N,LA SALLE ST,,NONINCAPACITATING INJURY,0,0,1,19,6,7,41.8940496,-87.63280877
10/16/2018 06:30:00 PM,30,TRAFFIC SIGNAL,CLEAR,DUSK,NOT DIVIDED,DRY,NO INJURY / DRIVE AWAY,,FAILING TO YIELD RIGHT-OF-WAY,538,W,ROOSEVELT RD,,NO INDICATION OF INJURY,0,0,0,18,3,10,41.86735164,-87.64064858
10/17/2023 06:10:00 PM,30,NO CONTROLS,CLEAR,"DARKNESS, LIGHTED ROAD",DIVIDED - W/MEDIAN (NOT RAISED),DRY,INJURY AND / OR TOW DUE TO CRASH,,DRIVING ON WRONG SIDE/WRONG WAY,701,N,KINGSBURY ST,,INCAPACITATING INJURY,0,1,0,18,3,10,41.89474269,-87.64133788
8/9/2020 13:30,30,UNKNOWN,UNKNOWN,UNKNOWN,DRIVEWAY,UNKNOWN,INJURY AND / OR TOW DUE TO CRASH,Y,UNABLE TO DETERMINE,9459,S,LEAVITT ST,,NONINCAPACITATING INJURY,0,0,1,13,1,8,41.72110431,-87.67707575
6/8/2022 17:06,30,NO CONTROLS,CLEAR,DAYLIGHT,NOT DIVIDED,WET,INJURY AND / OR TOW DUE TO CRASH,,FAILING TO YIELD RIGHT-OF-WAY,1251,N,MILWAUKEE AVE,,NONINCAPACITATING INJURY,0,0,1,17,4,6,41.90454776,-87.66810987
7/6/2020 12:55,30,TRAFFIC SIGNAL,CLEAR,DAYLIGHT,T-INTERSECTION,DRY,INJURY AND / OR TOW DUE TO CRASH,,FAILING TO YIELD RIGHT-OF-WAY,6462,N,CLARK ST,,"REPORTED, NOT EVIDENT",0,0,0,12,2,7,41.99971228,-87.67130746
06/20/2023 12:00:00 PM,30,TRAFFIC SIGNAL,CLEAR,DAYLIGHT,FOUR WAY,DRY,NO INJURY / DRIVE AWAY,Y,NOT APPLICABLE,20,E,OAK ST,,NO INDICATION OF INJURY,0,0,0,12,3,6,41.90086671,-87.62755502
09/23/2019 06:40:00 PM,30,NO CONTROLS,CLEAR,DAYLIGHT,ONE-WAY,DRY,NO INJURY / DRIVE AWAY,,"OPERATING VEHICLE IN ERRATIC, RECKLESS, CARELESS, NEGLIGENT OR AGGRESSIVE MANNER",362,W,RANDOLPH ST,Y,NO INDICATION OF INJURY,0,0,0,18,2,9,41.8845715,-87.63717975
10/1/2020 18:00,30,TRAFFIC SIGNAL,CLEAR,DUSK,NOT DIVIDED,DRY,INJURY AND / OR TOW DUE TO CRASH,,UNABLE TO DETERMINE,1955,N,MILWAUKEE AVE,,NONINCAPACITATING INJURY,0,0,1,18,5,10,41.91707997,-87.687595
05/31/2022 09:10:00 PM,30,NO CONTROLS,CLEAR,"DARKNESS, LIGHTED ROAD",NOT DIVIDED,DRY,INJURY AND / OR TOW DUE TO CRASH,,UNABLE TO DETERMINE,2025,N,CLYBOURN AVE,,NONINCAPACITATING INJURY,0,0,1,21,3,5,41.91824516,-87.65951768
06/14/2016 06:00:00 PM,30,STOP SIGN/FLASHER,CLEAR,DAYLIGHT,PARKING LOT,WET,NO INJURY / DRIVE AWAY,N,UNABLE TO DETERMINE,90,W,18TH ST,,NO INDICATION OF INJURY,0,0,0,18,3,6,41.85790008,-87.62943019
06/23/2020 06:17:00 PM,30,NO CONTROLS,CLEAR,DAYLIGHT,ALLEY,DRY,INJURY AND / OR TOW DUE TO CRASH,,WEATHER,942,W,35TH ST,,NONINCAPACITATING INJURY,0,0,1,18,3,6,41.83080719,-87.64999915
09/21/2022 07:40:00 PM,30,NO CONTROLS,CLEAR,"DARKNESS, LIGHTED ROAD",DIVIDED - W/MEDIAN (NOT RAISED),DRY,INJURY AND / OR TOW DUE TO CRASH,,NOT APPLICABLE,1955,N,DAMEN AVE,,INCAPACITATING INJURY,0,1,0,19,4,9,41.91753421,-87.67746653
08/17/2022 06:22:00 PM,30,NO CONTROLS,CLEAR,DAYLIGHT,NOT DIVIDED,DRY,INJURY AND / OR TOW DUE TO CRASH,,UNABLE TO DETERMINE,5025,N,DAMEN AVE,,INCAPACITATING INJURY,0,1,0,18,4,8,41.97321042,-87.67917098
1/10/2018 16:15,30,TRAFFIC SIGNAL,CLEAR,DUSK,NOT DIVIDED,WET,NO INJURY / DRIVE AWAY,,UNABLE TO DETERMINE,1200,N,DAMEN AVE,,NO INDICATION OF INJURY,0,0,0,16,4,1,41.9032352,-87.67740609
9/9/2019 7:30,30,STOP SIGN/FLASHER,CLEAR,DAYLIGHT,ONE-WAY,DRY,INJURY AND / OR TOW DUE TO CRASH,Y,DISREGARDING STOP SIGN,5000,W,ROSCOE ST,,NONINCAPACITATING INJURY,0,0,1,7,2,9,41.94252128,-87.75202363
11/21/2021 02:01:00 AM,30,TRAFFIC SIGNAL,CLEAR,"DARKNESS, LIGHTED ROAD",DIVIDED - W/MEDIAN BARRIER,DRY,INJURY AND / OR TOW DUE TO CRASH,Y,FAILING TO YIELD RIGHT-OF-WAY,500,S,CLARK ST,,NONINCAPACITATING INJURY,0,0,1,2,1,11,41.87555254,-87.63085422
08/28/2019 05:45:00 PM,30,NO CONTROLS,CLEAR,DAYLIGHT,NOT DIVIDED,DRY,NO INJURY / DRIVE AWAY,Y,UNABLE TO DETERMINE,1645,W,OGDEN AVE,,NO INDICATION OF INJURY,0,0,0,17,4,8,41.87972256,-87.6679488
4/5/2018 20:31,30,STOP SIGN/FLASHER,RAIN,"DARKNESS, LIGHTED ROAD",DIVIDED - W/MEDIAN (NOT RAISED),WET,INJURY AND / OR TOW DUE TO CRASH,Y,UNABLE TO DETERMINE,1158,E,67TH ST,,INCAPACITATING INJURY,0,1,0,20,5,4,41.77334564,-87.596103
8/11/2017 19:41,30,NO CONTROLS,CLEAR,DUSK,NOT DIVIDED,DRY,INJURY AND / OR TOW DUE TO CRASH,,DRIVING SKILLS/KNOWLEDGE/EXPERIENCE,1213,W,ADDISON ST,Y,NONINCAPACITATING INJURY,0,0,1,19,6,8,41.94702721,-87.6597328
04/27/2019 07:25:00 PM,30,TRAFFIC SIGNAL,SNOW,DARKNESS,FOUR WAY,WET,INJURY AND / OR TOW DUE TO CRASH,Y,UNABLE TO DETERMINE,6859,S,LOOMIS BLVD,,NONINCAPACITATING INJURY,0,0,1,19,7,4,41.76871574,-87.65892186
05/16/2022 07:10:00 PM,35,TRAFFIC SIGNAL,CLEAR,DAYLIGHT,FOUR WAY,DRY,INJURY AND / OR TOW DUE TO CRASH,,IMPROPER TURNING/NO SIGNAL,1157,S,KEDZIE AVE,,NONINCAPACITATING INJURY,0,0,1,19,2,5,41.86645437,-87.70552366
02/23/2020 12:00:00 PM,30,TRAFFIC SIGNAL,CLEAR,DAYLIGHT,NOT DIVIDED,DRY,NO INJURY / DRIVE AWAY,Y,FAILING TO YIELD RIGHT-OF-WAY,4000,N,MELVINA AVE,,NO INDICATION OF INJURY,0,0,0,12,1,2,41.953022,-87.78180802