CRASH_DATE,POSTED_SPEED_LIMIT,TRAFFIC_CONTROL_DEVICE,WEATHER_CONDITION,LIGHTING_CONDITION,TRAFFICWAY_TYPE,ROADWAY_SURFACE_COND,CRASH_TYPE,HIT_AND_RUN_I,PRIM_CONTRIBUTORY_CAUSE,STREET_NO,STREET_DIRECTION,STREET_NAME,DOORING_I,MOST_SEVERE_INJURY,INJURIES_FATAL,INJURIES_INCAPACITATING,INJURIES_NON_INCAPACITATING,CRASH_HOUR,CRASH_DAY_OF_WEEK,CRASH_MONTH,LATITUDE,LONGITUDE
06/20/2019 08:51:00 PM,30,NO CONTROLS,CLEAR,"DARKNESS, LIGHTED ROAD",NOT DIVIDED,DRY,INJURY AND / OR TOW DUE TO CRASH,,FAILING TO YIELD RIGHT-OF-WAY,1571,N,MILWAUKEE AVE,Y,NONINCAPACITATING INJURY,0,0,1,20,5,6,41.91014406,-87.67687503
9/8/2022 16:38,30,NO CONTROLS,CLEAR,DAYLIGHT,NOT DIVIDED,DRY,INJURY AND / OR TOW DUE TO CRASH,,FAILING TO YIELD RIGHT-OF-WAY,3699,N,ASHLAND AVE,,INCAPACITATING INJURY,0,1,0,16,5,9,41.94872454,-87.66875804
06/28/2023 04:00:00 PM,30,UNKNOWN,FOG/SMOKE/HAZE,DAYLIGHT,UNKNOWN,DRY,INJURY AND / OR TOW DUE TO CRASH,Y,UNABLE TO DETERMINE,2139,N,LARAMIE AVE,,"REPORTED, NOT EVIDENT",0,0,0,16,4,6,41.91980907,-87.7558766
8/9/2020 12:57,30,NO CONTROLS,CLEAR,DAYLIGHT,NOT DIVIDED,DRY,INJURY AND / OR TOW DUE TO CRASH,,DRIVING SKILLS/KNOWLEDGE/EXPERIENCE,1635,W,MONTROSE AVE,,NONINCAPACITATING INJURY,0,0,1,12,1,8,41.96146244,-87.67067735
4/2/2023 13:30,10,NO CONTROLS,CLEAR,DAYLIGHT,OTHER,DRY,INJURY AND / OR TOW DUE TO CRASH,,FAILING TO YIELD RIGHT-OF-WAY,2550,W,ADDISON ST,,NONINCAPACITATING INJURY,0,0,1,13,1,4,41.94682722,-87.69268374
09/25/2023 05:00:00 PM,30,NO CONTROLS,CLEAR,DAYLIGHT,DIVIDED - W/MEDIAN BARRIER,DRY,NO INJURY / DRIVE AWAY,Y,FAILING TO YIELD RIGHT-OF-WAY,922,W,CHICAGO AVE,,NO INDICATION OF INJURY,0,0,0,17,2,9,41.89645137,-87.65080786
06/18/2017 04:19:00 PM,30,NO CONTROLS,CLEAR,DAYLIGHT,NOT DIVIDED,DRY,INJURY AND / OR TOW DUE TO CRASH,,UNABLE TO DETERMINE,2727,W,GRANVILLE AVE,,NONINCAPACITATING INJURY,0,0,1,16,1,6,41.99388382,-87.69823667
08/23/2022 02:30:00 PM,30,UNKNOWN,CLEAR,DAYLIGHT,NOT DIVIDED,DRY,NO INJURY / DRIVE AWAY,Y,"OPERATING VEHICLE IN ERRATIC, RECKLESS, CARELESS, NEGLIGENT OR AGGRESSIVE MANNER",931,W,LELAND AVE,,NO INDICATION OF INJURY,0,0,0,14,3,8,41.96718311,-87.65388205
8/2/2018 17:34,30,NO CONTROLS,CLEAR,DAYLIGHT,NOT DIVIDED,DRY,NO INJURY / DRIVE AWAY,,UNABLE TO DETERMINE,1100,N,STATE ST,Y,NO INDICATION OF INJURY,0,0,0,17,5,8,41.90190555,-87.62849308
9/5/2016 14:45,30,NO CONTROLS,CLEAR,DAYLIGHT,NOT DIVIDED,DRY,NO INJURY / DRIVE AWAY,,UNABLE TO DETERMINE,1600,N,CENTRAL PARK AVE,,NO INDICATION OF INJURY,0,0,0,14,2,9,41.91010411,-87.71682283
11/29/2022 09:45:00 AM,30,NO CONTROLS,CLEAR,DAYLIGHT,NOT DIVIDED,DRY,INJURY AND / OR TOW DUE TO CRASH,,"VISION OBSCURED (SIGNS, TREE LIMBS, BUILDINGS, ETC.)",2222,S,WABASH AVE,Y,NONINCAPACITATING INJURY,0,0,1,9,3,11,41.85215879,-87.62563204
07/31/2019 05:10:00 PM,15,STOP SIGN/FLASHER,CLEAR,DAYLIGHT,FOUR WAY,DRY,INJURY AND / OR TOW DUE TO CRASH,N,DISREGARDING STOP SIGN,2100,N,SHEFFIELD AVE,,NONINCAPACITATING INJURY,0,0,1,17,4,7,41.92001026,-87.65357866
10/10/2023 18:03,20,NO CONTROLS,CLEAR,DAYLIGHT,ONE-WAY,DRY,INJURY AND / OR TOW DUE TO CRASH,,FAILING TO YIELD RIGHT-OF-WAY,5150,N,DRAKE AVE,,NONINCAPACITATING INJURY,0,0,1,18,3,10,41.97533179,-87.71736924
09/25/2020 02:43:00 PM,30,STOP SIGN/FLASHER,CLEAR,DAYLIGHT,FOUR WAY,DRY,INJURY AND / OR TOW DUE TO CRASH,,UNABLE TO DETERMINE,4600,N,MANOR AVE,,NONINCAPACITATING INJURY,0,0,1,14,6,9,41.96473922,-87.69979414
04/26/2018 08:30:00 AM,15,OTHER REG. SIGN,CLEAR,DAYLIGHT,ONE-WAY,DRY,INJURY AND / OR TOW DUE TO CRASH,,FAILING TO YIELD RIGHT-OF-WAY,3739,W,HIRSCH ST,,NONINCAPACITATING INJURY,0,0,1,8,5,4,41.90622032,-87.72064484
03/19/2021 03:50:00 PM,30,NO CONTROLS,CLEAR,DAYLIGHT,NOT DIVIDED,UNKNOWN,NO INJURY / DRIVE AWAY,Y,UNABLE TO DETERMINE,4714,W,DIVERSEY AVE,,NO INDICATION OF INJURY,0,0,0,15,6,3,41.93166819,-87.74474112
04/22/2017 12:20:00 PM,25,NO CONTROLS,CLEAR,DAYLIGHT,ONE-WAY,DRY,NO INJURY / DRIVE AWAY,,UNABLE TO DETERMINE,1606,W,ARTHUR AVE,,NO INDICATION OF INJURY,0,0,0,12,7,4,42.00004491,-87.67083681
10/22/2017 03:00:00 PM,35,TRAFFIC SIGNAL,RAIN,DAYLIGHT,DIVIDED - W/MEDIAN (NOT RAISED),WET,INJURY AND / OR TOW DUE TO CRASH,,IMPROPER TURNING/NO SIGNAL,7832,S,KEDZIE AVE,,NONINCAPACITATING INJURY,0,0,1,15,1,10,41.75064435,-87.70258246
11/7/2019 7:30,30,NO CONTROLS,CLEAR,DAYLIGHT,NOT DIVIDED,DRY,INJURY AND / OR TOW DUE TO CRASH,Y,UNABLE TO DETERMINE,3034,N,CICERO AVE,,INCAPACITATING INJURY,0,1,0,7,5,11,41.93625174,-87.74693206
10/8/2022 19:30,30,NO CONTROLS,CLEAR,"DARKNESS, LIGHTED ROAD",NOT DIVIDED,DRY,INJURY AND / OR TOW DUE TO CRASH,,FAILING TO YIELD RIGHT-OF-WAY,1350,N,WELLS ST,,NONINCAPACITATING INJURY,0,0,1,19,7,10,41.90717643,-87.63473784
7/9/2021 12:30,30,TRAFFIC SIGNAL,CLEAR,DAYLIGHT,FOUR WAY,DRY,NO INJURY / DRIVE AWAY,Y,IMPROPER TURNING/NO SIGNAL,400,N,DEARBORN ST,,NO INDICATION OF INJURY,0,0,0,12,6,7,41.88926953,-87.62973533
03/23/2018 10:05:00 AM,30,TRAFFIC SIGNAL,CLEAR,DAYLIGHT,DIVIDED - W/MEDIAN (NOT RAISED),DRY,INJURY AND / OR TOW DUE TO CRASH,,FAILING TO YIELD RIGHT-OF-WAY,1200,N,WOOD ST,,NONINCAPACITATING INJURY,0,0,1,10,6,3,41.90330826,-87.67252708
01/13/2022 10:35:00 AM,30,NO CONTROLS,CLEAR,DAYLIGHT,NOT DIVIDED,DRY,NO INJURY / DRIVE AWAY,,UNABLE TO DETERMINE,625,N,WABASH AVE,,NO INDICATION OF INJURY,0,0,0,10,5,1,41.89325598,-87.62661246
04/23/2019 05:45:00 PM,30,NO CONTROLS,CLEAR,DAYLIGHT,NOT DIVIDED,DRY,NO INJURY / DRIVE AWAY,,UNABLE TO DETERMINE,2199,S,WESTERN AVE,,NO INDICATION OF INJURY,0,0,0,17,3,4,41.85208038,-87.68549484
10/23/2021 10:40:00 AM,30,NO CONTROLS,CLEAR,DAYLIGHT,NOT DIVIDED,DRY,INJURY AND / OR TOW DUE TO CRASH,,UNABLE TO DETERMINE,5200,W,HENDERSON ST,,NONINCAPACITATING INJURY,0,0,1,10,7,10,41.94154598,-87.75690525
10/1/2023 17:37,25,NO CONTROLS,CLEAR,DAYLIGHT,ONE-WAY,DRY,INJURY AND / OR TOW DUE TO CRASH,Y,FOLLOWING TOO CLOSELY,5901,W,GIDDINGS ST,,NONINCAPACITATING INJURY,0,0,1,17,1,10,41.96666239,-87.77490934
8/8/2017 9:30,30,TRAFFIC SIGNAL,CLEAR,DAYLIGHT,NOT DIVIDED,DRY,INJURY AND / OR TOW DUE TO CRASH,Y,IMPROPER TURNING/NO SIGNAL,3600,N,KEDZIE AVE,,NONINCAPACITATING INJURY,0,0,1,9,3,8,41.94671926,-87.70797195
11/26/2022 05:00:00 PM,30,UNKNOWN,CLEAR,DUSK,NOT REPORTED,DRY,INJURY AND / OR TOW DUE TO CRASH,N,FAILING TO YIELD RIGHT-OF-WAY,7800,S,SAGINAW AVE,,NONINCAPACITATING INJURY,0,0,1,17,7,11,41.75353535,-87.56009519
09/25/2017 09:00:00 AM,30,TRAFFIC SIGNAL,CLEAR,DAYLIGHT,ONE-WAY,DRY,INJURY AND / OR TOW DUE TO CRASH,,FAILING TO REDUCE SPEED TO AVOID CRASH,600,W,LAKE ST,,NONINCAPACITATING INJURY,0,0,1,9,2,9,41.88581472,-87.64284713
05/22/2018 09:52:00 PM,30,NO CONTROLS,CLEAR,"DARKNESS, LIGHTED ROAD",NOT DIVIDED,DRY,INJURY AND / OR TOW DUE TO CRASH,,FOLLOWING TOO CLOSELY,1504,W,GRANVILLE AVE,,NONINCAPACITATING INJURY,0,0,1,21,3,5,41.99457355,-87.66799499
8/7/2017 10:35,30,UNKNOWN,UNKNOWN,DAYLIGHT,NOT DIVIDED,UNKNOWN,NO INJURY / DRIVE AWAY,,NOT APPLICABLE,4400,W,MADISON ST,,NO INDICATION OF INJURY,0,0,0,10,2,8,41.88071896,-87.73560061
10/4/2023 15:00,30,NO CONTROLS,CLEAR,DAYLIGHT,NOT DIVIDED,DRY,NO INJURY / DRIVE AWAY,Y,UNABLE TO DETERMINE,4500,W,NORTH AVE,,NO INDICATION OF INJURY,0,0,0,15,4,10,41.90982971,-87.73861096
8/8/2020 20:53,25,STOP SIGN/FLASHER,CLEAR,"DARKNESS, LIGHTED ROAD",DIVIDED - W/MEDIAN BARRIER,DRY,INJURY AND / OR TOW DUE TO CRASH,Y,UNABLE TO DETERMINE,401,N,LOCKWOOD AVE,,NONINCAPACITATING INJURY,0,0,1,20,7,8,41.88783618,-87.75763874
10/18/2019 01:20:00 PM,30,TRAFFIC SIGNAL,CLEAR,DAYLIGHT,FOUR WAY,DRY,INJURY AND / OR TOW DUE TO CRASH,,FAILING TO YIELD RIGHT-OF-WAY,5858,S,KEDZIE AVE,,"REPORTED, NOT EVIDENT",0,0,0,13,6,10,41.78633718,-87.70349759
09/18/2022 11:15:00 AM,25,NO CONTROLS,CLEAR,DAYLIGHT,NOT DIVIDED,DRY,NO INJURY / DRIVE AWAY,,UNABLE TO DETERMINE,7600,S,YATES BLVD,,NO INDICATION OF INJURY,0,0,0,11,1,9,41.7570665,-87.56648012
07/25/2021 05:35:00 PM,30,NO CONTROLS,CLEAR,DAYLIGHT,NOT DIVIDED,DRY,INJURY AND / OR TOW DUE TO CRASH,Y,FOLLOWING TOO CLOSELY,3520,N,HALSTED ST,,NONINCAPACITATING INJURY,0,0,1,17,1,7,41.94604999,-87.6495946
09/25/2018 01:26:00 AM,35,UNKNOWN,CLEAR,"DARKNESS, LIGHTED ROAD",NOT DIVIDED,DRY,INJURY AND / OR TOW DUE TO CRASH,Y,FAILING TO YIELD RIGHT-OF-WAY,7601,S,EBERHART AVE,,NONINCAPACITATING INJURY,0,0,1,1,3,9,41.75653674,-87.61248483
6/6/2021 20:00,30,TRAFFIC SIGNAL,CLEAR,DUSK,DIVIDED - W/MEDIAN BARRIER,DRY,NO INJURY / DRIVE AWAY,Y,UNABLE TO DETERMINE,808,S,MICHIGAN AVE,,NO INDICATION OF INJURY,0,0,0,20,1,6,41.87171755,-87.62431278
9/6/2017 16:15,35,NO CONTROLS,CLEAR,DAYLIGHT,NOT DIVIDED,DRY,NO INJURY / DRIVE AWAY,Y,UNABLE TO DETERMINE,3516,W,16TH ST,,NO INDICATION OF INJURY,0,0,0,16,4,9,41.85910194,-87.71356278
08/31/2019 07:47:00 PM,35,TRAFFIC SIGNAL,CLEAR,DARKNESS,T-INTERSECTION,DRY,NO INJURY / DRIVE AWAY,,UNABLE TO DETERMINE,4001,W,KINZIE ST,,NO INDICATION OF INJURY,0,0,0,19,7,8,41.88765881,-87.72599028
6/9/2019 3:38,35,TRAFFIC SIGNAL,CLEAR,"DARKNESS, LIGHTED ROAD",DIVIDED - W/MEDIAN (NOT RAISED),DRY,INJURY AND / OR TOW DUE TO CRASH,Y,UNABLE TO DETERMINE,200,W,NORTH AVE,,NONINCAPACITATING INJURY,0,0,1,3,1,6,41.91127114,-87.63476048
8/9/2022 16:15,30,STOP SIGN/FLASHER,CLEAR,DAYLIGHT,FOUR WAY,DRY,INJURY AND / OR TOW DUE TO CRASH,Y,DISREGARDING STOP SIGN,4200,S,ELLIS AVE,,NONINCAPACITATING INJURY,0,0,1,16,3,8,41.81793412,-87.60202499
07/18/2023 02:25:00 AM,30,NO CONTROLS,CLEAR,"DARKNESS, LIGHTED ROAD",DIVIDED - W/MEDIAN (NOT RAISED),DRY,INJURY AND / OR TOW DUE TO CRASH,Y,FOLLOWING TOO CLOSELY,381,W,18TH ST,,NONINCAPACITATING INJURY,0,0,2,2,3,7,41.85759188,-87.63687976
9/9/2022 21:31,30,NO CONTROLS,CLEAR,"DARKNESS, LIGHTED ROAD",DIVIDED - W/MEDIAN (NOT RAISED),DRY,INJURY AND / OR TOW DUE TO CRASH,,UNABLE TO DETERMINE,3312,N,CLARK ST,,NONINCAPACITATING INJURY,0,0,1,21,6,9,41.9420254,-87.65252438
02/28/2022 03:14:00 PM,30,STOP SIGN/FLASHER,CLEAR,DAYLIGHT,DIVIDED - W/MEDIAN (NOT RAISED),DRY,INJURY AND / OR TOW DUE TO CRASH,,UNABLE TO DETERMINE,1759,N,KIMBALL AVE,,NONINCAPACITATING INJURY,0,0,1,15,2,2,41.91352546,-87.71164866
01/19/2023 07:30:00 PM,15,NO CONTROLS,CLEAR,"DARKNESS, LIGHTED ROAD",PARKING LOT,DRY,NO INJURY / DRIVE AWAY,,UNABLE TO DETERMINE,4805,N,KIMBALL AVE,,NO INDICATION OF INJURY,0,0,0,19,5,1,41.96860805,-87.71322365
09/26/2017 02:11:00 PM,30,NO CONTROLS,CLEAR,DAYLIGHT,OTHER,UNKNOWN,INJURY AND / OR TOW DUE TO CRASH,,FAILING TO YIELD RIGHT-OF-WAY,6743,N,NEWGARD AVE,,NONINCAPACITATING INJURY,0,0,1,14,3,9,42.0048904,-87.66679926
10/27/2017 04:50:00 PM,30,TRAFFIC SIGNAL,CLEAR,DAYLIGHT,NOT DIVIDED,DRY,NO INJURY / DRIVE AWAY,,FAILING TO YIELD RIGHT-OF-WAY,1201,E,53RD ST,,NO INDICATION OF INJURY,0,0,0,16,6,10,41.79934829,-87.59655973
08/18/2018 08:20:00 AM,30,STOP SIGN/FLASHER,CLEAR,DAYLIGHT,NOT DIVIDED,DRY,NO INJURY / DRIVE AWAY,Y,FAILING TO YIELD RIGHT-OF-WAY,618,W,WILSON DR,,NO INDICATION OF INJURY,0,0,0,8,7,8,41.96592641,-87.64609185
10/20/2019 09:25:00 PM,30,TRAFFIC SIGNAL,FOG/SMOKE/HAZE,"DARKNESS, LIGHTED ROAD",NOT DIVIDED,DRY,INJURY AND / OR TOW DUE TO CRASH,Y,FAILING TO YIELD RIGHT-OF-WAY,3100,S,HALSTED ST,,NONINCAPACITATING INJURY,0,0,1,21,1,10,41.83796415,-87.64642271
06/20/2019 04:20:00 PM,30,NO CONTROLS,CLEAR,DAYLIGHT,DIVIDED - W/MEDIAN BARRIER,DRY,NO INJURY / DRIVE AWAY,,DRIVING ON WRONG SIDE/WRONG WAY,349,W,NORTH AVE,,NO INDICATION OF INJURY,0,0,0,16,5,6,41.91100518,-87.63856203
6/9/2017 15:07,30,TRAFFIC SIGNAL,CLEAR,DAYLIGHT,DIVIDED - W/MEDIAN (NOT RAISED),DRY,INJURY AND / OR TOW DUE TO CRASH,Y,UNABLE TO DETERMINE,355,W,CHICAGO AVE,,INCAPACITATING INJURY,0,1,0,15,6,6,41.89643188,-87.63785132
10/26/2020 12:00:00 PM,30,TRAFFIC SIGNAL,CLEAR,DAYLIGHT,DIVIDED - W/MEDIAN (NOT RAISED),DRY,INJURY AND / OR TOW DUE TO CRASH,Y,FAILING TO YIELD RIGHT-OF-WAY,3358,W,LAWRENCE AVE,,"REPORTED, NOT EVIDENT",0,0,0,12,2,10,41.96851105,-87.71330376
8/8/2019 8:55,30,NO CONTROLS,CLEAR,DAYLIGHT,DRIVEWAY,DRY,INJURY AND / OR TOW DUE TO CRASH,Y,FAILING TO YIELD RIGHT-OF-WAY,4701,S,WESTERN BLVD,,"REPORTED, NOT EVIDENT",0,0,0,8,5,8,41.80837313,-87.68372601
07/19/2019 02:00:00 PM,30,NO CONTROLS,CLEAR,DAYLIGHT,DIVIDED - W/MEDIAN (NOT RAISED),DRY,INJURY AND / OR TOW DUE TO CRASH,,UNABLE TO DETERMINE,2515,S,BLUE ISLAND AVE,,NONINCAPACITATING INJURY,0,0,1,14,6,7,41.84662789,-87.6804124
09/24/2020 04:45:00 PM,30,TRAFFIC SIGNAL,CLEAR,DAYLIGHT,DIVIDED - W/MEDIAN (NOT RAISED),DRY,INJURY AND / OR TOW DUE TO CRASH,,"VISION OBSCURED (SIGNS, TREE LIMBS, BUILDINGS, ETC.)",2759,N,MILWAUKEE AVE,,NONINCAPACITATING INJURY,0,0,1,16,5,9,41.93138859,-87.71098001
5/4/2018 20:40,30,TRAFFIC SIGNAL,CLEAR,"DARKNESS, LIGHTED ROAD",OTHER,DRY,INJURY AND / OR TOW DUE TO CRASH,,FAILING TO REDUCE SPEED TO AVOID CRASH,1600,N,DAMEN AVE,,NONINCAPACITATING INJURY,0,0,1,20,6,5,41.91058842,-87.67764382
5/7/2021 8:40,30,NO CONTROLS,CLEAR,DAYLIGHT,NOT DIVIDED,DRY,NO INJURY / DRIVE AWAY,,UNABLE TO DETERMINE,3042,N,CENTRAL PARK AVE,Y,NO INDICATION OF INJURY,0,0,0,8,6,5,41.93651471,-87.71745947
05/28/2022 11:50:00 AM,30,NO CONTROLS,CLEAR,DAYLIGHT,NOT DIVIDED,DRY,INJURY AND / OR TOW DUE TO CRASH,,FAILING TO YIELD RIGHT-OF-WAY,3244,N,RACINE AVE,Y,INCAPACITATING INJURY,0,1,0,11,7,5,41.9411626,-87.65915293
10/26/2022 06:22:00 PM,30,NO CONTROLS,CLEAR,DUSK,ONE-WAY,DRY,INJURY AND / OR TOW DUE TO CRASH,,DISTRACTION - FROM INSIDE VEHICLE,1448,N,LEAVITT ST,Y,INCAPACITATING INJURY,0,1,0,18,4,10,41.9081903,-87.68243294
07/25/2020 01:58:00 PM,30,NO CONTROLS,CLEAR,DAYLIGHT,DIVIDED - W/MEDIAN (NOT RAISED),DRY,INJURY AND / OR TOW DUE TO CRASH,N,UNABLE TO DETERMINE,3429,W,DIVERSEY AVE,Y,NONINCAPACITATING INJURY,0,0,1,13,7,7,41.93184778,-87.71342663
05/26/2018 09:26:00 AM,30,TRAFFIC SIGNAL,CLEAR,DAYLIGHT,NOT DIVIDED,DRY,INJURY AND / OR TOW DUE TO CRASH,,DRIVING ON WRONG SIDE/WRONG WAY,2795,W,CERMAK RD,,NONINCAPACITATING INJURY,0,0,1,9,7,5,41.85179281,-87.69538205
11/9/2020 19:15,30,TRAFFIC SIGNAL,CLEAR,DAYLIGHT,NOT DIVIDED,DRY,NO INJURY / DRIVE AWAY,,IMPROPER LANE USAGE,1200,S,COLUMBUS DR,,NO INDICATION OF INJURY,0,0,0,19,2,11,41.86738791,-87.62049103
8/8/2019 17:20,30,TRAFFIC SIGNAL,CLEAR,DAYLIGHT,NOT DIVIDED,DRY,NO INJURY / DRIVE AWAY,Y,DISREGARDING TRAFFIC SIGNALS,3158,N,KOSTNER AVE,,NO INDICATION OF INJURY,0,0,0,17,5,8,41.93886834,-87.73717793
04/20/2019 02:05:00 PM,30,TRAFFIC SIGNAL,CLEAR,DAYLIGHT,DIVIDED - W/MEDIAN (NOT RAISED),DRY,NO INJURY / DRIVE AWAY,Y,IMPROPER OVERTAKING/PASSING,735,W,WELLINGTON AVE,,NO INDICATION OF INJURY,0,0,0,14,7,4,41.93630364,-87.64811779
07/15/2018 10:20:00 AM,25,TRAFFIC SIGNAL,CLEAR,DAYLIGHT,ONE-WAY,DRY,INJURY AND / OR TOW DUE TO CRASH,,DISREGARDING TRAFFIC SIGNALS,5599,W,BERTEAU AVE,,NONINCAPACITATING INJURY,0,0,1,10,1,7,41.95672336,-87.76699753
10/23/2019 02:15:00 PM,30,NO CONTROLS,CLEAR,DAYLIGHT,NOT DIVIDED,DRY,INJURY AND / OR TOW DUE TO CRASH,Y,UNABLE TO DETERMINE,6022,W,IRVING PARK RD,,"REPORTED, NOT EVIDENT",0,0,0,14,4,10,41.95314618,-87.77777345
12/21/2018 03:42:00 PM,30,NO CONTROLS,CLEAR,DUSK,NOT DIVIDED,DRY,INJURY AND / OR TOW DUE TO CRASH,,FAILING TO YIELD RIGHT-OF-WAY,3333,N,ROCKWELL ST,,NONINCAPACITATING INJURY,0,0,1,15,6,12,41.94292021,-87.69342387
07/14/2022 10:51:00 PM,30,TRAFFIC SIGNAL,CLEAR,"DARKNESS, LIGHTED ROAD",FOUR WAY,DRY,NO INJURY / DRIVE AWAY,Y,FAILING TO YIELD RIGHT-OF-WAY,99,S,LAKE SHORE DR SB,,NO INDICATION OF INJURY,0,0,0,22,5,7,41.88098221,-87.61710465
8/2/2022 17:00,30,NO CONTROLS,CLEAR,DAYLIGHT,DIVIDED - W/MEDIAN BARRIER,DRY,INJURY AND / OR TOW DUE TO CRASH,,NOT APPLICABLE,1756,N,KEDZIE AVE,,NONINCAPACITATING INJURY,0,0,1,17,3,8,41.91356938,-87.70699646
04/25/2017 03:32:00 PM,30,STOP SIGN/FLASHER,CLEAR,DAYLIGHT,NOT DIVIDED,DRY,INJURY AND / OR TOW DUE TO CRASH,,DISREGARDING STOP SIGN,1251,N,CLYBOURN AVE,,"REPORTED, NOT EVIDENT",0,0,0,15,3,4,41.90489903,-87.64093169
06/16/2020 01:15:00 PM,30,NO CONTROLS,CLEAR,DAYLIGHT,NOT DIVIDED,DRY,INJURY AND / OR TOW DUE TO CRASH,,FAILING TO YIELD RIGHT-OF-WAY,5230,N,MILWAUKEE AVE,,NONINCAPACITATING INJURY,0,0,1,13,3,6,41.97530572,-87.76759302
12/29/2022 08:38:00 PM,30,TRAFFIC SIGNAL,CLEAR,"DARKNESS, LIGHTED ROAD",NOT DIVIDED,WET,INJURY AND / OR TOW DUE TO CRASH,Y,FAILING TO YIELD RIGHT-OF-WAY,1820,N,CICERO AVE,,NONINCAPACITATING INJURY,0,0,1,20,5,12,41.91394636,-87.74613825
8/12/2019 11:00,25,NO CONTROLS,CLEAR,DAYLIGHT,ALLEY,DRY,INJURY AND / OR TOW DUE TO CRASH,,UNABLE TO DETERMINE,1210,N,HARDING AVE,Y,NONINCAPACITATING INJURY,0,0,1,11,2,8,41.90304267,-87.72524224
07/28/2023 02:00:00 PM,30,STOP SIGN/FLASHER,CLEAR,DAYLIGHT,DIVIDED - W/MEDIAN (NOT RAISED),DRY,INJURY AND / OR TOW DUE TO CRASH,N,UNABLE TO DETERMINE,2528,E,87TH ST,,"REPORTED, NOT EVIDENT",0,0,0,14,6,7,41.73735191,-87.56246141
07/27/2019 07:20:00 PM,30,NO CONTROLS,CLEAR,DAYLIGHT,ONE-WAY,DRY,INJURY AND / OR TOW DUE TO CRASH,,IMPROPER LANE USAGE,227,W,MONROE ST,,NONINCAPACITATING INJURY,0,0,1,19,7,7,41.88053925,-87.63459246
11/25/2022 03:57:00 PM,30,NO CONTROLS,CLEAR,DAYLIGHT,DIVIDED - W/MEDIAN (NOT RAISED),DRY,INJURY AND / OR TOW DUE TO CRASH,,UNABLE TO DETERMINE,2620,W,NORTH AVE,Y,"REPORTED, NOT EVIDENT",0,0,0,15,6,11,41.91036752,-87.69295193
7/1/2019 18:42,30,NO CONTROLS,CLEAR,DAYLIGHT,T-INTERSECTION,DRY,INJURY AND / OR TOW DUE TO CRASH,,FAILING TO YIELD RIGHT-OF-WAY,3146,N,CLARK ST,,NONINCAPACITATING INJURY,0,0,1,18,2,7,41.93890811,-87.65000118
11/25/2020 04:18:00 PM,30,NO CONTROLS,CLEAR,DARKNESS,NOT DIVIDED,DRY,NO INJURY / DRIVE AWAY,Y,IMPROPER OVERTAKING/PASSING,3732,W,LAWRENCE AVE,Y,NO INDICATION OF INJURY,0,0,0,16,4,11,41.96841751,-87.72198098
05/25/2023 06:36:00 PM,30,NO CONTROLS,CLEAR,DAYLIGHT,NOT DIVIDED,DRY,NO INJURY / DRIVE AWAY,,DRIVING SKILLS/KNOWLEDGE/EXPERIENCE,1582,N,CLYBOURN AVE,Y,NO INDICATION OF INJURY,0,0,0,18,5,5,41.91039632,-87.64901127
09/14/2019 08:45:00 AM,25,NO CONTROLS,CLEAR,DAYLIGHT,ONE-WAY,DRY,NO INJURY / DRIVE AWAY,,UNABLE TO DETERMINE,5081,W,GLADYS AVE,Y,NO INDICATION OF INJURY,0,0,0,8,7,9,41.8756771,-87.75249074
5/11/2019 18:42,30,TRAFFIC SIGNAL,CLEAR,DAYLIGHT,NOT DIVIDED,WET,INJURY AND / OR TOW DUE TO CRASH,,IMPROPER LANE USAGE,1823,N,CLYBOURN AVE,,NONINCAPACITATING INJURY,0,0,1,18,7,5,41.91424962,-87.65395842
07/19/2021 03:12:00 PM,25,NO CONTROLS,CLEAR,DAYLIGHT,DIVIDED - W/MEDIAN (NOT RAISED),DRY,INJURY AND / OR TOW DUE TO CRASH,,FAILING TO YIELD RIGHT-OF-WAY,4733,N,KEDZIE AVE,,"REPORTED, NOT EVIDENT",0,0,0,15,2,7,41.96762916,-87.70830369
4/7/2019 16:07,25,NO CONTROLS,CLEAR,DAYLIGHT,ONE-WAY,DRY,NO INJURY / DRIVE AWAY,,UNABLE TO DETERMINE,5516,S,KOLIN AVE,,NO INDICATION OF INJURY,0,0,0,16,1,4,41.79258267,-87.73186835
10/7/2019 8:30,10,NO CONTROLS,CLEAR,DAYLIGHT,OTHER,DRY,INJURY AND / OR TOW DUE TO CRASH,,IMPROPER BACKING,5643,N,BROADWAY,,NONINCAPACITATING INJURY,0,0,1,8,2,10,41.98491612,-87.65996183
10/6/2023 7:50,25,NO CONTROLS,CLEAR,DAYLIGHT,NOT DIVIDED,DRY,INJURY AND / OR TOW DUE TO CRASH,Y,IMPROPER OVERTAKING/PASSING,6452,N,GLENWOOD AVE,,NONINCAPACITATING INJURY,0,0,1,7,6,10,41.99970155,-87.66570842
09/25/2017 11:38:00 AM,0,NO CONTROLS,CLEAR,DAYLIGHT,DRIVEWAY,DRY,INJURY AND / OR TOW DUE TO CRASH,,UNABLE TO DETERMINE,6816,W,GRAND AVE,,NONINCAPACITATING INJURY,0,0,1,11,2,9,41.92370245,-87.7959321