CRASH_DATE,POSTED_SPEED_LIMIT,TRAFFIC_CONTROL_DEVICE,WEATHER_CONDITION,LIGHTING_CONDITION,TRAFFICWAY_TYPE,ROADWAY_SURFACE_COND,CRASH_TYPE,HIT_AND_RUN_I,PRIM_CONTRIBUTORY_CAUSE,STREET_NO,STREET_DIRECTION,STREET_NAME,DOORING_I,MOST_SEVERE_INJURY,INJURIES_FATAL,INJURIES_INCAPACITATING,INJURIES_NON_INCAPACITATING,CRASH_HOUR,CRASH_DAY_OF_WEEK,CRASH_MONTH,LATITUDE,LONGITUDE
08/28/2019 04:56:00 PM,35,TRAFFIC SIGNAL,CLEAR,DAYLIGHT,NOT DIVIDED,DRY,INJURY AND / OR TOW DUE TO CRASH,,FAILING TO YIELD RIGHT-OF-WAY,2800,W,TOUHY AVE,,"REPORTED, NOT EVIDENT",0,0,0,16,4,8,42.01217318,-87.69984398
5/7/2021 11:50,30,NO CONTROLS,CLOUDY/OVERCAST,DAYLIGHT,NOT DIVIDED,DRY,INJURY AND / OR TOW DUE TO CRASH,Y,UNABLE TO DETERMINE,5848,S,HALSTED ST,Y,NONINCAPACITATING INJURY,0,0,1,11,6,5,41.78735073,-87.64512448
09/13/2019 08:30:00 PM,30,STOP SIGN/FLASHER,CLEAR,DARKNESS,NOT DIVIDED,DRY,INJURY AND / OR TOW DUE TO CRASH,Y,FAILING TO YIELD RIGHT-OF-WAY,6200,N,CALIFORNIA AVE,,NONINCAPACITATING INJURY,0,0,1,20,6,9,41.99406469,-87.69966621
2/7/2022 15:48,30,NO CONTROLS,CLEAR,DAYLIGHT,ONE-WAY,SNOW OR SLUSH,INJURY AND / OR TOW DUE TO CRASH,,IMPROPER LANE USAGE,500,W,MADISON ST,Y,NONINCAPACITATING INJURY,0,0,1,15,2,2,41.88199434,-87.63975869
6/4/2021 19:24,25,NO CONTROLS,CLEAR,DAYLIGHT,FOUR WAY,DRY,INJURY AND / OR TOW DUE TO CRASH,,NOT APPLICABLE,7700,S,KINGSTON AVE,,INCAPACITATING INJURY,0,1,0,19,6,6,41.75531442,-87.56281024
12/11/2016 3:50,30,TRAFFIC SIGNAL,SNOW,"DARKNESS, LIGHTED ROAD",NOT DIVIDED,SNOW OR SLUSH,NO INJURY / DRIVE AWAY,Y,UNABLE TO DETERMINE,3202,N,NARRAGANSETT AVE,N,NO INDICATION OF INJURY,0,0,0,3,1,12,41.93839865,-87.78620328
11/22/2018 05:00:00 PM,30,NO CONTROLS,CLEAR,"DARKNESS, LIGHTED ROAD",NOT DIVIDED,DRY,NO INJURY / DRIVE AWAY,,FAILING TO YIELD RIGHT-OF-WAY,1607,S,WESTERN AVE,,NO INDICATION OF INJURY,0,0,0,17,5,11,41.85912287,-87.68568095
7/6/2021 12:20,30,STOP SIGN/FLASHER,CLEAR,DAYLIGHT,DRIVEWAY,DRY,NO INJURY / DRIVE AWAY,,UNABLE TO DETERMINE,4042,W,FOSTER AVE,,NO INDICATION OF INJURY,0,0,0,12,3,7,41.97562411,-87.72984456
04/18/2021 01:40:00 PM,30,TRAFFIC SIGNAL,CLEAR,DAYLIGHT,NOT DIVIDED,DRY,INJURY AND / OR TOW DUE TO CRASH,Y,UNABLE TO DETERMINE,7600,S,JEFFERY BLVD,,INCAPACITATING INJURY,0,1,0,13,1,4,41.7569669,-87.57624762
09/20/2022 07:13:00 AM,30,STOP SIGN/FLASHER,CLEAR,DAYLIGHT,FOUR WAY,DRY,INJURY AND / OR TOW DUE TO CRASH,Y,FAILING TO YIELD RIGHT-OF-WAY,4101,N,KIMBALL AVE,,NONINCAPACITATING INJURY,0,0,1,7,3,9,41.95574453,-87.71282424
10/21/2019 08:00:00 AM,35,NO CONTROLS,CLEAR,DAYLIGHT,NOT DIVIDED,DRY,NO INJURY / DRIVE AWAY,Y,FAILING TO YIELD RIGHT-OF-WAY,1220,E,57TH ST,Y,NO INDICATION OF INJURY,0,0,0,8,2,10,41.79156567,-87.59556994
08/20/2020 06:50:00 PM,25,STOP SIGN/FLASHER,CLEAR,DAYLIGHT,FOUR WAY,DRY,INJURY AND / OR TOW DUE TO CRASH,,FAILING TO YIELD RIGHT-OF-WAY,1700,W,79TH ST,,NONINCAPACITATING INJURY,0,0,1,18,5,8,41.75043466,-87.66592493
04/26/2023 09:00:00 PM,30,TRAFFIC SIGNAL,CLEAR,"DARKNESS, LIGHTED ROAD",DIVIDED - W/MEDIAN (NOT RAISED),DRY,INJURY AND / OR TOW DUE TO CRASH,Y,DISREGARDING TRAFFIC SIGNALS,2798,S,ARCHER AVE,,NONINCAPACITATING INJURY,0,0,1,21,4,4,41.84360887,-87.65415864
8/3/2018 16:00,30,NO CONTROLS,CLEAR,DAYLIGHT,NOT DIVIDED,DRY,INJURY AND / OR TOW DUE TO CRASH,,FAILING TO YIELD RIGHT-OF-WAY,200,N,HALSTED ST,Y,NONINCAPACITATING INJURY,0,0,1,16,6,8,41.88568962,-87.64762173
06/27/2019 09:30:00 AM,30,NO CONTROLS,CLEAR,DAYLIGHT,NOT DIVIDED,DRY,INJURY AND / OR TOW DUE TO CRASH,,FAILING TO YIELD RIGHT-OF-WAY,905,N,ORLEANS ST,Y,NONINCAPACITATING INJURY,0,0,1,9,5,6,41.89911359,-87.63712192
07/23/2022 06:00:00 PM,30,NO CONTROLS,CLEAR,DAYLIGHT,NOT DIVIDED,DRY,NO INJURY / DRIVE AWAY,,UNABLE TO DETERMINE,1840,W,HUBBARD ST,,NO INDICATION OF INJURY,0,0,0,18,7,7,41.88988726,-87.67362918
09/17/2018 05:50:00 PM,30,TRAFFIC SIGNAL,CLEAR,DAYLIGHT,NOT DIVIDED,DRY,NO INJURY / DRIVE AWAY,,UNABLE TO DETERMINE,1200,W,TAYLOR ST,,NO INDICATION OF INJURY,0,0,0,17,2,9,41.86952418,-87.65681941
07/27/2019 11:44:00 PM,30,NO CONTROLS,CLEAR,"DARKNESS, LIGHTED ROAD",NOT DIVIDED,DRY,INJURY AND / OR TOW DUE TO CRASH,,NOT APPLICABLE,3007,S,LOOMIS ST,Y,NONINCAPACITATING INJURY,0,0,1,23,7,7,41.83957373,-87.65559007
05/22/2020 07:05:00 PM,30,NO CONTROLS,CLEAR,DAYLIGHT,NOT DIVIDED,DRY,NO INJURY / DRIVE AWAY,,UNABLE TO DETERMINE,6312,N,NAGLE AVE,,NO INDICATION OF INJURY,0,0,0,19,6,5,41.99598529,-87.78763712
08/17/2021 02:00:00 PM,30,TRAFFIC SIGNAL,CLEAR,DAYLIGHT,DIVIDED - W/MEDIAN (NOT RAISED),DRY,INJURY AND / OR TOW DUE TO CRASH,,UNABLE TO DETERMINE,1001,N,KEDZIE AVE,,NONINCAPACITATING INJURY,0,0,1,14,3,8,41.89924532,-87.70652924
05/22/2018 07:25:00 AM,35,NO CONTROLS,CLEAR,DAYLIGHT,NOT DIVIDED,DRY,INJURY AND / OR TOW DUE TO CRASH,Y,UNABLE TO DETERMINE,4700,S,KOLIN AVE,,NONINCAPACITATING INJURY,0,0,1,7,3,5,41.80766816,-87.732299
07/21/2017 03:00:00 PM,30,TRAFFIC SIGNAL,CLEAR,DAYLIGHT,DIVIDED - W/MEDIAN (NOT RAISED),DRY,INJURY AND / OR TOW DUE TO CRASH,,UNABLE TO DETERMINE,500,W,GARFIELD BLVD,,"REPORTED, NOT EVIDENT",0,0,0,15,6,7,41.79454111,-87.63797184
09/22/2018 04:45:00 PM,30,TRAFFIC SIGNAL,CLEAR,DAYLIGHT,NOT DIVIDED,DRY,INJURY AND / OR TOW DUE TO CRASH,,UNABLE TO DETERMINE,1954,N,WESTERN AVE,,NONINCAPACITATING INJURY,0,0,1,16,7,9,41.91733081,-87.68755053
10/1/2017 13:50,30,NO CONTROLS,CLEAR,DAYLIGHT,NOT DIVIDED,DRY,INJURY AND / OR TOW DUE TO CRASH,,FAILING TO YIELD RIGHT-OF-WAY,2465,N,LINCOLN AVE,Y,NONINCAPACITATING INJURY,0,0,1,13,1,10,41.92697414,-87.65068572
8/5/2019 18:30,30,TRAFFIC SIGNAL,CLEAR,DAYLIGHT,ONE-WAY,DRY,NO INJURY / DRIVE AWAY,Y,FOLLOWING TOO CLOSELY,465,E,ILLINOIS ST,,NO INDICATION OF INJURY,0,0,0,18,2,8,41.89098523,-87.6152952
11/24/2021 01:53:00 AM,30,STOP SIGN/FLASHER,CLEAR,"DARKNESS, LIGHTED ROAD",NOT DIVIDED,DRY,INJURY AND / OR TOW DUE TO CRASH,Y,"OPERATING VEHICLE IN ERRATIC, RECKLESS, CARELESS, NEGLIGENT OR AGGRESSIVE MANNER",3708,W,CHICAGO AVE,N,INCAPACITATING INJURY,0,1,0,1,4,11,41.89554259,-87.71918275
09/15/2017 04:00:00 PM,30,NO CONTROLS,CLEAR,DAYLIGHT,NOT DIVIDED,UNKNOWN,NO INJURY / DRIVE AWAY,,UNABLE TO DETERMINE,10430,S,SANGAMON ST,,NO INDICATION OF INJURY,0,0,0,16,6,9,41.70412146,-87.6465419
8/11/2023 17:15,30,NO CONTROLS,CLEAR,DAYLIGHT,DIVIDED - W/MEDIAN (NOT RAISED),DRY,NO INJURY / DRIVE AWAY,,UNABLE TO DETERMINE,1615,N,WELLS ST,,NO INDICATION OF INJURY,0,0,0,17,6,8,41.911619,-87.63457796
09/26/2018 02:29:00 PM,30,TRAFFIC SIGNAL,CLEAR,DAYLIGHT,NOT DIVIDED,DRY,INJURY AND / OR TOW DUE TO CRASH,N,UNABLE TO DETERMINE,1356,S,HALSTED ST,,NONINCAPACITATING INJURY,0,0,1,14,4,9,41.86386325,-87.64696965
7/5/2019 13:27,30,STOP SIGN/FLASHER,CLEAR,DAYLIGHT,FOUR WAY,DRY,INJURY AND / OR TOW DUE TO CRASH,Y,DISREGARDING STOP SIGN,2800,S,KOMENSKY AVE,,NONINCAPACITATING INJURY,0,0,1,13,6,7,41.84045825,-87.72581234
12/16/2018 02:10:00 PM,30,NO CONTROLS,CLEAR,DAYLIGHT,NOT DIVIDED,DRY,NO INJURY / DRIVE AWAY,Y,FAILING TO REDUCE SPEED TO AVOID CRASH,357,E,18TH DR,,NO INDICATION OF INJURY,0,0,0,14,1,12,41.85697264,-87.61744453
10/27/2022 09:37:00 PM,30,NO CONTROLS,CLEAR,DARKNESS,ONE-WAY,DRY,NO INJURY / DRIVE AWAY,N,UNABLE TO DETERMINE,6957,S,WABASH AVE,N,NO INDICATION OF INJURY,0,0,0,21,5,10,41.76751466,-87.62320425
07/30/2019 12:19:00 PM,30,NO CONTROLS,CLEAR,DAYLIGHT,NOT DIVIDED,DRY,INJURY AND / OR TOW DUE TO CRASH,,UNABLE TO DETERMINE,1023,W,WEBSTER AVE,Y,NONINCAPACITATING INJURY,0,0,1,12,3,7,41.92161333,-87.65447134
7/8/2021 13:10,30,UNKNOWN,CLEAR,DAYLIGHT,NOT DIVIDED,DRY,NO INJURY / DRIVE AWAY,,FAILING TO YIELD RIGHT-OF-WAY,304,N,CLINTON ST,,NO INDICATION OF INJURY,0,0,0,13,5,7,41.88698515,-87.64148679
10/21/2017 03:15:00 PM,30,NO CONTROLS,CLEAR,DAYLIGHT,ALLEY,DRY,NO INJURY / DRIVE AWAY,,UNABLE TO DETERMINE,4944,W,NEWPORT AVE,,NO INDICATION OF INJURY,0,0,0,15,7,10,41.94344532,-87.751247
11/2/2021 12:04,30,NO CONTROLS,CLEAR,DAYLIGHT,NOT DIVIDED,DRY,INJURY AND / OR TOW DUE TO CRASH,,UNABLE TO DETERMINE,429,W,SUPERIOR ST,Y,NONINCAPACITATING INJURY,0,0,1,12,3,11,41.89541144,-87.63978697
05/22/2018 06:41:00 PM,35,NO CONTROLS,CLEAR,DAYLIGHT,NOT DIVIDED,DRY,INJURY AND / OR TOW DUE TO CRASH,,UNABLE TO DETERMINE,3056,N,LINCOLN AVE,Y,INCAPACITATING INJURY,0,1,0,18,3,5,41.93727242,-87.66552487
08/23/2021 07:30:00 PM,30,TRAFFIC SIGNAL,CLEAR,DAYLIGHT,NOT DIVIDED,DRY,INJURY AND / OR TOW DUE TO CRASH,Y,NOT APPLICABLE,1700,N,AUSTIN AVE,,NONINCAPACITATING INJURY,0,0,1,19,2,8,41.91116841,-87.77543198
8/11/2023 12:10,30,TRAFFIC SIGNAL,CLEAR,DAYLIGHT,DIVIDED - W/MEDIAN (NOT RAISED),DRY,INJURY AND / OR TOW DUE TO CRASH,,FAILING TO YIELD RIGHT-OF-WAY,1681,N,MILWAUKEE AVE,,"REPORTED, NOT EVIDENT",0,0,0,12,6,8,41.91201882,-87.67977563
5/4/2022 19:00,25,NO CONTROLS,CLEAR,DUSK,NOT DIVIDED,DRY,INJURY AND / OR TOW DUE TO CRASH,Y,UNABLE TO DETERMINE,3411,N,SHEFFIELD AVE,,NONINCAPACITATING INJURY,0,0,1,19,4,5,41.944194,-87.65408889
07/15/2022 06:00:00 PM,30,NO CONTROLS,CLEAR,DAYLIGHT,FOUR WAY,DRY,INJURY AND / OR TOW DUE TO CRASH,,UNABLE TO DETERMINE,4012,W,28TH ST,Y,INCAPACITATING INJURY,0,1,0,18,6,7,41.84066883,-87.72506019
09/13/2018 03:53:00 PM,25,TRAFFIC SIGNAL,CLEAR,DAYLIGHT,NOT DIVIDED,DRY,INJURY AND / OR TOW DUE TO CRASH,,UNABLE TO DETERMINE,7001,N,CLARK ST,,NONINCAPACITATING INJURY,0,0,1,15,5,9,42.00907282,-87.67383223
01/24/2018 04:55:00 PM,30,TRAFFIC SIGNAL,CLEAR,DAYLIGHT,NOT DIVIDED,DRY,INJURY AND / OR TOW DUE TO CRASH,Y,UNABLE TO DETERMINE,2456,N,MILWAUKEE AVE,,"REPORTED, NOT EVIDENT",0,0,0,16,4,1,41.92592275,-87.70250412
05/26/2023 04:05:00 PM,30,NO CONTROLS,CLEAR,DAYLIGHT,NOT DIVIDED,UNKNOWN,INJURY AND / OR TOW DUE TO CRASH,,FAILING TO YIELD RIGHT-OF-WAY,1547,N,MILWAUKEE AVE,Y,NONINCAPACITATING INJURY,0,0,1,16,6,5,41.90970817,-87.67619368
07/29/2018 12:27:00 AM,30,NO CONTROLS,CLEAR,"DARKNESS, LIGHTED ROAD",NOT DIVIDED,DRY,NO INJURY / DRIVE AWAY,,NOT APPLICABLE,3505,N,CLARK ST,,NO INDICATION OF INJURY,0,0,0,0,1,7,41.94605737,-87.65542269
09/22/2019 03:45:00 AM,25,STOP SIGN/FLASHER,RAIN,"DARKNESS, LIGHTED ROAD",NOT DIVIDED,WET,INJURY AND / OR TOW DUE TO CRASH,Y,FAILING TO YIELD RIGHT-OF-WAY,7900,S,UNION AVE,,INCAPACITATING INJURY,0,1,0,3,1,9,41.75058542,-87.64174707
10/31/2021 10:45:00 AM,20,STOP SIGN/FLASHER,CLEAR,DAYLIGHT,DIVIDED - W/MEDIAN (NOT RAISED),DRY,NO INJURY / DRIVE AWAY,,DISREGARDING STOP SIGN,501,E,WALDRON DR,,NO INDICATION OF INJURY,0,0,0,10,1,10,41.86025554,-87.61388756
10/13/2022 05:12:00 PM,30,STOP SIGN/FLASHER,CLEAR,DAYLIGHT,ONE-WAY,DRY,INJURY AND / OR TOW DUE TO CRASH,,UNABLE TO DETERMINE,700,W,CORNELIA AVE,,NONINCAPACITATING INJURY,0,0,1,17,5,10,41.94556771,-87.64718235
6/11/2021 12:06,30,NO CONTROLS,CLEAR,DAYLIGHT,NOT DIVIDED,DRY,INJURY AND / OR TOW DUE TO CRASH,Y,UNABLE TO DETERMINE,4500,W,LAKE ST,,"REPORTED, NOT EVIDENT",0,0,0,12,6,6,41.88628271,-87.73820659
06/28/2022 05:40:00 PM,30,NO CONTROLS,CLEAR,DAYLIGHT,NOT DIVIDED,DRY,INJURY AND / OR TOW DUE TO CRASH,,FAILING TO YIELD RIGHT-OF-WAY,6129,W,DIVERSEY AVE,,NONINCAPACITATING INJURY,0,0,1,17,3,6,41.93097768,-87.77954844
12/20/2017 08:40:00 AM,30,NO CONTROLS,CLEAR,DAYLIGHT,DIVIDED - W/MEDIAN (NOT RAISED),DRY,NO INJURY / DRIVE AWAY,,NOT APPLICABLE,1400,W,TAYLOR ST,Y,NO INDICATION OF INJURY,0,0,0,8,4,12,41.86944828,-87.66170605
07/20/2022 03:57:00 PM,30,UNKNOWN,UNKNOWN,UNKNOWN,NOT DIVIDED,UNKNOWN,NO INJURY / DRIVE AWAY,Y,UNABLE TO DETERMINE,2845,N,CLARK ST,,NO INDICATION OF INJURY,0,0,0,15,4,7,41.93398749,-87.64567386
08/27/2020 09:30:00 AM,30,STOP SIGN/FLASHER,CLEAR,DAYLIGHT,FOUR WAY,DRY,INJURY AND / OR TOW DUE TO CRASH,,"VISION OBSCURED (SIGNS, TREE LIMBS, BUILDINGS, ETC.)",3101,W,FULTON BLVD,,NONINCAPACITATING INJURY,0,0,1,9,5,8,41.88634197,-87.7039389
10/12/2018 8:10,30,TRAFFIC SIGNAL,CLEAR,DAYLIGHT,DIVIDED - W/MEDIAN (NOT RAISED),DRY,INJURY AND / OR TOW DUE TO CRASH,,FAILING TO YIELD RIGHT-OF-WAY,1998,N,WESTERN AVE,,NONINCAPACITATING INJURY,0,0,1,8,6,10,41.91752759,-87.68755598
07/21/2023 09:45:00 PM,30,TRAFFIC SIGNAL,CLEAR,"DARKNESS, LIGHTED ROAD",DIVIDED - W/MEDIAN (NOT RAISED),DRY,INJURY AND / OR TOW DUE TO CRASH,,FAILING TO YIELD RIGHT-OF-WAY,4355,W,59TH ST,,NONINCAPACITATING INJURY,0,0,1,21,6,7,41.78572797,-87.73251216
11/4/2018 14:20,30,STOP SIGN/FLASHER,RAIN,DAWN,DIVIDED - W/MEDIAN (NOT RAISED),WET,NO INJURY / DRIVE AWAY,Y,DISREGARDING STOP SIGN,599,W,ARMITAGE AVE,N,NO INDICATION OF INJURY,0,0,0,14,1,11,41.91814423,-87.64360384
10/13/2022 08:30:00 AM,35,TRAFFIC SIGNAL,CLEAR,DAYLIGHT,FOUR WAY,DRY,INJURY AND / OR TOW DUE TO CRASH,Y,UNABLE TO DETERMINE,1000,W,ROOSEVELT RD,,NONINCAPACITATING INJURY,0,0,1,8,5,10,41.86719645,-87.65108822
10/6/2021 19:51,25,STOP SIGN/FLASHER,CLEAR,"DARKNESS, LIGHTED ROAD",NOT DIVIDED,DRY,INJURY AND / OR TOW DUE TO CRASH,,FOLLOWING TOO CLOSELY,150,N,HARBOR DR,Y,INCAPACITATING INJURY,0,1,0,19,4,10,41.8846573,-87.61588529
08/16/2021 12:40:00 PM,30,TRAFFIC SIGNAL,CLEAR,DAYLIGHT,NOT DIVIDED,DRY,INJURY AND / OR TOW DUE TO CRASH,Y,UNABLE TO DETERMINE,757,W,47TH ST,,NONINCAPACITATING INJURY,0,0,1,12,2,8,41.80875233,-87.64548308
11/3/2018 18:00,30,TRAFFIC SIGNAL,CLEAR,"DARKNESS, LIGHTED ROAD",NOT DIVIDED,DRY,NO INJURY / DRIVE AWAY,,FAILING TO YIELD RIGHT-OF-WAY,237,W,47TH ST,N,NO INDICATION OF INJURY,0,0,0,18,7,11,41.80899359,-87.63254441
05/28/2019 06:10:00 PM,35,TRAFFIC SIGNAL,CLEAR,DAYLIGHT,DIVIDED - W/MEDIAN (NOT RAISED),DRY,NO INJURY / DRIVE AWAY,,NOT APPLICABLE,3601,S,PULASKI RD,,NO INDICATION OF INJURY,0,0,0,18,3,5,41.82872088,-87.7240271
08/26/2023 11:51:00 AM,35,TRAFFIC SIGNAL,CLEAR,DAYLIGHT,FOUR WAY,DRY,NO INJURY / DRIVE AWAY,Y,IMPROPER OVERTAKING/PASSING,313,W,GRAND AVE,,NO INDICATION OF INJURY,0,0,0,11,7,8,41.89144504,-87.63613737
11/9/2021 16:50,30,STOP SIGN/FLASHER,CLEAR,DAYLIGHT,ONE-WAY,DRY,NO INJURY / DRIVE AWAY,,FAILING TO YIELD RIGHT-OF-WAY,658,N,ST CLAIR ST,,NO INDICATION OF INJURY,0,0,0,16,3,11,41.89419568,-87.62288123
09/14/2022 03:30:00 PM,20,NO CONTROLS,CLEAR,DAYLIGHT,ONE-WAY,DRY,NO INJURY / DRIVE AWAY,,UNABLE TO DETERMINE,3856,N,KOSTNER AVE,,NO INDICATION OF INJURY,0,0,0,15,4,9,41.95156733,-87.73824269
11/22/2021 02:40:00 PM,30,NO CONTROLS,CLEAR,DAYLIGHT,PARKING LOT,DRY,NO INJURY / DRIVE AWAY,,UNABLE TO DETERMINE,765,W,ADAMS ST,,NO INDICATION OF INJURY,0,0,0,14,2,11,41.87911724,-87.64660719
05/17/2018 05:20:00 AM,30,NO CONTROLS,CLEAR,DAWN,NOT DIVIDED,DRY,INJURY AND / OR TOW DUE TO CRASH,Y,UNABLE TO DETERMINE,2098,W,69TH ST,N,INCAPACITATING INJURY,0,1,0,5,5,5,41.76852561,-87.67594145
07/21/2018 12:35:00 AM,30,TRAFFIC SIGNAL,RAIN,"DARKNESS, LIGHTED ROAD",DIVIDED - W/MEDIAN (NOT RAISED),WET,INJURY AND / OR TOW DUE TO CRASH,,IMPROPER LANE USAGE,520,S,MICHIGAN AVE,,NONINCAPACITATING INJURY,0,0,1,0,7,7,41.87525983,-87.62439667
7/9/2017 22:35,30,STOP SIGN/FLASHER,CLEAR,"DARKNESS, LIGHTED ROAD",NOT DIVIDED,DRY,INJURY AND / OR TOW DUE TO CRASH,,"VISION OBSCURED (SIGNS, TREE LIMBS, BUILDINGS, ETC.)",139,N,GREEN ST,,"REPORTED, NOT EVIDENT",0,0,0,22,1,7,41.88433412,-87.64845517
08/19/2019 02:50:00 PM,30,NO CONTROLS,CLEAR,DAYLIGHT,NOT DIVIDED,DRY,INJURY AND / OR TOW DUE TO CRASH,,UNABLE TO DETERMINE,3123,S,CALIFORNIA AVE,,INCAPACITATING INJURY,0,1,0,14,2,8,41.83637974,-87.69485357
08/15/2023 06:30:00 AM,30,NO CONTROLS,RAIN,DAYLIGHT,NOT DIVIDED,WET,NO INJURY / DRIVE AWAY,,UNABLE TO DETERMINE,1150,E,55TH ST,,NO INDICATION OF INJURY,0,0,0,6,3,8,41.79516584,-87.59759959
9/1/2018 2:20,35,TRAFFIC SIGNAL,CLEAR,"DARKNESS, LIGHTED ROAD",OTHER,DRY,INJURY AND / OR TOW DUE TO CRASH,,TURNING RIGHT ON RED,1586,N,MILWAUKEE AVE,,NONINCAPACITATING INJURY,0,0,1,2,7,9,41.91024165,-87.67746183
12/13/2018 07:27:00 PM,30,TRAFFIC SIGNAL,RAIN,"DARKNESS, LIGHTED ROAD",NOT DIVIDED,WET,NO INJURY / DRIVE AWAY,,EXCEEDING SAFE SPEED FOR CONDITIONS,2000,W,WELLINGTON AVE,,NO INDICATION OF INJURY,0,0,0,19,5,12,41.93603931,-87.67830063
06/30/2020 05:10:00 PM,30,TRAFFIC SIGNAL,CLEAR,DAYLIGHT,DIVIDED - W/MEDIAN (NOT RAISED),DRY,INJURY AND / OR TOW DUE TO CRASH,,UNABLE TO DETERMINE,2958,W,BELMONT AVE,,NONINCAPACITATING INJURY,0,0,1,17,3,6,41.9394738,-87.70259138
09/24/2020 02:15:00 PM,30,TRAFFIC SIGNAL,CLEAR,DAYLIGHT,NOT DIVIDED,DRY,INJURY AND / OR TOW DUE TO CRASH,,UNABLE TO DETERMINE,1,S,WOOD ST,,NONINCAPACITATING INJURY,0,0,1,14,5,9,41.88134847,-87.67160018
05/16/2019 10:35:00 AM,30,TRAFFIC SIGNAL,CLEAR,DAYLIGHT,NOT DIVIDED,DRY,INJURY AND / OR TOW DUE TO CRASH,,FAILING TO YIELD RIGHT-OF-WAY,3139,N,SHERIDAN RD,,NONINCAPACITATING INJURY,0,0,1,10,5,5,41.93889036,-87.63935735
8/4/2020 23:00,25,TRAFFIC SIGNAL,UNKNOWN,"DARKNESS, LIGHTED ROAD",NOT DIVIDED,UNKNOWN,INJURY AND / OR TOW DUE TO CRASH,Y,DISREGARDING OTHER TRAFFIC SIGNS,360,E,43RD ST,,NONINCAPACITATING INJURY,0,0,1,23,3,8,41.81673807,-87.61736966
10/13/2022 12:54:00 PM,30,NO CONTROLS,CLEAR,DAYLIGHT,NOT DIVIDED,DRY,INJURY AND / OR TOW DUE TO CRASH,,FAILING TO YIELD RIGHT-OF-WAY,1713,S,LOOMIS ST,,NONINCAPACITATING INJURY,0,0,1,12,5,10,41.85836131,-87.66118485
06/15/2019 02:40:00 PM,30,NO CONTROLS,RAIN,DAYLIGHT,ONE-WAY,WET,NO INJURY / DRIVE AWAY,,UNABLE TO DETERMINE,4600,N,LEAVITT ST,,NO INDICATION OF INJURY,0,0,0,14,7,6,41.96502335,-87.68408393
6/10/2019 16:09,30,NO CONTROLS,CLEAR,DAYLIGHT,DIVIDED - W/MEDIAN (NOT RAISED),DRY,INJURY AND / OR TOW DUE TO CRASH,,UNABLE TO DETERMINE,2757,N,CLYBOURN AVE,,NONINCAPACITATING INJURY,0,0,1,16,2,6,41.93137212,-87.67688066
02/20/2016 11:30:00 AM,30,NO CONTROLS,CLEAR,DAYLIGHT,NOT DIVIDED,DRY,INJURY AND / OR TOW DUE TO CRASH,Y,UNABLE TO DETERMINE,3108,W,LAWRENCE AVE,Y,"REPORTED, NOT EVIDENT",0,0,0,11,7,2,41.9685821,-87.7064342
10/6/2023 17:22,30,STOP SIGN/FLASHER,CLEAR,DAYLIGHT,FOUR WAY,DRY,INJURY AND / OR TOW DUE TO CRASH,Y,FAILING TO YIELD RIGHT-OF-WAY,6300,S,HAMLIN AVE,,NONINCAPACITATING INJURY,0,0,1,17,6,10,41.77868639,-87.71799993
09/22/2017 07:50:00 AM,30,NO CONTROLS,CLEAR,DAYLIGHT,DIVIDED - W/MEDIAN BARRIER,DRY,INJURY AND / OR TOW DUE TO CRASH,,UNABLE TO DETERMINE,2520,S,ARCHER AVE,,NONINCAPACITATING INJURY,0,0,1,7,6,9,41.84680863,-87.64759075
10/15/2017 05:34:00 PM,30,NO CONTROLS,CLEAR,DAYLIGHT,NOT DIVIDED,DRY,INJURY AND / OR TOW DUE TO CRASH,,UNABLE TO DETERMINE,1232,W,47TH ST,Y,NONINCAPACITATING INJURY,0,0,1,17,1,10,41.80882866,-87.65640133
11/15/2017 09:30:00 AM,30,TRAFFIC SIGNAL,RAIN,DAYLIGHT,NOT DIVIDED,WET,INJURY AND / OR TOW DUE TO CRASH,Y,FAILING TO YIELD RIGHT-OF-WAY,3000,S,LOWE AVE,,"REPORTED, NOT EVIDENT",0,0,0,9,4,11,41.83982157,-87.64283525
07/25/2019 07:35:00 AM,30,TRAFFIC SIGNAL,CLEAR,DAYLIGHT,DIVIDED - W/MEDIAN (NOT RAISED),DRY,NO INJURY / DRIVE AWAY,,FAILING TO YIELD RIGHT-OF-WAY,1800,S,HALSTED ST,,NO INDICATION OF INJURY,0,0,0,7,5,7,41.85806266,-87.64679527
12/22/2015 07:00:00 PM,30,TRAFFIC SIGNAL,CLEAR,"DARKNESS, LIGHTED ROAD",NOT DIVIDED,DRY,NO INJURY / DRIVE AWAY,,DISREGARDING TRAFFIC SIGNALS,499,N,MICHIGAN AVE,,NO INDICATION OF INJURY,0,0,0,19,3,12,41.89089644,-87.62398102
06/22/2022 06:30:00 AM,30,NO CONTROLS,CLEAR,DAYLIGHT,ONE-WAY,DRY,INJURY AND / OR TOW DUE TO CRASH,,FAILING TO YIELD RIGHT-OF-WAY,183,W,MONROE ST,,NONINCAPACITATING INJURY,0,0,1,6,4,6,41.88055673,-87.63328151
10/23/2019 06:33:00 AM,35,STOP SIGN/FLASHER,CLEAR,"DARKNESS, LIGHTED ROAD",NOT DIVIDED,DRY,INJURY AND / OR TOW DUE TO CRASH,,UNABLE TO DETERMINE,531,W,FULTON ST,,INCAPACITATING INJURY,0,1,0,6,4,10,41.88670568,-87.6413102