CRASH_DATE,POSTED_SPEED_LIMIT,TRAFFIC_CONTROL_DEVICE,WEATHER_CONDITION,LIGHTING_CONDITION,TRAFFICWAY_TYPE,ROADWAY_SURFACE_COND,CRASH_TYPE,HIT_AND_RUN_I,PRIM_CONTRIBUTORY_CAUSE,STREET_NO,STREET_DIRECTION,STREET_NAME,DOORING_I,MOST_SEVERE_INJURY,INJURIES_FATAL,INJURIES_INCAPACITATING,INJURIES_NON_INCAPACITATING,CRASH_HOUR,CRASH_DAY_OF_WEEK,CRASH_MONTH,LATITUDE,LONGITUDE
5/2/2023 21:45,30,TRAFFIC SIGNAL,CLEAR,"DARKNESS, LIGHTED ROAD",FOUR WAY,DRY,NO INJURY / DRIVE AWAY,Y,IMPROPER LANE USAGE,1400,W,CERMAK RD,,NO INDICATION OF INJURY,0,0,0,21,3,5,41.85252617,-87.66129007
06/29/2022 07:16:00 PM,30,NO CONTROLS,CLEAR,DAYLIGHT,NOT DIVIDED,DRY,INJURY AND / OR TOW DUE TO CRASH,,NOT APPLICABLE,1530,N,DAMEN AVE,,NONINCAPACITATING INJURY,0,0,1,19,4,6,41.90918757,-87.67757674
9/10/2022 15:55,30,TRAFFIC SIGNAL,CLEAR,DAYLIGHT,NOT REPORTED,DRY,INJURY AND / OR TOW DUE TO CRASH,,UNABLE TO DETERMINE,200,W,31ST ST,,NONINCAPACITATING INJURY,0,0,1,15,7,9,41.838345,-87.63174087
10/23/2021 07:20:00 PM,30,TRAFFIC SIGNAL,CLEAR,"DARKNESS, LIGHTED ROAD",ONE-WAY,DRY,NO INJURY / DRIVE AWAY,,UNABLE TO DETERMINE,2401,N,SACRAMENTO AVE,Y,NO INDICATION OF INJURY,0,0,0,19,7,10,41.92481269,-87.70217271
11/16/2018 02:15:00 PM,30,TRAFFIC SIGNAL,CLOUDY/OVERCAST,DAYLIGHT,DIVIDED - W/MEDIAN (NOT RAISED),DRY,NO INJURY / DRIVE AWAY,,DISREGARDING TRAFFIC SIGNALS,1558,N,LARAMIE AVE,,NO INDICATION OF INJURY,0,0,0,14,6,11,41.90943232,-87.75596288
08/27/2022 03:35:00 PM,30,STOP SIGN/FLASHER,CLEAR,DAYLIGHT,DIVIDED - W/MEDIAN (NOT RAISED),DRY,INJURY AND / OR TOW DUE TO CRASH,,DISREGARDING STOP SIGN,400,W,26TH ST,N,FATAL,1,0,0,15,7,8,41.84556703,-87.63685509
10/31/2020 10:00:00 AM,15,NO CONTROLS,CLEAR,DAYLIGHT,OTHER,DRY,INJURY AND / OR TOW DUE TO CRASH,,UNABLE TO DETERMINE,4721,N,ELSTON AVE,,NONINCAPACITATING INJURY,0,0,1,10,7,10,41.96669574,-87.73786153
03/25/2022 03:20:00 PM,30,NO CONTROLS,CLEAR,DAYLIGHT,ONE-WAY,DRY,INJURY AND / OR TOW DUE TO CRASH,,FAILING TO YIELD RIGHT-OF-WAY,6638,N,GLENWOOD AVE,Y,NONINCAPACITATING INJURY,0,0,1,15,6,3,42.00294371,-87.66580801
09/18/2022 07:38:00 AM,30,TRAFFIC SIGNAL,CLEAR,DAYLIGHT,FOUR WAY,DRY,INJURY AND / OR TOW DUE TO CRASH,Y,UNABLE TO DETERMINE,4839,S,WESTERN BLVD,,NONINCAPACITATING INJURY,0,0,1,7,1,9,41.80551035,-87.68363426
06/14/2023 02:21:00 PM,30,STOP SIGN/FLASHER,CLEAR,DAYLIGHT,T-INTERSECTION,DRY,INJURY AND / OR TOW DUE TO CRASH,Y,DISREGARDING STOP SIGN,5027,N,DAMEN AVE,,NONINCAPACITATING INJURY,0,0,1,14,4,6,41.97321042,-87.67917098
9/1/2017 20:46,30,NO CONTROLS,CLEAR,"DARKNESS, LIGHTED ROAD",NOT DIVIDED,DRY,INJURY AND / OR TOW DUE TO CRASH,,"VISION OBSCURED (SIGNS, TREE LIMBS, BUILDINGS, ETC.)",2301,W,GRACE ST,,NONINCAPACITATING INJURY,0,0,1,20,6,9,41.95030323,-87.68599423
07/27/2018 05:32:00 PM,30,NO CONTROLS,CLEAR,DAYLIGHT,NOT DIVIDED,DRY,INJURY AND / OR TOW DUE TO CRASH,,UNABLE TO DETERMINE,3825,W,WILSON AVE,Y,"REPORTED, NOT EVIDENT",0,0,0,17,6,7,41.96452669,-87.724134
10/3/2016 8:15,30,TRAFFIC SIGNAL,CLEAR,DAYLIGHT,DIVIDED - W/MEDIAN (NOT RAISED),DRY,NO INJURY / DRIVE AWAY,,UNABLE TO DETERMINE,2011,W,BELMONT AVE,,NO INDICATION OF INJURY,0,0,0,8,2,10,41.93945708,-87.67885027
09/14/2017 06:10:00 PM,30,STOP SIGN/FLASHER,CLEAR,DAYLIGHT,DIVIDED - W/MEDIAN (NOT RAISED),DRY,NO INJURY / DRIVE AWAY,Y,FOLLOWING TOO CLOSELY,1500,S,THROOP ST,,NO INDICATION OF INJURY,0,0,0,18,5,9,41.86153365,-87.65912079
4/11/2023 20:15,30,NO CONTROLS,CLEAR,"DARKNESS, LIGHTED ROAD",RAMP,DRY,INJURY AND / OR TOW DUE TO CRASH,Y,FAILING TO YIELD RIGHT-OF-WAY,5198,N,LAKE SHORE DR SB,,INCAPACITATING INJURY,0,1,0,20,3,4,41.97643701,-87.65070348
05/29/2020 07:12:00 PM,30,TRAFFIC SIGNAL,CLEAR,DUSK,DIVIDED - W/MEDIAN (NOT RAISED),DRY,NO INJURY / DRIVE AWAY,Y,FAILING TO YIELD RIGHT-OF-WAY,854,W,FOSTER AVE,,NO INDICATION OF INJURY,0,0,0,19,6,5,41.97654961,-87.65217389
08/16/2023 02:40:00 PM,30,UNKNOWN,CLEAR,DAYLIGHT,NOT DIVIDED,DRY,INJURY AND / OR TOW DUE TO CRASH,,TURNING RIGHT ON RED,4550,W,BELMONT AVE,,NONINCAPACITATING INJURY,0,0,1,14,4,8,41.9390093,-87.74151988
10/17/2023 06:35:00 AM,30,STOP SIGN/FLASHER,CLEAR,DAYLIGHT,ONE-WAY,DRY,INJURY AND / OR TOW DUE TO CRASH,Y,DISREGARDING STOP SIGN,5400,S,RICHMOND ST,,"REPORTED, NOT EVIDENT",0,0,0,6,3,10,41.79535678,-87.69765541
09/28/2017 07:25:00 AM,30,TRAFFIC SIGNAL,CLEAR,DAYLIGHT,DIVIDED - W/MEDIAN (NOT RAISED),DRY,INJURY AND / OR TOW DUE TO CRASH,,DISREGARDING TRAFFIC SIGNALS,558,S,RACINE AVE,,NONINCAPACITATING INJURY,0,0,1,7,5,9,41.8743359,-87.65696513
8/7/2017 13:05,25,STOP SIGN/FLASHER,CLEAR,DAYLIGHT,OTHER,DRY,INJURY AND / OR TOW DUE TO CRASH,,"EVASIVE ACTION DUE TO ANIMAL, OBJECT, NONMOTORIST",120,E,PEARSON ST,,"REPORTED, NOT EVIDENT",0,0,0,13,2,8,41.89766548,-87.62514398
09/15/2023 08:15:00 PM,30,STOP SIGN/FLASHER,CLEAR,"DARKNESS, LIGHTED ROAD",ONE-WAY,DRY,INJURY AND / OR TOW DUE TO CRASH,,FAILING TO YIELD RIGHT-OF-WAY,1890,W,CONGRESS PKWY,,NONINCAPACITATING INJURY,0,0,1,20,6,9,41.8751678,-87.67405022
10/28/2021 04:15:00 PM,30,NO CONTROLS,RAIN,"DARKNESS, LIGHTED ROAD",DRIVEWAY,WET,INJURY AND / OR TOW DUE TO CRASH,,FAILING TO YIELD RIGHT-OF-WAY,3435,N,CICERO AVE,,NONINCAPACITATING INJURY,0,0,1,16,5,10,41.94353848,-87.74684514
06/13/2021 01:46:00 PM,30,NO CONTROLS,CLEAR,DAYLIGHT,NOT DIVIDED,DRY,NO INJURY / DRIVE AWAY,,UNABLE TO DETERMINE,3033,N,LINCOLN AVE,,NO INDICATION OF INJURY,0,0,0,13,1,6,41.93693852,-87.66463136
2/7/2019 7:41,20,NO CONTROLS,CLOUDY/OVERCAST,DAYLIGHT,DIVIDED - W/MEDIAN (NOT RAISED),WET,INJURY AND / OR TOW DUE TO CRASH,,UNABLE TO DETERMINE,3105,N,PULASKI RD,,NONINCAPACITATING INJURY,0,0,1,7,5,2,41.93747552,-87.72699202
07/24/2019 03:30:00 PM,30,TRAFFIC SIGNAL,CLEAR,DAYLIGHT,ONE-WAY,DRY,NO INJURY / DRIVE AWAY,,UNABLE TO DETERMINE,500,W,RANDOLPH ST,,NO INDICATION OF INJURY,0,0,0,15,4,7,41.88455161,-87.63987424
10/9/2019 20:29,30,NO CONTROLS,CLEAR,DARKNESS,NOT DIVIDED,DRY,INJURY AND / OR TOW DUE TO CRASH,,IMPROPER OVERTAKING/PASSING,1450,W,WEBSTER AVE,,NONINCAPACITATING INJURY,0,0,1,20,4,10,41.9217195,-87.66501942
6/5/2022 22:15,30,NO CONTROLS,CLEAR,"DARKNESS, LIGHTED ROAD",NOT DIVIDED,DRY,INJURY AND / OR TOW DUE TO CRASH,Y,NOT APPLICABLE,7900,S,YALE AVE,,NONINCAPACITATING INJURY,0,0,1,22,1,6,41.75075255,-87.63080831
9/8/2022 19:55,30,NO CONTROLS,CLEAR,"DARKNESS, LIGHTED ROAD",OTHER,DRY,INJURY AND / OR TOW DUE TO CRASH,,UNABLE TO DETERMINE,3143,N,MILWAUKEE AVE,,NONINCAPACITATING INJURY,0,0,1,19,5,9,41.93811658,-87.72201224
5/6/2019 8:30,30,NO CONTROLS,CLEAR,DAYLIGHT,DIVIDED - W/MEDIAN (NOT RAISED),DRY,NO INJURY / DRIVE AWAY,,UNABLE TO DETERMINE,3430,W,58TH ST,,NO INDICATION OF INJURY,0,0,0,8,2,5,41.78807967,-87.70946948
10/2/2019 17:38,30,NO CONTROLS,RAIN,DAWN,DIVIDED - W/MEDIAN (NOT RAISED),WET,INJURY AND / OR TOW DUE TO CRASH,,NOT APPLICABLE,700,W,GRAND AVE,Y,NONINCAPACITATING INJURY,0,0,1,17,4,10,41.89131647,-87.64592671
08/18/2020 01:20:00 PM,30,STOP SIGN/FLASHER,CLEAR,DAYLIGHT,FOUR WAY,DRY,INJURY AND / OR TOW DUE TO CRASH,Y,UNABLE TO DETERMINE,3400,W,FULTON BLVD,,INCAPACITATING INJURY,0,1,0,13,3,8,41.88646228,-87.71129134
9/1/2019 23:10,30,TRAFFIC SIGNAL,CLEAR,"DARKNESS, LIGHTED ROAD",T-INTERSECTION,DRY,NO INJURY / DRIVE AWAY,,"VISION OBSCURED (SIGNS, TREE LIMBS, BUILDINGS, ETC.)",4500,S,PULASKI RD,,NO INDICATION OF INJURY,0,0,0,23,1,9,41.81144674,-87.72386803
06/16/2022 07:55:00 PM,30,NO CONTROLS,CLEAR,DAYLIGHT,NOT DIVIDED,DRY,INJURY AND / OR TOW DUE TO CRASH,Y,UNABLE TO DETERMINE,3948,S,WESTERN AVE,,NONINCAPACITATING INJURY,0,0,1,19,5,6,41.82158852,-87.68492723
08/31/2022 08:38:00 AM,30,TRAFFIC SIGNAL,CLEAR,DAYLIGHT,DIVIDED - W/MEDIAN (NOT RAISED),DRY,INJURY AND / OR TOW DUE TO CRASH,,NOT APPLICABLE,1400,S,SACRAMENTO DR,,"REPORTED, NOT EVIDENT",0,0,0,8,4,8,41.86289482,-87.70215997
06/21/2021 06:29:00 PM,30,TRAFFIC SIGNAL,CLEAR,DAYLIGHT,Y-INTERSECTION,DRY,INJURY AND / OR TOW DUE TO CRASH,,DISREGARDING OTHER TRAFFIC SIGNS,1154,S,CLARK ST,N,NONINCAPACITATING INJURY,0,0,1,18,2,6,41.86757102,-87.63058647
02/20/2022 01:10:00 PM,30,NO CONTROLS,CLEAR,DAYLIGHT,ONE-WAY,WET,NO INJURY / DRIVE AWAY,,UNABLE TO DETERMINE,3116,W,BERTEAU AVE,,NO INDICATION OF INJURY,0,0,0,13,1,2,41.95766844,-87.70647998
09/16/2017 10:50:00 AM,30,NO CONTROLS,CLEAR,DAYLIGHT,NOT DIVIDED,DRY,NO INJURY / DRIVE AWAY,,IMPROPER LANE USAGE,219,W,CHICAGO AVE,N,NO INDICATION OF INJURY,0,0,0,10,7,9,41.89647343,-87.63503012
09/21/2018 11:53:00 PM,30,NO CONTROLS,CLEAR,"DARKNESS, LIGHTED ROAD",DIVIDED - W/MEDIAN (NOT RAISED),DRY,INJURY AND / OR TOW DUE TO CRASH,,NOT APPLICABLE,936,E,47TH ST,,INCAPACITATING INJURY,0,1,0,23,6,9,41.80969002,-87.60239185
8/7/2023 16:50,30,TRAFFIC SIGNAL,CLEAR,DAYLIGHT,NOT DIVIDED,DRY,INJURY AND / OR TOW DUE TO CRASH,Y,FAILING TO YIELD RIGHT-OF-WAY,3601,N,KEDZIE AVE,,NONINCAPACITATING INJURY,0,0,1,16,2,8,41.94672474,-87.70767798
02/21/2022 06:38:00 PM,30,STOP SIGN/FLASHER,CLEAR,"DARKNESS, LIGHTED ROAD",NOT DIVIDED,DRY,INJURY AND / OR TOW DUE TO CRASH,Y,FAILING TO YIELD RIGHT-OF-WAY,3800,S,WASHTENAW AVE,,NONINCAPACITATING INJURY,0,0,1,18,2,2,41.82461309,-87.69235505
10/9/2017 14:30,25,UNKNOWN,UNKNOWN,DAYLIGHT,DIVIDED - W/MEDIAN (NOT RAISED),UNKNOWN,INJURY AND / OR TOW DUE TO CRASH,,UNABLE TO DETERMINE,1255,S,STATE ST,,NONINCAPACITATING INJURY,0,0,1,14,2,10,41.86593147,-87.6272401
07/27/2018 12:10:00 PM,25,OTHER REG. SIGN,CLEAR,DAYLIGHT,DIVIDED - W/MEDIAN (NOT RAISED),DRY,INJURY AND / OR TOW DUE TO CRASH,,DRIVING SKILLS/KNOWLEDGE/EXPERIENCE,555,W,ROOSEVELT RD,,"REPORTED, NOT EVIDENT",0,0,0,12,6,7,41.86712202,-87.6414076
7/1/2023 15:02,30,NO CONTROLS,CLEAR,DAYLIGHT,DIVIDED - W/MEDIAN (NOT RAISED),DRY,NO INJURY / DRIVE AWAY,,UNABLE TO DETERMINE,2359,W,WILSON AVE,,NO INDICATION OF INJURY,0,0,0,15,7,7,41.96476472,-87.68855893
08/26/2018 10:43:00 PM,35,NO CONTROLS,CLEAR,"DARKNESS, LIGHTED ROAD",OTHER,DRY,NO INJURY / DRIVE AWAY,,FAILING TO REDUCE SPEED TO AVOID CRASH,7500,S,EXCHANGE AVE,,NO INDICATION OF INJURY,0,0,0,22,1,8,41.75899276,-87.56037781
10/14/2019 01:00:00 PM,30,NO CONTROLS,CLEAR,DAYLIGHT,NOT DIVIDED,DRY,NO INJURY / DRIVE AWAY,,IMPROPER TURNING/NO SIGNAL,2831,W,26TH ST,,NO INDICATION OF INJURY,0,0,0,13,2,10,41.84456364,-87.69649629
8/8/2020 19:04,35,STOP SIGN/FLASHER,CLEAR,DAYLIGHT,T-INTERSECTION,DRY,INJURY AND / OR TOW DUE TO CRASH,,DISREGARDING STOP SIGN,825,W,69TH ST,,NONINCAPACITATING INJURY,0,0,1,19,7,8,41.7687117,-87.64557778
4/5/2019 17:00,30,STOP SIGN/FLASHER,CLEAR,DAYLIGHT,ONE-WAY,UNKNOWN,NO INJURY / DRIVE AWAY,Y,UNABLE TO DETERMINE,2358,N,NEVA AVE,,NO INDICATION OF INJURY,0,0,0,17,6,4,41.92275089,-87.80452773
1/4/2021 6:25,25,TRAFFIC SIGNAL,CLEAR,DAYLIGHT,NOT DIVIDED,DRY,INJURY AND / OR TOW DUE TO CRASH,Y,FAILING TO YIELD RIGHT-OF-WAY,6037,N,KEDZIE AVE,,NONINCAPACITATING INJURY,0,0,1,6,2,1,41.99150725,-87.70886159
04/21/2023 05:10:00 PM,30,TRAFFIC SIGNAL,CLEAR,DAYLIGHT,ONE-WAY,DRY,INJURY AND / OR TOW DUE TO CRASH,,UNABLE TO DETERMINE,6500,S,ALBANY AVE,,NONINCAPACITATING INJURY,0,0,1,17,6,4,41.77526516,-87.70074883
04/21/2021 07:57:00 PM,30,STOP SIGN/FLASHER,CLEAR,DAWN,DIVIDED - W/MEDIAN (NOT RAISED),DRY,NO INJURY / DRIVE AWAY,Y,IMPROPER TURNING/NO SIGNAL,5900,S,STONY ISLAND AVE,,NO INDICATION OF INJURY,0,0,0,19,4,4,41.78759158,-87.58677275
06/23/2023 02:17:00 PM,30,STOP SIGN/FLASHER,CLEAR,DAYLIGHT,T-INTERSECTION,DRY,INJURY AND / OR TOW DUE TO CRASH,,IMPROPER LANE USAGE,5210,N,BROADWAY,,"REPORTED, NOT EVIDENT",0,0,0,14,6,6,41.97669388,-87.66002296
10/23/2023 12:20:00 PM,15,NO CONTROLS,CLEAR,DAYLIGHT,ALLEY,DRY,INJURY AND / OR TOW DUE TO CRASH,,UNABLE TO DETERMINE,1944,W,47TH ST,,NONINCAPACITATING INJURY,0,0,1,12,2,10,41.80862577,-87.67403888
6/2/2023 15:52,30,NO CONTROLS,CLEAR,DAYLIGHT,NOT DIVIDED,UNKNOWN,INJURY AND / OR TOW DUE TO CRASH,Y,FAILING TO YIELD RIGHT-OF-WAY,4232,W,55TH ST,,NONINCAPACITATING INJURY,0,0,1,15,6,6,41.79325977,-87.72935098
9/6/2021 15:41,30,NO CONTROLS,CLEAR,DAYLIGHT,ONE-WAY,DRY,NO INJURY / DRIVE AWAY,,NOT APPLICABLE,119,N,LOTUS AVE,,NO INDICATION OF INJURY,0,0,0,15,2,9,41.88289393,-87.76148378
08/23/2023 01:30:00 PM,30,NO CONTROLS,CLEAR,DAYLIGHT,DIVIDED - W/MEDIAN (NOT RAISED),DRY,INJURY AND / OR TOW DUE TO CRASH,,UNABLE TO DETERMINE,3132,W,26TH ST,,NONINCAPACITATING INJURY,0,0,1,13,4,8,41.84464,-87.70387455
05/18/2021 06:30:00 PM,25,STOP SIGN/FLASHER,RAIN,DAYLIGHT,DIVIDED - W/MEDIAN (NOT RAISED),WET,INJURY AND / OR TOW DUE TO CRASH,,DISTRACTION - FROM INSIDE VEHICLE,1969,W,OGDEN AVE,,NONINCAPACITATING INJURY,0,0,1,18,3,5,41.873217,-87.67567518
07/14/2023 10:59:00 AM,20,NO CONTROLS,CLEAR,DAYLIGHT,NOT DIVIDED,DRY,INJURY AND / OR TOW DUE TO CRASH,,UNABLE TO DETERMINE,1359,S,HALSTED ST,,NONINCAPACITATING INJURY,0,0,1,10,6,7,41.86366262,-87.64666845
06/18/2022 12:20:00 PM,30,NO CONTROLS,CLEAR,DAYLIGHT,NOT DIVIDED,DRY,INJURY AND / OR TOW DUE TO CRASH,Y,UNABLE TO DETERMINE,2141,S,PULASKI RD,,NONINCAPACITATING INJURY,0,0,1,12,7,6,41.85206806,-87.72462644
05/29/2022 08:05:00 PM,30,STOP SIGN/FLASHER,CLEAR,DUSK,NOT DIVIDED,DRY,NO INJURY / DRIVE AWAY,,DISREGARDING STOP SIGN,200,S,LAFLIN ST,,NO INDICATION OF INJURY,0,0,0,20,1,5,41.8788724,-87.66449641
11/20/2022 03:59:00 PM,35,TRAFFIC SIGNAL,CLEAR,DAYLIGHT,"FIVE POINT, OR MORE",DRY,NO INJURY / DRIVE AWAY,Y,"OPERATING VEHICLE IN ERRATIC, RECKLESS, CARELESS, NEGLIGENT OR AGGRESSIVE MANNER",2075,N,LINCOLN AVE,,NO INDICATION OF INJURY,0,0,0,15,1,11,41.92005754,-87.64101934
07/24/2022 10:45:00 AM,30,TRAFFIC SIGNAL,CLEAR,DAYLIGHT,T-INTERSECTION,DRY,INJURY AND / OR TOW DUE TO CRASH,,FAILING TO YIELD RIGHT-OF-WAY,1701,E,56TH ST,,NONINCAPACITATING INJURY,0,0,1,10,1,7,41.79331034,-87.58383404
08/27/2018 06:15:00 AM,0,TRAFFIC SIGNAL,CLEAR,UNKNOWN,DIVIDED - W/MEDIAN (NOT RAISED),DRY,INJURY AND / OR TOW DUE TO CRASH,,UNABLE TO DETERMINE,5699,S,HYDE PARK DR,,NONINCAPACITATING INJURY,0,0,1,6,2,8,41.79190074,-87.58372443
08/28/2023 01:05:00 PM,30,NO CONTROLS,CLEAR,DAYLIGHT,ONE-WAY,DRY,INJURY AND / OR TOW DUE TO CRASH,,FAILING TO YIELD RIGHT-OF-WAY,3943,N,JANSSEN AVE,,"REPORTED, NOT EVIDENT",0,0,0,13,2,8,41.9537909,-87.66568461
8/9/2020 15:55,30,TRAFFIC SIGNAL,CLEAR,DAYLIGHT,NOT DIVIDED,DRY,NO INJURY / DRIVE AWAY,Y,UNABLE TO DETERMINE,2801,W,AUGUSTA BLVD,,NO INDICATION OF INJURY,0,0,0,15,1,8,41.89917282,-87.69685132
01/13/2017 11:00:00 PM,30,NO CONTROLS,CLEAR,DUSK,NOT DIVIDED,DRY,INJURY AND / OR TOW DUE TO CRASH,,UNABLE TO DETERMINE,3158,W,MONTROSE AVE,Y,"REPORTED, NOT EVIDENT",0,0,0,23,6,1,41.96129692,-87.70818823
8/9/2022 11:50,10,NO CONTROLS,CLEAR,DAYLIGHT,PARKING LOT,DRY,INJURY AND / OR TOW DUE TO CRASH,,DISTRACTION - FROM OUTSIDE VEHICLE,9645,S,WESTERN AVE,,"REPORTED, NOT EVIDENT",0,0,0,11,3,8,41.71777441,-87.68182251
5/9/2023 7:10,35,NO CONTROLS,CLEAR,DAYLIGHT,NOT DIVIDED,DRY,INJURY AND / OR TOW DUE TO CRASH,,UNABLE TO DETERMINE,1556,N,WELLS ST,,NONINCAPACITATING INJURY,0,0,1,7,3,5,41.9107855,-87.63484625
10/19/2018 07:40:00 AM,30,STOP SIGN/FLASHER,CLEAR,DAYLIGHT,OTHER,DRY,NO INJURY / DRIVE AWAY,,FAILING TO YIELD RIGHT-OF-WAY,500,N,ORLEANS ST,,NO INDICATION OF INJURY,0,0,0,7,6,10,41.89078188,-87.63715774
6/9/2018 20:30,30,LANE USE MARKING,CLEAR,DUSK,NOT DIVIDED,DRY,INJURY AND / OR TOW DUE TO CRASH,Y,"OPERATING VEHICLE IN ERRATIC, RECKLESS, CARELESS, NEGLIGENT OR AGGRESSIVE MANNER",6199,S,RACINE AVE,,NONINCAPACITATING INJURY,0,0,1,20,7,6,41.78152139,-87.65440688
6/5/2019 16:00,30,TRAFFIC SIGNAL,CLEAR,DAYLIGHT,NOT DIVIDED,DRY,INJURY AND / OR TOW DUE TO CRASH,,UNABLE TO DETERMINE,2201,S,HALSTED ST,,NONINCAPACITATING INJURY,0,0,1,16,4,6,41.85249876,-87.64634467
06/22/2022 08:24:00 PM,30,STOP SIGN/FLASHER,CLEAR,DUSK,T-INTERSECTION,DRY,INJURY AND / OR TOW DUE TO CRASH,Y,UNABLE TO DETERMINE,5200,S,LAKE PARK AVE,,INCAPACITATING INJURY,0,1,0,20,4,6,41.80094198,-87.58763679
5/8/2017 15:10,30,NO CONTROLS,CLEAR,DAYLIGHT,ONE-WAY,DRY,NO INJURY / DRIVE AWAY,Y,UNABLE TO DETERMINE,18,N,DEARBORN ST,,NO INDICATION OF INJURY,0,0,0,15,2,5,41.88240683,-87.62956241
2/3/2021 10:20,30,TRAFFIC SIGNAL,UNKNOWN,DAYLIGHT,FOUR WAY,UNKNOWN,NO INJURY / DRIVE AWAY,,UNABLE TO DETERMINE,3205,W,WILSON AVE,,NO INDICATION OF INJURY,0,0,0,10,4,2,41.96458596,-87.7085732
12/4/2021 13:14,30,TRAFFIC SIGNAL,CLEAR,DAYLIGHT,FOUR WAY,DRY,INJURY AND / OR TOW DUE TO CRASH,,UNABLE TO DETERMINE,1000,N,HUMBOLDT DR,,NONINCAPACITATING INJURY,0,0,1,13,7,12,41.89927701,-87.70261578
10/20/2018 10:40:00 AM,30,UNKNOWN,CLEAR,DAYLIGHT,NOT DIVIDED,DRY,NO INJURY / DRIVE AWAY,,UNABLE TO DETERMINE,530,N,ST CLAIR ST,Y,NO INDICATION OF INJURY,0,0,0,10,7,10,41.89180417,-87.62281432
7/5/2022 11:40,30,NO CONTROLS,CLEAR,DAYLIGHT,NOT DIVIDED,DRY,NO INJURY / DRIVE AWAY,,UNABLE TO DETERMINE,44,E,GRAND AVE,Y,NO INDICATION OF INJURY,0,0,0,11,3,7,41.89180016,-87.62633187
04/29/2019 04:20:00 PM,30,TRAFFIC SIGNAL,CLOUDY/OVERCAST,DAYLIGHT,ONE-WAY,DRY,NO INJURY / DRIVE AWAY,,NOT APPLICABLE,5407,N,FRANCISCO AVE,Y,NO INDICATION OF INJURY,0,0,0,16,2,4,41.979693,-87.70133316
07/31/2018 08:50:00 PM,20,NO CONTROLS,CLEAR,"DARKNESS, LIGHTED ROAD",ONE-WAY,DRY,INJURY AND / OR TOW DUE TO CRASH,Y,UNABLE TO DETERMINE,4015,W,25TH ST,,NONINCAPACITATING INJURY,0,0,1,20,3,7,41.8459607,-87.72528821
8/9/2018 18:24,0,STOP SIGN/FLASHER,CLEAR,DAYLIGHT,DIVIDED - W/MEDIAN BARRIER,UNKNOWN,NO INJURY / DRIVE AWAY,Y,UNABLE TO DETERMINE,1032,W,RANDOLPH ST,,NO INDICATION OF INJURY,0,0,0,18,5,8,41.88441409,-87.65333146
10/26/2022 01:45:00 PM,30,TRAFFIC SIGNAL,CLEAR,DAYLIGHT,FOUR WAY,DRY,INJURY AND / OR TOW DUE TO CRASH,,NOT APPLICABLE,3800,N,CLARK ST,,NONINCAPACITATING INJURY,0,0,1,13,4,10,41.95106405,-87.65979513
03/13/2022 01:41:00 PM,30,NO CONTROLS,CLEAR,DAYLIGHT,NOT DIVIDED,DRY,NO INJURY / DRIVE AWAY,Y,"EVASIVE ACTION DUE TO ANIMAL, OBJECT, NONMOTORIST",1025,W,ARMITAGE AVE,Y,NO INDICATION OF INJURY,0,0,0,13,1,3,41.91798129,-87.65434085
04/19/2023 01:45:00 PM,20,STOP SIGN/FLASHER,CLOUDY/OVERCAST,DAYLIGHT,NOT DIVIDED,UNKNOWN,NO INJURY / DRIVE AWAY,Y,FAILING TO YIELD RIGHT-OF-WAY,10000,S,AVENUE M,,NO INDICATION OF INJURY,0,0,0,13,4,4,41.71377432,-87.5378379
08/26/2023 06:15:00 PM,30,TRAFFIC SIGNAL,UNKNOWN,UNKNOWN,FOUR WAY,UNKNOWN,INJURY AND / OR TOW DUE TO CRASH,Y,FAILING TO YIELD RIGHT-OF-WAY,5100,S,KEDZIE AVE,,INCAPACITATING INJURY,0,1,0,18,7,8,41.80072726,-87.70391022
9/2/2021 14:55,25,NO CONTROLS,CLEAR,DAYLIGHT,ONE-WAY,DRY,NO INJURY / DRIVE AWAY,Y,UNABLE TO DETERMINE,8100,S,DREXEL AVE,,NO INDICATION OF INJURY,0,0,0,14,5,9,41.74755912,-87.60279634
07/28/2023 06:58:00 PM,30,TRAFFIC SIGNAL,CLEAR,DAWN,ONE-WAY,DRY,NO INJURY / DRIVE AWAY,Y,IMPROPER TURNING/NO SIGNAL,7901,S,FARRAGUT DR,,NO INDICATION OF INJURY,0,0,0,18,6,7,41.75215601,-87.54504145
8/9/2021 11:36,30,TRAFFIC SIGNAL,CLOUDY/OVERCAST,DAYLIGHT,"FIVE POINT, OR MORE",WET,INJURY AND / OR TOW DUE TO CRASH,,IMPROPER OVERTAKING/PASSING,2200,N,LINCOLN AVE,,INCAPACITATING INJURY,0,1,0,11,2,8,41.921897,-87.64401335
10/24/2018 05:45:00 PM,25,NO CONTROLS,CLEAR,DUSK,DIVIDED - W/MEDIAN (NOT RAISED),DRY,INJURY AND / OR TOW DUE TO CRASH,,IMPROPER BACKING,4300,N,MARINE DR,,NONINCAPACITATING INJURY,0,0,1,17,4,10,41.9610483,-87.64697134