CRASH_DATE,POSTED_SPEED_LIMIT,TRAFFIC_CONTROL_DEVICE,WEATHER_CONDITION,LIGHTING_CONDITION,TRAFFICWAY_TYPE,ROADWAY_SURFACE_COND,CRASH_TYPE,HIT_AND_RUN_I,PRIM_CONTRIBUTORY_CAUSE,STREET_NO,STREET_DIRECTION,STREET_NAME,DOORING_I,MOST_SEVERE_INJURY,INJURIES_FATAL,INJURIES_INCAPACITATING,INJURIES_NON_INCAPACITATING,CRASH_HOUR,CRASH_DAY_OF_WEEK,CRASH_MONTH,LATITUDE,LONGITUDE
5/9/2017 10:25,30,STOP SIGN/FLASHER,CLEAR,DAYLIGHT,NOT DIVIDED,DRY,INJURY AND / OR TOW DUE TO CRASH,,FAILING TO REDUCE SPEED TO AVOID CRASH,927,S,CICERO AVE,,INCAPACITATING INJURY,0,1,0,10,3,5,41.86866892,-87.74469291
05/26/2021 08:47:00 PM,30,NO CONTROLS,CLEAR,"DARKNESS, LIGHTED ROAD",NOT DIVIDED,DRY,NO INJURY / DRIVE AWAY,Y,"OPERATING VEHICLE IN ERRATIC, RECKLESS, CARELESS, NEGLIGENT OR AGGRESSIVE MANNER",3526,N,HALSTED ST,,NO INDICATION OF INJURY,0,0,0,20,4,5,41.94621323,-87.64959912
08/17/2021 06:30:00 PM,35,TRAFFIC SIGNAL,CLEAR,DAYLIGHT,NOT DIVIDED,DRY,INJURY AND / OR TOW DUE TO CRASH,Y,FAILING TO YIELD RIGHT-OF-WAY,6300,S,WESTERN AVE,Y,NONINCAPACITATING INJURY,0,0,1,18,3,8,41.77912348,-87.6837831
6/1/2020 15:00,30,STOP SIGN/FLASHER,CLEAR,DAYLIGHT,NOT DIVIDED,DRY,INJURY AND / OR TOW DUE TO CRASH,Y,UNABLE TO DETERMINE,4458,W,16TH ST,,NONINCAPACITATING INJURY,0,0,1,15,2,6,41.8588023,-87.73711574
06/27/2022 03:30:00 PM,25,NO CONTROLS,CLEAR,DAYLIGHT,DIVIDED - W/MEDIAN (NOT RAISED),DRY,INJURY AND / OR TOW DUE TO CRASH,,UNABLE TO DETERMINE,555,N,FRANKLIN ST,,"REPORTED, NOT EVIDENT",0,0,0,15,2,6,41.89233016,-87.63544807
06/21/2021 04:30:00 AM,30,UNKNOWN,RAIN,"DARKNESS, LIGHTED ROAD",FOUR WAY,WET,INJURY AND / OR TOW DUE TO CRASH,Y,UNABLE TO DETERMINE,1964,W,DIVERSEY PKWY,,INCAPACITATING INJURY,0,1,0,4,2,6,41.93240107,-87.67765587
04/14/2022 02:25:00 PM,30,NO CONTROLS,CLEAR,DAYLIGHT,NOT DIVIDED,DRY,INJURY AND / OR TOW DUE TO CRASH,,"VISION OBSCURED (SIGNS, TREE LIMBS, BUILDINGS, ETC.)",3358,N,SOUTHPORT AVE,,NONINCAPACITATING INJURY,0,0,1,14,5,4,41.9433702,-87.6640631
10/8/2020 9:20,25,NO CONTROLS,CLEAR,DAYLIGHT,ONE-WAY,OTHER,INJURY AND / OR TOW DUE TO CRASH,,UNABLE TO DETERMINE,2509,W,ARDMORE AVE,,NONINCAPACITATING INJURY,0,0,1,9,5,10,41.98668635,-87.69241015
2/11/2019 5:45,30,TRAFFIC SIGNAL,CLEAR,"DARKNESS, LIGHTED ROAD",DIVIDED - W/MEDIAN (NOT RAISED),SNOW OR SLUSH,INJURY AND / OR TOW DUE TO CRASH,,UNABLE TO DETERMINE,1,S,CENTRAL AVE,,NONINCAPACITATING INJURY,0,0,1,5,2,2,41.88019686,-87.76471639
08/21/2018 01:05:00 PM,30,TRAFFIC SIGNAL,CLEAR,DAYLIGHT,NOT DIVIDED,DRY,INJURY AND / OR TOW DUE TO CRASH,,FAILING TO YIELD RIGHT-OF-WAY,100,E,18TH ST,,NONINCAPACITATING INJURY,0,0,1,13,3,8,41.85798826,-87.62389466
07/29/2021 08:33:00 AM,30,TRAFFIC SIGNAL,CLEAR,DAYLIGHT,FOUR WAY,DRY,INJURY AND / OR TOW DUE TO CRASH,Y,DISREGARDING ROAD MARKINGS,800,S,STATE ST,Y,NONINCAPACITATING INJURY,0,0,1,8,5,7,41.87174062,-87.62767068
02/27/2021 10:30:00 AM,30,NO CONTROLS,CLEAR,DAYLIGHT,ONE-WAY,DRY,INJURY AND / OR TOW DUE TO CRASH,Y,FAILING TO REDUCE SPEED TO AVOID CRASH,1016,W,ARDMORE AVE,,NONINCAPACITATING INJURY,0,0,1,10,7,2,41.98745344,-87.65606265
02/26/2018 05:30:00 PM,30,NO CONTROLS,CLEAR,DAYLIGHT,NOT DIVIDED,DRY,NO INJURY / DRIVE AWAY,,UNABLE TO DETERMINE,1040,W,LAWRENCE AVE,,NO INDICATION OF INJURY,0,0,0,17,2,2,41.96917694,-87.65645146
3/10/2021 16:00,30,NO CONTROLS,CLEAR,DAYLIGHT,NOT DIVIDED,DRY,INJURY AND / OR TOW DUE TO CRASH,Y,IMPROPER OVERTAKING/PASSING,7129,W,TALCOTT AVE,,NONINCAPACITATING INJURY,0,0,1,16,4,3,41.98477287,-87.80485242
10/6/2022 7:46,30,STOP SIGN/FLASHER,CLOUDY/OVERCAST,DAYLIGHT,T-INTERSECTION,DRY,NO INJURY / DRIVE AWAY,,FAILING TO YIELD RIGHT-OF-WAY,1828,W,PERSHING RD,,NO INDICATION OF INJURY,0,0,0,7,5,10,41.82339469,-87.67135863
7/4/2020 16:00,30,NO CONTROLS,CLEAR,DAYLIGHT,DIVIDED - W/MEDIAN (NOT RAISED),DRY,NO INJURY / DRIVE AWAY,,IMPROPER TURNING/NO SIGNAL,500,E,79TH ST,,NO INDICATION OF INJURY,0,0,0,16,7,7,41.75126944,-87.61244436
9/8/2022 14:31,30,TRAFFIC SIGNAL,CLEAR,DAYLIGHT,FOUR WAY,DRY,INJURY AND / OR TOW DUE TO CRASH,,FAILING TO YIELD RIGHT-OF-WAY,1600,W,WILSON AVE,,NONINCAPACITATING INJURY,0,0,1,14,5,9,41.96534186,-87.66943013
09/24/2021 07:41:00 AM,30,NO CONTROLS,CLEAR,DAYLIGHT,NOT DIVIDED,DRY,INJURY AND / OR TOW DUE TO CRASH,,FAILING TO YIELD RIGHT-OF-WAY,1920,W,PRATT BLVD,,NONINCAPACITATING INJURY,0,0,1,7,6,9,42.00534761,-87.67879222
8/1/2019 19:18,25,NO CONTROLS,CLEAR,DUSK,ONE-WAY,DRY,INJURY AND / OR TOW DUE TO CRASH,N,UNABLE TO DETERMINE,6241,S,SPAULDING AVE,,NONINCAPACITATING INJURY,0,0,1,19,5,8,41.77960612,-87.70543314
07/13/2023 09:40:00 PM,30,UNKNOWN,CLEAR,DARKNESS,NOT DIVIDED,UNKNOWN,INJURY AND / OR TOW DUE TO CRASH,Y,DRIVING SKILLS/KNOWLEDGE/EXPERIENCE,125,W,NORTH AVE,,"REPORTED, NOT EVIDENT",0,0,0,21,5,7,41.91105221,-87.63276987
6/2/2018 18:37,30,UNKNOWN,CLEAR,DAYLIGHT,DIVIDED - W/MEDIAN (NOT RAISED),DRY,INJURY AND / OR TOW DUE TO CRASH,,FAILING TO YIELD RIGHT-OF-WAY,7500,S,NORMAL AVE,,NONINCAPACITATING INJURY,0,0,1,18,7,6,41.75797791,-87.63713417
11/6/2020 15:44,30,NO CONTROLS,CLEAR,DAYLIGHT,NOT DIVIDED,DRY,NO INJURY / DRIVE AWAY,,IMPROPER BACKING,3400,N,DAMEN AVE,,NO INDICATION OF INJURY,0,0,0,15,6,11,41.94325853,-87.67860138
4/6/2016 11:30,30,UNKNOWN,RAIN,DAYLIGHT,DIVIDED - W/MEDIAN BARRIER,WET,INJURY AND / OR TOW DUE TO CRASH,,UNABLE TO DETERMINE,579,W,KINZIE ST,,NONINCAPACITATING INJURY,0,0,1,11,4,4,41.88893983,-87.64279889
11/5/2022 12:28,30,TRAFFIC SIGNAL,RAIN,DAYLIGHT,NOT DIVIDED,WET,NO INJURY / DRIVE AWAY,,DISREGARDING OTHER TRAFFIC SIGNS,337,W,DIVISION ST,,NO INDICATION OF INJURY,0,0,0,12,7,11,41.90369472,-87.63742453
11/16/2018 11:50:00 AM,30,NO CONTROLS,CLOUDY/OVERCAST,DAYLIGHT,DIVIDED - W/MEDIAN (NOT RAISED),DRY,INJURY AND / OR TOW DUE TO CRASH,,FOLLOWING TOO CLOSELY,7600,S,KEDZIE AVE,,INCAPACITATING INJURY,0,1,0,11,6,11,41.75517853,-87.70269571
9/7/2023 9:14,30,TRAFFIC SIGNAL,CLEAR,DAYLIGHT,FOUR WAY,DRY,INJURY AND / OR TOW DUE TO CRASH,,UNABLE TO DETERMINE,780,N,MILWAUKEE AVE,,NONINCAPACITATING INJURY,0,0,1,9,5,9,41.89579624,-87.6549536
10/18/2023 09:40:00 AM,30,UNKNOWN,CLEAR,DAYLIGHT,NOT DIVIDED,DRY,INJURY AND / OR TOW DUE TO CRASH,,NOT APPLICABLE,280,W,87TH ST,N,NONINCAPACITATING INJURY,0,0,3,9,4,10,41.7361207,-87.63107174
09/18/2020 01:25:00 PM,30,STOP SIGN/FLASHER,CLEAR,DAYLIGHT,NOT DIVIDED,DRY,NO INJURY / DRIVE AWAY,,FAILING TO YIELD RIGHT-OF-WAY,4700,S,PAULINA ST,,NO INDICATION OF INJURY,0,0,0,13,6,9,41.80848825,-87.66753974
6/11/2020 16:00,30,NO CONTROLS,CLEAR,DAYLIGHT,NOT DIVIDED,DRY,NO INJURY / DRIVE AWAY,,UNABLE TO DETERMINE,2274,N,MILWAUKEE AVE,,NO INDICATION OF INJURY,0,0,0,16,5,6,41.92223872,-87.69651057
09/22/2020 04:06:00 PM,30,TRAFFIC SIGNAL,CLEAR,DAYLIGHT,DIVIDED - W/MEDIAN (NOT RAISED),DRY,INJURY AND / OR TOW DUE TO CRASH,,NOT APPLICABLE,4958,N,DAMEN AVE,,NONINCAPACITATING INJURY,0,0,1,16,3,9,41.97230416,-87.67944035
10/4/2019 8:00,15,NO CONTROLS,CLEAR,DAYLIGHT,ALLEY,DRY,INJURY AND / OR TOW DUE TO CRASH,Y,FAILING TO REDUCE SPEED TO AVOID CRASH,4354,W,WRIGHTWOOD AVE,,NONINCAPACITATING INJURY,0,0,1,8,6,10,41.92810352,-87.7364919
3/6/2021 13:05,35,NO CONTROLS,CLEAR,DAYLIGHT,NOT DIVIDED,DRY,INJURY AND / OR TOW DUE TO CRASH,,FAILING TO YIELD RIGHT-OF-WAY,1202,W,59TH ST,,NONINCAPACITATING INJURY,0,0,1,13,7,3,41.78699394,-87.65483871
08/27/2020 05:23:00 PM,35,TRAFFIC SIGNAL,CLEAR,DAYLIGHT,DIVIDED - W/MEDIAN (NOT RAISED),DRY,INJURY AND / OR TOW DUE TO CRASH,Y,FAILING TO YIELD RIGHT-OF-WAY,4759,W,AUGUSTA BLVD,,NONINCAPACITATING INJURY,0,0,1,17,5,8,41.89858337,-87.7457668
10/3/2019 18:45,35,TRAFFIC SIGNAL,CLEAR,"DARKNESS, LIGHTED ROAD",NOT DIVIDED,DRY,NO INJURY / DRIVE AWAY,,UNABLE TO DETERMINE,1229,N,ASHLAND AVE,,NO INDICATION OF INJURY,0,0,0,18,5,10,41.90428854,-87.66737359
11/1/2023 18:28,30,TRAFFIC SIGNAL,CLEAR,"DARKNESS, LIGHTED ROAD",Y-INTERSECTION,WET,INJURY AND / OR TOW DUE TO CRASH,,IMPROPER TURNING/NO SIGNAL,3799,N,BROADWAY,,NONINCAPACITATING INJURY,0,0,1,18,4,11,41.95117974,-87.64944262
06/30/2021 12:58:00 PM,35,OTHER,RAIN,DAYLIGHT,DIVIDED - W/MEDIAN BARRIER,WET,NO INJURY / DRIVE AWAY,,IMPROPER OVERTAKING/PASSING,550,W,ROOSEVELT RD,,NO INDICATION OF INJURY,0,0,0,12,4,6,41.86734445,-87.64123828
12/24/2022 04:46:00 PM,30,NO CONTROLS,SNOW,"DARKNESS, LIGHTED ROAD",NOT DIVIDED,SNOW OR SLUSH,INJURY AND / OR TOW DUE TO CRASH,,IMPROPER OVERTAKING/PASSING,1921,W,HOWARD ST,,NONINCAPACITATING INJURY,0,0,1,16,7,12,42.01932424,-87.67859964
10/3/2022 14:45,20,NO CONTROLS,CLEAR,DAYLIGHT,NOT DIVIDED,DRY,INJURY AND / OR TOW DUE TO CRASH,Y,NOT APPLICABLE,1401,W,ADDISON ST,Y,NONINCAPACITATING INJURY,0,0,1,14,2,10,41.94695716,-87.66407266
8/8/2018 21:10,30,TRAFFIC SIGNAL,CLEAR,DARKNESS,ONE-WAY,DRY,NO INJURY / DRIVE AWAY,,DISREGARDING ROAD MARKINGS,758,N,DEARBORN ST,,NO INDICATION OF INJURY,0,0,0,21,4,8,41.89660432,-87.62992077
08/19/2020 03:00:00 PM,30,STOP SIGN/FLASHER,CLEAR,DAYLIGHT,DIVIDED - W/MEDIAN (NOT RAISED),DRY,INJURY AND / OR TOW DUE TO CRASH,,UNABLE TO DETERMINE,2500,N,LARAMIE AVE,,NONINCAPACITATING INJURY,0,0,1,15,4,8,41.92600643,-87.75636298
08/15/2018 01:30:00 AM,30,NO CONTROLS,CLEAR,"DARKNESS, LIGHTED ROAD",NOT DIVIDED,DRY,INJURY AND / OR TOW DUE TO CRASH,Y,IMPROPER BACKING,7923,S,HALSTED ST,,NONINCAPACITATING INJURY,0,0,1,1,4,8,41.74993146,-87.64387713
5/11/2022 19:30,30,NO CONTROLS,CLEAR,DARKNESS,DIVIDED - W/MEDIAN (NOT RAISED),DRY,INJURY AND / OR TOW DUE TO CRASH,Y,"OPERATING VEHICLE IN ERRATIC, RECKLESS, CARELESS, NEGLIGENT OR AGGRESSIVE MANNER",1757,W,TOUHY AVE,,NONINCAPACITATING INJURY,0,0,1,19,4,5,42.0125284,-87.67451953
9/3/2020 17:59,25,NO CONTROLS,CLEAR,DAYLIGHT,ONE-WAY,DRY,INJURY AND / OR TOW DUE TO CRASH,Y,UNABLE TO DETERMINE,32,N,LONG AVE,,NONINCAPACITATING INJURY,0,0,1,17,5,9,41.88127583,-87.76030042
08/14/2017 08:45:00 PM,15,NO CONTROLS,CLEAR,"DARKNESS, LIGHTED ROAD",ALLEY,DRY,INJURY AND / OR TOW DUE TO CRASH,Y,FAILING TO YIELD RIGHT-OF-WAY,5915,S,KEDZIE AVE,,NONINCAPACITATING INJURY,0,0,1,20,2,8,41.7857777,-87.70318982
8/9/2019 20:17,30,STOP SIGN/FLASHER,CLEAR,DAWN,DIVIDED - W/MEDIAN (NOT RAISED),DRY,NO INJURY / DRIVE AWAY,,UNABLE TO DETERMINE,2299,W,WINNEMAC AVE,,NO INDICATION OF INJURY,0,0,0,20,6,8,41.97295956,-87.68650547
1/7/2019 17:00,30,NO CONTROLS,RAIN,DARKNESS,NOT DIVIDED,WET,NO INJURY / DRIVE AWAY,,FAILING TO YIELD RIGHT-OF-WAY,3700,W,69TH PL,,NO INDICATION OF INJURY,0,0,0,17,2,1,41.76704103,-87.71524133
10/7/2019 15:24,30,NO CONTROLS,CLEAR,DAYLIGHT,NOT DIVIDED,DRY,INJURY AND / OR TOW DUE TO CRASH,,FAILING TO YIELD RIGHT-OF-WAY,3800,W,THOMAS ST,,NONINCAPACITATING INJURY,0,0,1,15,2,10,41.90099801,-87.72143571
04/26/2018 04:44:00 PM,30,STOP SIGN/FLASHER,CLEAR,DAYLIGHT,ONE-WAY,DRY,INJURY AND / OR TOW DUE TO CRASH,,FAILING TO YIELD RIGHT-OF-WAY,5200,S,WHIPPLE ST,,NONINCAPACITATING INJURY,0,0,1,16,5,4,41.79896266,-87.70019722
6/2/2022 8:39,30,NO CONTROLS,CLEAR,DAYLIGHT,NOT DIVIDED,DRY,INJURY AND / OR TOW DUE TO CRASH,,UNABLE TO DETERMINE,1020,W,LAWRENCE AVE,,NONINCAPACITATING INJURY,0,0,1,8,5,6,41.96918743,-87.65573365
08/20/2021 09:00:00 PM,30,UNKNOWN,UNKNOWN,"DARKNESS, LIGHTED ROAD",DIVIDED - W/MEDIAN (NOT RAISED),UNKNOWN,INJURY AND / OR TOW DUE TO CRASH,,UNABLE TO DETERMINE,1777,W,MONTROSE AVE,N,"REPORTED, NOT EVIDENT",0,0,0,21,6,8,41.96141771,-87.67389381
8/11/2020 23:50,30,NO CONTROLS,CLEAR,"DARKNESS, LIGHTED ROAD",DIVIDED - W/MEDIAN (NOT RAISED),DRY,INJURY AND / OR TOW DUE TO CRASH,Y,FAILING TO YIELD RIGHT-OF-WAY,2909,N,SHERIDAN RD,,NONINCAPACITATING INJURY,0,0,1,23,3,8,41.93465046,-87.63921238
3/3/2021 18:20,30,TRAFFIC SIGNAL,CLEAR,"DARKNESS, LIGHTED ROAD",ONE-WAY,DRY,NO INJURY / DRIVE AWAY,,UNABLE TO DETERMINE,6300,S,ROCKWELL ST,,NO INDICATION OF INJURY,0,0,0,18,4,3,41.77909355,-87.68866809
07/26/2022 05:05:00 PM,30,NO CONTROLS,CLEAR,"DARKNESS, LIGHTED ROAD",NOT DIVIDED,DRY,INJURY AND / OR TOW DUE TO CRASH,,"VISION OBSCURED (SIGNS, TREE LIMBS, BUILDINGS, ETC.)",2352,N,DAMEN AVE,,NONINCAPACITATING INJURY,0,0,1,17,3,7,41.92434297,-87.67800989
04/13/2023 05:30:00 PM,30,TRAFFIC SIGNAL,CLEAR,DAYLIGHT,DIVIDED - W/MEDIAN (NOT RAISED),DRY,NO INJURY / DRIVE AWAY,,UNABLE TO DETERMINE,4557,N,DAMEN AVE,,NO INDICATION OF INJURY,0,0,0,17,5,4,41.96499783,-87.678934
04/26/2019 07:58:00 AM,30,TRAFFIC SIGNAL,CLEAR,DAYLIGHT,NOT DIVIDED,DRY,INJURY AND / OR TOW DUE TO CRASH,Y,FAILING TO YIELD RIGHT-OF-WAY,6301,S,MORGAN ST,,NONINCAPACITATING INJURY,0,0,1,7,6,4,41.77958567,-87.6494939
9/2/2022 20:25,30,NO CONTROLS,CLEAR,"DARKNESS, LIGHTED ROAD",NOT DIVIDED,DRY,INJURY AND / OR TOW DUE TO CRASH,,DRIVING SKILLS/KNOWLEDGE/EXPERIENCE,2915,N,SHEFFIELD AVE,Y,NONINCAPACITATING INJURY,0,0,1,20,6,9,41.93493966,-87.65379018
10/11/2016 7:20,30,NO CONTROLS,CLEAR,DAYLIGHT,NOT DIVIDED,DRY,NO INJURY / DRIVE AWAY,,UNABLE TO DETERMINE,20,E,KINZIE ST,Y,NO INDICATION OF INJURY,0,0,0,7,3,10,41.88938089,-87.62722917
11/20/2020 05:05:00 PM,30,UNKNOWN,UNKNOWN,UNKNOWN,FOUR WAY,UNKNOWN,NO INJURY / DRIVE AWAY,Y,UNABLE TO DETERMINE,6800,N,CLARK ST,,NO INDICATION OF INJURY,0,0,0,17,6,11,42.00536657,-87.67326201
06/13/2018 06:30:00 PM,20,NO CONTROLS,UNKNOWN,DAYLIGHT,DIVIDED - W/MEDIAN (NOT RAISED),UNKNOWN,INJURY AND / OR TOW DUE TO CRASH,,UNABLE TO DETERMINE,1853,W,TOUHY AVE,,NONINCAPACITATING INJURY,0,0,1,18,4,6,42.0124685,-87.67797303
6/12/2018 18:14,30,TRAFFIC SIGNAL,UNKNOWN,UNKNOWN,NOT DIVIDED,UNKNOWN,NO INJURY / DRIVE AWAY,,NOT APPLICABLE,515,N,WABASH AVE,Y,NO INDICATION OF INJURY,0,0,0,18,3,6,41.89143511,-87.62656224
06/22/2019 04:50:00 PM,30,NO CONTROLS,CLEAR,DAYLIGHT,NOT DIVIDED,DRY,INJURY AND / OR TOW DUE TO CRASH,Y,UNABLE TO DETERMINE,3706,N,SOUTHPORT AVE,Y,NONINCAPACITATING INJURY,0,0,1,16,7,6,41.94914776,-87.66422179
1/8/2019 10:25,30,OTHER,CLOUDY/OVERCAST,DAYLIGHT,OTHER,DRY,INJURY AND / OR TOW DUE TO CRASH,,FAILING TO REDUCE SPEED TO AVOID CRASH,6399,N,WHIPPLE ST,,NONINCAPACITATING INJURY,0,0,1,10,3,1,41.99737731,-87.70556854
7/9/2023 17:00,30,NO CONTROLS,UNKNOWN,UNKNOWN,NOT DIVIDED,UNKNOWN,INJURY AND / OR TOW DUE TO CRASH,Y,UNABLE TO DETERMINE,4520,N,SHERIDAN RD,,NONINCAPACITATING INJURY,0,0,1,17,1,7,41.9642294,-87.65492042
08/20/2018 07:16:00 AM,30,STOP SIGN/FLASHER,CLEAR,DAYLIGHT,DIVIDED - W/MEDIAN (NOT RAISED),DRY,INJURY AND / OR TOW DUE TO CRASH,Y,FAILING TO YIELD RIGHT-OF-WAY,134,N,HOYNE AVE,,NONINCAPACITATING INJURY,0,0,1,7,2,8,41.88422647,-87.67930894
09/28/2018 09:00:00 PM,30,TRAFFIC SIGNAL,CLEAR,"DARKNESS, LIGHTED ROAD",ONE-WAY,DRY,INJURY AND / OR TOW DUE TO CRASH,,BICYCLE ADVANCING LEGALLY ON RED LIGHT,5200,W,OHIO ST,,"REPORTED, NOT EVIDENT",0,0,0,21,6,9,41.89130506,-87.75552389
11/26/2021 04:35:00 PM,30,TRAFFIC SIGNAL,CLOUDY/OVERCAST,"DARKNESS, LIGHTED ROAD",NOT DIVIDED,DRY,INJURY AND / OR TOW DUE TO CRASH,Y,FAILING TO YIELD RIGHT-OF-WAY,1001,N,PULASKI RD,,"REPORTED, NOT EVIDENT",0,0,0,16,6,11,41.89911373,-87.7260488
06/26/2022 06:23:00 PM,30,TRAFFIC SIGNAL,CLEAR,DAYLIGHT,NOT DIVIDED,DRY,NO INJURY / DRIVE AWAY,Y,FAILING TO YIELD RIGHT-OF-WAY,2001,N,MILWAUKEE AVE,,NO INDICATION OF INJURY,0,0,0,18,1,6,41.91766694,-87.68853418
12/25/2020 05:35:00 PM,30,TRAFFIC SIGNAL,CLEAR,"DARKNESS, LIGHTED ROAD",NOT DIVIDED,DRY,INJURY AND / OR TOW DUE TO CRASH,,FAILING TO YIELD RIGHT-OF-WAY,7370,N,CLARK ST,,INCAPACITATING INJURY,0,1,0,17,6,12,42.01573533,-87.67530443
09/17/2017 09:15:00 AM,30,NO CONTROLS,CLEAR,DARKNESS,NOT DIVIDED,DRY,INJURY AND / OR TOW DUE TO CRASH,,FAILING TO YIELD RIGHT-OF-WAY,7100,S,INDIANA AVE,,NONINCAPACITATING INJURY,0,0,1,9,1,9,41.76551904,-87.62022786
03/27/2018 04:00:00 PM,30,TRAFFIC SIGNAL,CLEAR,DAYLIGHT,NOT DIVIDED,DRY,INJURY AND / OR TOW DUE TO CRASH,,IMPROPER TURNING/NO SIGNAL,1570,N,MILWAUKEE AVE,,NONINCAPACITATING INJURY,0,0,1,16,3,3,41.90995056,-87.67702437
09/13/2020 03:36:00 PM,30,NO CONTROLS,CLEAR,DAYLIGHT,DIVIDED - W/MEDIAN (NOT RAISED),DRY,INJURY AND / OR TOW DUE TO CRASH,Y,FOLLOWING TOO CLOSELY,2140,N,LARAMIE AVE,Y,NONINCAPACITATING INJURY,0,0,1,15,1,9,41.91986082,-87.75617195
1/7/2020 16:30,30,NO CONTROLS,CLEAR,DUSK,DIVIDED - W/MEDIAN (NOT RAISED),DRY,INJURY AND / OR TOW DUE TO CRASH,Y,NOT APPLICABLE,1550,N,MILWAUKEE AVE,Y,NONINCAPACITATING INJURY,0,0,1,16,3,1,41.90959687,-87.67647151
08/31/2022 03:10:00 PM,35,NO CONTROLS,CLEAR,DAYLIGHT,DIVIDED - W/MEDIAN (NOT RAISED),DRY,NO INJURY / DRIVE AWAY,,UNABLE TO DETERMINE,9923,S,VINCENNES AVE,,NO INDICATION OF INJURY,0,0,0,15,4,8,41.71333985,-87.65343959
8/2/2023 23:53,30,TRAFFIC SIGNAL,CLEAR,"DARKNESS, LIGHTED ROAD",DIVIDED - W/MEDIAN BARRIER,DRY,INJURY AND / OR TOW DUE TO CRASH,,DISREGARDING TRAFFIC SIGNALS,523,N,LA SALLE DR,,NONINCAPACITATING INJURY,0,0,1,23,4,8,41.89156689,-87.63243343
10/24/2020 12:45:00 PM,15,NO CONTROLS,CLEAR,DAYLIGHT,DIVIDED - W/MEDIAN (NOT RAISED),DRY,INJURY AND / OR TOW DUE TO CRASH,Y,TEXTING,1500,W,CORTLAND ST,,NONINCAPACITATING INJURY,0,0,1,12,7,10,41.91680039,-87.66543259
07/22/2022 07:20:00 AM,30,TRAFFIC SIGNAL,CLEAR,DAYLIGHT,FOUR WAY,DRY,INJURY AND / OR TOW DUE TO CRASH,,FAILING TO YIELD RIGHT-OF-WAY,1200,S,LOOMIS ST,,NONINCAPACITATING INJURY,0,0,1,7,6,7,41.86687177,-87.66171633
8/10/2019 7:50,30,TRAFFIC SIGNAL,CLEAR,DAYLIGHT,FOUR WAY,DRY,INJURY AND / OR TOW DUE TO CRASH,,DISREGARDING TRAFFIC SIGNALS,100,N,JEFFERSON ST,,NONINCAPACITATING INJURY,0,0,1,7,7,8,41.88323332,-87.64284806
6/2/2017 13:02,30,STOP SIGN/FLASHER,CLEAR,DAYLIGHT,DIVIDED - W/MEDIAN BARRIER,DRY,INJURY AND / OR TOW DUE TO CRASH,,FAILING TO YIELD RIGHT-OF-WAY,400,W,WILSON DR,,NONINCAPACITATING INJURY,0,0,1,13,6,6,41.96668538,-87.64308805
09/28/2015 08:58:00 AM,30,STOP SIGN/FLASHER,CLEAR,DAYLIGHT,NOT DIVIDED,DRY,INJURY AND / OR TOW DUE TO CRASH,,FAILING TO YIELD RIGHT-OF-WAY,600,N,MILWAUKEE AVE,,NONINCAPACITATING INJURY,0,0,1,8,2,9,41.89268676,-87.65012127
10/6/2017 17:39,30,NO CONTROLS,RAIN,"DARKNESS, LIGHTED ROAD",NOT DIVIDED,WET,INJURY AND / OR TOW DUE TO CRASH,,FAILING TO YIELD RIGHT-OF-WAY,2611,S,HALSTED ST,,NONINCAPACITATING INJURY,0,0,1,17,6,10,41.84498366,-87.64629546
3/6/2023 0:35,30,TRAFFIC SIGNAL,RAIN,"DARKNESS, LIGHTED ROAD",FOUR WAY,WET,INJURY AND / OR TOW DUE TO CRASH,,UNABLE TO DETERMINE,7158,W,NORTH AVE,,INCAPACITATING INJURY,0,1,0,0,2,3,41.90898946,-87.80436284
09/20/2018 08:35:00 PM,20,TRAFFIC SIGNAL,CLEAR,"DARKNESS, LIGHTED ROAD",NOT DIVIDED,DRY,INJURY AND / OR TOW DUE TO CRASH,,UNABLE TO DETERMINE,631,W,FULTON ST,,NONINCAPACITATING INJURY,0,0,1,20,5,9,41.88669488,-87.64420192
11/15/2018 05:15:00 PM,30,STOP SIGN/FLASHER,UNKNOWN,"DARKNESS, LIGHTED ROAD",NOT DIVIDED,UNKNOWN,NO INJURY / DRIVE AWAY,,FAILING TO YIELD RIGHT-OF-WAY,498,N,RACINE AVE,,NO INDICATION OF INJURY,0,0,0,17,5,11,41.89102404,-87.65753206
12/1/2022 19:15,30,NO CONTROLS,CLEAR,"DARKNESS, LIGHTED ROAD",NOT DIVIDED,DRY,NO INJURY / DRIVE AWAY,,DRIVING SKILLS/KNOWLEDGE/EXPERIENCE,3406,N,HALSTED ST,Y,NO INDICATION OF INJURY,0,0,0,19,5,12,41.94384895,-87.64952878
6/8/2020 15:40,30,NO CONTROLS,CLEAR,DAYLIGHT,NOT DIVIDED,DRY,INJURY AND / OR TOW DUE TO CRASH,,FAILING TO YIELD RIGHT-OF-WAY,1150,W,TAYLOR ST,Y,NONINCAPACITATING INJURY,0,0,1,15,2,6,41.86953354,-87.65626098