CRASH_DATE,POSTED_SPEED_LIMIT,TRAFFIC_CONTROL_DEVICE,WEATHER_CONDITION,LIGHTING_CONDITION,TRAFFICWAY_TYPE,ROADWAY_SURFACE_COND,CRASH_TYPE,HIT_AND_RUN_I,PRIM_CONTRIBUTORY_CAUSE,STREET_NO,STREET_DIRECTION,STREET_NAME,DOORING_I,MOST_SEVERE_INJURY,INJURIES_FATAL,INJURIES_INCAPACITATING,INJURIES_NON_INCAPACITATING,CRASH_HOUR,CRASH_DAY_OF_WEEK,CRASH_MONTH,LATITUDE,LONGITUDE
12/3/2019 9:30,25,NO CONTROLS,CLEAR,DAYLIGHT,NOT DIVIDED,DRY,NO INJURY / DRIVE AWAY,,UNABLE TO DETERMINE,520,N,HALSTED ST,,NO INDICATION OF INJURY,0,0,0,9,3,12,41.89188849,-87.64776463
8/2/2021 8:00,30,UNKNOWN,CLEAR,DAYLIGHT,NOT DIVIDED,DRY,INJURY AND / OR TOW DUE TO CRASH,Y,UNABLE TO DETERMINE,200,S,WABASH AVE,,"REPORTED, NOT EVIDENT",0,0,0,8,2,8,41.87945489,-87.62627048
10/6/2021 8:15,20,NO CONTROLS,CLEAR,DAYLIGHT,ALLEY,DRY,INJURY AND / OR TOW DUE TO CRASH,,FAILING TO YIELD RIGHT-OF-WAY,5400,S,SAYRE AVE,,"REPORTED, NOT EVIDENT",0,0,0,8,4,10,41.79392208,-87.79665489
02/27/2023 05:15:00 PM,30,NO CONTROLS,CLEAR,DAYLIGHT,NOT DIVIDED,DRY,NO INJURY / DRIVE AWAY,Y,"OPERATING VEHICLE IN ERRATIC, RECKLESS, CARELESS, NEGLIGENT OR AGGRESSIVE MANNER",1520,N,DAMEN AVE,,NO INDICATION OF INJURY,0,0,0,17,2,2,41.9089214,-87.6775678
10/14/2016 05:00:00 PM,30,NO CONTROLS,CLEAR,DAYLIGHT,NOT DIVIDED,DRY,NO INJURY / DRIVE AWAY,Y,UNABLE TO DETERMINE,2725,N,DAMEN AVE,Y,NO INDICATION OF INJURY,0,0,0,17,6,10,41.93050672,-87.67817276
08/28/2020 06:05:00 PM,25,TRAFFIC SIGNAL,CLEAR,"DARKNESS, LIGHTED ROAD",T-INTERSECTION,DRY,NO INJURY / DRIVE AWAY,,NOT APPLICABLE,10258,S,MAPLEWOOD AVE,N,NO INDICATION OF INJURY,0,0,0,18,6,8,41.70642279,-87.68548136
06/22/2017 08:55:00 PM,30,NO CONTROLS,CLEAR,"DARKNESS, LIGHTED ROAD",NOT DIVIDED,DRY,INJURY AND / OR TOW DUE TO CRASH,,DRIVING SKILLS/KNOWLEDGE/EXPERIENCE,1815,W,PRATT BLVD,,NONINCAPACITATING INJURY,0,0,1,20,5,6,42.00518113,-87.67594853
06/26/2018 07:23:00 PM,30,NO CONTROLS,RAIN,DUSK,NOT DIVIDED,WET,INJURY AND / OR TOW DUE TO CRASH,,"VISION OBSCURED (SIGNS, TREE LIMBS, BUILDINGS, ETC.)",1700,E,53RD ST,Y,NONINCAPACITATING INJURY,0,0,1,19,3,6,41.7997291,-87.58397499
11/17/2021 03:00:00 PM,30,NO CONTROLS,RAIN,DAYLIGHT,DIVIDED - W/MEDIAN (NOT RAISED),WET,NO INJURY / DRIVE AWAY,Y,UNABLE TO DETERMINE,4700,W,WASHINGTON BLVD,,NO INDICATION OF INJURY,0,0,0,15,4,11,41.88195489,-87.74299758
10/20/2022 09:00:00 PM,25,NO CONTROLS,UNKNOWN,DARKNESS,NOT DIVIDED,UNKNOWN,NO INJURY / DRIVE AWAY,,UNABLE TO DETERMINE,200,S,PEORIA ST,,NO INDICATION OF INJURY,0,0,0,21,5,10,41.87911367,-87.64976331
06/14/2021 05:15:00 PM,30,NO CONTROLS,CLEAR,DAYLIGHT,NOT DIVIDED,DRY,INJURY AND / OR TOW DUE TO CRASH,,FAILING TO YIELD RIGHT-OF-WAY,3600,W,63RD ST,,NONINCAPACITATING INJURY,0,0,1,17,2,6,41.77892802,-87.71329455
5/12/2018 14:00,30,TRAFFIC SIGNAL,RAIN,DAYLIGHT,NOT DIVIDED,WET,INJURY AND / OR TOW DUE TO CRASH,,IMPROPER LANE USAGE,3948,N,SHERIDAN RD,,NONINCAPACITATING INJURY,0,0,1,14,7,5,41.95416858,-87.65468311
08/22/2019 06:54:00 AM,30,NO CONTROLS,CLEAR,DAYLIGHT,NOT DIVIDED,DRY,INJURY AND / OR TOW DUE TO CRASH,,DISREGARDING ROAD MARKINGS,3919,W,DIVISION ST,,NONINCAPACITATING INJURY,0,0,1,6,5,8,41.90257541,-87.72474593
09/28/2022 08:42:00 AM,30,NO CONTROLS,CLEAR,DAYLIGHT,NOT DIVIDED,DRY,INJURY AND / OR TOW DUE TO CRASH,,FAILING TO YIELD RIGHT-OF-WAY,69,W,DIVISION ST,,"REPORTED, NOT EVIDENT",0,0,0,8,4,9,41.9037924,-87.63136871
05/25/2018 07:00:00 PM,30,TRAFFIC SIGNAL,CLEAR,DAYLIGHT,DIVIDED - W/MEDIAN (NOT RAISED),DRY,NO INJURY / DRIVE AWAY,Y,IMPROPER LANE USAGE,414,W,DIVISION ST,,NO INDICATION OF INJURY,0,0,0,19,6,5,41.90389173,-87.63900425
09/29/2021 05:45:00 PM,30,TRAFFIC SIGNAL,CLEAR,DAYLIGHT,NOT DIVIDED,DRY,INJURY AND / OR TOW DUE TO CRASH,Y,UNABLE TO DETERMINE,198,N,CICERO AVE,,NONINCAPACITATING INJURY,0,0,1,17,4,9,41.88438365,-87.74556826
05/16/2023 07:49:00 AM,30,TRAFFIC SIGNAL,CLEAR,DAYLIGHT,FOUR WAY,DRY,INJURY AND / OR TOW DUE TO CRASH,,UNABLE TO DETERMINE,1200,W,HOLLYWOOD AVE,,NONINCAPACITATING INJURY,0,0,1,7,3,5,41.98557605,-87.66017649
9/6/2017 14:15,30,TRAFFIC SIGNAL,CLEAR,DAYLIGHT,NOT DIVIDED,DRY,NO INJURY / DRIVE AWAY,Y,DISREGARDING TRAFFIC SIGNALS,758,N,HOMAN AVE,,NO INDICATION OF INJURY,0,0,0,14,4,9,41.89541263,-87.71158005
09/17/2021 08:00:00 AM,30,NO CONTROLS,CLEAR,DAYLIGHT,DIVIDED - W/MEDIAN (NOT RAISED),DRY,INJURY AND / OR TOW DUE TO CRASH,,FAILING TO YIELD RIGHT-OF-WAY,7255,N,RIDGE BLVD,Y,NONINCAPACITATING INJURY,0,0,1,8,6,9,42.01386326,-87.68347629
7/7/2018 20:54,30,NO CONTROLS,CLEAR,"DARKNESS, LIGHTED ROAD",ONE-WAY,DRY,INJURY AND / OR TOW DUE TO CRASH,,UNABLE TO DETERMINE,2800,S,KEDZIE AVE,,NONINCAPACITATING INJURY,0,0,1,20,7,7,41.84080965,-87.70507495
06/30/2019 11:50:00 AM,30,NO CONTROLS,CLEAR,DAYLIGHT,NOT DIVIDED,DRY,INJURY AND / OR TOW DUE TO CRASH,,FAILING TO YIELD RIGHT-OF-WAY,3935,N,SHERIDAN RD,Y,NONINCAPACITATING INJURY,0,0,1,11,1,6,41.95369176,-87.65437541
5/6/2022 15:40,30,NO CONTROLS,UNKNOWN,UNKNOWN,NOT DIVIDED,UNKNOWN,INJURY AND / OR TOW DUE TO CRASH,Y,UNABLE TO DETERMINE,3100,W,61ST ST,,NONINCAPACITATING INJURY,0,0,1,15,6,5,41.78275531,-87.70087184
05/17/2019 08:00:00 AM,30,UNKNOWN,CLOUDY/OVERCAST,DAYLIGHT,UNKNOWN,UNKNOWN,INJURY AND / OR TOW DUE TO CRASH,Y,FAILING TO YIELD RIGHT-OF-WAY,8301,S,HALSTED ST,,NONINCAPACITATING INJURY,0,0,1,8,6,5,41.74326879,-87.6436819
09/24/2017 12:13:00 PM,30,NO CONTROLS,CLEAR,DAYLIGHT,NOT DIVIDED,DRY,NO INJURY / DRIVE AWAY,,FAILING TO YIELD RIGHT-OF-WAY,2740,N,LINCOLN AVE,Y,NO INDICATION OF INJURY,0,0,0,12,1,9,41.93150172,-87.65744381
09/18/2017 07:45:00 PM,3,NO CONTROLS,CLEAR,"DARKNESS, LIGHTED ROAD",NOT DIVIDED,DRY,INJURY AND / OR TOW DUE TO CRASH,,UNABLE TO DETERMINE,2909,S,HALSTED ST,,NONINCAPACITATING INJURY,0,0,1,19,2,9,41.84134728,-87.64621241
08/29/2023 11:55:00 AM,30,NO CONTROLS,CLEAR,DAYLIGHT,NOT DIVIDED,DRY,INJURY AND / OR TOW DUE TO CRASH,,UNABLE TO DETERMINE,3722,N,CLARK ST,Y,NONINCAPACITATING INJURY,0,0,1,11,3,8,41.94964844,-87.65865422
06/21/2018 06:30:00 PM,30,STOP SIGN/FLASHER,CLOUDY/OVERCAST,DAYLIGHT,NOT DIVIDED,DRY,INJURY AND / OR TOW DUE TO CRASH,,FAILING TO YIELD RIGHT-OF-WAY,1729,W,79TH ST,,"REPORTED, NOT EVIDENT",0,0,0,18,5,6,41.75020143,-87.6670145
6/8/2023 10:40,30,STOP SIGN/FLASHER,CLEAR,DAYLIGHT,NOT DIVIDED,DRY,INJURY AND / OR TOW DUE TO CRASH,,NOT APPLICABLE,1900,W,TOUHY AVE,,NONINCAPACITATING INJURY,0,0,1,10,5,6,42.0126836,-87.67829382
08/26/2023 11:22:00 PM,30,TRAFFIC SIGNAL,CLEAR,"DARKNESS, LIGHTED ROAD",NOT DIVIDED,DRY,INJURY AND / OR TOW DUE TO CRASH,,DISREGARDING TRAFFIC SIGNALS,2558,N,CENTRAL PARK AVE,,NONINCAPACITATING INJURY,0,0,1,23,7,8,41.9282291,-87.71723368
10/4/2023 15:21,30,NO CONTROLS,CLEAR,DAYLIGHT,DIVIDED - W/MEDIAN (NOT RAISED),DRY,INJURY AND / OR TOW DUE TO CRASH,N,IMPROPER OVERTAKING/PASSING,5219,S,LAKE PARK AVE,,INCAPACITATING INJURY,0,1,0,15,4,10,41.80043077,-87.58725691
08/15/2019 05:25:00 PM,30,NO CONTROLS,CLEAR,DAYLIGHT,DIVIDED - W/MEDIAN (NOT RAISED),DRY,INJURY AND / OR TOW DUE TO CRASH,Y,IMPROPER LANE USAGE,6251,S,WESTERN AVE,,INCAPACITATING INJURY,0,1,0,17,5,8,41.77953853,-87.68350199
08/31/2019 11:30:00 AM,30,TRAFFIC SIGNAL,CLEAR,DAYLIGHT,NOT DIVIDED,DRY,INJURY AND / OR TOW DUE TO CRASH,,DRIVING SKILLS/KNOWLEDGE/EXPERIENCE,3600,N,LINCOLN AVE,,NONINCAPACITATING INJURY,0,0,1,11,7,8,41.94706281,-87.67399164
11/22/2019 11:44:00 PM,30,TRAFFIC SIGNAL,CLEAR,"DARKNESS, LIGHTED ROAD",FOUR WAY,DRY,INJURY AND / OR TOW DUE TO CRASH,,IMPROPER TURNING/NO SIGNAL,2000,W,WABANSIA AVE,,NONINCAPACITATING INJURY,0,0,1,23,6,11,41.91241461,-87.67763278
07/19/2019 03:30:00 PM,30,NO CONTROLS,CLEAR,DAYLIGHT,DRIVEWAY,DRY,NO INJURY / DRIVE AWAY,,DRIVING SKILLS/KNOWLEDGE/EXPERIENCE,1151,S,CLINTON ST,,NO INDICATION OF INJURY,0,0,0,15,6,7,41.86746333,-87.64058156
09/29/2022 05:50:00 PM,30,NO CONTROLS,CLEAR,DAYLIGHT,NOT DIVIDED,DRY,INJURY AND / OR TOW DUE TO CRASH,,UNABLE TO DETERMINE,2262,N,CLARK ST,Y,NONINCAPACITATING INJURY,0,0,1,17,5,9,41.92359093,-87.63941952
06/28/2018 07:50:00 PM,30,STOP SIGN/FLASHER,CLEAR,DAYLIGHT,DIVIDED - W/MEDIAN (NOT RAISED),DRY,NO INJURY / DRIVE AWAY,,FAILING TO REDUCE SPEED TO AVOID CRASH,1656,W,CORTLAND ST,,NO INDICATION OF INJURY,0,0,0,19,5,6,41.91618612,-87.67013494
08/27/2019 03:50:00 PM,30,NO CONTROLS,CLEAR,DAYLIGHT,NOT DIVIDED,DRY,INJURY AND / OR TOW DUE TO CRASH,,FAILING TO YIELD RIGHT-OF-WAY,2509,W,MONTROSE AVE,N,NONINCAPACITATING INJURY,0,0,1,15,3,8,41.96118215,-87.69183075
05/28/2018 02:15:00 PM,35,TRAFFIC SIGNAL,CLEAR,DAYLIGHT,NOT DIVIDED,DRY,INJURY AND / OR TOW DUE TO CRASH,,NOT APPLICABLE,8519,S,COTTAGE GROVE AVE,N,"REPORTED, NOT EVIDENT",0,0,0,14,2,5,41.73967739,-87.60476151
08/25/2018 09:30:00 AM,20,NO CONTROLS,CLEAR,DAYLIGHT,ONE-WAY,DRY,INJURY AND / OR TOW DUE TO CRASH,,UNABLE TO DETERMINE,716,N,ELIZABETH ST,,NONINCAPACITATING INJURY,0,0,1,9,7,8,41.8949721,-87.65958763
11/13/2017 08:05:00 AM,30,TRAFFIC SIGNAL,CLEAR,DAYLIGHT,NOT DIVIDED,DRY,INJURY AND / OR TOW DUE TO CRASH,,FAILING TO YIELD RIGHT-OF-WAY,1200,S,WABASH AVE,,"REPORTED, NOT EVIDENT",0,0,0,8,2,11,41.86734642,-87.62597476
8/2/2018 15:22,30,TRAFFIC SIGNAL,CLEAR,DAYLIGHT,NOT DIVIDED,DRY,INJURY AND / OR TOW DUE TO CRASH,,UNABLE TO DETERMINE,2200,N,SHEFFIELD AVE,Y,NONINCAPACITATING INJURY,0,0,1,15,5,8,41.92182615,-87.65363816
05/22/2023 02:40:00 PM,30,STOP SIGN/FLASHER,CLEAR,DAYLIGHT,FOUR WAY,DRY,INJURY AND / OR TOW DUE TO CRASH,,DISREGARDING STOP SIGN,7200,S,JEFFERY BLVD,Y,NONINCAPACITATING INJURY,0,0,1,14,2,5,41.76428391,-87.57640667
8/3/2018 16:45,30,STOP SIGN/FLASHER,CLEAR,DAYLIGHT,NOT DIVIDED,DRY,INJURY AND / OR TOW DUE TO CRASH,,DRIVING ON WRONG SIDE/WRONG WAY,700,N,FRANKLIN ST,,NONINCAPACITATING INJURY,0,0,1,16,6,8,41.8948079,-87.63580991
9/5/2017 13:32,30,NO CONTROLS,CLEAR,DAYLIGHT,NOT DIVIDED,DRY,INJURY AND / OR TOW DUE TO CRASH,,UNABLE TO DETERMINE,2119,S,PULASKI RD,,NONINCAPACITATING INJURY,0,0,1,13,3,9,41.85281389,-87.72464059
07/24/2019 04:41:00 PM,30,NO CONTROLS,CLEAR,DAYLIGHT,ONE-WAY,DRY,INJURY AND / OR TOW DUE TO CRASH,,UNABLE TO DETERMINE,251,E,HURON ST,,NONINCAPACITATING INJURY,0,0,1,16,4,7,41.8949033,-87.62074373
11/2/2022 14:20,30,NO CONTROLS,CLEAR,DAYLIGHT,NOT DIVIDED,DRY,INJURY AND / OR TOW DUE TO CRASH,,UNABLE TO DETERMINE,5630,S,COTTAGE GROVE AVE,Y,NONINCAPACITATING INJURY,0,0,1,14,4,11,41.79221006,-87.60631857
07/25/2019 08:40:00 AM,30,NO CONTROLS,CLEAR,DAYLIGHT,DIVIDED - W/MEDIAN (NOT RAISED),DRY,INJURY AND / OR TOW DUE TO CRASH,,DRIVING SKILLS/KNOWLEDGE/EXPERIENCE,2040,N,MILWAUKEE AVE,,INCAPACITATING INJURY,0,1,0,8,5,7,41.9183544,-87.69013733
09/14/2023 01:45:00 PM,30,TRAFFIC SIGNAL,CLEAR,DAYLIGHT,FOUR WAY,DRY,INJURY AND / OR TOW DUE TO CRASH,,DISREGARDING TRAFFIC SIGNALS,2800,S,ASHLAND AVE,Y,NONINCAPACITATING INJURY,0,0,1,13,5,9,41.84083718,-87.66597033
8/10/2019 2:00,30,STOP SIGN/FLASHER,CLEAR,DARKNESS,NOT DIVIDED,UNKNOWN,INJURY AND / OR TOW DUE TO CRASH,Y,UNABLE TO DETERMINE,802,S,SPAULDING AVE,,INCAPACITATING INJURY,0,1,0,2,7,8,41.87081957,-87.70840652
10/4/2022 14:00,30,NO CONTROLS,CLEAR,DAYLIGHT,NOT DIVIDED,DRY,NO INJURY / DRIVE AWAY,Y,UNABLE TO DETERMINE,1072,N,MILWAUKEE AVE,,NO INDICATION OF INJURY,0,0,0,14,3,10,41.90128364,-87.66348363
10/6/2022 19:00,30,NO CONTROLS,RAIN,DAYLIGHT,NOT DIVIDED,DRY,NO INJURY / DRIVE AWAY,,UNABLE TO DETERMINE,3850,N,MARMORA AVE,,NO INDICATION OF INJURY,0,0,0,19,5,10,41.9509622,-87.77440555
06/19/2017 09:30:00 PM,30,NO CONTROLS,CLEAR,DARKNESS,NOT DIVIDED,DRY,NO INJURY / DRIVE AWAY,,NOT APPLICABLE,3800,W,63RD ST,,NO INDICATION OF INJURY,0,0,0,21,2,6,41.77884246,-87.71798
07/24/2019 10:35:00 AM,30,STOP SIGN/FLASHER,CLEAR,DAYLIGHT,ONE-WAY,DRY,NO INJURY / DRIVE AWAY,,IMPROPER LANE USAGE,850,W,FULTON MARKET,,NO INDICATION OF INJURY,0,0,0,10,4,7,41.88688102,-87.64952306
08/21/2020 01:00:00 PM,30,STOP SIGN/FLASHER,CLEAR,DAYLIGHT,ONE-WAY,DRY,INJURY AND / OR TOW DUE TO CRASH,Y,UNABLE TO DETERMINE,4700,N,LAWNDALE AVE,,NONINCAPACITATING INJURY,0,0,1,13,6,8,41.96658896,-87.72079131
7/1/2019 7:30,30,NO CONTROLS,CLEAR,DAYLIGHT,DIVIDED - W/MEDIAN (NOT RAISED),DRY,INJURY AND / OR TOW DUE TO CRASH,,DISTRACTION - FROM OUTSIDE VEHICLE,2260,N,ELSTON AVE,,NONINCAPACITATING INJURY,0,0,1,7,2,7,41.92257885,-87.67410854
08/25/2021 01:30:00 PM,30,NO CONTROLS,CLEAR,DAYLIGHT,NOT DIVIDED,DRY,INJURY AND / OR TOW DUE TO CRASH,N,IMPROPER OVERTAKING/PASSING,1400,W,DEVON AVE,,NONINCAPACITATING INJURY,0,0,1,13,4,8,41.99824422,-87.66556978
7/7/2023 8:45,30,NO CONTROLS,CLEAR,DAYLIGHT,NOT DIVIDED,DRY,INJURY AND / OR TOW DUE TO CRASH,Y,FAILING TO YIELD RIGHT-OF-WAY,4701,N,SHERIDAN RD,,"REPORTED, NOT EVIDENT",0,0,0,8,6,7,41.96731721,-87.65465094
04/21/2020 08:15:00 PM,30,TRAFFIC SIGNAL,CLEAR,"DARKNESS, LIGHTED ROAD",DIVIDED - W/MEDIAN (NOT RAISED),DRY,INJURY AND / OR TOW DUE TO CRASH,,DISREGARDING TRAFFIC SIGNALS,798,W,DIVERSEY PKWY,,NONINCAPACITATING INJURY,0,0,1,20,3,4,41.93283123,-87.64894917
10/3/2023 8:57,30,STOP SIGN/FLASHER,CLEAR,DAYLIGHT,DIVIDED - W/MEDIAN (NOT RAISED),DRY,INJURY AND / OR TOW DUE TO CRASH,,DISTRACTION - FROM OUTSIDE VEHICLE,5028,W,47TH ST,,"REPORTED, NOT EVIDENT",0,0,0,8,3,10,41.80765306,-87.74921353
6/3/2018 12:00,30,NO CONTROLS,CLEAR,DAYLIGHT,DIVIDED - W/MEDIAN BARRIER,DRY,INJURY AND / OR TOW DUE TO CRASH,,UNABLE TO DETERMINE,700,N,HALSTED ST,,NONINCAPACITATING INJURY,0,0,1,12,1,6,41.89517817,-87.64786005
09/17/2020 01:00:00 PM,30,UNKNOWN,CLEAR,DAYLIGHT,NOT DIVIDED,DRY,INJURY AND / OR TOW DUE TO CRASH,Y,UNABLE TO DETERMINE,7900,S,HARVARD AVE,,NONINCAPACITATING INJURY,0,0,1,13,5,9,41.75070892,-87.63323462
8/3/2023 8:50,30,NO CONTROLS,CLEAR,DAYLIGHT,DIVIDED - W/MEDIAN (NOT RAISED),DRY,INJURY AND / OR TOW DUE TO CRASH,,FAILING TO YIELD RIGHT-OF-WAY,328,N,DAMEN AVE,Y,NONINCAPACITATING INJURY,0,0,1,8,5,8,41.8876284,-87.67696272
1/7/2019 14:00,30,NO CONTROLS,RAIN,DAYLIGHT,DIVIDED - W/MEDIAN (NOT RAISED),WET,NO INJURY / DRIVE AWAY,,UNABLE TO DETERMINE,4013,S,ARCHER AVE,,NO INDICATION OF INJURY,0,0,0,14,2,1,41.82071628,-87.69321081
9/3/2022 17:58,30,UNKNOWN,CLEAR,DAYLIGHT,FOUR WAY,DRY,INJURY AND / OR TOW DUE TO CRASH,Y,FAILING TO YIELD RIGHT-OF-WAY,3600,W,DOUGLAS BLVD,,INCAPACITATING INJURY,0,1,0,17,7,9,41.86296421,-87.71538061
08/14/2021 07:00:00 AM,25,NO CONTROLS,CLEAR,DAYLIGHT,OTHER,DRY,NO INJURY / DRIVE AWAY,,ANIMAL,5801,N,SHERIDAN RD,,NO INDICATION OF INJURY,0,0,0,7,7,8,41.98745236,-87.65515884
11/22/2019 02:00:00 PM,30,TRAFFIC SIGNAL,CLEAR,DAYLIGHT,NOT DIVIDED,DRY,INJURY AND / OR TOW DUE TO CRASH,,UNABLE TO DETERMINE,800,W,CHICAGO AVE,,"REPORTED, NOT EVIDENT",0,0,0,14,6,11,41.89650929,-87.64775583
7/11/2019 21:06,35,NO CONTROLS,CLEAR,"DARKNESS, LIGHTED ROAD",NOT DIVIDED,DRY,INJURY AND / OR TOW DUE TO CRASH,Y,DRIVING ON WRONG SIDE/WRONG WAY,8363,S,SOUTH CHICAGO AVE,,NONINCAPACITATING INJURY,0,0,1,21,5,7,41.74318101,-87.5738048
06/15/2022 09:08:00 PM,30,STOP SIGN/FLASHER,CLEAR,"DARKNESS, LIGHTED ROAD",NOT DIVIDED,DRY,INJURY AND / OR TOW DUE TO CRASH,,FAILING TO REDUCE SPEED TO AVOID CRASH,2600,N,LAKEVIEW AVE,,NONINCAPACITATING INJURY,0,0,1,21,4,6,41.92977604,-87.63941539
09/19/2023 08:10:00 PM,30,NO CONTROLS,CLEAR,"DARKNESS, LIGHTED ROAD",NOT DIVIDED,DRY,INJURY AND / OR TOW DUE TO CRASH,Y,UNABLE TO DETERMINE,850,E,63RD ST,,NONINCAPACITATING INJURY,0,0,1,20,3,9,41.78054757,-87.60393831
08/21/2022 01:45:00 PM,30,STOP SIGN/FLASHER,CLEAR,DAYLIGHT,FOUR WAY,DRY,NO INJURY / DRIVE AWAY,,UNABLE TO DETERMINE,2900,W,MADISON ST,,NO INDICATION OF INJURY,0,0,0,13,1,8,41.8811606,-87.69885305
09/29/2021 09:15:00 AM,30,NO CONTROLS,CLEAR,DAYLIGHT,NOT DIVIDED,DRY,INJURY AND / OR TOW DUE TO CRASH,,IMPROPER TURNING/NO SIGNAL,2110,W,HUBBARD ST,,NONINCAPACITATING INJURY,0,0,1,9,4,9,41.88978409,-87.67982384
09/21/2020 09:30:00 AM,35,NO CONTROLS,CLEAR,DAYLIGHT,NOT DIVIDED,DRY,NO INJURY / DRIVE AWAY,,UNABLE TO DETERMINE,7530,N,SHERIDAN RD,Y,NO INDICATION OF INJURY,0,0,0,9,2,9,42.01917307,-87.66616629
06/20/2022 11:50:00 AM,20,STOP SIGN/FLASHER,CLEAR,DAYLIGHT,OTHER,DRY,INJURY AND / OR TOW DUE TO CRASH,,DRIVING SKILLS/KNOWLEDGE/EXPERIENCE,5099,W,CARMEN AVE,,NONINCAPACITATING INJURY,0,0,1,11,2,6,41.97331504,-87.75512023
08/16/2022 07:42:00 PM,25,STOP SIGN/FLASHER,CLEAR,DUSK,ONE-WAY,DRY,INJURY AND / OR TOW DUE TO CRASH,Y,UNABLE TO DETERMINE,5900,W,GEORGE ST,,NONINCAPACITATING INJURY,0,0,1,19,3,8,41.93311002,-87.77366115
4/8/2020 14:45,30,TRAFFIC SIGNAL,CLEAR,DAYLIGHT,ONE-WAY,DRY,NO INJURY / DRIVE AWAY,Y,UNABLE TO DETERMINE,135,W,GRAND AVE,,NO INDICATION OF INJURY,0,0,0,14,4,4,41.89149598,-87.63250567
08/30/2021 07:00:00 PM,30,TRAFFIC SIGNAL,CLEAR,"DARKNESS, LIGHTED ROAD",DRIVEWAY,DRY,INJURY AND / OR TOW DUE TO CRASH,Y,FAILING TO YIELD RIGHT-OF-WAY,159,E,LAKE SHORE DR,,"REPORTED, NOT EVIDENT",0,0,0,19,2,8,41.90073782,-87.62334239
12/16/2019 05:20:00 PM,30,TRAFFIC SIGNAL,CLEAR,DUSK,NOT DIVIDED,DRY,NO INJURY / DRIVE AWAY,,UNABLE TO DETERMINE,104,W,CHICAGO AVE,,NO INDICATION OF INJURY,0,0,0,17,2,12,41.89674226,-87.63146768
10/20/2017 02:30:00 PM,30,TRAFFIC SIGNAL,CLEAR,DAYLIGHT,ONE-WAY,UNKNOWN,NO INJURY / DRIVE AWAY,Y,DISREGARDING TRAFFIC SIGNALS,500,N,FRANKLIN ST,N,NO INDICATION OF INJURY,0,0,0,14,6,10,41.89080301,-87.63570316
9/7/2017 10:49,40,STOP SIGN/FLASHER,CLEAR,DAYLIGHT,NOT DIVIDED,DRY,NO INJURY / DRIVE AWAY,,DRIVING ON WRONG SIDE/WRONG WAY,2500,W,MONTROSE AVE,,NO INDICATION OF INJURY,0,0,0,10,5,9,41.96140551,-87.69116734
6/5/2022 10:55,10,NO CONTROLS,CLEAR,DAYLIGHT,ONE-WAY,DRY,INJURY AND / OR TOW DUE TO CRASH,,FAILING TO YIELD RIGHT-OF-WAY,3054,W,ARTHUR AVE,,NONINCAPACITATING INJURY,0,0,1,10,1,6,41.99936731,-87.70679245
06/21/2017 06:15:00 PM,30,TRAFFIC SIGNAL,CLEAR,DAYLIGHT,NOT DIVIDED,DRY,INJURY AND / OR TOW DUE TO CRASH,,UNABLE TO DETERMINE,1400,N,HALSTED ST,,NONINCAPACITATING INJURY,0,0,1,18,4,6,41.90643022,-87.64830557
5/10/2022 17:01,30,NO CONTROLS,CLEAR,DAYLIGHT,NOT DIVIDED,DRY,INJURY AND / OR TOW DUE TO CRASH,,UNABLE TO DETERMINE,5133,W,DIVERSEY AVE,,NONINCAPACITATING INJURY,0,0,1,17,3,5,41.93130537,-87.75530217
06/21/2023 11:18:00 AM,30,TRAFFIC SIGNAL,CLEAR,DAYLIGHT,FOUR WAY,DRY,INJURY AND / OR TOW DUE TO CRASH,,DISREGARDING TRAFFIC SIGNALS,757,N,MICHIGAN AVE,,NONINCAPACITATING INJURY,0,0,1,11,4,6,41.89641068,-87.6241333
8/10/2021 13:30,30,NO CONTROLS,UNKNOWN,DAYLIGHT,NOT DIVIDED,UNKNOWN,INJURY AND / OR TOW DUE TO CRASH,Y,UNABLE TO DETERMINE,1523,W,LAWRENCE AVE,,NONINCAPACITATING INJURY,0,0,1,13,3,8,41.96877466,-87.66846547
7/10/2018 16:32,35,NO CONTROLS,CLEAR,DAYLIGHT,NOT DIVIDED,DRY,NO INJURY / DRIVE AWAY,Y,UNABLE TO DETERMINE,2343,W,TOUHY AVE,,NO INDICATION OF INJURY,0,0,0,16,3,7,42.0121629,-87.68935417
10/9/2022 14:24,30,STOP SIGN/FLASHER,CLEAR,DAYLIGHT,NOT DIVIDED,DRY,INJURY AND / OR TOW DUE TO CRASH,Y,UNABLE TO DETERMINE,599,N,PULASKI RD,,NONINCAPACITATING INJURY,0,0,1,14,1,10,41.89160559,-87.72582185
10/27/2021 08:34:00 PM,30,TRAFFIC SIGNAL,CLEAR,"DARKNESS, LIGHTED ROAD",FOUR WAY,DRY,INJURY AND / OR TOW DUE TO CRASH,,DISREGARDING TRAFFIC SIGNALS,505,N,LAKE SHORE DR,,INCAPACITATING INJURY,0,1,0,20,4,10,41.89127929,-87.61410753
7/5/2023 17:53,30,TRAFFIC SIGNAL,CLEAR,DAYLIGHT,FOUR WAY,DRY,NO INJURY / DRIVE AWAY,,DISREGARDING TRAFFIC SIGNALS,599,S,RACINE AVE,,NO INDICATION OF INJURY,0,0,0,17,4,7,41.87433417,-87.65667141