CRASH_DATE,POSTED_SPEED_LIMIT,TRAFFIC_CONTROL_DEVICE,WEATHER_CONDITION,LIGHTING_CONDITION,TRAFFICWAY_TYPE,ROADWAY_SURFACE_COND,CRASH_TYPE,HIT_AND_RUN_I,PRIM_CONTRIBUTORY_CAUSE,STREET_NO,STREET_DIRECTION,STREET_NAME,DOORING_I,MOST_SEVERE_INJURY,INJURIES_FATAL,INJURIES_INCAPACITATING,INJURIES_NON_INCAPACITATING,CRASH_HOUR,CRASH_DAY_OF_WEEK,CRASH_MONTH,LATITUDE,LONGITUDE
09/25/2018 11:15:00 PM,35,STOP SIGN/FLASHER,CLEAR,"DARKNESS, LIGHTED ROAD",NOT DIVIDED,DRY,INJURY AND / OR TOW DUE TO CRASH,,FAILING TO YIELD RIGHT-OF-WAY,8000,S,WESTERN AVE,,NONINCAPACITATING INJURY,0,0,1,23,3,9,41.74824265,-87.68295038
08/30/2018 10:40:00 PM,30,TRAFFIC SIGNAL,CLEAR,"DARKNESS, LIGHTED ROAD",DIVIDED - W/MEDIAN (NOT RAISED),DRY,INJURY AND / OR TOW DUE TO CRASH,,FAILING TO YIELD RIGHT-OF-WAY,6800,W,ADDISON ST,,NONINCAPACITATING INJURY,0,0,1,22,5,8,41.94558764,-87.79605171
08/21/2020 08:04:00 PM,30,TRAFFIC SIGNAL,CLEAR,"DARKNESS, LIGHTED ROAD",DIVIDED - W/MEDIAN (NOT RAISED),DRY,NO INJURY / DRIVE AWAY,,DISREGARDING TRAFFIC SIGNALS,601,N,MICHIGAN AVE,,NO INDICATION OF INJURY,0,0,0,20,6,8,41.89259885,-87.62404033
6/10/2021 21:15,30,STOP SIGN/FLASHER,UNKNOWN,UNKNOWN,T-INTERSECTION,UNKNOWN,NO INJURY / DRIVE AWAY,,UNABLE TO DETERMINE,2558,S,WASHTENAW AVE,,NO INDICATION OF INJURY,0,0,0,21,5,6,41.84492174,-87.69294313
05/18/2023 08:45:00 PM,30,UNKNOWN,CLEAR,DARKNESS,DIVIDED - W/MEDIAN BARRIER,DRY,INJURY AND / OR TOW DUE TO CRASH,Y,UNABLE TO DETERMINE,401,W,95TH ST,,INCAPACITATING INJURY,0,1,0,20,5,5,41.72148181,-87.63355138
7/11/2019 23:10,30,TRAFFIC SIGNAL,CLEAR,"DARKNESS, LIGHTED ROAD",DIVIDED - W/MEDIAN (NOT RAISED),DRY,INJURY AND / OR TOW DUE TO CRASH,Y,IMPROPER TURNING/NO SIGNAL,1201,S,UNION AVE,,NONINCAPACITATING INJURY,0,0,1,23,5,7,41.86721084,-87.64501433
08/24/2020 08:33:00 PM,30,STOP SIGN/FLASHER,CLEAR,"DARKNESS, LIGHTED ROAD",T-INTERSECTION,DRY,NO INJURY / DRIVE AWAY,,OBSTRUCTED CROSSWALKS,4601,N,MILWAUKEE AVE,,NO INDICATION OF INJURY,0,0,0,20,2,8,41.96407289,-87.75728474
06/29/2020 11:20:00 AM,30,NO CONTROLS,CLEAR,DAYLIGHT,DIVIDED - W/MEDIAN (NOT RAISED),DRY,INJURY AND / OR TOW DUE TO CRASH,,"VISION OBSCURED (SIGNS, TREE LIMBS, BUILDINGS, ETC.)",2934,W,MONTROSE AVE,,NO INDICATION OF INJURY,0,0,0,11,2,6,41.96133617,-87.70234394
4/3/2017 18:45,30,TRAFFIC SIGNAL,CLEAR,"DARKNESS, LIGHTED ROAD",NOT DIVIDED,DRY,INJURY AND / OR TOW DUE TO CRASH,Y,FAILING TO YIELD RIGHT-OF-WAY,8101,S,DR MARTIN LUTHER KING JR DR,,"REPORTED, NOT EVIDENT",0,0,0,18,2,4,41.7473741,-87.6147217
7/11/2023 13:10,30,NO CONTROLS,CLEAR,DAYLIGHT,DIVIDED - W/MEDIAN (NOT RAISED),DRY,INJURY AND / OR TOW DUE TO CRASH,,NOT APPLICABLE,3141,N,AUSTIN AVE,Y,INCAPACITATING INJURY,0,1,0,13,3,7,41.93787772,-87.77605025
05/29/2023 08:00:00 PM,30,TRAFFIC SIGNAL,UNKNOWN,UNKNOWN,NOT DIVIDED,DRY,INJURY AND / OR TOW DUE TO CRASH,N,FAILING TO YIELD RIGHT-OF-WAY,1801,S,MICHIGAN AVE,,"REPORTED, NOT EVIDENT",0,0,0,20,2,5,41.85781677,-87.62378501
12/31/2022 10:00:00 PM,30,NO CONTROLS,CLEAR,"DARKNESS, LIGHTED ROAD",NOT DIVIDED,DRY,INJURY AND / OR TOW DUE TO CRASH,,DRIVING SKILLS/KNOWLEDGE/EXPERIENCE,3656,N,HALSTED ST,Y,INCAPACITATING INJURY,0,1,0,22,7,12,41.9489662,-87.64968333
09/15/2018 03:05:00 AM,30,NO CONTROLS,CLEAR,"DARKNESS, LIGHTED ROAD",NOT DIVIDED,DRY,NO INJURY / DRIVE AWAY,,NOT APPLICABLE,5625,W,63RD ST,,NO INDICATION OF INJURY,0,0,0,3,7,9,41.77792381,-87.76265939
6/10/2020 17:38,30,NO CONTROLS,CLEAR,DAYLIGHT,DIVIDED - W/MEDIAN (NOT RAISED),DRY,INJURY AND / OR TOW DUE TO CRASH,Y,UNABLE TO DETERMINE,2327,W,LAWRENCE AVE,,NONINCAPACITATING INJURY,0,0,1,17,4,6,41.96852638,-87.68754908
08/30/2022 07:15:00 PM,30,TRAFFIC SIGNAL,CLEAR,DAYLIGHT,FOUR WAY,UNKNOWN,INJURY AND / OR TOW DUE TO CRASH,Y,UNABLE TO DETERMINE,3959,W,BELMONT AVE,,"REPORTED, NOT EVIDENT",0,0,0,19,3,8,41.9389987,-87.72601292
11/27/2019 05:45:00 PM,30,TRAFFIC SIGNAL,CLEAR,"DARKNESS, LIGHTED ROAD",DIVIDED - W/MEDIAN (NOT RAISED),DRY,INJURY AND / OR TOW DUE TO CRASH,,NOT APPLICABLE,2001,W,NORTH AVE,,NONINCAPACITATING INJURY,0,0,1,17,4,11,41.91036323,-87.67770254
08/25/2018 06:15:00 PM,30,STOP SIGN/FLASHER,CLEAR,DAYLIGHT,NOT DIVIDED,DRY,INJURY AND / OR TOW DUE TO CRASH,,DRIVING ON WRONG SIDE/WRONG WAY,2600,S,LOWE AVE,,NONINCAPACITATING INJURY,0,0,1,18,7,8,41.84532317,-87.64295995
08/24/2017 01:27:00 PM,30,TRAFFIC SIGNAL,RAIN,DAYLIGHT,NOT DIVIDED,WET,INJURY AND / OR TOW DUE TO CRASH,,UNABLE TO DETERMINE,4600,N,CLARENDON AVE,,NONINCAPACITATING INJURY,0,0,1,13,5,8,41.96553425,-87.65016717
8/7/2017 16:18,30,TRAFFIC SIGNAL,CLEAR,DAYLIGHT,NOT DIVIDED,DRY,INJURY AND / OR TOW DUE TO CRASH,,UNABLE TO DETERMINE,959,W,NORTH AVE,,"REPORTED, NOT EVIDENT",0,0,0,16,2,8,41.91073191,-87.65300393
9/3/2018 11:01,25,NO CONTROLS,CLEAR,DAYLIGHT,NOT DIVIDED,DRY,INJURY AND / OR TOW DUE TO CRASH,,UNABLE TO DETERMINE,6231,N,GREENVIEW AVE,,NONINCAPACITATING INJURY,0,0,1,11,2,9,41.99539673,-87.6676034
08/26/2022 08:19:00 AM,30,TRAFFIC SIGNAL,CLOUDY/OVERCAST,DAYLIGHT,DIVIDED - W/MEDIAN (NOT RAISED),DRY,INJURY AND / OR TOW DUE TO CRASH,,FAILING TO YIELD RIGHT-OF-WAY,3356,N,AUSTIN AVE,,NONINCAPACITATING INJURY,0,0,1,8,6,8,41.94200357,-87.77649974
05/26/2021 08:54:00 PM,20,NO CONTROLS,CLEAR,"DARKNESS, LIGHTED ROAD",ALLEY,DRY,NO INJURY / DRIVE AWAY,,DRIVING ON WRONG SIDE/WRONG WAY,2009,N,FREMONT ST,,NO INDICATION OF INJURY,0,0,0,20,4,5,41.9184626,-87.65079903
08/18/2017 10:00:00 PM,30,UNKNOWN,CLEAR,"DARKNESS, LIGHTED ROAD",NOT DIVIDED,DRY,INJURY AND / OR TOW DUE TO CRASH,Y,NOT APPLICABLE,1756,N,KEDZIE AVE,,NONINCAPACITATING INJURY,0,0,1,22,6,8,41.91356938,-87.70699646
07/18/2020 05:05:00 PM,30,NO CONTROLS,CLEAR,DAYLIGHT,NOT DIVIDED,DRY,NO INJURY / DRIVE AWAY,,FAILING TO YIELD RIGHT-OF-WAY,1339,N,WELLS ST,,NO INDICATION OF INJURY,0,0,0,17,7,7,41.90690784,-87.63443525
07/23/2019 05:46:00 PM,30,NO CONTROLS,CLEAR,DAYLIGHT,NOT DIVIDED,DRY,INJURY AND / OR TOW DUE TO CRASH,Y,IMPROPER OVERTAKING/PASSING,2544,N,MILWAUKEE AVE,,NONINCAPACITATING INJURY,0,0,1,17,3,7,41.92749493,-87.70506376
05/25/2018 03:10:00 PM,30,TRAFFIC SIGNAL,CLEAR,DAYLIGHT,NOT DIVIDED,DRY,NO INJURY / DRIVE AWAY,Y,BICYCLE ADVANCING LEGALLY ON RED LIGHT,4404,N,KIMBALL AVE,,NO INDICATION OF INJURY,0,0,0,15,6,5,41.96133041,-87.71328784
10/2/2019 17:10,30,TRAFFIC SIGNAL,RAIN,DAYLIGHT,NOT DIVIDED,WET,INJURY AND / OR TOW DUE TO CRASH,Y,UNABLE TO DETERMINE,2410,N,MILWAUKEE AVE,,NONINCAPACITATING INJURY,0,0,1,17,4,10,41.92491617,-87.70086166
09/20/2017 03:28:00 PM,30,TRAFFIC SIGNAL,CLEAR,DAYLIGHT,NOT DIVIDED,DRY,INJURY AND / OR TOW DUE TO CRASH,,FAILING TO YIELD RIGHT-OF-WAY,4346,N,WESTERN AVE,,INCAPACITATING INJURY,0,1,0,15,4,9,41.96091322,-87.68881742
01/18/2018 09:30:00 AM,30,TRAFFIC SIGNAL,CLEAR,DAYLIGHT,NOT DIVIDED,WET,NO INJURY / DRIVE AWAY,,FAILING TO REDUCE SPEED TO AVOID CRASH,600,S,DAMEN AVE,,NO INDICATION OF INJURY,0,0,0,9,5,1,41.87400364,-87.67660234
08/18/2018 02:50:00 PM,30,STOP SIGN/FLASHER,CLEAR,DAYLIGHT,NOT DIVIDED,DRY,INJURY AND / OR TOW DUE TO CRASH,,IMPROPER TURNING/NO SIGNAL,5799,W,FOSTER AVE,,NONINCAPACITATING INJURY,0,0,1,14,7,8,41.97556567,-87.77328646
09/18/2022 08:42:00 PM,30,TRAFFIC SIGNAL,CLEAR,DARKNESS,NOT DIVIDED,DRY,INJURY AND / OR TOW DUE TO CRASH,Y,UNABLE TO DETERMINE,433,N,WESTERN AVE,,INCAPACITATING INJURY,0,1,0,20,1,9,41.88951755,-87.68650779
8/4/2022 20:30,30,TRAFFIC SIGNAL,CLEAR,"DARKNESS, LIGHTED ROAD",DIVIDED - W/MEDIAN (NOT RAISED),DRY,INJURY AND / OR TOW DUE TO CRASH,Y,UNABLE TO DETERMINE,7158,W,63RD ST,,INCAPACITATING INJURY,0,1,0,20,5,8,41.77740409,-87.80084074
7/10/2021 9:45,30,NO CONTROLS,CLEAR,DAYLIGHT,NOT DIVIDED,DRY,INJURY AND / OR TOW DUE TO CRASH,,DRIVING SKILLS/KNOWLEDGE/EXPERIENCE,3320,W,LAWRENCE AVE,N,"REPORTED, NOT EVIDENT",0,0,0,9,7,7,41.9685299,-87.71183381
6/6/2022 21:33,30,STOP SIGN/FLASHER,RAIN,"DARKNESS, LIGHTED ROAD",FOUR WAY,WET,INJURY AND / OR TOW DUE TO CRASH,,FAILING TO REDUCE SPEED TO AVOID CRASH,1799,W,18TH ST,Y,"REPORTED, NOT EVIDENT",0,0,0,21,2,6,41.85761669,-87.67099633
12/21/2021 12:58:00 PM,30,STOP SIGN/FLASHER,CLEAR,DAYLIGHT,ONE-WAY,DRY,INJURY AND / OR TOW DUE TO CRASH,,FAILING TO YIELD RIGHT-OF-WAY,2100,N,KARLOV AVE,,INCAPACITATING INJURY,0,1,0,12,3,12,41.91905148,-87.72920777
10/24/2019 10:26:00 AM,20,NO CONTROLS,CLEAR,DAYLIGHT,DIVIDED - W/MEDIAN (NOT RAISED),DRY,INJURY AND / OR TOW DUE TO CRASH,Y,FAILING TO REDUCE SPEED TO AVOID CRASH,3340,W,CHICAGO AVE,,NONINCAPACITATING INJURY,0,0,1,10,5,10,41.89562416,-87.71057163
6/10/2021 22:14,30,NO CONTROLS,CLEAR,"DARKNESS, LIGHTED ROAD",NOT DIVIDED,DRY,INJURY AND / OR TOW DUE TO CRASH,,IMPROPER TURNING/NO SIGNAL,5429,W,BELMONT AVE,,NONINCAPACITATING INJURY,0,0,1,22,5,6,41.93851498,-87.76275757
09/16/2020 03:45:00 PM,30,NO CONTROLS,CLEAR,DAYLIGHT,NOT DIVIDED,DRY,NO INJURY / DRIVE AWAY,,UNABLE TO DETERMINE,5200,N,LARAMIE AVE,,NO INDICATION OF INJURY,0,0,0,15,4,9,41.97530732,-87.7579249
1/7/2022 8:10,30,STOP SIGN/FLASHER,CLEAR,DAYLIGHT,DIVIDED - W/MEDIAN (NOT RAISED),DRY,INJURY AND / OR TOW DUE TO CRASH,,FAILING TO YIELD RIGHT-OF-WAY,610,N,DAMEN AVE,Y,INCAPACITATING INJURY,0,1,0,8,6,1,41.89265122,-87.67710659
08/27/2019 10:30:00 PM,30,TRAFFIC SIGNAL,CLEAR,"DARKNESS, LIGHTED ROAD",NOT DIVIDED,DRY,INJURY AND / OR TOW DUE TO CRASH,Y,UNABLE TO DETERMINE,1996,W,WELLINGTON AVE,,NONINCAPACITATING INJURY,0,0,1,22,3,8,41.93604157,-87.67811836
9/6/2017 18:51,30,UNKNOWN,UNKNOWN,UNKNOWN,NOT DIVIDED,UNKNOWN,INJURY AND / OR TOW DUE TO CRASH,,FAILING TO YIELD RIGHT-OF-WAY,2798,N,MILWAUKEE AVE,,NONINCAPACITATING INJURY,0,0,1,18,4,9,41.93184668,-87.71224885
06/22/2021 03:20:00 PM,30,NO CONTROLS,CLEAR,DAYLIGHT,NOT DIVIDED,DRY,INJURY AND / OR TOW DUE TO CRASH,Y,FAILING TO YIELD RIGHT-OF-WAY,7110,N,CLARK ST,,"REPORTED, NOT EVIDENT",0,0,0,15,3,6,42.01176565,-87.67464608
7/8/2022 19:45,30,UNKNOWN,CLEAR,DUSK,NOT DIVIDED,DRY,NO INJURY / DRIVE AWAY,,NOT APPLICABLE,1600,W,WRIGHTWOOD AVE,,NO INDICATION OF INJURY,0,0,0,19,6,7,41.92888503,-87.66833537
03/22/2019 07:40:00 PM,30,TRAFFIC SIGNAL,CLEAR,DUSK,NOT DIVIDED,DRY,NO INJURY / DRIVE AWAY,,UNABLE TO DETERMINE,200,N,HALSTED ST,Y,NO INDICATION OF INJURY,0,0,0,19,6,3,41.88568962,-87.64762173
07/18/2023 06:30:00 PM,30,UNKNOWN,UNKNOWN,UNKNOWN,NOT DIVIDED,UNKNOWN,NO INJURY / DRIVE AWAY,,UNABLE TO DETERMINE,1739,S,DESPLAINES ST,,NO INDICATION OF INJURY,0,0,0,18,3,7,41.85800745,-87.64273582
05/15/2019 04:00:00 PM,30,PEDESTRIAN CROSSING SIGN,CLEAR,DAYLIGHT,DIVIDED - W/MEDIAN (NOT RAISED),DRY,NO INJURY / DRIVE AWAY,,FAILING TO YIELD RIGHT-OF-WAY,901,W,HARRISON ST,,NO INDICATION OF INJURY,0,0,0,16,4,5,41.87430456,-87.64936523
4/11/2019 17:50,30,TRAFFIC SIGNAL,CLEAR,DAYLIGHT,NOT DIVIDED,DRY,INJURY AND / OR TOW DUE TO CRASH,,IMPROPER TURNING/NO SIGNAL,2420,N,DAMEN AVE,,INCAPACITATING INJURY,0,1,0,17,5,4,41.92555613,-87.67807834
8/10/2022 18:30,30,TRAFFIC SIGNAL,CLEAR,DAYLIGHT,NOT DIVIDED,UNKNOWN,NO INJURY / DRIVE AWAY,,FAILING TO YIELD RIGHT-OF-WAY,3201,W,CERMAK RD,,NO INDICATION OF INJURY,0,0,0,18,4,8,41.85165455,-87.70531269
07/22/2022 10:30:00 PM,30,NO CONTROLS,CLEAR,"DARKNESS, LIGHTED ROAD",NOT DIVIDED,DRY,INJURY AND / OR TOW DUE TO CRASH,Y,NOT APPLICABLE,4762,W,MONTROSE AVE,,"REPORTED, NOT EVIDENT",0,0,0,22,6,7,41.96083297,-87.74748556
11/3/2016 20:30,30,UNKNOWN,CLEAR,DARKNESS,NOT DIVIDED,DRY,INJURY AND / OR TOW DUE TO CRASH,,FAILING TO YIELD RIGHT-OF-WAY,4300,S,PULASKI RD,,"REPORTED, NOT EVIDENT",0,0,0,20,5,11,41.81510102,-87.72400523
05/15/2017 11:22:00 PM,30,TRAFFIC SIGNAL,CLEAR,"DARKNESS, LIGHTED ROAD",NOT DIVIDED,DRY,INJURY AND / OR TOW DUE TO CRASH,,DISREGARDING TRAFFIC SIGNALS,1200,N,OAKLEY BLVD,,INCAPACITATING INJURY,0,1,0,23,2,5,41.90314935,-87.68473021
09/15/2023 02:18:00 PM,30,NO CONTROLS,CLEAR,DAYLIGHT,NOT DIVIDED,DRY,INJURY AND / OR TOW DUE TO CRASH,,UNABLE TO DETERMINE,4045,N,CLARENDON AVE,,NONINCAPACITATING INJURY,0,0,1,14,6,9,41.95560076,-87.64958367
06/26/2022 08:47:00 PM,30,TRAFFIC SIGNAL,CLEAR,"DARKNESS, LIGHTED ROAD",NOT DIVIDED,DRY,INJURY AND / OR TOW DUE TO CRASH,,FAILING TO YIELD RIGHT-OF-WAY,2800,N,CENTRAL AVE,,NONINCAPACITATING INJURY,0,0,1,20,1,6,41.93136555,-87.76639653
08/20/2017 03:30:00 PM,30,TRAFFIC SIGNAL,CLOUDY/OVERCAST,DAYLIGHT,NOT DIVIDED,DRY,INJURY AND / OR TOW DUE TO CRASH,,UNABLE TO DETERMINE,5800,N,SHERIDAN RD,Y,"REPORTED, NOT EVIDENT",0,0,0,15,1,8,41.9874468,-87.655453
8/8/2019 13:45,5,NO CONTROLS,CLEAR,DAYLIGHT,NOT DIVIDED,DRY,NO INJURY / DRIVE AWAY,,IMPROPER LANE USAGE,830,W,ADDISON ST,,NO INDICATION OF INJURY,0,0,0,13,5,8,41.94741384,-87.65063867
5/6/2017 9:55,30,NO CONTROLS,CLEAR,DAYLIGHT,NOT DIVIDED,DRY,INJURY AND / OR TOW DUE TO CRASH,,UNABLE TO DETERMINE,4358,N,SHERIDAN RD,N,NONINCAPACITATING INJURY,0,0,1,9,7,5,41.96145098,-87.65488892
3/4/2022 7:45,30,STOP SIGN/FLASHER,CLEAR,DAYLIGHT,FOUR WAY,DRY,INJURY AND / OR TOW DUE TO CRASH,Y,FAILING TO REDUCE SPEED TO AVOID CRASH,2231,W,99TH ST,,NONINCAPACITATING INJURY,0,0,1,7,6,3,41.71360036,-87.67814672
11/20/2019 03:05:00 PM,30,NO CONTROLS,CLEAR,DAYLIGHT,NOT DIVIDED,DRY,INJURY AND / OR TOW DUE TO CRASH,,"VISION OBSCURED (SIGNS, TREE LIMBS, BUILDINGS, ETC.)",805,W,GRAND AVE,,INCAPACITATING INJURY,0,1,0,15,4,11,41.89106981,-87.64784674
08/14/2018 09:32:00 PM,15,NO CONTROLS,CLEAR,"DARKNESS, LIGHTED ROAD",ALLEY,DRY,INJURY AND / OR TOW DUE TO CRASH,Y,FAILING TO YIELD RIGHT-OF-WAY,3745,W,DIVISION ST,,NONINCAPACITATING INJURY,0,0,1,21,3,8,41.90260878,-87.72073025
04/19/2022 09:00:00 PM,15,NO CONTROLS,CLEAR,DUSK,PARKING LOT,DRY,NO INJURY / DRIVE AWAY,Y,UNABLE TO DETERMINE,1834,N,LAWNDALE AVE,,NO INDICATION OF INJURY,0,0,0,21,3,4,41.91467558,-87.7192871
09/23/2021 06:35:00 PM,30,STOP SIGN/FLASHER,CLEAR,DUSK,NOT DIVIDED,DRY,NO INJURY / DRIVE AWAY,,DISREGARDING STOP SIGN,1800,W,PRATT BLVD,,NO INDICATION OF INJURY,0,0,0,18,5,9,42.00540441,-87.67580971
02/15/2018 08:30:00 PM,35,UNKNOWN,CLOUDY/OVERCAST,DARKNESS,UNKNOWN,UNKNOWN,INJURY AND / OR TOW DUE TO CRASH,,NOT APPLICABLE,644,W,DIVERSEY PKWY,Y,NONINCAPACITATING INJURY,0,0,1,20,5,2,41.93290235,-87.64528015
9/9/2017 2:25,30,TRAFFIC SIGNAL,CLEAR,"DARKNESS, LIGHTED ROAD",DIVIDED - W/MEDIAN (NOT RAISED),DRY,INJURY AND / OR TOW DUE TO CRASH,Y,FAILING TO YIELD RIGHT-OF-WAY,2527,N,MILWAUKEE AVE,,NONINCAPACITATING INJURY,0,0,1,2,7,9,41.92735441,-87.70437199
11/6/2023 18:18,30,NO CONTROLS,CLEAR,"DARKNESS, LIGHTED ROAD",T-INTERSECTION,DRY,INJURY AND / OR TOW DUE TO CRASH,,FAILING TO YIELD RIGHT-OF-WAY,3540,N,PULASKI RD,,INCAPACITATING INJURY,0,1,0,18,2,11,41.94577417,-87.72752847
8/12/2017 14:49,30,STOP SIGN/FLASHER,CLEAR,DAYLIGHT,NOT DIVIDED,DRY,INJURY AND / OR TOW DUE TO CRASH,,UNABLE TO DETERMINE,4700,S,PRAIRIE AVE,,NONINCAPACITATING INJURY,0,0,1,14,7,8,41.8092425,-87.6197368
09/23/2016 04:45:00 PM,30,NO CONTROLS,CLEAR,DAYLIGHT,DRIVEWAY,DRY,NO INJURY / DRIVE AWAY,,FAILING TO YIELD RIGHT-OF-WAY,6320,N,NAGLE AVE,,NO INDICATION OF INJURY,0,0,0,16,6,9,41.99623074,-87.78763362
09/25/2021 01:55:00 PM,30,NO CONTROLS,CLEAR,DAYLIGHT,NOT DIVIDED,DRY,INJURY AND / OR TOW DUE TO CRASH,Y,FAILING TO YIELD RIGHT-OF-WAY,1902,N,LINCOLN AVE,Y,NONINCAPACITATING INJURY,0,0,1,13,7,9,41.91655052,-87.63653131
9/4/2019 10:05,25,NO CONTROLS,CLEAR,DAYLIGHT,ONE-WAY,DRY,NO INJURY / DRIVE AWAY,,FAILING TO YIELD RIGHT-OF-WAY,217,W,WASHINGTON ST,,NO INDICATION OF INJURY,0,0,0,10,4,9,41.88310003,-87.63437825
09/23/2019 09:00:00 AM,30,NO CONTROLS,CLEAR,DAYLIGHT,ONE-WAY,DRY,INJURY AND / OR TOW DUE TO CRASH,,UNABLE TO DETERMINE,190,N,WELLS ST,Y,NONINCAPACITATING INJURY,0,0,1,9,2,9,41.88553435,-87.6340712
11/13/2021 05:30:00 PM,30,NO CONTROLS,CLEAR,DUSK,NOT DIVIDED,UNKNOWN,INJURY AND / OR TOW DUE TO CRASH,Y,IMPROPER OVERTAKING/PASSING,601,W,KINZIE ST,,"REPORTED, NOT EVIDENT",0,0,0,17,7,11,41.88893872,-87.64294598
05/27/2023 09:05:00 PM,30,NO CONTROLS,CLEAR,"DARKNESS, LIGHTED ROAD",NOT DIVIDED,DRY,INJURY AND / OR TOW DUE TO CRASH,Y,IMPROPER OVERTAKING/PASSING,2201,N,CENTRAL AVE,,NONINCAPACITATING INJURY,0,0,1,21,7,5,41.92050469,-87.76571161
10/7/2023 23:07,30,NO CONTROLS,CLEAR,"DARKNESS, LIGHTED ROAD",NOT DIVIDED,DRY,INJURY AND / OR TOW DUE TO CRASH,,FAILING TO YIELD RIGHT-OF-WAY,5298,W,BELMONT AVE,,NONINCAPACITATING INJURY,0,0,1,23,7,10,41.93877932,-87.75901687
09/16/2017 08:43:00 PM,30,NO CONTROLS,CLEAR,"DARKNESS, LIGHTED ROAD",NOT DIVIDED,DRY,NO INJURY / DRIVE AWAY,Y,FAILING TO YIELD RIGHT-OF-WAY,2432,W,55TH ST,,NO INDICATION OF INJURY,0,0,0,20,7,9,41.79395512,-87.68536646
4/7/2023 13:50,30,TRAFFIC SIGNAL,CLEAR,DAYLIGHT,DIVIDED - W/MEDIAN (NOT RAISED),DRY,INJURY AND / OR TOW DUE TO CRASH,,DISREGARDING TRAFFIC SIGNALS,898,N,MICHIGAN AVE,,NONINCAPACITATING INJURY,0,0,1,13,6,4,41.89916756,-87.62427366
7/8/2018 0:14,25,STOP SIGN/FLASHER,CLEAR,"DARKNESS, LIGHTED ROAD",NOT DIVIDED,DRY,INJURY AND / OR TOW DUE TO CRASH,,UNABLE TO DETERMINE,700,E,63RD ST,,"REPORTED, NOT EVIDENT",0,0,0,0,1,7,41.78047899,-87.60832938
8/7/2019 18:55,30,NO CONTROLS,CLEAR,DAYLIGHT,NOT DIVIDED,DRY,INJURY AND / OR TOW DUE TO CRASH,,UNABLE TO DETERMINE,5013,W,DIVERSEY AVE,Y,NONINCAPACITATING INJURY,0,0,1,18,4,8,41.93134882,-87.75208289
6/12/2021 14:50,30,TRAFFIC SIGNAL,CLEAR,DAYLIGHT,FOUR WAY,DRY,INJURY AND / OR TOW DUE TO CRASH,,DISREGARDING TRAFFIC SIGNALS,600,W,IRVING PARK RD,,NONINCAPACITATING INJURY,0,0,1,14,7,6,41.95474551,-87.6453294
9/1/2021 17:28,30,UNKNOWN,CLEAR,DAYLIGHT,NOT DIVIDED,UNKNOWN,INJURY AND / OR TOW DUE TO CRASH,,UNABLE TO DETERMINE,3215,W,LEXINGTON ST,,NONINCAPACITATING INJURY,0,0,1,17,4,9,41.87176017,-87.7064999
11/7/2019 18:26,30,TRAFFIC SIGNAL,CLEAR,"DARKNESS, LIGHTED ROAD",FOUR WAY,DRY,INJURY AND / OR TOW DUE TO CRASH,,FAILING TO YIELD RIGHT-OF-WAY,200,W,KINZIE ST,,NONINCAPACITATING INJURY,0,0,1,18,5,11,41.88927484,-87.63408372
7/5/2022 3:15,30,NO CONTROLS,RAIN,"DARKNESS, LIGHTED ROAD",T-INTERSECTION,WET,INJURY AND / OR TOW DUE TO CRASH,Y,UNABLE TO DETERMINE,7900,S,CONSTANCE AVE,,NONINCAPACITATING INJURY,0,0,1,3,3,7,41.75146251,-87.58019677
06/24/2023 02:06:00 AM,30,STOP SIGN/FLASHER,CLEAR,"DARKNESS, LIGHTED ROAD",FOUR WAY,DRY,INJURY AND / OR TOW DUE TO CRASH,,FAILING TO YIELD RIGHT-OF-WAY,300,W,HUBBARD ST,,INCAPACITATING INJURY,0,1,0,2,7,6,41.89007262,-87.63559786
01/21/2018 06:13:00 PM,30,STOP SIGN/FLASHER,FOG/SMOKE/HAZE,"DARKNESS, LIGHTED ROAD",NOT DIVIDED,WET,INJURY AND / OR TOW DUE TO CRASH,,WEATHER,4501,N,DAMEN AVE,,NONINCAPACITATING INJURY,0,0,1,18,1,1,41.96332408,-87.67888359
09/14/2020 03:35:00 PM,30,TRAFFIC SIGNAL,CLEAR,DAYLIGHT,ROUNDABOUT,DRY,INJURY AND / OR TOW DUE TO CRASH,,UNABLE TO DETERMINE,2550,N,KEDZIE BLVD,,"REPORTED, NOT EVIDENT",0,0,0,15,2,9,41.92799077,-87.70778709
06/15/2017 11:51:00 AM,30,NO CONTROLS,CLEAR,DAYLIGHT,ONE-WAY,DRY,INJURY AND / OR TOW DUE TO CRASH,Y,DRIVING ON WRONG SIDE/WRONG WAY,2417,N,ORCHARD ST,,NONINCAPACITATING INJURY,0,0,1,11,5,6,41.9260343,-87.64620585
10/9/2020 12:29,20,NO CONTROLS,CLEAR,DAYLIGHT,NOT DIVIDED,DRY,INJURY AND / OR TOW DUE TO CRASH,,NOT APPLICABLE,2421,W,GRANVILLE AVE,,NONINCAPACITATING INJURY,0,0,1,12,6,10,41.9939721,-87.69067502