CRASH_DATE,POSTED_SPEED_LIMIT,TRAFFIC_CONTROL_DEVICE,WEATHER_CONDITION,LIGHTING_CONDITION,TRAFFICWAY_TYPE,ROADWAY_SURFACE_COND,CRASH_TYPE,HIT_AND_RUN_I,PRIM_CONTRIBUTORY_CAUSE,STREET_NO,STREET_DIRECTION,STREET_NAME,DOORING_I,MOST_SEVERE_INJURY,INJURIES_FATAL,INJURIES_INCAPACITATING,INJURIES_NON_INCAPACITATING,CRASH_HOUR,CRASH_DAY_OF_WEEK,CRASH_MONTH,LATITUDE,LONGITUDE
07/20/2019 10:10:00 PM,30,TRAFFIC SIGNAL,CLEAR,"DARKNESS, LIGHTED ROAD",CENTER TURN LANE,DRY,NO INJURY / DRIVE AWAY,,UNABLE TO DETERMINE,5600,W,FOSTER AVE,,NO INDICATION OF INJURY,0,0,0,22,7,7,41.97579235,-87.76852357
10/27/2023 07:31:00 PM,30,NO CONTROLS,CLOUDY/OVERCAST,DUSK,NOT DIVIDED,WET,INJURY AND / OR TOW DUE TO CRASH,,UNABLE TO DETERMINE,4649,N,DAMEN AVE,Y,INCAPACITATING INJURY,0,1,0,19,6,10,41.96658295,-87.67897535
07/13/2019 05:14:00 PM,30,TRAFFIC SIGNAL,CLEAR,DAYLIGHT,FOUR WAY,DRY,INJURY AND / OR TOW DUE TO CRASH,,FAILING TO YIELD RIGHT-OF-WAY,7900,S,SOUTH SHORE DR,,NONINCAPACITATING INJURY,0,0,1,17,7,7,41.7518556,-87.54825034
4/12/2021 16:17,30,NO CONTROLS,CLEAR,DAYLIGHT,NOT DIVIDED,DRY,NO INJURY / DRIVE AWAY,Y,IMPROPER LANE USAGE,1858,N,DAMEN AVE,,NO INDICATION OF INJURY,0,0,0,16,2,4,41.91543406,-87.67771613
1/3/2019 16:00,30,NO CONTROLS,CLEAR,DAYLIGHT,NOT DIVIDED,DRY,INJURY AND / OR TOW DUE TO CRASH,,UNABLE TO DETERMINE,55,E,OAK ST,Y,NONINCAPACITATING INJURY,0,0,1,16,5,1,41.90067042,-87.62630897
03/17/2021 12:00:00 PM,30,TRAFFIC SIGNAL,CLOUDY/OVERCAST,DAYLIGHT,NOT DIVIDED,UNKNOWN,INJURY AND / OR TOW DUE TO CRASH,,IMPROPER OVERTAKING/PASSING,4015,N,ASHLAND AVE,,"REPORTED, NOT EVIDENT",0,0,0,12,4,3,41.95478361,-87.66891643
8/7/2016 23:45,30,NO CONTROLS,CLEAR,"DARKNESS, LIGHTED ROAD",NOT DIVIDED,DRY,NO INJURY / DRIVE AWAY,,"DISTRACTION - OTHER ELECTRONIC DEVICE (NAVIGATION DEVICE, DVD PLAYER, ETC.)",3930,N,CLARK ST,,NO INDICATION OF INJURY,0,0,0,23,1,8,41.95334909,-87.66160867
05/14/2020 05:50:00 PM,30,STOP SIGN/FLASHER,CLEAR,DAYLIGHT,FOUR WAY,DRY,NO INJURY / DRIVE AWAY,,DISREGARDING STOP SIGN,5500,N,LINDER AVE,,NO INDICATION OF INJURY,0,0,0,17,5,5,41.98122858,-87.76608283
8/10/2018 10:45,30,TRAFFIC SIGNAL,CLEAR,DAYLIGHT,DIVIDED - W/MEDIAN (NOT RAISED),DRY,INJURY AND / OR TOW DUE TO CRASH,,UNABLE TO DETERMINE,1800,S,WENTWORTH AVE,,INCAPACITATING INJURY,0,1,0,10,6,8,41.85774375,-87.63203906
08/21/2021 04:44:00 PM,30,NO CONTROLS,CLEAR,DAYLIGHT,DIVIDED - W/MEDIAN (NOT RAISED),WET,INJURY AND / OR TOW DUE TO CRASH,,UNABLE TO DETERMINE,3020,N,CLARK ST,,NONINCAPACITATING INJURY,0,0,1,16,7,8,41.93692915,-87.64840021
10/16/2019 06:35:00 PM,30,TRAFFIC SIGNAL,CLEAR,"DARKNESS, LIGHTED ROAD",FOUR WAY,DRY,INJURY AND / OR TOW DUE TO CRASH,,IMPROPER TURNING/NO SIGNAL,28,W,KINZIE ST,,"REPORTED, NOT EVIDENT",0,0,0,18,4,10,41.88934822,-87.62917992
06/17/2021 04:26:00 PM,30,NO CONTROLS,CLEAR,DAYLIGHT,NOT DIVIDED,DRY,INJURY AND / OR TOW DUE TO CRASH,,DRIVING ON WRONG SIDE/WRONG WAY,5140,W,WASHINGTON BLVD,,NONINCAPACITATING INJURY,0,0,1,16,5,6,41.88192987,-87.75416226
7/5/2018 18:20,30,TRAFFIC SIGNAL,CLEAR,DAYLIGHT,NOT DIVIDED,DRY,INJURY AND / OR TOW DUE TO CRASH,Y,FAILING TO YIELD RIGHT-OF-WAY,2400,W,65TH ST,,NONINCAPACITATING INJURY,0,0,1,18,5,7,41.77571267,-87.6835958
10/6/2023 17:19,30,NO CONTROLS,CLOUDY/OVERCAST,DAYLIGHT,PARKING LOT,WET,INJURY AND / OR TOW DUE TO CRASH,,UNABLE TO DETERMINE,4500,S,WESTERN BLVD,,"REPORTED, NOT EVIDENT",0,0,0,17,6,10,41.8120386,-87.68410951
7/2/2020 19:47,30,NO CONTROLS,CLEAR,DAYLIGHT,NOT DIVIDED,DRY,INJURY AND / OR TOW DUE TO CRASH,,IMPROPER LANE USAGE,2518,S,ARCHER AVE,,NONINCAPACITATING INJURY,0,0,1,19,5,7,41.84685535,-87.64749474
04/22/2023 05:00:00 PM,30,NO CONTROLS,CLEAR,DAYLIGHT,NOT DIVIDED,DRY,NO INJURY / DRIVE AWAY,Y,FAILING TO YIELD RIGHT-OF-WAY,541,N,FAIRBANKS CT,,NO INDICATION OF INJURY,0,0,0,17,7,4,41.89227497,-87.6200988
5/8/2019 10:30,30,NO CONTROLS,CLEAR,DAYLIGHT,NOT DIVIDED,DRY,INJURY AND / OR TOW DUE TO CRASH,,FAILING TO YIELD RIGHT-OF-WAY,870,W,DIVISION ST,,NONINCAPACITATING INJURY,0,0,1,10,4,5,41.903716,-87.65075532
7/3/2023 16:27,30,STOP SIGN/FLASHER,CLEAR,DAYLIGHT,FOUR WAY,DRY,INJURY AND / OR TOW DUE TO CRASH,,UNABLE TO DETERMINE,5201,N,KENMORE AVE,,NONINCAPACITATING INJURY,0,0,1,16,2,7,41.97646812,-87.6562719
08/14/2018 01:45:00 PM,30,NO CONTROLS,CLEAR,DAYLIGHT,OTHER,DRY,INJURY AND / OR TOW DUE TO CRASH,N,UNABLE TO DETERMINE,1,E,CHICAGO AVE,,"REPORTED, NOT EVIDENT",0,0,0,13,3,8,41.89656858,-87.62812919
05/22/2017 06:30:00 PM,30,NO CONTROLS,CLEAR,DUSK,NOT DIVIDED,DRY,NO INJURY / DRIVE AWAY,Y,UNABLE TO DETERMINE,1956,N,KOSTNER AVE,,NO INDICATION OF INJURY,0,0,0,18,2,5,41.91689494,-87.73647018
04/14/2017 12:54:00 PM,30,STOP SIGN/FLASHER,CLEAR,DAYLIGHT,NOT DIVIDED,DRY,INJURY AND / OR TOW DUE TO CRASH,,UNABLE TO DETERMINE,6258,S,HONORE ST,N,NONINCAPACITATING INJURY,0,0,1,12,6,4,41.77946656,-87.67042178
06/17/2023 03:25:00 PM,30,NO CONTROLS,CLEAR,DAYLIGHT,NOT DIVIDED,DRY,INJURY AND / OR TOW DUE TO CRASH,,FAILING TO YIELD RIGHT-OF-WAY,5032,W,63RD ST,,"REPORTED, NOT EVIDENT",0,0,0,15,7,6,41.77842136,-87.74842828
06/25/2019 05:00:00 AM,30,TRAFFIC SIGNAL,CLEAR,DAWN,DIVIDED - W/MEDIAN (NOT RAISED),DRY,INJURY AND / OR TOW DUE TO CRASH,Y,"OPERATING VEHICLE IN ERRATIC, RECKLESS, CARELESS, NEGLIGENT OR AGGRESSIVE MANNER",2201,W,LAWRENCE AVE,,INCAPACITATING INJURY,0,1,0,5,3,6,41.96857413,-87.68409932
04/18/2020 01:48:00 PM,30,NO CONTROLS,CLEAR,DAYLIGHT,OTHER,UNKNOWN,NO INJURY / DRIVE AWAY,,IMPROPER OVERTAKING/PASSING,1949,W,FULLERTON AVE,,NO INDICATION OF INJURY,0,0,0,13,7,4,41.92491928,-87.67766794
8/10/2018 17:45,35,NO CONTROLS,CLEAR,DAYLIGHT,NOT DIVIDED,DRY,INJURY AND / OR TOW DUE TO CRASH,,DRIVING SKILLS/KNOWLEDGE/EXPERIENCE,2032,N,MILWAUKEE AVE,Y,INCAPACITATING INJURY,0,1,0,17,6,8,41.91822857,-87.68993151
08/27/2021 04:42:00 PM,30,NO CONTROLS,CLEAR,DAYLIGHT,NOT DIVIDED,DRY,NO INJURY / DRIVE AWAY,,UNABLE TO DETERMINE,10200,S,VINCENNES AVE,,NO INDICATION OF INJURY,0,0,0,16,6,8,41.70880613,-87.65543079
11/7/2019 9:53,30,NO CONTROLS,CLEAR,DAYLIGHT,DIVIDED - W/MEDIAN (NOT RAISED),DRY,NO INJURY / DRIVE AWAY,,"VISION OBSCURED (SIGNS, TREE LIMBS, BUILDINGS, ETC.)",1916,W,51ST ST,,NO INDICATION OF INJURY,0,0,0,9,5,11,41.80135812,-87.67283048
08/21/2019 05:36:00 PM,25,NO CONTROLS,CLEAR,DAYLIGHT,NOT DIVIDED,DRY,INJURY AND / OR TOW DUE TO CRASH,,NOT APPLICABLE,3150,N,LINCOLN AVE,Y,NONINCAPACITATING INJURY,0,0,1,17,4,8,41.93893539,-87.66785054
10/28/2022 03:30:00 PM,30,TRAFFIC SIGNAL,CLEAR,DAYLIGHT,DIVIDED - W/MEDIAN (NOT RAISED),DRY,INJURY AND / OR TOW DUE TO CRASH,,TURNING RIGHT ON RED,141,W,DIVISION ST,,NONINCAPACITATING INJURY,0,0,1,15,6,10,41.90376695,-87.63299462
07/27/2019 11:06:00 PM,30,TRAFFIC SIGNAL,CLEAR,DARKNESS,DIVIDED - W/MEDIAN (NOT RAISED),DRY,INJURY AND / OR TOW DUE TO CRASH,,UNABLE TO DETERMINE,6799,N,RIDGE BLVD,,INCAPACITATING INJURY,0,1,0,23,7,7,42.00518674,-87.68000604
06/21/2021 07:20:00 PM,30,TRAFFIC SIGNAL,CLEAR,DAYLIGHT,NOT DIVIDED,DRY,NO INJURY / DRIVE AWAY,,UNABLE TO DETERMINE,4000,N,NARRAGANSETT AVE,,NO INDICATION OF INJURY,0,0,0,19,2,6,41.95295865,-87.7867085
04/30/2021 07:25:00 AM,20,NO CONTROLS,CLEAR,DAYLIGHT,DRIVEWAY,DRY,INJURY AND / OR TOW DUE TO CRASH,,FAILING TO YIELD RIGHT-OF-WAY,4071,N,OAK PARK AVE,,NONINCAPACITATING INJURY,0,0,1,7,6,4,41.95463093,-87.7964547
09/21/2023 01:40:00 AM,30,NO CONTROLS,CLEAR,"DARKNESS, LIGHTED ROAD",NOT DIVIDED,DRY,INJURY AND / OR TOW DUE TO CRASH,,UNABLE TO DETERMINE,5407,N,BROADWAY,,NONINCAPACITATING INJURY,0,0,1,1,5,9,41.98023468,-87.65982895
09/16/2017 09:10:00 AM,30,TRAFFIC SIGNAL,CLEAR,DAYLIGHT,NOT DIVIDED,DRY,INJURY AND / OR TOW DUE TO CRASH,Y,FAILING TO YIELD RIGHT-OF-WAY,2304,N,MILWAUKEE AVE,,NONINCAPACITATING INJURY,0,0,1,9,7,9,41.92292017,-87.69760892
08/31/2022 08:50:00 AM,30,STOP SIGN/FLASHER,CLEAR,DAYLIGHT,FOUR WAY,DRY,INJURY AND / OR TOW DUE TO CRASH,,FAILING TO YIELD RIGHT-OF-WAY,100,S,PEORIA ST,,NONINCAPACITATING INJURY,0,0,1,8,4,8,41.88038348,-87.64980307
04/25/2019 08:35:00 AM,30,STOP SIGN/FLASHER,CLEAR,DAYLIGHT,NOT DIVIDED,DRY,NO INJURY / DRIVE AWAY,Y,UNABLE TO DETERMINE,3858,N,DAMEN AVE,,NO INDICATION OF INJURY,0,0,0,8,5,4,41.95228384,-87.6788489
9/5/2017 8:15,30,NO CONTROLS,CLEAR,DAYLIGHT,DIVIDED - W/MEDIAN (NOT RAISED),DRY,INJURY AND / OR TOW DUE TO CRASH,,DRIVING SKILLS/KNOWLEDGE/EXPERIENCE,1654,W,DIVERSEY PKWY,Y,NONINCAPACITATING INJURY,0,0,1,8,3,9,41.93248544,-87.67061149
09/27/2018 07:45:00 AM,30,NO CONTROLS,CLEAR,DAYLIGHT,DIVIDED - W/MEDIAN BARRIER,DRY,NO INJURY / DRIVE AWAY,,FAILING TO YIELD RIGHT-OF-WAY,700,N,HALSTED ST,,NO INDICATION OF INJURY,0,0,0,7,5,9,41.89517817,-87.64786005
08/27/2020 06:40:00 PM,35,TRAFFIC SIGNAL,CLEAR,DAYLIGHT,NOT DIVIDED,WET,INJURY AND / OR TOW DUE TO CRASH,Y,UNABLE TO DETERMINE,1201,W,CORTLAND ST,,NONINCAPACITATING INJURY,0,0,1,18,5,8,41.91706773,-87.65824892
6/6/2023 18:30,30,TRAFFIC SIGNAL,CLEAR,DAYLIGHT,DIVIDED - W/MEDIAN (NOT RAISED),DRY,INJURY AND / OR TOW DUE TO CRASH,Y,UNABLE TO DETERMINE,3404,W,CHICAGO AVE,,"REPORTED, NOT EVIDENT",0,0,0,18,3,6,41.89561426,-87.71168151
01/30/2018 05:12:00 PM,30,STOP SIGN/FLASHER,CLEAR,"DARKNESS, LIGHTED ROAD",DIVIDED - W/MEDIAN (NOT RAISED),DRY,NO INJURY / DRIVE AWAY,,FAILING TO YIELD RIGHT-OF-WAY,300,W,KINZIE ST,,NO INDICATION OF INJURY,0,0,0,17,3,1,41.88925819,-87.63557084
7/12/2018 9:10,25,NO CONTROLS,CLEAR,DAYLIGHT,NOT DIVIDED,DRY,INJURY AND / OR TOW DUE TO CRASH,,FAILING TO YIELD RIGHT-OF-WAY,3600,N,RECREATION DR,,NONINCAPACITATING INJURY,0,0,1,9,5,7,41.94886557,-87.64303425
8/9/2019 14:56,30,NO CONTROLS,CLEAR,DAYLIGHT,DIVIDED - W/MEDIAN (NOT RAISED),DRY,NO INJURY / DRIVE AWAY,,UNABLE TO DETERMINE,6340,N,BROADWAY,,NO INDICATION OF INJURY,0,0,0,14,6,8,41.99759056,-87.66063912
05/21/2019 07:57:00 AM,30,STOP SIGN/FLASHER,RAIN,DAYLIGHT,NOT DIVIDED,WET,NO INJURY / DRIVE AWAY,Y,FAILING TO YIELD RIGHT-OF-WAY,3259,S,WESTERN BLVD,,NO INDICATION OF INJURY,0,0,0,7,3,5,41.83396281,-87.68437208
10/15/2021 01:00:00 PM,30,TRAFFIC SIGNAL,CLEAR,DAYLIGHT,ONE-WAY,UNKNOWN,INJURY AND / OR TOW DUE TO CRASH,Y,IMPROPER OVERTAKING/PASSING,1600,W,ROSCOE ST,,NONINCAPACITATING INJURY,0,0,1,13,6,10,41.94345268,-87.66882573
9/9/2019 17:20,30,STOP SIGN/FLASHER,CLEAR,DAYLIGHT,ONE-WAY,DRY,NO INJURY / DRIVE AWAY,,FAILING TO REDUCE SPEED TO AVOID CRASH,4130,W,PALMER ST,,NO INDICATION OF INJURY,0,0,0,17,2,9,41.92088865,-87.73039753
11/8/2018 15:05,30,TRAFFIC SIGNAL,CLEAR,"DARKNESS, LIGHTED ROAD",NOT DIVIDED,DRY,NO INJURY / DRIVE AWAY,Y,IMPROPER OVERTAKING/PASSING,340,N,MICHIGAN AVE,,NO INDICATION OF INJURY,0,0,0,15,5,11,41.88770577,-87.62470386
01/26/2018 05:00:00 PM,35,NO CONTROLS,CLEAR,"DARKNESS, LIGHTED ROAD",DIVIDED - W/MEDIAN (NOT RAISED),DRY,NO INJURY / DRIVE AWAY,,FAILING TO YIELD RIGHT-OF-WAY,4000,W,IRVING PARK RD,,NO INDICATION OF INJURY,0,0,0,17,6,1,41.95375687,-87.72769851
05/31/2019 09:00:00 AM,30,NO CONTROLS,CLEAR,DAYLIGHT,DIVIDED - W/MEDIAN (NOT RAISED),DRY,INJURY AND / OR TOW DUE TO CRASH,,NOT APPLICABLE,1959,N,DAMEN AVE,,NONINCAPACITATING INJURY,0,0,1,9,6,5,41.91765966,-87.67747099
08/16/2017 05:56:00 PM,30,TRAFFIC SIGNAL,RAIN,DUSK,NOT DIVIDED,WET,NO INJURY / DRIVE AWAY,,IMPROPER LANE USAGE,501,N,STATE ST,,NO INDICATION OF INJURY,0,0,0,17,4,8,41.89090885,-87.6278924
9/12/2019 2:08,30,TRAFFIC SIGNAL,CLEAR,"DARKNESS, LIGHTED ROAD",DIVIDED - W/MEDIAN (NOT RAISED),WET,INJURY AND / OR TOW DUE TO CRASH,Y,DISREGARDING TRAFFIC SIGNALS,3200,N,RACINE AVE,,NONINCAPACITATING INJURY,0,0,1,2,5,9,41.93988073,-87.65911672
09/18/2017 02:07:00 AM,30,NO CONTROLS,CLEAR,"DARKNESS, LIGHTED ROAD",PARKING LOT,DRY,NO INJURY / DRIVE AWAY,,"VISION OBSCURED (SIGNS, TREE LIMBS, BUILDINGS, ETC.)",386,E,GARFIELD BLVD,,NO INDICATION OF INJURY,0,0,0,2,2,9,41.79491123,-87.61606074
09/22/2023 03:20:00 PM,30,TRAFFIC SIGNAL,CLEAR,DAYLIGHT,FOUR WAY,DRY,INJURY AND / OR TOW DUE TO CRASH,,DISREGARDING TRAFFIC SIGNALS,2190,S,INDIANA AVE,,"REPORTED, NOT EVIDENT",0,0,0,15,6,9,41.85298027,-87.62239783
10/18/2017 03:30:00 PM,25,NO CONTROLS,CLEAR,DAYLIGHT,RAMP,DRY,NO INJURY / DRIVE AWAY,,NOT APPLICABLE,3151,W,HARRISON ST,,NO INDICATION OF INJURY,0,0,0,15,4,10,41.87358229,-87.70548813
5/6/2022 9:30,30,NO CONTROLS,RAIN,DAYLIGHT,DIVIDED - W/MEDIAN (NOT RAISED),WET,NO INJURY / DRIVE AWAY,Y,DISREGARDING ROAD MARKINGS,2092,N,MILWAUKEE AVE,,NO INDICATION OF INJURY,0,0,0,9,6,5,41.91922975,-87.69157059
09/15/2018 01:00:00 PM,25,NO CONTROLS,CLEAR,DAYLIGHT,NOT DIVIDED,DRY,INJURY AND / OR TOW DUE TO CRASH,,UNABLE TO DETERMINE,5960,N,BROADWAY,,INCAPACITATING INJURY,0,1,0,13,7,9,41.99080937,-87.6604382
07/14/2020 05:43:00 PM,30,STOP SIGN/FLASHER,CLEAR,DAYLIGHT,FOUR WAY,DRY,INJURY AND / OR TOW DUE TO CRASH,,UNABLE TO DETERMINE,1958,N,KARLOV AVE,,NONINCAPACITATING INJURY,0,0,1,17,3,7,41.91703954,-87.72914228
09/17/2019 08:30:00 AM,30,STOP SIGN/FLASHER,CLEAR,DAYLIGHT,T-INTERSECTION,DRY,INJURY AND / OR TOW DUE TO CRASH,,DRIVING ON WRONG SIDE/WRONG WAY,4177,N,CLARENDON AVE,,NONINCAPACITATING INJURY,0,0,1,8,3,9,41.9578181,-87.64964909
08/13/2016 07:55:00 PM,30,NO CONTROLS,CLEAR,DARKNESS,ALLEY,DRY,NO INJURY / DRIVE AWAY,,IMPROPER LANE USAGE,7047,S,DR MARTIN LUTHER KING JR DR,,NO INDICATION OF INJURY,0,0,0,19,7,8,41.76612717,-87.61512389
6/9/2023 8:40,30,TRAFFIC SIGNAL,CLEAR,DAYLIGHT,DRIVEWAY,DRY,NO INJURY / DRIVE AWAY,,FAILING TO YIELD RIGHT-OF-WAY,179,W,WASHINGTON ST,,NO INDICATION OF INJURY,0,0,0,8,6,6,41.88309824,-87.63324311
06/29/2019 10:20:00 AM,30,OTHER,CLEAR,DAYLIGHT,NOT DIVIDED,DRY,INJURY AND / OR TOW DUE TO CRASH,,FAILING TO YIELD RIGHT-OF-WAY,520,N,HALSTED ST,Y,INCAPACITATING INJURY,0,1,0,10,7,6,41.89188849,-87.64776463
06/26/2023 10:29:00 PM,30,TRAFFIC SIGNAL,CLEAR,"DARKNESS, LIGHTED ROAD",FOUR WAY,DRY,INJURY AND / OR TOW DUE TO CRASH,Y,FAILING TO REDUCE SPEED TO AVOID CRASH,1200,S,CLARK ST,,INCAPACITATING INJURY,0,1,0,22,2,6,41.86728617,-87.63058097
11/12/2018 7:30,30,STOP SIGN/FLASHER,CLEAR,DAYLIGHT,ONE-WAY,DRY,NO INJURY / DRIVE AWAY,,UNABLE TO DETERMINE,11101,S,SAWYER AVE,,NO INDICATION OF INJURY,0,0,0,7,2,11,41.69146087,-87.70189503
9/11/2021 0:20,30,NO CONTROLS,CLEAR,"DARKNESS, LIGHTED ROAD",T-INTERSECTION,DRY,NO INJURY / DRIVE AWAY,,DISREGARDING STOP SIGN,1500,N,LARRABEE ST,,NO INDICATION OF INJURY,0,0,0,0,7,9,41.9092339,-87.64352641
11/5/2023 12:40,30,NO CONTROLS,CLEAR,DAYLIGHT,NOT DIVIDED,DRY,INJURY AND / OR TOW DUE TO CRASH,,"VISION OBSCURED (SIGNS, TREE LIMBS, BUILDINGS, ETC.)",553,W,31ST ST,Y,"REPORTED, NOT EVIDENT",0,0,0,12,1,11,41.8380029,-87.64109887
9/7/2021 16:40,35,TRAFFIC SIGNAL,RAIN,DAYLIGHT,T-INTERSECTION,WET,INJURY AND / OR TOW DUE TO CRASH,,DISREGARDING YIELD SIGN,6718,N,RIDGE BLVD,,INCAPACITATING INJURY,0,1,0,16,3,9,42.00387812,-87.67971576
05/13/2019 03:43:00 PM,30,NO CONTROLS,CLEAR,DAYLIGHT,NOT DIVIDED,DRY,INJURY AND / OR TOW DUE TO CRASH,,FOLLOWING TOO CLOSELY,3660,N,RECREATION DR,,NONINCAPACITATING INJURY,0,0,1,15,2,5,41.95035054,-87.64366734
05/23/2021 04:59:00 AM,30,UNKNOWN,CLEAR,DAWN,NOT DIVIDED,DRY,INJURY AND / OR TOW DUE TO CRASH,,NOT APPLICABLE,1109,W,GRACE ST,,NONINCAPACITATING INJURY,0,0,1,4,1,5,41.95096804,-87.65736118
03/29/2019 05:10:00 PM,30,NO CONTROLS,CLEAR,DAYLIGHT,DIVIDED - W/MEDIAN (NOT RAISED),DRY,NO INJURY / DRIVE AWAY,Y,UNABLE TO DETERMINE,2010,W,52ND ST,,NO INDICATION OF INJURY,0,0,0,17,6,3,41.79904788,-87.67495094
10/15/2019 09:57:00 AM,30,NO CONTROLS,CLEAR,DAYLIGHT,DIVIDED - W/MEDIAN (NOT RAISED),DRY,INJURY AND / OR TOW DUE TO CRASH,,DISREGARDING ROAD MARKINGS,1640,N,DAMEN AVE,Y,NONINCAPACITATING INJURY,0,0,1,9,3,10,41.9117261,-87.67763984
5/4/2023 16:45,30,STOP SIGN/FLASHER,CLEAR,DAYLIGHT,NOT DIVIDED,DRY,NO INJURY / DRIVE AWAY,,UNABLE TO DETERMINE,2600,W,BRYN MAWR AVE,,NO INDICATION OF INJURY,0,0,0,16,5,5,41.9832561,-87.69434483
09/27/2020 07:50:00 AM,25,TRAFFIC SIGNAL,CLEAR,DAYLIGHT,FOUR WAY,DRY,INJURY AND / OR TOW DUE TO CRASH,,FAILING TO REDUCE SPEED TO AVOID CRASH,2157,W,IRVING PARK RD,,"REPORTED, NOT EVIDENT",0,0,0,7,1,9,41.95397714,-87.68346415
10/3/2018 17:15,30,NO CONTROLS,CLEAR,DAYLIGHT,NOT DIVIDED,DRY,INJURY AND / OR TOW DUE TO CRASH,Y,IMPROPER OVERTAKING/PASSING,2612,W,MONTROSE AVE,,"REPORTED, NOT EVIDENT",0,0,0,17,4,10,41.96138732,-87.69415928
08/28/2022 09:30:00 PM,35,TRAFFIC SIGNAL,CLEAR,"DARKNESS, LIGHTED ROAD",DIVIDED - W/MEDIAN (NOT RAISED),DRY,NO INJURY / DRIVE AWAY,N,UNABLE TO DETERMINE,247,N,CLARK ST,Y,NO INDICATION OF INJURY,0,0,0,21,1,8,41.88692851,-87.63085774
08/14/2017 09:30:00 AM,30,NO CONTROLS,CLEAR,DAYLIGHT,NOT DIVIDED,DRY,INJURY AND / OR TOW DUE TO CRASH,,FAILING TO YIELD RIGHT-OF-WAY,909,W,BELMONT AVE,,NONINCAPACITATING INJURY,0,0,1,9,2,8,41.93983332,-87.65195465
03/14/2023 08:00:00 PM,30,UNKNOWN,UNKNOWN,UNKNOWN,NOT DIVIDED,UNKNOWN,INJURY AND / OR TOW DUE TO CRASH,N,UNABLE TO DETERMINE,1345,W,WILSON AVE,,INCAPACITATING INJURY,0,1,0,20,3,3,41.96519411,-87.66415794
8/8/2020 7:27,30,TRAFFIC SIGNAL,CLEAR,DAYLIGHT,NOT DIVIDED,DRY,INJURY AND / OR TOW DUE TO CRASH,,UNABLE TO DETERMINE,3956,W,FOSTER AVE,,INCAPACITATING INJURY,0,1,0,7,7,8,41.97564663,-87.72781083
10/21/2017 04:15:00 PM,30,NO CONTROLS,CLEAR,DAYLIGHT,ONE-WAY,DRY,NO INJURY / DRIVE AWAY,,UNABLE TO DETERMINE,55,W,ILLINOIS ST,Y,NO INDICATION OF INJURY,0,0,0,16,7,10,41.89071594,-87.63014745
8/10/2020 14:20,30,STOP SIGN/FLASHER,CLEAR,DAYLIGHT,FOUR WAY,DRY,INJURY AND / OR TOW DUE TO CRASH,,FAILING TO YIELD RIGHT-OF-WAY,3530,W,GRANVILLE AVE,,NONINCAPACITATING INJURY,0,0,1,14,2,8,41.99387083,-87.71780682
12/14/2022 07:53:00 PM,30,STOP SIGN/FLASHER,RAIN,"DARKNESS, LIGHTED ROAD",NOT DIVIDED,WET,NO INJURY / DRIVE AWAY,,NOT APPLICABLE,99,S,JEFFERSON ST,,NO INDICATION OF INJURY,0,0,0,19,4,12,41.88058263,-87.6424725
7/10/2020 16:34,30,NO CONTROLS,CLEAR,DAYLIGHT,T-INTERSECTION,DRY,INJURY AND / OR TOW DUE TO CRASH,,IMPROPER TURNING/NO SIGNAL,2253,N,MILWAUKEE AVE,,NONINCAPACITATING INJURY,0,0,2,16,6,7,41.9219004,-87.69548757
10/4/2017 13:05,4,NO CONTROLS,CLEAR,DAYLIGHT,NOT DIVIDED,DRY,NO INJURY / DRIVE AWAY,Y,NOT APPLICABLE,1512,N,HOMAN AVE,,NO INDICATION OF INJURY,0,0,0,13,4,10,41.90867571,-87.71201421
4/8/2019 17:00,30,UNKNOWN,CLEAR,DAYLIGHT,DIVIDED - W/MEDIAN (NOT RAISED),DRY,INJURY AND / OR TOW DUE TO CRASH,,FAILING TO YIELD RIGHT-OF-WAY,900,S,WELLS ST,Y,INCAPACITATING INJURY,0,1,0,17,2,4,41.87084893,-87.63368415
07/25/2020 08:30:00 PM,35,UNKNOWN,OTHER,"DARKNESS, LIGHTED ROAD",DIVIDED - W/MEDIAN (NOT RAISED),DRY,INJURY AND / OR TOW DUE TO CRASH,,FAILING TO YIELD RIGHT-OF-WAY,2799,N,CICERO AVE,,NONINCAPACITATING INJURY,0,0,1,20,7,7,41.93149097,-87.74644595
05/31/2018 05:20:00 PM,30,TRAFFIC SIGNAL,CLEAR,DAYLIGHT,NOT DIVIDED,DRY,NO INJURY / DRIVE AWAY,,UNABLE TO DETERMINE,248,N,WELLS ST,,NO INDICATION OF INJURY,0,0,0,17,5,5,41.88696014,-87.63411288
09/24/2020 07:00:00 PM,30,TRAFFIC SIGNAL,CLEAR,DUSK,DIVIDED - W/MEDIAN (NOT RAISED),DRY,INJURY AND / OR TOW DUE TO CRASH,Y,FAILING TO YIELD RIGHT-OF-WAY,4400,N,KIMBALL AVE,,NONINCAPACITATING INJURY,0,0,1,19,5,9,41.96121875,-87.71328518
06/21/2018 08:10:00 AM,30,TRAFFIC SIGNAL,RAIN,DAYLIGHT,NOT DIVIDED,WET,INJURY AND / OR TOW DUE TO CRASH,Y,FAILING TO YIELD RIGHT-OF-WAY,1475,N,CLYBOURN AVE,,NONINCAPACITATING INJURY,0,0,1,8,5,6,41.9080022,-87.64525303