CRASH_DATE,POSTED_SPEED_LIMIT,TRAFFIC_CONTROL_DEVICE,WEATHER_CONDITION,LIGHTING_CONDITION,TRAFFICWAY_TYPE,ROADWAY_SURFACE_COND,CRASH_TYPE,HIT_AND_RUN_I,PRIM_CONTRIBUTORY_CAUSE,STREET_NO,STREET_DIRECTION,STREET_NAME,DOORING_I,MOST_SEVERE_INJURY,INJURIES_FATAL,INJURIES_INCAPACITATING,INJURIES_NON_INCAPACITATING,CRASH_HOUR,CRASH_DAY_OF_WEEK,CRASH_MONTH,LATITUDE,LONGITUDE
5/6/2021 15:20,25,STOP SIGN/FLASHER,CLEAR,DAYLIGHT,DIVIDED - W/MEDIAN (NOT RAISED),DRY,INJURY AND / OR TOW DUE TO CRASH,,FAILING TO YIELD RIGHT-OF-WAY,1140,N,DEARBORN ST,,NONINCAPACITATING INJURY,0,0,1,15,5,5,41.90308734,-87.63010781
4/12/2023 18:16,15,NO CONTROLS,CLEAR,DAYLIGHT,ALLEY,DRY,INJURY AND / OR TOW DUE TO CRASH,,UNABLE TO DETERMINE,2516,S,BLUE ISLAND AVE,,NONINCAPACITATING INJURY,0,0,1,18,4,4,41.84679183,-87.6806281
01/19/2018 06:35:00 PM,30,TRAFFIC SIGNAL,OTHER,DARKNESS,DIVIDED - W/MEDIAN (NOT RAISED),WET,INJURY AND / OR TOW DUE TO CRASH,,BICYCLE ADVANCING LEGALLY ON RED LIGHT,7600,S,HALSTED ST,,"REPORTED, NOT EVIDENT",0,0,0,18,6,1,41.75599579,-87.64432824
2/12/2019 18:54,30,TRAFFIC SIGNAL,RAIN,"DARKNESS, LIGHTED ROAD",DIVIDED - W/MEDIAN BARRIER,ICE,INJURY AND / OR TOW DUE TO CRASH,,UNABLE TO DETERMINE,100,S,WACKER DR,,NONINCAPACITATING INJURY,0,0,1,18,3,2,41.88055703,-87.63713178
10/14/2020 03:20:00 PM,30,TRAFFIC SIGNAL,CLEAR,DAYLIGHT,ONE-WAY,DRY,NO INJURY / DRIVE AWAY,,IMPROPER TURNING/NO SIGNAL,5198,N,FRANCISCO AVE,,NO INDICATION OF INJURY,0,0,0,15,4,10,41.97570419,-87.70149916
09/22/2022 05:46:00 PM,30,TRAFFIC SIGNAL,CLEAR,DAYLIGHT,UNKNOWN INTERSECTION TYPE,DRY,INJURY AND / OR TOW DUE TO CRASH,,FAILING TO REDUCE SPEED TO AVOID CRASH,11200,S,MARSHFIELD AVE,,NONINCAPACITATING INJURY,0,0,1,17,5,9,41.69032983,-87.66164617
06/29/2018 12:14:00 PM,35,NO CONTROLS,CLEAR,DAYLIGHT,DIVIDED - W/MEDIAN (NOT RAISED),DRY,INJURY AND / OR TOW DUE TO CRASH,,UNABLE TO DETERMINE,6637,S,COTTAGE GROVE AVE,N,"REPORTED, NOT EVIDENT",0,0,0,12,6,6,41.77385369,-87.60564079
08/30/2017 02:00:00 PM,30,NO CONTROLS,CLEAR,DAYLIGHT,DIVIDED - W/MEDIAN BARRIER,DRY,INJURY AND / OR TOW DUE TO CRASH,,FAILING TO YIELD RIGHT-OF-WAY,2030,S,INDIANA AVE,,"REPORTED, NOT EVIDENT",0,0,0,14,4,8,41.85459556,-87.6224083
6/9/2022 14:35,10,NO CONTROLS,CLEAR,DAYLIGHT,PARKING LOT,DRY,INJURY AND / OR TOW DUE TO CRASH,Y,IMPROPER BACKING,2200,N,CANNON DR,,NONINCAPACITATING INJURY,0,0,1,14,5,6,41.9220638,-87.63223306
9/4/2019 5:50,20,STOP SIGN/FLASHER,CLEAR,DAWN,NOT DIVIDED,DRY,INJURY AND / OR TOW DUE TO CRASH,,UNABLE TO DETERMINE,2059,N,CENTRAL PARK AVE,,NONINCAPACITATING INJURY,0,0,1,5,4,9,41.91907053,-87.71668003
09/13/2018 05:45:00 PM,30,NO CONTROLS,CLEAR,DAYLIGHT,ONE-WAY,DRY,NO INJURY / DRIVE AWAY,,NOT APPLICABLE,3104,N,RUTHERFORD AVE,Y,NO INDICATION OF INJURY,0,0,0,17,5,9,41.93656525,-87.79457229
07/22/2017 07:15:00 PM,30,NO CONTROLS,CLEAR,DAYLIGHT,ONE-WAY,DRY,NO INJURY / DRIVE AWAY,,IMPROPER LANE USAGE,332,W,JACKSON BLVD,,NO INDICATION OF INJURY,0,0,0,19,7,7,41.87819976,-87.63615879
06/20/2021 06:30:00 PM,30,NO CONTROLS,CLEAR,DAYLIGHT,DIVIDED - W/MEDIAN (NOT RAISED),DRY,INJURY AND / OR TOW DUE TO CRASH,,NOT APPLICABLE,25,E,76TH ST,Y,NONINCAPACITATING INJURY,0,0,1,18,1,6,41.75632316,-87.623616
07/13/2022 07:50:00 AM,30,NO CONTROLS,CLEAR,DAYLIGHT,DIVIDED - W/MEDIAN (NOT RAISED),DRY,NO INJURY / DRIVE AWAY,Y,FOLLOWING TOO CLOSELY,2436,N,MILWAUKEE AVE,,NO INDICATION OF INJURY,0,0,0,7,4,7,41.92543764,-87.70171445
8/12/2018 19:05,30,NO CONTROLS,CLEAR,DAYLIGHT,DIVIDED - W/MEDIAN BARRIER,DRY,INJURY AND / OR TOW DUE TO CRASH,Y,FOLLOWING TOO CLOSELY,2600,N,KEDZIE AVE,,NONINCAPACITATING INJURY,0,0,1,19,1,8,41.92842183,-87.70802578
07/30/2020 06:32:00 PM,30,TRAFFIC SIGNAL,CLEAR,DAYLIGHT,DIVIDED - W/MEDIAN (NOT RAISED),DRY,NO INJURY / DRIVE AWAY,,DRIVING SKILLS/KNOWLEDGE/EXPERIENCE,748,W,LAWRENCE AVE,,NO INDICATION OF INJURY,0,0,0,18,5,7,41.96928214,-87.64967514
07/21/2021 07:36:00 PM,30,STOP SIGN/FLASHER,CLEAR,DAYLIGHT,TRAFFIC ROUTE,DRY,INJURY AND / OR TOW DUE TO CRASH,,DISREGARDING STOP SIGN,2799,S,ARCHER AVE,,NONINCAPACITATING INJURY,0,0,1,19,4,7,41.84342479,-87.65399866
06/19/2020 01:10:00 PM,25,STOP SIGN/FLASHER,CLEAR,DAYLIGHT,FOUR WAY,DRY,INJURY AND / OR TOW DUE TO CRASH,,FAILING TO YIELD RIGHT-OF-WAY,11101,S,EWING AVE,,INCAPACITATING INJURY,0,1,0,13,6,6,41.69357108,-87.53513525
03/17/2019 10:41:00 PM,30,NO CONTROLS,CLEAR,"DARKNESS, LIGHTED ROAD",DIVIDED - W/MEDIAN (NOT RAISED),DRY,INJURY AND / OR TOW DUE TO CRASH,,FAILING TO YIELD RIGHT-OF-WAY,3800,N,ELSTON AVE,,NONINCAPACITATING INJURY,0,0,1,22,1,3,41.95015408,-87.7141852
05/24/2021 04:13:00 PM,30,STOP SIGN/FLASHER,CLEAR,DAYLIGHT,T-INTERSECTION,DRY,INJURY AND / OR TOW DUE TO CRASH,Y,FAILING TO YIELD RIGHT-OF-WAY,1700,N,CALIFORNIA AVE,,NONINCAPACITATING INJURY,0,0,1,16,2,5,41.91242929,-87.69719625
10/22/2017 09:45:00 PM,20,NO CONTROLS,RAIN,"DARKNESS, LIGHTED ROAD",DIVIDED - W/MEDIAN (NOT RAISED),WET,INJURY AND / OR TOW DUE TO CRASH,Y,UNABLE TO DETERMINE,710,N,CENTRAL AVE,,INCAPACITATING INJURY,0,1,0,21,1,10,41.89330807,-87.76548214
06/18/2017 04:30:00 PM,35,NO CONTROLS,CLEAR,DAYLIGHT,DIVIDED - W/MEDIAN BARRIER,DRY,INJURY AND / OR TOW DUE TO CRASH,,UNABLE TO DETERMINE,2345,W,FOSTER AVE,,NONINCAPACITATING INJURY,0,0,1,16,1,6,41.97578903,-87.68854968
09/15/2016 04:30:00 PM,30,NO CONTROLS,CLEAR,DAYLIGHT,NOT DIVIDED,DRY,INJURY AND / OR TOW DUE TO CRASH,Y,UNABLE TO DETERMINE,2556,N,MILWAUKEE AVE,Y,NONINCAPACITATING INJURY,0,0,1,16,5,9,41.92770086,-87.70540214
8/1/2021 15:40,30,NO CONTROLS,CLEAR,DAYLIGHT,ALLEY,DRY,INJURY AND / OR TOW DUE TO CRASH,Y,UNABLE TO DETERMINE,755,W,76TH ST,,NONINCAPACITATING INJURY,0,0,1,15,1,8,41.75596976,-87.64395951
08/28/2021 01:00:00 PM,30,TRAFFIC SIGNAL,CLEAR,DAYLIGHT,NOT DIVIDED,DRY,NO INJURY / DRIVE AWAY,,NOT APPLICABLE,850,S,WABASH AVE,,NO INDICATION OF INJURY,0,0,0,13,7,8,41.87118435,-87.62606949
05/16/2020 05:45:00 PM,25,STOP SIGN/FLASHER,CLEAR,DAYLIGHT,OTHER,DRY,INJURY AND / OR TOW DUE TO CRASH,,FAILING TO YIELD RIGHT-OF-WAY,3300,N,OLCOTT AVE,,NONINCAPACITATING INJURY,0,0,1,17,7,5,41.93975092,-87.81428692
08/25/2017 05:45:00 PM,30,TRAFFIC SIGNAL,CLEAR,DAYLIGHT,NOT DIVIDED,DRY,INJURY AND / OR TOW DUE TO CRASH,Y,FAILING TO YIELD RIGHT-OF-WAY,640,W,MADISON ST,,"REPORTED, NOT EVIDENT",0,0,0,17,6,8,41.88192917,-87.64418136
6/6/2020 14:30,30,NO CONTROLS,CLEAR,DAYLIGHT,NOT DIVIDED,DRY,INJURY AND / OR TOW DUE TO CRASH,,FAILING TO YIELD RIGHT-OF-WAY,2748,N,LINCOLN AVE,Y,NONINCAPACITATING INJURY,0,0,2,14,7,6,41.93166321,-87.65766949
04/23/2022 06:46:00 AM,25,TRAFFIC SIGNAL,CLEAR,DAYLIGHT,NOT DIVIDED,DRY,INJURY AND / OR TOW DUE TO CRASH,Y,FAILING TO YIELD RIGHT-OF-WAY,4802,W,JACKSON BLVD,,NONINCAPACITATING INJURY,0,0,1,6,7,4,41.87690908,-87.74526577
08/24/2016 01:30:00 AM,30,NO CONTROLS,CLEAR,"DARKNESS, LIGHTED ROAD",DIVIDED - W/MEDIAN (NOT RAISED),DRY,NO INJURY / DRIVE AWAY,,PHYSICAL CONDITION OF DRIVER,3911,W,MONTROSE AVE,,NO INDICATION OF INJURY,0,0,0,1,4,8,41.96086281,-87.72586342
06/27/2019 06:13:00 PM,30,NO CONTROLS,CLEAR,DAYLIGHT,NOT DIVIDED,DRY,INJURY AND / OR TOW DUE TO CRASH,,UNABLE TO DETERMINE,4640,N,LINCOLN AVE,,"REPORTED, NOT EVIDENT",0,0,0,18,5,6,41.96590343,-87.68694374
06/24/2020 12:45:00 PM,30,TRAFFIC SIGNAL,CLEAR,DAYLIGHT,NOT DIVIDED,DRY,NO INJURY / DRIVE AWAY,Y,"OPERATING VEHICLE IN ERRATIC, RECKLESS, CARELESS, NEGLIGENT OR AGGRESSIVE MANNER",1301,S,HALSTED ST,,NO INDICATION OF INJURY,0,0,0,12,4,6,41.8653607,-87.64671741
07/26/2018 11:30:00 PM,20,STOP SIGN/FLASHER,CLEAR,"DARKNESS, LIGHTED ROAD",ONE-WAY,DRY,NO INJURY / DRIVE AWAY,,UNABLE TO DETERMINE,400,E,BENTON PL,,NO INDICATION OF INJURY,0,0,0,23,5,7,41.88560816,-87.6173458
08/25/2020 05:40:00 PM,30,STOP SIGN/FLASHER,CLEAR,DAYLIGHT,DIVIDED - W/MEDIAN (NOT RAISED),DRY,INJURY AND / OR TOW DUE TO CRASH,Y,UNABLE TO DETERMINE,1028,N,HUMBOLDT DR,,NONINCAPACITATING INJURY,0,0,1,17,3,8,41.90010735,-87.70255487
5/4/2018 15:30,10,NO CONTROLS,CLEAR,DAYLIGHT,PARKING LOT,OTHER,INJURY AND / OR TOW DUE TO CRASH,,HAD BEEN DRINKING (USE WHEN ARREST IS NOT MADE),2901,W,ARMITAGE AVE,,NONINCAPACITATING INJURY,0,0,1,15,6,5,41.91735855,-87.69934107
9/9/2017 10:04,30,STOP SIGN/FLASHER,CLEAR,DAYLIGHT,DIVIDED - W/MEDIAN (NOT RAISED),DRY,INJURY AND / OR TOW DUE TO CRASH,,DISREGARDING STOP SIGN,5300,N,CALIFORNIA AVE,,NONINCAPACITATING INJURY,0,0,1,10,7,9,41.9776875,-87.69912872
07/30/2022 10:05:00 PM,30,NO CONTROLS,CLEAR,"DARKNESS, LIGHTED ROAD",FOUR WAY,DRY,NO INJURY / DRIVE AWAY,Y,FAILING TO YIELD RIGHT-OF-WAY,3426,W,LAWRENCE AVE,,NO INDICATION OF INJURY,0,0,0,22,7,7,41.96849906,-87.71452863
07/24/2019 05:15:00 PM,30,NO CONTROLS,CLEAR,DAYLIGHT,DIVIDED - W/MEDIAN (NOT RAISED),DRY,NO INJURY / DRIVE AWAY,Y,IMPROPER OVERTAKING/PASSING,35,S,STATE ST,,NO INDICATION OF INJURY,0,0,0,17,4,7,41.88115359,-87.62759118
05/28/2019 07:13:00 PM,30,NO CONTROLS,CLEAR,DUSK,NOT DIVIDED,DRY,INJURY AND / OR TOW DUE TO CRASH,,FAILING TO YIELD RIGHT-OF-WAY,539,W,ADDISON ST,,NONINCAPACITATING INJURY,0,0,1,19,3,5,41.94805322,-87.64482714
08/26/2020 02:25:00 PM,30,TRAFFIC SIGNAL,CLEAR,DAYLIGHT,NOT DIVIDED,DRY,INJURY AND / OR TOW DUE TO CRASH,,DISREGARDING OTHER TRAFFIC SIGNS,148,N,STATE ST,,"REPORTED, NOT EVIDENT",0,0,0,14,4,8,41.88445703,-87.62805681
05/24/2022 03:30:00 PM,30,NO CONTROLS,CLEAR,DAYLIGHT,NOT DIVIDED,DRY,INJURY AND / OR TOW DUE TO CRASH,,FAILING TO YIELD RIGHT-OF-WAY,111,S,HALSTED ST,,NONINCAPACITATING INJURY,0,0,1,15,3,5,41.88012878,-87.6471646
7/2/2022 8:35,30,NO CONTROLS,CLEAR,DAYLIGHT,T-INTERSECTION,DRY,INJURY AND / OR TOW DUE TO CRASH,,UNABLE TO DETERMINE,1599,E,52ND ST,,"REPORTED, NOT EVIDENT",0,0,0,8,7,7,41.80091829,-87.5875832
04/23/2017 10:20:00 AM,30,NO CONTROLS,CLEAR,DAYLIGHT,DRIVEWAY,DRY,INJURY AND / OR TOW DUE TO CRASH,,FAILING TO YIELD RIGHT-OF-WAY,12,S,HALSTED ST,,NONINCAPACITATING INJURY,0,0,1,10,1,4,41.8814068,-87.64749403
04/16/2022 09:20:00 AM,30,UNKNOWN,OTHER,DAYLIGHT,UNKNOWN,UNKNOWN,INJURY AND / OR TOW DUE TO CRASH,Y,UNABLE TO DETERMINE,5900,S,DAMEN AVE,Y,INCAPACITATING INJURY,0,1,0,9,7,4,41.78653345,-87.67424315
10/12/2021 7:45,30,STOP SIGN/FLASHER,CLOUDY/OVERCAST,DAWN,FOUR WAY,UNKNOWN,INJURY AND / OR TOW DUE TO CRASH,,UNABLE TO DETERMINE,1766,W,DEVON AVE,,NONINCAPACITATING INJURY,0,0,1,7,3,10,41.99811023,-87.67461745
8/1/2019 16:35,30,NO CONTROLS,CLEAR,DAYLIGHT,NOT DIVIDED,DRY,NO INJURY / DRIVE AWAY,,UNABLE TO DETERMINE,100,S,MICHIGAN AVE,,NO INDICATION OF INJURY,0,0,0,16,5,8,41.88077067,-87.62448302
06/16/2023 04:25:00 PM,30,TRAFFIC SIGNAL,CLEAR,DAYLIGHT,NOT DIVIDED,UNKNOWN,INJURY AND / OR TOW DUE TO CRASH,,IMPROPER OVERTAKING/PASSING,498,W,KINZIE ST,,NONINCAPACITATING INJURY,0,0,1,16,6,6,41.88915767,-87.63994202
9/11/2017 13:00,30,NO CONTROLS,CLEAR,DAYLIGHT,DIVIDED - W/MEDIAN (NOT RAISED),UNKNOWN,INJURY AND / OR TOW DUE TO CRASH,,UNABLE TO DETERMINE,1422,W,WEBSTER AVE,Y,INCAPACITATING INJURY,0,1,0,13,2,9,41.92172424,-87.66415449
09/30/2016 03:30:00 PM,30,STOP SIGN/FLASHER,CLEAR,DAYLIGHT,DIVIDED - W/MEDIAN (NOT RAISED),DRY,NO INJURY / DRIVE AWAY,,FAILING TO YIELD RIGHT-OF-WAY,2450,N,CENTRAL AVE,,NO INDICATION OF INJURY,0,0,0,15,6,9,41.92548419,-87.76619104
7/2/2023 16:10,30,TRAFFIC SIGNAL,RAIN,DAYLIGHT,FOUR WAY,WET,NO INJURY / DRIVE AWAY,,DISREGARDING TRAFFIC SIGNALS,799,W,43RD ST,,NO INDICATION OF INJURY,0,0,0,16,1,7,41.81607486,-87.64566353
09/19/2017 07:30:00 PM,5,NO CONTROLS,CLEAR,DUSK,PARKING LOT,DRY,NO INJURY / DRIVE AWAY,,UNABLE TO DETERMINE,3037,N,ASHLAND AVE,,NO INDICATION OF INJURY,0,0,0,19,3,9,41.93713179,-87.66842308
04/14/2022 04:12:00 PM,30,TRAFFIC SIGNAL,CLEAR,DAYLIGHT,FOUR WAY,DRY,INJURY AND / OR TOW DUE TO CRASH,,DISREGARDING TRAFFIC SIGNALS,240,N,WABASH AVE,,NONINCAPACITATING INJURY,0,0,1,16,5,4,41.88663472,-87.62647297
01/19/2018 01:30:00 PM,30,NO CONTROLS,CLEAR,DAYLIGHT,DIVIDED - W/MEDIAN (NOT RAISED),DRY,INJURY AND / OR TOW DUE TO CRASH,,UNABLE TO DETERMINE,2768,N,MILWAUKEE AVE,,NONINCAPACITATING INJURY,0,0,1,13,6,1,41.93140891,-87.71148142
07/30/2018 07:45:00 PM,30,NO CONTROLS,CLEAR,DUSK,NOT DIVIDED,DRY,INJURY AND / OR TOW DUE TO CRASH,,DRIVING SKILLS/KNOWLEDGE/EXPERIENCE,1944,N,DAMEN AVE,Y,NONINCAPACITATING INJURY,0,0,1,19,2,7,41.91716625,-87.67774727
10/2/2017 19:40,30,NO CONTROLS,CLEAR,"DARKNESS, LIGHTED ROAD",OTHER,DRY,INJURY AND / OR TOW DUE TO CRASH,,FAILING TO YIELD RIGHT-OF-WAY,5661,S,ARCHER AVE,N,NONINCAPACITATING INJURY,0,0,1,19,2,10,41.79712832,-87.75247218
9/4/2022 21:30,30,TRAFFIC SIGNAL,CLEAR,"DARKNESS, LIGHTED ROAD",DIVIDED - W/MEDIAN (NOT RAISED),UNKNOWN,INJURY AND / OR TOW DUE TO CRASH,Y,UNABLE TO DETERMINE,2401,N,DAMEN AVE,,NONINCAPACITATING INJURY,0,0,1,21,1,9,41.92504785,-87.67775352
08/13/2018 02:30:00 PM,30,NO CONTROLS,CLEAR,DAYLIGHT,DIVIDED - W/MEDIAN (NOT RAISED),DRY,INJURY AND / OR TOW DUE TO CRASH,,FAILING TO REDUCE SPEED TO AVOID CRASH,6973,N,CLARK ST,,NONINCAPACITATING INJURY,0,0,1,14,2,8,42.00872054,-87.67375036
7/2/2022 16:00,30,NO CONTROLS,CLEAR,DAYLIGHT,NOT DIVIDED,DRY,INJURY AND / OR TOW DUE TO CRASH,Y,UNABLE TO DETERMINE,1550,N,LAKE SHORE DR SB,,NONINCAPACITATING INJURY,0,0,1,16,7,7,41.91103585,-87.62615129
10/1/2023 12:45,30,TRAFFIC SIGNAL,CLEAR,DAYLIGHT,"FIVE POINT, OR MORE",DRY,INJURY AND / OR TOW DUE TO CRASH,Y,FAILING TO YIELD RIGHT-OF-WAY,4033,S,CALIFORNIA AVE,,NONINCAPACITATING INJURY,0,0,1,12,1,10,41.81998847,-87.69441844
10/12/2019 15:45,30,UNKNOWN,UNKNOWN,UNKNOWN,UNKNOWN,UNKNOWN,NO INJURY / DRIVE AWAY,,UNABLE TO DETERMINE,1532,W,99TH ST,,NO INDICATION OF INJURY,0,0,0,15,7,10,41.71409333,-87.661531
9/10/2017 13:00,30,TRAFFIC SIGNAL,CLEAR,DAYLIGHT,NOT DIVIDED,DRY,INJURY AND / OR TOW DUE TO CRASH,,UNABLE TO DETERMINE,1600,N,HUMBOLDT BLVD,,NONINCAPACITATING INJURY,0,0,2,13,1,9,41.91026903,-87.70201587
08/29/2023 12:57:00 PM,25,TRAFFIC SIGNAL,CLEAR,DAYLIGHT,ONE-WAY,DRY,INJURY AND / OR TOW DUE TO CRASH,,DISREGARDING TRAFFIC SIGNALS,149,N,FRANKLIN ST,,NONINCAPACITATING INJURY,0,0,1,12,3,8,41.88443798,-87.63523119
10/11/2019 14:59,30,STOP SIGN/FLASHER,RAIN,DAYLIGHT,FOUR WAY,WET,INJURY AND / OR TOW DUE TO CRASH,Y,IMPROPER OVERTAKING/PASSING,6300,S,NASHVILLE AVE,,NONINCAPACITATING INJURY,0,0,1,14,6,10,41.7775575,-87.78629685
6/9/2017 15:15,30,NO CONTROLS,CLEAR,DAYLIGHT,DIVIDED - W/MEDIAN (NOT RAISED),DRY,NO INJURY / DRIVE AWAY,Y,IMPROPER TURNING/NO SIGNAL,1197,N,HOMAN AVE,,NO INDICATION OF INJURY,0,0,0,15,6,6,41.9027005,-87.71152604
03/26/2019 09:05:00 AM,30,NO CONTROLS,CLEAR,DAYLIGHT,DIVIDED - W/MEDIAN (NOT RAISED),DRY,NO INJURY / DRIVE AWAY,,FAILING TO YIELD RIGHT-OF-WAY,1677,N,MILWAUKEE AVE,,NO INDICATION OF INJURY,0,0,0,9,3,3,41.91194788,-87.67966554
7/1/2019 23:13,30,TRAFFIC SIGNAL,UNKNOWN,UNKNOWN,UNKNOWN,UNKNOWN,INJURY AND / OR TOW DUE TO CRASH,Y,UNABLE TO DETERMINE,499,N,NOBLE ST,,"REPORTED, NOT EVIDENT",0,0,0,23,2,7,41.8910034,-87.6621175
09/15/2023 04:10:00 PM,30,STOP SIGN/FLASHER,CLEAR,DAYLIGHT,ONE-WAY,DRY,NO INJURY / DRIVE AWAY,,UNABLE TO DETERMINE,2000,N,AVERS AVE,,NO INDICATION OF INJURY,0,0,0,16,6,9,41.91729649,-87.7230397
09/18/2023 03:45:00 PM,30,NO CONTROLS,CLEAR,DAYLIGHT,NOT DIVIDED,DRY,INJURY AND / OR TOW DUE TO CRASH,Y,FAILING TO YIELD RIGHT-OF-WAY,6800,S,MAPLEWOOD AVE,,NONINCAPACITATING INJURY,0,0,1,15,2,9,41.77000595,-87.68720877
05/13/2022 04:24:00 PM,30,TRAFFIC SIGNAL,CLEAR,DAYLIGHT,NOT DIVIDED,DRY,INJURY AND / OR TOW DUE TO CRASH,,FAILING TO YIELD RIGHT-OF-WAY,2198,S,ARCHER AVE,,NONINCAPACITATING INJURY,0,0,1,16,6,5,41.85302972,-87.63474476
07/17/2018 08:30:00 AM,30,STOP SIGN/FLASHER,CLEAR,DAYLIGHT,NOT DIVIDED,DRY,INJURY AND / OR TOW DUE TO CRASH,,UNABLE TO DETERMINE,3460,S,PRAIRIE AVE,,NONINCAPACITATING INJURY,0,0,1,8,3,7,41.83115522,-87.62069903
04/18/2017 05:50:00 PM,30,NO CONTROLS,CLEAR,DAYLIGHT,DIVIDED - W/MEDIAN (NOT RAISED),DRY,NO INJURY / DRIVE AWAY,,UNABLE TO DETERMINE,544,W,OAK ST,,NO INDICATION OF INJURY,0,0,0,17,3,4,41.90052524,-87.64295528
08/26/2017 04:00:00 PM,30,STOP SIGN/FLASHER,CLEAR,DAYLIGHT,NOT DIVIDED,DRY,INJURY AND / OR TOW DUE TO CRASH,Y,NOT APPLICABLE,4356,S,CALIFORNIA AVE,,NONINCAPACITATING INJURY,0,0,1,16,7,8,41.8138793,-87.69452316
9/7/2022 19:30,30,NO CONTROLS,CLEAR,"DARKNESS, LIGHTED ROAD",NOT DIVIDED,DRY,NO INJURY / DRIVE AWAY,,UNABLE TO DETERMINE,5058,N,CLARK ST,Y,NO INDICATION OF INJURY,0,0,0,19,4,9,41.97417663,-87.66833321
05/24/2022 03:30:00 PM,30,TRAFFIC SIGNAL,CLEAR,DAYLIGHT,DIVIDED - W/MEDIAN (NOT RAISED),DRY,INJURY AND / OR TOW DUE TO CRASH,,UNABLE TO DETERMINE,3358,W,MONTROSE AVE,,"REPORTED, NOT EVIDENT",0,0,0,15,3,5,41.96123967,-87.71307662
5/5/2018 17:40,30,TRAFFIC SIGNAL,CLEAR,DAWN,DIVIDED - W/MEDIAN (NOT RAISED),DRY,INJURY AND / OR TOW DUE TO CRASH,,FAILING TO REDUCE SPEED TO AVOID CRASH,2400,W,OGDEN AVE,,NONINCAPACITATING INJURY,0,0,1,17,7,5,41.86483171,-87.68616067
9/1/2015 7:45,30,STOP SIGN/FLASHER,CLEAR,DAYLIGHT,OTHER,DRY,NO INJURY / DRIVE AWAY,,UNABLE TO DETERMINE,1740,W,TAYLOR ST,,NO INDICATION OF INJURY,0,0,0,7,3,9,41.86931091,-87.67059868
04/14/2018 09:20:00 PM,30,TRAFFIC SIGNAL,RAIN,DARKNESS,ONE-WAY,WET,INJURY AND / OR TOW DUE TO CRASH,,FAILING TO YIELD RIGHT-OF-WAY,4700,S,KEELER AVE,,NONINCAPACITATING INJURY,0,0,1,21,7,4,41.80771681,-87.7286199
9/6/2022 15:30,30,NO CONTROLS,CLEAR,DAYLIGHT,NOT DIVIDED,DRY,INJURY AND / OR TOW DUE TO CRASH,Y,UNABLE TO DETERMINE,5532,W,NORTH AVE,,"REPORTED, NOT EVIDENT",0,0,0,15,3,9,41.90950288,-87.76433931
10/15/2018 05:35:00 PM,0,TRAFFIC SIGNAL,CLEAR,DAYLIGHT,DIVIDED - W/MEDIAN (NOT RAISED),DRY,INJURY AND / OR TOW DUE TO CRASH,,FAILING TO YIELD RIGHT-OF-WAY,2328,W,LAWRENCE AVE,,NONINCAPACITATING INJURY,0,0,1,17,2,10,41.9687459,-87.68755477
06/19/2020 07:30:00 PM,30,NO CONTROLS,CLEAR,DUSK,ALLEY,DRY,NO INJURY / DRIVE AWAY,,FAILING TO YIELD RIGHT-OF-WAY,2000,W,94TH ST,Y,NO INDICATION OF INJURY,0,0,0,19,6,6,41.72301259,-87.67292294
8/4/2019 0:50,30,TRAFFIC SIGNAL,CLEAR,"DARKNESS, LIGHTED ROAD",DIVIDED - W/MEDIAN (NOT RAISED),DRY,INJURY AND / OR TOW DUE TO CRASH,,UNABLE TO DETERMINE,2000,N,CALIFORNIA AVE,,NONINCAPACITATING INJURY,0,0,1,0,1,8,41.91751954,-87.69734854
07/18/2019 08:02:00 PM,30,TRAFFIC SIGNAL,CLEAR,DAYLIGHT,DIVIDED - W/MEDIAN (NOT RAISED),UNKNOWN,INJURY AND / OR TOW DUE TO CRASH,,UNABLE TO DETERMINE,4351,N,BROADWAY,,INCAPACITATING INJURY,0,1,0,20,5,7,41.96149948,-87.65479479
8/9/2022 17:26,30,TRAFFIC SIGNAL,CLEAR,DAYLIGHT,NOT DIVIDED,DRY,INJURY AND / OR TOW DUE TO CRASH,,FAILING TO YIELD RIGHT-OF-WAY,3954,W,DIVISION ST,,NONINCAPACITATING INJURY,0,0,1,17,3,8,41.90278631,-87.72606012
07/26/2019 08:00:00 PM,30,NO CONTROLS,CLEAR,"DARKNESS, LIGHTED ROAD",DIVIDED - W/MEDIAN (NOT RAISED),DRY,INJURY AND / OR TOW DUE TO CRASH,,NOT APPLICABLE,2620,N,CLARK ST,N,INCAPACITATING INJURY,0,1,0,20,6,7,41.93014802,-87.64372915
07/31/2023 09:26:00 AM,30,UNKNOWN,CLEAR,DAYLIGHT,DIVIDED - W/MEDIAN (NOT RAISED),DRY,NO INJURY / DRIVE AWAY,,UNABLE TO DETERMINE,6000,S,STONY ISLAND AVE,,NO INDICATION OF INJURY,0,0,0,9,2,7,41.78602474,-87.58673847
6/9/2023 17:35,30,TRAFFIC SIGNAL,UNKNOWN,DAYLIGHT,DIVIDED - W/MEDIAN (NOT RAISED),UNKNOWN,NO INJURY / DRIVE AWAY,,UNABLE TO DETERMINE,800,N,MILWAUKEE AVE,,NO INDICATION OF INJURY,0,0,0,17,6,6,41.8962188,-87.6556039