CRASH_DATE,POSTED_SPEED_LIMIT,TRAFFIC_CONTROL_DEVICE,WEATHER_CONDITION,LIGHTING_CONDITION,TRAFFICWAY_TYPE,ROADWAY_SURFACE_COND,CRASH_TYPE,HIT_AND_RUN_I,PRIM_CONTRIBUTORY_CAUSE,STREET_NO,STREET_DIRECTION,STREET_NAME,DOORING_I,MOST_SEVERE_INJURY,INJURIES_FATAL,INJURIES_INCAPACITATING,INJURIES_NON_INCAPACITATING,CRASH_HOUR,CRASH_DAY_OF_WEEK,CRASH_MONTH,LATITUDE,LONGITUDE
06/21/2023 02:44:00 PM,30,NO CONTROLS,CLEAR,DAYLIGHT,NOT DIVIDED,DRY,INJURY AND / OR TOW DUE TO CRASH,,FAILING TO YIELD RIGHT-OF-WAY,2399,N,MILWAUKEE AVE,,NONINCAPACITATING INJURY,0,0,2,14,4,6,41.92481674,-87.7002345
09/14/2020 04:28:00 PM,30,STOP SIGN/FLASHER,CLEAR,DAYLIGHT,DIVIDED - W/MEDIAN (NOT RAISED),DRY,INJURY AND / OR TOW DUE TO CRASH,Y,DISREGARDING STOP SIGN,6700,S,GREEN ST,,NONINCAPACITATING INJURY,0,0,1,16,2,9,41.77236204,-87.64595746
11/21/2019 06:20:00 PM,30,TRAFFIC SIGNAL,CLEAR,DAWN,NOT DIVIDED,DRY,INJURY AND / OR TOW DUE TO CRASH,,UNABLE TO DETERMINE,36,W,MARBLE PL,,"REPORTED, NOT EVIDENT",0,0,0,18,5,11,41.8801939,-87.62912622
07/18/2022 06:30:00 PM,15,NO CONTROLS,CLEAR,DAYLIGHT,ALLEY,DRY,INJURY AND / OR TOW DUE TO CRASH,Y,FAILING TO REDUCE SPEED TO AVOID CRASH,3045,W,ARGYLE ST,,NONINCAPACITATING INJURY,0,0,1,18,2,7,41.97200581,-87.70552305
6/12/2021 7:00,30,NO CONTROLS,CLEAR,DAYLIGHT,OTHER,DRY,INJURY AND / OR TOW DUE TO CRASH,,FAILING TO YIELD RIGHT-OF-WAY,400,E,MONROE DR,,NONINCAPACITATING INJURY,0,0,1,7,7,6,41.88102972,-87.61728157
10/6/2017 10:00,30,NO CONTROLS,UNKNOWN,DAYLIGHT,DIVIDED - W/MEDIAN (NOT RAISED),UNKNOWN,INJURY AND / OR TOW DUE TO CRASH,,UNABLE TO DETERMINE,2459,W,MADISON ST,,"REPORTED, NOT EVIDENT",0,0,0,10,6,10,41.88102049,-87.68867106
7/11/2020 12:26,30,NO CONTROLS,CLEAR,DAYLIGHT,NOT DIVIDED,DRY,NO INJURY / DRIVE AWAY,,"VISION OBSCURED (SIGNS, TREE LIMBS, BUILDINGS, ETC.)",2707,N,MILWAUKEE AVE,N,NO INDICATION OF INJURY,0,0,0,12,7,7,41.93049653,-87.70951132
02/21/2021 12:12:00 PM,30,NO CONTROLS,CLEAR,DAYLIGHT,NOT DIVIDED,WET,INJURY AND / OR TOW DUE TO CRASH,,NOT APPLICABLE,5425,S,KEDZIE AVE,,NONINCAPACITATING INJURY,0,0,1,12,1,2,41.79453798,-87.70344095
08/28/2022 07:53:00 PM,30,TRAFFIC SIGNAL,CLEAR,"DARKNESS, LIGHTED ROAD",NOT DIVIDED,DRY,INJURY AND / OR TOW DUE TO CRASH,,TURNING RIGHT ON RED,5201,W,BELMONT AVE,,INCAPACITATING INJURY,0,1,0,19,1,8,41.93858919,-87.75681005
6/6/2018 13:20,25,NO CONTROLS,RAIN,DAYLIGHT,NOT DIVIDED,WET,INJURY AND / OR TOW DUE TO CRASH,,WEATHER,3132,W,DEVON AVE,,NONINCAPACITATING INJURY,0,0,1,13,4,6,41.9975183,-87.70822416
05/31/2022 03:25:00 PM,30,TRAFFIC SIGNAL,UNKNOWN,DAYLIGHT,DIVIDED - W/MEDIAN (NOT RAISED),UNKNOWN,INJURY AND / OR TOW DUE TO CRASH,,UNABLE TO DETERMINE,7157,N,KEDZIE AVE,,NONINCAPACITATING INJURY,0,0,1,15,3,5,42.01171581,-87.70892083
05/17/2019 08:15:00 AM,30,NO CONTROLS,CLEAR,DAYLIGHT,NOT DIVIDED,DRY,NO INJURY / DRIVE AWAY,,NOT APPLICABLE,932,W,83RD ST,,NO INDICATION OF INJURY,0,0,0,8,6,5,41.74341341,-87.64756192
10/19/2021 08:50:00 AM,30,TRAFFIC SIGNAL,CLEAR,DAYLIGHT,FOUR WAY,DRY,INJURY AND / OR TOW DUE TO CRASH,,DRIVING SKILLS/KNOWLEDGE/EXPERIENCE,5100,S,HYDE PARK BLVD,,"REPORTED, NOT EVIDENT",0,0,0,8,3,10,41.80244981,-87.58535529
03/19/2019 05:21:00 PM,30,STOP SIGN/FLASHER,CLEAR,DAYLIGHT,NOT DIVIDED,DRY,NO INJURY / DRIVE AWAY,Y,UNABLE TO DETERMINE,4600,S,STEWART AVE,,NO INDICATION OF INJURY,0,0,0,17,3,3,41.81088545,-87.63581737
03/30/2022 03:30:00 PM,30,NO CONTROLS,RAIN,DAYLIGHT,NOT DIVIDED,DRY,INJURY AND / OR TOW DUE TO CRASH,,FAILING TO YIELD RIGHT-OF-WAY,3021,N,LINCOLN AVE,,NONINCAPACITATING INJURY,0,0,1,15,4,3,41.93669219,-87.6642862
09/14/2022 06:55:00 AM,30,STOP SIGN/FLASHER,CLEAR,DAYLIGHT,NOT DIVIDED,DRY,INJURY AND / OR TOW DUE TO CRASH,,FAILING TO YIELD RIGHT-OF-WAY,2701,N,KIMBALL AVE,Y,NONINCAPACITATING INJURY,0,0,1,6,4,9,41.9302058,-87.71210427
8/9/2018 11:30,30,NO CONTROLS,CLEAR,DAYLIGHT,NOT DIVIDED,DRY,INJURY AND / OR TOW DUE TO CRASH,,NOT APPLICABLE,5304,W,FULLERTON AVE,Y,NONINCAPACITATING INJURY,0,0,1,11,5,8,41.92418218,-87.75882863
10/2/2023 22:14,35,TRAFFIC SIGNAL,CLEAR,"DARKNESS, LIGHTED ROAD",FOUR WAY,DRY,NO INJURY / DRIVE AWAY,,UNABLE TO DETERMINE,5100,S,HALSTED ST,,NO INDICATION OF INJURY,0,0,0,22,2,10,41.80153715,-87.64549036
09/29/2017 07:49:00 PM,30,NO CONTROLS,CLEAR,"DARKNESS, LIGHTED ROAD",NOT DIVIDED,DRY,INJURY AND / OR TOW DUE TO CRASH,,FAILING TO YIELD RIGHT-OF-WAY,1123,S,STATE ST,,"REPORTED, NOT EVIDENT",0,0,0,19,6,9,41.86860011,-87.6273055
7/6/2021 9:23,30,STOP SIGN/FLASHER,CLEAR,DAYLIGHT,NOT DIVIDED,UNKNOWN,INJURY AND / OR TOW DUE TO CRASH,,DISREGARDING STOP SIGN,6989,W,IMLAY ST,,NONINCAPACITATING INJURY,0,0,1,9,3,7,41.99733094,-87.80248151
7/3/2022 21:18,30,NO CONTROLS,CLEAR,DUSK,NOT DIVIDED,DRY,INJURY AND / OR TOW DUE TO CRASH,Y,UNABLE TO DETERMINE,198,E,63RD ST,,INCAPACITATING INJURY,0,1,0,21,1,7,41.78020471,-87.62051736
05/30/2018 06:15:00 PM,30,NO CONTROLS,RAIN,DAYLIGHT,NOT DIVIDED,WET,NO INJURY / DRIVE AWAY,Y,FAILING TO YIELD RIGHT-OF-WAY,3222,N,MILWAUKEE AVE,,NO INDICATION OF INJURY,0,0,0,18,4,5,41.93953549,-87.72480654
5/12/2023 18:15,30,STOP SIGN/FLASHER,UNKNOWN,UNKNOWN,DIVIDED - W/MEDIAN (NOT RAISED),UNKNOWN,NO INJURY / DRIVE AWAY,Y,UNABLE TO DETERMINE,1135,W,BELMONT AVE,,NO INDICATION OF INJURY,0,0,0,18,6,5,41.93974539,-87.65789487
08/26/2022 05:00:00 PM,30,STOP SIGN/FLASHER,CLEAR,DAYLIGHT,NOT DIVIDED,DRY,INJURY AND / OR TOW DUE TO CRASH,,UNABLE TO DETERMINE,1200,W,111TH ST,,NONINCAPACITATING INJURY,0,0,1,17,6,8,41.69234713,-87.65223234
7/6/2020 2:38,30,NO CONTROLS,CLEAR,"DARKNESS, LIGHTED ROAD",NOT DIVIDED,DRY,INJURY AND / OR TOW DUE TO CRASH,Y,UNABLE TO DETERMINE,7699,S,HALSTED ST,,"REPORTED, NOT EVIDENT",0,0,0,2,2,7,41.75436578,-87.64399285
06/14/2018 02:20:00 PM,30,NO CONTROLS,CLEAR,DAYLIGHT,DIVIDED - W/MEDIAN (NOT RAISED),DRY,INJURY AND / OR TOW DUE TO CRASH,N,FAILING TO YIELD RIGHT-OF-WAY,1701,N,MILWAUKEE AVE,,"REPORTED, NOT EVIDENT",0,0,0,14,5,6,41.91235488,-87.68029967
3/2/2020 11:15,30,STOP SIGN/FLASHER,CLEAR,"DARKNESS, LIGHTED ROAD",T-INTERSECTION,DRY,INJURY AND / OR TOW DUE TO CRASH,Y,DISREGARDING STOP SIGN,842,W,WILSON AVE,,NONINCAPACITATING INJURY,0,0,1,11,2,3,41.96558713,-87.65169233
7/7/2023 15:29,30,STOP SIGN/FLASHER,CLEAR,DAYLIGHT,NOT DIVIDED,DRY,INJURY AND / OR TOW DUE TO CRASH,Y,FAILING TO YIELD RIGHT-OF-WAY,1200,N,MILWAUKEE AVE,,NONINCAPACITATING INJURY,0,0,1,15,6,7,41.9033078,-87.66663209
02/21/2023 04:00:00 PM,30,TRAFFIC SIGNAL,UNKNOWN,UNKNOWN,FOUR WAY,UNKNOWN,NO INJURY / DRIVE AWAY,,UNABLE TO DETERMINE,2000,N,CICERO AVE,,NO INDICATION OF INJURY,0,0,0,16,3,2,41.91697333,-87.74626022
10/19/2017 08:40:00 AM,30,NO CONTROLS,CLEAR,DAYLIGHT,ONE-WAY,DRY,INJURY AND / OR TOW DUE TO CRASH,,UNABLE TO DETERMINE,6154,N,ROCKWELL ST,,"REPORTED, NOT EVIDENT",0,0,0,8,5,10,41.99382984,-87.69478684
11/29/2019 02:15:00 PM,25,NO CONTROLS,CLEAR,DAYLIGHT,NOT DIVIDED,DRY,INJURY AND / OR TOW DUE TO CRASH,,DRIVING SKILLS/KNOWLEDGE/EXPERIENCE,3529,N,SOUTHPORT AVE,Y,"REPORTED, NOT EVIDENT",0,0,0,14,6,11,41.94609965,-87.6638433
06/24/2019 06:50:00 PM,30,NO CONTROLS,CLEAR,DAYLIGHT,DIVIDED - W/MEDIAN (NOT RAISED),DRY,INJURY AND / OR TOW DUE TO CRASH,,FAILING TO YIELD RIGHT-OF-WAY,51,W,18TH ST,,NONINCAPACITATING INJURY,0,0,1,18,2,6,41.85768172,-87.62930968
07/25/2023 07:08:00 PM,20,STOP SIGN/FLASHER,CLEAR,DAYLIGHT,NOT DIVIDED,DRY,INJURY AND / OR TOW DUE TO CRASH,,DISTRACTION - FROM INSIDE VEHICLE,3027,W,CORTLAND ST,Y,NONINCAPACITATING INJURY,0,0,1,19,3,7,41.91549097,-87.70356123
6/12/2023 13:50,30,TRAFFIC SIGNAL,CLEAR,DAYLIGHT,FOUR WAY,DRY,INJURY AND / OR TOW DUE TO CRASH,,FAILING TO YIELD RIGHT-OF-WAY,3418,W,DOUGLAS BLVD,,NONINCAPACITATING INJURY,0,0,2,13,2,6,41.86300706,-87.71124742
06/28/2020 04:30:00 PM,30,STOP SIGN/FLASHER,CLEAR,DAYLIGHT,NOT DIVIDED,DRY,NO INJURY / DRIVE AWAY,,FOLLOWING TOO CLOSELY,4500,N,CLARENDON AVE,,NO INDICATION OF INJURY,0,0,0,16,1,6,41.96370778,-87.65011398
8/7/2020 6:00,30,NO CONTROLS,CLEAR,DAYLIGHT,NOT DIVIDED,DRY,INJURY AND / OR TOW DUE TO CRASH,,NOT APPLICABLE,8300,S,MARYLAND AVE,,"REPORTED, NOT EVIDENT",0,0,0,6,6,8,41.74389429,-87.60396157
08/26/2022 09:20:00 AM,30,NO CONTROLS,CLEAR,DAYLIGHT,NOT DIVIDED,DRY,INJURY AND / OR TOW DUE TO CRASH,,IMPROPER LANE USAGE,750,W,DIVISION ST,,"REPORTED, NOT EVIDENT",0,0,0,9,6,8,41.90374714,-87.64808078
9/12/2017 22:20,30,NO CONTROLS,CLEAR,"DARKNESS, LIGHTED ROAD",NOT DIVIDED,DRY,INJURY AND / OR TOW DUE TO CRASH,,IMPROPER TURNING/NO SIGNAL,5143,N,CLARK ST,,"REPORTED, NOT EVIDENT",0,0,0,22,3,9,41.97564877,-87.66821133
10/23/2019 02:35:00 PM,30,NO CONTROLS,CLEAR,DAYLIGHT,ALLEY,DRY,NO INJURY / DRIVE AWAY,,IMPROPER LANE USAGE,1516,W,DEVON AVE,N,NO INDICATION OF INJURY,0,0,0,14,4,10,41.99820988,-87.66869399
09/21/2023 03:06:00 PM,30,TRAFFIC SIGNAL,CLEAR,DAYLIGHT,NOT DIVIDED,DRY,INJURY AND / OR TOW DUE TO CRASH,Y,IMPROPER OVERTAKING/PASSING,2,E,31ST ST,,"REPORTED, NOT EVIDENT",0,0,0,15,5,9,41.83841297,-87.62655886
8/9/2022 19:09,30,NO CONTROLS,CLEAR,DAYLIGHT,DIVIDED - W/MEDIAN (NOT RAISED),DRY,INJURY AND / OR TOW DUE TO CRASH,,UNABLE TO DETERMINE,3443,N,HALSTED ST,,NONINCAPACITATING INJURY,0,0,1,19,3,8,41.94493701,-87.64926815
08/30/2017 07:05:00 AM,30,NO CONTROLS,CLEAR,DAYLIGHT,NOT DIVIDED,DRY,NO INJURY / DRIVE AWAY,,FAILING TO YIELD RIGHT-OF-WAY,7318,N,ASHLAND BLVD,,NO INDICATION OF INJURY,0,0,0,7,4,8,42.01447997,-87.67040666
10/23/2020 01:52:00 PM,10,NO CONTROLS,RAIN,DAYLIGHT,PARKING LOT,WET,NO INJURY / DRIVE AWAY,,NOT APPLICABLE,4028,W,79TH ST,,NO INDICATION OF INJURY,0,0,0,13,6,10,41.74965866,-87.72318332
08/27/2023 05:00:00 PM,25,STOP SIGN/FLASHER,CLEAR,DAYLIGHT,FOUR WAY,DRY,INJURY AND / OR TOW DUE TO CRASH,,FAILING TO YIELD RIGHT-OF-WAY,5800,W,BERENICE AVE,,NONINCAPACITATING INJURY,0,0,1,17,1,8,41.95047973,-87.77191963
09/18/2022 11:28:00 AM,30,STOP SIGN/FLASHER,CLEAR,DAYLIGHT,FOUR WAY,DRY,INJURY AND / OR TOW DUE TO CRASH,,EQUIPMENT - VEHICLE CONDITION,6000,S,AUSTIN AVE,,INCAPACITATING INJURY,0,1,0,11,1,9,41.78327224,-87.7718487
05/15/2021 04:45:00 PM,30,NO CONTROLS,CLEAR,DAYLIGHT,NOT DIVIDED,DRY,INJURY AND / OR TOW DUE TO CRASH,,FAILING TO YIELD RIGHT-OF-WAY,3332,N,ELSTON AVE,Y,NONINCAPACITATING INJURY,0,0,1,16,7,5,41.94192228,-87.70221974
04/19/2023 05:20:00 PM,30,NO CONTROLS,CLEAR,DAYLIGHT,DIVIDED - W/MEDIAN (NOT RAISED),DRY,NO INJURY / DRIVE AWAY,,NOT APPLICABLE,3350,N,MILWAUKEE AVE,Y,NO INDICATION OF INJURY,0,0,0,17,4,4,41.94193886,-87.72874493
7/10/2023 14:15,30,NO CONTROLS,CLEAR,DAYLIGHT,ONE-WAY,DRY,INJURY AND / OR TOW DUE TO CRASH,Y,FAILING TO YIELD RIGHT-OF-WAY,2558,N,PARKSIDE AVE,,NONINCAPACITATING INJURY,0,0,1,14,2,7,41.92751762,-87.76747783
8/5/2021 13:25,30,NO CONTROLS,CLEAR,DAYLIGHT,NOT DIVIDED,DRY,NO INJURY / DRIVE AWAY,,FAILING TO YIELD RIGHT-OF-WAY,9500,S,CALUMET AVE,,NO INDICATION OF INJURY,0,0,0,13,5,8,41.72177814,-87.61549747
09/29/2017 07:40:00 AM,30,NO CONTROLS,CLEAR,DAYLIGHT,DIVIDED - W/MEDIAN BARRIER,DRY,INJURY AND / OR TOW DUE TO CRASH,,FAILING TO YIELD RIGHT-OF-WAY,1242,N,ASHLAND AVE,Y,INCAPACITATING INJURY,0,1,0,7,6,9,41.9044585,-87.66767222
08/28/2017 06:20:00 PM,35,TRAFFIC SIGNAL,CLOUDY/OVERCAST,DAYLIGHT,DIVIDED - W/MEDIAN (NOT RAISED),DRY,NO INJURY / DRIVE AWAY,Y,DRIVING ON WRONG SIDE/WRONG WAY,1048,W,NORTH AVE,,NO INDICATION OF INJURY,0,0,0,18,2,8,41.91092021,-87.65492836
10/15/2019 04:30:00 PM,30,STOP SIGN/FLASHER,RAIN,DAYLIGHT,DIVIDED - W/MEDIAN (NOT RAISED),WET,INJURY AND / OR TOW DUE TO CRASH,Y,FAILING TO YIELD RIGHT-OF-WAY,11858,S,LONGWOOD DR,,NONINCAPACITATING INJURY,0,0,1,16,3,10,41.67754234,-87.6753425
8/5/2022 20:27,30,TRAFFIC SIGNAL,CLEAR,DUSK,NOT DIVIDED,DRY,INJURY AND / OR TOW DUE TO CRASH,,IMPROPER LANE USAGE,2800,N,CLARK ST,,NONINCAPACITATING INJURY,0,0,1,20,6,8,41.9328287,-87.64508035
4/3/2021 13:17,30,NO CONTROLS,CLEAR,DAYLIGHT,NOT DIVIDED,DRY,INJURY AND / OR TOW DUE TO CRASH,,UNABLE TO DETERMINE,4623,N,KIMBALL AVE,,NONINCAPACITATING INJURY,0,0,1,13,7,4,41.9654436,-87.71312386
07/30/2016 03:15:00 PM,30,NO CONTROLS,CLEAR,DAYLIGHT,NOT DIVIDED,DRY,NO INJURY / DRIVE AWAY,,UNABLE TO DETERMINE,400,W,KINZIE ST,,NO INDICATION OF INJURY,0,0,0,15,7,7,41.88919328,-87.6381507
01/15/2020 01:55:00 PM,30,NO CONTROLS,CLOUDY/OVERCAST,DAYLIGHT,PARKING LOT,DRY,INJURY AND / OR TOW DUE TO CRASH,,"EVASIVE ACTION DUE TO ANIMAL, OBJECT, NONMOTORIST",4338,W,ARMITAGE AVE,,"REPORTED, NOT EVIDENT",0,0,0,13,4,1,41.91716397,-87.7354762
9/4/2017 19:36,20,STOP SIGN/FLASHER,CLEAR,"DARKNESS, LIGHTED ROAD",NOT DIVIDED,DRY,INJURY AND / OR TOW DUE TO CRASH,,UNABLE TO DETERMINE,2900,W,WILSON AVE,,NONINCAPACITATING INJURY,0,0,1,19,2,9,41.96486572,-87.70108285
04/21/2022 06:45:00 PM,30,TRAFFIC SIGNAL,CLEAR,DAYLIGHT,ONE-WAY,DRY,NO INJURY / DRIVE AWAY,,UNABLE TO DETERMINE,66,W,KINZIE ST,,NO INDICATION OF INJURY,0,0,0,18,5,4,41.88932859,-87.63054785
7/10/2020 13:15,30,STOP SIGN/FLASHER,CLEAR,DAYLIGHT,NOT DIVIDED,DRY,NO INJURY / DRIVE AWAY,,UNABLE TO DETERMINE,300,N,PAULINA ST,,NO INDICATION OF INJURY,0,0,0,13,6,7,41.88693137,-87.66961519
07/13/2023 12:10:00 PM,30,TRAFFIC SIGNAL,CLOUDY/OVERCAST,DAYLIGHT,FOUR WAY,DRY,INJURY AND / OR TOW DUE TO CRASH,,FAILING TO YIELD RIGHT-OF-WAY,800,W,MONTROSE AVE,,NONINCAPACITATING INJURY,0,0,1,12,5,7,41.9619521,-87.64997733
08/26/2017 03:05:00 PM,30,STOP SIGN/FLASHER,CLEAR,DAYLIGHT,DIVIDED - W/MEDIAN (NOT RAISED),DRY,NO INJURY / DRIVE AWAY,,FAILING TO YIELD RIGHT-OF-WAY,11459,S,WASHTENAW AVE,,NO INDICATION OF INJURY,0,0,0,15,7,8,41.6845327,-87.68814817
4/4/2021 10:44,30,TRAFFIC SIGNAL,CLEAR,DAYLIGHT,DIVIDED - W/MEDIAN (NOT RAISED),DRY,NO INJURY / DRIVE AWAY,Y,DISREGARDING TRAFFIC SIGNALS,3200,N,SHEFFIELD AVE,,NO INDICATION OF INJURY,0,0,0,10,1,4,41.94000108,-87.65425586
09/29/2023 03:03:00 PM,30,TRAFFIC SIGNAL,CLEAR,DAYLIGHT,FOUR WAY,DRY,INJURY AND / OR TOW DUE TO CRASH,,UNABLE TO DETERMINE,2932,W,PETERSON AVE,,NONINCAPACITATING INJURY,0,0,1,15,6,9,41.99053244,-87.70310134
08/23/2019 05:15:00 PM,30,YIELD,CLEAR,DAYLIGHT,NOT DIVIDED,DRY,NO INJURY / DRIVE AWAY,,FAILING TO YIELD RIGHT-OF-WAY,1100,W,MONTROSE AVE,,NO INDICATION OF INJURY,0,0,0,17,6,8,41.96185711,-87.65730002
09/18/2022 01:50:00 PM,30,TRAFFIC SIGNAL,CLEAR,DAYLIGHT,FOUR WAY,DRY,INJURY AND / OR TOW DUE TO CRASH,,FAILING TO YIELD RIGHT-OF-WAY,2100,S,ASHLAND AVE,,INCAPACITATING INJURY,0,1,0,13,1,9,41.8541165,-87.66619594
09/19/2017 02:10:00 PM,30,NO CONTROLS,CLEAR,DAYLIGHT,NOT DIVIDED,DRY,INJURY AND / OR TOW DUE TO CRASH,,FAILING TO YIELD RIGHT-OF-WAY,4423,N,SHERIDAN RD,Y,INCAPACITATING INJURY,0,1,0,14,3,9,41.96251434,-87.65461053
08/23/2017 02:10:00 PM,30,STOP SIGN/FLASHER,CLEAR,DAYLIGHT,OTHER,DRY,INJURY AND / OR TOW DUE TO CRASH,Y,FAILING TO YIELD RIGHT-OF-WAY,2499,W,ARMITAGE AVE,,"REPORTED, NOT EVIDENT",0,0,0,14,4,8,41.91744466,-87.68979178
07/20/2023 08:51:00 PM,30,STOP SIGN/FLASHER,CLEAR,DAYLIGHT,T-INTERSECTION,DRY,NO INJURY / DRIVE AWAY,,FAILING TO YIELD RIGHT-OF-WAY,1949,S,HALSTED ST,,NO INDICATION OF INJURY,0,0,0,20,5,7,41.85538301,-87.64642647
05/23/2022 02:49:00 PM,30,TRAFFIC SIGNAL,UNKNOWN,DAYLIGHT,"FIVE POINT, OR MORE",UNKNOWN,NO INJURY / DRIVE AWAY,,UNABLE TO DETERMINE,3302,W,GRAND AVE,,NO INDICATION OF INJURY,0,0,0,14,2,5,41.89953118,-87.70940344
08/28/2021 10:25:00 PM,30,OTHER,CLEAR,"DARKNESS, LIGHTED ROAD",NOT DIVIDED,DRY,INJURY AND / OR TOW DUE TO CRASH,,UNABLE TO DETERMINE,2836,N,SOUTHPORT AVE,,INCAPACITATING INJURY,0,1,0,22,7,8,41.93355447,-87.66374577
10/3/2019 15:50,30,STOP SIGN/FLASHER,CLOUDY/OVERCAST,DAYLIGHT,FOUR WAY,DRY,INJURY AND / OR TOW DUE TO CRASH,,DISREGARDING STOP SIGN,5800,S,NARRAGANSETT AVE,,"REPORTED, NOT EVIDENT",0,0,0,15,5,10,41.78674894,-87.78174785
08/18/2020 04:02:00 AM,30,STOP SIGN/FLASHER,CLEAR,"DARKNESS, LIGHTED ROAD",NOT DIVIDED,DRY,NO INJURY / DRIVE AWAY,,DISREGARDING OTHER TRAFFIC SIGNS,1700,W,CORTLAND ST,,NO INDICATION OF INJURY,0,0,0,4,3,8,41.91618227,-87.67034138
8/2/2021 5:00,30,TRAFFIC SIGNAL,CLEAR,"DARKNESS, LIGHTED ROAD",UNKNOWN,DRY,INJURY AND / OR TOW DUE TO CRASH,Y,UNABLE TO DETERMINE,356,W,ARMITAGE AVE,,NONINCAPACITATING INJURY,0,0,1,5,2,8,41.9184342,-87.63867839
03/17/2023 08:45:00 AM,30,STOP SIGN/FLASHER,CLEAR,DAYLIGHT,FOUR WAY,DRY,NO INJURY / DRIVE AWAY,Y,FOLLOWING TOO CLOSELY,1200,W,GRAND AVE,,NO INDICATION OF INJURY,0,0,0,8,6,3,41.89118941,-87.65747031
9/5/2019 13:54,30,STOP SIGN/FLASHER,CLEAR,DAYLIGHT,NOT DIVIDED,DRY,INJURY AND / OR TOW DUE TO CRASH,Y,FAILING TO YIELD RIGHT-OF-WAY,5000,N,LECLAIRE AVE,N,"REPORTED, NOT EVIDENT",0,0,0,13,5,9,41.97163415,-87.75531187
03/21/2019 12:45:00 PM,30,NO CONTROLS,CLEAR,DAYLIGHT,DIVIDED - W/MEDIAN (NOT RAISED),DRY,NO INJURY / DRIVE AWAY,,EQUIPMENT - VEHICLE CONDITION,851,S,CLARK ST,,NO INDICATION OF INJURY,0,0,0,12,5,3,41.87135489,-87.63043916
7/1/2018 1:15,25,NO CONTROLS,CLEAR,"DARKNESS, LIGHTED ROAD",NOT DIVIDED,DRY,NO INJURY / DRIVE AWAY,,NOT APPLICABLE,1928,W,CORTLAND ST,Y,NO INDICATION OF INJURY,0,0,0,1,1,7,41.91607291,-87.67630881
11/15/2021 06:24:00 PM,30,NO CONTROLS,CLEAR,"DARKNESS, LIGHTED ROAD",DIVIDED - W/MEDIAN (NOT RAISED),DRY,INJURY AND / OR TOW DUE TO CRASH,,UNABLE TO DETERMINE,2433,N,MILWAUKEE AVE,Y,"REPORTED, NOT EVIDENT",0,0,0,18,2,11,41.92550142,-87.70135495
06/23/2022 05:50:00 PM,20,STOP SIGN/FLASHER,CLEAR,DAYLIGHT,DIVIDED - W/MEDIAN (NOT RAISED),DRY,INJURY AND / OR TOW DUE TO CRASH,,UNABLE TO DETERMINE,1800,N,WOLCOTT AVE,,NONINCAPACITATING INJURY,0,0,1,17,5,6,41.91429217,-87.67526044
11/2/2023 19:17,30,TRAFFIC SIGNAL,CLEAR,"DARKNESS, LIGHTED ROAD",FOUR WAY,DRY,INJURY AND / OR TOW DUE TO CRASH,,FAILING TO YIELD RIGHT-OF-WAY,3376,N,CENTRAL AVE,,"REPORTED, NOT EVIDENT",0,0,0,19,5,11,41.94217913,-87.76677349
07/27/2020 10:34:00 PM,30,TRAFFIC SIGNAL,CLEAR,"DARKNESS, LIGHTED ROAD",FOUR WAY,DRY,INJURY AND / OR TOW DUE TO CRASH,,FAILING TO YIELD RIGHT-OF-WAY,2800,N,LARAMIE AVE,,NONINCAPACITATING INJURY,0,0,1,22,2,7,41.93144229,-87.7565689
09/23/2019 12:26:00 PM,30,TRAFFIC SIGNAL,CLEAR,DAYLIGHT,NOT DIVIDED,DRY,NO INJURY / DRIVE AWAY,Y,FAILING TO YIELD RIGHT-OF-WAY,674,N,ST CLAIR ST,,NO INDICATION OF INJURY,0,0,0,12,2,9,41.89477982,-87.62289959
10/24/2020 10:10:00 AM,30,TRAFFIC SIGNAL,CLEAR,DAYLIGHT,FOUR WAY,DRY,NO INJURY / DRIVE AWAY,,IMPROPER TURNING/NO SIGNAL,2198,S,CLARK ST,,NO INDICATION OF INJURY,0,0,0,10,7,10,41.85293397,-87.63021424
2/12/2022 15:00,30,NO CONTROLS,CLEAR,DAYLIGHT,DIVIDED - W/MEDIAN (NOT RAISED),UNKNOWN,INJURY AND / OR TOW DUE TO CRASH,Y,UNABLE TO DETERMINE,1566,N,MILWAUKEE AVE,,NONINCAPACITATING INJURY,0,0,1,15,7,2,41.90987982,-87.6769138
03/16/2017 05:45:00 PM,30,NO CONTROLS,CLEAR,DAYLIGHT,NOT DIVIDED,DRY,NO INJURY / DRIVE AWAY,,UNABLE TO DETERMINE,3936,W,ROOSEVELT RD,,NO INDICATION OF INJURY,0,0,0,17,5,3,41.86629517,-87.72424727
8/7/2018 16:30,30,STOP SIGN/FLASHER,RAIN,DAYLIGHT,NOT DIVIDED,WET,INJURY AND / OR TOW DUE TO CRASH,,DISREGARDING STOP SIGN,1958,W,BYRON ST,,NONINCAPACITATING INJURY,0,0,1,16,3,8,41.95244205,-87.67864484
09/14/2022 09:09:00 PM,30,NO CONTROLS,CLEAR,"DARKNESS, LIGHTED ROAD",NOT DIVIDED,DRY,NO INJURY / DRIVE AWAY,,UNABLE TO DETERMINE,2900,N,AUSTIN AVE,Y,NO INDICATION OF INJURY,0,0,0,21,4,9,41.93305172,-87.77617612