CRASH_DATE,POSTED_SPEED_LIMIT,TRAFFIC_CONTROL_DEVICE,WEATHER_CONDITION,LIGHTING_CONDITION,TRAFFICWAY_TYPE,ROADWAY_SURFACE_COND,CRASH_TYPE,HIT_AND_RUN_I,PRIM_CONTRIBUTORY_CAUSE,STREET_NO,STREET_DIRECTION,STREET_NAME,DOORING_I,MOST_SEVERE_INJURY,INJURIES_FATAL,INJURIES_INCAPACITATING,INJURIES_NON_INCAPACITATING,CRASH_HOUR,CRASH_DAY_OF_WEEK,CRASH_MONTH,LATITUDE,LONGITUDE
07/14/2018 07:56:00 PM,30,NO CONTROLS,CLEAR,DUSK,NOT DIVIDED,DRY,INJURY AND / OR TOW DUE TO CRASH,,FAILING TO YIELD RIGHT-OF-WAY,6670,N,WESTERN AVE,,INCAPACITATING INJURY,0,1,0,19,7,7,42.00309552,-87.69016918
6/8/2023 10:30,35,NO CONTROLS,CLEAR,DAYLIGHT,NOT DIVIDED,DRY,NO INJURY / DRIVE AWAY,,UNABLE TO DETERMINE,4742,N,KIMBALL AVE,Y,NO INDICATION OF INJURY,0,0,0,10,5,6,41.96785572,-87.71349722
4/10/2019 15:45,30,NO CONTROLS,UNKNOWN,DAYLIGHT,NOT DIVIDED,UNKNOWN,INJURY AND / OR TOW DUE TO CRASH,,FAILING TO YIELD RIGHT-OF-WAY,362,W,CHICAGO AVE,,"REPORTED, NOT EVIDENT",0,0,0,15,4,4,41.89664742,-87.63820412
05/28/2019 04:30:00 PM,30,NO CONTROLS,CLEAR,DAYLIGHT,NOT DIVIDED,WET,NO INJURY / DRIVE AWAY,,"EVASIVE ACTION DUE TO ANIMAL, OBJECT, NONMOTORIST",1457,E,HYDE PARK BLVD,Y,NO INDICATION OF INJURY,0,0,0,16,3,5,41.80233988,-87.5895246
07/24/2019 09:00:00 PM,30,NO CONTROLS,CLEAR,DARKNESS,NOT DIVIDED,DRY,NO INJURY / DRIVE AWAY,,UNABLE TO DETERMINE,10,N,LOCKWOOD AVE,,NO INDICATION OF INJURY,0,0,0,21,4,7,41.88067034,-87.75766395
07/17/2018 11:47:00 PM,30,NO CONTROLS,CLEAR,"DARKNESS, LIGHTED ROAD",OTHER,DRY,INJURY AND / OR TOW DUE TO CRASH,,FAILING TO YIELD RIGHT-OF-WAY,5354,S,ARCHER AVE,,NONINCAPACITATING INJURY,0,0,1,23,3,7,41.7988666,-87.74234371
07/19/2017 10:05:00 PM,30,NO CONTROLS,RAIN,"DARKNESS, LIGHTED ROAD",NOT DIVIDED,WET,INJURY AND / OR TOW DUE TO CRASH,Y,FAILING TO YIELD RIGHT-OF-WAY,4855,N,ELSTON AVE,,NONINCAPACITATING INJURY,0,0,1,22,4,7,41.96917723,-87.74166451
06/22/2019 01:03:00 AM,30,NO CONTROLS,CLEAR,"DARKNESS, LIGHTED ROAD",DIVIDED - W/MEDIAN (NOT RAISED),DRY,INJURY AND / OR TOW DUE TO CRASH,Y,"OPERATING VEHICLE IN ERRATIC, RECKLESS, CARELESS, NEGLIGENT OR AGGRESSIVE MANNER",2457,W,AUGUSTA BLVD,,INCAPACITATING INJURY,0,1,0,1,7,6,41.89924663,-87.68919481
6/12/2021 14:03,20,STOP SIGN/FLASHER,RAIN,DAYLIGHT,NOT DIVIDED,WET,INJURY AND / OR TOW DUE TO CRASH,,UNABLE TO DETERMINE,11759,S,AVENUE J,,NONINCAPACITATING INJURY,0,0,1,14,7,6,41.68102172,-87.53388124
9/10/2023 18:40,30,NO CONTROLS,CLEAR,DAYLIGHT,NOT DIVIDED,DRY,INJURY AND / OR TOW DUE TO CRASH,,UNABLE TO DETERMINE,1530,N,WELLS ST,Y,NONINCAPACITATING INJURY,0,0,1,18,1,9,41.91007515,-87.63482359
8/4/2020 14:30,30,STOP SIGN/FLASHER,CLEAR,DAYLIGHT,NOT DIVIDED,DRY,NO INJURY / DRIVE AWAY,,UNABLE TO DETERMINE,4732,S,UNION AVE,,NO INDICATION OF INJURY,0,0,0,14,3,8,41.80794934,-87.64323409
11/29/2022 01:30:00 PM,30,NO CONTROLS,CLEAR,"DARKNESS, LIGHTED ROAD",DIVIDED - W/MEDIAN (NOT RAISED),DRY,INJURY AND / OR TOW DUE TO CRASH,,UNABLE TO DETERMINE,1927,N,MILWAUKEE AVE,Y,"REPORTED, NOT EVIDENT",0,0,0,13,3,11,41.91654985,-87.68676415
10/5/2017 8:00,30,TRAFFIC SIGNAL,CLEAR,DAYLIGHT,ONE-WAY,DRY,INJURY AND / OR TOW DUE TO CRASH,,IMPROPER TURNING/NO SIGNAL,540,W,WASHINGTON BLVD,,NONINCAPACITATING INJURY,0,0,1,8,5,10,41.8832864,-87.64130577
6/5/2020 12:50,30,NO CONTROLS,CLEAR,DAYLIGHT,NOT DIVIDED,DRY,NO INJURY / DRIVE AWAY,,UNABLE TO DETERMINE,3848,W,LAWRENCE AVE,,NO INDICATION OF INJURY,0,0,0,12,6,6,41.96838364,-87.72514882
2/11/2022 13:30,30,NO CONTROLS,CLEAR,DAYLIGHT,NOT DIVIDED,DRY,NO INJURY / DRIVE AWAY,,UNABLE TO DETERMINE,820,S,STATE ST,Y,NO INDICATION OF INJURY,0,0,0,13,6,2,41.87150721,-87.62766387
9/8/2022 10:50,30,STOP SIGN/FLASHER,CLEAR,DAYLIGHT,NOT DIVIDED,DRY,NO INJURY / DRIVE AWAY,,DISTRACTION - FROM INSIDE VEHICLE,1900,N,CALIFORNIA AVE,,NO INDICATION OF INJURY,0,0,0,10,5,9,41.91576102,-87.69729581
10/20/2016 10:30:00 PM,30,TRAFFIC SIGNAL,CLEAR,"DARKNESS, LIGHTED ROAD",OTHER,DRY,INJURY AND / OR TOW DUE TO CRASH,,UNABLE TO DETERMINE,2558,W,CERMAK RD,,INCAPACITATING INJURY,0,1,0,22,5,10,41.85208331,-87.69033302
09/20/2020 04:30:00 PM,30,NO CONTROLS,CLEAR,DAYLIGHT,NOT DIVIDED,DRY,NO INJURY / DRIVE AWAY,,UNABLE TO DETERMINE,908,W,WRIGHTWOOD AVE,Y,NO INDICATION OF INJURY,0,0,0,16,1,9,41.92914998,-87.65170622
08/16/2017 04:53:00 PM,20,STOP SIGN/FLASHER,RAIN,DAYLIGHT,ONE-WAY,WET,INJURY AND / OR TOW DUE TO CRASH,Y,IMPROPER TURNING/NO SIGNAL,2601,N,KILBOURN AVE,,NONINCAPACITATING INJURY,0,0,1,16,4,8,41.92868212,-87.73899862
3/3/2016 18:50,30,NO CONTROLS,CLEAR,DAYLIGHT,DIVIDED - W/MEDIAN (NOT RAISED),DRY,INJURY AND / OR TOW DUE TO CRASH,,UNABLE TO DETERMINE,2909,N,MILWAUKEE AVE,,"REPORTED, NOT EVIDENT",0,0,0,18,5,3,41.93419684,-87.71558017
6/1/2018 22:20,30,TRAFFIC SIGNAL,CLEAR,"DARKNESS, LIGHTED ROAD",NOT DIVIDED,DRY,INJURY AND / OR TOW DUE TO CRASH,,UNABLE TO DETERMINE,2801,W,ARMITAGE AVE,N,NONINCAPACITATING INJURY,0,0,1,22,6,6,41.91737932,-87.69725064
08/24/2017 12:20:00 PM,30,TRAFFIC SIGNAL,CLEAR,DAYLIGHT,DIVIDED - W/MEDIAN BARRIER,DRY,INJURY AND / OR TOW DUE TO CRASH,,IMPROPER LANE USAGE,1332,S,COLUMBUS DR,,"REPORTED, NOT EVIDENT",0,0,0,12,5,8,41.86490265,-87.61949533
9/2/2020 15:56,30,TRAFFIC SIGNAL,CLEAR,DAYLIGHT,DIVIDED - W/MEDIAN (NOT RAISED),DRY,NO INJURY / DRIVE AWAY,,DISREGARDING OTHER TRAFFIC SIGNS,4800,W,NORTH AVE,N,NO INDICATION OF INJURY,0,0,0,15,4,9,41.90973389,-87.74624497
09/23/2021 05:30:00 PM,30,TRAFFIC SIGNAL,CLEAR,DAYLIGHT,FOUR WAY,DRY,INJURY AND / OR TOW DUE TO CRASH,,UNABLE TO DETERMINE,201,E,GRAND AVE,,NONINCAPACITATING INJURY,0,0,1,17,5,9,41.89165221,-87.62260381
06/21/2023 06:14:00 PM,30,NO CONTROLS,CLEAR,DAYLIGHT,DIVIDED - W/MEDIAN (NOT RAISED),DRY,INJURY AND / OR TOW DUE TO CRASH,,UNABLE TO DETERMINE,4054,W,BELMONT AVE,,NONINCAPACITATING INJURY,0,0,1,18,4,6,41.93917498,-87.72937082
08/29/2020 09:00:00 PM,30,NO CONTROLS,CLEAR,"DARKNESS, LIGHTED ROAD",NOT DIVIDED,DRY,INJURY AND / OR TOW DUE TO CRASH,Y,IMPROPER OVERTAKING/PASSING,2235,W,HOWARD ST,,NONINCAPACITATING INJURY,0,0,1,21,7,8,42.01939565,-87.68610003
10/5/2017 8:05,30,NO CONTROLS,CLEAR,DAYLIGHT,NOT DIVIDED,DRY,INJURY AND / OR TOW DUE TO CRASH,,FAILING TO YIELD RIGHT-OF-WAY,2120,N,MILWAUKEE AVE,,"REPORTED, NOT EVIDENT",0,0,0,8,5,10,41.91966467,-87.69228787
07/19/2018 08:00:00 PM,30,NO CONTROLS,CLEAR,DUSK,DIVIDED - W/MEDIAN (NOT RAISED),DRY,INJURY AND / OR TOW DUE TO CRASH,,HAD BEEN DRINKING (USE WHEN ARREST IS NOT MADE),3640,W,ADDISON ST,,NONINCAPACITATING INJURY,0,0,1,20,5,7,41.94659081,-87.71931693
9/9/2022 23:26,30,TRAFFIC SIGNAL,CLEAR,"DARKNESS, LIGHTED ROAD",FOUR WAY,UNKNOWN,INJURY AND / OR TOW DUE TO CRASH,,BICYCLE ADVANCING LEGALLY ON RED LIGHT,3400,N,ASHLAND AVE,,INCAPACITATING INJURY,0,1,0,23,6,9,41.94343231,-87.66891276
7/9/2021 12:10,30,TRAFFIC SIGNAL,CLEAR,DAYLIGHT,NOT DIVIDED,DRY,INJURY AND / OR TOW DUE TO CRASH,Y,UNABLE TO DETERMINE,3203,W,NORTH AVE,,NONINCAPACITATING INJURY,0,0,1,12,6,7,41.91000396,-87.70711062
9/2/2016 21:50,30,NO CONTROLS,CLEAR,DAYLIGHT,NOT DIVIDED,DRY,INJURY AND / OR TOW DUE TO CRASH,,UNABLE TO DETERMINE,2218,N,LINCOLN AVE,,"REPORTED, NOT EVIDENT",0,0,0,21,6,9,41.92227753,-87.64454446
12/9/2022 10:24,30,TRAFFIC SIGNAL,RAIN,DAYLIGHT,DIVIDED - W/MEDIAN (NOT RAISED),WET,NO INJURY / DRIVE AWAY,,UNABLE TO DETERMINE,2001,W,ARMITAGE AVE,,NO INDICATION OF INJURY,0,0,0,10,6,12,41.91764537,-87.6777409
08/24/2019 02:33:00 PM,35,TRAFFIC SIGNAL,CLEAR,DAYLIGHT,FOUR WAY,DRY,INJURY AND / OR TOW DUE TO CRASH,,IMPROPER TURNING/NO SIGNAL,11459,S,CICERO AVE,,NONINCAPACITATING INJURY,0,0,1,14,7,8,41.68372481,-87.73930607
08/25/2023 09:35:00 AM,30,TRAFFIC SIGNAL,CLEAR,DAYLIGHT,DIVIDED - W/MEDIAN (NOT RAISED),DRY,INJURY AND / OR TOW DUE TO CRASH,Y,FAILING TO YIELD RIGHT-OF-WAY,522,W,ROOSEVELT RD,,NONINCAPACITATING INJURY,0,0,1,9,6,8,41.86735618,-87.64022664
08/25/2023 08:55:00 PM,25,NO CONTROLS,CLEAR,"DARKNESS, LIGHTED ROAD",NOT DIVIDED,DRY,INJURY AND / OR TOW DUE TO CRASH,,FAILING TO YIELD RIGHT-OF-WAY,5610,W,DIVERSEY AVE,,NONINCAPACITATING INJURY,0,0,1,20,6,8,41.93137791,-87.76676652
6/5/2018 15:52,30,STOP SIGN/FLASHER,CLEAR,DAYLIGHT,NOT DIVIDED,DRY,INJURY AND / OR TOW DUE TO CRASH,,UNABLE TO DETERMINE,425,N,FRANKLIN ST,Y,INCAPACITATING INJURY,0,1,0,15,3,6,41.88992521,-87.63538672
10/4/2021 19:44,30,TRAFFIC SIGNAL,CLEAR,"DARKNESS, LIGHTED ROAD",FOUR WAY,UNKNOWN,INJURY AND / OR TOW DUE TO CRASH,Y,FAILING TO YIELD RIGHT-OF-WAY,4000,W,MADISON ST,,INCAPACITATING INJURY,0,1,0,19,2,10,41.8808343,-87.7257966
08/23/2021 03:20:00 PM,10,STOP SIGN/FLASHER,CLEAR,DAYLIGHT,T-INTERSECTION,DRY,NO INJURY / DRIVE AWAY,,UNABLE TO DETERMINE,7435,W,TALCOTT AVE,,NO INDICATION OF INJURY,0,0,0,15,2,8,41.98857518,-87.81297791
6/1/2018 12:20,30,NO CONTROLS,CLEAR,DAYLIGHT,NOT DIVIDED,DRY,INJURY AND / OR TOW DUE TO CRASH,,"VISION OBSCURED (SIGNS, TREE LIMBS, BUILDINGS, ETC.)",4304,W,31ST ST,,NONINCAPACITATING INJURY,0,0,1,12,6,6,41.83690946,-87.73188292
08/27/2023 10:21:00 AM,30,TRAFFIC SIGNAL,CLEAR,DAYLIGHT,DIVIDED - W/MEDIAN (NOT RAISED),DRY,INJURY AND / OR TOW DUE TO CRASH,,UNABLE TO DETERMINE,3620,N,CLARK ST,Y,NONINCAPACITATING INJURY,0,0,1,10,1,8,41.94771192,-87.65709387
09/29/2022 07:50:00 AM,30,TRAFFIC SIGNAL,CLEAR,DAYLIGHT,RAMP,UNKNOWN,INJURY AND / OR TOW DUE TO CRASH,,DISTRACTION - FROM OUTSIDE VEHICLE,1800,S,LAKE SHORE DR E,,NONINCAPACITATING INJURY,0,0,1,7,5,9,41.85790967,-87.61659414
6/8/2021 20:28,30,NO CONTROLS,CLEAR,"DARKNESS, LIGHTED ROAD",NOT DIVIDED,DRY,INJURY AND / OR TOW DUE TO CRASH,,DRIVING ON WRONG SIDE/WRONG WAY,5601,W,DIVERSEY AVE,,INCAPACITATING INJURY,0,1,0,20,3,6,41.9311665,-87.76630375
04/16/2022 03:53:00 PM,30,TRAFFIC SIGNAL,CLEAR,DAYLIGHT,DIVIDED - W/MEDIAN BARRIER,UNKNOWN,NO INJURY / DRIVE AWAY,,UNABLE TO DETERMINE,522,W,ROOSEVELT RD,,NO INDICATION OF INJURY,0,0,0,15,7,4,41.86735618,-87.64022664
09/14/2021 05:33:00 PM,30,STOP SIGN/FLASHER,CLEAR,DAYLIGHT,FOUR WAY,DRY,NO INJURY / DRIVE AWAY,,FAILING TO YIELD RIGHT-OF-WAY,1700,N,HUMBOLDT BLVD,,NO INDICATION OF INJURY,0,0,0,17,3,9,41.91222465,-87.70207672
01/22/2021 08:05:00 PM,30,STOP SIGN/FLASHER,CLEAR,"DARKNESS, LIGHTED ROAD",ONE-WAY,DRY,INJURY AND / OR TOW DUE TO CRASH,,DRIVING SKILLS/KNOWLEDGE/EXPERIENCE,3620,W,55TH ST,,NONINCAPACITATING INJURY,0,0,1,20,6,1,41.79345023,-87.71438506
7/10/2020 18:01,30,NO CONTROLS,CLEAR,DAYLIGHT,NOT DIVIDED,DRY,INJURY AND / OR TOW DUE TO CRASH,Y,IMPROPER TURNING/NO SIGNAL,3107,N,MILWAUKEE AVE,,"REPORTED, NOT EVIDENT",0,0,0,18,6,7,41.93744767,-87.72091056
8/7/2020 12:45,30,TRAFFIC SIGNAL,CLEAR,DAYLIGHT,DIVIDED - W/MEDIAN BARRIER,DRY,NO INJURY / DRIVE AWAY,Y,FAILING TO YIELD RIGHT-OF-WAY,421,N,ORLEANS ST,,NO INDICATION OF INJURY,0,0,0,12,6,8,41.88990761,-87.63660772
06/20/2018 08:38:00 PM,35,NO CONTROLS,CLEAR,DARKNESS,OTHER,DRY,INJURY AND / OR TOW DUE TO CRASH,Y,FAILING TO YIELD RIGHT-OF-WAY,1132,W,GARFIELD BLVD,,NONINCAPACITATING INJURY,0,0,1,20,4,6,41.79430233,-87.65360384
10/8/2020 19:00,35,TRAFFIC SIGNAL,CLEAR,"DARKNESS, LIGHTED ROAD",FOUR WAY,DRY,INJURY AND / OR TOW DUE TO CRASH,Y,DISREGARDING TRAFFIC SIGNALS,4000,W,CERMAK RD,,NONINCAPACITATING INJURY,0,0,1,19,5,10,41.85165437,-87.72488298
07/26/2021 06:27:00 PM,30,TRAFFIC SIGNAL,CLEAR,DAYLIGHT,NOT DIVIDED,DRY,INJURY AND / OR TOW DUE TO CRASH,,UNABLE TO DETERMINE,3300,N,LINCOLN AVE,N,NONINCAPACITATING INJURY,0,0,1,18,2,7,41.94154269,-87.67012443
11/9/2017 9:14,30,TRAFFIC SIGNAL,CLEAR,DAYLIGHT,NOT DIVIDED,DRY,INJURY AND / OR TOW DUE TO CRASH,,FOLLOWING TOO CLOSELY,1,E,RANDOLPH ST,,NONINCAPACITATING INJURY,0,0,1,9,5,11,41.88438144,-87.6278266
9/6/2019 13:20,30,TRAFFIC SIGNAL,CLEAR,DAYLIGHT,NOT DIVIDED,DRY,INJURY AND / OR TOW DUE TO CRASH,Y,IMPROPER OVERTAKING/PASSING,5546,N,PULASKI RD,,NONINCAPACITATING INJURY,0,0,1,13,6,9,41.98239011,-87.72856971
06/27/2022 06:51:00 PM,30,TRAFFIC SIGNAL,CLEAR,DAYLIGHT,NOT REPORTED,UNKNOWN,INJURY AND / OR TOW DUE TO CRASH,,DISREGARDING TRAFFIC SIGNALS,799,W,FULLERTON AVE,,NONINCAPACITATING INJURY,0,0,1,18,2,6,41.92534491,-87.64869758
08/31/2021 06:12:00 PM,30,NO CONTROLS,CLEAR,DAYLIGHT,NOT DIVIDED,DRY,INJURY AND / OR TOW DUE TO CRASH,,NOT APPLICABLE,1118,W,ARGYLE ST,Y,NONINCAPACITATING INJURY,0,0,1,18,3,8,41.97337329,-87.65856008
9/1/2017 16:10,30,NO CONTROLS,CLEAR,DAYLIGHT,DIVIDED - W/MEDIAN (NOT RAISED),DRY,INJURY AND / OR TOW DUE TO CRASH,,FAILING TO REDUCE SPEED TO AVOID CRASH,2730,W,ARMITAGE AVE,,NONINCAPACITATING INJURY,0,0,1,16,6,9,41.91761248,-87.6960373
05/30/2017 01:30:00 PM,30,TRAFFIC SIGNAL,CLEAR,DAYLIGHT,NOT DIVIDED,UNKNOWN,NO INJURY / DRIVE AWAY,,FOLLOWING TOO CLOSELY,2800,N,HALSTED ST,,NO INDICATION OF INJURY,0,0,0,13,3,5,41.93276214,-87.6491605
05/25/2021 05:50:00 PM,15,UNKNOWN,CLOUDY/OVERCAST,DAYLIGHT,ALLEY,UNKNOWN,INJURY AND / OR TOW DUE TO CRASH,,NOT APPLICABLE,1530,W,MORSE AVE,,NONINCAPACITATING INJURY,0,0,1,17,3,5,42.00796356,-87.66914695
10/29/2018 06:40:00 PM,30,TRAFFIC SIGNAL,CLEAR,"DARKNESS, LIGHTED ROAD",ONE-WAY,DRY,INJURY AND / OR TOW DUE TO CRASH,,FAILING TO REDUCE SPEED TO AVOID CRASH,34,W,MADISON ST,,NONINCAPACITATING INJURY,0,0,1,18,2,10,41.88211243,-87.62903722
10/10/2017 21:50,35,STOP SIGN/FLASHER,RAIN,"DARKNESS, LIGHTED ROAD",NOT DIVIDED,WET,NO INJURY / DRIVE AWAY,,UNABLE TO DETERMINE,3499,N,OCTAVIA AVE,,NO INDICATION OF INJURY,0,0,0,21,3,10,41.94330583,-87.80920676
9/2/2020 18:05,30,NO CONTROLS,CLEAR,DAYLIGHT,DIVIDED - W/MEDIAN (NOT RAISED),DRY,INJURY AND / OR TOW DUE TO CRASH,,FAILING TO YIELD RIGHT-OF-WAY,5712,N,KIMBALL AVE,Y,NONINCAPACITATING INJURY,0,0,1,18,4,9,41.98525055,-87.71397149
03/29/2019 05:48:00 PM,30,NO CONTROLS,CLEAR,DAYLIGHT,DIVIDED - W/MEDIAN (NOT RAISED),DRY,INJURY AND / OR TOW DUE TO CRASH,,FAILING TO YIELD RIGHT-OF-WAY,4956,N,KIMBALL AVE,,NONINCAPACITATING INJURY,0,0,1,17,6,3,41.97174788,-87.71360607
09/23/2023 02:00:00 PM,30,NO CONTROLS,CLEAR,DAYLIGHT,DIVIDED - W/MEDIAN (NOT RAISED),DRY,INJURY AND / OR TOW DUE TO CRASH,,FAILING TO YIELD RIGHT-OF-WAY,2451,W,MONTROSE AVE,,NONINCAPACITATING INJURY,0,0,1,14,7,9,41.96118997,-87.69065614
05/30/2019 05:30:00 PM,30,TRAFFIC SIGNAL,CLEAR,DAYLIGHT,NOT DIVIDED,DRY,INJURY AND / OR TOW DUE TO CRASH,Y,IMPROPER TURNING/NO SIGNAL,2,W,31ST ST,,NONINCAPACITATING INJURY,0,0,1,17,5,5,41.83840961,-87.62683314
07/21/2017 04:30:00 PM,20,STOP SIGN/FLASHER,CLEAR,DAYLIGHT,ONE-WAY,DRY,NO INJURY / DRIVE AWAY,Y,DISREGARDING STOP SIGN,5800,N,KENMORE AVE,,NO INDICATION OF INJURY,0,0,0,16,6,7,41.98741961,-87.65688052
08/14/2020 06:55:00 PM,25,STOP SIGN/FLASHER,CLEAR,DAYLIGHT,NOT DIVIDED,DRY,INJURY AND / OR TOW DUE TO CRASH,Y,FAILING TO YIELD RIGHT-OF-WAY,4400,W,GEORGE ST,,INCAPACITATING INJURY,0,1,0,18,6,8,41.93360354,-87.73692912
6/4/2021 16:00,20,STOP SIGN/FLASHER,CLEAR,DAYLIGHT,FOUR WAY,DRY,INJURY AND / OR TOW DUE TO CRASH,,UNABLE TO DETERMINE,8200,S,CLYDE AVE,,NONINCAPACITATING INJURY,0,0,1,16,6,6,41.74608937,-87.57359658
9/4/2019 8:50,30,NO CONTROLS,CLEAR,DAYLIGHT,ONE-WAY,DRY,INJURY AND / OR TOW DUE TO CRASH,,UNABLE TO DETERMINE,77,E,WASHINGTON ST,Y,NONINCAPACITATING INJURY,0,0,1,8,4,9,41.88311499,-87.62511209
8/2/2017 22:05,30,TRAFFIC SIGNAL,CLEAR,"DARKNESS, LIGHTED ROAD",DIVIDED - W/MEDIAN (NOT RAISED),DRY,NO INJURY / DRIVE AWAY,,FAILING TO YIELD RIGHT-OF-WAY,5920,N,RIDGE AVE,,NO INDICATION OF INJURY,0,0,0,22,4,8,41.98949132,-87.66987103
11/5/2023 17:30,30,STOP SIGN/FLASHER,CLEAR,"DARKNESS, LIGHTED ROAD",FOUR WAY,DRY,INJURY AND / OR TOW DUE TO CRASH,Y,"OPERATING VEHICLE IN ERRATIC, RECKLESS, CARELESS, NEGLIGENT OR AGGRESSIVE MANNER",2459,W,AUGUSTA BLVD,,NONINCAPACITATING INJURY,0,0,1,17,1,11,41.8992459,-87.68927115
9/11/2017 8:36,30,NO CONTROLS,CLEAR,DAYLIGHT,DIVIDED - W/MEDIAN (NOT RAISED),DRY,INJURY AND / OR TOW DUE TO CRASH,Y,NOT APPLICABLE,3238,W,FOSTER AVE,,NONINCAPACITATING INJURY,0,0,1,8,2,9,41.97583898,-87.71027284
08/25/2023 03:38:00 PM,30,TRAFFIC SIGNAL,CLEAR,DAYLIGHT,FOUR WAY,DRY,INJURY AND / OR TOW DUE TO CRASH,,DISREGARDING TRAFFIC SIGNALS,5101,S,KEDZIE AVE,,NONINCAPACITATING INJURY,0,0,1,15,6,8,41.80073146,-87.70361687
12/5/2019 22:59,30,TRAFFIC SIGNAL,CLEAR,"DARKNESS, LIGHTED ROAD",DIVIDED - W/MEDIAN (NOT RAISED),DRY,NO INJURY / DRIVE AWAY,,UNABLE TO DETERMINE,5148,W,LAKE ST,,NO INDICATION OF INJURY,0,0,0,22,5,12,41.88727596,-87.7548347
06/13/2018 09:30:00 PM,30,NO CONTROLS,CLEAR,"DARKNESS, LIGHTED ROAD",DIVIDED - W/MEDIAN BARRIER,DRY,INJURY AND / OR TOW DUE TO CRASH,,FAILING TO YIELD RIGHT-OF-WAY,658,N,OGDEN AVE,,FATAL,1,0,0,21,4,6,41.89409503,-87.65664925
3/3/2019 16:49,30,TRAFFIC SIGNAL,CLEAR,DAYLIGHT,OTHER,DRY,INJURY AND / OR TOW DUE TO CRASH,,DISREGARDING TRAFFIC SIGNALS,658,N,STATE ST,,NONINCAPACITATING INJURY,0,0,1,16,1,3,41.8941093,-87.62828316
09/25/2022 07:30:00 PM,35,OTHER,CLEAR,"DARKNESS, LIGHTED ROAD",NOT DIVIDED,DRY,NO INJURY / DRIVE AWAY,,FAILING TO YIELD RIGHT-OF-WAY,156,W,CONGRESS PKWY,,NO INDICATION OF INJURY,0,0,0,19,1,9,41.87569908,-87.63262859
08/14/2020 07:00:00 PM,30,UNKNOWN,CLEAR,DUSK,NOT DIVIDED,DRY,INJURY AND / OR TOW DUE TO CRASH,,UNABLE TO DETERMINE,1632,N,MILWAUKEE AVE,Y,"REPORTED, NOT EVIDENT",0,0,0,19,6,8,41.91100893,-87.67866514
4/2/2019 9:30,30,TRAFFIC SIGNAL,CLEAR,DAYLIGHT,NOT DIVIDED,DRY,NO INJURY / DRIVE AWAY,,UNABLE TO DETERMINE,2400,W,CHICAGO AVE,,NO INDICATION OF INJURY,0,0,0,9,3,4,41.89585104,-87.68696894
03/15/2022 01:42:00 PM,30,NO CONTROLS,CLEAR,DAYLIGHT,ALLEY,DRY,NO INJURY / DRIVE AWAY,,UNABLE TO DETERMINE,2901,N,MILDRED AVE,,NO INDICATION OF INJURY,0,0,0,13,3,3,41.93454336,-87.65135277
12/8/2022 21:55,30,NO CONTROLS,CLEAR,"DARKNESS, LIGHTED ROAD",CENTER TURN LANE,DRY,INJURY AND / OR TOW DUE TO CRASH,,UNABLE TO DETERMINE,320,N,OGDEN AVE,,INCAPACITATING INJURY,0,1,0,21,5,12,41.8871706,-87.66188297
02/14/2020 05:12:00 PM,30,STOP SIGN/FLASHER,CLEAR,DAYLIGHT,NOT DIVIDED,WET,INJURY AND / OR TOW DUE TO CRASH,,UNABLE TO DETERMINE,732,W,CERMAK RD,,INCAPACITATING INJURY,0,1,0,17,6,2,41.85276354,-87.64596072
06/14/2023 06:00:00 PM,35,TRAFFIC SIGNAL,CLEAR,DAYLIGHT,DIVIDED - W/MEDIAN BARRIER,DRY,NO INJURY / DRIVE AWAY,,DISREGARDING TRAFFIC SIGNALS,174,W,CERMAK RD,,NO INDICATION OF INJURY,0,0,0,18,4,6,41.85296184,-87.63200039
06/15/2022 07:22:00 PM,30,STOP SIGN/FLASHER,CLEAR,DAYLIGHT,FOUR WAY,DRY,INJURY AND / OR TOW DUE TO CRASH,,DRIVING ON WRONG SIDE/WRONG WAY,7599,S,SOUTH SHORE DR,,INCAPACITATING INJURY,0,1,0,19,4,6,41.75902339,-87.55542489
6/5/2021 11:21,35,TRAFFIC SIGNAL,CLEAR,DAYLIGHT,NOT DIVIDED,DRY,NO INJURY / DRIVE AWAY,,PHYSICAL CONDITION OF DRIVER,4020,N,PULASKI RD,,NO INDICATION OF INJURY,0,0,0,11,7,6,41.95430432,-87.72778254
09/25/2018 05:40:00 AM,30,STOP SIGN/FLASHER,RAIN,DARKNESS,UNKNOWN,WET,INJURY AND / OR TOW DUE TO CRASH,Y,FAILING TO YIELD RIGHT-OF-WAY,1044,N,ORLEANS ST,,NONINCAPACITATING INJURY,0,0,1,5,3,9,41.90163237,-87.63751376
5/5/2022 15:00,30,UNKNOWN,UNKNOWN,UNKNOWN,NOT DIVIDED,UNKNOWN,INJURY AND / OR TOW DUE TO CRASH,,UNABLE TO DETERMINE,1537,N,CLYBOURN AVE,,NONINCAPACITATING INJURY,0,0,1,15,5,5,41.90943252,-87.64724289
08/16/2023 08:18:00 PM,30,TRAFFIC SIGNAL,CLEAR,DARKNESS,NOT DIVIDED,DRY,INJURY AND / OR TOW DUE TO CRASH,,"VISION OBSCURED (SIGNS, TREE LIMBS, BUILDINGS, ETC.)",100,E,ILLINOIS ST,,NONINCAPACITATING INJURY,0,0,1,20,4,8,41.89102451,-87.62529015