CRASH_DATE,POSTED_SPEED_LIMIT,TRAFFIC_CONTROL_DEVICE,WEATHER_CONDITION,LIGHTING_CONDITION,TRAFFICWAY_TYPE,ROADWAY_SURFACE_COND,CRASH_TYPE,HIT_AND_RUN_I,PRIM_CONTRIBUTORY_CAUSE,STREET_NO,STREET_DIRECTION,STREET_NAME,DOORING_I,MOST_SEVERE_INJURY,INJURIES_FATAL,INJURIES_INCAPACITATING,INJURIES_NON_INCAPACITATING,CRASH_HOUR,CRASH_DAY_OF_WEEK,CRASH_MONTH,LATITUDE,LONGITUDE
6/1/2023 16:00,30,TRAFFIC SIGNAL,CLEAR,DAYLIGHT,FOUR WAY,DRY,NO INJURY / DRIVE AWAY,,FAILING TO YIELD RIGHT-OF-WAY,1200,N,NORTH BRANCH ST,,NO INDICATION OF INJURY,0,0,0,16,5,6,41.90352307,-87.65561372
8/8/2023 23:40,30,TRAFFIC SIGNAL,CLEAR,"DARKNESS, LIGHTED ROAD",NOT DIVIDED,DRY,INJURY AND / OR TOW DUE TO CRASH,Y,UNABLE TO DETERMINE,400,N,STATE ST,,"REPORTED, NOT EVIDENT",0,0,0,23,3,8,41.88931871,-87.62815267
03/26/2022 03:08:00 PM,30,TRAFFIC SIGNAL,CLEAR,DAYLIGHT,DIVIDED - W/MEDIAN (NOT RAISED),DRY,INJURY AND / OR TOW DUE TO CRASH,,FAILING TO YIELD RIGHT-OF-WAY,3159,W,ADDISON ST,,"REPORTED, NOT EVIDENT",0,0,0,15,7,3,41.94652197,-87.70775808
8/2/2023 15:43,25,NO CONTROLS,CLEAR,DAYLIGHT,NOT DIVIDED,DRY,INJURY AND / OR TOW DUE TO CRASH,,NOT APPLICABLE,2600,N,SOUTHPORT AVE,,NONINCAPACITATING INJURY,0,0,1,15,4,8,41.92889109,-87.66359222
05/14/2022 06:20:00 PM,30,STOP SIGN/FLASHER,CLEAR,DAYLIGHT,FOUR WAY,DRY,INJURY AND / OR TOW DUE TO CRASH,,FAILING TO YIELD RIGHT-OF-WAY,1900,S,CANALPORT AVE,,NONINCAPACITATING INJURY,0,0,1,18,7,5,41.8568521,-87.64193513
09/21/2023 08:30:00 AM,30,TRAFFIC SIGNAL,CLEAR,DAYLIGHT,DIVIDED - W/MEDIAN (NOT RAISED),UNKNOWN,INJURY AND / OR TOW DUE TO CRASH,Y,UNABLE TO DETERMINE,2359,W,MADISON ST,,NONINCAPACITATING INJURY,0,0,1,8,5,9,41.88105391,-87.68630455
07/19/2022 06:16:00 PM,30,NO CONTROLS,CLEAR,DAYLIGHT,ALLEY,DRY,INJURY AND / OR TOW DUE TO CRASH,,FAILING TO YIELD RIGHT-OF-WAY,6809,W,DIVERSEY AVE,,INCAPACITATING INJURY,0,1,0,18,3,7,41.9307694,-87.79588901
07/28/2019 04:00:00 PM,30,PEDESTRIAN CROSSING SIGN,CLEAR,DAYLIGHT,NOT DIVIDED,DRY,INJURY AND / OR TOW DUE TO CRASH,,FAILING TO REDUCE SPEED TO AVOID CRASH,1502,E,HYDE PARK BLVD,,INCAPACITATING INJURY,0,1,0,16,1,7,41.80256772,-87.58902892
05/23/2019 03:45:00 PM,30,NO CONTROLS,CLEAR,DAYLIGHT,NOT DIVIDED,DRY,INJURY AND / OR TOW DUE TO CRASH,,UNABLE TO DETERMINE,1664,W,DIVISION ST,Y,NONINCAPACITATING INJURY,0,0,1,15,5,5,41.90341508,-87.66997144
04/26/2018 08:20:00 PM,25,TRAFFIC SIGNAL,CLEAR,"DARKNESS, LIGHTED ROAD",NOT DIVIDED,DRY,NO INJURY / DRIVE AWAY,,UNABLE TO DETERMINE,1959,W,PRATT BLVD,,NO INDICATION OF INJURY,0,0,0,20,5,4,42.0050991,-87.68005333
09/23/2022 02:00:00 PM,30,NO CONTROLS,CLEAR,DAYLIGHT,NOT DIVIDED,DRY,NO INJURY / DRIVE AWAY,Y,UNABLE TO DETERMINE,3801,S,WESTERN AVE,,NO INDICATION OF INJURY,0,0,0,14,6,9,41.824711,-87.68471827
9/10/2019 17:06,25,YIELD,CLEAR,DAYLIGHT,FOUR WAY,DRY,INJURY AND / OR TOW DUE TO CRASH,,DRIVING ON WRONG SIDE/WRONG WAY,7330,N,CALIFORNIA AVE,,INCAPACITATING INJURY,0,1,0,17,3,9,42.01475148,-87.69981802
07/20/2021 08:18:00 PM,30,NO CONTROLS,CLEAR,DUSK,ONE-WAY,DRY,INJURY AND / OR TOW DUE TO CRASH,Y,UNABLE TO DETERMINE,2330,N,KEDZIE BLVD,,NONINCAPACITATING INJURY,0,0,1,20,3,7,41.92385737,-87.70733988
05/27/2021 12:28:00 PM,25,TRAFFIC SIGNAL,CLEAR,DAYLIGHT,ONE-WAY,DRY,INJURY AND / OR TOW DUE TO CRASH,,FAILING TO REDUCE SPEED TO AVOID CRASH,998,W,HARRISON ST,N,"REPORTED, NOT EVIDENT",0,0,0,12,5,5,41.87448106,-87.65168555
05/23/2021 12:00:00 AM,30,NO CONTROLS,CLEAR,DARKNESS,NOT DIVIDED,DRY,INJURY AND / OR TOW DUE TO CRASH,Y,IMPROPER TURNING/NO SIGNAL,2924,W,ROOSEVELT RD,,NONINCAPACITATING INJURY,0,0,1,0,1,5,41.86658055,-87.69951458
03/27/2018 07:50:00 AM,30,NO CONTROLS,RAIN,DAYLIGHT,DIVIDED - W/MEDIAN (NOT RAISED),WET,INJURY AND / OR TOW DUE TO CRASH,,UNABLE TO DETERMINE,1601,S,STATE ST,Y,NONINCAPACITATING INJURY,0,0,1,7,3,3,41.86012122,-87.62711467
06/19/2022 12:45:00 PM,30,NO CONTROLS,CLEAR,DAYLIGHT,PARKING LOT,DRY,INJURY AND / OR TOW DUE TO CRASH,,FAILING TO YIELD RIGHT-OF-WAY,6400,W,FULLERTON AVE,,"REPORTED, NOT EVIDENT",0,0,0,12,1,6,41.92378619,-87.78556721
07/30/2019 06:42:00 PM,30,NO CONTROLS,CLEAR,DAYLIGHT,DIVIDED - W/MEDIAN (NOT RAISED),DRY,INJURY AND / OR TOW DUE TO CRASH,,NOT APPLICABLE,2953,W,111TH ST,,INCAPACITATING INJURY,0,1,0,18,3,7,41.69151874,-87.69557417
09/19/2018 11:00:00 AM,30,TRAFFIC SIGNAL,CLEAR,DAYLIGHT,NOT DIVIDED,DRY,INJURY AND / OR TOW DUE TO CRASH,,UNABLE TO DETERMINE,7400,S,HALSTED ST,,NONINCAPACITATING INJURY,0,0,1,11,4,9,41.75967458,-87.64442024
4/6/2023 16:50,30,TRAFFIC SIGNAL,CLEAR,DAYLIGHT,DIVIDED - W/MEDIAN (NOT RAISED),DRY,NO INJURY / DRIVE AWAY,,UNABLE TO DETERMINE,2300,S,ARCHER AVE,,NO INDICATION OF INJURY,0,0,0,16,5,4,41.85102739,-87.63889348
05/29/2019 11:10:00 AM,30,YIELD,CLEAR,DAYLIGHT,NOT DIVIDED,DRY,NO INJURY / DRIVE AWAY,N,DRIVING SKILLS/KNOWLEDGE/EXPERIENCE,176,N,DEARBORN ST,N,NO INDICATION OF INJURY,0,0,0,11,4,5,41.88526364,-87.62962837
09/20/2016 09:15:00 AM,30,TRAFFIC SIGNAL,CLEAR,DAYLIGHT,NOT DIVIDED,DRY,NO INJURY / DRIVE AWAY,,BICYCLE ADVANCING LEGALLY ON RED LIGHT,2558,S,WESTERN AVE,N,NO INDICATION OF INJURY,0,0,0,9,3,9,41.84492196,-87.68559776
03/24/2023 05:11:00 PM,25,TRAFFIC SIGNAL,CLEAR,DAYLIGHT,FOUR WAY,DRY,NO INJURY / DRIVE AWAY,,DISREGARDING TRAFFIC SIGNALS,2400,N,CLYBOURN AVE,,NO INDICATION OF INJURY,0,0,0,17,6,3,41.92507619,-87.66943616
09/29/2017 10:56:00 AM,15,NO CONTROLS,CLEAR,DAYLIGHT,NOT DIVIDED,DRY,INJURY AND / OR TOW DUE TO CRASH,Y,UNABLE TO DETERMINE,3300,W,CHICAGO AVE,,NONINCAPACITATING INJURY,0,0,1,10,6,9,41.89564031,-87.70892706
12/1/2017 16:45,30,TRAFFIC SIGNAL,CLEAR,"DARKNESS, LIGHTED ROAD",NOT DIVIDED,DRY,INJURY AND / OR TOW DUE TO CRASH,,UNABLE TO DETERMINE,299,S,HOMAN AVE,N,INCAPACITATING INJURY,0,1,0,16,6,12,41.87733453,-87.71074237
07/28/2018 06:38:00 PM,30,NO CONTROLS,CLEAR,DAYLIGHT,NOT DIVIDED,DRY,INJURY AND / OR TOW DUE TO CRASH,,NOT APPLICABLE,2944,N,LINCOLN AVE,Y,INCAPACITATING INJURY,0,1,0,18,7,7,41.93527244,-87.66272084
04/20/2021 05:30:00 PM,35,STOP SIGN/FLASHER,CLEAR,DAYLIGHT,DIVIDED - W/MEDIAN BARRIER,DRY,NO INJURY / DRIVE AWAY,,UNABLE TO DETERMINE,5400,S,LAKE PARK AVE,,NO INDICATION OF INJURY,0,0,0,17,3,4,41.7979498,-87.5873944
08/29/2023 07:00:00 AM,30,UNKNOWN,CLEAR,DAYLIGHT,FOUR WAY,DRY,INJURY AND / OR TOW DUE TO CRASH,,IMPROPER TURNING/NO SIGNAL,5606,N,ASHLAND AVE,,NONINCAPACITATING INJURY,0,0,1,7,3,8,41.98370919,-87.66997075
07/21/2019 12:24:00 PM,30,TRAFFIC SIGNAL,RAIN,DAYLIGHT,DIVIDED - W/MEDIAN BARRIER,WET,INJURY AND / OR TOW DUE TO CRASH,,UNABLE TO DETERMINE,5556,W,NORTH AVE,,INCAPACITATING INJURY,0,1,0,12,1,7,41.90949106,-87.76548044
8/1/2018 21:10,30,STOP SIGN/FLASHER,CLEAR,"DARKNESS, LIGHTED ROAD",NOT DIVIDED,DRY,INJURY AND / OR TOW DUE TO CRASH,Y,DRIVING ON WRONG SIDE/WRONG WAY,3300,W,IRVING PARK RD,,NONINCAPACITATING INJURY,0,0,1,21,4,8,41.95400071,-87.71052917
8/8/2019 20:30,30,NO CONTROLS,CLEAR,"DARKNESS, LIGHTED ROAD",NOT DIVIDED,DRY,INJURY AND / OR TOW DUE TO CRASH,,IMPROPER TURNING/NO SIGNAL,765,N,MILWAUKEE AVE,,"REPORTED, NOT EVIDENT",0,0,0,20,5,8,41.89577893,-87.65447766
10/7/2022 8:00,30,STOP SIGN/FLASHER,RAIN,DAYLIGHT,FOUR WAY,WET,INJURY AND / OR TOW DUE TO CRASH,,FAILING TO YIELD RIGHT-OF-WAY,3046,N,ELSTON AVE,,INCAPACITATING INJURY,0,1,0,8,6,10,41.93658599,-87.69445098
09/27/2020 11:48:00 PM,30,TRAFFIC SIGNAL,RAIN,"DARKNESS, LIGHTED ROAD",NOT DIVIDED,WET,INJURY AND / OR TOW DUE TO CRASH,Y,FAILING TO REDUCE SPEED TO AVOID CRASH,802,N,WELLS ST,,NONINCAPACITATING INJURY,0,0,1,23,1,9,41.8967011,-87.63435398
07/18/2020 03:25:00 PM,30,TRAFFIC SIGNAL,CLOUDY/OVERCAST,DAYLIGHT,DIVIDED - W/MEDIAN BARRIER,DRY,INJURY AND / OR TOW DUE TO CRASH,Y,FAILING TO YIELD RIGHT-OF-WAY,4650,S,ASHLAND AVE,,INCAPACITATING INJURY,0,1,0,15,7,7,41.80893046,-87.66512614
08/29/2020 08:15:00 PM,30,NO CONTROLS,CLEAR,"DARKNESS, LIGHTED ROAD",FOUR WAY,DRY,NO INJURY / DRIVE AWAY,Y,FAILING TO YIELD RIGHT-OF-WAY,847,W,BELMONT AVE,Y,NO INDICATION OF INJURY,0,0,0,20,7,8,41.93984553,-87.65110497
10/16/2017 04:15:00 PM,20,STOP SIGN/FLASHER,CLEAR,DAYLIGHT,NOT DIVIDED,DRY,INJURY AND / OR TOW DUE TO CRASH,,FAILING TO YIELD RIGHT-OF-WAY,3132,W,46TH ST,Y,NONINCAPACITATING INJURY,0,0,1,16,2,10,41.81006702,-87.70295811
6/8/2023 17:20,30,UNKNOWN,CLEAR,DAYLIGHT,NOT DIVIDED,UNKNOWN,INJURY AND / OR TOW DUE TO CRASH,Y,UNABLE TO DETERMINE,2830,N,DAMEN AVE,,NONINCAPACITATING INJURY,0,0,1,17,5,6,41.9332387,-87.6782943
12/6/2022 10:00,20,TRAFFIC SIGNAL,CLEAR,DAYLIGHT,FOUR WAY,DRY,NO INJURY / DRIVE AWAY,,IMPROPER TURNING/NO SIGNAL,2300,W,POLK ST,,NO INDICATION OF INJURY,0,0,0,10,3,12,41.87147407,-87.6837836
6/6/2019 18:30,30,TRAFFIC SIGNAL,CLEAR,DAYLIGHT,NOT DIVIDED,DRY,INJURY AND / OR TOW DUE TO CRASH,,DISREGARDING TRAFFIC SIGNALS,2401,W,CHICAGO AVE,,NONINCAPACITATING INJURY,0,0,1,18,5,6,41.89563156,-87.68696272
06/25/2019 05:50:00 PM,15,STOP SIGN/FLASHER,CLEAR,DAYLIGHT,DIVIDED - W/MEDIAN (NOT RAISED),DRY,NO INJURY / DRIVE AWAY,,UNABLE TO DETERMINE,259,N,GREEN ST,,NO INDICATION OF INJURY,0,0,0,17,3,6,41.88672944,-87.64852664
09/26/2023 06:30:00 AM,30,STOP SIGN/FLASHER,CLEAR,DUSK,NOT DIVIDED,DRY,NO INJURY / DRIVE AWAY,,FAILING TO YIELD RIGHT-OF-WAY,4449,N,DAMEN AVE,,NO INDICATION OF INJURY,0,0,0,6,3,9,41.9629038,-87.67887005
11/5/2017 20:15,30,NO CONTROLS,CLEAR,DUSK,NOT DIVIDED,DRY,INJURY AND / OR TOW DUE TO CRASH,,UNABLE TO DETERMINE,4625,N,KEDZIE AVE,,"REPORTED, NOT EVIDENT",0,0,0,20,1,11,41.96548117,-87.7082353
12/8/2017 9:30,30,TRAFFIC SIGNAL,CLEAR,DAYLIGHT,NOT DIVIDED,DRY,INJURY AND / OR TOW DUE TO CRASH,,"OPERATING VEHICLE IN ERRATIC, RECKLESS, CARELESS, NEGLIGENT OR AGGRESSIVE MANNER",3232,N,LINCOLN AVE,Y,NONINCAPACITATING INJURY,0,0,1,9,6,12,41.94050262,-87.66939869
10/6/2016 12:30,30,NO CONTROLS,RAIN,DAYLIGHT,NOT DIVIDED,WET,INJURY AND / OR TOW DUE TO CRASH,,IMPROPER LANE USAGE,1200,N,CLARK ST,,NONINCAPACITATING INJURY,0,0,1,12,5,10,41.90399233,-87.6315949
04/27/2023 03:00:00 PM,25,STOP SIGN/FLASHER,CLEAR,DAYLIGHT,NOT DIVIDED,DRY,NO INJURY / DRIVE AWAY,Y,DISREGARDING STOP SIGN,5100,S,CORNELL AVE,,NO INDICATION OF INJURY,0,0,0,15,5,4,41.802387,-87.58675828
07/28/2018 06:48:00 PM,35,NO CONTROLS,CLEAR,DAYLIGHT,DIVIDED - W/MEDIAN BARRIER,DRY,INJURY AND / OR TOW DUE TO CRASH,,UNABLE TO DETERMINE,7223,S,STONY ISLAND AVE,Y,FATAL,1,0,0,18,7,7,41.76354844,-87.58570996
07/14/2019 08:50:00 PM,30,NO CONTROLS,CLEAR,"DARKNESS, LIGHTED ROAD",NOT DIVIDED,DRY,INJURY AND / OR TOW DUE TO CRASH,,FAILING TO YIELD RIGHT-OF-WAY,1959,N,MILWAUKEE AVE,,NONINCAPACITATING INJURY,0,0,1,20,1,7,41.91715563,-87.68771585
08/29/2023 09:07:00 AM,30,NO CONTROLS,CLEAR,DAYLIGHT,NOT DIVIDED,DRY,INJURY AND / OR TOW DUE TO CRASH,,UNABLE TO DETERMINE,123,N,DESPLAINES ST,,NONINCAPACITATING INJURY,0,0,1,9,3,8,41.88390953,-87.64404241
02/27/2022 05:55:00 PM,30,NO CONTROLS,CLEAR,DAYLIGHT,DIVIDED - W/MEDIAN (NOT RAISED),DRY,INJURY AND / OR TOW DUE TO CRASH,Y,IMPROPER OVERTAKING/PASSING,3052,N,LINCOLN AVE,,NONINCAPACITATING INJURY,0,0,1,17,1,2,41.93719032,-87.66540981
9/6/2019 20:25,30,STOP SIGN/FLASHER,CLEAR,"DARKNESS, LIGHTED ROAD",ONE-WAY,DRY,INJURY AND / OR TOW DUE TO CRASH,,UNABLE TO DETERMINE,2099,W,GRACE ST,,NONINCAPACITATING INJURY,0,0,1,20,6,9,41.95037056,-87.68101782
08/21/2023 09:38:00 PM,35,TRAFFIC SIGNAL,CLEAR,"DARKNESS, LIGHTED ROAD",Y-INTERSECTION,DRY,INJURY AND / OR TOW DUE TO CRASH,,FAILING TO REDUCE SPEED TO AVOID CRASH,316,W,CERMAK RD,,INCAPACITATING INJURY,0,1,0,21,2,8,41.8529915,-87.63554386
05/23/2020 02:12:00 PM,30,TRAFFIC SIGNAL,CLEAR,DAYLIGHT,DIVIDED - W/MEDIAN BARRIER,DRY,NO INJURY / DRIVE AWAY,Y,UNABLE TO DETERMINE,5,W,GARFIELD BLVD,,NO INDICATION OF INJURY,0,0,0,14,7,5,41.79418204,-87.62593649
05/25/2022 02:40:00 PM,30,NO CONTROLS,RAIN,DAYLIGHT,T-INTERSECTION,WET,INJURY AND / OR TOW DUE TO CRASH,,IMPROPER LANE USAGE,4800,N,CLAREMONT AVE,,INCAPACITATING INJURY,0,1,0,14,4,5,41.96872326,-87.68783849
4/9/2021 20:58,30,NO CONTROLS,CLEAR,"DARKNESS, LIGHTED ROAD",ONE-WAY,DRY,INJURY AND / OR TOW DUE TO CRASH,,DRIVING ON WRONG SIDE/WRONG WAY,1115,N,ROCKWELL ST,,NONINCAPACITATING INJURY,0,0,1,20,6,4,41.90166552,-87.6917729
6/9/2016 16:48,30,NO CONTROLS,CLEAR,DAYLIGHT,ONE-WAY,DRY,INJURY AND / OR TOW DUE TO CRASH,,UNABLE TO DETERMINE,6400,N,RAVENSWOOD AVE,,"REPORTED, NOT EVIDENT",0,0,0,16,5,6,41.99804374,-87.67516301
03/21/2023 06:25:00 AM,30,TRAFFIC SIGNAL,CLEAR,DAYLIGHT,NOT DIVIDED,DRY,INJURY AND / OR TOW DUE TO CRASH,N,FAILING TO YIELD RIGHT-OF-WAY,200,E,111TH ST,N,NONINCAPACITATING INJURY,0,0,1,6,3,3,41.6927627,-87.61813894
11/19/2019 06:45:00 AM,30,TRAFFIC SIGNAL,CLEAR,DAYLIGHT,NOT DIVIDED,DRY,INJURY AND / OR TOW DUE TO CRASH,,NOT APPLICABLE,4800,W,WASHINGTON BLVD,,NONINCAPACITATING INJURY,0,0,1,6,3,11,41.88192599,-87.74546236
06/29/2018 07:26:00 PM,30,TRAFFIC SIGNAL,CLEAR,DAWN,NOT DIVIDED,DRY,NO INJURY / DRIVE AWAY,,DISREGARDING OTHER TRAFFIC SIGNS,140,W,PERSHING RD,,NO INDICATION OF INJURY,0,0,0,19,6,6,41.82377406,-87.6301277
8/11/2023 6:15,30,NO CONTROLS,CLOUDY/OVERCAST,DAYLIGHT,DIVIDED - W/MEDIAN (NOT RAISED),DRY,INJURY AND / OR TOW DUE TO CRASH,Y,FAILING TO YIELD RIGHT-OF-WAY,1130,S,CICERO AVE,,NONINCAPACITATING INJURY,0,0,1,6,6,8,41.86638514,-87.74491683
11/3/2020 13:00,30,TRAFFIC SIGNAL,CLEAR,DAYLIGHT,DIVIDED - W/MEDIAN (NOT RAISED),DRY,INJURY AND / OR TOW DUE TO CRASH,Y,FAILING TO YIELD RIGHT-OF-WAY,3200,W,FULLERTON AVE,,NONINCAPACITATING INJURY,0,0,1,13,3,11,41.92482331,-87.70765315
10/2/2017 15:05,30,NO CONTROLS,CLEAR,DAYLIGHT,PARKING LOT,DRY,INJURY AND / OR TOW DUE TO CRASH,Y,DRIVING SKILLS/KNOWLEDGE/EXPERIENCE,2600,S,KEDZIE AVE,N,"REPORTED, NOT EVIDENT",0,0,0,15,2,10,41.84442483,-87.70518545
02/20/2020 09:00:00 AM,20,TRAFFIC SIGNAL,CLEAR,DAYLIGHT,DIVIDED - W/MEDIAN (NOT RAISED),DRY,NO INJURY / DRIVE AWAY,Y,UNABLE TO DETERMINE,1400,S,SACRAMENTO DR,,NO INDICATION OF INJURY,0,0,0,9,5,2,41.86289482,-87.70215997
02/25/2018 03:05:00 PM,35,TRAFFIC SIGNAL,CLEAR,DAYLIGHT,NOT DIVIDED,DRY,INJURY AND / OR TOW DUE TO CRASH,Y,FAILING TO YIELD RIGHT-OF-WAY,4100,W,IRVING PARK RD,,NONINCAPACITATING INJURY,0,0,1,15,1,2,41.95374332,-87.72925407
07/25/2017 08:20:00 PM,30,NO CONTROLS,CLEAR,DUSK,DIVIDED - W/MEDIAN (NOT RAISED),DRY,INJURY AND / OR TOW DUE TO CRASH,,DRIVING SKILLS/KNOWLEDGE/EXPERIENCE,4503,W,DIVERSEY AVE,,NONINCAPACITATING INJURY,0,0,1,20,3,7,41.93151816,-87.73938431
03/23/2021 07:23:00 PM,2,TRAFFIC SIGNAL,RAIN,"DARKNESS, LIGHTED ROAD",FOUR WAY,WET,INJURY AND / OR TOW DUE TO CRASH,Y,FAILING TO YIELD RIGHT-OF-WAY,4800,W,ARMITAGE AVE,,"REPORTED, NOT EVIDENT",0,0,0,19,3,3,41.91704199,-87.7461761
7/8/2017 13:39,30,UNKNOWN,CLEAR,DAYLIGHT,NOT DIVIDED,DRY,INJURY AND / OR TOW DUE TO CRASH,,UNABLE TO DETERMINE,2348,W,MONTROSE AVE,,"REPORTED, NOT EVIDENT",0,0,0,13,7,7,41.9614294,-87.68820504
02/13/2019 09:17:00 AM,35,STOP SIGN/FLASHER,SNOW,DAYLIGHT,NOT DIVIDED,SNOW OR SLUSH,INJURY AND / OR TOW DUE TO CRASH,,UNABLE TO DETERMINE,3000,S,KOSTNER AVE,,"REPORTED, NOT EVIDENT",0,0,0,9,4,2,41.83853247,-87.73426777
11/6/2022 14:30,30,UNKNOWN,UNKNOWN,UNKNOWN,NOT DIVIDED,UNKNOWN,NO INJURY / DRIVE AWAY,,UNABLE TO DETERMINE,400,N,STATE ST,Y,NO INDICATION OF INJURY,0,0,0,14,1,11,41.88931871,-87.62815267
10/26/2016 01:35:00 PM,30,OTHER,RAIN,DAYLIGHT,ONE-WAY,WET,INJURY AND / OR TOW DUE TO CRASH,,FAILING TO YIELD RIGHT-OF-WAY,10,E,GRAND AVE,,NONINCAPACITATING INJURY,0,0,1,13,4,10,41.89179146,-87.62765774
03/21/2019 05:45:00 PM,25,NO CONTROLS,CLEAR,DAYLIGHT,NOT DIVIDED,DRY,INJURY AND / OR TOW DUE TO CRASH,,UNABLE TO DETERMINE,2542,N,CLARK ST,,"REPORTED, NOT EVIDENT",0,0,0,17,5,3,41.92886703,-87.64258806
01/14/2022 10:40:00 AM,35,UNKNOWN,RAIN,DAYLIGHT,NOT DIVIDED,WET,INJURY AND / OR TOW DUE TO CRASH,,NOT APPLICABLE,625,N,WABASH AVE,,NONINCAPACITATING INJURY,0,0,1,10,6,1,41.89325598,-87.62661246
08/21/2020 08:30:00 PM,30,NO CONTROLS,UNKNOWN,UNKNOWN,NOT DIVIDED,UNKNOWN,NO INJURY / DRIVE AWAY,,UNABLE TO DETERMINE,1608,N,WELLS ST,Y,NO INDICATION OF INJURY,0,0,0,20,6,8,41.91143458,-87.63486625
11/2/2021 16:00,30,NO CONTROLS,CLEAR,DAYLIGHT,NOT DIVIDED,DRY,INJURY AND / OR TOW DUE TO CRASH,,UNABLE TO DETERMINE,3138,N,HALSTED ST,Y,"REPORTED, NOT EVIDENT",0,0,0,16,3,11,41.9389953,-87.64938272
10/2/2018 17:07,30,TRAFFIC SIGNAL,CLEAR,DAYLIGHT,DIVIDED - W/MEDIAN (NOT RAISED),DRY,INJURY AND / OR TOW DUE TO CRASH,Y,DISREGARDING TRAFFIC SIGNALS,4200,W,FULLERTON AVE,,"REPORTED, NOT EVIDENT",0,0,0,17,3,10,41.9245348,-87.73173009
4/10/2021 21:15,30,TRAFFIC SIGNAL,UNKNOWN,"DARKNESS, LIGHTED ROAD",T-INTERSECTION,UNKNOWN,INJURY AND / OR TOW DUE TO CRASH,,UNABLE TO DETERMINE,2398,N,ELSTON AVE,,"REPORTED, NOT EVIDENT",0,0,0,21,7,4,41.9249365,-87.67751988
12/22/2020 03:23:00 PM,30,NO CONTROLS,CLEAR,DAYLIGHT,NOT DIVIDED,DRY,INJURY AND / OR TOW DUE TO CRASH,,FAILING TO YIELD RIGHT-OF-WAY,5799,W,HIGGINS AVE,,NONINCAPACITATING INJURY,0,0,1,15,3,12,41.97177183,-87.77339534
07/17/2019 12:40:00 AM,30,STOP SIGN/FLASHER,CLEAR,"DARKNESS, LIGHTED ROAD",NOT DIVIDED,DRY,INJURY AND / OR TOW DUE TO CRASH,,PHYSICAL CONDITION OF DRIVER,1923,W,69TH ST,N,NONINCAPACITATING INJURY,0,0,1,0,4,7,41.76835041,-87.67218091
1/6/2018 20:50,30,TRAFFIC SIGNAL,CLEAR,"DARKNESS, LIGHTED ROAD",ONE-WAY,DRY,NO INJURY / DRIVE AWAY,,DISREGARDING TRAFFIC SIGNALS,340,W,OHIO ST,,NO INDICATION OF INJURY,0,0,0,20,7,1,41.89244415,-87.63720038
7/6/2022 13:40,30,TRAFFIC SIGNAL,CLEAR,DAYLIGHT,NOT DIVIDED,DRY,INJURY AND / OR TOW DUE TO CRASH,Y,IMPROPER OVERTAKING/PASSING,5255,W,MADISON ST,,NONINCAPACITATING INJURY,0,0,1,13,4,7,41.88023654,-87.75722039
01/22/2018 02:30:00 PM,30,NO CONTROLS,CLEAR,DAYLIGHT,DIVIDED - W/MEDIAN BARRIER,UNKNOWN,NO INJURY / DRIVE AWAY,,IMPROPER LANE USAGE,5821,W,MADISON ST,,NO INDICATION OF INJURY,0,0,0,14,2,1,41.88004222,-87.77065728
6/4/2023 12:20,30,NO CONTROLS,CLEAR,DAYLIGHT,NOT DIVIDED,DRY,INJURY AND / OR TOW DUE TO CRASH,,"VISION OBSCURED (SIGNS, TREE LIMBS, BUILDINGS, ETC.)",2314,N,DAMEN AVE,,NONINCAPACITATING INJURY,0,0,1,12,1,6,41.92324405,-87.67796667
04/29/2021 12:01:00 PM,25,STOP SIGN/FLASHER,RAIN,DAYLIGHT,DIVIDED - W/MEDIAN (NOT RAISED),WET,INJURY AND / OR TOW DUE TO CRASH,Y,FAILING TO YIELD RIGHT-OF-WAY,3250,N,HALSTED ST,Y,INCAPACITATING INJURY,0,1,0,12,5,4,41.94146461,-87.64946254
09/27/2023 11:33:00 AM,20,NO CONTROLS,CLOUDY/OVERCAST,DAYLIGHT,ONE-WAY,DRY,INJURY AND / OR TOW DUE TO CRASH,,FAILING TO YIELD RIGHT-OF-WAY,4411,N,DRAKE AVE,,NONINCAPACITATING INJURY,0,0,1,11,4,9,41.96146016,-87.71667228
08/26/2021 11:50:00 AM,20,NO CONTROLS,CLEAR,DAYLIGHT,NOT DIVIDED,DRY,INJURY AND / OR TOW DUE TO CRASH,,FAILING TO YIELD RIGHT-OF-WAY,9108,S,COMMERCIAL AVE,,NONINCAPACITATING INJURY,0,0,1,11,5,8,41.72975572,-87.55139587
11/25/2022 03:16:00 PM,30,TRAFFIC SIGNAL,CLEAR,DAYLIGHT,DIVIDED - W/MEDIAN (NOT RAISED),DRY,INJURY AND / OR TOW DUE TO CRASH,,UNABLE TO DETERMINE,1562,W,PERSHING RD,,NONINCAPACITATING INJURY,0,0,1,15,6,11,41.82325988,-87.66545665
04/17/2016 06:18:00 PM,30,NO CONTROLS,CLEAR,DAYLIGHT,ONE-WAY,DRY,INJURY AND / OR TOW DUE TO CRASH,,FAILING TO YIELD RIGHT-OF-WAY,6245,S,KIMBARK AVE,,NONINCAPACITATING INJURY,0,0,1,18,1,4,41.7810252,-87.59450825