CRASH_DATE,POSTED_SPEED_LIMIT,TRAFFIC_CONTROL_DEVICE,WEATHER_CONDITION,LIGHTING_CONDITION,TRAFFICWAY_TYPE,ROADWAY_SURFACE_COND,CRASH_TYPE,HIT_AND_RUN_I,PRIM_CONTRIBUTORY_CAUSE,STREET_NO,STREET_DIRECTION,STREET_NAME,DOORING_I,MOST_SEVERE_INJURY,INJURIES_FATAL,INJURIES_INCAPACITATING,INJURIES_NON_INCAPACITATING,CRASH_HOUR,CRASH_DAY_OF_WEEK,CRASH_MONTH,LATITUDE,LONGITUDE
3/4/2021 18:05,30,TRAFFIC SIGNAL,CLEAR,DUSK,NOT DIVIDED,DRY,NO INJURY / DRIVE AWAY,,FAILING TO YIELD RIGHT-OF-WAY,2399,W,21ST ST,,NO INDICATION OF INJURY,0,0,0,18,5,3,41.8537637,-87.6855706
3/3/2021 17:30,30,TRAFFIC SIGNAL,CLEAR,DAYLIGHT,FOUR WAY,DRY,INJURY AND / OR TOW DUE TO CRASH,,FAILING TO YIELD RIGHT-OF-WAY,1605,W,OGDEN AVE,,NONINCAPACITATING INJURY,0,0,1,17,4,3,41.88063919,-87.66683846
4/11/2020 9:31,30,STOP SIGN/FLASHER,RAIN,DAYLIGHT,DIVIDED - W/MEDIAN (NOT RAISED),DRY,INJURY AND / OR TOW DUE TO CRASH,,FAILING TO YIELD RIGHT-OF-WAY,800,W,63RD ST,,NONINCAPACITATING INJURY,0,0,1,9,7,4,41.77985968,-87.64485278
12/19/2019 10:55:00 AM,30,TRAFFIC SIGNAL,CLEAR,DAYLIGHT,FOUR WAY,DRY,INJURY AND / OR TOW DUE TO CRASH,,DISREGARDING TRAFFIC SIGNALS,302,S,KEDZIE AVE,,"REPORTED, NOT EVIDENT",0,0,0,10,5,12,41.87719665,-87.70615736
08/17/2020 11:24:00 AM,25,STOP SIGN/FLASHER,CLEAR,DAYLIGHT,FOUR WAY,DRY,INJURY AND / OR TOW DUE TO CRASH,,UNABLE TO DETERMINE,4235,W,25TH ST,,"REPORTED, NOT EVIDENT",0,0,0,11,2,8,41.84588008,-87.73101054
08/22/2017 12:20:00 AM,30,NO CONTROLS,CLEAR,DARKNESS,PARKING LOT,WET,INJURY AND / OR TOW DUE TO CRASH,,UNABLE TO DETERMINE,1599,N,CICERO AVE,,"REPORTED, NOT EVIDENT",0,0,0,0,3,8,41.90953467,-87.74596768
10/10/2015 15:45,30,NO CONTROLS,CLEAR,DAYLIGHT,DIVIDED - W/MEDIAN (NOT RAISED),DRY,INJURY AND / OR TOW DUE TO CRASH,,UNABLE TO DETERMINE,2045,W,NORTH AVE,Y,NONINCAPACITATING INJURY,0,0,1,15,7,10,41.91034133,-87.67928261
07/18/2018 06:50:00 PM,25,TRAFFIC SIGNAL,CLEAR,DAYLIGHT,DIVIDED - W/MEDIAN (NOT RAISED),DRY,INJURY AND / OR TOW DUE TO CRASH,,FAILING TO YIELD RIGHT-OF-WAY,2400,N,CANNON DR,,NONINCAPACITATING INJURY,0,0,1,18,4,7,41.92580693,-87.63381965
05/30/2021 03:11:00 PM,30,STOP SIGN/FLASHER,CLEAR,DAYLIGHT,ONE-WAY,DRY,NO INJURY / DRIVE AWAY,,FAILING TO REDUCE SPEED TO AVOID CRASH,4759,S,INDIANA AVE,,NO INDICATION OF INJURY,0,0,0,15,1,5,41.80758539,-87.62102057
05/14/2019 07:59:00 PM,30,NO CONTROLS,CLEAR,DARKNESS,NOT DIVIDED,DRY,INJURY AND / OR TOW DUE TO CRASH,Y,UNABLE TO DETERMINE,612,W,71ST ST,,NONINCAPACITATING INJURY,0,0,1,19,3,5,41.76538084,-87.64006646
10/13/2017 02:00:00 PM,30,TRAFFIC SIGNAL,UNKNOWN,DAYLIGHT,DIVIDED - W/MEDIAN (NOT RAISED),UNKNOWN,INJURY AND / OR TOW DUE TO CRASH,,UNABLE TO DETERMINE,898,W,CHICAGO AVE,,"REPORTED, NOT EVIDENT",0,0,0,14,6,10,41.89646428,-87.64976139
12/8/2017 19:00,30,NO CONTROLS,CLEAR,"DARKNESS, LIGHTED ROAD",DIVIDED - W/MEDIAN BARRIER,DRY,INJURY AND / OR TOW DUE TO CRASH,,IMPROPER OVERTAKING/PASSING,121,W,WACKER DR,,NONINCAPACITATING INJURY,0,0,1,19,6,12,41.88670647,-87.63174095
05/18/2021 05:30:00 PM,25,STOP SIGN/FLASHER,CLOUDY/OVERCAST,DAYLIGHT,NOT DIVIDED,DRY,INJURY AND / OR TOW DUE TO CRASH,,NOT APPLICABLE,6150,W,GIDDINGS ST,,NONINCAPACITATING INJURY,0,0,1,17,3,5,41.96671567,-87.78171858
09/26/2018 05:15:00 PM,25,NO CONTROLS,CLEAR,DAYLIGHT,NOT DIVIDED,DRY,NO INJURY / DRIVE AWAY,,FAILING TO YIELD RIGHT-OF-WAY,230,W,GRAND AVE,,NO INDICATION OF INJURY,0,0,0,17,4,9,41.89167928,-87.63541853
12/22/2017 05:55:00 PM,30,STOP SIGN/FLASHER,CLEAR,"DARKNESS, LIGHTED ROAD",NOT DIVIDED,DRY,INJURY AND / OR TOW DUE TO CRASH,Y,FAILING TO YIELD RIGHT-OF-WAY,7132,W,DEVON AVE,,"REPORTED, NOT EVIDENT",0,0,0,17,6,12,41.99789158,-87.80618053
05/25/2018 07:00:00 PM,30,NO CONTROLS,CLEAR,DUSK,DIVIDED - W/MEDIAN (NOT RAISED),DRY,NO INJURY / DRIVE AWAY,Y,"OPERATING VEHICLE IN ERRATIC, RECKLESS, CARELESS, NEGLIGENT OR AGGRESSIVE MANNER",730,N,LA SALLE DR,Y,NO INDICATION OF INJURY,0,0,0,19,6,5,41.89570494,-87.63283955
12/13/2018 11:00:00 PM,30,STOP SIGN/FLASHER,RAIN,"DARKNESS, LIGHTED ROAD",NOT DIVIDED,WET,INJURY AND / OR TOW DUE TO CRASH,,WEATHER,400,W,WRIGHTWOOD AVE,,NONINCAPACITATING INJURY,0,0,1,23,5,12,41.9314453,-87.63943729
05/19/2023 06:20:00 PM,30,NO CONTROLS,CLEAR,DAYLIGHT,NOT DIVIDED,DRY,INJURY AND / OR TOW DUE TO CRASH,,NOT APPLICABLE,651,N,MILWAUKEE AVE,,NONINCAPACITATING INJURY,0,0,1,18,6,5,41.89349064,-87.65092565
03/22/2023 05:52:00 PM,30,NO CONTROLS,CLEAR,DAYLIGHT,NOT DIVIDED,DRY,INJURY AND / OR TOW DUE TO CRASH,,NOT APPLICABLE,4132,N,CLARENDON AVE,Y,NONINCAPACITATING INJURY,0,0,1,17,4,3,41.95662549,-87.64990794
6/2/2019 18:15,30,NO CONTROLS,CLEAR,DAYLIGHT,NOT DIVIDED,DRY,INJURY AND / OR TOW DUE TO CRASH,,"VISION OBSCURED (SIGNS, TREE LIMBS, BUILDINGS, ETC.)",2112,W,47TH ST,,NONINCAPACITATING INJURY,0,0,1,18,1,6,41.80860207,-87.67764797
05/31/2018 06:10:00 PM,30,NO CONTROLS,CLEAR,DAYLIGHT,DIVIDED - W/MEDIAN (NOT RAISED),DRY,INJURY AND / OR TOW DUE TO CRASH,,UNABLE TO DETERMINE,875,N,MILWAUKEE AVE,,NONINCAPACITATING INJURY,0,0,1,18,5,5,41.89773152,-87.65749414
06/30/2019 12:25:00 AM,30,NO CONTROLS,CLEAR,"DARKNESS, LIGHTED ROAD",NOT DIVIDED,DRY,NO INJURY / DRIVE AWAY,,FAILING TO YIELD RIGHT-OF-WAY,2475,N,MILWAUKEE AVE,,NO INDICATION OF INJURY,0,0,0,0,1,6,41.92634244,-87.70272439
12/18/2022 04:30:00 PM,30,NO CONTROLS,CLEAR,DUSK,FOUR WAY,DRY,INJURY AND / OR TOW DUE TO CRASH,Y,FAILING TO YIELD RIGHT-OF-WAY,321,W,79TH ST,,NONINCAPACITATING INJURY,0,0,1,16,1,12,41.7506982,-87.63277451
11/3/2016 14:00,30,NO CONTROLS,UNKNOWN,DAYLIGHT,DIVIDED - W/MEDIAN (NOT RAISED),UNKNOWN,NO INJURY / DRIVE AWAY,,FAILING TO YIELD RIGHT-OF-WAY,5655,W,MONTROSE AVE,Y,NO INDICATION OF INJURY,0,0,0,14,5,11,41.96034469,-87.76946958
08/13/2022 05:00:00 PM,30,NO CONTROLS,CLEAR,DAYLIGHT,ALLEY,DRY,INJURY AND / OR TOW DUE TO CRASH,,"VISION OBSCURED (SIGNS, TREE LIMBS, BUILDINGS, ETC.)",4054,N,KEDZIE AVE,,NONINCAPACITATING INJURY,0,0,1,17,7,8,41.95553133,-87.70820786
5/9/2019 9:35,30,NO CONTROLS,CLEAR,DAYLIGHT,ONE-WAY,WET,INJURY AND / OR TOW DUE TO CRASH,Y,FAILING TO YIELD RIGHT-OF-WAY,1519,W,WARREN BLVD,,NONINCAPACITATING INJURY,0,0,1,9,5,5,41.88227183,-87.66598098
4/4/2023 8:20,30,STOP SIGN/FLASHER,CLEAR,DAYLIGHT,ONE-WAY,DRY,INJURY AND / OR TOW DUE TO CRASH,,FAILING TO YIELD RIGHT-OF-WAY,2559,N,MANGO AVE,,"REPORTED, NOT EVIDENT",0,0,0,8,3,4,41.92748801,-87.76961429
6/5/2017 15:50,30,NO CONTROLS,CLEAR,DAYLIGHT,NOT DIVIDED,DRY,NO INJURY / DRIVE AWAY,Y,UNABLE TO DETERMINE,1520,N,DAMEN AVE,,NO INDICATION OF INJURY,0,0,0,15,2,6,41.9089214,-87.6775678
10/27/2021 02:37:00 PM,30,TRAFFIC SIGNAL,CLEAR,DAYLIGHT,FOUR WAY,DRY,INJURY AND / OR TOW DUE TO CRASH,N,UNABLE TO DETERMINE,1037,W,HOLLYWOOD AVE,,INCAPACITATING INJURY,0,1,0,14,4,10,41.98539605,-87.65673876
10/9/2017 18:40,30,TRAFFIC SIGNAL,CLEAR,DAYLIGHT,NOT DIVIDED,DRY,INJURY AND / OR TOW DUE TO CRASH,,UNABLE TO DETERMINE,4358,W,55TH ST,,"REPORTED, NOT EVIDENT",0,0,0,18,2,10,41.79322549,-87.73290151
05/17/2019 08:30:00 AM,35,TRAFFIC SIGNAL,CLOUDY/OVERCAST,DAYLIGHT,DIVIDED - W/MEDIAN (NOT RAISED),DRY,NO INJURY / DRIVE AWAY,Y,"OPERATING VEHICLE IN ERRATIC, RECKLESS, CARELESS, NEGLIGENT OR AGGRESSIVE MANNER",10305,S,MICHIGAN AVE,,NO INDICATION OF INJURY,0,0,0,8,6,5,41.7070312,-87.62008994
07/16/2022 07:00:00 PM,30,NO CONTROLS,CLEAR,"DARKNESS, LIGHTED ROAD",DIVIDED - W/MEDIAN (NOT RAISED),DRY,INJURY AND / OR TOW DUE TO CRASH,Y,UNABLE TO DETERMINE,755,W,NORTH AVE,,NONINCAPACITATING INJURY,0,0,1,19,7,7,41.91081347,-87.64801045
6/9/2017 10:25,30,TRAFFIC SIGNAL,CLEAR,DAYLIGHT,DIVIDED - W/MEDIAN (NOT RAISED),DRY,INJURY AND / OR TOW DUE TO CRASH,,FAILING TO YIELD RIGHT-OF-WAY,7359,S,ASHLAND AVE,,INCAPACITATING INJURY,0,1,0,10,6,6,41.75950025,-87.66349421
07/28/2023 10:35:00 AM,30,TRAFFIC SIGNAL,CLEAR,DAYLIGHT,FOUR WAY,DRY,INJURY AND / OR TOW DUE TO CRASH,Y,UNABLE TO DETERMINE,3800,W,MADISON ST,,NONINCAPACITATING INJURY,0,0,1,10,6,7,41.88089727,-87.72088123
09/14/2021 03:06:00 AM,35,NO CONTROLS,CLEAR,"DARKNESS, LIGHTED ROAD",NOT DIVIDED,DRY,NO INJURY / DRIVE AWAY,,PHYSICAL CONDITION OF DRIVER,2645,W,NORTH AVE,Y,NO INDICATION OF INJURY,0,0,0,3,3,9,41.91013883,-87.69392991
9/9/2022 14:30,30,NO CONTROLS,CLEAR,DAYLIGHT,DIVIDED - W/MEDIAN (NOT RAISED),DRY,INJURY AND / OR TOW DUE TO CRASH,N,DRIVING SKILLS/KNOWLEDGE/EXPERIENCE,5799,N,MOZART ST,,NONINCAPACITATING INJURY,0,0,1,14,6,9,41.98595302,-87.70005839
07/30/2018 05:30:00 PM,35,NO CONTROLS,CLEAR,DAYLIGHT,NOT DIVIDED,DRY,INJURY AND / OR TOW DUE TO CRASH,,FAILING TO REDUCE SPEED TO AVOID CRASH,6015,W,HIGGINS AVE,,INCAPACITATING INJURY,0,1,1,17,2,7,41.97327161,-87.77893638
06/30/2023 03:15:00 AM,30,NO CONTROLS,CLEAR,"DARKNESS, LIGHTED ROAD",NOT DIVIDED,DRY,INJURY AND / OR TOW DUE TO CRASH,Y,NOT APPLICABLE,5629,W,DIVERSEY AVE,,NONINCAPACITATING INJURY,0,0,1,3,6,6,41.93115079,-87.7673993
10/19/2021 08:30:00 AM,30,UNKNOWN,UNKNOWN,UNKNOWN,NOT DIVIDED,UNKNOWN,NO INJURY / DRIVE AWAY,Y,UNABLE TO DETERMINE,900,N,WELLS ST,,NO INDICATION OF INJURY,0,0,0,8,3,10,41.89901781,-87.63443969
8/1/2022 1:48,35,UNKNOWN,OTHER,UNKNOWN,NOT DIVIDED,UNKNOWN,NO INJURY / DRIVE AWAY,,UNABLE TO DETERMINE,1043,W,LAWRENCE AVE,,NO INDICATION OF INJURY,0,0,0,1,2,8,41.96895633,-87.65652485
3/5/2022 23:15,30,TRAFFIC SIGNAL,UNKNOWN,"DARKNESS, LIGHTED ROAD",DIVIDED - W/MEDIAN BARRIER,UNKNOWN,INJURY AND / OR TOW DUE TO CRASH,,IMPROPER TURNING/NO SIGNAL,1018,W,ROOSEVELT RD,,NONINCAPACITATING INJURY,0,0,1,23,7,3,41.86718534,-87.65189519
04/23/2018 05:34:00 PM,30,TRAFFIC SIGNAL,CLEAR,DAYLIGHT,DIVIDED - W/MEDIAN (NOT RAISED),DRY,INJURY AND / OR TOW DUE TO CRASH,Y,UNABLE TO DETERMINE,5100,S,WELLS ST,,NONINCAPACITATING INJURY,0,0,1,17,2,4,41.80179454,-87.63215272
6/4/2021 15:59,30,NO CONTROLS,CLEAR,DAYLIGHT,NOT DIVIDED,DRY,NO INJURY / DRIVE AWAY,,UNABLE TO DETERMINE,2205,W,MONTROSE AVE,,NO INDICATION OF INJURY,0,0,0,15,6,6,41.96127156,-87.68405492
6/7/2019 8:15,30,NO CONTROLS,CLEAR,DAYLIGHT,DIVIDED - W/MEDIAN (NOT RAISED),DRY,INJURY AND / OR TOW DUE TO CRASH,,UNABLE TO DETERMINE,4054,N,DAMEN AVE,,"REPORTED, NOT EVIDENT",0,0,0,8,6,6,41.9558296,-87.67895298
10/10/2022 15:10,30,STOP SIGN/FLASHER,CLEAR,DAYLIGHT,DIVIDED - W/MEDIAN BARRIER,DRY,INJURY AND / OR TOW DUE TO CRASH,,UNABLE TO DETERMINE,7030,S,ASHLAND AVE,N,"REPORTED, NOT EVIDENT",0,0,0,15,2,10,41.76579077,-87.66396689
08/22/2021 03:23:00 PM,25,NO CONTROLS,CLEAR,DAYLIGHT,NOT DIVIDED,DRY,INJURY AND / OR TOW DUE TO CRASH,,NOT APPLICABLE,4250,N,LINCOLN AVE,,NONINCAPACITATING INJURY,0,0,1,15,1,8,41.95910043,-87.68239224
10/19/2021 06:30:00 PM,30,TRAFFIC SIGNAL,CLEAR,"DARKNESS, LIGHTED ROAD",FOUR WAY,DRY,INJURY AND / OR TOW DUE TO CRASH,,UNABLE TO DETERMINE,1558,W,CHICAGO AVE,,"REPORTED, NOT EVIDENT",0,0,0,18,3,10,41.89618478,-87.66721325
11/4/2022 8:15,30,NO CONTROLS,CLEAR,DAYLIGHT,NOT DIVIDED,DRY,NO INJURY / DRIVE AWAY,,UNABLE TO DETERMINE,1531,N,DAMEN AVE,,NO INDICATION OF INJURY,0,0,0,8,6,11,41.90919206,-87.67728291
12/3/2020 13:20,10,NO CONTROLS,CLEAR,DAYLIGHT,DRIVEWAY,DRY,INJURY AND / OR TOW DUE TO CRASH,,UNABLE TO DETERMINE,107,E,95TH ST,,NONINCAPACITATING INJURY,0,0,1,13,5,12,41.72167845,-87.62023669
07/29/2022 06:50:00 PM,30,NO CONTROLS,CLEAR,DAYLIGHT,DIVIDED - W/MEDIAN (NOT RAISED),DRY,INJURY AND / OR TOW DUE TO CRASH,,IMPROPER TURNING/NO SIGNAL,3699,N,SEMINARY AVE,,NONINCAPACITATING INJURY,0,0,2,18,6,7,41.94891594,-87.65663368
10/21/2019 01:45:00 PM,25,TRAFFIC SIGNAL,RAIN,DAYLIGHT,ONE-WAY,WET,NO INJURY / DRIVE AWAY,Y,DISREGARDING TRAFFIC SIGNALS,3832,N,AVONDALE AVE,,NO INDICATION OF INJURY,0,0,0,13,2,10,41.95074342,-87.72749726
05/25/2018 01:40:00 PM,30,TRAFFIC SIGNAL,CLEAR,DAYLIGHT,NOT DIVIDED,DRY,INJURY AND / OR TOW DUE TO CRASH,,FAILING TO YIELD RIGHT-OF-WAY,2801,W,LAKE ST,,"REPORTED, NOT EVIDENT",0,0,0,13,6,5,41.88413237,-87.69642426
8/12/2018 15:01,30,TRAFFIC SIGNAL,CLEAR,DAYLIGHT,ONE-WAY,DRY,INJURY AND / OR TOW DUE TO CRASH,,FAILING TO YIELD RIGHT-OF-WAY,1401,W,GARFIELD BLVD,,NONINCAPACITATING INJURY,0,0,1,15,1,8,41.79362426,-87.65978512
07/18/2019 05:45:00 PM,30,NO CONTROLS,CLEAR,DAYLIGHT,DIVIDED - W/MEDIAN (NOT RAISED),DRY,INJURY AND / OR TOW DUE TO CRASH,,UNABLE TO DETERMINE,7330,S,HALSTED ST,,INCAPACITATING INJURY,0,1,0,17,5,7,41.76062372,-87.64444337
01/24/2023 07:20:00 AM,30,NO CONTROLS,CLEAR,DAYLIGHT,NOT DIVIDED,DRY,INJURY AND / OR TOW DUE TO CRASH,Y,FAILING TO YIELD RIGHT-OF-WAY,1118,N,STATE ST,Y,NONINCAPACITATING INJURY,0,0,1,7,3,1,41.90231192,-87.62849738
3/1/2020 17:09,30,NO CONTROLS,CLEAR,DAYLIGHT,NOT DIVIDED,DRY,INJURY AND / OR TOW DUE TO CRASH,,NOT APPLICABLE,1541,N,AUSTIN BLVD,,NONINCAPACITATING INJURY,0,0,1,17,1,3,41.90865888,-87.77543611
5/9/2017 17:10,30,TRAFFIC SIGNAL,CLEAR,DAYLIGHT,NOT DIVIDED,DRY,NO INJURY / DRIVE AWAY,Y,FAILING TO YIELD RIGHT-OF-WAY,1878,W,OGDEN AVE,N,NO INDICATION OF INJURY,0,0,0,17,3,5,41.87515478,-87.67375588
06/22/2022 07:40:00 AM,20,NO CONTROLS,CLEAR,DAYLIGHT,NOT DIVIDED,DRY,INJURY AND / OR TOW DUE TO CRASH,,FAILING TO YIELD RIGHT-OF-WAY,1400,N,MILWAUKEE AVE,,NONINCAPACITATING INJURY,0,0,1,7,4,6,41.9072586,-87.67281319
06/26/2022 06:30:00 AM,30,NO CONTROLS,CLEAR,"DARKNESS, LIGHTED ROAD",NOT DIVIDED,DRY,INJURY AND / OR TOW DUE TO CRASH,,FAILING TO YIELD RIGHT-OF-WAY,1530,N,STATE PKWY,,NONINCAPACITATING INJURY,0,0,1,6,1,6,41.91043646,-87.62900998
4/12/2023 8:00,25,NO CONTROLS,CLEAR,DAYLIGHT,NOT DIVIDED,DRY,INJURY AND / OR TOW DUE TO CRASH,,UNABLE TO DETERMINE,2464,N,LINCOLN AVE,,"REPORTED, NOT EVIDENT",0,0,0,8,4,4,41.92674472,-87.65078998
11/8/2019 23:40,30,NO CONTROLS,CLEAR,"DARKNESS, LIGHTED ROAD",DIVIDED - W/MEDIAN (NOT RAISED),UNKNOWN,NO INJURY / DRIVE AWAY,,NOT APPLICABLE,5149,N,CLARK ST,,NO INDICATION OF INJURY,0,0,0,23,6,11,41.97583826,-87.66823315
01/22/2020 11:45:00 AM,35,TRAFFIC SIGNAL,CLEAR,DAYLIGHT,DIVIDED - W/MEDIAN BARRIER,DRY,INJURY AND / OR TOW DUE TO CRASH,,IMPROPER TURNING/NO SIGNAL,12740,S,HALSTED ST,Y,NONINCAPACITATING INJURY,0,0,1,11,4,1,41.66209763,-87.64152898
9/9/2022 14:35,30,TRAFFIC SIGNAL,CLEAR,DAYLIGHT,DIVIDED - W/MEDIAN (NOT RAISED),DRY,INJURY AND / OR TOW DUE TO CRASH,,FAILING TO YIELD RIGHT-OF-WAY,540,W,ROOSEVELT RD,,NONINCAPACITATING INJURY,0,0,1,14,6,9,41.86735016,-87.64079708
8/11/2023 11:09,30,STOP SIGN/FLASHER,CLOUDY/OVERCAST,DAYLIGHT,FOUR WAY,DRY,INJURY AND / OR TOW DUE TO CRASH,Y,DISREGARDING STOP SIGN,2928,N,HALSTED ST,,NONINCAPACITATING INJURY,0,0,1,11,6,8,41.9354093,-87.64925282
06/16/2022 11:13:00 AM,30,NO CONTROLS,CLEAR,DAYLIGHT,NOT DIVIDED,DRY,INJURY AND / OR TOW DUE TO CRASH,,UNABLE TO DETERMINE,5499,W,BRYN MAWR AVE,,NONINCAPACITATING INJURY,0,0,1,11,5,6,41.98283931,-87.76584265
08/22/2022 03:35:00 PM,25,TRAFFIC SIGNAL,CLEAR,DAYLIGHT,NOT DIVIDED,DRY,INJURY AND / OR TOW DUE TO CRASH,,FAILING TO YIELD RIGHT-OF-WAY,2310,W,LOGAN BLVD,,NONINCAPACITATING INJURY,0,0,1,15,2,8,41.93029546,-87.68581874
05/19/2018 02:20:00 AM,30,NO CONTROLS,RAIN,"DARKNESS, LIGHTED ROAD",NOT DIVIDED,WET,INJURY AND / OR TOW DUE TO CRASH,Y,FAILING TO YIELD RIGHT-OF-WAY,2200,N,MILWAUKEE AVE,,"REPORTED, NOT EVIDENT",0,0,0,2,7,5,41.92073413,-87.69404109
09/17/2019 07:50:00 AM,30,STOP SIGN/FLASHER,CLEAR,DAYLIGHT,NOT DIVIDED,UNKNOWN,NO INJURY / DRIVE AWAY,,IMPROPER OVERTAKING/PASSING,2332,W,ADDISON ST,,NO INDICATION OF INJURY,0,0,0,7,3,9,41.94685852,-87.68710776
6/3/2018 12:42,30,NO CONTROLS,CLEAR,DAYLIGHT,ONE-WAY,DRY,NO INJURY / DRIVE AWAY,Y,UNABLE TO DETERMINE,1820,N,KEDVALE AVE,,NO INDICATION OF INJURY,0,0,0,12,1,6,41.91417484,-87.73027549
07/17/2019 05:15:00 PM,30,TRAFFIC SIGNAL,CLEAR,DAYLIGHT,ONE-WAY,DRY,NO INJURY / DRIVE AWAY,,FAILING TO REDUCE SPEED TO AVOID CRASH,45,E,JACKSON BLVD,,NO INDICATION OF INJURY,0,0,0,17,4,7,41.87813992,-87.62591973
07/19/2016 05:20:00 PM,30,STOP SIGN/FLASHER,CLEAR,DAYLIGHT,DIVIDED - W/MEDIAN BARRIER,DRY,NO INJURY / DRIVE AWAY,Y,FAILING TO YIELD RIGHT-OF-WAY,768,N,MILWAUKEE AVE,,NO INDICATION OF INJURY,0,0,0,17,3,7,41.89575893,-87.65489622
8/10/2017 9:35,30,NO CONTROLS,CLEAR,DAYLIGHT,NOT DIVIDED,DRY,INJURY AND / OR TOW DUE TO CRASH,,"OPERATING VEHICLE IN ERRATIC, RECKLESS, CARELESS, NEGLIGENT OR AGGRESSIVE MANNER",4250,W,MONTROSE AVE,Y,NONINCAPACITATING INJURY,0,0,1,9,5,8,41.96098039,-87.73472898
08/13/2018 08:15:00 AM,30,STOP SIGN/FLASHER,CLEAR,DAYLIGHT,ONE-WAY,DRY,INJURY AND / OR TOW DUE TO CRASH,,FAILING TO YIELD RIGHT-OF-WAY,201,N,CLINTON ST,,NONINCAPACITATING INJURY,0,0,1,8,2,8,41.88575261,-87.64116458
06/20/2023 12:40:00 PM,20,STOP SIGN/FLASHER,CLEAR,DAYLIGHT,T-INTERSECTION,DRY,INJURY AND / OR TOW DUE TO CRASH,,FAILING TO YIELD RIGHT-OF-WAY,5900,N,CALIFORNIA AVE,,NONINCAPACITATING INJURY,0,0,1,12,3,6,41.9886662,-87.69948899
05/20/2018 07:00:00 PM,30,NO CONTROLS,CLOUDY/OVERCAST,DAYLIGHT,DIVIDED - W/MEDIAN (NOT RAISED),WET,INJURY AND / OR TOW DUE TO CRASH,,UNABLE TO DETERMINE,4420,W,ARMITAGE AVE,Y,NONINCAPACITATING INJURY,0,0,1,19,1,5,41.91714314,-87.73731122
8/7/2021 21:35,30,STOP SIGN/FLASHER,CLEAR,"DARKNESS, LIGHTED ROAD",NOT DIVIDED,DRY,NO INJURY / DRIVE AWAY,,DISREGARDING STOP SIGN,4500,S,NORMAL AVE,,NO INDICATION OF INJURY,0,0,0,21,7,8,41.81260722,-87.6384919
09/25/2018 02:15:00 PM,30,NO CONTROLS,CLEAR,DAYLIGHT,ONE-WAY,DRY,INJURY AND / OR TOW DUE TO CRASH,,FAILING TO YIELD RIGHT-OF-WAY,109,S,CLINTON ST,,NONINCAPACITATING INJURY,0,0,1,14,3,9,41.88026524,-87.64099737
05/30/2017 08:00:00 AM,30,NO CONTROLS,CLEAR,DAYLIGHT,NOT DIVIDED,DRY,NO INJURY / DRIVE AWAY,,FAILING TO YIELD RIGHT-OF-WAY,811,N,LARRABEE ST,,NO INDICATION OF INJURY,0,0,0,8,3,5,41.89682121,-87.64278711
04/30/2022 01:30:00 PM,30,TRAFFIC SIGNAL,CLOUDY/OVERCAST,DAYLIGHT,FOUR WAY,WET,INJURY AND / OR TOW DUE TO CRASH,Y,UNABLE TO DETERMINE,1000,N,DAMEN AVE,,NONINCAPACITATING INJURY,0,0,1,13,7,4,41.89959483,-87.67730374
12/8/2019 22:22,30,NO CONTROLS,CLEAR,"DARKNESS, LIGHTED ROAD",FOUR WAY,DRY,NO INJURY / DRIVE AWAY,Y,UNABLE TO DETERMINE,801,S,CICERO AVE,,NO INDICATION OF INJURY,0,0,0,22,1,12,41.87036638,-87.74475049
08/13/2023 01:40:00 PM,30,NO CONTROLS,CLEAR,DAYLIGHT,NOT DIVIDED,DRY,INJURY AND / OR TOW DUE TO CRASH,,FAILING TO YIELD RIGHT-OF-WAY,3142,W,LAWRENCE AVE,,NONINCAPACITATING INJURY,0,0,1,13,1,8,41.96857277,-87.7077877
11/7/2018 9:50,30,TRAFFIC SIGNAL,CLEAR,DAYLIGHT,NOT DIVIDED,DRY,INJURY AND / OR TOW DUE TO CRASH,,FAILING TO YIELD RIGHT-OF-WAY,5508,N,CUMBERLAND AVE,,NONINCAPACITATING INJURY,0,0,1,9,4,11,41.97953358,-87.83672883
07/17/2019 02:10:00 PM,30,OTHER,CLEAR,DAYLIGHT,ONE-WAY,DRY,INJURY AND / OR TOW DUE TO CRASH,,FAILING TO YIELD RIGHT-OF-WAY,10,E,RANDOLPH ST,Y,NONINCAPACITATING INJURY,0,0,1,14,4,7,41.88460203,-87.62754293
01/25/2018 01:50:00 PM,30,NO CONTROLS,CLEAR,DAYLIGHT,NOT DIVIDED,DRY,INJURY AND / OR TOW DUE TO CRASH,,UNABLE TO DETERMINE,4131,N,CICERO AVE,Y,NONINCAPACITATING INJURY,0,0,1,13,5,1,41.95646582,-87.74724753
5/10/2021 14:45,30,NO CONTROLS,CLEAR,DAYLIGHT,NOT DIVIDED,DRY,NO INJURY / DRIVE AWAY,Y,DRIVING ON WRONG SIDE/WRONG WAY,3855,W,LAWRENCE AVE,,NO INDICATION OF INJURY,0,0,0,14,2,5,41.96816126,-87.72537704
08/23/2023 08:09:00 AM,30,STOP SIGN/FLASHER,UNKNOWN,UNKNOWN,NOT DIVIDED,UNKNOWN,INJURY AND / OR TOW DUE TO CRASH,Y,FAILING TO YIELD RIGHT-OF-WAY,1801,S,JEFFERSON ST,,NONINCAPACITATING INJURY,0,0,1,8,4,8,41.85758143,-87.6417154