CRASH_DATE,POSTED_SPEED_LIMIT,TRAFFIC_CONTROL_DEVICE,WEATHER_CONDITION,LIGHTING_CONDITION,TRAFFICWAY_TYPE,ROADWAY_SURFACE_COND,CRASH_TYPE,HIT_AND_RUN_I,PRIM_CONTRIBUTORY_CAUSE,STREET_NO,STREET_DIRECTION,STREET_NAME,DOORING_I,MOST_SEVERE_INJURY,INJURIES_FATAL,INJURIES_INCAPACITATING,INJURIES_NON_INCAPACITATING,CRASH_HOUR,CRASH_DAY_OF_WEEK,CRASH_MONTH,LATITUDE,LONGITUDE
10/3/2018 17:28,0,TRAFFIC SIGNAL,CLEAR,DAYLIGHT,DIVIDED - W/MEDIAN (NOT RAISED),UNKNOWN,INJURY AND / OR TOW DUE TO CRASH,,UNABLE TO DETERMINE,6100,S,COTTAGE GROVE AVE,,NONINCAPACITATING INJURY,0,0,1,17,4,10,41.78396437,-87.60615379
7/10/2023 10:00,30,NO CONTROLS,CLEAR,DAYLIGHT,NOT DIVIDED,DRY,NO INJURY / DRIVE AWAY,,FOLLOWING TOO CLOSELY,1583,W,FULLERTON AVE,,NO INDICATION OF INJURY,0,0,0,10,2,7,41.92504259,-87.66808541
7/1/2023 16:35,30,NO CONTROLS,RAIN,DAYLIGHT,DIVIDED - W/MEDIAN (NOT RAISED),WET,INJURY AND / OR TOW DUE TO CRASH,,FAILING TO YIELD RIGHT-OF-WAY,1018,W,ARMITAGE AVE,Y,NONINCAPACITATING INJURY,0,0,1,16,7,7,41.91820263,-87.65417709
5/1/2019 11:30,30,NO CONTROLS,CLOUDY/OVERCAST,DAYLIGHT,NOT DIVIDED,WET,NO INJURY / DRIVE AWAY,,NOT APPLICABLE,1515,N,HOMAN AVE,,NO INDICATION OF INJURY,0,0,0,11,4,5,41.90874979,-87.71172286
08/20/2020 11:29:00 PM,45,NO CONTROLS,CLEAR,"DARKNESS, LIGHTED ROAD",DIVIDED - W/MEDIAN BARRIER,DRY,INJURY AND / OR TOW DUE TO CRASH,,DRIVING ON WRONG SIDE/WRONG WAY,1700,N,LAKE SHORE DR SB,,INCAPACITATING INJURY,0,1,0,23,5,8,41.91296035,-87.62660834
07/26/2020 11:45:00 AM,25,TRAFFIC SIGNAL,CLEAR,DAYLIGHT,DIVIDED - W/MEDIAN (NOT RAISED),DRY,INJURY AND / OR TOW DUE TO CRASH,,FAILING TO YIELD RIGHT-OF-WAY,2837,W,ROOSEVELT RD,Y,NONINCAPACITATING INJURY,0,0,1,11,1,7,41.86638328,-87.69735462
08/17/2021 03:34:00 PM,25,TRAFFIC SIGNAL,CLEAR,DAYLIGHT,NOT DIVIDED,DRY,NO INJURY / DRIVE AWAY,,UNABLE TO DETERMINE,4403,W,CERMAK RD,,NO INDICATION OF INJURY,0,0,0,15,3,8,41.85128855,-87.73464534
07/25/2021 01:00:00 PM,30,TRAFFIC SIGNAL,CLEAR,DAYLIGHT,NOT DIVIDED,DRY,INJURY AND / OR TOW DUE TO CRASH,,FAILING TO YIELD RIGHT-OF-WAY,3751,N,SOUTHPORT AVE,Y,INCAPACITATING INJURY,0,1,1,13,1,7,41.95034913,-87.66396116
4/3/2021 15:40,30,STOP SIGN/FLASHER,CLEAR,DAYLIGHT,NOT DIVIDED,DRY,INJURY AND / OR TOW DUE TO CRASH,,FAILING TO YIELD RIGHT-OF-WAY,3100,S,LITUANICA AVE,,NONINCAPACITATING INJURY,0,0,1,15,7,4,41.83797148,-87.64885048
6/7/2017 20:15,30,NO CONTROLS,CLEAR,"DARKNESS, LIGHTED ROAD",DIVIDED - W/MEDIAN (NOT RAISED),DRY,INJURY AND / OR TOW DUE TO CRASH,,UNABLE TO DETERMINE,3340,N,PULASKI RD,Y,NONINCAPACITATING INJURY,0,0,1,20,4,6,41.94200267,-87.72741981
06/28/2022 06:15:00 PM,30,TRAFFIC SIGNAL,CLEAR,DAYLIGHT,NOT DIVIDED,UNKNOWN,NO INJURY / DRIVE AWAY,,NOT APPLICABLE,1559,N,WELLS ST,,NO INDICATION OF INJURY,0,0,0,18,3,6,41.91084519,-87.63455412
09/30/2023 06:00:00 PM,30,TRAFFIC SIGNAL,CLEAR,DAYLIGHT,NOT DIVIDED,DRY,INJURY AND / OR TOW DUE TO CRASH,,DISREGARDING YIELD SIGN,424,W,LAKE ST,,NONINCAPACITATING INJURY,0,0,1,18,7,9,41.88582831,-87.63911318
10/20/2019 10:03:00 AM,30,NO CONTROLS,CLEAR,DAYLIGHT,DIVIDED - W/MEDIAN BARRIER,DRY,INJURY AND / OR TOW DUE TO CRASH,,DRIVING SKILLS/KNOWLEDGE/EXPERIENCE,1347,S,STATE ST,Y,NONINCAPACITATING INJURY,0,0,1,10,1,10,41.86441117,-87.62720758
4/10/2020 16:15,30,STOP SIGN/FLASHER,CLEAR,DAYLIGHT,NOT DIVIDED,DRY,INJURY AND / OR TOW DUE TO CRASH,,DISREGARDING STOP SIGN,3298,N,OAK PARK AVE,,NONINCAPACITATING INJURY,0,0,1,16,6,4,41.93988524,-87.79591094
05/22/2021 10:45:00 PM,30,TRAFFIC SIGNAL,CLEAR,"DARKNESS, LIGHTED ROAD",NOT DIVIDED,DRY,INJURY AND / OR TOW DUE TO CRASH,,FAILING TO YIELD RIGHT-OF-WAY,2399,W,95TH ST,,NONINCAPACITATING INJURY,0,0,1,22,7,5,41.72082818,-87.68200147
7/11/2019 2:05,35,NO CONTROLS,CLEAR,"DARKNESS, LIGHTED ROAD",DIVIDED - W/MEDIAN (NOT RAISED),DRY,NO INJURY / DRIVE AWAY,,FAILING TO YIELD RIGHT-OF-WAY,6030,N,SHERIDAN RD,,NO INDICATION OF INJURY,0,0,0,2,5,7,41.99187057,-87.6555887
05/13/2019 08:55:00 PM,15,NO CONTROLS,CLEAR,DARKNESS,ALLEY,DRY,INJURY AND / OR TOW DUE TO CRASH,,FAILING TO YIELD RIGHT-OF-WAY,5660,W,MONTROSE AVE,,NONINCAPACITATING INJURY,0,0,1,20,2,5,41.96056203,-87.76963182
05/22/2019 11:30:00 PM,30,NO CONTROLS,RAIN,DARKNESS,NOT DIVIDED,WET,INJURY AND / OR TOW DUE TO CRASH,,IMPROPER TURNING/NO SIGNAL,1135,W,18TH ST,,NONINCAPACITATING INJURY,0,0,1,23,4,5,41.8578729,-87.6546978
7/8/2019 14:15,30,NO CONTROLS,CLEAR,DAYLIGHT,NOT DIVIDED,DRY,INJURY AND / OR TOW DUE TO CRASH,,IMPROPER TURNING/NO SIGNAL,4100,W,LAWRENCE AVE,,NONINCAPACITATING INJURY,0,0,1,14,2,7,41.96832415,-87.73054321
08/19/2020 05:35:00 PM,30,TRAFFIC SIGNAL,CLEAR,DAYLIGHT,NOT DIVIDED,DRY,INJURY AND / OR TOW DUE TO CRASH,Y,UNABLE TO DETERMINE,200,N,HALSTED ST,,NONINCAPACITATING INJURY,0,0,1,17,4,8,41.88568962,-87.64762173
7/10/2020 14:00,30,NO CONTROLS,CLEAR,DAYLIGHT,NOT DIVIDED,DRY,NO INJURY / DRIVE AWAY,,IMPROPER OVERTAKING/PASSING,1535,E,53RD ST,Y,NO INDICATION OF INJURY,0,0,0,14,6,7,41.79944784,-87.58780042
6/8/2018 21:43,30,NO CONTROLS,CLEAR,"DARKNESS, LIGHTED ROAD",PARKING LOT,DRY,INJURY AND / OR TOW DUE TO CRASH,N,FAILING TO YIELD RIGHT-OF-WAY,2928,W,47TH ST,,NONINCAPACITATING INJURY,0,0,1,21,6,6,41.80833046,-87.69781062
07/23/2023 08:29:00 PM,30,TRAFFIC SIGNAL,CLEAR,"DARKNESS, LIGHTED ROAD",FOUR WAY,DRY,INJURY AND / OR TOW DUE TO CRASH,Y,UNABLE TO DETERMINE,5800,W,FULLERTON AVE,,NONINCAPACITATING INJURY,0,0,1,20,1,7,41.92401403,-87.77091794
06/16/2022 09:28:00 PM,25,NO CONTROLS,CLEAR,"DARKNESS, LIGHTED ROAD",NOT DIVIDED,DRY,NO INJURY / DRIVE AWAY,,DRIVING SKILLS/KNOWLEDGE/EXPERIENCE,5306,N,DELPHIA AVE,,NO INDICATION OF INJURY,0,0,0,21,5,6,41.97584976,-87.8416926
08/18/2016 01:00:00 PM,30,NO CONTROLS,UNKNOWN,UNKNOWN,NOT DIVIDED,UNKNOWN,NO INJURY / DRIVE AWAY,,UNABLE TO DETERMINE,1600,W,CERMAK RD,N,NO INDICATION OF INJURY,0,0,0,13,5,8,41.85243805,-87.66615223
1/3/2020 19:30,35,STOP SIGN/FLASHER,CLEAR,"DARKNESS, LIGHTED ROAD",FOUR WAY,DRY,INJURY AND / OR TOW DUE TO CRASH,,FAILING TO YIELD RIGHT-OF-WAY,3800,N,SHEFFIELD AVE,,NONINCAPACITATING INJURY,0,0,1,19,6,1,41.95119948,-87.65459381
06/28/2023 06:30:00 PM,30,UNKNOWN,CLEAR,DAYLIGHT,NOT DIVIDED,UNKNOWN,INJURY AND / OR TOW DUE TO CRASH,,IMPROPER OVERTAKING/PASSING,2635,N,CLARK ST,,NONINCAPACITATING INJURY,0,0,1,18,4,6,41.93055345,-87.64364879
09/14/2018 05:20:00 PM,30,STOP SIGN/FLASHER,CLEAR,DAYLIGHT,DIVIDED - W/MEDIAN (NOT RAISED),DRY,INJURY AND / OR TOW DUE TO CRASH,,FAILING TO YIELD RIGHT-OF-WAY,700,S,PAULINA ST,,NONINCAPACITATING INJURY,0,0,1,17,6,9,41.87280585,-87.66921747
6/3/2020 15:20,35,NO CONTROLS,CLEAR,DAYLIGHT,DIVIDED - W/MEDIAN (NOT RAISED),DRY,INJURY AND / OR TOW DUE TO CRASH,,IMPROPER LANE USAGE,5959,S,PULASKI RD,N,"REPORTED, NOT EVIDENT",0,0,0,15,4,6,41.78416243,-87.72276791
6/5/2018 8:00,35,STOP SIGN/FLASHER,CLEAR,DAYLIGHT,NOT DIVIDED,DRY,INJURY AND / OR TOW DUE TO CRASH,,FAILING TO YIELD RIGHT-OF-WAY,3731,W,ADDISON ST,,NONINCAPACITATING INJURY,0,0,1,8,3,6,41.94634512,-87.72131957
03/30/2022 09:02:00 AM,20,TRAFFIC SIGNAL,CLOUDY/OVERCAST,DAYLIGHT,NOT DIVIDED,DRY,INJURY AND / OR TOW DUE TO CRASH,,"EVASIVE ACTION DUE TO ANIMAL, OBJECT, NONMOTORIST",158,W,MARQUETTE RD,,NONINCAPACITATING INJURY,0,0,1,9,4,3,41.77282243,-87.62972821
07/30/2022 05:06:00 PM,20,NO CONTROLS,CLEAR,DAYLIGHT,ALLEY,DRY,INJURY AND / OR TOW DUE TO CRASH,Y,FAILING TO REDUCE SPEED TO AVOID CRASH,1611,N,MONITOR AVE,,NONINCAPACITATING INJURY,0,0,1,17,7,7,41.90968231,-87.7713245
10/4/2019 17:05,30,NO CONTROLS,CLEAR,DAYLIGHT,DIVIDED - W/MEDIAN (NOT RAISED),DRY,INJURY AND / OR TOW DUE TO CRASH,,"OPERATING VEHICLE IN ERRATIC, RECKLESS, CARELESS, NEGLIGENT OR AGGRESSIVE MANNER",1431,N,WESTERN AVE,,INCAPACITATING INJURY,0,1,0,17,6,10,41.90760945,-87.68700187
03/23/2022 04:30:00 PM,30,NO CONTROLS,RAIN,DAYLIGHT,NOT DIVIDED,WET,INJURY AND / OR TOW DUE TO CRASH,,UNABLE TO DETERMINE,2240,W,AINSLIE ST,,"REPORTED, NOT EVIDENT",0,0,0,16,4,3,41.97058994,-87.68572109
10/17/2023 05:43:00 PM,30,TRAFFIC SIGNAL,CLEAR,DAYLIGHT,T-INTERSECTION,DRY,INJURY AND / OR TOW DUE TO CRASH,,FAILING TO YIELD RIGHT-OF-WAY,1199,S,JEFFERSON ST,,NONINCAPACITATING INJURY,0,0,1,17,3,10,41.86726989,-87.6420425
7/10/2021 1:00,30,UNKNOWN,CLEAR,"DARKNESS, LIGHTED ROAD",DIVIDED - W/MEDIAN (NOT RAISED),DRY,INJURY AND / OR TOW DUE TO CRASH,Y,IMPROPER TURNING/NO SIGNAL,1800,W,ARMITAGE AVE,,NONINCAPACITATING INJURY,0,0,1,1,7,7,41.91795847,-87.67282592
07/20/2018 06:15:00 PM,30,NO CONTROLS,CLOUDY/OVERCAST,DAYLIGHT,NOT DIVIDED,WET,INJURY AND / OR TOW DUE TO CRASH,,UNABLE TO DETERMINE,1515,N,WELLS ST,Y,NONINCAPACITATING INJURY,0,0,1,18,6,7,41.90964333,-87.63451561
9/6/2020 23:09,30,TRAFFIC SIGNAL,CLEAR,"DARKNESS, LIGHTED ROAD",T-INTERSECTION,DRY,INJURY AND / OR TOW DUE TO CRASH,,"DISTRACTION - OTHER ELECTRONIC DEVICE (NAVIGATION DEVICE, DVD PLAYER, ETC.)",801,S,HALSTED ST,,NONINCAPACITATING INJURY,0,0,1,23,1,9,41.87185759,-87.6468729
5/5/2018 14:00,30,NO CONTROLS,CLEAR,DAYLIGHT,NOT DIVIDED,DRY,INJURY AND / OR TOW DUE TO CRASH,Y,UNABLE TO DETERMINE,4801,W,LAWRENCE AVE,,"REPORTED, NOT EVIDENT",0,0,0,14,7,5,41.96791346,-87.74804877
12/4/2019 16:20,30,STOP SIGN/FLASHER,CLEAR,"DARKNESS, LIGHTED ROAD",DIVIDED - W/MEDIAN (NOT RAISED),DRY,INJURY AND / OR TOW DUE TO CRASH,,FAILING TO YIELD RIGHT-OF-WAY,3099,W,LAKE ST,,NONINCAPACITATING INJURY,0,0,1,16,4,12,41.88409305,-87.70363994
4/1/2023 12:24,30,UNKNOWN,UNKNOWN,UNKNOWN,NOT DIVIDED,UNKNOWN,INJURY AND / OR TOW DUE TO CRASH,,UNABLE TO DETERMINE,230,W,GRAND AVE,,"REPORTED, NOT EVIDENT",0,0,0,12,7,4,41.89167928,-87.63541853
06/30/2023 11:30:00 PM,30,NO CONTROLS,CLEAR,"DARKNESS, LIGHTED ROAD",ONE-WAY,DRY,INJURY AND / OR TOW DUE TO CRASH,,FAILING TO YIELD RIGHT-OF-WAY,7550,S,STATE ST,,INCAPACITATING INJURY,0,1,0,23,6,6,41.75673957,-87.62487551
6/8/2021 12:13,20,NO CONTROLS,CLEAR,DAYLIGHT,ONE-WAY,DRY,INJURY AND / OR TOW DUE TO CRASH,,UNABLE TO DETERMINE,2650,W,BERWYN AVE,Y,NONINCAPACITATING INJURY,0,0,1,12,3,6,41.97777447,-87.6961239
08/15/2021 12:10:00 PM,35,TRAFFIC SIGNAL,CLEAR,DAYLIGHT,FOUR WAY,DRY,INJURY AND / OR TOW DUE TO CRASH,,UNABLE TO DETERMINE,7300,S,STONY ISLAND AVE,,NONINCAPACITATING INJURY,0,0,1,12,1,8,41.76236192,-87.58637724
06/24/2023 09:25:00 PM,30,STOP SIGN/FLASHER,CLEAR,DUSK,NOT DIVIDED,DRY,INJURY AND / OR TOW DUE TO CRASH,,FAILING TO YIELD RIGHT-OF-WAY,5658,S,NATCHEZ AVE,,FATAL,1,0,0,21,7,6,41.7887246,-87.7842641
06/16/2019 09:35:00 AM,30,TRAFFIC SIGNAL,CLOUDY/OVERCAST,DAYLIGHT,FOUR WAY,DRY,INJURY AND / OR TOW DUE TO CRASH,,FAILING TO YIELD RIGHT-OF-WAY,300,N,HALSTED ST,,INCAPACITATING INJURY,0,1,0,9,1,6,41.88682459,-87.64765355
10/9/2019 16:00,30,TRAFFIC SIGNAL,CLEAR,DAYLIGHT,ONE-WAY,DRY,NO INJURY / DRIVE AWAY,Y,DISREGARDING TRAFFIC SIGNALS,4400,W,CONGRESS PKWY,,NO INDICATION OF INJURY,0,0,0,16,4,10,41.8743399,-87.73536536
6/5/2020 14:00,30,STOP SIGN/FLASHER,CLEAR,DAYLIGHT,FOUR WAY,DRY,INJURY AND / OR TOW DUE TO CRASH,Y,DISREGARDING STOP SIGN,700,N,KILPATRICK AVE,,NONINCAPACITATING INJURY,0,0,1,14,6,6,41.89324303,-87.74361197
05/29/2022 12:30:00 PM,30,NO CONTROLS,CLEAR,DAYLIGHT,ONE-WAY,DRY,INJURY AND / OR TOW DUE TO CRASH,,UNABLE TO DETERMINE,1440,W,BERWYN AVE,Y,INCAPACITATING INJURY,0,1,0,12,1,5,41.97815651,-87.66643233
09/25/2021 11:30:00 AM,30,NO CONTROLS,CLEAR,DAYLIGHT,DIVIDED - W/MEDIAN (NOT RAISED),DRY,INJURY AND / OR TOW DUE TO CRASH,,UNABLE TO DETERMINE,2535,N,CALIFORNIA AVE,,NONINCAPACITATING INJURY,0,0,1,11,7,9,41.92761387,-87.6973466
10/23/2015 06:00:00 PM,0,TRAFFIC SIGNAL,RAIN,DAYLIGHT,NOT DIVIDED,WET,INJURY AND / OR TOW DUE TO CRASH,,IMPROPER TURNING/NO SIGNAL,401,N,MILWAUKEE AVE,,"REPORTED, NOT EVIDENT",0,0,0,18,6,10,41.88915335,-87.64427854
7/6/2023 12:55,30,STOP SIGN/FLASHER,CLEAR,DAYLIGHT,ONE-WAY,DRY,INJURY AND / OR TOW DUE TO CRASH,,"VISION OBSCURED (SIGNS, TREE LIMBS, BUILDINGS, ETC.)",1601,W,WALTON ST,,NONINCAPACITATING INJURY,0,0,1,12,5,7,41.89846146,-87.66741846
7/9/2020 10:00,30,STOP SIGN/FLASHER,CLEAR,DAYLIGHT,DIVIDED - W/MEDIAN (NOT RAISED),DRY,INJURY AND / OR TOW DUE TO CRASH,,UNABLE TO DETERMINE,2331,S,CALIFORNIA AVE,,NONINCAPACITATING INJURY,0,0,1,10,5,7,41.84922004,-87.69522577
6/4/2018 17:10,30,TRAFFIC SIGNAL,CLEAR,DAYLIGHT,ONE-WAY,DRY,NO INJURY / DRIVE AWAY,,FAILING TO YIELD RIGHT-OF-WAY,750,S,CLINTON ST,,NO INDICATION OF INJURY,0,0,0,17,2,6,41.87204627,-87.64102471
06/14/2018 05:07:00 PM,30,OTHER,CLEAR,DAYLIGHT,NOT DIVIDED,DRY,NO INJURY / DRIVE AWAY,Y,NOT APPLICABLE,805,W,127TH ST,,NO INDICATION OF INJURY,0,0,0,17,5,6,41.66313208,-87.64166442
07/27/2018 02:50:00 PM,30,NO CONTROLS,CLEAR,DAYLIGHT,DIVIDED - W/MEDIAN (NOT RAISED),DRY,INJURY AND / OR TOW DUE TO CRASH,,"VISION OBSCURED (SIGNS, TREE LIMBS, BUILDINGS, ETC.)",3448,W,BELMONT AVE,Y,NONINCAPACITATING INJURY,0,0,1,14,6,7,41.93936106,-87.7144658
06/16/2021 03:45:00 PM,30,NO CONTROLS,CLEAR,DAYLIGHT,NOT DIVIDED,DRY,NO INJURY / DRIVE AWAY,Y,UNABLE TO DETERMINE,1722,W,ESTES AVE,,NO INDICATION OF INJURY,0,0,0,15,4,6,42.01154393,-87.67330627
07/31/2017 10:25:00 AM,30,NO CONTROLS,CLEAR,DAYLIGHT,NOT DIVIDED,DRY,INJURY AND / OR TOW DUE TO CRASH,,DISTRACTION - FROM INSIDE VEHICLE,3128,N,LINCOLN AVE,Y,INCAPACITATING INJURY,0,1,0,10,2,7,41.93848077,-87.66721563
8/1/2018 7:30,30,TRAFFIC SIGNAL,CLEAR,DAYLIGHT,NOT DIVIDED,DRY,NO INJURY / DRIVE AWAY,,IMPROPER LANE USAGE,201,N,SACRAMENTO BLVD,,NO INDICATION OF INJURY,0,0,0,7,4,8,41.88414682,-87.70114617
10/20/2015 08:05:00 AM,20,NO CONTROLS,CLEAR,DAYLIGHT,ONE-WAY,DRY,NO INJURY / DRIVE AWAY,,IMPROPER LANE USAGE,1700,W,CARMEN AVE,,NO INDICATION OF INJURY,0,0,0,8,3,10,41.97441611,-87.67221252
10/25/2021 09:00:00 PM,20,UNKNOWN,RAIN,DARKNESS,UNKNOWN,WET,NO INJURY / DRIVE AWAY,,UNABLE TO DETERMINE,1053,E,95TH ST,,NO INDICATION OF INJURY,0,0,0,21,2,10,41.72204228,-87.59752114
10/10/2020 11:25,20,NO CONTROLS,CLEAR,DAYLIGHT,NOT DIVIDED,OTHER,INJURY AND / OR TOW DUE TO CRASH,,ROAD ENGINEERING/SURFACE/MARKING DEFECTS,1374,N,MILWAUKEE AVE,,NONINCAPACITATING INJURY,0,0,1,11,7,10,41.90669542,-87.67193062
05/16/2021 09:50:00 AM,30,STOP SIGN/FLASHER,CLEAR,DAYLIGHT,FOUR WAY,DRY,INJURY AND / OR TOW DUE TO CRASH,,FAILING TO YIELD RIGHT-OF-WAY,3401,N,OAK PARK AVE,,INCAPACITATING INJURY,0,1,0,9,1,5,41.94190728,-87.79569606
08/26/2022 06:28:00 PM,30,NO CONTROLS,CLEAR,DAYLIGHT,ONE-WAY,DRY,INJURY AND / OR TOW DUE TO CRASH,,UNABLE TO DETERMINE,6345,W,WARWICK AVE,,NONINCAPACITATING INJURY,0,0,1,18,6,8,41.94828741,-87.78570882
6/10/2019 20:10,30,NO CONTROLS,CLEAR,DUSK,DIVIDED - W/MEDIAN (NOT RAISED),DRY,INJURY AND / OR TOW DUE TO CRASH,Y,NOT APPLICABLE,3175,N,BROADWAY,Y,NONINCAPACITATING INJURY,0,0,1,20,2,6,41.939887,-87.6442477
03/14/2019 05:55:00 PM,30,TRAFFIC SIGNAL,CLEAR,DUSK,NOT DIVIDED,DRY,NO INJURY / DRIVE AWAY,Y,UNABLE TO DETERMINE,4801,W,BELMONT AVE,,NO INDICATION OF INJURY,0,0,0,17,5,3,41.93871444,-87.74699437
08/28/2017 11:48:00 AM,25,NO CONTROLS,CLEAR,DAYLIGHT,NOT DIVIDED,DRY,INJURY AND / OR TOW DUE TO CRASH,,FAILING TO YIELD RIGHT-OF-WAY,2644,W,TOUHY AVE,,NONINCAPACITATING INJURY,0,0,2,11,2,8,42.01224652,-87.69678079
8/11/2017 18:00,35,NO CONTROLS,CLEAR,DAYLIGHT,NOT DIVIDED,DRY,INJURY AND / OR TOW DUE TO CRASH,,UNABLE TO DETERMINE,2699,N,CLARK ST,,NONINCAPACITATING INJURY,0,0,1,18,6,8,41.93135051,-87.64412118
4/1/2022 8:15,30,STOP SIGN/FLASHER,CLEAR,DAYLIGHT,NOT DIVIDED,DRY,INJURY AND / OR TOW DUE TO CRASH,Y,UNABLE TO DETERMINE,4359,W,BELMONT AVE,,NONINCAPACITATING INJURY,0,0,1,8,6,4,41.93885244,-87.73698057
08/13/2018 03:30:00 PM,30,STOP SIGN/FLASHER,CLEAR,DAYLIGHT,NOT DIVIDED,UNKNOWN,INJURY AND / OR TOW DUE TO CRASH,,IMPROPER OVERTAKING/PASSING,1500,W,ELMDALE AVE,,NONINCAPACITATING INJURY,0,0,1,15,2,8,41.99093654,-87.66772353
8/8/2017 22:20,30,TRAFFIC SIGNAL,CLEAR,"DARKNESS, LIGHTED ROAD",DIVIDED - W/MEDIAN (NOT RAISED),DRY,INJURY AND / OR TOW DUE TO CRASH,Y,TURNING RIGHT ON RED,7201,W,IRVING PARK RD,,INCAPACITATING INJURY,0,1,0,22,3,8,41.95265541,-87.80733132
2/5/2019 14:00,30,NO CONTROLS,UNKNOWN,DAYLIGHT,NOT DIVIDED,UNKNOWN,NO INJURY / DRIVE AWAY,,UNABLE TO DETERMINE,2635,N,CLARK ST,,NO INDICATION OF INJURY,0,0,0,14,3,2,41.93055345,-87.64364879
10/26/2022 08:30:00 PM,30,TRAFFIC SIGNAL,CLEAR,"DARKNESS, LIGHTED ROAD","FIVE POINT, OR MORE",DRY,NO INJURY / DRIVE AWAY,,IMPROPER OVERTAKING/PASSING,2313,N,LINCOLN AVE,Y,NO INDICATION OF INJURY,0,0,0,20,4,10,41.92403796,-87.64658046
7/10/2018 17:02,30,STOP SIGN/FLASHER,CLEAR,DAYLIGHT,DIVIDED - W/MEDIAN (NOT RAISED),DRY,INJURY AND / OR TOW DUE TO CRASH,,DISREGARDING STOP SIGN,1,S,SANGAMON ST,,NONINCAPACITATING INJURY,0,0,1,17,3,7,41.88165651,-87.65071763
5/1/2020 19:45,35,NO CONTROLS,CLEAR,"DARKNESS, LIGHTED ROAD",DIVIDED - W/MEDIAN (NOT RAISED),DRY,NO INJURY / DRIVE AWAY,,UNABLE TO DETERMINE,4102,W,BELMONT AVE,,NO INDICATION OF INJURY,0,0,0,19,6,5,41.93916918,-87.72984026
5/4/2023 8:57,30,NO CONTROLS,CLEAR,DAYLIGHT,NOT DIVIDED,DRY,INJURY AND / OR TOW DUE TO CRASH,,UNABLE TO DETERMINE,27,N,HALSTED ST,Y,NONINCAPACITATING INJURY,0,0,1,8,5,5,41.88263768,-87.64724464
08/25/2023 06:15:00 PM,30,TRAFFIC SIGNAL,CLEAR,"DARKNESS, LIGHTED ROAD",NOT DIVIDED,DRY,INJURY AND / OR TOW DUE TO CRASH,Y,FAILING TO YIELD RIGHT-OF-WAY,258,W,31ST ST,,NONINCAPACITATING INJURY,0,0,1,18,6,8,41.83831569,-87.63404516
8/1/2023 18:05,30,NO CONTROLS,CLEAR,DAYLIGHT,DIVIDED - W/MEDIAN (NOT RAISED),DRY,INJURY AND / OR TOW DUE TO CRASH,,FAILING TO YIELD RIGHT-OF-WAY,3534,N,HALSTED ST,Y,NONINCAPACITATING INJURY,0,0,1,18,3,8,41.94648038,-87.64960702
10/29/2018 08:31:00 AM,30,NO CONTROLS,CLEAR,DAYLIGHT,NOT DIVIDED,DRY,INJURY AND / OR TOW DUE TO CRASH,,UNABLE TO DETERMINE,432,W,ARMITAGE AVE,,NONINCAPACITATING INJURY,0,0,1,8,2,10,41.91841208,-87.64009343
11/2/2022 17:00,30,NO CONTROLS,CLEAR,DAYLIGHT,NOT DIVIDED,DRY,INJURY AND / OR TOW DUE TO CRASH,,FAILING TO YIELD RIGHT-OF-WAY,4628,W,LAWRENCE AVE,,NONINCAPACITATING INJURY,0,0,1,17,4,11,41.96817848,-87.7441382
05/19/2023 07:20:00 PM,30,STOP SIGN/FLASHER,CLEAR,DAYLIGHT,NOT DIVIDED,DRY,INJURY AND / OR TOW DUE TO CRASH,,UNABLE TO DETERMINE,4701,S,RICHMOND ST,,"REPORTED, NOT EVIDENT",0,0,0,19,6,5,41.80812633,-87.69771919
11/30/2022 01:30:00 PM,30,STOP SIGN/FLASHER,CLEAR,DAYLIGHT,FOUR WAY,DRY,NO INJURY / DRIVE AWAY,,UNABLE TO DETERMINE,1532,N,HONORE ST,,NO INDICATION OF INJURY,0,0,0,13,4,11,41.90950884,-87.67406126
5/1/2020 19:00,30,TRAFFIC SIGNAL,CLEAR,DAYLIGHT,FOUR WAY,DRY,INJURY AND / OR TOW DUE TO CRASH,,DISREGARDING OTHER TRAFFIC SIGNS,350,E,PERSHING RD,,NONINCAPACITATING INJURY,0,0,1,19,6,5,41.82393913,-87.61730933
08/14/2020 01:00:00 PM,30,NO CONTROLS,CLEAR,DAYLIGHT,ONE-WAY,DRY,INJURY AND / OR TOW DUE TO CRASH,,IMPROPER TURNING/NO SIGNAL,2750,N,LAVERGNE AVE,,NONINCAPACITATING INJURY,0,0,1,13,6,8,41.93118572,-87.7516409
09/16/2020 05:05:00 PM,30,TRAFFIC SIGNAL,CLEAR,DAYLIGHT,"FIVE POINT, OR MORE",DRY,INJURY AND / OR TOW DUE TO CRASH,,IMPROPER LANE USAGE,1000,W,WILLOW ST,,NONINCAPACITATING INJURY,0,0,1,17,4,9,41.91378457,-87.65350387
03/29/2019 08:02:00 PM,30,UNKNOWN,UNKNOWN,UNKNOWN,UNKNOWN,UNKNOWN,INJURY AND / OR TOW DUE TO CRASH,Y,UNABLE TO DETERMINE,14,W,87TH ST,N,FATAL,1,0,0,20,6,3,41.73639036,-87.6249754