CRASH_DATE,POSTED_SPEED_LIMIT,TRAFFIC_CONTROL_DEVICE,WEATHER_CONDITION,LIGHTING_CONDITION,TRAFFICWAY_TYPE,ROADWAY_SURFACE_COND,CRASH_TYPE,HIT_AND_RUN_I,PRIM_CONTRIBUTORY_CAUSE,STREET_NO,STREET_DIRECTION,STREET_NAME,DOORING_I,MOST_SEVERE_INJURY,INJURIES_FATAL,INJURIES_INCAPACITATING,INJURIES_NON_INCAPACITATING,CRASH_HOUR,CRASH_DAY_OF_WEEK,CRASH_MONTH,LATITUDE,LONGITUDE
10/17/2023 04:44:00 PM,30,NO CONTROLS,CLEAR,DAYLIGHT,DIVIDED - W/MEDIAN (NOT RAISED),DRY,INJURY AND / OR TOW DUE TO CRASH,,FAILING TO YIELD RIGHT-OF-WAY,6600,S,COTTAGE GROVE AVE,Y,NONINCAPACITATING INJURY,0,0,1,16,3,10,41.774867,-87.60595328
09/30/2023 03:15:00 PM,30,NO CONTROLS,CLEAR,DAYLIGHT,DIVIDED - W/MEDIAN (NOT RAISED),DRY,NO INJURY / DRIVE AWAY,,UNABLE TO DETERMINE,3635,W,26TH ST,Y,NO INDICATION OF INJURY,0,0,0,15,7,9,41.8442567,-87.71606814
11/15/2017 08:40:00 AM,35,TRAFFIC SIGNAL,RAIN,DAYLIGHT,DIVIDED - W/MEDIAN (NOT RAISED),WET,INJURY AND / OR TOW DUE TO CRASH,,EXCEEDING SAFE SPEED FOR CONDITIONS,500,N,FRANKLIN ST,,NONINCAPACITATING INJURY,0,0,1,8,4,11,41.89080301,-87.63570316
08/31/2019 01:31:00 PM,30,NO CONTROLS,CLEAR,DAYLIGHT,NOT DIVIDED,DRY,INJURY AND / OR TOW DUE TO CRASH,,IMPROPER LANE USAGE,3508,N,SHEFFIELD AVE,Y,"REPORTED, NOT EVIDENT",0,0,0,13,7,8,41.94571532,-87.65442762
11/10/2016 7:45,30,YIELD,CLEAR,DAYLIGHT,NOT DIVIDED,DRY,INJURY AND / OR TOW DUE TO CRASH,,FAILING TO YIELD RIGHT-OF-WAY,2107,W,NORTH AVE,,NONINCAPACITATING INJURY,0,0,1,7,5,11,41.91032311,-87.68031992
12/23/2018 04:15:00 PM,30,TRAFFIC SIGNAL,CLEAR,DAYLIGHT,NOT DIVIDED,DRY,NO INJURY / DRIVE AWAY,,UNABLE TO DETERMINE,2700,N,ELSTON AVE,Y,NO INDICATION OF INJURY,0,0,0,16,1,12,41.93044068,-87.68550709
10/14/2018 06:42:00 PM,30,NO CONTROLS,CLEAR,"DARKNESS, LIGHTED ROAD",NOT DIVIDED,DRY,INJURY AND / OR TOW DUE TO CRASH,,UNABLE TO DETERMINE,2500,N,CLARK ST,Y,INCAPACITATING INJURY,0,1,0,18,1,10,41.9278051,-87.64196306
11/3/2018 17:51,30,NO CONTROLS,CLEAR,"DARKNESS, LIGHTED ROAD",NOT DIVIDED,DRY,NO INJURY / DRIVE AWAY,,DRIVING ON WRONG SIDE/WRONG WAY,1616,N,WELLS ST,,NO INDICATION OF INJURY,0,0,0,17,7,11,41.91167374,-87.63487362
06/17/2022 06:30:00 PM,30,NO CONTROLS,CLEAR,DAYLIGHT,ONE-WAY,DRY,INJURY AND / OR TOW DUE TO CRASH,,IMPROPER OVERTAKING/PASSING,44,E,WALTON ST,Y,NONINCAPACITATING INJURY,0,0,1,18,6,6,41.90007695,-87.62660954
06/19/2019 04:45:00 PM,30,STOP SIGN/FLASHER,CLEAR,DAYLIGHT,T-INTERSECTION,DRY,INJURY AND / OR TOW DUE TO CRASH,,FAILING TO REDUCE SPEED TO AVOID CRASH,5100,N,SHERIDAN RD,,"REPORTED, NOT EVIDENT",0,0,0,16,4,6,41.9753331,-87.65512984
04/29/2019 04:07:00 AM,30,NO CONTROLS,RAIN,DAWN,OTHER,WET,INJURY AND / OR TOW DUE TO CRASH,,WEATHER,3200,S,WABASH AVE,,"REPORTED, NOT EVIDENT",0,0,0,4,2,4,41.83632198,-87.62528745
8/12/2019 16:00,25,STOP SIGN/FLASHER,RAIN,DAYLIGHT,FOUR WAY,WET,NO INJURY / DRIVE AWAY,,"VISION OBSCURED (SIGNS, TREE LIMBS, BUILDINGS, ETC.)",5400,S,CALIFORNIA AVE,,NO INDICATION OF INJURY,0,0,0,16,2,8,41.79542276,-87.69399236
4/10/2020 16:45,30,TRAFFIC SIGNAL,CLEAR,DAYLIGHT,DIVIDED - W/MEDIAN (NOT RAISED),DRY,INJURY AND / OR TOW DUE TO CRASH,Y,FAILING TO YIELD RIGHT-OF-WAY,3200,N,ASHLAND AVE,,"REPORTED, NOT EVIDENT",0,0,0,16,6,4,41.93973957,-87.66881006
02/16/2019 08:00:00 PM,30,UNKNOWN,CLEAR,DARKNESS,UNKNOWN,DRY,INJURY AND / OR TOW DUE TO CRASH,Y,FAILING TO YIELD RIGHT-OF-WAY,500,S,LA SALLE ST,,NONINCAPACITATING INJURY,0,0,1,20,7,2,41.87553998,-87.63187315
7/2/2021 10:36,30,STOP SIGN/FLASHER,CLEAR,DAYLIGHT,FOUR WAY,DRY,INJURY AND / OR TOW DUE TO CRASH,Y,DISREGARDING STOP SIGN,10800,S,AVENUE O,N,"REPORTED, NOT EVIDENT",0,0,0,10,6,7,41.69904227,-87.54023307
05/16/2018 05:30:00 PM,30,NO CONTROLS,CLEAR,DAYLIGHT,NOT DIVIDED,DRY,INJURY AND / OR TOW DUE TO CRASH,,FAILING TO YIELD RIGHT-OF-WAY,4432,N,MILWAUKEE AVE,,NONINCAPACITATING INJURY,0,0,1,17,4,5,41.96143332,-87.75534524
07/28/2020 12:35:00 PM,30,NO CONTROLS,CLEAR,DAYLIGHT,NOT DIVIDED,DRY,INJURY AND / OR TOW DUE TO CRASH,,"EVASIVE ACTION DUE TO ANIMAL, OBJECT, NONMOTORIST",5101,S,WESTERN AVE,Y,"REPORTED, NOT EVIDENT",0,0,0,12,3,7,41.80105834,-87.68407434
09/22/2015 04:24:00 PM,30,TRAFFIC SIGNAL,CLEAR,DAYLIGHT,NOT DIVIDED,DRY,NO INJURY / DRIVE AWAY,,"OPERATING VEHICLE IN ERRATIC, RECKLESS, CARELESS, NEGLIGENT OR AGGRESSIVE MANNER",2600,N,LINCOLN AVE,,NO INDICATION OF INJURY,0,0,0,16,3,9,41.92897165,-87.65390176
9/2/2019 21:30,25,UNKNOWN,UNKNOWN,UNKNOWN,OTHER,UNKNOWN,NO INJURY / DRIVE AWAY,,NOT APPLICABLE,3600,N,RECREATION DR,,NO INDICATION OF INJURY,0,0,0,21,2,9,41.94886557,-87.64303425
6/1/2022 8:40,30,NO CONTROLS,CLEAR,DAYLIGHT,NOT DIVIDED,UNKNOWN,INJURY AND / OR TOW DUE TO CRASH,,DRIVING SKILLS/KNOWLEDGE/EXPERIENCE,3212,N,LINCOLN AVE,,NONINCAPACITATING INJURY,0,0,1,8,4,6,41.94003652,-87.66907634
7/1/2020 18:15,30,NO CONTROLS,CLEAR,DAYLIGHT,ONE-WAY,DRY,INJURY AND / OR TOW DUE TO CRASH,,FAILING TO YIELD RIGHT-OF-WAY,799,N,SEDGWICK ST,,NONINCAPACITATING INJURY,0,0,1,18,4,7,41.8965019,-87.63846653
1/5/2016 14:40,30,TRAFFIC SIGNAL,CLEAR,DAYLIGHT,OTHER,DRY,NO INJURY / DRIVE AWAY,Y,UNABLE TO DETERMINE,800,N,WELLS ST,,NO INDICATION OF INJURY,0,0,0,14,3,1,41.89663375,-87.63435134
08/28/2018 04:45:00 PM,30,NO CONTROLS,CLEAR,DAYLIGHT,NOT DIVIDED,DRY,INJURY AND / OR TOW DUE TO CRASH,,UNABLE TO DETERMINE,2363,N,MILWAUKEE AVE,Y,INCAPACITATING INJURY,0,1,0,16,3,8,41.92426082,-87.69933175
10/29/2019 04:33:00 PM,30,NO CONTROLS,CLEAR,DAYLIGHT,DIVIDED - W/MEDIAN (NOT RAISED),DRY,INJURY AND / OR TOW DUE TO CRASH,,UNABLE TO DETERMINE,401,N,WOOD ST,,NONINCAPACITATING INJURY,0,0,1,16,3,10,41.88885264,-87.67181599
05/21/2018 05:15:00 PM,30,NO CONTROLS,CLEAR,DAYLIGHT,ONE-WAY,WET,NO INJURY / DRIVE AWAY,Y,FOLLOWING TOO CLOSELY,528,N,LAKE SHORE DR,,NO INDICATION OF INJURY,0,0,0,17,2,5,41.89185226,-87.61448486
09/25/2018 05:55:00 PM,30,NO CONTROLS,RAIN,DAWN,NOT DIVIDED,WET,INJURY AND / OR TOW DUE TO CRASH,,FAILING TO YIELD RIGHT-OF-WAY,2053,N,CALIFORNIA AVE,Y,NONINCAPACITATING INJURY,0,0,1,17,3,9,41.91904357,-87.69709753
12/13/2017 08:36:00 AM,30,NO CONTROLS,CLEAR,DAYLIGHT,DIVIDED - W/MEDIAN (NOT RAISED),DRY,INJURY AND / OR TOW DUE TO CRASH,,FAILING TO YIELD RIGHT-OF-WAY,2050,N,MILWAUKEE AVE,,NONINCAPACITATING INJURY,0,0,2,8,4,12,41.91851166,-87.69039443
08/31/2022 06:13:00 PM,30,TRAFFIC SIGNAL,CLEAR,DAYLIGHT,ONE-WAY,DRY,NO INJURY / DRIVE AWAY,,UNABLE TO DETERMINE,1559,W,CONGRESS PKWY,,NO INDICATION OF INJURY,0,0,0,18,4,8,41.87506807,-87.6665942
07/29/2022 07:45:00 PM,30,NO CONTROLS,CLEAR,DUSK,NOT DIVIDED,DRY,INJURY AND / OR TOW DUE TO CRASH,,FAILING TO YIELD RIGHT-OF-WAY,2745,N,DAMEN AVE,,NONINCAPACITATING INJURY,0,0,1,19,6,7,41.93099859,-87.67810916
3/1/2021 8:44,30,TRAFFIC SIGNAL,CLEAR,DAYLIGHT,FOUR WAY,DRY,INJURY AND / OR TOW DUE TO CRASH,,UNABLE TO DETERMINE,6700,S,DR MARTIN LUTHER KING JR DR,,NONINCAPACITATING INJURY,0,0,1,8,2,3,41.77291003,-87.61559471
10/19/2021 08:10:00 PM,30,STOP SIGN/FLASHER,CLEAR,"DARKNESS, LIGHTED ROAD",FOUR WAY,DRY,INJURY AND / OR TOW DUE TO CRASH,Y,DISREGARDING STOP SIGN,1900,W,DIVISION ST,,NONINCAPACITATING INJURY,0,0,1,20,3,10,41.90333918,-87.67488536
12/1/2017 12:10,30,NO CONTROLS,CLEAR,DAYLIGHT,DIVIDED - W/MEDIAN (NOT RAISED),DRY,INJURY AND / OR TOW DUE TO CRASH,,DISTRACTION - FROM INSIDE VEHICLE,1530,W,TAYLOR ST,Y,NONINCAPACITATING INJURY,0,0,1,12,6,12,41.86938972,-87.6653909
8/8/2023 18:20,25,UNKNOWN,CLEAR,DAYLIGHT,NOT DIVIDED,UNKNOWN,NO INJURY / DRIVE AWAY,,UNABLE TO DETERMINE,940,N,MICHIGAN AVE,,NO INDICATION OF INJURY,0,0,0,18,3,8,41.90021101,-87.62432298
8/7/2018 15:00,30,NO CONTROLS,RAIN,DAYLIGHT,PARKING LOT,WET,INJURY AND / OR TOW DUE TO CRASH,,WEATHER,1301,S,CLINTON ST,,NONINCAPACITATING INJURY,0,0,1,15,3,8,41.86554095,-87.64051974
12/2/2016 18:10,30,NO CONTROLS,CLEAR,"DARKNESS, LIGHTED ROAD",DIVIDED - W/MEDIAN (NOT RAISED),DRY,NO INJURY / DRIVE AWAY,,UNABLE TO DETERMINE,800,N,LESSING ST,,NO INDICATION OF INJURY,0,0,0,18,6,12,41.89642824,-87.65096284
03/26/2023 03:00:00 PM,30,NO CONTROLS,CLEAR,DAYLIGHT,ONE-WAY,DRY,INJURY AND / OR TOW DUE TO CRASH,,UNABLE TO DETERMINE,19,N,GREEN ST,Y,NONINCAPACITATING INJURY,0,0,1,15,1,3,41.88238421,-87.6483995
6/11/2019 2:20,30,TRAFFIC SIGNAL,CLEAR,"DARKNESS, LIGHTED ROAD",FOUR WAY,DRY,INJURY AND / OR TOW DUE TO CRASH,,UNABLE TO DETERMINE,500,N,WESTERN AVE,,NONINCAPACITATING INJURY,0,0,3,2,3,6,41.89071937,-87.686843
6/5/2021 16:28,30,NO CONTROLS,CLEAR,DAYLIGHT,NOT DIVIDED,DRY,INJURY AND / OR TOW DUE TO CRASH,,NOT APPLICABLE,6002,W,GIDDINGS ST,Y,NONINCAPACITATING INJURY,0,0,1,16,7,6,41.96677477,-87.77743529
6/12/2017 17:06,30,NO CONTROLS,CLEAR,DAYLIGHT,NOT DIVIDED,DRY,INJURY AND / OR TOW DUE TO CRASH,,FAILING TO YIELD RIGHT-OF-WAY,5609,W,BLOOMINGDALE AVE,,NONINCAPACITATING INJURY,0,0,1,17,2,6,41.91255359,-87.76602025
09/14/2018 02:30:00 PM,30,UNKNOWN,CLEAR,DAYLIGHT,OTHER,DRY,NO INJURY / DRIVE AWAY,,FAILING TO YIELD RIGHT-OF-WAY,5700,S,CENTRAL AVE,,NO INDICATION OF INJURY,0,0,0,14,6,9,41.78897044,-87.76231074
09/14/2018 11:34:00 AM,0,NO CONTROLS,CLEAR,DAYLIGHT,DIVIDED - W/MEDIAN (NOT RAISED),DRY,INJURY AND / OR TOW DUE TO CRASH,Y,UNABLE TO DETERMINE,5455,S,COTTAGE GROVE AVE,,"REPORTED, NOT EVIDENT",0,0,0,11,6,9,41.79518158,-87.60608035
7/1/2020 14:00,30,NO CONTROLS,CLEAR,DAYLIGHT,NOT DIVIDED,DRY,NO INJURY / DRIVE AWAY,,FAILING TO YIELD RIGHT-OF-WAY,3410,S,DAMEN AVE,,NO INDICATION OF INJURY,0,0,0,14,4,7,41.83183581,-87.67546184
06/18/2016 07:15:00 PM,30,NO CONTROLS,CLEAR,DAYLIGHT,DRIVEWAY,DRY,NO INJURY / DRIVE AWAY,,FAILING TO REDUCE SPEED TO AVOID CRASH,3771,W,75TH PL,,NO INDICATION OF INJURY,0,0,0,19,7,6,41.75634523,-87.71724591
11/16/2018 07:45:00 PM,30,TRAFFIC SIGNAL,CLEAR,"DARKNESS, LIGHTED ROAD",ONE-WAY,DRY,INJURY AND / OR TOW DUE TO CRASH,Y,UNABLE TO DETERMINE,799,E,MIDWAY PLAISANCE,,NONINCAPACITATING INJURY,0,0,1,19,6,11,41.7863049,-87.60610095
06/13/2018 05:00:00 PM,30,NO CONTROLS,CLEAR,DAYLIGHT,ONE-WAY,DRY,NO INJURY / DRIVE AWAY,,UNABLE TO DETERMINE,100,S,WACKER DR,,NO INDICATION OF INJURY,0,0,0,17,4,6,41.88055703,-87.63713178
11/29/2017 05:40:00 PM,25,STOP SIGN/FLASHER,CLEAR,"DARKNESS, LIGHTED ROAD",NOT DIVIDED,DRY,NO INJURY / DRIVE AWAY,,"VISION OBSCURED (SIGNS, TREE LIMBS, BUILDINGS, ETC.)",529,W,33RD ST,,NO INDICATION OF INJURY,0,0,0,17,4,11,41.83437074,-87.6400345
07/19/2020 08:30:00 PM,30,TRAFFIC SIGNAL,CLEAR,"DARKNESS, LIGHTED ROAD",DIVIDED - W/MEDIAN BARRIER,DRY,NO INJURY / DRIVE AWAY,,BICYCLE ADVANCING LEGALLY ON RED LIGHT,1900,N,ASHLAND AVE,,NO INDICATION OF INJURY,0,0,0,20,1,7,41.91614728,-87.66794735
11/25/2019 06:00:00 AM,35,TRAFFIC SIGNAL,CLEAR,"DARKNESS, LIGHTED ROAD",NOT DIVIDED,DRY,NO INJURY / DRIVE AWAY,,UNABLE TO DETERMINE,2400,W,COLUMBUS AVE,,NO INDICATION OF INJURY,0,0,0,6,2,11,41.75915851,-87.68323252
08/30/2017 07:33:00 AM,30,STOP SIGN/FLASHER,CLEAR,DAYLIGHT,NOT DIVIDED,DRY,INJURY AND / OR TOW DUE TO CRASH,,FAILING TO YIELD RIGHT-OF-WAY,2701,E,75TH ST,,NONINCAPACITATING INJURY,0,0,1,7,4,8,41.75980918,-87.55846193
12/8/2017 16:23,30,NO CONTROLS,CLEAR,DUSK,PARKING LOT,DRY,INJURY AND / OR TOW DUE TO CRASH,Y,FAILING TO YIELD RIGHT-OF-WAY,4411,W,ARMITAGE AVE,,NONINCAPACITATING INJURY,0,0,1,16,6,12,41.9169288,-87.73684665
10/1/2019 16:00,30,NO CONTROLS,CLEAR,DAYLIGHT,NOT DIVIDED,DRY,NO INJURY / DRIVE AWAY,,"VISION OBSCURED (SIGNS, TREE LIMBS, BUILDINGS, ETC.)",6800,N,SHERIDAN RD,Y,NO INDICATION OF INJURY,0,0,0,16,3,10,42.00558687,-87.66107732
7/8/2023 19:54,30,TRAFFIC SIGNAL,CLEAR,DAYLIGHT,DIVIDED - W/MEDIAN (NOT RAISED),DRY,INJURY AND / OR TOW DUE TO CRASH,,DISREGARDING TRAFFIC SIGNALS,29,W,VAN BUREN ST,,INCAPACITATING INJURY,0,1,0,19,7,7,41.87679697,-87.62876382
10/23/2018 03:34:00 PM,30,TRAFFIC SIGNAL,CLEAR,DAYLIGHT,NOT DIVIDED,DRY,INJURY AND / OR TOW DUE TO CRASH,,FAILING TO YIELD RIGHT-OF-WAY,2604,S,HALSTED ST,,NONINCAPACITATING INJURY,0,0,1,15,3,10,41.84515217,-87.6465929
6/3/2021 17:20,30,TRAFFIC SIGNAL,CLEAR,DAYLIGHT,DIVIDED - W/MEDIAN (NOT RAISED),DRY,NO INJURY / DRIVE AWAY,Y,UNABLE TO DETERMINE,2800,N,PAULINA ST,,NO INDICATION OF INJURY,0,0,0,17,5,6,41.93241572,-87.67097461
09/27/2021 04:10:00 PM,30,NO CONTROLS,CLEAR,DAYLIGHT,NOT DIVIDED,DRY,INJURY AND / OR TOW DUE TO CRASH,Y,FOLLOWING TOO CLOSELY,3468,N,KEDZIE AVE,,NONINCAPACITATING INJURY,0,0,1,16,2,9,41.94476988,-87.70792245
04/28/2021 01:50:00 PM,30,TRAFFIC SIGNAL,RAIN,DAYLIGHT,NOT DIVIDED,WET,INJURY AND / OR TOW DUE TO CRASH,,FAILING TO REDUCE SPEED TO AVOID CRASH,799,S,ASHLAND AVE,,NONINCAPACITATING INJURY,0,0,1,13,4,4,41.87169454,-87.66638604
10/16/2017 08:10:00 AM,30,NO CONTROLS,CLEAR,DAYLIGHT,NOT DIVIDED,DRY,INJURY AND / OR TOW DUE TO CRASH,,FAILING TO YIELD RIGHT-OF-WAY,2031,S,PAULINA ST,,NONINCAPACITATING INJURY,0,0,1,8,2,10,41.85415709,-87.66840201
9/4/2018 21:11,30,NO CONTROLS,CLEAR,DARKNESS,DIVIDED - W/MEDIAN (NOT RAISED),DRY,INJURY AND / OR TOW DUE TO CRASH,,UNABLE TO DETERMINE,3001,E,106TH ST,,INCAPACITATING INJURY,0,1,0,21,3,9,41.70265509,-87.55110538
05/16/2019 04:39:00 PM,30,STOP SIGN/FLASHER,CLEAR,DAYLIGHT,FOUR WAY,DRY,INJURY AND / OR TOW DUE TO CRASH,,UNABLE TO DETERMINE,5928,W,HIGGINS AVE,,NONINCAPACITATING INJURY,0,0,1,16,5,5,41.972935,-87.77691395
06/24/2021 03:06:00 PM,30,TRAFFIC SIGNAL,RAIN,DAYLIGHT,DIVIDED - W/MEDIAN BARRIER,WET,INJURY AND / OR TOW DUE TO CRASH,,DISREGARDING TRAFFIC SIGNALS,3300,S,STATE ST,,NONINCAPACITATING INJURY,0,0,1,15,5,6,41.83457791,-87.62683596
3/9/2018 7:53,30,NO CONTROLS,CLEAR,DAYLIGHT,DIVIDED - W/MEDIAN BARRIER,DRY,INJURY AND / OR TOW DUE TO CRASH,,FAILING TO YIELD RIGHT-OF-WAY,850,N,LA SALLE DR,,NONINCAPACITATING INJURY,0,0,1,7,6,3,41.89817011,-87.63289354
10/12/2023 19:24,30,STOP SIGN/FLASHER,CLEAR,DARKNESS,FOUR WAY,DRY,INJURY AND / OR TOW DUE TO CRASH,,NOT APPLICABLE,899,W,53RD PL,,"REPORTED, NOT EVIDENT",0,0,0,19,5,10,41.796787,-87.64755785
07/26/2017 11:00:00 AM,35,NO CONTROLS,CLEAR,DAYLIGHT,NOT DIVIDED,DRY,NO INJURY / DRIVE AWAY,,"EVASIVE ACTION DUE TO ANIMAL, OBJECT, NONMOTORIST",2953,W,LAWRENCE AVE,,NO INDICATION OF INJURY,0,0,0,11,4,7,41.96838683,-87.70328936
8/3/2021 18:52,30,TRAFFIC SIGNAL,CLEAR,DAYLIGHT,FOUR WAY,DRY,INJURY AND / OR TOW DUE TO CRASH,,UNABLE TO DETERMINE,3000,N,AUSTIN AVE,,NONINCAPACITATING INJURY,0,0,1,18,3,8,41.93483734,-87.7762381
9/5/2022 16:40,30,OTHER,CLEAR,DAYLIGHT,NOT DIVIDED,DRY,INJURY AND / OR TOW DUE TO CRASH,,IMPROPER LANE USAGE,2158,W,AUGUSTA BLVD,,NONINCAPACITATING INJURY,0,0,1,16,2,9,41.89957795,-87.68192719
8/5/2023 19:45,30,TRAFFIC SIGNAL,RAIN,DUSK,DIVIDED - W/MEDIAN (NOT RAISED),WET,INJURY AND / OR TOW DUE TO CRASH,Y,FAILING TO YIELD RIGHT-OF-WAY,99,N,ASHLAND AVE,,NONINCAPACITATING INJURY,0,0,1,19,7,8,41.88325457,-87.66672363
8/2/2023 18:00,30,NO CONTROLS,CLEAR,DAYLIGHT,NOT DIVIDED,DRY,INJURY AND / OR TOW DUE TO CRASH,,NOT APPLICABLE,2100,W,CHASE AVE,,"REPORTED, NOT EVIDENT",0,0,0,18,4,8,42.01414649,-87.68374628
07/13/2020 07:54:00 AM,20,NO CONTROLS,CLEAR,DAYLIGHT,DIVIDED - W/MEDIAN (NOT RAISED),DRY,INJURY AND / OR TOW DUE TO CRASH,,"VISION OBSCURED (SIGNS, TREE LIMBS, BUILDINGS, ETC.)",1743,W,LAWRENCE AVE,,INCAPACITATING INJURY,0,1,0,7,2,7,41.96873073,-87.67267203
08/27/2019 08:00:00 PM,30,NO CONTROLS,CLEAR,"DARKNESS, LIGHTED ROAD",DIVIDED - W/MEDIAN (NOT RAISED),DRY,INJURY AND / OR TOW DUE TO CRASH,,UNABLE TO DETERMINE,710,W,DIVERSEY PKWY,Y,NONINCAPACITATING INJURY,0,0,1,20,3,8,41.93286664,-87.64709707
04/26/2019 05:58:00 PM,40,STOP SIGN/FLASHER,CLEAR,DAWN,RAMP,DRY,INJURY AND / OR TOW DUE TO CRASH,,UNABLE TO DETERMINE,4399,N,LAKE SHORE DR NB,,"REPORTED, NOT EVIDENT",0,0,0,17,6,4,41.96195363,-87.64607681
11/6/2020 15:58,30,TRAFFIC SIGNAL,CLEAR,DAYLIGHT,DIVIDED - W/MEDIAN (NOT RAISED),DRY,NO INJURY / DRIVE AWAY,,UNABLE TO DETERMINE,2800,W,BELMONT AVE,,NO INDICATION OF INJURY,0,0,0,15,6,11,41.93950238,-87.69784937
9/6/2019 15:30,30,TRAFFIC SIGNAL,CLEAR,DAYLIGHT,DIVIDED - W/MEDIAN (NOT RAISED),DRY,INJURY AND / OR TOW DUE TO CRASH,Y,FAILING TO YIELD RIGHT-OF-WAY,100,N,WOOD ST,,NONINCAPACITATING INJURY,0,0,1,15,6,9,41.88326708,-87.67194495
06/24/2019 06:30:00 AM,25,TRAFFIC SIGNAL,CLEAR,DAYLIGHT,NOT DIVIDED,WET,INJURY AND / OR TOW DUE TO CRASH,,FAILING TO YIELD RIGHT-OF-WAY,1158,W,GRANVILLE AVE,,NONINCAPACITATING INJURY,0,0,1,6,2,6,41.99466287,-87.6603452
06/23/2020 10:22:00 AM,35,STOP SIGN/FLASHER,CLEAR,DAYLIGHT,FOUR WAY,DRY,NO INJURY / DRIVE AWAY,,FAILING TO YIELD RIGHT-OF-WAY,8601,S,CICERO AVE,N,NO INDICATION OF INJURY,0,0,0,10,3,6,41.73628923,-87.74078194
5/9/2023 9:30,30,NO CONTROLS,CLEAR,DAYLIGHT,DRIVEWAY,DRY,NO INJURY / DRIVE AWAY,,"OPERATING VEHICLE IN ERRATIC, RECKLESS, CARELESS, NEGLIGENT OR AGGRESSIVE MANNER",2901,W,ADDISON ST,,NO INDICATION OF INJURY,0,0,0,9,3,5,41.94655283,-87.70053577
06/25/2020 12:57:00 PM,15,TRAFFIC SIGNAL,CLEAR,DAYLIGHT,ONE-WAY,DRY,INJURY AND / OR TOW DUE TO CRASH,,FAILING TO YIELD RIGHT-OF-WAY,500,N,LAKE SHORE DR SB,,NONINCAPACITATING INJURY,0,0,1,12,5,6,41.89114707,-87.61437506
08/15/2021 08:53:00 AM,30,STOP SIGN/FLASHER,CLEAR,DAYLIGHT,T-INTERSECTION,DRY,NO INJURY / DRIVE AWAY,,UNABLE TO DETERMINE,4427,S,SPAULDING AVE,N,NO INDICATION OF INJURY,0,0,0,8,1,8,41.81291546,-87.70624848
11/22/2015 11:56:00 AM,30,NO CONTROLS,CLEAR,DAYLIGHT,ONE-WAY,DRY,NO INJURY / DRIVE AWAY,,UNABLE TO DETERMINE,160,E,PEARSON ST,,NO INDICATION OF INJURY,0,0,0,11,1,11,41.89770258,-87.62346196
09/17/2021 09:33:00 AM,30,TRAFFIC SIGNAL,CLEAR,DAYLIGHT,NOT DIVIDED,DRY,NO INJURY / DRIVE AWAY,,UNABLE TO DETERMINE,100,E,18TH ST,,NO INDICATION OF INJURY,0,0,0,9,6,9,41.85798826,-87.62389466
5/1/2018 13:00,25,LANE USE MARKING,CLEAR,DAYLIGHT,DIVIDED - W/MEDIAN (NOT RAISED),DRY,INJURY AND / OR TOW DUE TO CRASH,Y,UNABLE TO DETERMINE,1313,N,DAMEN AVE,,NONINCAPACITATING INJURY,0,0,1,13,3,5,41.90541837,-87.67717608
03/14/2018 07:35:00 PM,30,STOP SIGN/FLASHER,CLEAR,DAYLIGHT,NOT DIVIDED,DRY,INJURY AND / OR TOW DUE TO CRASH,,FAILING TO YIELD RIGHT-OF-WAY,1399,W,ELMDALE AVE,,"REPORTED, NOT EVIDENT",0,0,0,19,4,3,41.99074744,-87.66504079
7/11/2023 11:00,30,NO CONTROLS,RAIN,DAYLIGHT,NOT DIVIDED,WET,INJURY AND / OR TOW DUE TO CRASH,Y,UNABLE TO DETERMINE,2485,N,WESTERN AVE,,"REPORTED, NOT EVIDENT",0,0,0,11,3,7,41.92638723,-87.68755079
09/29/2023 07:00:00 PM,30,NO CONTROLS,CLEAR,"DARKNESS, LIGHTED ROAD",FOUR WAY,DRY,INJURY AND / OR TOW DUE TO CRASH,,FAILING TO YIELD RIGHT-OF-WAY,3329,N,ASHLAND AVE,,INCAPACITATING INJURY,0,1,0,19,6,9,41.94237961,-87.66858968
9/2/2019 11:01,25,NO CONTROLS,CLEAR,DAYLIGHT,NOT DIVIDED,DRY,INJURY AND / OR TOW DUE TO CRASH,,UNABLE TO DETERMINE,1521,W,WINNEMAC AVE,,NONINCAPACITATING INJURY,0,0,1,11,2,9,41.97333329,-87.6690402
07/28/2020 12:35:00 AM,35,TRAFFIC SIGNAL,CLEAR,"DARKNESS, LIGHTED ROAD",NOT DIVIDED,DRY,INJURY AND / OR TOW DUE TO CRASH,Y,UNABLE TO DETERMINE,7400,S,STONY ISLAND AVE,N,NONINCAPACITATING INJURY,0,0,1,0,3,7,41.76054115,-87.58633028
06/17/2021 07:01:00 AM,30,TRAFFIC SIGNAL,UNKNOWN,DAYLIGHT,FOUR WAY,UNKNOWN,INJURY AND / OR TOW DUE TO CRASH,Y,UNABLE TO DETERMINE,6200,N,LINCOLN AVE,,INCAPACITATING INJURY,0,1,0,7,5,6,41.99445,-87.71420844
8/9/2019 17:30,30,NO CONTROLS,CLEAR,DAYLIGHT,DIVIDED - W/MEDIAN (NOT RAISED),DRY,INJURY AND / OR TOW DUE TO CRASH,,FAILING TO YIELD RIGHT-OF-WAY,2547,N,LINCOLN AVE,,NONINCAPACITATING INJURY,0,0,1,17,6,8,41.92823758,-87.65245637