CRASH_DATE,POSTED_SPEED_LIMIT,TRAFFIC_CONTROL_DEVICE,WEATHER_CONDITION,LIGHTING_CONDITION,TRAFFICWAY_TYPE,ROADWAY_SURFACE_COND,CRASH_TYPE,HIT_AND_RUN_I,PRIM_CONTRIBUTORY_CAUSE,STREET_NO,STREET_DIRECTION,STREET_NAME,DOORING_I,MOST_SEVERE_INJURY,INJURIES_FATAL,INJURIES_INCAPACITATING,INJURIES_NON_INCAPACITATING,CRASH_HOUR,CRASH_DAY_OF_WEEK,CRASH_MONTH,LATITUDE,LONGITUDE
8/1/2022 10:51,30,NO CONTROLS,CLEAR,DAYLIGHT,NOT DIVIDED,DRY,INJURY AND / OR TOW DUE TO CRASH,Y,FAILING TO YIELD RIGHT-OF-WAY,3045,E,83RD ST,,NONINCAPACITATING INJURY,0,0,1,10,2,8,41.74457158,-87.54976131
08/30/2018 07:30:00 PM,30,NO CONTROLS,CLEAR,DUSK,NOT DIVIDED,DRY,INJURY AND / OR TOW DUE TO CRASH,,DRIVING SKILLS/KNOWLEDGE/EXPERIENCE,1562,N,MILWAUKEE AVE,Y,NONINCAPACITATING INJURY,0,0,1,19,5,8,41.90980908,-87.67680323
02/28/2022 05:17:00 PM,35,NO CONTROLS,CLEAR,DAYLIGHT,NOT DIVIDED,DRY,INJURY AND / OR TOW DUE TO CRASH,,UNABLE TO DETERMINE,4416,W,BELMONT AVE,,NONINCAPACITATING INJURY,0,0,1,17,2,2,41.93906234,-87.73777951
7/7/2021 15:00,25,NO CONTROLS,CLEAR,DAYLIGHT,ONE-WAY,DRY,NO INJURY / DRIVE AWAY,,UNABLE TO DETERMINE,7556,S,EXCHANGE AVE,Y,NO INDICATION OF INJURY,0,0,0,15,4,7,41.75767242,-87.55896942
10/3/2023 9:36,30,STOP SIGN/FLASHER,CLEAR,DAYLIGHT,NOT DIVIDED,DRY,INJURY AND / OR TOW DUE TO CRASH,,NOT APPLICABLE,1,N,PEORIA ST,,"REPORTED, NOT EVIDENT",0,0,0,9,3,10,41.88180833,-87.64955239
5/2/2022 17:55,30,NO CONTROLS,CLEAR,DAYLIGHT,NOT DIVIDED,DRY,INJURY AND / OR TOW DUE TO CRASH,Y,FAILING TO YIELD RIGHT-OF-WAY,1332,N,MILWAUKEE AVE,,NONINCAPACITATING INJURY,0,0,1,17,2,5,41.90588472,-87.67066509
9/12/2020 18:00,30,STOP SIGN/FLASHER,RAIN,DAYLIGHT,DIVIDED - W/MEDIAN (NOT RAISED),WET,NO INJURY / DRIVE AWAY,Y,DISREGARDING STOP SIGN,5959,W,SUNNYSIDE AVE,,NO INDICATION OF INJURY,0,0,0,18,7,9,41.96211518,-87.77701893
8/8/2018 17:25,35,TRAFFIC SIGNAL,CLEAR,DAYLIGHT,OTHER,DRY,NO INJURY / DRIVE AWAY,,FAILING TO YIELD RIGHT-OF-WAY,800,N,MILWAUKEE AVE,,NO INDICATION OF INJURY,0,0,0,17,4,8,41.8962188,-87.6556039
07/27/2021 06:13:00 PM,30,NO CONTROLS,CLEAR,DAYLIGHT,NOT DIVIDED,DRY,INJURY AND / OR TOW DUE TO CRASH,,UNABLE TO DETERMINE,5200,N,SHERIDAN RD,Y,NONINCAPACITATING INJURY,0,0,1,18,3,7,41.97649272,-87.65513361
09/21/2020 03:20:00 PM,30,TRAFFIC SIGNAL,CLEAR,DAYLIGHT,FOUR WAY,DRY,INJURY AND / OR TOW DUE TO CRASH,,FAILING TO YIELD RIGHT-OF-WAY,2746,N,CLYBOURN AVE,,NONINCAPACITATING INJURY,0,0,1,15,2,9,41.93102101,-87.67686402
9/5/2021 12:44,30,TRAFFIC SIGNAL,CLEAR,DAYLIGHT,FOUR WAY,DRY,INJURY AND / OR TOW DUE TO CRASH,Y,UNABLE TO DETERMINE,3300,S,WENTWORTH AVE,,NONINCAPACITATING INJURY,0,0,1,12,1,9,41.83449802,-87.6317458
09/28/2021 08:15:00 PM,30,TRAFFIC SIGNAL,CLEAR,"DARKNESS, LIGHTED ROAD",FOUR WAY,DRY,INJURY AND / OR TOW DUE TO CRASH,Y,UNABLE TO DETERMINE,5400,W,FULLERTON AVE,,NONINCAPACITATING INJURY,0,0,1,20,3,9,41.92415353,-87.76113266
10/26/2022 02:43:00 PM,30,TRAFFIC SIGNAL,CLEAR,DAYLIGHT,ONE-WAY,DRY,INJURY AND / OR TOW DUE TO CRASH,,UNABLE TO DETERMINE,191,N,CLARK ST,,NONINCAPACITATING INJURY,0,0,1,14,4,10,41.88549078,-87.63082227
03/18/2022 06:10:00 PM,35,NO CONTROLS,RAIN,DUSK,NOT DIVIDED,WET,NO INJURY / DRIVE AWAY,,UNABLE TO DETERMINE,2706,N,HALSTED ST,Y,NO INDICATION OF INJURY,0,0,0,18,6,3,41.93175707,-87.64912469
09/21/2022 09:44:00 AM,15,NO CONTROLS,CLEAR,DAYLIGHT,PARKING LOT,DRY,INJURY AND / OR TOW DUE TO CRASH,N,UNABLE TO DETERMINE,4467,N,BROADWAY,,NONINCAPACITATING INJURY,0,0,1,9,4,9,41.96353199,-87.65611546
09/23/2021 04:50:00 PM,30,TRAFFIC SIGNAL,CLEAR,DAYLIGHT,NOT DIVIDED,DRY,NO INJURY / DRIVE AWAY,,IMPROPER LANE USAGE,1600,W,99TH ST,,NO INDICATION OF INJURY,0,0,0,16,5,9,41.71406341,-87.6634318
08/16/2023 08:05:00 AM,25,UNKNOWN,CLEAR,DAYLIGHT,DIVIDED - W/MEDIAN (NOT RAISED),DRY,INJURY AND / OR TOW DUE TO CRASH,Y,UNABLE TO DETERMINE,2222,N,CALIFORNIA AVE,,NONINCAPACITATING INJURY,0,0,1,8,4,8,41.92238228,-87.69748965
9/6/2020 13:00,45,TRAFFIC SIGNAL,CLEAR,DAYLIGHT,FOUR WAY,WET,INJURY AND / OR TOW DUE TO CRASH,,DISREGARDING TRAFFIC SIGNALS,100,S,LAKE SHORE DR NB,,NONINCAPACITATING INJURY,0,0,1,13,1,9,41.88085605,-87.61763589
10/11/2019 17:48,30,NO CONTROLS,CLEAR,DUSK,ONE-WAY,WET,NO INJURY / DRIVE AWAY,,FAILING TO YIELD RIGHT-OF-WAY,1426,W,WASHINGTON BLVD,,NO INDICATION OF INJURY,0,0,0,17,6,10,41.88299158,-87.66342149
04/24/2018 06:25:00 PM,30,STOP SIGN/FLASHER,CLEAR,DAYLIGHT,NOT DIVIDED,DRY,INJURY AND / OR TOW DUE TO CRASH,,DISTRACTION - FROM OUTSIDE VEHICLE,2032,W,DEVON AVE,,NONINCAPACITATING INJURY,0,0,1,18,3,4,41.99798375,-87.68142045
06/23/2019 08:06:00 PM,30,TRAFFIC SIGNAL,RAIN,DUSK,DIVIDED - W/MEDIAN BARRIER,WET,INJURY AND / OR TOW DUE TO CRASH,,UNABLE TO DETERMINE,2112,W,PETERSON AVE,,NONINCAPACITATING INJURY,0,0,1,20,1,6,41.99072922,-87.68297945
06/23/2017 06:20:00 PM,15,NO CONTROLS,CLEAR,DAYLIGHT,DIVIDED - W/MEDIAN (NOT RAISED),DRY,INJURY AND / OR TOW DUE TO CRASH,,FAILING TO YIELD RIGHT-OF-WAY,1500,N,LAKE SHORE DR,,NONINCAPACITATING INJURY,0,0,1,18,6,6,41.90959743,-87.62631221
06/13/2023 04:00:00 PM,30,NO CONTROLS,CLEAR,DAYLIGHT,NOT DIVIDED,WET,NO INJURY / DRIVE AWAY,N,FAILING TO YIELD RIGHT-OF-WAY,158,N,ADA ST,,NO INDICATION OF INJURY,0,0,0,16,3,6,41.88463867,-87.6608928
11/4/2021 15:25,30,STOP SIGN/FLASHER,CLEAR,DAYLIGHT,T-INTERSECTION,DRY,INJURY AND / OR TOW DUE TO CRASH,,"VISION OBSCURED (SIGNS, TREE LIMBS, BUILDINGS, ETC.)",3558,N,TROY ST,,NONINCAPACITATING INJURY,0,0,1,15,5,11,41.94647175,-87.70673658
08/27/2016 06:30:00 PM,30,STOP SIGN/FLASHER,CLEAR,DAYLIGHT,NOT DIVIDED,DRY,NO INJURY / DRIVE AWAY,,FAILING TO YIELD RIGHT-OF-WAY,1700,N,CALIFORNIA AVE,,NO INDICATION OF INJURY,0,0,0,18,7,8,41.91242929,-87.69719625
11/9/2021 15:12,25,NO CONTROLS,CLEAR,DAYLIGHT,NOT DIVIDED,DRY,INJURY AND / OR TOW DUE TO CRASH,,NOT APPLICABLE,1501,W,LAWRENCE AVE,,NONINCAPACITATING INJURY,0,0,1,15,3,11,41.9687879,-87.66758782
09/15/2019 12:28:00 PM,30,TRAFFIC SIGNAL,CLEAR,DAYLIGHT,FOUR WAY,DRY,NO INJURY / DRIVE AWAY,,FOLLOWING TOO CLOSELY,801,W,WEBSTER AVE,,NO INDICATION OF INJURY,0,0,0,12,1,9,41.92170618,-87.64868973
08/23/2022 04:49:00 PM,30,NO CONTROLS,CLEAR,DAYLIGHT,ONE-WAY,DRY,NO INJURY / DRIVE AWAY,Y,FOLLOWING TOO CLOSELY,4490,N,LINDER AVE,,NO INDICATION OF INJURY,0,0,0,16,3,8,41.96232966,-87.76499303
01/17/2019 05:59:00 PM,30,NO CONTROLS,CLEAR,"DARKNESS, LIGHTED ROAD",DIVIDED - W/MEDIAN BARRIER,DRY,INJURY AND / OR TOW DUE TO CRASH,,UNABLE TO DETERMINE,3445,S,DR MARTIN LUTHER KING JR DR,,NONINCAPACITATING INJURY,0,0,1,17,5,1,41.83186712,-87.61683053
09/16/2017 08:01:00 PM,30,NO CONTROLS,CLEAR,DARKNESS,ONE-WAY,DRY,NO INJURY / DRIVE AWAY,,"VISION OBSCURED (SIGNS, TREE LIMBS, BUILDINGS, ETC.)",40,E,107TH ST,,NO INDICATION OF INJURY,0,0,0,20,7,9,41.70000431,-87.62180145
01/29/2019 10:33:00 PM,30,TRAFFIC SIGNAL,SNOW,"DARKNESS, LIGHTED ROAD",NOT DIVIDED,WET,INJURY AND / OR TOW DUE TO CRASH,,DISREGARDING TRAFFIC SIGNALS,4601,N,SHERIDAN RD,,"REPORTED, NOT EVIDENT",0,0,0,22,3,1,41.96547961,-87.65464151
07/23/2020 04:30:00 PM,10,STOP SIGN/FLASHER,CLEAR,DAYLIGHT,PARKING LOT,DRY,INJURY AND / OR TOW DUE TO CRASH,,DRIVING SKILLS/KNOWLEDGE/EXPERIENCE,3351,W,DEVON AVE,,INCAPACITATING INJURY,0,1,0,16,5,7,41.99720745,-87.7137025
9/12/2019 18:40,30,NO CONTROLS,CLEAR,DAYLIGHT,ONE-WAY,DRY,INJURY AND / OR TOW DUE TO CRASH,,DRIVING ON WRONG SIDE/WRONG WAY,5300,W,ADDISON ST,N,NONINCAPACITATING INJURY,0,0,1,18,5,9,41.94607913,-87.75950096
05/21/2021 06:20:00 AM,10,NO CONTROLS,CLEAR,DAYLIGHT,RAMP,DRY,INJURY AND / OR TOW DUE TO CRASH,,FAILING TO REDUCE SPEED TO AVOID CRASH,1200,S,LAKE SHORE DR E,,NONINCAPACITATING INJURY,0,0,1,6,6,5,41.86744611,-87.61890449
12/9/2022 18:42,30,TRAFFIC SIGNAL,FREEZING RAIN/DRIZZLE,"DARKNESS, LIGHTED ROAD",DIVIDED - W/MEDIAN (NOT RAISED),WET,NO INJURY / DRIVE AWAY,,UNABLE TO DETERMINE,6900,S,COTTAGE GROVE AVE,,NO INDICATION OF INJURY,0,0,0,18,6,12,41.76945117,-87.60583022
5/12/2018 15:20,30,TRAFFIC SIGNAL,RAIN,DAYLIGHT,NOT DIVIDED,WET,INJURY AND / OR TOW DUE TO CRASH,,"OPERATING VEHICLE IN ERRATIC, RECKLESS, CARELESS, NEGLIGENT OR AGGRESSIVE MANNER",1759,S,MICHIGAN AVE,,NONINCAPACITATING INJURY,0,0,1,15,7,5,41.8579389,-87.62378793
12/2/2017 13:40,25,NO CONTROLS,CLEAR,DAYLIGHT,OTHER,DRY,NO INJURY / DRIVE AWAY,,UNABLE TO DETERMINE,1452,E,53RD ST,Y,NO INDICATION OF INJURY,0,0,0,13,7,12,41.79964732,-87.5897276
11/11/2016 10:48,30,NO CONTROLS,CLOUDY/OVERCAST,DAYLIGHT,DIVIDED - W/MEDIAN (NOT RAISED),DRY,INJURY AND / OR TOW DUE TO CRASH,,UNABLE TO DETERMINE,3250,W,DIVERSEY AVE,Y,NO INDICATION OF INJURY,0,0,0,10,6,11,41.93211849,-87.70949362
05/20/2017 08:05:00 AM,30,NO CONTROLS,RAIN,DAYLIGHT,ONE-WAY,WET,INJURY AND / OR TOW DUE TO CRASH,Y,UNABLE TO DETERMINE,2735,W,POPE JOHN PAUL II DR,,"REPORTED, NOT EVIDENT",0,0,0,8,7,5,41.81544932,-87.6933448
07/29/2019 04:55:00 PM,30,TRAFFIC SIGNAL,RAIN,DUSK,FOUR WAY,WET,INJURY AND / OR TOW DUE TO CRASH,,IMPROPER TURNING/NO SIGNAL,6200,S,CENTRAL PARK AVE,,INCAPACITATING INJURY,0,1,0,16,2,7,41.7805902,-87.71336873
8/1/2021 15:34,35,NO CONTROLS,CLEAR,DAYLIGHT,NOT DIVIDED,DRY,NO INJURY / DRIVE AWAY,,FAILING TO YIELD RIGHT-OF-WAY,1165,N,MILWAUKEE AVE,Y,NO INDICATION OF INJURY,0,0,0,15,1,8,41.90300504,-87.66570654
8/7/2023 22:10,25,TRAFFIC SIGNAL,CLEAR,DUSK,T-INTERSECTION,DRY,INJURY AND / OR TOW DUE TO CRASH,,FAILING TO REDUCE SPEED TO AVOID CRASH,4530,S,ARCHER AVE,N,NONINCAPACITATING INJURY,0,0,1,22,2,8,41.81077184,-87.70987777
10/6/2020 20:46,30,STOP SIGN/FLASHER,CLEAR,DARKNESS,NOT DIVIDED,UNKNOWN,INJURY AND / OR TOW DUE TO CRASH,,IMPROPER OVERTAKING/PASSING,3800,N,SHEFFIELD AVE,,NONINCAPACITATING INJURY,0,0,1,20,3,10,41.95119948,-87.65459381
3/7/2020 18:20,30,NO CONTROLS,CLEAR,"DARKNESS, LIGHTED ROAD",DIVIDED - W/MEDIAN BARRIER,DRY,INJURY AND / OR TOW DUE TO CRASH,,FAILING TO YIELD RIGHT-OF-WAY,821,S,WESTERN AVE,,"REPORTED, NOT EVIDENT",0,0,0,18,7,3,41.87070685,-87.68600476
04/13/2023 08:19:00 AM,30,STOP SIGN/FLASHER,CLEAR,DAYLIGHT,T-INTERSECTION,DRY,INJURY AND / OR TOW DUE TO CRASH,,UNABLE TO DETERMINE,4726,N,DAMEN AVE,,INCAPACITATING INJURY,0,1,0,8,5,4,41.96778696,-87.67930513
10/13/2020 07:54:00 AM,30,TRAFFIC SIGNAL,CLEAR,DAYLIGHT,NOT DIVIDED,DRY,INJURY AND / OR TOW DUE TO CRASH,,FAILING TO YIELD RIGHT-OF-WAY,1600,N,KEDZIE AVE,,NONINCAPACITATING INJURY,0,0,1,7,3,10,41.91025092,-87.70702365
9/5/2023 7:57,15,STOP SIGN/FLASHER,CLEAR,DAYLIGHT,FOUR WAY,DRY,INJURY AND / OR TOW DUE TO CRASH,,FAILING TO YIELD RIGHT-OF-WAY,2800,W,COYLE AVE,,NONINCAPACITATING INJURY,0,0,1,7,3,9,42.00766656,-87.69991044
9/4/2017 22:30,30,TRAFFIC SIGNAL,CLEAR,"DARKNESS, LIGHTED ROAD",NOT DIVIDED,DRY,INJURY AND / OR TOW DUE TO CRASH,,UNABLE TO DETERMINE,4801,N,WESTERN AVE,,INCAPACITATING INJURY,0,1,0,22,2,9,41.96864426,-87.68876011
09/16/2016 07:30:00 PM,30,NO CONTROLS,CLEAR,"DARKNESS, LIGHTED ROAD",DIVIDED - W/MEDIAN (NOT RAISED),DRY,INJURY AND / OR TOW DUE TO CRASH,,UNABLE TO DETERMINE,7900,S,PRAIRIE AVE,,NONINCAPACITATING INJURY,0,0,1,19,6,9,41.75096901,-87.61829727
08/15/2023 04:45:00 PM,30,STOP SIGN/FLASHER,CLEAR,DAYLIGHT,NOT DIVIDED,DRY,INJURY AND / OR TOW DUE TO CRASH,Y,UNABLE TO DETERMINE,5900,S,WOODLAWN AVE,,NONINCAPACITATING INJURY,0,0,1,16,3,8,41.78777371,-87.5965182
08/17/2019 06:30:00 PM,30,NO CONTROLS,CLEAR,DAYLIGHT,CENTER TURN LANE,DRY,INJURY AND / OR TOW DUE TO CRASH,,"VISION OBSCURED (SIGNS, TREE LIMBS, BUILDINGS, ETC.)",5700,N,RIDGE AVE,,NONINCAPACITATING INJURY,0,0,1,18,7,8,41.98547417,-87.66331802
08/19/2020 07:18:00 AM,30,TRAFFIC SIGNAL,CLEAR,DAYLIGHT,DIVIDED - W/MEDIAN (NOT RAISED),DRY,INJURY AND / OR TOW DUE TO CRASH,,FAILING TO YIELD RIGHT-OF-WAY,600,W,CHICAGO AVE,,NONINCAPACITATING INJURY,0,0,1,7,4,8,41.89658519,-87.64299618
07/25/2018 07:50:00 PM,30,NO CONTROLS,CLEAR,"DARKNESS, LIGHTED ROAD",NOT DIVIDED,DRY,NO INJURY / DRIVE AWAY,,NOT APPLICABLE,3409,N,BROADWAY,,NO INDICATION OF INJURY,0,0,0,19,4,7,41.94364568,-87.64485141
07/19/2020 11:49:00 PM,30,STOP SIGN/FLASHER,CLEAR,"DARKNESS, LIGHTED ROAD",DIVIDED - W/MEDIAN (NOT RAISED),DRY,INJURY AND / OR TOW DUE TO CRASH,Y,FAILING TO REDUCE SPEED TO AVOID CRASH,525,W,98TH ST,,INCAPACITATING INJURY,0,1,0,23,1,7,41.71597998,-87.63693865
10/30/2021 02:25:00 PM,25,STOP SIGN/FLASHER,CLEAR,DAYLIGHT,FOUR WAY,DRY,INJURY AND / OR TOW DUE TO CRASH,,DISREGARDING STOP SIGN,3234,N,BROADWAY,,"REPORTED, NOT EVIDENT",0,0,0,14,7,10,41.94107756,-87.64457861
11/11/2015 15:00,30,NO CONTROLS,CLEAR,DAYLIGHT,NOT DIVIDED,DRY,NO INJURY / DRIVE AWAY,,UNABLE TO DETERMINE,350,N,MICHIGAN AVE,Y,NO INDICATION OF INJURY,0,0,0,15,4,11,41.88791482,-87.62470722
09/20/2018 04:20:00 PM,30,NO CONTROLS,CLEAR,DAYLIGHT,NOT DIVIDED,DRY,NO INJURY / DRIVE AWAY,,UNABLE TO DETERMINE,2111,N,CLYBOURN AVE,,NO INDICATION OF INJURY,0,0,0,16,5,9,41.91968796,-87.66151132
10/25/2020 07:30:00 PM,25,STOP SIGN/FLASHER,CLEAR,"DARKNESS, LIGHTED ROAD",NOT DIVIDED,DRY,INJURY AND / OR TOW DUE TO CRASH,,FAILING TO YIELD RIGHT-OF-WAY,5100,N,LINCOLN AVE,,NONINCAPACITATING INJURY,0,0,1,19,1,10,41.97404523,-87.69218773
10/24/2021 01:50:00 PM,10,NO CONTROLS,RAIN,DAYLIGHT,ALLEY,WET,INJURY AND / OR TOW DUE TO CRASH,,FAILING TO YIELD RIGHT-OF-WAY,4415,N,HARDING AVE,,"REPORTED, NOT EVIDENT",0,0,0,13,1,10,41.96142566,-87.72647
09/26/2022 12:50:00 PM,30,NO CONTROLS,CLEAR,DAYLIGHT,NOT DIVIDED,DRY,INJURY AND / OR TOW DUE TO CRASH,,FAILING TO REDUCE SPEED TO AVOID CRASH,139,W,HARRISON ST,,NONINCAPACITATING INJURY,0,0,1,12,2,9,41.87438952,-87.63201048
07/17/2020 06:47:00 AM,30,TRAFFIC SIGNAL,CLEAR,DAYLIGHT,FOUR WAY,DRY,INJURY AND / OR TOW DUE TO CRASH,,UNABLE TO DETERMINE,4303,S,DREXEL BLVD,,NONINCAPACITATING INJURY,0,0,1,6,6,7,41.81670315,-87.60390807
6/5/2023 12:30,20,PEDESTRIAN CROSSING SIGN,CLEAR,DAYLIGHT,OTHER,DRY,INJURY AND / OR TOW DUE TO CRASH,,FAILING TO YIELD RIGHT-OF-WAY,1206,W,ADAMS ST,,"REPORTED, NOT EVIDENT",0,0,0,12,2,6,41.87916454,-87.65740068
08/16/2020 06:30:00 PM,30,NO CONTROLS,CLEAR,DUSK,ONE-WAY,DRY,INJURY AND / OR TOW DUE TO CRASH,,FAILING TO YIELD RIGHT-OF-WAY,4200,W,ARMITAGE AVE,,NONINCAPACITATING INJURY,0,0,1,18,1,8,41.9172123,-87.73151092
5/6/2022 19:25,30,NO CONTROLS,RAIN,DAYLIGHT,DIVIDED - W/MEDIAN (NOT RAISED),WET,INJURY AND / OR TOW DUE TO CRASH,,UNABLE TO DETERMINE,2640,N,CLARK ST,,NONINCAPACITATING INJURY,0,0,1,19,6,5,41.93062311,-87.64401134
07/23/2018 06:49:00 PM,30,STOP SIGN/FLASHER,CLEAR,DAYLIGHT,NOT DIVIDED,DRY,INJURY AND / OR TOW DUE TO CRASH,,FAILING TO YIELD RIGHT-OF-WAY,6300,S,HARVARD AVE,,"REPORTED, NOT EVIDENT",0,0,0,18,2,7,41.77988333,-87.63357848
07/28/2016 05:30:00 PM,30,STOP SIGN/FLASHER,RAIN,DAYLIGHT,DIVIDED - W/MEDIAN (NOT RAISED),WET,INJURY AND / OR TOW DUE TO CRASH,,UNABLE TO DETERMINE,799,N,WILLARD CT,,"REPORTED, NOT EVIDENT",0,0,0,17,5,7,41.89621933,-87.65883536
9/12/2017 17:10,30,NO CONTROLS,CLEAR,DAYLIGHT,NOT DIVIDED,DRY,INJURY AND / OR TOW DUE TO CRASH,,UNABLE TO DETERMINE,3011,W,ARMITAGE AVE,,"REPORTED, NOT EVIDENT",0,0,0,17,3,9,41.91732479,-87.70291214
4/9/2021 12:24,30,TRAFFIC SIGNAL,CLEAR,DAYLIGHT,DIVIDED - W/MEDIAN (NOT RAISED),DRY,INJURY AND / OR TOW DUE TO CRASH,Y,UNABLE TO DETERMINE,628,N,ASHLAND AVE,,"REPORTED, NOT EVIDENT",0,0,0,12,6,4,41.8933131,-87.66735782
03/29/2021 07:55:00 PM,30,TRAFFIC SIGNAL,CLEAR,"DARKNESS, LIGHTED ROAD",NOT DIVIDED,DRY,NO INJURY / DRIVE AWAY,,BICYCLE ADVANCING LEGALLY ON RED LIGHT,705,N,WELLS ST,Y,NO INDICATION OF INJURY,0,0,0,19,2,3,41.8949793,-87.63401067
06/24/2023 08:45:00 AM,15,NO CONTROLS,CLEAR,DAYLIGHT,NOT DIVIDED,DRY,INJURY AND / OR TOW DUE TO CRASH,,UNABLE TO DETERMINE,4420,N,SIMONDS DR,,"REPORTED, NOT EVIDENT",0,0,0,8,7,6,41.96438952,-87.63875659
08/28/2021 07:15:00 PM,30,TRAFFIC SIGNAL,CLEAR,DAYLIGHT,DIVIDED - W/MEDIAN BARRIER,DRY,INJURY AND / OR TOW DUE TO CRASH,,FAILING TO YIELD RIGHT-OF-WAY,3158,W,WILSON AVE,,NONINCAPACITATING INJURY,0,0,2,19,7,8,41.96480944,-87.70829741
11/5/2020 16:45,30,STOP SIGN/FLASHER,CLEAR,DAYLIGHT,NOT DIVIDED,DRY,INJURY AND / OR TOW DUE TO CRASH,,FAILING TO YIELD RIGHT-OF-WAY,5696,N,MILWAUKEE AVE,,"REPORTED, NOT EVIDENT",0,0,0,16,5,11,41.98526901,-87.77667719
08/21/2019 09:00:00 AM,35,NO CONTROLS,CLEAR,DAYLIGHT,NOT DIVIDED,DRY,INJURY AND / OR TOW DUE TO CRASH,,FOLLOWING TOO CLOSELY,1001,N,MILWAUKEE AVE,,NONINCAPACITATING INJURY,0,0,1,9,4,8,41.89992692,-87.660888
10/18/2018 09:15:00 PM,20,NO CONTROLS,CLEAR,DUSK,NOT DIVIDED,DRY,INJURY AND / OR TOW DUE TO CRASH,Y,UNABLE TO DETERMINE,4400,S,SACRAMENTO AVE,,"REPORTED, NOT EVIDENT",0,0,0,21,5,10,41.81355935,-87.6994213
7/6/2018 19:40,30,NO CONTROLS,CLEAR,DAYLIGHT,DIVIDED - W/MEDIAN (NOT RAISED),DRY,INJURY AND / OR TOW DUE TO CRASH,,UNABLE TO DETERMINE,4202,N,KEDZIE AVE,,NONINCAPACITATING INJURY,0,0,1,19,6,7,41.9576967,-87.70828221
10/28/2022 10:52:00 AM,35,NO CONTROLS,CLEAR,DAYLIGHT,DIVIDED - W/MEDIAN (NOT RAISED),DRY,NO INJURY / DRIVE AWAY,,UNABLE TO DETERMINE,3751,N,KEDZIE AVE,,NO INDICATION OF INJURY,0,0,0,10,6,10,41.9499649,-87.70776216
06/22/2023 10:22:00 AM,30,TRAFFIC SIGNAL,CLEAR,DAYLIGHT,NOT DIVIDED,DRY,INJURY AND / OR TOW DUE TO CRASH,,DISREGARDING TRAFFIC SIGNALS,400,N,STATE ST,,NONINCAPACITATING INJURY,0,0,1,10,5,6,41.88931871,-87.62815267
06/16/2018 07:14:00 PM,25,TRAFFIC SIGNAL,CLEAR,DAYLIGHT,NOT DIVIDED,DRY,NO INJURY / DRIVE AWAY,,UNABLE TO DETERMINE,7159,N,KEDZIE AVE,,NO INDICATION OF INJURY,0,0,0,19,7,6,42.01177247,-87.70891954
06/24/2022 04:07:00 PM,30,NO CONTROLS,CLEAR,DAYLIGHT,DIVIDED - W/MEDIAN (NOT RAISED),DRY,INJURY AND / OR TOW DUE TO CRASH,,FAILING TO YIELD RIGHT-OF-WAY,6246,S,AUSTIN AVE,,INCAPACITATING INJURY,0,1,0,16,6,6,41.77829263,-87.77165725
9/4/2021 14:30,30,NO CONTROLS,CLEAR,DAYLIGHT,DIVIDED - W/MEDIAN (NOT RAISED),DRY,NO INJURY / DRIVE AWAY,Y,UNABLE TO DETERMINE,1011,W,DIVISION ST,,NO INDICATION OF INJURY,0,0,0,14,7,9,41.9034596,-87.65303583
9/5/2019 19:05,30,STOP SIGN/FLASHER,CLEAR,DAYLIGHT,NOT DIVIDED,DRY,INJURY AND / OR TOW DUE TO CRASH,,DISREGARDING STOP SIGN,3142,W,JEROME ST,,"REPORTED, NOT EVIDENT",0,0,0,19,5,9,42.01834111,-87.70836133
02/28/2020 04:28:00 PM,30,TRAFFIC SIGNAL,CLEAR,DAYLIGHT,FOUR WAY,DRY,INJURY AND / OR TOW DUE TO CRASH,,WEATHER,5200,W,IRVING PARK RD,N,"REPORTED, NOT EVIDENT",0,0,0,16,6,2,41.95340625,-87.75727589
07/26/2022 03:00:00 PM,30,TRAFFIC SIGNAL,CLEAR,DAYLIGHT,NOT DIVIDED,DRY,NO INJURY / DRIVE AWAY,,UNABLE TO DETERMINE,30,W,WACKER DR,,NO INDICATION OF INJURY,0,0,0,15,3,7,41.88704353,-87.62908682
11/10/2020 13:54,30,NO CONTROLS,CLEAR,DAYLIGHT,NOT DIVIDED,DRY,INJURY AND / OR TOW DUE TO CRASH,,FAILING TO YIELD RIGHT-OF-WAY,2558,S,ROCKWELL ST,,"REPORTED, NOT EVIDENT",0,0,0,13,3,11,41.84479649,-87.69048708
10/7/2020 19:25,30,TRAFFIC SIGNAL,CLEAR,"DARKNESS, LIGHTED ROAD",Y-INTERSECTION,DRY,INJURY AND / OR TOW DUE TO CRASH,,BICYCLE ADVANCING LEGALLY ON RED LIGHT,5930,N,RIDGE AVE,,INCAPACITATING INJURY,0,1,0,19,4,10,41.98957897,-87.6700083
05/26/2020 12:10:00 PM,20,NO CONTROLS,CLEAR,DAYLIGHT,NOT DIVIDED,DRY,NO INJURY / DRIVE AWAY,,FAILING TO YIELD RIGHT-OF-WAY,2929,N,CLARK ST,,NO INDICATION OF INJURY,0,0,0,12,3,5,41.93571768,-87.64707803