CRASH_DATE,POSTED_SPEED_LIMIT,TRAFFIC_CONTROL_DEVICE,WEATHER_CONDITION,LIGHTING_CONDITION,TRAFFICWAY_TYPE,ROADWAY_SURFACE_COND,CRASH_TYPE,HIT_AND_RUN_I,PRIM_CONTRIBUTORY_CAUSE,STREET_NO,STREET_DIRECTION,STREET_NAME,DOORING_I,MOST_SEVERE_INJURY,INJURIES_FATAL,INJURIES_INCAPACITATING,INJURIES_NON_INCAPACITATING,CRASH_HOUR,CRASH_DAY_OF_WEEK,CRASH_MONTH,LATITUDE,LONGITUDE
11/2/2019 18:30,30,NO CONTROLS,CLEAR,DAYLIGHT,ONE-WAY,DRY,NO INJURY / DRIVE AWAY,,NOT APPLICABLE,5500,S,HAMLIN AVE,,NO INDICATION OF INJURY,0,0,0,18,7,11,41.79322913,-87.71840616
6/12/2020 11:10,30,NO CONTROLS,CLEAR,DAYLIGHT,DIVIDED - W/MEDIAN (NOT RAISED),DRY,INJURY AND / OR TOW DUE TO CRASH,,NOT APPLICABLE,4601,N,MILWAUKEE AVE,Y,NONINCAPACITATING INJURY,0,0,1,11,6,6,41.96407289,-87.75728474
11/23/2022 12:05:00 PM,30,TRAFFIC SIGNAL,CLEAR,DAYLIGHT,NOT DIVIDED,DRY,INJURY AND / OR TOW DUE TO CRASH,,UNABLE TO DETERMINE,1564,N,CLYBOURN AVE,,NONINCAPACITATING INJURY,0,0,1,12,4,11,41.90996884,-87.64841528
07/27/2023 02:00:00 PM,30,NO CONTROLS,CLEAR,DAYLIGHT,NOT DIVIDED,DRY,NO INJURY / DRIVE AWAY,Y,FAILING TO YIELD RIGHT-OF-WAY,2015,N,STAVE ST,,NO INDICATION OF INJURY,0,0,0,14,5,7,41.91796321,-87.69172993
8/12/2017 23:30,25,NO CONTROLS,CLEAR,"DARKNESS, LIGHTED ROAD",NOT DIVIDED,DRY,NO INJURY / DRIVE AWAY,,UNABLE TO DETERMINE,22,W,CHICAGO AVE,Y,NO INDICATION OF INJURY,0,0,0,23,7,8,41.89677441,-87.62911492
3/5/2018 20:20,35,NO CONTROLS,RAIN,DARKNESS,NOT DIVIDED,WET,NO INJURY / DRIVE AWAY,,UNABLE TO DETERMINE,2410,N,HALSTED ST,,NO INDICATION OF INJURY,0,0,0,20,2,3,41.92577293,-87.64892108
8/11/2019 14:40,30,TRAFFIC SIGNAL,CLEAR,DAYLIGHT,DIVIDED - W/MEDIAN (NOT RAISED),DRY,INJURY AND / OR TOW DUE TO CRASH,,UNABLE TO DETERMINE,2410,N,PULASKI RD,,INCAPACITATING INJURY,0,1,0,14,1,8,41.92483163,-87.72692841
10/14/2021 06:53:00 PM,20,NO CONTROLS,CLEAR,"DARKNESS, LIGHTED ROAD",ONE-WAY,DRY,NO INJURY / DRIVE AWAY,,FAILING TO YIELD RIGHT-OF-WAY,5545,N,CHRISTIANA AVE,,NO INDICATION OF INJURY,0,0,0,18,5,10,41.98254068,-87.71235226
08/25/2019 05:02:00 PM,30,TRAFFIC SIGNAL,CLEAR,DAYLIGHT,NOT DIVIDED,DRY,INJURY AND / OR TOW DUE TO CRASH,,FAILING TO YIELD RIGHT-OF-WAY,1400,N,MILWAUKEE AVE,,NONINCAPACITATING INJURY,0,0,1,17,1,8,41.9072586,-87.67281319
10/2/2023 17:58,30,NO CONTROLS,CLEAR,DAYLIGHT,ONE-WAY,DRY,NO INJURY / DRIVE AWAY,,DRIVING SKILLS/KNOWLEDGE/EXPERIENCE,8,E,RANDOLPH ST,,NO INDICATION OF INJURY,0,0,0,17,2,10,41.88460191,-87.62761418
08/28/2018 07:15:00 PM,30,NO CONTROLS,CLOUDY/OVERCAST,DUSK,NOT DIVIDED,UNKNOWN,INJURY AND / OR TOW DUE TO CRASH,,IMPROPER BACKING,807,N,WELLS ST,,NONINCAPACITATING INJURY,0,0,1,19,3,8,41.89682505,-87.63406455
8/5/2020 15:00,20,NO CONTROLS,CLEAR,DAYLIGHT,PARKING LOT,UNKNOWN,INJURY AND / OR TOW DUE TO CRASH,Y,"OPERATING VEHICLE IN ERRATIC, RECKLESS, CARELESS, NEGLIGENT OR AGGRESSIVE MANNER",740,W,WAYMAN ST,,NONINCAPACITATING INJURY,0,0,1,15,4,8,41.88757078,-87.64737622
08/22/2023 05:30:00 PM,30,NO CONTROLS,CLEAR,DAYLIGHT,NOT DIVIDED,DRY,INJURY AND / OR TOW DUE TO CRASH,,FAILING TO YIELD RIGHT-OF-WAY,4847,N,KILBOURN AVE,,NONINCAPACITATING INJURY,0,0,1,17,3,8,41.96926066,-87.74108377
10/11/2022 18:00,30,STOP SIGN/FLASHER,RAIN,DARKNESS,ONE-WAY,WET,INJURY AND / OR TOW DUE TO CRASH,Y,FAILING TO YIELD RIGHT-OF-WAY,2927,W,56TH ST,,NONINCAPACITATING INJURY,0,0,1,18,3,10,41.79169701,-87.69734336
01/23/2021 01:40:00 PM,30,TRAFFIC SIGNAL,CLEAR,DAYLIGHT,NOT DIVIDED,DRY,NO INJURY / DRIVE AWAY,Y,UNABLE TO DETERMINE,5000,W,IRVING PARK RD,,NO INDICATION OF INJURY,0,0,0,13,7,1,41.95346817,-87.75230593
09/30/2022 11:25:00 AM,30,STOP SIGN/FLASHER,CLEAR,DAYLIGHT,DIVIDED - W/MEDIAN (NOT RAISED),DRY,NO INJURY / DRIVE AWAY,,DISREGARDING STOP SIGN,1058,W,35TH ST,,NO INDICATION OF INJURY,0,0,0,11,6,9,41.83076562,-87.6532006
3/5/2020 16:34,30,NO CONTROLS,CLEAR,DAYLIGHT,NOT DIVIDED,DRY,INJURY AND / OR TOW DUE TO CRASH,,UNABLE TO DETERMINE,324,W,CHICAGO AVE,Y,NONINCAPACITATING INJURY,0,0,1,16,5,3,41.89666949,-87.63670982
04/29/2017 05:20:00 PM,30,NO CONTROLS,RAIN,DAYLIGHT,DRIVEWAY,WET,INJURY AND / OR TOW DUE TO CRASH,,FAILING TO YIELD RIGHT-OF-WAY,2729,N,ELSTON AVE,,NONINCAPACITATING INJURY,0,0,1,17,7,4,41.93122641,-87.68621388
09/23/2023 05:45:00 PM,30,NO CONTROLS,CLEAR,DAYLIGHT,NOT DIVIDED,DRY,INJURY AND / OR TOW DUE TO CRASH,Y,UNABLE TO DETERMINE,3349,N,MILWAUKEE AVE,,NONINCAPACITATING INJURY,0,0,1,17,7,9,41.94212266,-87.7285815
7/11/2017 23:10,30,TRAFFIC SIGNAL,RAIN,"DARKNESS, LIGHTED ROAD",NOT DIVIDED,WET,INJURY AND / OR TOW DUE TO CRASH,,DISREGARDING TRAFFIC SIGNALS,5600,W,HIGGINS AVE,,NONINCAPACITATING INJURY,0,0,1,23,3,7,41.97047586,-87.76767299
5/1/2020 18:17,30,NO CONTROLS,CLEAR,DAYLIGHT,NOT DIVIDED,DRY,INJURY AND / OR TOW DUE TO CRASH,Y,FOLLOWING TOO CLOSELY,3106,N,HARLEM AVE,,INCAPACITATING INJURY,0,1,0,18,6,5,41.93661313,-87.80684752
07/19/2021 06:48:00 AM,10,NO CONTROLS,CLEAR,DAYLIGHT,OTHER,DRY,INJURY AND / OR TOW DUE TO CRASH,,UNABLE TO DETERMINE,5244,W,GRAND AVE,,NONINCAPACITATING INJURY,0,0,1,6,2,7,41.91734622,-87.75753319
03/31/2022 10:01:00 PM,30,TRAFFIC SIGNAL,SLEET/HAIL,DARKNESS,FOUR WAY,WET,INJURY AND / OR TOW DUE TO CRASH,,FAILING TO YIELD RIGHT-OF-WAY,322,W,HUBBARD ST,,NONINCAPACITATING INJURY,0,0,1,22,5,3,41.89006072,-87.63646183
9/3/2019 7:35,35,NO CONTROLS,RAIN,DAYLIGHT,DIVIDED - W/MEDIAN (NOT RAISED),WET,NO INJURY / DRIVE AWAY,,FAILING TO YIELD RIGHT-OF-WAY,4230,W,ARMITAGE AVE,,NO INDICATION OF INJURY,0,0,0,7,3,9,41.91719617,-87.73273242
06/24/2020 07:00:00 AM,15,NO CONTROLS,CLEAR,DAYLIGHT,ONE-WAY,DRY,INJURY AND / OR TOW DUE TO CRASH,Y,NOT APPLICABLE,2300,S,OAKLEY AVE,,NONINCAPACITATING INJURY,0,0,1,7,4,6,41.85020468,-87.6832876
08/30/2019 05:40:00 PM,30,TRAFFIC SIGNAL,CLEAR,DAYLIGHT,NOT DIVIDED,DRY,NO INJURY / DRIVE AWAY,,UNABLE TO DETERMINE,1142,N,STATE ST,,NO INDICATION OF INJURY,0,0,0,17,6,8,41.9031096,-87.62875415
04/23/2019 03:00:00 PM,30,TRAFFIC SIGNAL,CLEAR,DAYLIGHT,FOUR WAY,DRY,INJURY AND / OR TOW DUE TO CRASH,,FOLLOWING TOO CLOSELY,3153,W,FOSTER AVE,,NONINCAPACITATING INJURY,0,0,1,15,3,4,41.97564088,-87.70838351
04/26/2019 08:10:00 PM,30,TRAFFIC SIGNAL,CLEAR,DARKNESS,DIVIDED - W/MEDIAN (NOT RAISED),DRY,INJURY AND / OR TOW DUE TO CRASH,,DRIVING SKILLS/KNOWLEDGE/EXPERIENCE,616,N,WELLS ST,,INCAPACITATING INJURY,0,1,0,20,6,4,41.89300247,-87.63425301
7/7/2021 8:45,30,NO CONTROLS,CLEAR,DAYLIGHT,NOT DIVIDED,DRY,INJURY AND / OR TOW DUE TO CRASH,,UNABLE TO DETERMINE,1244,S,CALIFORNIA BLVD,Y,NONINCAPACITATING INJURY,0,0,1,8,4,7,41.86521961,-87.69601441
04/24/2019 04:30:00 PM,30,STOP SIGN/FLASHER,CLEAR,DAYLIGHT,NOT DIVIDED,DRY,INJURY AND / OR TOW DUE TO CRASH,Y,DISREGARDING STOP SIGN,8400,S,LOOMIS BLVD,,NONINCAPACITATING INJURY,0,0,1,16,4,4,41.74123211,-87.65849417
9/10/2021 9:00,25,STOP SIGN/FLASHER,CLEAR,DAYLIGHT,DIVIDED - W/MEDIAN (NOT RAISED),DRY,INJURY AND / OR TOW DUE TO CRASH,Y,FOLLOWING TOO CLOSELY,5201,S,WOODLAWN AVE,,NONINCAPACITATING INJURY,0,0,1,9,6,9,41.80085164,-87.59652852
01/31/2018 11:49:00 AM,30,STOP SIGN/FLASHER,CLEAR,DAYLIGHT,NOT DIVIDED,DRY,INJURY AND / OR TOW DUE TO CRASH,Y,IMPROPER TURNING/NO SIGNAL,1501,W,HUBBARD ST,,"REPORTED, NOT EVIDENT",0,0,0,11,4,1,41.88979446,-87.66556238
9/12/2018 14:30,35,STOP SIGN/FLASHER,CLEAR,DAYLIGHT,NOT DIVIDED,DRY,INJURY AND / OR TOW DUE TO CRASH,,FAILING TO YIELD RIGHT-OF-WAY,5299,W,SUNNYSIDE AVE,,NONINCAPACITATING INJURY,0,0,1,14,4,9,41.96233348,-87.7598065
6/9/2023 22:30,30,TRAFFIC SIGNAL,CLEAR,DAYLIGHT,"FIVE POINT, OR MORE",DRY,INJURY AND / OR TOW DUE TO CRASH,Y,UNABLE TO DETERMINE,3400,N,LINCOLN AVE,,NONINCAPACITATING INJURY,0,0,1,22,6,6,41.94330293,-87.67135515
09/13/2018 05:35:00 PM,25,TRAFFIC SIGNAL,CLEAR,DAYLIGHT,ONE-WAY,DRY,INJURY AND / OR TOW DUE TO CRASH,,IMPROPER OVERTAKING/PASSING,5800,W,AUGUSTA BLVD,,NONINCAPACITATING INJURY,0,0,1,17,5,9,41.89853611,-87.770448
06/21/2020 06:00:00 PM,30,NO CONTROLS,CLEAR,DAYLIGHT,NOT DIVIDED,DRY,INJURY AND / OR TOW DUE TO CRASH,,UNABLE TO DETERMINE,3541,N,LINCOLN AVE,Y,NONINCAPACITATING INJURY,0,0,1,18,1,6,41.9463426,-87.67314856
9/9/2017 17:01,30,TRAFFIC SIGNAL,CLEAR,DAYLIGHT,NOT DIVIDED,DRY,INJURY AND / OR TOW DUE TO CRASH,,FAILING TO YIELD RIGHT-OF-WAY,4410,W,FULLERTON AVE,,NONINCAPACITATING INJURY,0,0,1,17,7,9,41.92446995,-87.73702486
07/21/2018 02:00:00 PM,20,NO CONTROLS,CLEAR,DAYLIGHT,PARKING LOT,DRY,INJURY AND / OR TOW DUE TO CRASH,,"VISION OBSCURED (SIGNS, TREE LIMBS, BUILDINGS, ETC.)",2901,W,ARMITAGE AVE,,NONINCAPACITATING INJURY,0,0,1,14,7,7,41.91735855,-87.69934107
7/6/2023 16:15,30,NO CONTROLS,CLEAR,DAYLIGHT,NOT DIVIDED,DRY,NO INJURY / DRIVE AWAY,Y,UNABLE TO DETERMINE,4234,W,26TH ST,,NO INDICATION OF INJURY,0,0,0,16,5,7,41.8442732,-87.73102407
12/8/2017 12:30,30,NO CONTROLS,CLEAR,DAYLIGHT,NOT DIVIDED,DRY,INJURY AND / OR TOW DUE TO CRASH,,IMPROPER OVERTAKING/PASSING,641,W,GRAND AVE,,"REPORTED, NOT EVIDENT",0,0,0,12,6,12,41.89111681,-87.64442099
06/18/2022 12:00:00 PM,30,NO CONTROLS,CLEAR,DAYLIGHT,NOT DIVIDED,DRY,INJURY AND / OR TOW DUE TO CRASH,,UNABLE TO DETERMINE,1552,N,WELLS ST,N,NONINCAPACITATING INJURY,0,0,1,12,7,6,41.91067609,-87.63484274
05/21/2019 03:05:00 PM,30,NO CONTROLS,CLEAR,DAYLIGHT,DIVIDED - W/MEDIAN (NOT RAISED),DRY,NO INJURY / DRIVE AWAY,Y,UNABLE TO DETERMINE,3001,S,CALIFORNIA AVE,,NO INDICATION OF INJURY,0,0,0,15,3,5,41.83911661,-87.69493606
07/16/2018 09:09:00 AM,30,NO CONTROLS,CLEAR,DAYLIGHT,NOT DIVIDED,DRY,INJURY AND / OR TOW DUE TO CRASH,,FAILING TO YIELD RIGHT-OF-WAY,1628,N,WELLS ST,N,NONINCAPACITATING INJURY,0,0,1,9,2,7,41.91204437,-87.63488492
11/14/2021 10:30:00 AM,30,NO CONTROLS,CLEAR,DAYLIGHT,NOT DIVIDED,DRY,INJURY AND / OR TOW DUE TO CRASH,,UNABLE TO DETERMINE,2422,N,ELSTON AVE,,NONINCAPACITATING INJURY,0,0,1,10,1,11,41.92546766,-87.67828751
10/16/2017 01:30:00 PM,30,NO CONTROLS,CLEAR,DAYLIGHT,NOT DIVIDED,DRY,INJURY AND / OR TOW DUE TO CRASH,,UNABLE TO DETERMINE,3010,N,LINCOLN AVE,Y,"REPORTED, NOT EVIDENT",0,0,0,13,2,10,41.93632822,-87.66420173
07/24/2022 04:45:00 PM,30,NO CONTROLS,CLEAR,DAYLIGHT,NOT DIVIDED,DRY,INJURY AND / OR TOW DUE TO CRASH,,UNABLE TO DETERMINE,11315,S,DOTY AVE W,,NONINCAPACITATING INJURY,0,0,1,16,1,7,41.68864862,-87.60044208
3/5/2020 15:30,30,STOP SIGN/FLASHER,CLEAR,DAYLIGHT,ONE-WAY,DRY,INJURY AND / OR TOW DUE TO CRASH,,NOT APPLICABLE,5900,S,KOLMAR AVE,,NONINCAPACITATING INJURY,0,0,1,15,5,3,41.78570397,-87.73656064
02/16/2019 02:00:00 PM,30,TRAFFIC SIGNAL,CLEAR,DAYLIGHT,NOT DIVIDED,DRY,INJURY AND / OR TOW DUE TO CRASH,Y,DISREGARDING TRAFFIC SIGNALS,2200,N,DAMEN AVE,,NONINCAPACITATING INJURY,0,0,1,14,7,2,41.92142214,-87.67790011
10/18/2017 05:16:00 PM,35,STOP SIGN/FLASHER,CLEAR,DAYLIGHT,NOT DIVIDED,DRY,INJURY AND / OR TOW DUE TO CRASH,,DISREGARDING STOP SIGN,1400,W,WASHBURNE AVE,,"REPORTED, NOT EVIDENT",0,0,0,17,4,10,41.86618304,-87.66161491
02/21/2022 11:00:00 AM,30,NO CONTROLS,CLEAR,DAYLIGHT,NOT DIVIDED,UNKNOWN,INJURY AND / OR TOW DUE TO CRASH,,UNABLE TO DETERMINE,3864,N,LINCOLN AVE,Y,NONINCAPACITATING INJURY,0,0,1,11,2,2,41.95215248,-87.67752501
12/10/2020 18:45,15,NO CONTROLS,CLEAR,"DARKNESS, LIGHTED ROAD",ALLEY,DRY,NO INJURY / DRIVE AWAY,,UNABLE TO DETERMINE,5036,W,MONTROSE AVE,,NO INDICATION OF INJURY,0,0,0,18,5,12,41.96074651,-87.75385527
9/6/2017 10:47,10,NO CONTROLS,CLEAR,DAYLIGHT,ALLEY,DRY,NO INJURY / DRIVE AWAY,,UNABLE TO DETERMINE,1949,W,DIVERSEY PKWY,,NO INDICATION OF INJURY,0,0,0,10,4,9,41.93218771,-87.67713615
04/24/2022 12:40:00 PM,35,NO CONTROLS,RAIN,DAYLIGHT,DIVIDED - W/MEDIAN (NOT RAISED),WET,INJURY AND / OR TOW DUE TO CRASH,,UNABLE TO DETERMINE,5910,S,ARCHER AVE,,NONINCAPACITATING INJURY,0,0,1,12,1,4,41.79567295,-87.76336224
06/24/2021 04:10:00 PM,30,TRAFFIC SIGNAL,RAIN,DAYLIGHT,NOT DIVIDED,WET,INJURY AND / OR TOW DUE TO CRASH,,UNABLE TO DETERMINE,3500,S,HALSTED ST,,NONINCAPACITATING INJURY,0,0,1,16,5,6,41.83069534,-87.64625092
11/2/2017 18:00,30,NO CONTROLS,RAIN,"DARKNESS, LIGHTED ROAD",NOT DIVIDED,WET,NO INJURY / DRIVE AWAY,,IMPROPER LANE USAGE,1213,N,WELLS ST,,NO INDICATION OF INJURY,0,0,0,18,5,11,41.90428063,-87.6343479
11/11/2022 14:00,30,UNKNOWN,CLEAR,DAYLIGHT,NOT DIVIDED,DRY,NO INJURY / DRIVE AWAY,,FAILING TO YIELD RIGHT-OF-WAY,1335,W,CORTLAND ST,,NO INDICATION OF INJURY,0,0,0,14,6,11,41.91696088,-87.66143125
10/14/2017 07:16:00 AM,30,NO CONTROLS,RAIN,DAWN,NOT DIVIDED,WET,INJURY AND / OR TOW DUE TO CRASH,Y,UNABLE TO DETERMINE,4901,W,ADDISON ST,,INCAPACITATING INJURY,0,1,0,7,7,10,41.94597978,-87.74976888
5/7/2019 7:45,30,STOP SIGN/FLASHER,RAIN,DAYLIGHT,UNKNOWN INTERSECTION TYPE,WET,NO INJURY / DRIVE AWAY,,"VISION OBSCURED (SIGNS, TREE LIMBS, BUILDINGS, ETC.)",860,N,MILWAUKEE AVE,,NO INDICATION OF INJURY,0,0,0,7,3,5,41.89751009,-87.65760212
1/4/2019 16:15,30,NO CONTROLS,CLEAR,DAYLIGHT,NOT DIVIDED,DRY,NO INJURY / DRIVE AWAY,,UNABLE TO DETERMINE,2100,S,STATE ST,,NO INDICATION OF INJURY,0,0,0,16,6,1,41.85417788,-87.62725836
06/14/2022 05:45:00 PM,30,TRAFFIC SIGNAL,CLEAR,DAYLIGHT,FOUR WAY,DRY,INJURY AND / OR TOW DUE TO CRASH,,UNABLE TO DETERMINE,200,W,FULLERTON DR,,NONINCAPACITATING INJURY,0,0,1,17,3,6,41.92584737,-87.6337729
08/13/2018 07:30:00 AM,30,TRAFFIC SIGNAL,CLEAR,DAYLIGHT,NOT DIVIDED,DRY,INJURY AND / OR TOW DUE TO CRASH,Y,UNABLE TO DETERMINE,2758,N,CICERO AVE,,NONINCAPACITATING INJURY,0,0,1,7,2,8,41.93148471,-87.74673983
9/12/2023 8:00,30,NO CONTROLS,CLEAR,DAYLIGHT,OTHER,DRY,NO INJURY / DRIVE AWAY,Y,FAILING TO YIELD RIGHT-OF-WAY,1,S,FRANKLIN ST,,NO INDICATION OF INJURY,0,0,0,8,3,9,41.88190275,-87.63516406
08/22/2018 12:25:00 PM,20,STOP SIGN/FLASHER,CLEAR,DAYLIGHT,NOT DIVIDED,DRY,NO INJURY / DRIVE AWAY,,FAILING TO YIELD RIGHT-OF-WAY,2435,W,WILSON AVE,,NO INDICATION OF INJURY,0,0,0,12,4,8,41.96473566,-87.69015593
09/14/2023 05:21:00 PM,30,NO CONTROLS,CLEAR,DAYLIGHT,NOT DIVIDED,DRY,INJURY AND / OR TOW DUE TO CRASH,,FAILING TO YIELD RIGHT-OF-WAY,920,W,LAWRENCE AVE,,NONINCAPACITATING INJURY,0,0,1,17,5,9,41.96921875,-87.65333829
10/16/2019 06:58:00 PM,35,NO CONTROLS,CLEAR,DUSK,DIVIDED - W/MEDIAN (NOT RAISED),DRY,INJURY AND / OR TOW DUE TO CRASH,,UNABLE TO DETERMINE,1467,N,MILWAUKEE AVE,Y,NONINCAPACITATING INJURY,0,0,1,18,4,10,41.90865391,-87.67454937
11/4/2020 8:08,30,TRAFFIC SIGNAL,CLEAR,DAYLIGHT,NOT DIVIDED,DRY,INJURY AND / OR TOW DUE TO CRASH,,FAILING TO YIELD RIGHT-OF-WAY,3000,N,SOUTHPORT AVE,,NONINCAPACITATING INJURY,0,0,1,8,4,11,41.93615607,-87.66383654
9/4/2015 15:30,30,NO CONTROLS,CLEAR,DAYLIGHT,NOT DIVIDED,DRY,NO INJURY / DRIVE AWAY,Y,FAILING TO YIELD RIGHT-OF-WAY,5600,S,CENTRAL AVE,,NO INDICATION OF INJURY,0,0,0,15,6,9,41.79080477,-87.76238346
07/21/2022 05:27:00 AM,30,TRAFFIC SIGNAL,CLEAR,DAYLIGHT,RAMP,DRY,INJURY AND / OR TOW DUE TO CRASH,,UNABLE TO DETERMINE,3821,S,PULASKI RD,,"REPORTED, NOT EVIDENT",0,0,0,5,5,7,41.82370192,-87.7239198
10/11/2019 17:10,20,NO CONTROLS,RAIN,DUSK,DIVIDED - W/MEDIAN BARRIER,WET,INJURY AND / OR TOW DUE TO CRASH,Y,FAILING TO REDUCE SPEED TO AVOID CRASH,901,S,PLYMOUTH CT,,"REPORTED, NOT EVIDENT",0,0,0,17,6,10,41.87050091,-87.6284461
6/10/2019 8:41,30,NO CONTROLS,CLEAR,DAYLIGHT,NOT DIVIDED,DRY,INJURY AND / OR TOW DUE TO CRASH,,NOT APPLICABLE,1547,N,CLYBOURN AVE,Y,NONINCAPACITATING INJURY,0,0,1,8,2,6,41.90963067,-87.64751924
10/24/2018 12:20:00 PM,15,NO CONTROLS,CLEAR,DAYLIGHT,PARKING LOT,DRY,NO INJURY / DRIVE AWAY,,FAILING TO YIELD RIGHT-OF-WAY,6816,W,GRAND AVE,,NO INDICATION OF INJURY,0,0,0,12,4,10,41.92370245,-87.7959321
04/26/2020 11:30:00 PM,30,UNKNOWN,CLEAR,"DARKNESS, LIGHTED ROAD",FOUR WAY,DRY,INJURY AND / OR TOW DUE TO CRASH,Y,UNABLE TO DETERMINE,2399,W,33RD ST,,NONINCAPACITATING INJURY,0,0,1,23,1,4,41.83382602,-87.68447829
08/20/2023 03:30:00 PM,20,TRAFFIC SIGNAL,CLEAR,DAYLIGHT,FOUR WAY,DRY,NO INJURY / DRIVE AWAY,,TURNING RIGHT ON RED,3600,N,LONG AVE,,NO INDICATION OF INJURY,0,0,0,15,1,8,41.94598375,-87.76198446
9/7/2020 16:21,30,NO CONTROLS,CLEAR,DAYLIGHT,T-INTERSECTION,DRY,INJURY AND / OR TOW DUE TO CRASH,,DRIVING SKILLS/KNOWLEDGE/EXPERIENCE,4057,N,LONG AVE,,"REPORTED, NOT EVIDENT",0,0,0,16,2,9,41.95496373,-87.7619854
02/22/2022 05:00:00 PM,30,NO CONTROLS,UNKNOWN,UNKNOWN,DIVIDED - W/MEDIAN (NOT RAISED),UNKNOWN,NO INJURY / DRIVE AWAY,,UNABLE TO DETERMINE,2259,W,WILSON AVE,Y,NO INDICATION OF INJURY,0,0,0,17,3,2,41.96479995,-87.68613025
07/28/2023 08:30:00 PM,30,OTHER REG. SIGN,CLOUDY/OVERCAST,"DARKNESS, LIGHTED ROAD",DIVIDED - W/MEDIAN (NOT RAISED),WET,INJURY AND / OR TOW DUE TO CRASH,,FAILING TO YIELD RIGHT-OF-WAY,5812,W,GRAND AVE,,NONINCAPACITATING INJURY,0,0,1,20,6,7,41.9198687,-87.77123526
03/30/2019 02:31:00 PM,30,NO CONTROLS,CLOUDY/OVERCAST,DAYLIGHT,ALLEY,UNKNOWN,INJURY AND / OR TOW DUE TO CRASH,Y,UNABLE TO DETERMINE,1737,W,TOUHY AVE,,NONINCAPACITATING INJURY,0,0,1,14,7,3,42.01254017,-87.67383968
03/13/2016 09:00:00 PM,30,NO CONTROLS,RAIN,"DARKNESS, LIGHTED ROAD",DIVIDED - W/MEDIAN (NOT RAISED),WET,INJURY AND / OR TOW DUE TO CRASH,,IMPROPER TURNING/NO SIGNAL,9500,S,OAKLEY AVE,,NONINCAPACITATING INJURY,0,0,1,21,1,3,41.72088159,-87.67977094
7/8/2018 14:50,30,TRAFFIC SIGNAL,CLEAR,DAYLIGHT,DIVIDED - W/MEDIAN (NOT RAISED),DRY,INJURY AND / OR TOW DUE TO CRASH,,IMPROPER LANE USAGE,3601,W,GRAND AVE,,NONINCAPACITATING INJURY,0,0,1,14,1,7,41.90216858,-87.7166763
05/13/2023 12:51:00 PM,10,NO CONTROLS,CLEAR,DAYLIGHT,DRIVEWAY,DRY,INJURY AND / OR TOW DUE TO CRASH,,UNABLE TO DETERMINE,642,W,DIVISION ST,,NONINCAPACITATING INJURY,0,0,1,12,7,5,41.90379737,-87.64497046
11/19/2021 06:59:00 PM,20,NO CONTROLS,CLEAR,"DARKNESS, LIGHTED ROAD",NOT DIVIDED,DRY,NO INJURY / DRIVE AWAY,,FAILING TO YIELD RIGHT-OF-WAY,5133,N,CLARK ST,Y,NO INDICATION OF INJURY,0,0,0,18,6,11,41.97533201,-87.66817526
3/9/2018 15:24,30,NO CONTROLS,CLEAR,DAYLIGHT,NOT DIVIDED,DRY,INJURY AND / OR TOW DUE TO CRASH,,UNABLE TO DETERMINE,1502,W,FULLERTON AVE,,NONINCAPACITATING INJURY,0,0,1,15,6,3,41.92529151,-87.66591051
11/15/2021 11:00:00 AM,30,TRAFFIC SIGNAL,CLEAR,DAYLIGHT,OTHER,DRY,NO INJURY / DRIVE AWAY,,DRIVING SKILLS/KNOWLEDGE/EXPERIENCE,800,W,MADISON ST,,NO INDICATION OF INJURY,0,0,0,11,2,11,41.88188706,-87.64739283
11/12/2022 10:10,30,NO CONTROLS,CLEAR,DAYLIGHT,NOT DIVIDED,DRY,INJURY AND / OR TOW DUE TO CRASH,,UNABLE TO DETERMINE,3946,N,SOUTHPORT AVE,,NONINCAPACITATING INJURY,0,0,1,10,7,11,41.95392233,-87.66435339
6/8/2019 15:20,30,NO CONTROLS,CLEAR,DAYLIGHT,NOT DIVIDED,DRY,INJURY AND / OR TOW DUE TO CRASH,,"VISION OBSCURED (SIGNS, TREE LIMBS, BUILDINGS, ETC.)",4814,N,DAMEN AVE,,NONINCAPACITATING INJURY,0,0,1,15,7,6,41.96923943,-87.67934602
8/4/2018 17:40,15,NO CONTROLS,CLEAR,DAYLIGHT,ALLEY,DRY,INJURY AND / OR TOW DUE TO CRASH,Y,NOT APPLICABLE,5850,W,DIVISION ST,,NONINCAPACITATING INJURY,0,0,1,17,7,8,41.90215057,-87.77254466
09/30/2018 07:25:00 AM,30,TRAFFIC SIGNAL,CLEAR,DAYLIGHT,DIVIDED - W/MEDIAN (NOT RAISED),DRY,INJURY AND / OR TOW DUE TO CRASH,Y,DISREGARDING TRAFFIC SIGNALS,1,N,GREEN ST,,NONINCAPACITATING INJURY,0,0,1,7,1,9,41.88183238,-87.64838589
04/27/2017 04:00:00 PM,25,NO CONTROLS,CLEAR,DAYLIGHT,NOT DIVIDED,DRY,NO INJURY / DRIVE AWAY,,NOT APPLICABLE,1115,S,HAMILTON AVE,Y,NO INDICATION OF INJURY,0,0,0,16,5,4,41.86744324,-87.68014731