CRASH_DATE,POSTED_SPEED_LIMIT,TRAFFIC_CONTROL_DEVICE,WEATHER_CONDITION,LIGHTING_CONDITION,TRAFFICWAY_TYPE,ROADWAY_SURFACE_COND,CRASH_TYPE,HIT_AND_RUN_I,PRIM_CONTRIBUTORY_CAUSE,STREET_NO,STREET_DIRECTION,STREET_NAME,DOORING_I,MOST_SEVERE_INJURY,INJURIES_FATAL,INJURIES_INCAPACITATING,INJURIES_NON_INCAPACITATING,CRASH_HOUR,CRASH_DAY_OF_WEEK,CRASH_MONTH,LATITUDE,LONGITUDE
9/12/2017 13:51,30,STOP SIGN/FLASHER,CLEAR,DAYLIGHT,DIVIDED - W/MEDIAN (NOT RAISED),DRY,INJURY AND / OR TOW DUE TO CRASH,Y,UNABLE TO DETERMINE,129,S,CENTRAL AVE,,NONINCAPACITATING INJURY,0,0,1,13,3,9,41.87839247,-87.76465002
07/14/2021 08:10:00 PM,30,NO CONTROLS,CLEAR,"DARKNESS, LIGHTED ROAD",NOT DIVIDED,DRY,NO INJURY / DRIVE AWAY,,DRIVING SKILLS/KNOWLEDGE/EXPERIENCE,225,W,EVERGREEN AVE,,NO INDICATION OF INJURY,0,0,0,20,4,7,41.90657253,-87.6355136
06/30/2023 08:40:00 PM,30,TRAFFIC SIGNAL,CLEAR,DAWN,NOT DIVIDED,DRY,NO INJURY / DRIVE AWAY,Y,UNABLE TO DETERMINE,2023,S,WENTWORTH AVE,,NO INDICATION OF INJURY,0,0,0,20,6,6,41.85445306,-87.63167608
10/30/2021 03:50:00 PM,30,TRAFFIC SIGNAL,CLEAR,DAYLIGHT,FOUR WAY,DRY,NO INJURY / DRIVE AWAY,,NOT APPLICABLE,2399,W,87TH ST,,NO INDICATION OF INJURY,0,0,0,15,7,10,41.73541894,-87.68240082
09/16/2019 10:00:00 AM,30,NO CONTROLS,CLEAR,DAYLIGHT,NOT DIVIDED,DRY,INJURY AND / OR TOW DUE TO CRASH,Y,NOT APPLICABLE,3900,W,71ST ST,,NONINCAPACITATING INJURY,0,0,1,10,2,9,41.76423659,-87.72000987
08/13/2019 07:42:00 PM,30,NO CONTROLS,CLEAR,DUSK,NOT DIVIDED,WET,INJURY AND / OR TOW DUE TO CRASH,,NOT APPLICABLE,3099,N,NARRAGANSETT AVE,,NONINCAPACITATING INJURY,0,0,1,19,3,8,41.93644867,-87.78572333
11/21/2019 09:50:00 PM,30,TRAFFIC SIGNAL,CLEAR,"DARKNESS, LIGHTED ROAD",DIVIDED - W/MEDIAN BARRIER,DRY,NO INJURY / DRIVE AWAY,Y,FOLLOWING TOO CLOSELY,3450,S,DR MARTIN LUTHER KING JR DR,,NO INDICATION OF INJURY,0,0,0,21,5,11,41.83139015,-87.61746156
08/20/2019 05:42:00 PM,30,NO CONTROLS,CLEAR,DAYLIGHT,NOT DIVIDED,UNKNOWN,INJURY AND / OR TOW DUE TO CRASH,,UNABLE TO DETERMINE,27,N,MORGAN ST,,NONINCAPACITATING INJURY,0,0,1,17,3,8,41.88256794,-87.65190892
9/5/2023 17:07,30,NO CONTROLS,CLEAR,DAYLIGHT,NOT DIVIDED,DRY,INJURY AND / OR TOW DUE TO CRASH,Y,UNABLE TO DETERMINE,3098,W,CHICAGO AVE,,"REPORTED, NOT EVIDENT",0,0,0,17,3,9,41.89569008,-87.70404903
05/27/2022 10:23:00 PM,30,STOP SIGN/FLASHER,CLEAR,"DARKNESS, LIGHTED ROAD",DIVIDED - W/MEDIAN (NOT RAISED),DRY,INJURY AND / OR TOW DUE TO CRASH,Y,FAILING TO YIELD RIGHT-OF-WAY,8300,S,COTTAGE GROVE AVE,,INCAPACITATING INJURY,0,1,0,22,6,5,41.74387382,-87.60517616
4/2/2019 17:10,30,TRAFFIC SIGNAL,CLEAR,DAYLIGHT,CENTER TURN LANE,DRY,INJURY AND / OR TOW DUE TO CRASH,,UNABLE TO DETERMINE,630,W,TAYLOR ST,,NONINCAPACITATING INJURY,0,0,1,17,3,4,41.86980931,-87.64351464
10/9/2020 13:30,30,NO CONTROLS,CLEAR,DAYLIGHT,NOT DIVIDED,DRY,NO INJURY / DRIVE AWAY,,IMPROPER TURNING/NO SIGNAL,712,W,FULTON MARKET,,NO INDICATION OF INJURY,0,0,0,13,6,10,41.88691037,-87.64641088
11/23/2016 06:00:00 PM,30,NO CONTROLS,RAIN,"DARKNESS, LIGHTED ROAD",DIVIDED - W/MEDIAN (NOT RAISED),WET,NO INJURY / DRIVE AWAY,,UNABLE TO DETERMINE,1773,W,PETERSON AVE,Y,NO INDICATION OF INJURY,0,0,0,18,4,11,41.99065714,-87.67446464
11/22/2017 06:45:00 PM,30,YIELD,CLEAR,"DARKNESS, LIGHTED ROAD",NOT DIVIDED,DRY,NO INJURY / DRIVE AWAY,,FAILING TO YIELD RIGHT-OF-WAY,6358,W,MONTROSE AVE,,NO INDICATION OF INJURY,0,0,0,18,4,11,41.96032756,-87.7867467
09/24/2020 07:02:00 PM,30,NO CONTROLS,CLEAR,"DARKNESS, LIGHTED ROAD",NOT DIVIDED,DRY,INJURY AND / OR TOW DUE TO CRASH,Y,IMPROPER TURNING/NO SIGNAL,748,W,61ST ST,,NONINCAPACITATING INJURY,0,0,1,19,5,9,41.78350298,-87.64438638
04/23/2022 12:50:00 PM,30,NO CONTROLS,CLEAR,DAYLIGHT,NOT DIVIDED,DRY,INJURY AND / OR TOW DUE TO CRASH,,UNABLE TO DETERMINE,1443,W,MONTROSE AVE,Y,NONINCAPACITATING INJURY,0,0,1,12,7,4,41.96151641,-87.66664758
03/28/2018 09:00:00 AM,30,TRAFFIC SIGNAL,CLEAR,DAYLIGHT,NOT DIVIDED,DRY,INJURY AND / OR TOW DUE TO CRASH,,FAILING TO YIELD RIGHT-OF-WAY,151,N,FRANKLIN ST,,"REPORTED, NOT EVIDENT",0,0,0,9,4,3,41.88449949,-87.63523358
7/10/2019 13:00,30,NO CONTROLS,CLEAR,DAYLIGHT,ONE-WAY,DRY,NO INJURY / DRIVE AWAY,,DRIVING ON WRONG SIDE/WRONG WAY,1900,W,JACKSON BLVD,,NO INDICATION OF INJURY,0,0,0,13,4,7,41.87761166,-87.67422787
09/28/2019 12:45:00 PM,30,NO CONTROLS,CLEAR,DAYLIGHT,DIVIDED - W/MEDIAN (NOT RAISED),DRY,NO INJURY / DRIVE AWAY,,FAILING TO YIELD RIGHT-OF-WAY,1234,N,HALSTED ST,,NO INDICATION OF INJURY,0,0,0,12,7,9,41.90450211,-87.64826687
07/19/2020 04:59:00 PM,30,NO CONTROLS,CLEAR,DAYLIGHT,NOT DIVIDED,DRY,INJURY AND / OR TOW DUE TO CRASH,,UNABLE TO DETERMINE,1110,N,LAKE SHORE DR,,NONINCAPACITATING INJURY,0,0,1,16,1,7,41.90281543,-87.62477194
03/13/2020 03:48:00 PM,30,TRAFFIC SIGNAL,CLEAR,DAYLIGHT,NOT DIVIDED,DRY,NO INJURY / DRIVE AWAY,,UNABLE TO DETERMINE,2258,W,CHICAGO AVE,,NO INDICATION OF INJURY,0,0,0,15,6,3,41.89589708,-87.68427765
5/9/2019 11:11,30,STOP SIGN/FLASHER,CLEAR,DAYLIGHT,NOT DIVIDED,WET,NO INJURY / DRIVE AWAY,,FAILING TO YIELD RIGHT-OF-WAY,731,N,FRANKLIN ST,,NO INDICATION OF INJURY,0,0,0,11,5,5,41.89562133,-87.63553118
08/23/2023 12:18:00 PM,30,NO CONTROLS,CLEAR,DAYLIGHT,NOT DIVIDED,DRY,INJURY AND / OR TOW DUE TO CRASH,,FAILING TO YIELD RIGHT-OF-WAY,2246,W,CHICAGO AVE,Y,NONINCAPACITATING INJURY,0,0,1,12,4,8,41.89590485,-87.6838218
5/1/2020 20:30,30,TRAFFIC SIGNAL,CLEAR,"DARKNESS, LIGHTED ROAD",FOUR WAY,DRY,NO INJURY / DRIVE AWAY,,DISREGARDING OTHER TRAFFIC SIGNS,5100,S,ASHLAND AVE,,NO INDICATION OF INJURY,0,0,0,20,6,5,41.80122506,-87.66492096
08/26/2021 07:30:00 PM,30,TRAFFIC SIGNAL,CLEAR,DAYLIGHT,ONE-WAY,DRY,INJURY AND / OR TOW DUE TO CRASH,Y,FAILING TO YIELD RIGHT-OF-WAY,2425,N,KEDZIE BLVD,,NONINCAPACITATING INJURY,0,0,1,19,5,8,41.92565001,-87.70709794
5/7/2022 18:50,30,TRAFFIC SIGNAL,CLEAR,DAWN,NOT DIVIDED,DRY,NO INJURY / DRIVE AWAY,,UNABLE TO DETERMINE,1756,W,CHICAGO AVE,,NO INDICATION OF INJURY,0,0,0,18,7,5,41.89610573,-87.67194771
06/18/2021 10:35:00 PM,30,TRAFFIC SIGNAL,CLEAR,"DARKNESS, LIGHTED ROAD",FOUR WAY,DRY,INJURY AND / OR TOW DUE TO CRASH,,FAILING TO YIELD RIGHT-OF-WAY,99,S,STATE ST,,"REPORTED, NOT EVIDENT",0,0,0,22,6,6,41.88080328,-87.62757704
9/11/2017 9:07,25,STOP SIGN/FLASHER,CLEAR,DAYLIGHT,NOT DIVIDED,DRY,NO INJURY / DRIVE AWAY,,UNABLE TO DETERMINE,1201,W,WRIGHTWOOD AVE,,NO INDICATION OF INJURY,0,0,0,9,2,9,41.92881255,-87.65863543
7/11/2023 11:51,30,TRAFFIC SIGNAL,CLOUDY/OVERCAST,DAYLIGHT,NOT DIVIDED,DRY,INJURY AND / OR TOW DUE TO CRASH,Y,UNABLE TO DETERMINE,2798,N,LINCOLN AVE,,NONINCAPACITATING INJURY,0,0,1,11,3,7,41.93238741,-87.65868559
04/26/2022 08:50:00 AM,30,TRAFFIC SIGNAL,CLEAR,DAYLIGHT,NOT DIVIDED,DRY,NO INJURY / DRIVE AWAY,,"VISION OBSCURED (SIGNS, TREE LIMBS, BUILDINGS, ETC.)",3409,W,FULLERTON AVE,,NO INDICATION OF INJURY,0,0,0,8,3,4,41.92454707,-87.7124792
7/7/2020 11:25,30,NO CONTROLS,CLEAR,DAYLIGHT,NOT DIVIDED,DRY,INJURY AND / OR TOW DUE TO CRASH,,NOT APPLICABLE,1444,N,SEDGWICK ST,,"REPORTED, NOT EVIDENT",0,0,0,11,3,7,41.90888374,-87.63866996
11/6/2017 21:33,30,NO CONTROLS,CLEAR,"DARKNESS, LIGHTED ROAD",ALLEY,DRY,NO INJURY / DRIVE AWAY,,"VISION OBSCURED (SIGNS, TREE LIMBS, BUILDINGS, ETC.)",4425,S,WESTERN BLVD,,NO INDICATION OF INJURY,0,0,0,21,2,11,41.81318884,-87.68385438
6/3/2016 20:45,30,TRAFFIC SIGNAL,CLEAR,DUSK,NOT DIVIDED,UNKNOWN,INJURY AND / OR TOW DUE TO CRASH,,IMPROPER TURNING/NO SIGNAL,732,S,STATE ST,,"REPORTED, NOT EVIDENT",0,0,0,20,6,6,41.8722754,-87.62768648
07/22/2019 08:48:00 PM,35,TRAFFIC SIGNAL,CLEAR,"DARKNESS, LIGHTED ROAD",NOT DIVIDED,DRY,INJURY AND / OR TOW DUE TO CRASH,,DISREGARDING TRAFFIC SIGNALS,3955,W,FIFTH AVE,,NONINCAPACITATING INJURY,0,0,1,20,2,7,41.87297318,-87.72506825
5/4/2020 14:35,30,STOP SIGN/FLASHER,CLEAR,DAYLIGHT,ONE-WAY,DRY,NO INJURY / DRIVE AWAY,Y,DISREGARDING STOP SIGN,4900,W,MEDILL AVE,,NO INDICATION OF INJURY,0,0,0,14,2,5,41.92341385,-87.74885006
9/2/2017 11:45,30,NO CONTROLS,CLEAR,DAYLIGHT,NOT DIVIDED,DRY,INJURY AND / OR TOW DUE TO CRASH,,FAILING TO YIELD RIGHT-OF-WAY,1550,W,IRVING PARK RD,,NONINCAPACITATING INJURY,0,0,1,11,7,9,41.95440107,-87.66897489
11/29/2020 05:28:00 PM,30,NO CONTROLS,CLEAR,"DARKNESS, LIGHTED ROAD",NOT DIVIDED,DRY,INJURY AND / OR TOW DUE TO CRASH,Y,UNABLE TO DETERMINE,2020,W,DEVON AVE,,"REPORTED, NOT EVIDENT",0,0,0,17,1,11,41.99798984,-87.68104502
03/23/2019 06:25:00 PM,30,NO CONTROLS,CLEAR,DUSK,NOT DIVIDED,DRY,INJURY AND / OR TOW DUE TO CRASH,,FAILING TO YIELD RIGHT-OF-WAY,2700,N,LARAMIE AVE,,NONINCAPACITATING INJURY,0,0,1,18,7,3,41.92963043,-87.75650017
7/3/2018 14:45,30,TRAFFIC SIGNAL,CLEAR,DAYLIGHT,NOT DIVIDED,DRY,NO INJURY / DRIVE AWAY,,UNABLE TO DETERMINE,40,W,CHICAGO AVE,,NO INDICATION OF INJURY,0,0,0,14,3,7,41.89676634,-87.62969854
08/15/2018 05:15:00 PM,30,STOP SIGN/FLASHER,CLEAR,DAYLIGHT,ONE-WAY,DRY,INJURY AND / OR TOW DUE TO CRASH,Y,FAILING TO REDUCE SPEED TO AVOID CRASH,2401,S,TROY ST,,NONINCAPACITATING INJURY,0,0,1,17,4,8,41.84806863,-87.70376699
9/3/2018 12:45,30,STOP SIGN/FLASHER,CLEAR,DAYLIGHT,NOT DIVIDED,DRY,INJURY AND / OR TOW DUE TO CRASH,,DISREGARDING STOP SIGN,550,E,WALDRON DR,,NONINCAPACITATING INJURY,0,0,1,12,2,9,41.86051038,-87.6128731
06/21/2019 05:57:00 PM,30,NO CONTROLS,CLEAR,DAYLIGHT,NOT DIVIDED,DRY,NO INJURY / DRIVE AWAY,,IMPROPER LANE USAGE,1347,N,WELLS ST,Y,NO INDICATION OF INJURY,0,0,0,17,6,6,41.90712719,-87.6344422
08/26/2021 07:53:00 AM,30,NO CONTROLS,CLEAR,DAYLIGHT,DIVIDED - W/MEDIAN BARRIER,DRY,INJURY AND / OR TOW DUE TO CRASH,Y,UNABLE TO DETERMINE,2438,N,ASHLAND AVE,,NONINCAPACITATING INJURY,0,0,1,7,5,8,41.92637102,-87.66833481
12/17/2017 12:00:00 AM,30,TRAFFIC SIGNAL,CLEAR,"DARKNESS, LIGHTED ROAD",OTHER,WET,INJURY AND / OR TOW DUE TO CRASH,,FAILING TO YIELD RIGHT-OF-WAY,1740,N,HALSTED ST,,NONINCAPACITATING INJURY,0,0,1,0,1,12,41.91377314,-87.64850695
01/14/2022 06:30:00 PM,35,NO CONTROLS,SNOW,"DARKNESS, LIGHTED ROAD",NOT DIVIDED,WET,NO INJURY / DRIVE AWAY,,UNABLE TO DETERMINE,50,E,CONGRESS PKWY,,NO INDICATION OF INJURY,0,0,0,18,6,1,41.8758026,-87.62573441
07/26/2023 12:53:00 PM,30,TRAFFIC SIGNAL,CLOUDY/OVERCAST,DAYLIGHT,T-INTERSECTION,WET,INJURY AND / OR TOW DUE TO CRASH,,UNABLE TO DETERMINE,4800,W,DIVERSEY AVE,,NONINCAPACITATING INJURY,0,0,1,12,4,7,41.93164142,-87.74671991
5/6/2023 21:19,35,NO CONTROLS,RAIN,"DARKNESS, LIGHTED ROAD",NOT DIVIDED,WET,INJURY AND / OR TOW DUE TO CRASH,Y,WEATHER,1356,W,47TH ST,,NONINCAPACITATING INJURY,0,0,1,21,7,5,41.80878025,-87.65995686
05/17/2021 06:18:00 PM,30,NO CONTROLS,CLEAR,DAYLIGHT,NOT DIVIDED,DRY,NO INJURY / DRIVE AWAY,,NOT APPLICABLE,5547,N,RAVENSWOOD AVE,Y,NO INDICATION OF INJURY,0,0,0,18,2,5,41.98295401,-87.67445186
11/27/2017 05:35:00 PM,30,NO CONTROLS,CLEAR,"DARKNESS, LIGHTED ROAD",NOT DIVIDED,DRY,INJURY AND / OR TOW DUE TO CRASH,,"OPERATING VEHICLE IN ERRATIC, RECKLESS, CARELESS, NEGLIGENT OR AGGRESSIVE MANNER",700,W,GRAND AVE,,NONINCAPACITATING INJURY,0,0,1,17,2,11,41.89131647,-87.64592671
05/14/2022 07:00:00 PM,30,TRAFFIC SIGNAL,CLEAR,DAYLIGHT,NOT DIVIDED,DRY,NO INJURY / DRIVE AWAY,Y,UNABLE TO DETERMINE,3159,N,LARAMIE AVE,,NO INDICATION OF INJURY,0,0,0,19,7,5,41.93865778,-87.75654087
09/17/2019 07:45:00 AM,25,STOP SIGN/FLASHER,CLEAR,DAYLIGHT,FOUR WAY,DRY,INJURY AND / OR TOW DUE TO CRASH,,FAILING TO YIELD RIGHT-OF-WAY,800,W,HUBBARD ST,,INCAPACITATING INJURY,0,1,0,7,3,9,41.89019488,-87.6476687
05/29/2021 04:00:00 PM,30,NO CONTROLS,CLEAR,DAYLIGHT,NOT DIVIDED,DRY,INJURY AND / OR TOW DUE TO CRASH,Y,UNABLE TO DETERMINE,2758,N,CICERO AVE,,NONINCAPACITATING INJURY,0,0,1,16,7,5,41.93148471,-87.74673983
07/13/2022 08:21:00 AM,30,NO CONTROLS,CLEAR,DAYLIGHT,NOT DIVIDED,DRY,INJURY AND / OR TOW DUE TO CRASH,,NOT APPLICABLE,1426,N,MILWAUKEE AVE,Y,NONINCAPACITATING INJURY,0,0,1,8,4,7,41.90779831,-87.67365884
07/30/2021 09:51:00 AM,25,NO CONTROLS,CLEAR,DAYLIGHT,NOT DIVIDED,DRY,NO INJURY / DRIVE AWAY,,NOT APPLICABLE,2849,W,MONTROSE AVE,Y,NO INDICATION OF INJURY,0,0,0,9,6,7,41.96112678,-87.700455
06/15/2019 11:37:00 PM,30,NO CONTROLS,CLEAR,"DARKNESS, LIGHTED ROAD",OTHER,WET,INJURY AND / OR TOW DUE TO CRASH,,NOT APPLICABLE,1559,N,MILWAUKEE AVE,Y,NONINCAPACITATING INJURY,0,0,1,23,7,6,41.90992611,-87.67653436
07/21/2023 01:50:00 PM,30,TRAFFIC SIGNAL,CLEAR,DAYLIGHT,NOT DIVIDED,DRY,INJURY AND / OR TOW DUE TO CRASH,,FAILING TO YIELD RIGHT-OF-WAY,1232,W,MONTROSE AVE,,"REPORTED, NOT EVIDENT",0,0,0,13,6,7,41.96180968,-87.66090511
9/9/2018 19:18,30,NO CONTROLS,CLEAR,"DARKNESS, LIGHTED ROAD",NOT DIVIDED,DRY,INJURY AND / OR TOW DUE TO CRASH,,UNABLE TO DETERMINE,1400,W,MONTROSE AVE,Y,NONINCAPACITATING INJURY,0,0,1,19,1,9,41.96175635,-87.66498865
7/5/2019 19:24,30,TRAFFIC SIGNAL,CLEAR,DUSK,NOT DIVIDED,DRY,INJURY AND / OR TOW DUE TO CRASH,,UNABLE TO DETERMINE,500,N,MC CLURG CT,Y,NONINCAPACITATING INJURY,0,0,1,19,6,7,41.89108825,-87.61781709
11/28/2016 04:30:00 PM,30,NO CONTROLS,RAIN,DUSK,ONE-WAY,WET,NO INJURY / DRIVE AWAY,,UNABLE TO DETERMINE,4000,W,GLADYS AVE,,NO INDICATION OF INJURY,0,0,0,16,2,11,41.87628674,-87.7256402
08/18/2023 05:50:00 PM,30,NO CONTROLS,CLEAR,DAYLIGHT,NOT DIVIDED,DRY,INJURY AND / OR TOW DUE TO CRASH,,UNABLE TO DETERMINE,1337,W,FULLERTON AVE,Y,INCAPACITATING INJURY,0,1,0,17,6,8,41.92512769,-87.66204067
11/19/2022 08:00:00 AM,25,STOP SIGN/FLASHER,CLEAR,DAYLIGHT,DIVIDED - W/MEDIAN (NOT RAISED),DRY,INJURY AND / OR TOW DUE TO CRASH,Y,FAILING TO YIELD RIGHT-OF-WAY,4329,W,LAWRENCE AVE,,NONINCAPACITATING INJURY,0,0,1,8,7,11,41.96803778,-87.73660147
08/22/2019 11:35:00 AM,30,TRAFFIC SIGNAL,CLEAR,DAYLIGHT,DIVIDED - W/MEDIAN (NOT RAISED),DRY,INJURY AND / OR TOW DUE TO CRASH,,EQUIPMENT - VEHICLE CONDITION,3900,S,DR MARTIN LUTHER KING JR DR,N,"REPORTED, NOT EVIDENT",0,0,0,11,5,8,41.82377275,-87.61714202
07/14/2017 02:15:00 PM,35,NO CONTROLS,CLEAR,DAYLIGHT,NOT DIVIDED,DRY,NO INJURY / DRIVE AWAY,,UNABLE TO DETERMINE,445,N,HALSTED ST,,NO INDICATION OF INJURY,0,0,0,14,6,7,41.89028378,-87.64745839
09/25/2017 08:40:00 AM,35,NO CONTROLS,CLEAR,DARKNESS,DIVIDED - W/MEDIAN BARRIER,DRY,INJURY AND / OR TOW DUE TO CRASH,,FAILING TO YIELD RIGHT-OF-WAY,327,W,87TH ST,,NONINCAPACITATING INJURY,0,0,1,8,2,9,41.73586333,-87.63267763
08/20/2017 09:26:00 PM,30,NO CONTROLS,CLEAR,"DARKNESS, LIGHTED ROAD",NOT DIVIDED,UNKNOWN,NO INJURY / DRIVE AWAY,Y,UNABLE TO DETERMINE,3832,W,DIVERSEY AVE,,NO INDICATION OF INJURY,0,0,0,21,1,8,41.93194601,-87.72344452
09/24/2022 08:50:00 PM,30,TRAFFIC SIGNAL,CLEAR,"DARKNESS, LIGHTED ROAD",FOUR WAY,DRY,INJURY AND / OR TOW DUE TO CRASH,,IMPROPER TURNING/NO SIGNAL,6757,N,SHERIDAN RD,,INCAPACITATING INJURY,0,1,0,20,7,9,42.00520253,-87.6607332
07/23/2021 01:00:00 PM,30,UNKNOWN,UNKNOWN,DAYLIGHT,T-INTERSECTION,UNKNOWN,INJURY AND / OR TOW DUE TO CRASH,Y,FOLLOWING TOO CLOSELY,49,S,WESTERN AVE,,"REPORTED, NOT EVIDENT",0,0,0,13,6,7,41.87985888,-87.68625207
07/19/2019 08:50:00 PM,30,TRAFFIC SIGNAL,CLEAR,"DARKNESS, LIGHTED ROAD",NOT DIVIDED,DRY,INJURY AND / OR TOW DUE TO CRASH,N,NOT APPLICABLE,1751,E,75TH ST,,NONINCAPACITATING INJURY,0,0,1,20,6,7,41.75870609,-87.58143892
8/9/2018 18:18,30,NO CONTROLS,CLEAR,DAYLIGHT,ONE-WAY,DRY,INJURY AND / OR TOW DUE TO CRASH,,FAILING TO YIELD RIGHT-OF-WAY,3959,N,SPAULDING AVE,,"REPORTED, NOT EVIDENT",0,0,0,18,5,8,41.95380316,-87.7103157
09/26/2018 11:31:00 AM,30,STOP SIGN/FLASHER,CLEAR,DAYLIGHT,PARKING LOT,DRY,INJURY AND / OR TOW DUE TO CRASH,,UNABLE TO DETERMINE,7400,S,STONY ISLAND AVE,N,INCAPACITATING INJURY,0,1,0,11,4,9,41.76054115,-87.58633028
5/11/2022 12:58,25,STOP SIGN/FLASHER,CLEAR,DAYLIGHT,NOT DIVIDED,DRY,INJURY AND / OR TOW DUE TO CRASH,Y,FAILING TO YIELD RIGHT-OF-WAY,6159,W,SUNNYSIDE AVE,,NONINCAPACITATING INJURY,0,0,1,12,4,5,41.96196756,-87.78190523
8/8/2021 18:00,30,STOP SIGN/FLASHER,CLEAR,DAYLIGHT,ONE-WAY,DRY,INJURY AND / OR TOW DUE TO CRASH,,DISREGARDING STOP SIGN,5025,N,WOLCOTT AVE,,NONINCAPACITATING INJURY,0,0,1,18,1,8,41.97327578,-87.67617358
10/19/2021 09:47:00 AM,30,NO CONTROLS,CLEAR,DAYLIGHT,NOT DIVIDED,DRY,NO INJURY / DRIVE AWAY,,IMPROPER TURNING/NO SIGNAL,1629,W,DIVISION ST,,NO INDICATION OF INJURY,0,0,0,9,3,10,41.90321837,-87.6686556
05/26/2021 03:00:00 PM,30,TRAFFIC SIGNAL,CLEAR,DAYLIGHT,DIVIDED - W/MEDIAN (NOT RAISED),DRY,INJURY AND / OR TOW DUE TO CRASH,,FAILING TO REDUCE SPEED TO AVOID CRASH,5401,W,BELMONT AVE,,NONINCAPACITATING INJURY,0,0,1,15,4,5,41.93852705,-87.76165481
7/11/2023 13:00,30,TRAFFIC SIGNAL,UNKNOWN,DAYLIGHT,NOT DIVIDED,UNKNOWN,INJURY AND / OR TOW DUE TO CRASH,,UNABLE TO DETERMINE,6600,W,FULLERTON AVE,,"REPORTED, NOT EVIDENT",0,0,0,13,3,7,41.92374571,-87.79044846
09/28/2019 07:45:00 PM,20,NO CONTROLS,CLEAR,"DARKNESS, LIGHTED ROAD",T-INTERSECTION,DRY,INJURY AND / OR TOW DUE TO CRASH,,UNABLE TO DETERMINE,1432,E,73RD ST,,NONINCAPACITATING INJURY,0,0,1,19,7,9,41.76249386,-87.58954434
07/25/2021 08:00:00 PM,30,NO CONTROLS,CLEAR,"DARKNESS, LIGHTED ROAD",NOT DIVIDED,DRY,INJURY AND / OR TOW DUE TO CRASH,Y,"OPERATING VEHICLE IN ERRATIC, RECKLESS, CARELESS, NEGLIGENT OR AGGRESSIVE MANNER",3610,W,NORTH AVE,,NONINCAPACITATING INJURY,0,0,1,20,1,7,41.91009902,-87.71709762
10/2/2023 9:05,30,TRAFFIC SIGNAL,CLEAR,DAYLIGHT,NOT DIVIDED,DRY,INJURY AND / OR TOW DUE TO CRASH,,UNABLE TO DETERMINE,800,S,CENTRAL PARK AVE,,NONINCAPACITATING INJURY,0,0,1,9,2,10,41.87079198,-87.71570437
08/21/2020 05:35:00 PM,30,TRAFFIC SIGNAL,CLEAR,DAYLIGHT,T-INTERSECTION,DRY,INJURY AND / OR TOW DUE TO CRASH,,"VISION OBSCURED (SIGNS, TREE LIMBS, BUILDINGS, ETC.)",4032,W,FOSTER AVE,,"REPORTED, NOT EVIDENT",0,0,0,17,6,8,41.97562783,-87.72948525
12/3/2017 17:30,30,NO CONTROLS,CLEAR,DAYLIGHT,NOT DIVIDED,DRY,NO INJURY / DRIVE AWAY,,UNABLE TO DETERMINE,452,N,DAMEN AVE,,NO INDICATION OF INJURY,0,0,0,17,1,12,41.89023779,-87.67703892
09/29/2019 04:30:00 PM,30,TRAFFIC SIGNAL,CLOUDY/OVERCAST,DAYLIGHT,DIVIDED - W/MEDIAN (NOT RAISED),WET,NO INJURY / DRIVE AWAY,,DISTRACTION - FROM OUTSIDE VEHICLE,6001,N,CLARK ST,,NO INDICATION OF INJURY,0,0,0,16,1,9,41.99084572,-87.66987878
10/10/2017 7:50,30,LANE USE MARKING,CLEAR,DAYLIGHT,NOT DIVIDED,DRY,INJURY AND / OR TOW DUE TO CRASH,,FAILING TO YIELD RIGHT-OF-WAY,832,W,OHIO ST,,NONINCAPACITATING INJURY,0,0,1,7,3,10,41.89233948,-87.64910011
4/7/2023 8:40,30,TRAFFIC SIGNAL,CLEAR,DAYLIGHT,FOUR WAY,DRY,INJURY AND / OR TOW DUE TO CRASH,,FAILING TO YIELD RIGHT-OF-WAY,4402,W,IRVING PARK RD,,"REPORTED, NOT EVIDENT",0,0,0,8,6,4,41.9536363,-87.73821301
09/22/2018 02:03:00 PM,30,NO CONTROLS,CLEAR,DAYLIGHT,NOT DIVIDED,DRY,NO INJURY / DRIVE AWAY,,IMPROPER LANE USAGE,1600,S,MICHIGAN AVE,,NO INDICATION OF INJURY,0,0,0,14,7,9,41.8601681,-87.62413318
08/28/2019 11:20:00 AM,30,NO CONTROLS,CLEAR,DAYLIGHT,NOT DIVIDED,DRY,INJURY AND / OR TOW DUE TO CRASH,,FAILING TO YIELD RIGHT-OF-WAY,1699,W,GRAND AVE,,INCAPACITATING INJURY,0,1,0,11,4,8,41.89083456,-87.66951501
6/2/2018 12:15,30,NO CONTROLS,CLEAR,DAYLIGHT,ONE-WAY,DRY,INJURY AND / OR TOW DUE TO CRASH,,FAILING TO YIELD RIGHT-OF-WAY,1324,W,57TH ST,,NONINCAPACITATING INJURY,0,0,1,12,7,6,41.7905846,-87.65836474
6/10/2018 2:00,30,NO CONTROLS,UNKNOWN,"DARKNESS, LIGHTED ROAD",DIVIDED - W/MEDIAN (NOT RAISED),UNKNOWN,NO INJURY / DRIVE AWAY,,UNABLE TO DETERMINE,2068,W,TOUHY AVE,,NO INDICATION OF INJURY,0,0,0,2,1,6,42.01260883,-87.68256501