CRASH_DATE,POSTED_SPEED_LIMIT,TRAFFIC_CONTROL_DEVICE,WEATHER_CONDITION,LIGHTING_CONDITION,TRAFFICWAY_TYPE,ROADWAY_SURFACE_COND,CRASH_TYPE,HIT_AND_RUN_I,PRIM_CONTRIBUTORY_CAUSE,STREET_NO,STREET_DIRECTION,STREET_NAME,DOORING_I,MOST_SEVERE_INJURY,INJURIES_FATAL,INJURIES_INCAPACITATING,INJURIES_NON_INCAPACITATING,CRASH_HOUR,CRASH_DAY_OF_WEEK,CRASH_MONTH,LATITUDE,LONGITUDE
3/7/2023 10:00,30,NO CONTROLS,CLEAR,DAYLIGHT,NOT DIVIDED,DRY,INJURY AND / OR TOW DUE TO CRASH,Y,UNABLE TO DETERMINE,5426,S,KOSTNER AVE,,NONINCAPACITATING INJURY,0,0,1,10,3,3,41.7941174,-87.73313969
7/4/2021 16:30,0,NO CONTROLS,CLEAR,DAYLIGHT,ONE-WAY,DRY,INJURY AND / OR TOW DUE TO CRASH,Y,UNABLE TO DETERMINE,2520,W,70TH ST,Y,NONINCAPACITATING INJURY,0,0,1,16,1,7,41.76657214,-87.68671958
9/10/2022 16:55,30,TRAFFIC SIGNAL,CLEAR,DAYLIGHT,NOT DIVIDED,DRY,INJURY AND / OR TOW DUE TO CRASH,Y,"OPERATING VEHICLE IN ERRATIC, RECKLESS, CARELESS, NEGLIGENT OR AGGRESSIVE MANNER",2200,S,HALSTED ST,,NONINCAPACITATING INJURY,0,0,1,16,7,9,41.85249445,-87.64663824
09/18/2019 05:16:00 PM,30,STOP SIGN/FLASHER,CLEAR,DAYLIGHT,NOT DIVIDED,DRY,INJURY AND / OR TOW DUE TO CRASH,Y,UNABLE TO DETERMINE,1202,W,CERMAK RD,,INCAPACITATING INJURY,0,1,0,17,4,9,41.8526014,-87.65640609
10/3/2021 23:39,15,NO CONTROLS,CLEAR,"DARKNESS, LIGHTED ROAD",NOT DIVIDED,DRY,INJURY AND / OR TOW DUE TO CRASH,,IMPROPER LANE USAGE,3306,S,LITUANICA AVE,Y,NONINCAPACITATING INJURY,0,0,1,23,1,10,41.8345534,-87.64876723
03/28/2023 06:11:00 PM,30,UNKNOWN,CLEAR,DAWN,NOT DIVIDED,UNKNOWN,NO INJURY / DRIVE AWAY,,UNABLE TO DETERMINE,198,W,DIVISION ST,,NO INDICATION OF INJURY,0,0,0,18,3,3,41.90396396,-87.63440184
7/11/2019 15:21,30,STOP SIGN/FLASHER,CLEAR,DAYLIGHT,FOUR WAY,DRY,INJURY AND / OR TOW DUE TO CRASH,,TURNING RIGHT ON RED,7100,S,HALSTED ST,,INCAPACITATING INJURY,0,1,0,15,5,7,41.76510943,-87.64455695
01/16/2019 02:55:00 PM,30,NO CONTROLS,CLEAR,DAYLIGHT,ONE-WAY,WET,INJURY AND / OR TOW DUE TO CRASH,,UNABLE TO DETERMINE,4729,N,SACRAMENTO AVE,Y,"REPORTED, NOT EVIDENT",0,0,0,14,4,1,41.96755539,-87.70340669
08/30/2022 04:50:00 PM,30,NO CONTROLS,CLEAR,DAYLIGHT,DIVIDED - W/MEDIAN BARRIER,DRY,NO INJURY / DRIVE AWAY,Y,UNABLE TO DETERMINE,39,E,ROOSEVELT RD,,NO INDICATION OF INJURY,0,0,0,16,3,8,41.86732176,-87.6258702
10/13/2022 06:43:00 PM,30,NO CONTROLS,CLEAR,"DARKNESS, LIGHTED ROAD",NOT DIVIDED,DRY,INJURY AND / OR TOW DUE TO CRASH,Y,UNABLE TO DETERMINE,870,N,WELLS ST,,NONINCAPACITATING INJURY,0,0,1,18,5,10,41.89865978,-87.63442629
09/17/2023 11:30:00 PM,30,TRAFFIC SIGNAL,CLEAR,"DARKNESS, LIGHTED ROAD",FOUR WAY,DRY,INJURY AND / OR TOW DUE TO CRASH,,FAILING TO YIELD RIGHT-OF-WAY,47,E,11TH ST,,NONINCAPACITATING INJURY,0,0,1,23,1,9,41.86916566,-87.62564751
9/4/2018 16:00,30,TRAFFIC SIGNAL,CLEAR,DAYLIGHT,NOT DIVIDED,DRY,INJURY AND / OR TOW DUE TO CRASH,,UNABLE TO DETERMINE,4530,S,ARCHER AVE,,NONINCAPACITATING INJURY,0,0,1,16,3,9,41.81077184,-87.70987777
8/12/2021 16:40,30,NO CONTROLS,CLEAR,DAYLIGHT,NOT DIVIDED,DRY,NO INJURY / DRIVE AWAY,,UNABLE TO DETERMINE,6100,W,BRYN MAWR AVE,,NO INDICATION OF INJURY,0,0,0,16,5,8,41.98301323,-87.78049828
9/9/2018 12:03,30,TRAFFIC SIGNAL,CLEAR,DAYLIGHT,OTHER,DRY,INJURY AND / OR TOW DUE TO CRASH,,FAILING TO YIELD RIGHT-OF-WAY,3200,N,WESTERN AVE,,NONINCAPACITATING INJURY,0,0,1,12,1,9,41.939503,-87.68831343
9/1/2017 22:03,30,NO CONTROLS,CLEAR,"DARKNESS, LIGHTED ROAD",PARKING LOT,DRY,INJURY AND / OR TOW DUE TO CRASH,,UNABLE TO DETERMINE,5421,S,PULASKI RD,,"REPORTED, NOT EVIDENT",0,0,0,22,6,9,41.79438897,-87.7230468
11/22/2017 06:50:00 PM,30,TRAFFIC SIGNAL,CLEAR,"DARKNESS, LIGHTED ROAD",NOT DIVIDED,DRY,INJURY AND / OR TOW DUE TO CRASH,,"VISION OBSCURED (SIGNS, TREE LIMBS, BUILDINGS, ETC.)",5100,S,CALIFORNIA AVE,,"REPORTED, NOT EVIDENT",0,0,0,18,4,11,41.80089564,-87.69414412
12/15/2019 06:55:00 PM,35,STOP SIGN/FLASHER,CLEAR,"DARKNESS, LIGHTED ROAD",NOT DIVIDED,DRY,NO INJURY / DRIVE AWAY,,FAILING TO YIELD RIGHT-OF-WAY,5600,S,AUSTIN AVE,,NO INDICATION OF INJURY,0,0,0,18,1,12,41.79061267,-87.7721371
07/16/2022 12:20:00 PM,30,STOP SIGN/FLASHER,CLEAR,DAYLIGHT,FOUR WAY,DRY,INJURY AND / OR TOW DUE TO CRASH,,FAILING TO YIELD RIGHT-OF-WAY,11000,S,AVENUE O,,NONINCAPACITATING INJURY,0,0,1,12,7,7,41.69540624,-87.54024974
07/21/2023 12:10:00 PM,30,UNKNOWN,UNKNOWN,UNKNOWN,OTHER,UNKNOWN,NO INJURY / DRIVE AWAY,,UNABLE TO DETERMINE,2802,N,CAMBRIDGE AVE,,NO INDICATION OF INJURY,0,0,0,12,6,7,41.93296861,-87.64288923
05/28/2018 10:29:00 PM,30,NO CONTROLS,CLEAR,"DARKNESS, LIGHTED ROAD",NOT DIVIDED,DRY,INJURY AND / OR TOW DUE TO CRASH,,FAILING TO YIELD RIGHT-OF-WAY,961,W,CHICAGO AVE,,NONINCAPACITATING INJURY,0,0,1,22,2,5,41.89620621,-87.65223443
05/31/2018 07:52:00 AM,25,NO CONTROLS,CLEAR,DAYLIGHT,NOT DIVIDED,DRY,INJURY AND / OR TOW DUE TO CRASH,,"VISION OBSCURED (SIGNS, TREE LIMBS, BUILDINGS, ETC.)",3100,W,TOUHY AVE,,NONINCAPACITATING INJURY,0,0,1,7,5,5,42.01201576,-87.7069401
7/6/2017 19:40,30,TRAFFIC SIGNAL,CLEAR,DAYLIGHT,NOT DIVIDED,DRY,NO INJURY / DRIVE AWAY,Y,IMPROPER OVERTAKING/PASSING,2359,W,CHICAGO AVE,,NO INDICATION OF INJURY,0,0,0,19,5,7,41.89563544,-87.68671719
11/4/2022 10:52,30,NO CONTROLS,CLOUDY/OVERCAST,DAYLIGHT,DIVIDED - W/MEDIAN (NOT RAISED),DRY,INJURY AND / OR TOW DUE TO CRASH,,UNABLE TO DETERMINE,3225,W,BERTEAU AVE,Y,NONINCAPACITATING INJURY,0,0,1,10,6,11,41.95743266,-87.70916181
7/12/2019 11:10,30,NO CONTROLS,CLEAR,DAYLIGHT,DIVIDED - W/MEDIAN (NOT RAISED),DRY,NO INJURY / DRIVE AWAY,,UNABLE TO DETERMINE,1340,S,CANAL ST,,NO INDICATION OF INJURY,0,0,0,11,6,7,41.86452119,-87.6393041
8/12/2018 16:20,20,NO CONTROLS,CLEAR,DAYLIGHT,NOT DIVIDED,DRY,INJURY AND / OR TOW DUE TO CRASH,,FAILING TO YIELD RIGHT-OF-WAY,827,W,109TH ST,,NONINCAPACITATING INJURY,0,0,1,16,1,8,41.69587376,-87.64364822
01/25/2018 07:30:00 AM,25,STOP SIGN/FLASHER,CLEAR,DAYLIGHT,OTHER,WET,INJURY AND / OR TOW DUE TO CRASH,,WEATHER,5301,N,NAGLE AVE,,NONINCAPACITATING INJURY,0,0,1,7,5,1,41.97755835,-87.7876917
04/26/2021 05:45:00 PM,30,STOP SIGN/FLASHER,CLEAR,DAYLIGHT,T-INTERSECTION,DRY,INJURY AND / OR TOW DUE TO CRASH,,FAILING TO YIELD RIGHT-OF-WAY,3254,N,SACRAMENTO AVE,,NONINCAPACITATING INJURY,0,0,1,17,2,4,41.94097878,-87.7029191
06/28/2019 02:42:00 PM,30,STOP SIGN/FLASHER,CLEAR,DAYLIGHT,FOUR WAY,DRY,INJURY AND / OR TOW DUE TO CRASH,,UNABLE TO DETERMINE,5400,W,GIDDINGS ST,,NONINCAPACITATING INJURY,0,0,1,14,6,6,41.96658253,-87.76259831
6/3/2022 8:45,30,TRAFFIC SIGNAL,CLEAR,DAYLIGHT,DIVIDED - W/MEDIAN (NOT RAISED),DRY,INJURY AND / OR TOW DUE TO CRASH,,FAILING TO YIELD RIGHT-OF-WAY,140,W,OAK ST,,NONINCAPACITATING INJURY,0,0,1,8,6,6,41.90064861,-87.63291205
11/27/2017 10:40:00 AM,30,NO CONTROLS,CLEAR,DAYLIGHT,DIVIDED - W/MEDIAN (NOT RAISED),DRY,INJURY AND / OR TOW DUE TO CRASH,,DRIVING SKILLS/KNOWLEDGE/EXPERIENCE,1640,N,MILWAUKEE AVE,,"REPORTED, NOT EVIDENT",0,0,0,10,2,11,41.91115317,-87.67888797
03/28/2019 08:30:00 AM,30,NO CONTROLS,CLEAR,DAYLIGHT,DIVIDED - W/MEDIAN (NOT RAISED),DRY,NO INJURY / DRIVE AWAY,,DRIVING SKILLS/KNOWLEDGE/EXPERIENCE,2740,N,SHEFFIELD AVE,,NO INDICATION OF INJURY,0,0,0,8,5,3,41.93190205,-87.65397869
9/7/2023 20:09,30,NO CONTROLS,CLEAR,"DARKNESS, LIGHTED ROAD",NOT DIVIDED,DRY,INJURY AND / OR TOW DUE TO CRASH,Y,UNABLE TO DETERMINE,1431,W,CHICAGO AVE,,NONINCAPACITATING INJURY,0,0,1,20,5,9,41.89601911,-87.66369997
08/14/2019 02:38:00 PM,30,NO CONTROLS,RAIN,DAYLIGHT,ONE-WAY,DRY,NO INJURY / DRIVE AWAY,,UNABLE TO DETERMINE,3615,W,28TH ST,,NO INDICATION OF INJURY,0,0,0,14,4,8,41.8406024,-87.71539063
10/23/2022 11:16:00 PM,30,STOP SIGN/FLASHER,CLEAR,"DARKNESS, LIGHTED ROAD",ONE-WAY,DRY,INJURY AND / OR TOW DUE TO CRASH,Y,UNABLE TO DETERMINE,6746,S,LOWE AVE,,NONINCAPACITATING INJURY,0,0,1,23,1,10,41.77115282,-87.64040848
06/20/2022 04:37:00 PM,30,TRAFFIC SIGNAL,CLEAR,DAYLIGHT,FOUR WAY,DRY,NO INJURY / DRIVE AWAY,,DISREGARDING OTHER TRAFFIC SIGNS,41,W,FULLERTON DR,,NO INDICATION OF INJURY,0,0,0,16,2,6,41.92604046,-87.63110366
11/16/2021 07:15:00 PM,30,TRAFFIC SIGNAL,CLEAR,"DARKNESS, LIGHTED ROAD",DIVIDED - W/MEDIAN (NOT RAISED),DRY,INJURY AND / OR TOW DUE TO CRASH,,IMPROPER OVERTAKING/PASSING,699,W,IRVING PARK RD,,NONINCAPACITATING INJURY,0,0,1,19,3,11,41.95448341,-87.64786856
9/7/2017 17:40,30,NO CONTROLS,CLEAR,DAYLIGHT,NOT DIVIDED,DRY,INJURY AND / OR TOW DUE TO CRASH,,UNABLE TO DETERMINE,3310,W,LAWRENCE AVE,Y,NONINCAPACITATING INJURY,0,0,1,17,5,9,41.96853458,-87.71140876
6/1/2017 18:00,30,NO CONTROLS,CLEAR,DAYLIGHT,NOT DIVIDED,DRY,NO INJURY / DRIVE AWAY,,FAILING TO YIELD RIGHT-OF-WAY,6740,N,CLARK ST,,NO INDICATION OF INJURY,0,0,0,18,5,6,42.00469264,-87.67303569
04/23/2022 11:17:00 PM,15,STOP SIGN/FLASHER,CLEAR,"DARKNESS, LIGHTED ROAD",OTHER,DRY,INJURY AND / OR TOW DUE TO CRASH,,NOT APPLICABLE,1300,S,LYNN WHITE DR,,INCAPACITATING INJURY,0,1,0,23,7,4,41.86631006,-87.61027015
10/7/2020 15:26,30,UNKNOWN,CLEAR,DAYLIGHT,UNKNOWN,DRY,INJURY AND / OR TOW DUE TO CRASH,Y,UNABLE TO DETERMINE,5727,N,JERSEY AVE,,NONINCAPACITATING INJURY,0,0,1,15,4,10,41.98574902,-87.7094921
07/31/2018 01:40:00 PM,30,NO CONTROLS,CLEAR,DAYLIGHT,NOT DIVIDED,DRY,NO INJURY / DRIVE AWAY,,"EVASIVE ACTION DUE TO ANIMAL, OBJECT, NONMOTORIST",4181,N,CLARENDON AVE,,NO INDICATION OF INJURY,0,0,0,13,3,7,41.95794015,-87.64965206
09/23/2019 05:05:00 PM,30,NO CONTROLS,CLEAR,DAYLIGHT,NOT DIVIDED,DRY,NO INJURY / DRIVE AWAY,,FOLLOWING TOO CLOSELY,6758,N,RICHMOND ST,,NO INDICATION OF INJURY,0,0,0,17,2,9,42.00468748,-87.70355999
10/13/2019 12:15:00 PM,5,NO CONTROLS,CLEAR,DAYLIGHT,DRIVEWAY,DRY,INJURY AND / OR TOW DUE TO CRASH,,NOT APPLICABLE,540,E,61ST ST,,NONINCAPACITATING INJURY,0,0,1,12,1,10,41.78406471,-87.61169016
11/6/2023 17:48,35,STOP SIGN/FLASHER,CLEAR,"DARKNESS, LIGHTED ROAD",NOT DIVIDED,DRY,INJURY AND / OR TOW DUE TO CRASH,Y,FAILING TO YIELD RIGHT-OF-WAY,4332,W,MARQUETTE RD,,NONINCAPACITATING INJURY,0,0,1,17,2,11,41.77138141,-87.73116623
02/18/2018 11:00:00 PM,25,STOP SIGN/FLASHER,CLEAR,"DARKNESS, LIGHTED ROAD",NOT DIVIDED,DRY,NO INJURY / DRIVE AWAY,Y,FAILING TO YIELD RIGHT-OF-WAY,1500,N,ASTOR ST,,NO INDICATION OF INJURY,0,0,0,23,1,2,41.909584,-87.62775628
05/23/2018 03:50:00 PM,30,UNKNOWN,CLEAR,DAYLIGHT,DIVIDED - W/MEDIAN (NOT RAISED),DRY,INJURY AND / OR TOW DUE TO CRASH,Y,NOT APPLICABLE,3632,W,MONTROSE AVE,,NONINCAPACITATING INJURY,0,0,1,15,4,5,41.96116155,-87.71940071
09/21/2017 01:30:00 PM,30,TRAFFIC SIGNAL,CLEAR,DAYLIGHT,NOT DIVIDED,DRY,INJURY AND / OR TOW DUE TO CRASH,,UNABLE TO DETERMINE,140,W,KINZIE ST,,NONINCAPACITATING INJURY,0,0,1,13,5,9,41.88929722,-87.63260165
6/3/2017 16:15,30,NO CONTROLS,CLEAR,DAYLIGHT,ONE-WAY,DRY,NO INJURY / DRIVE AWAY,,UNABLE TO DETERMINE,5800,N,SHERIDAN RD,,NO INDICATION OF INJURY,0,0,0,16,7,6,41.9874468,-87.655453
06/14/2021 07:38:00 AM,30,TRAFFIC SIGNAL,CLEAR,DAYLIGHT,FOUR WAY,DRY,INJURY AND / OR TOW DUE TO CRASH,,FAILING TO REDUCE SPEED TO AVOID CRASH,1600,W,95TH ST,,NONINCAPACITATING INJURY,0,0,1,7,2,6,41.72132441,-87.66272415
1/7/2018 11:12,30,NO CONTROLS,CLOUDY/OVERCAST,DAYLIGHT,DIVIDED - W/MEDIAN (NOT RAISED),DRY,NO INJURY / DRIVE AWAY,,FAILING TO YIELD RIGHT-OF-WAY,1939,W,IRVING PARK RD,,NO INDICATION OF INJURY,0,0,0,11,1,1,41.95405846,-87.67787765
6/4/2018 18:30,30,TRAFFIC SIGNAL,CLEAR,DAYLIGHT,DIVIDED - W/MEDIAN (NOT RAISED),DRY,NO INJURY / DRIVE AWAY,,FAILING TO YIELD RIGHT-OF-WAY,1701,W,TAYLOR ST,,NO INDICATION OF INJURY,0,0,0,18,2,6,41.8691141,-87.6689909
06/28/2022 11:00:00 AM,10,NO CONTROLS,CLEAR,DAYLIGHT,OTHER,DRY,INJURY AND / OR TOW DUE TO CRASH,Y,FAILING TO YIELD RIGHT-OF-WAY,2731,N,ELSTON AVE,,NONINCAPACITATING INJURY,0,0,1,11,3,6,41.93126646,-87.68627205
09/25/2019 08:50:00 PM,30,NO CONTROLS,CLEAR,"DARKNESS, LIGHTED ROAD",DIVIDED - W/MEDIAN (NOT RAISED),DRY,INJURY AND / OR TOW DUE TO CRASH,,FAILING TO YIELD RIGHT-OF-WAY,5649,W,FULLERTON AVE,Y,INCAPACITATING INJURY,0,1,0,20,4,9,41.92384038,-87.76796675
09/17/2016 12:30:00 PM,25,NO CONTROLS,CLEAR,DAYLIGHT,NOT DIVIDED,DRY,INJURY AND / OR TOW DUE TO CRASH,,FAILING TO YIELD RIGHT-OF-WAY,7367,N,CLARK ST,Y,NONINCAPACITATING INJURY,0,0,1,12,7,9,42.01570881,-87.67500337
9/9/2021 6:50,30,UNKNOWN,UNKNOWN,UNKNOWN,NOT DIVIDED,UNKNOWN,NO INJURY / DRIVE AWAY,,UNABLE TO DETERMINE,6231,N,BROADWAY,,NO INDICATION OF INJURY,0,0,0,6,5,9,41.99549428,-87.66028637
09/29/2019 12:30:00 PM,30,NO CONTROLS,CLEAR,DAYLIGHT,NOT DIVIDED,WET,INJURY AND / OR TOW DUE TO CRASH,Y,NOT APPLICABLE,7900,S,PERRY AVE,,NONINCAPACITATING INJURY,0,0,1,12,1,9,41.75081611,-87.62717754
12/3/2022 10:15,30,UNKNOWN,UNKNOWN,UNKNOWN,NOT DIVIDED,UNKNOWN,INJURY AND / OR TOW DUE TO CRASH,,UNABLE TO DETERMINE,5157,W,DIVERSEY AVE,Y,NONINCAPACITATING INJURY,0,0,1,10,7,12,41.93129255,-87.75621816
12/2/2021 16:10,30,NO CONTROLS,CLEAR,"DARKNESS, LIGHTED ROAD",DIVIDED - W/MEDIAN (NOT RAISED),DRY,NO INJURY / DRIVE AWAY,,UNABLE TO DETERMINE,6100,W,BELMONT AVE,Y,NO INDICATION OF INJURY,0,0,0,16,5,12,41.93852388,-87.77876851
8/10/2019 12:00,30,NO CONTROLS,CLEAR,DAYLIGHT,DIVIDED - W/MEDIAN BARRIER,DRY,INJURY AND / OR TOW DUE TO CRASH,,FAILING TO YIELD RIGHT-OF-WAY,2224,W,LAWRENCE AVE,Y,NONINCAPACITATING INJURY,0,0,1,12,7,8,41.96877848,-87.68511365
12/5/2017 18:00,30,TRAFFIC SIGNAL,CLEAR,"DARKNESS, LIGHTED ROAD",DIVIDED - W/MEDIAN (NOT RAISED),DRY,NO INJURY / DRIVE AWAY,,UNABLE TO DETERMINE,4500,N,LINCOLN AVE,,NO INDICATION OF INJURY,0,0,0,18,3,12,41.9632284,-87.68519044
01/21/2020 03:56:00 PM,30,NO CONTROLS,CLEAR,DAYLIGHT,NOT DIVIDED,DRY,INJURY AND / OR TOW DUE TO CRASH,,UNABLE TO DETERMINE,362,W,CHICAGO AVE,,NONINCAPACITATING INJURY,0,0,1,15,3,1,41.89664742,-87.63820412
04/30/2018 07:55:00 AM,25,STOP SIGN/FLASHER,CLEAR,DAYLIGHT,NOT DIVIDED,DRY,INJURY AND / OR TOW DUE TO CRASH,Y,DISREGARDING STOP SIGN,600,N,SPAULDING AVE,,NONINCAPACITATING INJURY,0,0,1,7,2,4,41.89195778,-87.70903444
6/6/2017 8:14,30,NO CONTROLS,CLEAR,DAYLIGHT,DIVIDED - W/MEDIAN (NOT RAISED),DRY,INJURY AND / OR TOW DUE TO CRASH,,FAILING TO YIELD RIGHT-OF-WAY,1225,S,DAMEN AVE,,NONINCAPACITATING INJURY,0,0,1,8,3,6,41.86589085,-87.67607671
11/29/2022 05:45:00 AM,30,NO CONTROLS,CLEAR,"DARKNESS, LIGHTED ROAD",PARKING LOT,DRY,INJURY AND / OR TOW DUE TO CRASH,Y,FAILING TO YIELD RIGHT-OF-WAY,6258,S,CALIFORNIA AVE,,NONINCAPACITATING INJURY,0,0,1,5,3,11,41.77920388,-87.69354234
1/11/2017 21:00,30,TRAFFIC SIGNAL,CLEAR,DARKNESS,DIVIDED - W/MEDIAN (NOT RAISED),WET,INJURY AND / OR TOW DUE TO CRASH,,UNABLE TO DETERMINE,1600,W,CORTLAND ST,,"REPORTED, NOT EVIDENT",0,0,0,21,4,1,41.91623534,-87.66783777
03/30/2022 07:02:00 PM,30,NO CONTROLS,RAIN,"DARKNESS, LIGHTED ROAD",NOT DIVIDED,WET,NO INJURY / DRIVE AWAY,,WEATHER,433,W,HARRISON ST,Y,NO INDICATION OF INJURY,0,0,0,19,4,3,41.87430104,-87.63908212
9/8/2020 15:01,30,OTHER,RAIN,DAYLIGHT,T-INTERSECTION,WET,INJURY AND / OR TOW DUE TO CRASH,,FAILING TO YIELD RIGHT-OF-WAY,11033,S,STATE ST,,NONINCAPACITATING INJURY,0,0,1,15,3,9,41.69339447,-87.62298284
2/11/2022 5:39,30,NO CONTROLS,RAIN,"DARKNESS, LIGHTED ROAD",FOUR WAY,WET,NO INJURY / DRIVE AWAY,,IMPROPER LANE USAGE,2900,W,WARREN BLVD,,NO INDICATION OF INJURY,0,0,0,5,6,2,41.88207748,-87.69889363
07/27/2018 08:20:00 AM,30,TRAFFIC SIGNAL,CLEAR,DAYLIGHT,DIVIDED - W/MEDIAN (NOT RAISED),DRY,INJURY AND / OR TOW DUE TO CRASH,,DISREGARDING TRAFFIC SIGNALS,800,N,CICERO AVE,,NONINCAPACITATING INJURY,0,0,1,8,6,7,41.89504904,-87.74595552
10/30/2018 07:00:00 PM,35,NO CONTROLS,UNKNOWN,"DARKNESS, LIGHTED ROAD",DIVIDED - W/MEDIAN (NOT RAISED),WET,NO INJURY / DRIVE AWAY,,UNABLE TO DETERMINE,3246,W,LAWRENCE AVE,,NO INDICATION OF INJURY,0,0,0,19,3,10,41.9685443,-87.71038828
09/13/2022 04:22:00 PM,30,TRAFFIC SIGNAL,CLEAR,DAYLIGHT,NOT REPORTED,DRY,INJURY AND / OR TOW DUE TO CRASH,,IMPROPER OVERTAKING/PASSING,149,N,DEARBORN ST,,NONINCAPACITATING INJURY,0,0,1,16,3,9,41.88445505,-87.62930866
09/13/2019 03:02:00 PM,30,STOP SIGN/FLASHER,CLEAR,DAYLIGHT,DIVIDED - W/MEDIAN (NOT RAISED),DRY,INJURY AND / OR TOW DUE TO CRASH,,UNABLE TO DETERMINE,6029,N,CLARK ST,,NONINCAPACITATING INJURY,0,0,1,15,6,9,41.99165952,-87.66990667
06/28/2023 05:00:00 PM,30,TRAFFIC SIGNAL,CLEAR,DAYLIGHT,FOUR WAY,DRY,INJURY AND / OR TOW DUE TO CRASH,,DISREGARDING TRAFFIC SIGNALS,753,W,LAWRENCE AVE,,NONINCAPACITATING INJURY,0,0,1,17,4,6,41.96906382,-87.64964433
10/31/2023 03:30:00 PM,30,TRAFFIC SIGNAL,FREEZING RAIN/DRIZZLE,DAYLIGHT,FOUR WAY,WET,INJURY AND / OR TOW DUE TO CRASH,,FAILING TO YIELD RIGHT-OF-WAY,1122,W,CHICAGO AVE,,INCAPACITATING INJURY,0,1,0,15,3,10,41.89636176,-87.65616995
09/20/2017 01:30:00 AM,30,TRAFFIC SIGNAL,CLEAR,"DARKNESS, LIGHTED ROAD",NOT DIVIDED,DRY,INJURY AND / OR TOW DUE TO CRASH,Y,UNABLE TO DETERMINE,1600,N,ASHLAND AVE,,"REPORTED, NOT EVIDENT",0,0,0,1,4,9,41.91071924,-87.66784081
11/8/2016 15:30,30,TRAFFIC SIGNAL,CLEAR,DAYLIGHT,DIVIDED - W/MEDIAN (NOT RAISED),DRY,NO INJURY / DRIVE AWAY,,FOLLOWING TOO CLOSELY,5905,S,PULASKI RD,Y,NO INDICATION OF INJURY,0,0,0,15,3,11,41.7857572,-87.72280889
8/10/2018 15:00,30,NO CONTROLS,CLEAR,DAYLIGHT,NOT DIVIDED,DRY,NO INJURY / DRIVE AWAY,,NOT APPLICABLE,11058,S,SPRINGFIELD AVE,Y,NO INDICATION OF INJURY,0,0,0,15,6,8,41.69134291,-87.71804914
09/18/2017 10:10:00 AM,30,STOP SIGN/FLASHER,CLEAR,DAYLIGHT,NOT DIVIDED,DRY,NO INJURY / DRIVE AWAY,,UNABLE TO DETERMINE,800,W,116TH ST,,NO INDICATION OF INJURY,0,0,0,10,2,9,41.68340094,-87.64213578
12/15/2018 03:22:00 PM,30,TRAFFIC SIGNAL,CLEAR,DAYLIGHT,NOT DIVIDED,DRY,NO INJURY / DRIVE AWAY,,IMPROPER TURNING/NO SIGNAL,2753,S,ARCHER AVE,,NO INDICATION OF INJURY,0,0,0,15,7,12,41.84363378,-87.65356859
08/31/2022 04:53:00 PM,10,NO CONTROLS,CLEAR,DAYLIGHT,OTHER,DRY,NO INJURY / DRIVE AWAY,,FAILING TO REDUCE SPEED TO AVOID CRASH,340,W,CHICAGO AVE,,NO INDICATION OF INJURY,0,0,0,16,4,8,41.89665962,-87.63724781
07/31/2023 09:30:00 AM,40,TRAFFIC SIGNAL,CLEAR,DAYLIGHT,FOUR WAY,DRY,INJURY AND / OR TOW DUE TO CRASH,,DISREGARDING TRAFFIC SIGNALS,100,S,LAKE SHORE DR SB,,INCAPACITATING INJURY,0,1,0,9,2,7,41.88085605,-87.61763589
05/22/2022 07:50:00 PM,30,NO CONTROLS,CLEAR,DAYLIGHT,DIVIDED - W/MEDIAN (NOT RAISED),DRY,INJURY AND / OR TOW DUE TO CRASH,,IMPROPER TURNING/NO SIGNAL,1232,N,CALIFORNIA AVE,,"REPORTED, NOT EVIDENT",0,0,0,19,1,5,41.90382037,-87.69704968
10/12/2016 12:55,30,TRAFFIC SIGNAL,RAIN,DAYLIGHT,NOT DIVIDED,WET,INJURY AND / OR TOW DUE TO CRASH,,IMPROPER TURNING/NO SIGNAL,301,N,JEFFERSON ST,,NONINCAPACITATING INJURY,0,0,1,12,4,10,41.88684516,-87.64266052
4/12/2018 23:05,15,STOP SIGN/FLASHER,CLEAR,"DARKNESS, LIGHTED ROAD",NOT DIVIDED,UNKNOWN,INJURY AND / OR TOW DUE TO CRASH,,UNABLE TO DETERMINE,700,N,OAKLEY BLVD,,NONINCAPACITATING INJURY,0,0,1,23,5,4,41.89401376,-87.68449239
7/12/2022 13:15,30,UNKNOWN,CLEAR,DAYLIGHT,ONE-WAY,DRY,INJURY AND / OR TOW DUE TO CRASH,Y,DRIVING SKILLS/KNOWLEDGE/EXPERIENCE,2100,S,KEELER AVE,,NONINCAPACITATING INJURY,0,0,1,13,3,7,41.85338195,-87.72982738
04/29/2021 04:20:00 PM,30,NO CONTROLS,CLEAR,DAYLIGHT,DIVIDED - W/MEDIAN (NOT RAISED),DRY,INJURY AND / OR TOW DUE TO CRASH,,FAILING TO YIELD RIGHT-OF-WAY,7068,S,COTTAGE GROVE AVE,,NONINCAPACITATING INJURY,0,0,1,16,5,4,41.76594832,-87.60573968