CRASH_DATE,POSTED_SPEED_LIMIT,TRAFFIC_CONTROL_DEVICE,WEATHER_CONDITION,LIGHTING_CONDITION,TRAFFICWAY_TYPE,ROADWAY_SURFACE_COND,CRASH_TYPE,HIT_AND_RUN_I,PRIM_CONTRIBUTORY_CAUSE,STREET_NO,STREET_DIRECTION,STREET_NAME,DOORING_I,MOST_SEVERE_INJURY,INJURIES_FATAL,INJURIES_INCAPACITATING,INJURIES_NON_INCAPACITATING,CRASH_HOUR,CRASH_DAY_OF_WEEK,CRASH_MONTH,LATITUDE,LONGITUDE
06/23/2019 09:24:00 AM,30,NO CONTROLS,CLEAR,DAYLIGHT,NOT DIVIDED,DRY,INJURY AND / OR TOW DUE TO CRASH,,UNABLE TO DETERMINE,3413,W,BELMONT AVE,Y,NONINCAPACITATING INJURY,0,0,1,9,1,6,41.93915695,-87.7130553
07/31/2021 02:54:00 PM,30,NO CONTROLS,CLEAR,DAYLIGHT,NOT DIVIDED,DRY,INJURY AND / OR TOW DUE TO CRASH,,NOT APPLICABLE,701,S,CENTRAL AVE,,NONINCAPACITATING INJURY,0,0,1,14,7,7,41.87179363,-87.76442104
10/16/2018 05:10:00 PM,25,STOP SIGN/FLASHER,CLEAR,DAYLIGHT,DIVIDED - W/MEDIAN BARRIER,DRY,NO INJURY / DRIVE AWAY,,DISREGARDING STOP SIGN,2600,S,STEWART AVE,Y,NO INDICATION OF INJURY,0,0,0,17,3,10,41.84538407,-87.63670008
9/3/2020 9:45,30,NO CONTROLS,CLEAR,DAYLIGHT,NOT DIVIDED,DRY,INJURY AND / OR TOW DUE TO CRASH,,UNABLE TO DETERMINE,9632,S,HALSTED ST,Y,"REPORTED, NOT EVIDENT",0,0,0,9,5,9,41.71838924,-87.64327507
04/26/2017 08:30:00 AM,25,NO CONTROLS,CLEAR,DAYLIGHT,NOT DIVIDED,DRY,NO INJURY / DRIVE AWAY,Y,UNABLE TO DETERMINE,60,W,OAK ST,,NO INDICATION OF INJURY,0,0,0,8,4,4,41.9006734,-87.63057791
06/13/2019 11:25:00 PM,30,TRAFFIC SIGNAL,CLEAR,"DARKNESS, LIGHTED ROAD",NOT DIVIDED,DRY,INJURY AND / OR TOW DUE TO CRASH,,FAILING TO YIELD RIGHT-OF-WAY,1600,N,CALIFORNIA AVE,,NONINCAPACITATING INJURY,0,0,1,23,5,6,41.91031515,-87.69717472
10/8/2017 13:05,30,NO CONTROLS,CLEAR,DAYLIGHT,NOT DIVIDED,DRY,INJURY AND / OR TOW DUE TO CRASH,,IMPROPER LANE USAGE,5646,S,AUSTIN AVE,,NONINCAPACITATING INJURY,0,0,1,13,1,10,41.78930459,-87.77208629
9/8/2023 14:52,30,NO CONTROLS,CLEAR,DAYLIGHT,NOT DIVIDED,DRY,INJURY AND / OR TOW DUE TO CRASH,Y,FAILING TO YIELD RIGHT-OF-WAY,2420,W,PERSHING RD,,NONINCAPACITATING INJURY,0,0,1,14,6,9,41.82307149,-87.68573597
06/16/2016 04:45:00 PM,20,STOP SIGN/FLASHER,CLEAR,DAYLIGHT,UNKNOWN,UNKNOWN,NO INJURY / DRIVE AWAY,,UNABLE TO DETERMINE,400,S,PLYMOUTH CT,,NO INDICATION OF INJURY,0,0,0,16,5,6,41.87684039,-87.62888427
3/8/2021 20:25,30,TRAFFIC SIGNAL,CLEAR,"DARKNESS, LIGHTED ROAD",ONE-WAY,DRY,INJURY AND / OR TOW DUE TO CRASH,Y,IMPROPER TURNING/NO SIGNAL,200,S,DEARBORN ST,,NONINCAPACITATING INJURY,0,0,1,20,2,3,41.87937332,-87.62949764
09/16/2023 08:31:00 AM,30,TRAFFIC SIGNAL,CLOUDY/OVERCAST,DAYLIGHT,NOT DIVIDED,DRY,INJURY AND / OR TOW DUE TO CRASH,,FAILING TO YIELD RIGHT-OF-WAY,3952,N,BROADWAY,,NONINCAPACITATING INJURY,0,0,1,8,7,9,41.95430383,-87.65053604
11/18/2020 09:00:00 AM,30,UNKNOWN,CLEAR,DAYLIGHT,UNKNOWN INTERSECTION TYPE,DRY,INJURY AND / OR TOW DUE TO CRASH,Y,FAILING TO REDUCE SPEED TO AVOID CRASH,4439,W,63RD ST,,NONINCAPACITATING INJURY,0,0,1,9,4,11,41.77841597,-87.73405757
6/8/2023 15:41,30,TRAFFIC SIGNAL,CLEAR,DAYLIGHT,FOUR WAY,DRY,INJURY AND / OR TOW DUE TO CRASH,,DISREGARDING YIELD SIGN,1600,W,PETERSON AVE,,NONINCAPACITATING INJURY,0,0,1,15,5,6,41.99090632,-87.67011449
8/7/2017 19:00,30,NO CONTROLS,CLEAR,DAYLIGHT,NOT DIVIDED,DRY,NO INJURY / DRIVE AWAY,Y,IMPROPER TURNING/NO SIGNAL,6300,S,CARPENTER ST,,NO INDICATION OF INJURY,0,0,0,19,2,8,41.77956822,-87.65100339
7/6/2021 11:20,30,TRAFFIC SIGNAL,CLEAR,DAYLIGHT,NOT DIVIDED,DRY,INJURY AND / OR TOW DUE TO CRASH,,UNABLE TO DETERMINE,5900,S,CALIFORNIA AVE,,"REPORTED, NOT EVIDENT",0,0,0,11,3,7,41.78631361,-87.69373919
02/22/2023 11:15:00 AM,10,NO CONTROLS,RAIN,DAYLIGHT,ALLEY,WET,INJURY AND / OR TOW DUE TO CRASH,,UNABLE TO DETERMINE,2656,W,MONTROSE AVE,,"REPORTED, NOT EVIDENT",0,0,0,11,4,2,41.96137619,-87.69582891
2/1/2022 11:15,30,NO CONTROLS,RAIN,DAYLIGHT,NOT DIVIDED,WET,INJURY AND / OR TOW DUE TO CRASH,,UNABLE TO DETERMINE,3418,N,SOUTHPORT AVE,Y,NONINCAPACITATING INJURY,0,0,1,11,3,2,41.94399025,-87.66408
04/16/2019 06:40:00 PM,30,STOP SIGN/FLASHER,CLEAR,DAYLIGHT,NOT DIVIDED,DRY,NO INJURY / DRIVE AWAY,,FAILING TO YIELD RIGHT-OF-WAY,900,N,WILLARD CT,,NO INDICATION OF INJURY,0,0,0,18,3,4,41.89834532,-87.65870376
06/13/2022 05:45:00 PM,30,TRAFFIC SIGNAL,CLEAR,DAYLIGHT,NOT DIVIDED,DRY,INJURY AND / OR TOW DUE TO CRASH,,FAILING TO YIELD RIGHT-OF-WAY,4800,N,ELSTON AVE,,NONINCAPACITATING INJURY,0,0,1,17,2,6,41.96803936,-87.74028389
04/18/2017 03:45:00 PM,30,NO CONTROLS,CLEAR,DAYLIGHT,DIVIDED - W/MEDIAN (NOT RAISED),DRY,INJURY AND / OR TOW DUE TO CRASH,Y,UNABLE TO DETERMINE,1531,W,LAWRENCE AVE,,NONINCAPACITATING INJURY,0,0,1,15,3,4,41.96877092,-87.66878337
07/14/2021 06:05:00 PM,30,NO CONTROLS,CLEAR,DAYLIGHT,ONE-WAY,DRY,INJURY AND / OR TOW DUE TO CRASH,,FAILING TO YIELD RIGHT-OF-WAY,299,S,CLARK ST,Y,NONINCAPACITATING INJURY,0,0,1,18,4,7,41.87818209,-87.63063931
05/27/2019 01:00:00 PM,30,NO CONTROLS,CLEAR,DAYLIGHT,ALLEY,DRY,INJURY AND / OR TOW DUE TO CRASH,,FAILING TO YIELD RIGHT-OF-WAY,4754,W,BELMONT AVE,,NONINCAPACITATING INJURY,0,0,1,13,2,5,41.93894663,-87.74608563
6/9/2020 16:30,30,NO CONTROLS,CLEAR,DAYLIGHT,NOT DIVIDED,DRY,NO INJURY / DRIVE AWAY,,FAILING TO REDUCE SPEED TO AVOID CRASH,5100,S,PULASKI RD,,NO INDICATION OF INJURY,0,0,0,16,3,6,41.8005277,-87.72351928
12/2/2021 14:40,30,NO CONTROLS,CLEAR,DAYLIGHT,NOT DIVIDED,DRY,NO INJURY / DRIVE AWAY,,UNABLE TO DETERMINE,304,S,HALSTED ST,Y,NO INDICATION OF INJURY,0,0,0,14,5,12,41.8777876,-87.64738696
5/6/2018 15:00,30,NO CONTROLS,CLEAR,DAYLIGHT,NOT DIVIDED,DRY,INJURY AND / OR TOW DUE TO CRASH,,FAILING TO YIELD RIGHT-OF-WAY,3921,N,BROADWAY,,NONINCAPACITATING INJURY,0,0,1,15,1,5,41.953484,-87.64968193
08/16/2021 12:50:00 PM,15,STOP SIGN/FLASHER,CLEAR,DAYLIGHT,ONE-WAY,DRY,INJURY AND / OR TOW DUE TO CRASH,Y,DRIVING ON WRONG SIDE/WRONG WAY,700,E,87TH PL,,NONINCAPACITATING INJURY,0,0,1,12,2,8,41.73581359,-87.60710751
7/6/2019 17:00,25,NO CONTROLS,CLEAR,DAYLIGHT,NOT DIVIDED,DRY,INJURY AND / OR TOW DUE TO CRASH,,IMPROPER OVERTAKING/PASSING,2444,W,GRANVILLE AVE,,NONINCAPACITATING INJURY,0,0,1,17,7,7,41.99418175,-87.6915681
12/14/2021 01:03:00 PM,30,STOP SIGN/FLASHER,CLEAR,DAYLIGHT,FOUR WAY,DRY,INJURY AND / OR TOW DUE TO CRASH,,UNABLE TO DETERMINE,3099,W,52ND ST,,INCAPACITATING INJURY,0,1,0,13,3,12,41.79892547,-87.70120975
5/4/2023 15:45,30,NO CONTROLS,CLEAR,DAYLIGHT,NOT DIVIDED,DRY,INJURY AND / OR TOW DUE TO CRASH,,DISTRACTION - FROM INSIDE VEHICLE,1033,N,WOOD ST,Y,NONINCAPACITATING INJURY,0,0,1,15,5,5,41.90061082,-87.67216484
08/29/2020 07:10:00 PM,30,STOP SIGN/FLASHER,CLEAR,DAYLIGHT,FOUR WAY,DRY,INJURY AND / OR TOW DUE TO CRASH,,FAILING TO YIELD RIGHT-OF-WAY,1501,E,53RD ST,,NONINCAPACITATING INJURY,0,0,1,19,7,8,41.79943426,-87.58904626
07/24/2019 04:40:00 PM,25,NO CONTROLS,CLEAR,DAYLIGHT,NOT DIVIDED,DRY,INJURY AND / OR TOW DUE TO CRASH,,FAILING TO YIELD RIGHT-OF-WAY,2736,W,GRANVILLE AVE,,NONINCAPACITATING INJURY,0,0,1,16,4,7,41.99409949,-87.69859709
11/15/2018 05:30:00 PM,30,NO CONTROLS,CLEAR,"DARKNESS, LIGHTED ROAD",NOT DIVIDED,WET,INJURY AND / OR TOW DUE TO CRASH,,FAILING TO YIELD RIGHT-OF-WAY,1953,N,CLYBOURN AVE,,"REPORTED, NOT EVIDENT",0,0,0,17,5,11,41.9165503,-87.65716548
09/22/2022 05:45:00 PM,25,STOP SIGN/FLASHER,CLEAR,DUSK,FOUR WAY,DRY,INJURY AND / OR TOW DUE TO CRASH,Y,FAILING TO YIELD RIGHT-OF-WAY,800,W,HUBBARD ST,,NONINCAPACITATING INJURY,0,0,1,17,5,9,41.89019488,-87.6476687
07/29/2022 05:30:00 PM,25,NO CONTROLS,UNKNOWN,UNKNOWN,NOT DIVIDED,UNKNOWN,NO INJURY / DRIVE AWAY,,UNABLE TO DETERMINE,3184,N,PULASKI RD,,NO INDICATION OF INJURY,0,0,0,17,6,7,41.93900135,-87.72732959
6/2/2021 13:55,10,NO CONTROLS,CLEAR,DAYLIGHT,OTHER,DRY,INJURY AND / OR TOW DUE TO CRASH,Y,"OPERATING VEHICLE IN ERRATIC, RECKLESS, CARELESS, NEGLIGENT OR AGGRESSIVE MANNER",5100,S,LAKE SHORE DR NB,,NONINCAPACITATING INJURY,0,0,1,13,4,6,41.80247042,-87.58177793
8/3/2019 10:47,30,TRAFFIC SIGNAL,CLEAR,DAYLIGHT,FOUR WAY,DRY,INJURY AND / OR TOW DUE TO CRASH,,FAILING TO YIELD RIGHT-OF-WAY,1500,W,LAWRENCE AVE,,NONINCAPACITATING INJURY,0,0,1,10,7,8,41.96900726,-87.66759963
05/19/2023 03:30:00 PM,30,UNKNOWN,CLEAR,DAYLIGHT,NOT DIVIDED,DRY,INJURY AND / OR TOW DUE TO CRASH,,UNABLE TO DETERMINE,3399,N,BROADWAY,,INCAPACITATING INJURY,0,1,0,15,6,5,41.94334006,-87.64466387
6/8/2018 20:43,30,TRAFFIC SIGNAL,CLEAR,"DARKNESS, LIGHTED ROAD",NOT DIVIDED,DRY,NO INJURY / DRIVE AWAY,Y,FAILING TO YIELD RIGHT-OF-WAY,430,W,GRAND AVE,,NO INDICATION OF INJURY,0,0,0,20,6,6,41.89161387,-87.63975395
09/13/2018 07:50:00 PM,30,TRAFFIC SIGNAL,CLEAR,DAYLIGHT,NOT DIVIDED,DRY,NO INJURY / DRIVE AWAY,,UNABLE TO DETERMINE,4801,N,CENTRAL PARK AVE,,NO INDICATION OF INJURY,0,0,0,19,5,9,41.96844156,-87.71811032
5/11/2022 8:15,30,STOP SIGN/FLASHER,CLEAR,DAYLIGHT,ONE-WAY,DRY,INJURY AND / OR TOW DUE TO CRASH,,FAILING TO REDUCE SPEED TO AVOID CRASH,2800,N,AVERS AVE,,NONINCAPACITATING INJURY,0,0,1,8,4,5,41.93192662,-87.72343502
8/8/2018 12:30,35,TRAFFIC SIGNAL,CLEAR,DAYLIGHT,NOT DIVIDED,DRY,INJURY AND / OR TOW DUE TO CRASH,,FAILING TO REDUCE SPEED TO AVOID CRASH,5300,S,WOODLAWN AVE,Y,NONINCAPACITATING INJURY,0,0,1,12,4,8,41.79938211,-87.59678686
08/24/2022 10:15:00 PM,30,NO CONTROLS,CLEAR,"DARKNESS, LIGHTED ROAD",NOT DIVIDED,DRY,INJURY AND / OR TOW DUE TO CRASH,,FAILING TO YIELD RIGHT-OF-WAY,3469,N,BROADWAY,,INCAPACITATING INJURY,0,1,0,22,4,8,41.94513628,-87.64575917
08/24/2017 09:20:00 PM,30,TRAFFIC SIGNAL,CLEAR,DARKNESS,NOT DIVIDED,UNKNOWN,INJURY AND / OR TOW DUE TO CRASH,,FAILING TO YIELD RIGHT-OF-WAY,2401,N,CLYBOURN AVE,,NONINCAPACITATING INJURY,0,0,1,21,5,8,41.92523453,-87.66923254
7/3/2023 18:32,30,TRAFFIC SIGNAL,CLEAR,DAYLIGHT,NOT DIVIDED,DRY,INJURY AND / OR TOW DUE TO CRASH,,DISTRACTION - FROM INSIDE VEHICLE,500,N,COLUMBUS DR,Y,NONINCAPACITATING INJURY,0,0,1,18,2,7,41.89104457,-87.62037184
07/18/2017 06:30:00 PM,40,STOP SIGN/FLASHER,CLEAR,DAYLIGHT,ONE-WAY,DRY,INJURY AND / OR TOW DUE TO CRASH,Y,UNABLE TO DETERMINE,8700,S,UNION AVE,,NONINCAPACITATING INJURY,0,0,1,18,3,7,41.73580175,-87.64132003
2/10/2020 8:20,30,NO CONTROLS,CLEAR,DAYLIGHT,ONE-WAY,UNKNOWN,INJURY AND / OR TOW DUE TO CRASH,,UNABLE TO DETERMINE,800,N,HALSTED ST,Y,NONINCAPACITATING INJURY,0,0,1,8,2,2,41.89647402,-87.64789499
09/25/2022 02:12:00 AM,15,TRAFFIC SIGNAL,RAIN,"DARKNESS, LIGHTED ROAD",ONE-WAY,WET,INJURY AND / OR TOW DUE TO CRASH,Y,FAILING TO YIELD RIGHT-OF-WAY,3600,W,AUGUSTA BLVD,,NONINCAPACITATING INJURY,0,0,1,2,1,9,41.89921636,-87.71649679
9/3/2023 4:30,30,NO CONTROLS,CLEAR,"DARKNESS, LIGHTED ROAD",ALLEY,DRY,INJURY AND / OR TOW DUE TO CRASH,Y,UNABLE TO DETERMINE,2746,N,LOCKWOOD AVE,,NONINCAPACITATING INJURY,0,0,1,4,1,9,41.93097083,-87.75900836
11/18/2017 07:57:00 PM,35,TRAFFIC SIGNAL,CLEAR,"DARKNESS, LIGHTED ROAD",DIVIDED - W/MEDIAN (NOT RAISED),WET,INJURY AND / OR TOW DUE TO CRASH,,BICYCLE ADVANCING LEGALLY ON RED LIGHT,5260,W,MADISON ST,,NONINCAPACITATING INJURY,0,0,1,19,7,11,41.88045117,-87.75751762
12/7/2019 15:45,30,TRAFFIC SIGNAL,CLEAR,DAYLIGHT,ONE-WAY,DRY,NO INJURY / DRIVE AWAY,Y,UNABLE TO DETERMINE,60,E,GRAND AVE,N,NO INDICATION OF INJURY,0,0,0,15,7,12,41.89181437,-87.62568527
12/15/2018 04:00:00 PM,20,NO CONTROLS,CLEAR,DAYLIGHT,NOT DIVIDED,DRY,NO INJURY / DRIVE AWAY,,UNABLE TO DETERMINE,2808,S,THROOP ST,,NO INDICATION OF INJURY,0,0,0,16,7,12,41.84314852,-87.6540031
05/27/2018 04:00:00 PM,30,UNKNOWN,CLEAR,DAYLIGHT,NOT DIVIDED,DRY,INJURY AND / OR TOW DUE TO CRASH,Y,FAILING TO YIELD RIGHT-OF-WAY,5900,S,KILDARE AVE,,NONINCAPACITATING INJURY,0,0,1,16,1,5,41.78577183,-87.73044761
7/12/2020 7:00,30,STOP SIGN/FLASHER,CLEAR,DAYLIGHT,FOUR WAY,DRY,NO INJURY / DRIVE AWAY,N,FAILING TO YIELD RIGHT-OF-WAY,4700,S,GREENWOOD AVE,,NO INDICATION OF INJURY,0,0,0,7,1,7,41.80952205,-87.59941065
09/17/2020 08:20:00 PM,30,TRAFFIC SIGNAL,CLEAR,"DARKNESS, LIGHTED ROAD",DIVIDED - W/MEDIAN (NOT RAISED),DRY,INJURY AND / OR TOW DUE TO CRASH,,FAILING TO YIELD RIGHT-OF-WAY,4001,N,BROADWAY,,NONINCAPACITATING INJURY,0,0,2,20,5,9,41.95464159,-87.65042816
05/13/2021 02:15:00 PM,30,TRAFFIC SIGNAL,CLEAR,DAYLIGHT,FOUR WAY,DRY,INJURY AND / OR TOW DUE TO CRASH,Y,FAILING TO YIELD RIGHT-OF-WAY,3301,W,AUGUSTA BLVD,,NONINCAPACITATING INJURY,0,0,1,14,5,5,41.89906066,-87.70888258
08/15/2019 07:00:00 PM,30,NO CONTROLS,CLEAR,DARKNESS,DIVIDED - W/MEDIAN (NOT RAISED),DRY,INJURY AND / OR TOW DUE TO CRASH,Y,NOT APPLICABLE,2300,S,MARSHALL BLVD,,NONINCAPACITATING INJURY,0,0,1,19,5,8,41.8499357,-87.69918196
4/7/2022 17:45,30,NO CONTROLS,CLOUDY/OVERCAST,DAYLIGHT,DIVIDED - W/MEDIAN (NOT RAISED),DRY,NO INJURY / DRIVE AWAY,,NOT APPLICABLE,3335,N,SOUTHPORT AVE,Y,NO INDICATION OF INJURY,0,0,0,17,5,4,41.94261611,-87.66374808
03/15/2022 04:20:00 PM,30,TRAFFIC SIGNAL,CLEAR,DAYLIGHT,NOT DIVIDED,DRY,INJURY AND / OR TOW DUE TO CRASH,,FAILING TO YIELD RIGHT-OF-WAY,8501,S,ASHLAND AVE,,NONINCAPACITATING INJURY,0,0,1,16,3,3,41.73934321,-87.66300792
8/2/2019 23:02,30,NO CONTROLS,CLEAR,"DARKNESS, LIGHTED ROAD",DIVIDED - W/MEDIAN (NOT RAISED),DRY,INJURY AND / OR TOW DUE TO CRASH,Y,FAILING TO YIELD RIGHT-OF-WAY,2832,W,MONTROSE AVE,,INCAPACITATING INJURY,0,1,0,23,6,8,41.96135068,-87.69982858
09/18/2023 03:30:00 PM,30,OTHER,CLEAR,DAYLIGHT,DIVIDED - W/MEDIAN (NOT RAISED),DRY,INJURY AND / OR TOW DUE TO CRASH,,UNABLE TO DETERMINE,1547,N,MILWAUKEE AVE,Y,NONINCAPACITATING INJURY,0,0,1,15,2,9,41.90970817,-87.67619368
07/17/2023 09:16:00 AM,30,NO CONTROLS,CLEAR,DAYLIGHT,NOT DIVIDED,DRY,INJURY AND / OR TOW DUE TO CRASH,N,UNABLE TO DETERMINE,3632,N,CLARK ST,Y,INCAPACITATING INJURY,0,1,0,9,2,7,41.94801635,-87.65733967
8/7/2019 12:03,30,TRAFFIC SIGNAL,CLEAR,DAYLIGHT,CENTER TURN LANE,DRY,INJURY AND / OR TOW DUE TO CRASH,,OBSTRUCTED CROSSWALKS,1602,W,MORSE AVE,,NONINCAPACITATING INJURY,0,0,1,12,4,8,42.0079455,-87.67022413
01/15/2019 08:25:00 AM,30,TRAFFIC SIGNAL,CLEAR,DAYLIGHT,CENTER TURN LANE,DRY,INJURY AND / OR TOW DUE TO CRASH,,NOT APPLICABLE,9500,S,DR MARTIN LUTHER KING JR DR,,NONINCAPACITATING INJURY,0,0,1,8,3,1,41.72179922,-87.61428708
4/4/2019 17:30,30,NO CONTROLS,CLOUDY/OVERCAST,DUSK,DIVIDED - W/MEDIAN BARRIER,WET,INJURY AND / OR TOW DUE TO CRASH,Y,UNABLE TO DETERMINE,6800,S,DR MARTIN LUTHER KING JR DR,,NONINCAPACITATING INJURY,0,0,1,17,5,4,41.77117243,-87.61555178
08/13/2020 06:30:00 PM,35,NO CONTROLS,CLEAR,DAYLIGHT,FOUR WAY,DRY,INJURY AND / OR TOW DUE TO CRASH,,UNABLE TO DETERMINE,499,W,NORTH AVE,,NONINCAPACITATING INJURY,0,0,1,18,5,8,41.91097039,-87.64095313
01/19/2017 05:15:00 PM,30,UNKNOWN,RAIN,DUSK,ONE-WAY,WET,NO INJURY / DRIVE AWAY,Y,UNABLE TO DETERMINE,300,W,MADISON ST,,NO INDICATION OF INJURY,0,0,0,17,5,1,41.88204264,-87.63538668
05/31/2017 08:50:00 PM,30,TRAFFIC SIGNAL,CLEAR,DUSK,NOT DIVIDED,DRY,INJURY AND / OR TOW DUE TO CRASH,,IMPROPER LANE USAGE,1155,N,WELLS ST,,NONINCAPACITATING INJURY,0,0,1,20,4,5,41.90369817,-87.63432661
06/21/2018 11:10:00 PM,30,NO CONTROLS,RAIN,"DARKNESS, LIGHTED ROAD",ONE-WAY,WET,INJURY AND / OR TOW DUE TO CRASH,,FAILING TO REDUCE SPEED TO AVOID CRASH,1759,W,SCHOOL ST,,INCAPACITATING INJURY,0,1,0,23,5,6,41.94134683,-87.67339379
10/31/2018 05:30:00 PM,30,NO CONTROLS,CLEAR,DAYLIGHT,UNKNOWN,DRY,INJURY AND / OR TOW DUE TO CRASH,,FAILING TO YIELD RIGHT-OF-WAY,4411,N,SHERIDAN RD,Y,NONINCAPACITATING INJURY,0,0,1,17,4,10,41.96213878,-87.65460635
10/3/2017 5:45,25,NO CONTROLS,CLEAR,"DARKNESS, LIGHTED ROAD",ONE-WAY,DRY,INJURY AND / OR TOW DUE TO CRASH,,FAILING TO YIELD RIGHT-OF-WAY,7059,S,STATE ST,,NONINCAPACITATING INJURY,0,0,1,5,3,10,41.76546907,-87.62475894
07/31/2021 06:54:00 PM,30,NO CONTROLS,CLEAR,DAYLIGHT,NOT DIVIDED,DRY,INJURY AND / OR TOW DUE TO CRASH,,UNABLE TO DETERMINE,861,N,WELLS ST,,NONINCAPACITATING INJURY,0,0,1,18,7,7,41.89842116,-87.6341235
05/25/2021 03:10:00 PM,30,TRAFFIC SIGNAL,CLEAR,DAYLIGHT,ONE-WAY,DRY,NO INJURY / DRIVE AWAY,Y,FAILING TO YIELD RIGHT-OF-WAY,728,N,CLARK ST,,NO INDICATION OF INJURY,0,0,0,15,3,5,41.89568242,-87.63137126
04/20/2018 04:50:00 PM,30,TRAFFIC SIGNAL,CLEAR,DAYLIGHT,NOT DIVIDED,DRY,NO INJURY / DRIVE AWAY,,FAILING TO YIELD RIGHT-OF-WAY,201,N,CICERO AVE,,NO INDICATION OF INJURY,0,0,0,16,6,4,41.88447811,-87.74527707
10/20/2020 01:05:00 PM,30,TRAFFIC SIGNAL,CLEAR,DAYLIGHT,T-INTERSECTION,DRY,NO INJURY / DRIVE AWAY,,IMPROPER LANE USAGE,2200,S,CANAL ST,,NO INDICATION OF INJURY,0,0,0,13,3,10,41.85276917,-87.6386785
7/7/2020 17:40,30,NO CONTROLS,CLEAR,DAYLIGHT,DIVIDED - W/MEDIAN (NOT RAISED),DRY,INJURY AND / OR TOW DUE TO CRASH,,FAILING TO YIELD RIGHT-OF-WAY,6502,N,WESTERN AVE,,NONINCAPACITATING INJURY,0,0,1,17,3,7,41.99968905,-87.69008254
07/29/2021 05:00:00 PM,30,STOP SIGN/FLASHER,CLEAR,DAYLIGHT,NOT DIVIDED,DRY,INJURY AND / OR TOW DUE TO CRASH,,FAILING TO YIELD RIGHT-OF-WAY,1317,N,MILWAUKEE AVE,Y,"REPORTED, NOT EVIDENT",0,0,0,17,5,7,41.90570563,-87.66992733
05/24/2019 06:45:00 PM,30,NO CONTROLS,CLEAR,DAYLIGHT,NOT DIVIDED,DRY,INJURY AND / OR TOW DUE TO CRASH,Y,DRIVING SKILLS/KNOWLEDGE/EXPERIENCE,1725,W,74TH ST,,NONINCAPACITATING INJURY,0,0,1,18,6,5,41.75930255,-87.66710105
9/7/2020 23:45,30,TRAFFIC SIGNAL,CLEAR,"DARKNESS, LIGHTED ROAD",NOT DIVIDED,DRY,NO INJURY / DRIVE AWAY,,FAILING TO YIELD RIGHT-OF-WAY,3218,N,KIMBALL AVE,,NO INDICATION OF INJURY,0,0,0,23,2,9,41.93984862,-87.71266795
11/21/2018 02:00:00 PM,30,NO CONTROLS,CLEAR,DAYLIGHT,NOT DIVIDED,DRY,INJURY AND / OR TOW DUE TO CRASH,,DISTRACTION - FROM INSIDE VEHICLE,825,N,LARRABEE ST,Y,NONINCAPACITATING INJURY,0,0,1,14,4,11,41.89722469,-87.64280725
07/28/2022 05:30:00 PM,30,NO CONTROLS,CLEAR,DAYLIGHT,OTHER,DRY,NO INJURY / DRIVE AWAY,Y,FOLLOWING TOO CLOSELY,2821,W,51ST ST,,NO INDICATION OF INJURY,0,0,0,17,5,7,41.80086196,-87.69497174
4/10/2023 16:15,20,TRAFFIC SIGNAL,CLEAR,DAYLIGHT,FOUR WAY,DRY,NO INJURY / DRIVE AWAY,Y,UNABLE TO DETERMINE,1199,N,KEDZIE AVE,,NO INDICATION OF INJURY,0,0,0,16,2,4,41.90278573,-87.70664141
9/11/2016 16:30,30,NO CONTROLS,CLEAR,DAYLIGHT,NOT DIVIDED,DRY,INJURY AND / OR TOW DUE TO CRASH,,FAILING TO YIELD RIGHT-OF-WAY,1393,N,MILWAUKEE AVE,Y,NONINCAPACITATING INJURY,0,0,1,16,1,9,41.90720855,-87.67228168
06/14/2020 05:00:00 PM,30,TRAFFIC SIGNAL,CLEAR,DAYLIGHT,DIVIDED - W/MEDIAN BARRIER,DRY,INJURY AND / OR TOW DUE TO CRASH,,NOT APPLICABLE,6901,S,ASHLAND AVE,,NONINCAPACITATING INJURY,0,0,1,17,1,6,41.76846659,-87.6637456
08/15/2020 10:00:00 PM,30,NO CONTROLS,CLEAR,"DARKNESS, LIGHTED ROAD",NOT DIVIDED,DRY,INJURY AND / OR TOW DUE TO CRASH,Y,UNABLE TO DETERMINE,1220,W,74TH ST,,NONINCAPACITATING INJURY,0,0,1,22,7,8,41.75969044,-87.65486619
10/16/2022 02:10:00 PM,20,TRAFFIC SIGNAL,CLOUDY/OVERCAST,DAYLIGHT,DIVIDED - W/MEDIAN (NOT RAISED),DRY,NO INJURY / DRIVE AWAY,,IMPROPER OVERTAKING/PASSING,2400,W,DIVISION ST,,NO INDICATION OF INJURY,0,0,0,14,1,10,41.9031249,-87.68707096
10/9/2019 15:25,30,STOP SIGN/FLASHER,CLEAR,DAYLIGHT,FOUR WAY,DRY,INJURY AND / OR TOW DUE TO CRASH,,DISREGARDING STOP SIGN,5200,S,WASHTENAW AVE,N,NONINCAPACITATING INJURY,0,0,1,15,4,10,41.79911233,-87.69165591
5/5/2023 8:08,30,TRAFFIC SIGNAL,CLEAR,DAYLIGHT,NOT DIVIDED,DRY,INJURY AND / OR TOW DUE TO CRASH,,FAILING TO YIELD RIGHT-OF-WAY,7370,N,CLARK ST,N,NONINCAPACITATING INJURY,0,0,1,8,6,5,42.01573533,-87.67530443
11/1/2017 8:30,30,NO CONTROLS,CLEAR,DAYLIGHT,ONE-WAY,DRY,INJURY AND / OR TOW DUE TO CRASH,,UNABLE TO DETERMINE,2340,S,RIDGEWAY AVE,Y,NONINCAPACITATING INJURY,0,0,1,8,4,11,41.84858073,-87.7187162