CRASH_DATE,POSTED_SPEED_LIMIT,TRAFFIC_CONTROL_DEVICE,WEATHER_CONDITION,LIGHTING_CONDITION,TRAFFICWAY_TYPE,ROADWAY_SURFACE_COND,CRASH_TYPE,HIT_AND_RUN_I,PRIM_CONTRIBUTORY_CAUSE,STREET_NO,STREET_DIRECTION,STREET_NAME,DOORING_I,MOST_SEVERE_INJURY,INJURIES_FATAL,INJURIES_INCAPACITATING,INJURIES_NON_INCAPACITATING,CRASH_HOUR,CRASH_DAY_OF_WEEK,CRASH_MONTH,LATITUDE,LONGITUDE
9/4/2018 16:15,30,NO CONTROLS,CLEAR,DAYLIGHT,NOT DIVIDED,DRY,INJURY AND / OR TOW DUE TO CRASH,,FAILING TO YIELD RIGHT-OF-WAY,3131,N,CLYBOURN AVE,,NONINCAPACITATING INJURY,0,0,1,16,3,9,41.9384388,-87.68642675
01/28/2020 05:13:00 PM,30,TRAFFIC SIGNAL,CLEAR,"DARKNESS, LIGHTED ROAD",FOUR WAY,DRY,NO INJURY / DRIVE AWAY,,UNABLE TO DETERMINE,360,S,STATE ST,,NO INDICATION OF INJURY,0,0,0,17,3,1,41.87698941,-87.62780071
9/3/2022 14:45,30,NO CONTROLS,CLEAR,DAYLIGHT,ALLEY,DRY,NO INJURY / DRIVE AWAY,,DRIVING SKILLS/KNOWLEDGE/EXPERIENCE,5900,S,PULASKI RD,,NO INDICATION OF INJURY,0,0,0,14,7,9,41.78588849,-87.72310659
6/6/2020 16:55,30,TRAFFIC SIGNAL,CLEAR,DAYLIGHT,NOT DIVIDED,DRY,NO INJURY / DRIVE AWAY,Y,FAILING TO YIELD RIGHT-OF-WAY,1600,N,ASHLAND AVE,,NO INDICATION OF INJURY,0,0,0,16,7,6,41.91071924,-87.66784081
7/9/2021 15:30,30,STOP SIGN/FLASHER,CLEAR,DAYLIGHT,ALLEY,DRY,INJURY AND / OR TOW DUE TO CRASH,Y,UNABLE TO DETERMINE,300,N,MENARD AVE,,NONINCAPACITATING INJURY,0,0,1,15,6,7,41.88571745,-87.77009728
09/19/2022 07:46:00 PM,20,TRAFFIC SIGNAL,CLEAR,"DARKNESS, LIGHTED ROAD",DIVIDED - W/MEDIAN (NOT RAISED),DRY,INJURY AND / OR TOW DUE TO CRASH,,UNABLE TO DETERMINE,4200,N,LINCOLN AVE,,NONINCAPACITATING INJURY,0,0,1,19,2,9,41.95776421,-87.68145271
10/3/2023 17:30,30,UNKNOWN,UNKNOWN,UNKNOWN,DRIVEWAY,UNKNOWN,NO INJURY / DRIVE AWAY,Y,UNABLE TO DETERMINE,712,N,STATE ST,,NO INDICATION OF INJURY,0,0,0,17,3,10,41.89534729,-87.62831188
09/27/2021 04:19:00 PM,30,TRAFFIC SIGNAL,CLEAR,DAYLIGHT,NOT DIVIDED,DRY,INJURY AND / OR TOW DUE TO CRASH,,UNABLE TO DETERMINE,1000,W,HARRISON ST,,"REPORTED, NOT EVIDENT",0,0,0,16,2,9,41.87447667,-87.65188911
06/25/2016 09:25:00 AM,0,TRAFFIC SIGNAL,CLEAR,DAYLIGHT,NOT DIVIDED,DRY,INJURY AND / OR TOW DUE TO CRASH,Y,IMPROPER TURNING/NO SIGNAL,1561,N,WELLS ST,,NONINCAPACITATING INJURY,0,0,1,9,7,6,41.91089983,-87.6345558
10/3/2023 7:52,30,NO CONTROLS,CLEAR,DAYLIGHT,DIVIDED - W/MEDIAN BARRIER,DRY,INJURY AND / OR TOW DUE TO CRASH,,UNABLE TO DETERMINE,625,N,LA SALLE DR,,NONINCAPACITATING INJURY,0,0,1,7,3,10,41.89317108,-87.63248987
09/19/2017 09:20:00 PM,30,STOP SIGN/FLASHER,CLEAR,"DARKNESS, LIGHTED ROAD",NOT DIVIDED,DRY,INJURY AND / OR TOW DUE TO CRASH,,DISREGARDING STOP SIGN,5598,N,ELSTON AVE,,NONINCAPACITATING INJURY,0,0,1,21,3,9,41.98290129,-87.76450007
4/2/2021 12:25,25,STOP SIGN/FLASHER,CLEAR,DAYLIGHT,NOT DIVIDED,DRY,INJURY AND / OR TOW DUE TO CRASH,,UNABLE TO DETERMINE,6547,N,GLENWOOD AVE,,NONINCAPACITATING INJURY,0,0,1,12,6,4,42.00131978,-87.66546347
01/24/2023 10:12:00 AM,30,TRAFFIC SIGNAL,CLEAR,"DARKNESS, LIGHTED ROAD",NOT DIVIDED,DRY,NO INJURY / DRIVE AWAY,,IMPROPER TURNING/NO SIGNAL,200,W,HUBBARD ST,,NO INDICATION OF INJURY,0,0,0,10,3,1,41.89009144,-87.63410619
10/19/2019 08:00:00 PM,30,STOP SIGN/FLASHER,CLEAR,"DARKNESS, LIGHTED ROAD",DIVIDED - W/MEDIAN (NOT RAISED),DRY,INJURY AND / OR TOW DUE TO CRASH,,FAILING TO REDUCE SPEED TO AVOID CRASH,2501,N,KIMBALL AVE,,"REPORTED, NOT EVIDENT",0,0,0,20,7,10,41.92657456,-87.71201188
11/22/2022 04:30:00 PM,30,NO CONTROLS,UNKNOWN,UNKNOWN,NOT DIVIDED,UNKNOWN,INJURY AND / OR TOW DUE TO CRASH,Y,FOLLOWING TOO CLOSELY,1826,N,ELSTON AVE,,"REPORTED, NOT EVIDENT",0,0,0,16,3,11,41.91550651,-87.66587662
01/23/2020 04:50:00 PM,30,STOP SIGN/FLASHER,RAIN,DUSK,NOT DIVIDED,SNOW OR SLUSH,INJURY AND / OR TOW DUE TO CRASH,,IMPROPER TURNING/NO SIGNAL,400,S,KEDZIE AVE,,NONINCAPACITATING INJURY,0,0,1,16,5,1,41.87547952,-87.70611577
6/5/2018 11:20,0,NO CONTROLS,CLEAR,DAYLIGHT,UNKNOWN,UNKNOWN,NO INJURY / DRIVE AWAY,,UNABLE TO DETERMINE,1900,S,WOOD ST,Y,NO INDICATION OF INJURY,0,0,0,11,3,6,41.85585475,-87.67119305
10/24/2019 07:20:00 PM,30,STOP SIGN/FLASHER,RAIN,"DARKNESS, LIGHTED ROAD",NOT DIVIDED,DRY,INJURY AND / OR TOW DUE TO CRASH,,UNABLE TO DETERMINE,200,W,CHESTNUT ST,,NONINCAPACITATING INJURY,0,0,1,19,5,10,41.89831235,-87.63433994
11/3/2016 7:50,30,STOP SIGN/FLASHER,CLEAR,DAYLIGHT,DIVIDED - W/MEDIAN (NOT RAISED),DRY,INJURY AND / OR TOW DUE TO CRASH,,FAILING TO YIELD RIGHT-OF-WAY,2801,W,WABANSIA AVE,,NONINCAPACITATING INJURY,0,0,1,7,5,11,41.91224782,-87.69709948
11/11/2020 17:45,30,NO CONTROLS,CLEAR,"DARKNESS, LIGHTED ROAD",NOT DIVIDED,DRY,NO INJURY / DRIVE AWAY,,FAILING TO YIELD RIGHT-OF-WAY,1716,N,PULASKI RD,,NO INDICATION OF INJURY,0,0,0,17,4,11,41.91219852,-87.72655336
07/19/2019 04:00:00 PM,30,NO CONTROLS,CLEAR,DAYLIGHT,NOT DIVIDED,DRY,INJURY AND / OR TOW DUE TO CRASH,Y,FOLLOWING TOO CLOSELY,1225,W,WINONA ST,,"REPORTED, NOT EVIDENT",0,0,0,16,6,7,41.97530402,-87.66085716
9/3/2022 11:45,20,NO CONTROLS,CLEAR,DAYLIGHT,NOT DIVIDED,DRY,INJURY AND / OR TOW DUE TO CRASH,,FAILING TO YIELD RIGHT-OF-WAY,1615,W,BERTEAU AVE,,INCAPACITATING INJURY,0,1,0,11,7,9,41.95782898,-87.66984688
05/27/2023 01:00:00 PM,25,TRAFFIC SIGNAL,CLEAR,DAYLIGHT,"FIVE POINT, OR MORE",DRY,INJURY AND / OR TOW DUE TO CRASH,,FAILING TO YIELD RIGHT-OF-WAY,2300,W,ROOSEVELT RD,,INCAPACITATING INJURY,0,1,0,13,7,5,41.86675504,-87.68371465
11/30/2021 04:12:00 PM,30,STOP SIGN/FLASHER,CLEAR,DUSK,NOT DIVIDED,DRY,INJURY AND / OR TOW DUE TO CRASH,Y,UNABLE TO DETERMINE,2500,N,LONG AVE,,"REPORTED, NOT EVIDENT",0,0,0,16,3,11,41.92591866,-87.76128106
07/29/2023 05:43:00 PM,30,NO CONTROLS,CLEAR,DAYLIGHT,ONE-WAY,DRY,NO INJURY / DRIVE AWAY,,"EVASIVE ACTION DUE TO ANIMAL, OBJECT, NONMOTORIST",5012,N,WINTHROP AVE,,NO INDICATION OF INJURY,0,0,0,17,7,7,41.97370056,-87.65789194
05/26/2017 04:30:00 PM,30,NO CONTROLS,RAIN,DAYLIGHT,DIVIDED - W/MEDIAN (NOT RAISED),WET,NO INJURY / DRIVE AWAY,,FAILING TO YIELD RIGHT-OF-WAY,900,E,MARQUETTE RD,,NO INDICATION OF INJURY,0,0,0,16,6,5,41.77509665,-87.60331499
09/29/2022 09:30:00 AM,30,UNKNOWN,CLEAR,DAYLIGHT,DRIVEWAY,DRY,NO INJURY / DRIVE AWAY,,UNABLE TO DETERMINE,4833,W,DIVERSEY AVE,,NO INDICATION OF INJURY,0,0,0,9,5,9,41.93140629,-87.74793697
10/18/2017 04:21:00 PM,30,NO CONTROLS,CLEAR,DAYLIGHT,NOT DIVIDED,DRY,NO INJURY / DRIVE AWAY,,NOT APPLICABLE,6221,N,SHERIDAN RD,Y,NO INDICATION OF INJURY,0,0,0,16,4,10,41.99525888,-87.65540032
09/19/2015 02:00:00 PM,30,STOP SIGN/FLASHER,CLEAR,DAYLIGHT,ONE-WAY,DRY,NO INJURY / DRIVE AWAY,,UNABLE TO DETERMINE,5358,S,LARAMIE AVE,Y,NO INDICATION OF INJURY,0,0,0,14,7,9,41.79550713,-87.75272455
6/10/2020 21:59,30,TRAFFIC SIGNAL,CLEAR,DUSK,NOT DIVIDED,DRY,INJURY AND / OR TOW DUE TO CRASH,Y,FOLLOWING TOO CLOSELY,1658,W,BELMONT AVE,,"REPORTED, NOT EVIDENT",0,0,0,21,4,6,41.93977514,-87.67097531
02/28/2022 04:40:00 PM,40,TRAFFIC SIGNAL,CLEAR,DAYLIGHT,T-INTERSECTION,DRY,INJURY AND / OR TOW DUE TO CRASH,,DISREGARDING TRAFFIC SIGNALS,699,S,LAKE SHORE DR NB,,INCAPACITATING INJURY,0,2,0,16,2,2,41.87332411,-87.61693637
08/15/2019 06:00:00 AM,35,TRAFFIC SIGNAL,CLEAR,DAYLIGHT,NOT DIVIDED,DRY,INJURY AND / OR TOW DUE TO CRASH,Y,FAILING TO REDUCE SPEED TO AVOID CRASH,3900,S,WESTERN AVE,Y,"REPORTED, NOT EVIDENT",0,0,0,6,5,8,41.82295429,-87.68501299
10/24/2021 03:00:00 AM,30,NO CONTROLS,CLEAR,"DARKNESS, LIGHTED ROAD",NOT DIVIDED,DRY,INJURY AND / OR TOW DUE TO CRASH,Y,UNABLE TO DETERMINE,824,W,GRAND AVE,,NONINCAPACITATING INJURY,0,0,1,3,1,10,41.89127957,-87.64873362
9/9/2023 18:00,30,STOP SIGN/FLASHER,CLEAR,DUSK,FOUR WAY,DRY,INJURY AND / OR TOW DUE TO CRASH,Y,FAILING TO YIELD RIGHT-OF-WAY,10500,S,SEELEY AVE,,NONINCAPACITATING INJURY,0,0,1,18,7,9,41.70268137,-87.67305594
06/28/2017 02:30:00 PM,30,NO CONTROLS,CLEAR,DAYLIGHT,NOT DIVIDED,DRY,NO INJURY / DRIVE AWAY,Y,UNABLE TO DETERMINE,924,N,STATE ST,,NO INDICATION OF INJURY,0,0,0,14,4,6,41.89989464,-87.62843541
04/29/2021 08:30:00 PM,30,TRAFFIC SIGNAL,RAIN,DARKNESS,FOUR WAY,WET,INJURY AND / OR TOW DUE TO CRASH,Y,FAILING TO YIELD RIGHT-OF-WAY,6800,N,RIDGE BLVD,,NONINCAPACITATING INJURY,0,0,1,20,5,4,42.00523149,-87.68033813
7/5/2019 7:00,30,STOP SIGN/FLASHER,CLEAR,DAYLIGHT,NOT DIVIDED,DRY,INJURY AND / OR TOW DUE TO CRASH,,FAILING TO YIELD RIGHT-OF-WAY,3523,W,47TH ST,,NONINCAPACITATING INJURY,0,0,1,7,6,7,41.80790512,-87.71224807
07/25/2022 10:40:00 PM,30,UNKNOWN,CLEAR,"DARKNESS, LIGHTED ROAD",UNKNOWN,UNKNOWN,INJURY AND / OR TOW DUE TO CRASH,Y,UNABLE TO DETERMINE,6900,S,MICHIGAN AVE,,INCAPACITATING INJURY,0,1,0,22,2,7,41.76912313,-87.62193481
08/20/2023 10:20:00 AM,30,TRAFFIC SIGNAL,CLEAR,DARKNESS,NOT DIVIDED,DRY,INJURY AND / OR TOW DUE TO CRASH,Y,DRIVING ON WRONG SIDE/WRONG WAY,48,N,OGDEN AVE,,NONINCAPACITATING INJURY,0,0,1,10,1,8,41.8826696,-87.66501727
07/15/2016 07:00:00 AM,30,TRAFFIC SIGNAL,CLEAR,DAYLIGHT,RAMP,DRY,NO INJURY / DRIVE AWAY,,DISREGARDING TRAFFIC SIGNALS,540,N,LAKE SHORE DR,,NO INDICATION OF INJURY,0,0,0,7,6,7,41.89234927,-87.61455717
9/9/2022 18:30,30,TRAFFIC SIGNAL,CLEAR,DAYLIGHT,UNKNOWN INTERSECTION TYPE,DRY,INJURY AND / OR TOW DUE TO CRASH,,NOT APPLICABLE,63,N,MICHIGAN AVE,Y,NONINCAPACITATING INJURY,0,0,1,18,6,9,41.88317858,-87.62425042
9/3/2017 17:50,35,TRAFFIC SIGNAL,CLEAR,DAYLIGHT,CENTER TURN LANE,DRY,INJURY AND / OR TOW DUE TO CRASH,,FAILING TO YIELD RIGHT-OF-WAY,6000,N,JERSEY AVE,,NONINCAPACITATING INJURY,0,0,1,17,1,9,41.99042876,-87.71118389
08/15/2017 06:22:00 PM,30,TRAFFIC SIGNAL,CLEAR,DAYLIGHT,DIVIDED - W/MEDIAN (NOT RAISED),DRY,INJURY AND / OR TOW DUE TO CRASH,,TURNING RIGHT ON RED,4401,W,IRVING PARK RD,,"REPORTED, NOT EVIDENT",0,0,0,18,3,8,41.95341849,-87.738121
08/20/2019 06:05:00 PM,35,NO CONTROLS,CLEAR,DAYLIGHT,NOT DIVIDED,DRY,INJURY AND / OR TOW DUE TO CRASH,,FOLLOWING TOO CLOSELY,2264,N,LINCOLN AVE,,"REPORTED, NOT EVIDENT",0,0,0,18,3,8,41.92324677,-87.64590018
10/10/2021 15:01,25,TRAFFIC SIGNAL,CLEAR,DAYLIGHT,FOUR WAY,DRY,INJURY AND / OR TOW DUE TO CRASH,,UNABLE TO DETERMINE,800,W,WRIGHTWOOD AVE,,NONINCAPACITATING INJURY,0,0,1,15,1,10,41.92919321,-87.64894931
09/16/2021 03:15:00 PM,30,NO CONTROLS,CLEAR,DAYLIGHT,NOT DIVIDED,DRY,INJURY AND / OR TOW DUE TO CRASH,,FOLLOWING TOO CLOSELY,7800,S,JEFFERY BLVD,,NONINCAPACITATING INJURY,0,0,1,15,5,9,41.75333127,-87.57617064
6/9/2022 7:32,30,STOP SIGN/FLASHER,CLEAR,DAYLIGHT,ONE-WAY,DRY,INJURY AND / OR TOW DUE TO CRASH,,FAILING TO YIELD RIGHT-OF-WAY,3401,N,LAVERGNE AVE,,INCAPACITATING INJURY,0,1,0,7,5,6,41.94246094,-87.75175236
6/9/2022 16:15,35,TRAFFIC SIGNAL,CLEAR,DAYLIGHT,NOT DIVIDED,DRY,NO INJURY / DRIVE AWAY,,UNABLE TO DETERMINE,3847,N,CICERO AVE,,NO INDICATION OF INJURY,0,0,0,16,5,6,41.95118118,-87.74710708
07/29/2022 04:12:00 PM,25,NO CONTROLS,CLEAR,DAYLIGHT,DIVIDED - W/MEDIAN (NOT RAISED),DRY,NO INJURY / DRIVE AWAY,,UNABLE TO DETERMINE,3050,N,MILWAUKEE AVE,,NO INDICATION OF INJURY,0,0,0,16,6,7,41.9365279,-87.71986693
11/20/2020 10:50:00 AM,30,TRAFFIC SIGNAL,CLEAR,DAYLIGHT,FOUR WAY,DRY,NO INJURY / DRIVE AWAY,,FAILING TO REDUCE SPEED TO AVOID CRASH,1,W,GRAND AVE,,NO INDICATION OF INJURY,0,0,0,10,6,11,41.89155904,-87.62813938
7/8/2018 10:20,25,NO CONTROLS,CLEAR,DAYLIGHT,NOT DIVIDED,DRY,NO INJURY / DRIVE AWAY,,UNABLE TO DETERMINE,1210,W,VICTORIA ST,,NO INDICATION OF INJURY,0,0,0,10,1,7,41.98705375,-87.66068093
09/15/2022 03:40:00 PM,30,NO CONTROLS,CLEAR,DAYLIGHT,NOT DIVIDED,DRY,INJURY AND / OR TOW DUE TO CRASH,,UNABLE TO DETERMINE,799,N,SANGAMON ST,,"REPORTED, NOT EVIDENT",0,0,0,15,5,9,41.89629615,-87.65102874
12/6/2017 8:52,30,TRAFFIC SIGNAL,CLEAR,DAYLIGHT,DIVIDED - W/MEDIAN (NOT RAISED),DRY,INJURY AND / OR TOW DUE TO CRASH,,UNABLE TO DETERMINE,150,N,OGDEN AVE,,INCAPACITATING INJURY,0,1,0,8,4,12,41.88428859,-87.66347978
07/26/2018 06:54:00 PM,30,TRAFFIC SIGNAL,CLEAR,DAYLIGHT,DIVIDED - W/MEDIAN (NOT RAISED),DRY,NO INJURY / DRIVE AWAY,,IMPROPER LANE USAGE,1200,S,UNION AVE,,NO INDICATION OF INJURY,0,0,0,18,5,7,41.86711966,-87.6452815
08/17/2021 07:50:00 PM,30,STOP SIGN/FLASHER,CLEAR,DUSK,NOT DIVIDED,DRY,NO INJURY / DRIVE AWAY,,UNABLE TO DETERMINE,1500,E,54TH ST,,NO INDICATION OF INJURY,0,0,0,19,3,8,41.79819184,-87.58899632
12/22/2017 06:32:00 PM,30,NO CONTROLS,CLEAR,DARKNESS,NOT DIVIDED,DRY,INJURY AND / OR TOW DUE TO CRASH,,FAILING TO YIELD RIGHT-OF-WAY,3219,W,LAWRENCE AVE,Y,"REPORTED, NOT EVIDENT",0,0,0,18,6,12,41.9683334,-87.7092942
07/22/2019 07:57:00 AM,35,TRAFFIC SIGNAL,CLEAR,DAYLIGHT,FOUR WAY,DRY,INJURY AND / OR TOW DUE TO CRASH,,UNABLE TO DETERMINE,6700,S,HALSTED ST,,NONINCAPACITATING INJURY,0,0,1,7,2,7,41.77237962,-87.64474164
04/27/2023 09:00:00 AM,30,STOP SIGN/FLASHER,CLEAR,DAYLIGHT,NOT DIVIDED,DRY,INJURY AND / OR TOW DUE TO CRASH,,FAILING TO YIELD RIGHT-OF-WAY,1059,W,GRACE ST,,NONINCAPACITATING INJURY,0,0,1,9,5,4,41.95097779,-87.65675217
8/1/2017 15:45,30,NO CONTROLS,CLEAR,DAYLIGHT,NOT DIVIDED,DRY,NO INJURY / DRIVE AWAY,,BICYCLE ADVANCING LEGALLY ON RED LIGHT,6830,S,JEFFERY BLVD,,NO INDICATION OF INJURY,0,0,0,15,3,8,41.77068432,-87.57656953
03/18/2023 07:15:00 PM,25,TRAFFIC SIGNAL,CLEAR,DAYLIGHT,FOUR WAY,WET,INJURY AND / OR TOW DUE TO CRASH,Y,TURNING RIGHT ON RED,4023,S,ARCHER AVE,,"REPORTED, NOT EVIDENT",0,0,0,19,7,3,41.82058304,-87.69342617
05/18/2023 02:10:00 PM,30,STOP SIGN/FLASHER,CLEAR,DAYLIGHT,UNKNOWN INTERSECTION TYPE,DRY,NO INJURY / DRIVE AWAY,,UNABLE TO DETERMINE,1900,N,WOLCOTT AVE,,NO INDICATION OF INJURY,0,0,0,14,5,5,41.91607517,-87.67529819
4/12/2019 15:30,30,NO CONTROLS,CLEAR,DAYLIGHT,NOT DIVIDED,DRY,NO INJURY / DRIVE AWAY,Y,NOT APPLICABLE,2240,S,MARSHALL BLVD,,NO INDICATION OF INJURY,0,0,0,15,6,4,41.85062906,-87.69920162
02/24/2017 06:30:00 PM,30,STOP SIGN/FLASHER,CLEAR,"DARKNESS, LIGHTED ROAD",DIVIDED - W/MEDIAN (NOT RAISED),DRY,NO INJURY / DRIVE AWAY,,FAILING TO YIELD RIGHT-OF-WAY,6200,N,CAMPBELL AVE,,NO INDICATION OF INJURY,0,0,0,18,6,2,41.99415225,-87.6923603
04/26/2018 08:35:00 PM,30,TRAFFIC SIGNAL,CLEAR,DAYLIGHT,DIVIDED - W/MEDIAN (NOT RAISED),DRY,NO INJURY / DRIVE AWAY,,IMPROPER LANE USAGE,1509,N,WELLS ST,Y,NO INDICATION OF INJURY,0,0,0,20,5,4,41.90947912,-87.6345101
12/24/2019 12:30:00 PM,30,NO CONTROLS,CLEAR,DAYLIGHT,NOT DIVIDED,DRY,INJURY AND / OR TOW DUE TO CRASH,Y,UNABLE TO DETERMINE,4400,W,LAKE ST,N,NONINCAPACITATING INJURY,0,0,1,12,3,12,41.88614041,-87.7357597
10/20/2021 07:45:00 AM,30,STOP SIGN/FLASHER,CLEAR,DAYLIGHT,NOT DIVIDED,DRY,NO INJURY / DRIVE AWAY,,DISREGARDING STOP SIGN,868,N,MILWAUKEE AVE,,NO INDICATION OF INJURY,0,0,0,7,4,10,41.89760886,-87.65775238
05/28/2022 09:57:00 AM,25,NO CONTROLS,CLEAR,DAYLIGHT,NOT DIVIDED,DRY,INJURY AND / OR TOW DUE TO CRASH,,IMPROPER LANE USAGE,415,N,ORLEANS ST,,NONINCAPACITATING INJURY,0,0,1,9,7,5,41.8896894,-87.6366045
11/28/2020 04:00:00 PM,30,NO CONTROLS,CLEAR,DAYLIGHT,NOT DIVIDED,UNKNOWN,INJURY AND / OR TOW DUE TO CRASH,,IMPROPER TURNING/NO SIGNAL,3301,N,CLARK ST,,"REPORTED, NOT EVIDENT",0,0,0,16,7,11,41.94186146,-87.65204754
6/2/2017 16:00,30,TRAFFIC SIGNAL,CLEAR,DAYLIGHT,DIVIDED - W/MEDIAN (NOT RAISED),DRY,INJURY AND / OR TOW DUE TO CRASH,,UNABLE TO DETERMINE,3855,N,LINCOLN AVE,,NONINCAPACITATING INJURY,0,0,1,16,6,6,41.95203002,-87.67710953
10/8/2022 14:38,30,TRAFFIC SIGNAL,CLEAR,DAYLIGHT,DIVIDED - W/MEDIAN BARRIER,DRY,INJURY AND / OR TOW DUE TO CRASH,Y,FAILING TO YIELD RIGHT-OF-WAY,901,W,HARRISON ST,,INCAPACITATING INJURY,0,1,0,14,7,10,41.87430456,-87.64936523
10/8/2022 22:35,30,TRAFFIC SIGNAL,CLEAR,"DARKNESS, LIGHTED ROAD",OTHER,DRY,NO INJURY / DRIVE AWAY,Y,DRIVING SKILLS/KNOWLEDGE/EXPERIENCE,5629,W,FOSTER AVE,,NO INDICATION OF INJURY,0,0,0,22,7,10,41.97557091,-87.76955955
7/12/2019 21:12,30,TRAFFIC SIGNAL,CLEAR,DARKNESS,FOUR WAY,DRY,INJURY AND / OR TOW DUE TO CRASH,,FAILING TO YIELD RIGHT-OF-WAY,5197,W,MONTROSE AVE,,NONINCAPACITATING INJURY,0,0,1,21,6,7,41.9604919,-87.75723875
11/4/2016 6:20,30,UNKNOWN,UNKNOWN,UNKNOWN,NOT DIVIDED,UNKNOWN,INJURY AND / OR TOW DUE TO CRASH,,UNABLE TO DETERMINE,822,W,BELMONT AVE,Y,NONINCAPACITATING INJURY,0,0,1,6,6,11,41.94007818,-87.65020382
12/14/2019 12:35:00 PM,35,NO CONTROLS,CLEAR,DAYLIGHT,NOT DIVIDED,DRY,NO INJURY / DRIVE AWAY,,HAD BEEN DRINKING (USE WHEN ARREST IS NOT MADE),3500,W,CERMAK RD,N,NO INDICATION OF INJURY,0,0,0,12,7,12,41.85181498,-87.71244928
11/25/2018 04:20:00 PM,30,STOP SIGN/FLASHER,RAIN,"DARKNESS, LIGHTED ROAD",NOT DIVIDED,WET,INJURY AND / OR TOW DUE TO CRASH,,UNABLE TO DETERMINE,2100,S,THROOP ST,,NONINCAPACITATING INJURY,0,0,1,16,1,11,41.8541887,-87.65891065
08/29/2018 12:53:00 AM,30,STOP SIGN/FLASHER,RAIN,"DARKNESS, LIGHTED ROAD",NOT DIVIDED,WET,INJURY AND / OR TOW DUE TO CRASH,,FAILING TO REDUCE SPEED TO AVOID CRASH,5107,S,PULASKI RD,,INCAPACITATING INJURY,0,1,0,0,4,8,41.8001429,-87.72321544
06/19/2023 04:00:00 PM,30,TRAFFIC SIGNAL,CLEAR,DAYLIGHT,NOT DIVIDED,DRY,INJURY AND / OR TOW DUE TO CRASH,Y,FAILING TO YIELD RIGHT-OF-WAY,4700,S,DAMEN AVE,,INCAPACITATING INJURY,0,1,0,16,2,6,41.80841675,-87.67483107
7/8/2022 13:15,30,NO CONTROLS,CLOUDY/OVERCAST,DAYLIGHT,UNKNOWN,DRY,INJURY AND / OR TOW DUE TO CRASH,,UNABLE TO DETERMINE,158,E,GRAND AVE,,NONINCAPACITATING INJURY,0,0,1,13,6,7,41.89186427,-87.62304349
10/15/2020 04:00:00 PM,30,NO CONTROLS,CLEAR,DAYLIGHT,DIVIDED - W/MEDIAN (NOT RAISED),DRY,INJURY AND / OR TOW DUE TO CRASH,,"VISION OBSCURED (SIGNS, TREE LIMBS, BUILDINGS, ETC.)",6200,W,DIVERSEY AVE,,NONINCAPACITATING INJURY,0,0,1,16,5,10,41.93117956,-87.78089221
04/14/2021 08:20:00 AM,30,NO CONTROLS,CLEAR,DAYLIGHT,DIVIDED - W/MEDIAN (NOT RAISED),DRY,INJURY AND / OR TOW DUE TO CRASH,,NOT APPLICABLE,3240,N,SOUTHPORT AVE,,"REPORTED, NOT EVIDENT",0,0,0,8,4,4,41.94096772,-87.66399602
09/13/2017 04:00:00 PM,25,NO CONTROLS,CLEAR,DAYLIGHT,ALLEY,DRY,INJURY AND / OR TOW DUE TO CRASH,Y,FAILING TO REDUCE SPEED TO AVOID CRASH,2645,W,GRANVILLE AVE,,NONINCAPACITATING INJURY,0,0,1,16,4,9,41.9939042,-87.69651191
09/21/2022 12:35:00 AM,30,STOP SIGN/FLASHER,RAIN,"DARKNESS, LIGHTED ROAD",ONE-WAY,WET,NO INJURY / DRIVE AWAY,Y,"OPERATING VEHICLE IN ERRATIC, RECKLESS, CARELESS, NEGLIGENT OR AGGRESSIVE MANNER",6400,N,HAMILTON AVE,,NO INDICATION OF INJURY,0,0,0,0,4,9,41.99792134,-87.68394386
05/15/2018 05:25:00 PM,30,NO CONTROLS,CLEAR,DAYLIGHT,NOT DIVIDED,DRY,INJURY AND / OR TOW DUE TO CRASH,,UNABLE TO DETERMINE,5026,S,WESTERN AVE,,INCAPACITATING INJURY,0,1,0,17,3,5,41.802083,-87.68439754
7/10/2017 18:45,30,LANE USE MARKING,CLEAR,DAYLIGHT,NOT DIVIDED,DRY,INJURY AND / OR TOW DUE TO CRASH,,UNABLE TO DETERMINE,1354,W,18TH ST,Y,"REPORTED, NOT EVIDENT",0,0,0,18,2,7,41.85798989,-87.66107201
03/24/2022 09:15:00 AM,30,STOP SIGN/FLASHER,RAIN,DAYLIGHT,T-INTERSECTION,WET,INJURY AND / OR TOW DUE TO CRASH,,FAILING TO YIELD RIGHT-OF-WAY,842,W,31ST ST,,"REPORTED, NOT EVIDENT",0,0,0,9,5,3,41.83813108,-87.64803564
06/23/2017 10:42:00 AM,30,NO CONTROLS,CLOUDY/OVERCAST,DAYLIGHT,DIVIDED - W/MEDIAN (NOT RAISED),DRY,NO INJURY / DRIVE AWAY,,DRIVING ON WRONG SIDE/WRONG WAY,760,W,TAYLOR ST,,NO INDICATION OF INJURY,0,0,0,10,6,6,41.86974903,-87.64625638
06/18/2018 02:40:00 PM,25,LANE USE MARKING,CLEAR,DAYLIGHT,DIVIDED - W/MEDIAN (NOT RAISED),DRY,INJURY AND / OR TOW DUE TO CRASH,,UNABLE TO DETERMINE,2935,N,MILWAUKEE AVE,Y,NONINCAPACITATING INJURY,0,0,1,14,2,6,41.93466921,-87.71635448