CRASH_DATE,POSTED_SPEED_LIMIT,TRAFFIC_CONTROL_DEVICE,WEATHER_CONDITION,LIGHTING_CONDITION,TRAFFICWAY_TYPE,ROADWAY_SURFACE_COND,CRASH_TYPE,HIT_AND_RUN_I,PRIM_CONTRIBUTORY_CAUSE,STREET_NO,STREET_DIRECTION,STREET_NAME,DOORING_I,MOST_SEVERE_INJURY,INJURIES_FATAL,INJURIES_INCAPACITATING,INJURIES_NON_INCAPACITATING,CRASH_HOUR,CRASH_DAY_OF_WEEK,CRASH_MONTH,LATITUDE,LONGITUDE
6/10/2022 14:15,30,NO CONTROLS,CLEAR,DAYLIGHT,NOT DIVIDED,DRY,INJURY AND / OR TOW DUE TO CRASH,,FAILING TO YIELD RIGHT-OF-WAY,200,W,87TH ST,,NONINCAPACITATING INJURY,0,0,1,14,6,6,41.7362617,-87.62906472
07/19/2020 10:31:00 AM,30,STOP SIGN/FLASHER,CLEAR,DAYLIGHT,NOT DIVIDED,DRY,INJURY AND / OR TOW DUE TO CRASH,,IMPROPER LANE USAGE,1598,W,ROSEMONT AVE,,NONINCAPACITATING INJURY,0,0,1,10,1,7,41.99649958,-87.67010437
7/6/2018 19:30,30,NO CONTROLS,CLEAR,DAYLIGHT,DIVIDED - W/MEDIAN BARRIER,DRY,NO INJURY / DRIVE AWAY,,UNABLE TO DETERMINE,1600,N,HUMBOLDT BLVD,,NO INDICATION OF INJURY,0,0,0,19,6,7,41.91026903,-87.70201587
10/1/2017 16:45,30,NO CONTROLS,CLEAR,DAYLIGHT,ALLEY,DRY,INJURY AND / OR TOW DUE TO CRASH,,NOT APPLICABLE,3345,W,HURON ST,,NONINCAPACITATING INJURY,0,0,1,16,1,10,41.89357348,-87.71067893
07/16/2022 05:00:00 PM,30,NO CONTROLS,CLEAR,DAYLIGHT,DIVIDED - W/MEDIAN (NOT RAISED),DRY,INJURY AND / OR TOW DUE TO CRASH,,UNABLE TO DETERMINE,671,W,WRIGHTWOOD AVE,,NONINCAPACITATING INJURY,0,0,1,17,7,7,41.92903871,-87.64548155
09/28/2019 12:15:00 AM,30,NO CONTROLS,UNKNOWN,"DARKNESS, LIGHTED ROAD",DIVIDED - W/MEDIAN (NOT RAISED),UNKNOWN,INJURY AND / OR TOW DUE TO CRASH,Y,UNABLE TO DETERMINE,6000,N,CALDWELL AVE,,NONINCAPACITATING INJURY,0,0,1,0,7,9,41.99020994,-87.75127033
11/17/2022 02:50:00 PM,30,UNKNOWN,CLOUDY/OVERCAST,DAYLIGHT,NOT DIVIDED,UNKNOWN,NO INJURY / DRIVE AWAY,Y,UNABLE TO DETERMINE,1550,W,BELMONT AVE,,NO INDICATION OF INJURY,0,0,0,14,5,11,41.93981179,-87.66824294
09/28/2018 04:22:00 PM,30,NO CONTROLS,RAIN,DAYLIGHT,OTHER,WET,NO INJURY / DRIVE AWAY,,FAILING TO YIELD RIGHT-OF-WAY,3222,N,MILWAUKEE AVE,,NO INDICATION OF INJURY,0,0,0,16,6,9,41.93953549,-87.72480654
8/11/2018 13:30,30,TRAFFIC SIGNAL,CLEAR,DAYLIGHT,DIVIDED - W/MEDIAN (NOT RAISED),DRY,INJURY AND / OR TOW DUE TO CRASH,,UNABLE TO DETERMINE,33,W,MADISON ST,,NONINCAPACITATING INJURY,0,0,1,13,7,8,41.88189293,-87.62903221
08/13/2017 06:52:00 PM,30,NO CONTROLS,CLEAR,DAYLIGHT,ONE-WAY,DRY,INJURY AND / OR TOW DUE TO CRASH,Y,FAILING TO YIELD RIGHT-OF-WAY,731,N,LECLAIRE AVE,,NONINCAPACITATING INJURY,0,0,1,18,1,8,41.89395111,-87.75297088
05/31/2018 03:00:00 PM,30,STOP SIGN/FLASHER,CLEAR,DAYLIGHT,NOT DIVIDED,DRY,INJURY AND / OR TOW DUE TO CRASH,Y,TEXTING,600,N,DAMEN AVE,,NONINCAPACITATING INJURY,0,0,1,15,5,5,41.89231243,-87.67709662
6/3/2018 0:05,30,NO CONTROLS,RAIN,"DARKNESS, LIGHTED ROAD",OTHER,DRY,NO INJURY / DRIVE AWAY,,WEATHER,1933,N,WESTERN AVE,,NO INDICATION OF INJURY,0,0,0,0,1,6,41.91668447,-87.68723888
10/30/2019 05:55:00 PM,30,NO CONTROLS,RAIN,"DARKNESS, LIGHTED ROAD",NOT DIVIDED,WET,INJURY AND / OR TOW DUE TO CRASH,,NOT APPLICABLE,1141,N,CLARK ST,Y,NONINCAPACITATING INJURY,0,0,1,17,4,10,41.90307262,-87.63127539
6/10/2020 16:10,30,NO CONTROLS,CLEAR,DAYLIGHT,NOT DIVIDED,DRY,INJURY AND / OR TOW DUE TO CRASH,,UNABLE TO DETERMINE,1815,W,CHICAGO AVE,Y,NONINCAPACITATING INJURY,0,0,1,16,4,6,41.89587067,-87.67282139
1/5/2019 19:52,30,UNKNOWN,CLEAR,"DARKNESS, LIGHTED ROAD",NOT DIVIDED,DRY,NO INJURY / DRIVE AWAY,,FAILING TO REDUCE SPEED TO AVOID CRASH,2601,N,SHEFFIELD AVE,,NO INDICATION OF INJURY,0,0,0,19,7,1,41.92910148,-87.6535906
09/15/2020 10:13:00 AM,30,TRAFFIC SIGNAL,CLEAR,DAYLIGHT,FOUR WAY,DRY,INJURY AND / OR TOW DUE TO CRASH,,DISREGARDING TRAFFIC SIGNALS,513,E,GRAND AVE,,INCAPACITATING INJURY,0,1,0,10,3,9,41.89181358,-87.61333988
10/22/2017 12:20:00 PM,15,STOP SIGN/FLASHER,CLEAR,DAYLIGHT,OTHER,DRY,NO INJURY / DRIVE AWAY,,IMPROPER TURNING/NO SIGNAL,8302,S,HOLLAND RD,,NO INDICATION OF INJURY,0,0,0,12,1,10,41.74335934,-87.63217971
03/16/2022 04:59:00 PM,30,NO CONTROLS,CLEAR,DUSK,NOT DIVIDED,DRY,INJURY AND / OR TOW DUE TO CRASH,,FAILING TO YIELD RIGHT-OF-WAY,701,W,WILSON DR,,NONINCAPACITATING INJURY,0,0,1,16,4,3,41.96547856,-87.64785472
08/29/2017 03:50:00 PM,20,NO CONTROLS,CLEAR,DAYLIGHT,ONE-WAY,DRY,NO INJURY / DRIVE AWAY,,UNABLE TO DETERMINE,725,E,104TH PL,,NO INDICATION OF INJURY,0,0,0,15,3,8,41.70457838,-87.60608421
12/1/2017 18:15,30,STOP SIGN/FLASHER,CLEAR,"DARKNESS, LIGHTED ROAD",NOT DIVIDED,DRY,NO INJURY / DRIVE AWAY,,FAILING TO YIELD RIGHT-OF-WAY,70,S,MORGAN ST,,NO INDICATION OF INJURY,0,0,0,18,6,12,41.88042931,-87.65213774
10/23/2018 06:29:00 PM,30,STOP SIGN/FLASHER,CLEAR,DARKNESS,ONE-WAY,DRY,INJURY AND / OR TOW DUE TO CRASH,,DRIVING ON WRONG SIDE/WRONG WAY,2800,S,KOMENSKY AVE,,"REPORTED, NOT EVIDENT",0,0,0,18,3,10,41.84045825,-87.72581234
7/3/2023 12:30,30,NO CONTROLS,CLEAR,DAYLIGHT,NOT DIVIDED,UNKNOWN,NO INJURY / DRIVE AWAY,,UNABLE TO DETERMINE,3435,N,SOUTHPORT AVE,Y,NO INDICATION OF INJURY,0,0,0,12,2,7,41.94444283,-87.66379825
8/5/2022 16:37,30,STOP SIGN/FLASHER,CLEAR,DAYLIGHT,UNKNOWN INTERSECTION TYPE,DRY,INJURY AND / OR TOW DUE TO CRASH,,OBSTRUCTED CROSSWALKS,5301,S,HARLEM AVE,,NONINCAPACITATING INJURY,0,0,1,16,6,8,41.79568805,-87.80145967
10/16/2023 09:50:00 AM,15,NO CONTROLS,CLEAR,DAYLIGHT,ALLEY,DRY,NO INJURY / DRIVE AWAY,,NOT APPLICABLE,2416,W,GRANVILLE AVE,,NO INDICATION OF INJURY,0,0,0,9,2,10,41.99419345,-87.69050898
09/22/2021 03:45:00 PM,30,TRAFFIC SIGNAL,CLEAR,DAYLIGHT,NOT DIVIDED,DRY,NO INJURY / DRIVE AWAY,Y,FAILING TO YIELD RIGHT-OF-WAY,1400,W,TAYLOR ST,,NO INDICATION OF INJURY,0,0,0,15,4,9,41.86944828,-87.66170605
06/21/2018 07:50:00 PM,25,NO CONTROLS,CLEAR,DAYLIGHT,NOT DIVIDED,DRY,NO INJURY / DRIVE AWAY,Y,UNABLE TO DETERMINE,6121,N,BROADWAY,,NO INDICATION OF INJURY,0,0,0,19,5,6,41.9929375,-87.66021033
07/15/2023 07:03:00 PM,30,TRAFFIC SIGNAL,CLEAR,DAYLIGHT,DIVIDED - W/MEDIAN (NOT RAISED),DRY,INJURY AND / OR TOW DUE TO CRASH,,DISREGARDING TRAFFIC SIGNALS,4631,W,63RD ST,,INCAPACITATING INJURY,0,1,0,19,7,7,41.77836205,-87.73855297
09/14/2023 08:38:00 AM,30,NO CONTROLS,CLEAR,DAYLIGHT,ROUNDABOUT,DRY,INJURY AND / OR TOW DUE TO CRASH,,"VISION OBSCURED (SIGNS, TREE LIMBS, BUILDINGS, ETC.)",1176,S,PLYMOUTH CT,,NONINCAPACITATING INJURY,0,0,1,8,5,9,41.86799594,-87.62868042
1/1/2023 1:56,30,TRAFFIC SIGNAL,RAIN,"DARKNESS, LIGHTED ROAD",FOUR WAY,WET,NO INJURY / DRIVE AWAY,,DISREGARDING TRAFFIC SIGNALS,2000,W,NORTH AVE,,NO INDICATION OF INJURY,0,0,0,1,1,1,41.91058276,-87.67770168
5/6/2018 13:00,30,NO CONTROLS,CLEAR,DAYLIGHT,ONE-WAY,DRY,INJURY AND / OR TOW DUE TO CRASH,,NOT APPLICABLE,5500,S,KILDARE AVE,,NONINCAPACITATING INJURY,0,0,1,13,1,5,41.79304402,-87.73065756
11/6/2019 7:10,30,TRAFFIC SIGNAL,CLEAR,DAYLIGHT,Y-INTERSECTION,DRY,NO INJURY / DRIVE AWAY,,UNABLE TO DETERMINE,3400,W,GRAND AVE,,NO INDICATION OF INJURY,0,0,0,7,4,11,41.89982195,-87.71143866
10/5/2017 18:00,30,STOP SIGN/FLASHER,CLEAR,"DARKNESS, LIGHTED ROAD",NOT DIVIDED,DRY,NO INJURY / DRIVE AWAY,,FAILING TO YIELD RIGHT-OF-WAY,390,W,HUBBARD ST,Y,NO INDICATION OF INJURY,0,0,0,18,5,10,41.89001135,-87.63854487
07/29/2016 04:04:00 PM,30,STOP SIGN/FLASHER,RAIN,DAYLIGHT,PARKING LOT,DRY,INJURY AND / OR TOW DUE TO CRASH,,IMPROPER OVERTAKING/PASSING,3201,S,ASHLAND AVE,,"REPORTED, NOT EVIDENT",0,0,0,16,6,7,41.83546116,-87.66554052
09/17/2021 07:49:00 PM,35,NO CONTROLS,RAIN,"DARKNESS, LIGHTED ROAD",DIVIDED - W/MEDIAN (NOT RAISED),WET,INJURY AND / OR TOW DUE TO CRASH,,IMPROPER LANE USAGE,1920,N,CLARK ST,,NONINCAPACITATING INJURY,0,0,1,19,6,9,41.91719655,-87.63548943
9/1/2017 19:00,30,TRAFFIC SIGNAL,CLEAR,DAYLIGHT,NOT DIVIDED,DRY,NO INJURY / DRIVE AWAY,,UNABLE TO DETERMINE,99,E,WACKER DR,,NO INDICATION OF INJURY,0,0,0,19,6,9,41.88809155,-87.6246827
01/26/2016 07:20:00 AM,30,NO CONTROLS,CLEAR,DAYLIGHT,DIVIDED - W/MEDIAN (NOT RAISED),DRY,NO INJURY / DRIVE AWAY,,FAILING TO YIELD RIGHT-OF-WAY,3810,N,DAMEN AVE,Y,NO INDICATION OF INJURY,0,0,0,7,3,1,41.9508468,-87.67881109
9/5/2020 12:44,30,STOP SIGN/FLASHER,CLEAR,DAYLIGHT,DIVIDED - W/MEDIAN (NOT RAISED),DRY,INJURY AND / OR TOW DUE TO CRASH,,RELATED TO BUS STOP,5100,S,HOYNE AVE,,NONINCAPACITATING INJURY,0,0,1,12,7,9,41.80115838,-87.67708235
07/18/2023 02:58:00 PM,30,STOP SIGN/FLASHER,CLEAR,DAYLIGHT,NOT DIVIDED,DRY,INJURY AND / OR TOW DUE TO CRASH,,FAILING TO YIELD RIGHT-OF-WAY,3328,W,59TH ST,N,"REPORTED, NOT EVIDENT",0,0,0,14,3,7,41.7863003,-87.7069595
5/5/2023 16:45,30,UNKNOWN,UNKNOWN,UNKNOWN,OTHER,UNKNOWN,INJURY AND / OR TOW DUE TO CRASH,,UNABLE TO DETERMINE,3911,N,BROADWAY,,NONINCAPACITATING INJURY,0,0,1,16,6,5,41.95317205,-87.64952164
07/13/2023 12:33:00 PM,30,STOP SIGN/FLASHER,CLEAR,DAYLIGHT,FOUR WAY,DRY,INJURY AND / OR TOW DUE TO CRASH,Y,DISREGARDING STOP SIGN,3800,S,HERMITAGE AVE,,NONINCAPACITATING INJURY,0,0,1,12,5,7,41.82489499,-87.66918007
08/16/2019 02:45:00 PM,30,NO CONTROLS,CLEAR,DAYLIGHT,NOT DIVIDED,DRY,INJURY AND / OR TOW DUE TO CRASH,,FAILING TO YIELD RIGHT-OF-WAY,1242,W,CHICAGO AVE,,"REPORTED, NOT EVIDENT",0,0,0,14,6,8,41.89630793,-87.65926658
12/9/2015 18:20,30,STOP SIGN/FLASHER,CLEAR,DARKNESS,NOT DIVIDED,DRY,INJURY AND / OR TOW DUE TO CRASH,,UNABLE TO DETERMINE,430,N,HALSTED ST,,"REPORTED, NOT EVIDENT",0,0,0,18,4,12,41.8900779,-87.64775609
02/16/2018 04:10:00 PM,30,STOP SIGN/FLASHER,CLEAR,DAYLIGHT,DIVIDED - W/MEDIAN (NOT RAISED),DRY,INJURY AND / OR TOW DUE TO CRASH,,DRIVING ON WRONG SIDE/WRONG WAY,1358,W,FULTON ST,,"REPORTED, NOT EVIDENT",0,0,0,16,6,2,41.88672067,-87.66112332
8/8/2019 21:01,30,TRAFFIC SIGNAL,CLEAR,"DARKNESS, LIGHTED ROAD",DIVIDED - W/MEDIAN (NOT RAISED),DRY,NO INJURY / DRIVE AWAY,,UNABLE TO DETERMINE,1322,N,MILWAUKEE AVE,,NO INDICATION OF INJURY,0,0,0,21,5,8,41.90566654,-87.67032219
06/13/2017 07:59:00 PM,30,STOP SIGN/FLASHER,CLEAR,DAYLIGHT,ONE-WAY,DRY,INJURY AND / OR TOW DUE TO CRASH,,FAILING TO YIELD RIGHT-OF-WAY,1000,W,SCHOOL ST,,NONINCAPACITATING INJURY,0,0,1,19,3,6,41.94185043,-87.65422641
08/30/2018 08:15:00 AM,5,NO CONTROLS,CLEAR,DAYLIGHT,OTHER,"SAND, MUD, DIRT",INJURY AND / OR TOW DUE TO CRASH,,FAILING TO YIELD RIGHT-OF-WAY,1201,S,MICHIGAN AVE,,NONINCAPACITATING INJURY,0,0,1,8,5,8,41.86736837,-87.62398959
7/8/2019 15:50,30,TRAFFIC SIGNAL,CLEAR,DAYLIGHT,Y-INTERSECTION,DRY,INJURY AND / OR TOW DUE TO CRASH,,NOT APPLICABLE,9899,S,MICHIGAN AVE,N,NONINCAPACITATING INJURY,0,0,1,15,2,7,41.71474064,-87.62026543
09/22/2018 11:40:00 AM,30,STOP SIGN/FLASHER,CLEAR,DAYLIGHT,OTHER,DRY,INJURY AND / OR TOW DUE TO CRASH,,FAILING TO YIELD RIGHT-OF-WAY,2251,N,MILWAUKEE AVE,,NONINCAPACITATING INJURY,0,0,1,11,7,9,41.92178385,-87.6952946
02/20/2017 07:45:00 PM,30,STOP SIGN/FLASHER,CLEAR,"DARKNESS, LIGHTED ROAD",ONE-WAY,DRY,NO INJURY / DRIVE AWAY,,DISREGARDING STOP SIGN,2629,E,77TH ST,,NO INDICATION OF INJURY,0,0,0,19,2,2,41.75532652,-87.56028877
04/28/2022 09:48:00 AM,30,TRAFFIC SIGNAL,CLEAR,DAYLIGHT,NOT DIVIDED,DRY,INJURY AND / OR TOW DUE TO CRASH,,FAILING TO YIELD RIGHT-OF-WAY,2800,W,DIVISION ST,,NONINCAPACITATING INJURY,0,0,1,9,5,4,41.90303477,-87.69694534
03/31/2018 07:00:00 PM,30,NO CONTROLS,CLEAR,DAYLIGHT,NOT DIVIDED,DRY,INJURY AND / OR TOW DUE TO CRASH,N,FAILING TO YIELD RIGHT-OF-WAY,2758,N,LINCOLN AVE,Y,"REPORTED, NOT EVIDENT",0,0,0,19,7,3,41.93186501,-87.65795128
11/22/2017 04:00:00 PM,5,NO CONTROLS,CLEAR,DAYLIGHT,PARKING LOT,DRY,INJURY AND / OR TOW DUE TO CRASH,,EXCEEDING AUTHORIZED SPEED LIMIT,762,N,KINGSBURY ST,N,NONINCAPACITATING INJURY,0,0,1,16,4,11,41.89644141,-87.64166931
06/15/2022 09:30:00 AM,15,STOP SIGN/FLASHER,CLEAR,DAYLIGHT,PARKING LOT,DRY,INJURY AND / OR TOW DUE TO CRASH,Y,FAILING TO YIELD RIGHT-OF-WAY,4821,W,NORTH AVE,,"REPORTED, NOT EVIDENT",0,0,0,9,4,6,41.90950515,-87.74695994
06/24/2022 05:17:00 PM,30,STOP SIGN/FLASHER,CLEAR,DAYLIGHT,FOUR WAY,DRY,INJURY AND / OR TOW DUE TO CRASH,,UNABLE TO DETERMINE,29,N,FRANCISCO AVE,,"REPORTED, NOT EVIDENT",0,0,0,17,6,6,41.88192625,-87.6986201
11/1/2017 19:31,20,TRAFFIC SIGNAL,RAIN,"DARKNESS, LIGHTED ROAD",ONE-WAY,WET,INJURY AND / OR TOW DUE TO CRASH,,WEATHER,3100,S,KEELER AVE,,NONINCAPACITATING INJURY,0,0,1,19,4,11,41.83673305,-87.72935523
8/1/2021 8:45,20,NO CONTROLS,CLEAR,DAYLIGHT,NOT DIVIDED,DRY,INJURY AND / OR TOW DUE TO CRASH,,UNABLE TO DETERMINE,2624,N,SHEFFIELD AVE,,NONINCAPACITATING INJURY,0,0,1,8,1,8,41.92965948,-87.65390415
05/19/2023 09:37:00 AM,35,TRAFFIC SIGNAL,UNKNOWN,DAYLIGHT,FOUR WAY,UNKNOWN,INJURY AND / OR TOW DUE TO CRASH,Y,IMPROPER TURNING/NO SIGNAL,7557,N,KEDZIE AVE,,INCAPACITATING INJURY,0,1,0,9,6,5,42.01903231,-87.708517
11/6/2020 17:57,30,OTHER,CLEAR,"DARKNESS, LIGHTED ROAD",DIVIDED - W/MEDIAN (NOT RAISED),DRY,INJURY AND / OR TOW DUE TO CRASH,,UNABLE TO DETERMINE,1971,N,HALSTED ST,Y,"REPORTED, NOT EVIDENT",0,0,0,17,6,11,41.9179695,-87.64835299
08/21/2023 05:00:00 PM,20,TRAFFIC SIGNAL,CLEAR,DAYLIGHT,FOUR WAY,DRY,INJURY AND / OR TOW DUE TO CRASH,Y,TURNING RIGHT ON RED,500,W,ROOSEVELT RD,,INCAPACITATING INJURY,0,1,0,17,2,8,41.86736269,-87.6392932
11/2/2023 18:30,30,TRAFFIC SIGNAL,CLEAR,DARKNESS,NOT DIVIDED,DRY,INJURY AND / OR TOW DUE TO CRASH,Y,UNABLE TO DETERMINE,1800,S,WENTWORTH AVE,,NONINCAPACITATING INJURY,0,0,1,18,5,11,41.85774375,-87.63203906
10/10/2022 15:50,35,TRAFFIC SIGNAL,CLEAR,DAYLIGHT,FOUR WAY,DRY,INJURY AND / OR TOW DUE TO CRASH,,DRIVING SKILLS/KNOWLEDGE/EXPERIENCE,2000,W,FULLERTON AVE,,NONINCAPACITATING INJURY,0,0,1,15,2,10,41.92513494,-87.67796355
05/30/2019 05:28:00 PM,30,NO CONTROLS,CLEAR,DAYLIGHT,ONE-WAY,DRY,NO INJURY / DRIVE AWAY,,IMPROPER OVERTAKING/PASSING,200,W,MADISON ST,,NO INDICATION OF INJURY,0,0,0,17,5,5,41.88205499,-87.6338999
08/18/2023 06:40:00 PM,30,TRAFFIC SIGNAL,CLEAR,DUSK,NOT DIVIDED,UNKNOWN,NO INJURY / DRIVE AWAY,Y,UNABLE TO DETERMINE,1800,N,CICERO AVE,,NO INDICATION OF INJURY,0,0,0,18,6,8,41.91331612,-87.7461171
6/7/2017 19:45,35,TRAFFIC SIGNAL,CLEAR,DUSK,NOT DIVIDED,DRY,INJURY AND / OR TOW DUE TO CRASH,Y,UNABLE TO DETERMINE,5900,S,HALSTED ST,,NONINCAPACITATING INJURY,0,0,1,19,4,6,41.78693165,-87.64511245
6/5/2021 13:45,30,TRAFFIC SIGNAL,CLEAR,DAYLIGHT,NOT DIVIDED,DRY,INJURY AND / OR TOW DUE TO CRASH,,IMPROPER TURNING/NO SIGNAL,505,N,ORLEANS ST,,NONINCAPACITATING INJURY,0,0,1,13,7,6,41.89093112,-87.6368685
4/4/2023 18:50,25,STOP SIGN/FLASHER,CLOUDY/OVERCAST,DAYLIGHT,DIVIDED - W/MEDIAN BARRIER,WET,INJURY AND / OR TOW DUE TO CRASH,Y,DISREGARDING STOP SIGN,13001,S,EBERHART AVE,,NONINCAPACITATING INJURY,0,0,1,18,3,4,41.65904224,-87.61050036
09/21/2017 06:20:00 AM,30,TRAFFIC SIGNAL,CLEAR,DAWN,DIVIDED - W/MEDIAN (NOT RAISED),DRY,INJURY AND / OR TOW DUE TO CRASH,Y,FAILING TO YIELD RIGHT-OF-WAY,400,S,DAMEN AVE,,NONINCAPACITATING INJURY,0,0,1,6,5,9,41.87618617,-87.67667397
9/9/2019 9:38,30,NO CONTROLS,CLEAR,"DARKNESS, LIGHTED ROAD",NOT DIVIDED,UNKNOWN,NO INJURY / DRIVE AWAY,,DRIVING SKILLS/KNOWLEDGE/EXPERIENCE,1716,W,MONTROSE AVE,,NO INDICATION OF INJURY,0,0,0,9,2,9,41.96166954,-87.67158968
06/24/2020 04:04:00 PM,30,TRAFFIC SIGNAL,CLEAR,DAYLIGHT,NOT DIVIDED,DRY,INJURY AND / OR TOW DUE TO CRASH,,FAILING TO YIELD RIGHT-OF-WAY,5600,W,LAWRENCE AVE,,NONINCAPACITATING INJURY,0,0,1,16,4,6,41.9678905,-87.7676023
5/12/2022 8:41,30,NO CONTROLS,CLEAR,DAYLIGHT,PARKING LOT,DRY,NO INJURY / DRIVE AWAY,,UNABLE TO DETERMINE,3650,N,ELSTON AVE,,NO INDICATION OF INJURY,0,0,0,8,5,5,41.94758219,-87.71046047
06/28/2019 08:00:00 AM,30,NO CONTROLS,UNKNOWN,DAYLIGHT,DIVIDED - W/MEDIAN BARRIER,UNKNOWN,INJURY AND / OR TOW DUE TO CRASH,,UNABLE TO DETERMINE,445,W,KINZIE ST,,NONINCAPACITATING INJURY,0,0,1,8,6,6,41.88893814,-87.63994305
9/9/2022 22:20,30,TRAFFIC SIGNAL,CLEAR,DAYLIGHT,FOUR WAY,DRY,INJURY AND / OR TOW DUE TO CRASH,,NOT APPLICABLE,2,N,DAMEN AVE,,INCAPACITATING INJURY,0,1,0,22,6,9,41.88135862,-87.67678939
10/26/2015 05:20:00 PM,30,NO CONTROLS,CLEAR,DAYLIGHT,ALLEY,DRY,NO INJURY / DRIVE AWAY,,NOT APPLICABLE,3175,W,FULLERTON AVE,,NO INDICATION OF INJURY,0,0,0,17,2,10,41.92460489,-87.70754757
4/7/2021 18:02,30,TRAFFIC SIGNAL,CLEAR,DAYLIGHT,NOT DIVIDED,DRY,INJURY AND / OR TOW DUE TO CRASH,,"OPERATING VEHICLE IN ERRATIC, RECKLESS, CARELESS, NEGLIGENT OR AGGRESSIVE MANNER",1000,W,WILSON AVE,,NONINCAPACITATING INJURY,0,0,1,18,4,4,41.96553919,-87.65485984
9/10/2021 18:37,30,NO CONTROLS,CLEAR,DAYLIGHT,DIVIDED - W/MEDIAN (NOT RAISED),DRY,INJURY AND / OR TOW DUE TO CRASH,,UNABLE TO DETERMINE,2840,N,NARRAGANSETT AVE,,NONINCAPACITATING INJURY,0,0,1,18,6,9,41.93222661,-87.78587782
07/17/2017 08:20:00 AM,25,NO CONTROLS,CLEAR,DAYLIGHT,NOT DIVIDED,DRY,INJURY AND / OR TOW DUE TO CRASH,,FAILING TO YIELD RIGHT-OF-WAY,6055,N,LEADER AVE,,NONINCAPACITATING INJURY,0,0,1,8,2,7,41.99122266,-87.75419321
04/23/2021 03:40:00 PM,30,STOP SIGN/FLASHER,CLEAR,DAYLIGHT,Y-INTERSECTION,DRY,INJURY AND / OR TOW DUE TO CRASH,Y,FAILING TO REDUCE SPEED TO AVOID CRASH,4657,S,ASHLAND AVE,,NONINCAPACITATING INJURY,0,0,1,15,6,4,41.80872692,-87.66482837
6/2/2022 7:35,30,NO CONTROLS,CLEAR,DAYLIGHT,DIVIDED - W/MEDIAN (NOT RAISED),DRY,INJURY AND / OR TOW DUE TO CRASH,,IMPROPER TURNING/NO SIGNAL,3640,N,ELSTON AVE,,"REPORTED, NOT EVIDENT",0,0,0,7,5,6,41.94734999,-87.71012229
07/13/2020 08:05:00 PM,30,TRAFFIC SIGNAL,CLEAR,"DARKNESS, LIGHTED ROAD",NOT DIVIDED,DRY,INJURY AND / OR TOW DUE TO CRASH,,UNABLE TO DETERMINE,4658,W,61ST ST,,NONINCAPACITATING INJURY,0,0,1,20,2,7,41.78221899,-87.73990482
4/3/2022 0:30,30,TRAFFIC SIGNAL,CLEAR,"DARKNESS, LIGHTED ROAD",FOUR WAY,DRY,INJURY AND / OR TOW DUE TO CRASH,,DISREGARDING TRAFFIC SIGNALS,4799,W,MADISON ST,,INCAPACITATING INJURY,0,1,0,0,1,4,41.88038977,-87.74515274
06/30/2020 06:22:00 PM,15,NO CONTROLS,CLEAR,DAYLIGHT,ALLEY,DRY,INJURY AND / OR TOW DUE TO CRASH,,UNABLE TO DETERMINE,3318,W,30TH ST,,INCAPACITATING INJURY,0,1,0,18,3,6,41.83910803,-87.70820663
6/8/2016 8:35,30,TRAFFIC SIGNAL,CLEAR,DAYLIGHT,DIVIDED - W/MEDIAN (NOT RAISED),DRY,INJURY AND / OR TOW DUE TO CRASH,,IMPROPER BACKING,1801,S,DAMEN AVE,,INCAPACITATING INJURY,0,1,0,8,4,6,41.85761933,-87.67584648
05/23/2017 05:00:00 AM,30,NO CONTROLS,UNKNOWN,UNKNOWN,DIVIDED - W/MEDIAN (NOT RAISED),UNKNOWN,NO INJURY / DRIVE AWAY,Y,NOT APPLICABLE,2825,S,HALSTED ST,,NO INDICATION OF INJURY,0,0,0,5,3,5,41.84272915,-87.64624727
10/23/2016 02:55:00 PM,30,NO CONTROLS,CLEAR,DAYLIGHT,ALLEY,DRY,INJURY AND / OR TOW DUE TO CRASH,,NOT APPLICABLE,3334,W,25TH ST,,NONINCAPACITATING INJURY,0,0,1,14,1,10,41.84638581,-87.70889282
06/27/2021 05:40:00 PM,30,NO CONTROLS,CLEAR,DAYLIGHT,NOT DIVIDED,DRY,INJURY AND / OR TOW DUE TO CRASH,,FAILING TO YIELD RIGHT-OF-WAY,1710,N,HONORE ST,,NONINCAPACITATING INJURY,0,0,1,17,1,6,41.91271702,-87.67400165
7/9/2020 19:15,30,TRAFFIC SIGNAL,CLEAR,DUSK,DIVIDED - W/MEDIAN BARRIER,DRY,INJURY AND / OR TOW DUE TO CRASH,,UNABLE TO DETERMINE,920,E,HYDE PARK BLVD,,NONINCAPACITATING INJURY,0,0,1,19,5,7,41.80240887,-87.6028211
04/20/2023 06:42:00 PM,30,NO CONTROLS,CLEAR,DAYLIGHT,NOT DIVIDED,DRY,INJURY AND / OR TOW DUE TO CRASH,Y,FAILING TO REDUCE SPEED TO AVOID CRASH,2014,N,PULASKI RD,,INCAPACITATING INJURY,0,1,0,18,5,4,41.91762026,-87.72672292