CRASH_DATE,POSTED_SPEED_LIMIT,TRAFFIC_CONTROL_DEVICE,WEATHER_CONDITION,LIGHTING_CONDITION,TRAFFICWAY_TYPE,ROADWAY_SURFACE_COND,CRASH_TYPE,HIT_AND_RUN_I,PRIM_CONTRIBUTORY_CAUSE,STREET_NO,STREET_DIRECTION,STREET_NAME,DOORING_I,MOST_SEVERE_INJURY,INJURIES_FATAL,INJURIES_INCAPACITATING,INJURIES_NON_INCAPACITATING,CRASH_HOUR,CRASH_DAY_OF_WEEK,CRASH_MONTH,LATITUDE,LONGITUDE
11/1/2023 12:02,15,TRAFFIC SIGNAL,CLEAR,DAYLIGHT,FOUR WAY,WET,INJURY AND / OR TOW DUE TO CRASH,N,FAILING TO YIELD RIGHT-OF-WAY,1071,W,DIVISION ST,Y,NONINCAPACITATING INJURY,0,0,1,12,4,11,41.90342217,-87.65537671
7/12/2022 10:20,30,TRAFFIC SIGNAL,CLEAR,DAYLIGHT,NOT DIVIDED,DRY,INJURY AND / OR TOW DUE TO CRASH,,UNABLE TO DETERMINE,6300,N,CENTRAL AVE,,NONINCAPACITATING INJURY,0,0,1,10,3,7,41.99622779,-87.76433185
10/8/2017 18:45,30,NO CONTROLS,CLEAR,DAYLIGHT,NOT DIVIDED,DRY,INJURY AND / OR TOW DUE TO CRASH,,UNABLE TO DETERMINE,6611,S,PERRY AVE,,NONINCAPACITATING INJURY,0,0,1,18,1,10,41.77418766,-87.62825587
11/17/2019 10:08:00 AM,30,TRAFFIC SIGNAL,CLEAR,DAYLIGHT,FOUR WAY,DRY,INJURY AND / OR TOW DUE TO CRASH,,FAILING TO YIELD RIGHT-OF-WAY,299,E,LOWER RANDOLPH ST,,NONINCAPACITATING INJURY,0,0,1,10,1,11,41.88430938,-87.62068298
10/27/2018 11:11:00 PM,30,NO CONTROLS,CLEAR,"DARKNESS, LIGHTED ROAD",DIVIDED - W/MEDIAN BARRIER,DRY,NO INJURY / DRIVE AWAY,,DISTRACTION - FROM INSIDE VEHICLE,999,W,ROOSEVELT RD,Y,NO INDICATION OF INJURY,0,0,0,23,7,10,41.86697921,-87.65094404
04/27/2021 05:40:00 PM,30,BICYCLE CROSSING SIGN,CLEAR,DAYLIGHT,FOUR WAY,DRY,INJURY AND / OR TOW DUE TO CRASH,,DISREGARDING STOP SIGN,600,W,WASHINGTON BLVD,,NONINCAPACITATING INJURY,0,0,1,17,3,4,41.88328163,-87.64277376
04/29/2022 08:08:00 PM,35,NO CONTROLS,RAIN,"DARKNESS, LIGHTED ROAD",NOT DIVIDED,WET,INJURY AND / OR TOW DUE TO CRASH,,FAILING TO YIELD RIGHT-OF-WAY,3534,W,LAWRENCE AVE,,NONINCAPACITATING INJURY,0,0,1,20,6,4,41.96847128,-87.71725282
8/7/2023 8:45,30,STOP SIGN/FLASHER,CLEAR,DAYLIGHT,NOT DIVIDED,DRY,NO INJURY / DRIVE AWAY,Y,UNABLE TO DETERMINE,1,W,NORTH BLVD,,NO INDICATION OF INJURY,0,0,0,8,2,8,41.91111224,-87.62894863
04/15/2023 02:30:00 PM,30,STOP SIGN/FLASHER,CLEAR,DAYLIGHT,NOT DIVIDED,DRY,INJURY AND / OR TOW DUE TO CRASH,Y,FAILING TO YIELD RIGHT-OF-WAY,5200,S,LAKE PARK AVE,,NONINCAPACITATING INJURY,0,0,1,14,7,4,41.80094198,-87.58763679
7/6/2023 21:15,30,STOP SIGN/FLASHER,CLEAR,"DARKNESS, LIGHTED ROAD",FOUR WAY,DRY,INJURY AND / OR TOW DUE TO CRASH,,UNABLE TO DETERMINE,1056,W,WELLINGTON AVE,,NONINCAPACITATING INJURY,0,0,1,21,5,7,41.936346,-87.65627123
09/13/2017 06:05:00 PM,30,NO CONTROLS,CLEAR,DAYLIGHT,NOT DIVIDED,DRY,INJURY AND / OR TOW DUE TO CRASH,,UNABLE TO DETERMINE,2345,S,ALBANY AVE,,NONINCAPACITATING INJURY,0,0,1,18,4,9,41.84869875,-87.70256213
6/12/2017 22:17,30,TRAFFIC SIGNAL,CLEAR,"DARKNESS, LIGHTED ROAD",NOT DIVIDED,DRY,INJURY AND / OR TOW DUE TO CRASH,,DISREGARDING TRAFFIC SIGNALS,4000,W,GRAND AVE,Y,NONINCAPACITATING INJURY,0,0,1,22,2,6,41.90625887,-87.72635348
08/28/2023 04:15:00 PM,30,NO CONTROLS,CLEAR,DAYLIGHT,DIVIDED - W/MEDIAN (NOT RAISED),DRY,INJURY AND / OR TOW DUE TO CRASH,,UNABLE TO DETERMINE,5142,W,BELMONT AVE,Y,INCAPACITATING INJURY,0,1,0,16,2,8,41.93881799,-87.75596306
08/22/2021 08:15:00 PM,30,TRAFFIC SIGNAL,CLEAR,"DARKNESS, LIGHTED ROAD",NOT DIVIDED,DRY,NO INJURY / DRIVE AWAY,Y,UNABLE TO DETERMINE,2601,S,WESTERN AVE,,NO INDICATION OF INJURY,0,0,0,20,1,8,41.84482788,-87.68529969
9/10/2021 17:20,30,TRAFFIC SIGNAL,CLEAR,DAYLIGHT,ONE-WAY,DRY,INJURY AND / OR TOW DUE TO CRASH,,UNABLE TO DETERMINE,1600,W,BERTEAU AVE,,NONINCAPACITATING INJURY,0,0,1,17,6,9,41.95805834,-87.66923419
11/23/2019 12:37:00 PM,25,NO CONTROLS,CLEAR,DAYLIGHT,NOT DIVIDED,DRY,INJURY AND / OR TOW DUE TO CRASH,,UNABLE TO DETERMINE,5000,N,CLARK ST,,NONINCAPACITATING INJURY,0,0,1,12,7,11,41.97257179,-87.66806682
10/14/2023 04:55:00 PM,30,STOP SIGN/FLASHER,RAIN,DAWN,NOT DIVIDED,WET,INJURY AND / OR TOW DUE TO CRASH,,NOT APPLICABLE,1651,N,LEAVITT ST,,NONINCAPACITATING INJURY,0,0,1,16,7,10,41.91184474,-87.68223273
08/21/2020 11:44:00 PM,30,NO CONTROLS,CLEAR,"DARKNESS, LIGHTED ROAD",DIVIDED - W/MEDIAN (NOT RAISED),DRY,INJURY AND / OR TOW DUE TO CRASH,Y,IMPROPER OVERTAKING/PASSING,1636,N,CALIFORNIA AVE,,NONINCAPACITATING INJURY,0,0,1,23,6,8,41.91129791,-87.69716293
8/12/2023 18:26,25,NO CONTROLS,UNKNOWN,UNKNOWN,NOT DIVIDED,UNKNOWN,NO INJURY / DRIVE AWAY,,FAILING TO REDUCE SPEED TO AVOID CRASH,2619,N,CENTRAL AVE,,NO INDICATION OF INJURY,0,0,0,18,7,8,41.92817813,-87.76598597
12/6/2017 17:15,30,NO CONTROLS,CLEAR,"DARKNESS, LIGHTED ROAD",DIVIDED - W/MEDIAN (NOT RAISED),DRY,NO INJURY / DRIVE AWAY,,IMPROPER TURNING/NO SIGNAL,2332,N,CALIFORNIA AVE,,NO INDICATION OF INJURY,0,0,0,17,4,12,41.92375759,-87.69753434
08/18/2017 04:00:00 PM,30,UNKNOWN,CLEAR,DAYLIGHT,NOT DIVIDED,DRY,INJURY AND / OR TOW DUE TO CRASH,Y,DRIVING SKILLS/KNOWLEDGE/EXPERIENCE,2500,W,CHICAGO AVE,,NONINCAPACITATING INJURY,0,0,1,16,6,8,41.89582528,-87.68937132
09/24/2022 11:04:00 AM,30,NO CONTROLS,CLOUDY/OVERCAST,DAYLIGHT,NOT DIVIDED,UNKNOWN,INJURY AND / OR TOW DUE TO CRASH,,UNABLE TO DETERMINE,3176,N,CLARK ST,,NONINCAPACITATING INJURY,0,0,1,11,7,9,41.93965465,-87.65060905
7/4/2023 13:04,30,STOP SIGN/FLASHER,CLEAR,DAYLIGHT,NOT DIVIDED,DRY,INJURY AND / OR TOW DUE TO CRASH,,FAILING TO YIELD RIGHT-OF-WAY,3950,W,48TH ST,,NONINCAPACITATING INJURY,0,0,1,13,3,7,41.80615336,-87.72319537
10/9/2023 17:35,30,NO CONTROLS,CLEAR,DAYLIGHT,NOT DIVIDED,DRY,INJURY AND / OR TOW DUE TO CRASH,,DRIVING SKILLS/KNOWLEDGE/EXPERIENCE,3365,S,HALSTED ST,Y,"REPORTED, NOT EVIDENT",0,0,0,17,2,10,41.83259307,-87.64600072
10/19/2023 11:30:00 PM,25,TRAFFIC SIGNAL,RAIN,"DARKNESS, LIGHTED ROAD",ONE-WAY,WET,INJURY AND / OR TOW DUE TO CRASH,Y,FAILING TO REDUCE SPEED TO AVOID CRASH,8700,S,LAFAYETTE AVE,,NONINCAPACITATING INJURY,0,0,1,23,5,10,41.73616511,-87.62558757
10/4/2017 18:33,30,NO CONTROLS,CLEAR,DUSK,NOT DIVIDED,DRY,INJURY AND / OR TOW DUE TO CRASH,,UNABLE TO DETERMINE,66,W,KINZIE ST,Y,NONINCAPACITATING INJURY,0,0,1,18,4,10,41.88932859,-87.63054785
10/17/2019 05:00:00 PM,30,NO CONTROLS,CLEAR,DUSK,DIVIDED - W/MEDIAN (NOT RAISED),DRY,INJURY AND / OR TOW DUE TO CRASH,,IMPROPER LANE USAGE,99,S,LA SALLE ST,,NONINCAPACITATING INJURY,0,0,1,17,5,10,41.8807099,-87.63218262
5/9/2017 14:30,35,NO CONTROLS,CLEAR,DAYLIGHT,NOT DIVIDED,DRY,NO INJURY / DRIVE AWAY,Y,UNABLE TO DETERMINE,2300,S,MICHIGAN AVE,,NO INDICATION OF INJURY,0,0,0,14,3,5,41.85102108,-87.62390505
6/9/2018 17:53,30,STOP SIGN/FLASHER,CLEAR,DAYLIGHT,NOT DIVIDED,DRY,INJURY AND / OR TOW DUE TO CRASH,,UNABLE TO DETERMINE,198,S,WESTERN AVE,,NONINCAPACITATING INJURY,0,0,1,17,7,6,41.87862533,-87.68651264
04/14/2023 02:10:00 PM,30,NO CONTROLS,CLEAR,DAYLIGHT,DIVIDED - W/MEDIAN BARRIER,DRY,NO INJURY / DRIVE AWAY,,IMPROPER TURNING/NO SIGNAL,700,N,DAMEN AVE,,NO INDICATION OF INJURY,0,0,0,14,6,4,41.89412642,-87.67714842
6/1/2019 14:18,30,TRAFFIC SIGNAL,CLEAR,DAYLIGHT,ONE-WAY,DRY,INJURY AND / OR TOW DUE TO CRASH,,IMPROPER LANE USAGE,498,S,CLARK ST,,"REPORTED, NOT EVIDENT",0,0,0,14,7,6,41.87567065,-87.63085896
06/14/2022 06:30:00 PM,30,NO CONTROLS,CLEAR,DAYLIGHT,NOT DIVIDED,DRY,INJURY AND / OR TOW DUE TO CRASH,,IMPROPER TURNING/NO SIGNAL,1325,N,WELLS ST,,INCAPACITATING INJURY,0,1,0,18,3,6,41.9064732,-87.63441995
07/13/2019 02:37:00 AM,30,TRAFFIC SIGNAL,CLEAR,"DARKNESS, LIGHTED ROAD",NOT DIVIDED,DRY,INJURY AND / OR TOW DUE TO CRASH,Y,UNABLE TO DETERMINE,34,N,PULASKI RD,,NONINCAPACITATING INJURY,0,0,1,2,7,7,41.88170229,-87.72584622
09/18/2023 06:40:00 PM,30,STOP SIGN/FLASHER,CLEAR,DAWN,TRAFFIC ROUTE,DRY,INJURY AND / OR TOW DUE TO CRASH,,UNABLE TO DETERMINE,3000,S,UNION AVE,,NONINCAPACITATING INJURY,0,0,1,18,2,9,41.83980739,-87.64404561
09/27/2018 08:47:00 AM,30,TRAFFIC SIGNAL,CLEAR,DAYLIGHT,ONE-WAY,DRY,INJURY AND / OR TOW DUE TO CRASH,,UNABLE TO DETERMINE,550,W,ADAMS ST,Y,NONINCAPACITATING INJURY,0,0,1,8,5,9,41.8793928,-87.64162618
07/30/2019 02:00:00 PM,25,NO CONTROLS,CLEAR,DAYLIGHT,NOT DIVIDED,DRY,NO INJURY / DRIVE AWAY,,DRIVING SKILLS/KNOWLEDGE/EXPERIENCE,5303,N,RAVENSWOOD AVE,,NO INDICATION OF INJURY,0,0,0,14,3,7,41.97802752,-87.67422573
09/25/2020 12:30:00 PM,30,TRAFFIC SIGNAL,CLEAR,DAYLIGHT,NOT DIVIDED,DRY,INJURY AND / OR TOW DUE TO CRASH,,FAILING TO YIELD RIGHT-OF-WAY,1300,E,47TH ST,Y,NONINCAPACITATING INJURY,0,0,1,12,6,9,41.80977273,-87.59496089
06/28/2018 07:54:00 AM,30,LANE USE MARKING,CLEAR,DAYLIGHT,DIVIDED - W/MEDIAN (NOT RAISED),DRY,INJURY AND / OR TOW DUE TO CRASH,,FAILING TO YIELD RIGHT-OF-WAY,309,S,HALSTED ST,Y,INCAPACITATING INJURY,0,1,0,7,5,6,41.87759242,-87.64708622
09/28/2021 03:32:00 PM,30,NO CONTROLS,CLEAR,DAYLIGHT,NOT DIVIDED,DRY,INJURY AND / OR TOW DUE TO CRASH,,UNABLE TO DETERMINE,7675,W,TALCOTT AVE,N,NONINCAPACITATING INJURY,0,0,1,15,3,9,41.99170719,-87.8191537
5/7/2021 15:00,30,NO CONTROLS,CLEAR,DAYLIGHT,FOUR WAY,DRY,NO INJURY / DRIVE AWAY,Y,IMPROPER OVERTAKING/PASSING,6900,W,DIVERSEY AVE,,NO INDICATION OF INJURY,0,0,0,15,6,5,41.93096149,-87.79797806
07/25/2021 08:35:00 PM,30,TRAFFIC SIGNAL,CLEAR,DUSK,FOUR WAY,DRY,INJURY AND / OR TOW DUE TO CRASH,Y,"OPERATING VEHICLE IN ERRATIC, RECKLESS, CARELESS, NEGLIGENT OR AGGRESSIVE MANNER",1600,N,CENTRAL PARK AVE,,INCAPACITATING INJURY,0,1,0,20,1,7,41.91010411,-87.71682283
10/18/2018 02:33:00 PM,30,NO CONTROLS,CLEAR,DAYLIGHT,NOT DIVIDED,DRY,INJURY AND / OR TOW DUE TO CRASH,,DRIVING ON WRONG SIDE/WRONG WAY,1548,E,73RD ST,N,"REPORTED, NOT EVIDENT",0,0,0,14,5,10,41.76251621,-87.58669044
08/18/2023 07:50:00 AM,30,NO CONTROLS,CLEAR,DAYLIGHT,DIVIDED - W/MEDIAN (NOT RAISED),DRY,INJURY AND / OR TOW DUE TO CRASH,,FAILING TO YIELD RIGHT-OF-WAY,460,N,MILWAUKEE AVE,,NONINCAPACITATING INJURY,0,0,1,7,6,8,41.8901734,-87.6462461
11/1/2021 23:28,30,NO CONTROLS,CLEAR,"DARKNESS, LIGHTED ROAD",NOT DIVIDED,DRY,INJURY AND / OR TOW DUE TO CRASH,Y,UNABLE TO DETERMINE,3500,N,HARLEM AVE,,INCAPACITATING INJURY,0,1,0,23,2,11,41.94353329,-87.80709507
5/7/2018 20:35,30,NO CONTROLS,CLEAR,DARKNESS,NOT DIVIDED,DRY,NO INJURY / DRIVE AWAY,Y,IMPROPER LANE USAGE,5220,N,DAMEN AVE,,NO INDICATION OF INJURY,0,0,0,20,2,5,41.97670463,-87.67957047
12/20/2020 03:00:00 PM,30,TRAFFIC SIGNAL,CLEAR,DAYLIGHT,T-INTERSECTION,DRY,INJURY AND / OR TOW DUE TO CRASH,,UNABLE TO DETERMINE,4701,S,ARCHER AVE,,NONINCAPACITATING INJURY,0,0,1,15,1,12,41.80784315,-87.71419373
9/3/2019 17:00,30,NO CONTROLS,CLEAR,DAYLIGHT,ONE-WAY,DRY,NO INJURY / DRIVE AWAY,Y,FAILING TO YIELD RIGHT-OF-WAY,2333,N,KEATING AVE,,NO INDICATION OF INJURY,0,0,0,17,3,9,41.92342871,-87.74491438
12/20/2022 04:44:00 PM,30,STOP SIGN/FLASHER,CLEAR,DAWN,NOT DIVIDED,DRY,NO INJURY / DRIVE AWAY,Y,FAILING TO YIELD RIGHT-OF-WAY,5233,N,LINCOLN AVE,,NO INDICATION OF INJURY,0,0,0,16,3,12,41.9768951,-87.69227967
10/29/2021 06:21:00 PM,30,TRAFFIC SIGNAL,RAIN,DUSK,NOT DIVIDED,WET,INJURY AND / OR TOW DUE TO CRASH,,UNABLE TO DETERMINE,2800,N,LARAMIE AVE,,NONINCAPACITATING INJURY,0,0,1,18,6,10,41.93144229,-87.7565689
07/17/2022 12:45:00 PM,30,NO CONTROLS,CLEAR,DAYLIGHT,NOT DIVIDED,DRY,INJURY AND / OR TOW DUE TO CRASH,,UNABLE TO DETERMINE,1500,N,HALSTED ST,,NONINCAPACITATING INJURY,0,0,1,12,1,7,41.90863959,-87.64836015
5/12/2022 21:42,30,NO CONTROLS,CLEAR,"DARKNESS, LIGHTED ROAD",NOT DIVIDED,DRY,INJURY AND / OR TOW DUE TO CRASH,Y,"OPERATING VEHICLE IN ERRATIC, RECKLESS, CARELESS, NEGLIGENT OR AGGRESSIVE MANNER",7300,S,ASHLAND AVE,,INCAPACITATING INJURY,0,1,0,21,5,5,41.76122493,-87.66383354
10/3/2017 15:30,30,TRAFFIC SIGNAL,CLOUDY/OVERCAST,DAYLIGHT,DIVIDED - W/MEDIAN (NOT RAISED),DRY,INJURY AND / OR TOW DUE TO CRASH,Y,FAILING TO YIELD RIGHT-OF-WAY,2956,N,MILWAUKEE AVE,,NONINCAPACITATING INJURY,0,0,1,15,3,10,41.93497394,-87.71731853
3/7/2023 11:44,30,STOP SIGN/FLASHER,CLEAR,DAYLIGHT,NOT DIVIDED,DRY,INJURY AND / OR TOW DUE TO CRASH,Y,FAILING TO YIELD RIGHT-OF-WAY,6700,S,CREGIER AVE,,NONINCAPACITATING INJURY,0,0,1,11,3,3,41.77329773,-87.58155902
10/2/2022 17:02,35,TRAFFIC SIGNAL,CLEAR,DAYLIGHT,DIVIDED - W/MEDIAN (NOT RAISED),DRY,INJURY AND / OR TOW DUE TO CRASH,Y,UNABLE TO DETERMINE,300,S,DAMEN AVE,,"REPORTED, NOT EVIDENT",0,0,0,17,1,10,41.87741284,-87.6766909
09/13/2022 02:45:00 PM,30,NO CONTROLS,CLEAR,DAYLIGHT,T-INTERSECTION,DRY,INJURY AND / OR TOW DUE TO CRASH,Y,FAILING TO YIELD RIGHT-OF-WAY,1030,N,ASHLAND AVE,,NONINCAPACITATING INJURY,0,0,1,14,3,9,41.90063614,-87.6675652
08/31/2023 08:11:00 AM,30,NO CONTROLS,CLEAR,DAYLIGHT,DRIVEWAY,DRY,INJURY AND / OR TOW DUE TO CRASH,,"VISION OBSCURED (SIGNS, TREE LIMBS, BUILDINGS, ETC.)",5910,N,SHERIDAN RD,,NONINCAPACITATING INJURY,0,0,1,8,5,8,41.98953895,-87.65551524
10/13/2022 08:00:00 AM,20,STOP SIGN/FLASHER,CLEAR,DAYLIGHT,FOUR WAY,DRY,NO INJURY / DRIVE AWAY,,DRIVING ON WRONG SIDE/WRONG WAY,2200,N,PARKSIDE AVE,,NO INDICATION OF INJURY,0,0,0,8,5,10,41.92040123,-87.76722022
05/17/2018 03:45:00 PM,30,NO CONTROLS,CLEAR,DAYLIGHT,DIVIDED - W/MEDIAN (NOT RAISED),DRY,INJURY AND / OR TOW DUE TO CRASH,Y,UNABLE TO DETERMINE,3300,W,IRVING PARK RD,,NONINCAPACITATING INJURY,0,0,1,15,5,5,41.95400071,-87.71052917
5/2/2018 15:55,30,TRAFFIC SIGNAL,CLEAR,DAYLIGHT,NOT DIVIDED,DRY,INJURY AND / OR TOW DUE TO CRASH,,FAILING TO YIELD RIGHT-OF-WAY,4700,S,LAKE PARK AVE,,NONINCAPACITATING INJURY,0,0,1,15,4,5,41.80953478,-87.59245022
06/13/2019 05:25:00 PM,30,NO CONTROLS,CLEAR,DAYLIGHT,NOT DIVIDED,DRY,INJURY AND / OR TOW DUE TO CRASH,,UNABLE TO DETERMINE,2309,N,LINCOLN AVE,,NONINCAPACITATING INJURY,0,0,1,17,5,6,41.92395298,-87.64646163
10/4/2019 17:09,30,NO CONTROLS,CLEAR,DAYLIGHT,UNKNOWN INTERSECTION TYPE,DRY,INJURY AND / OR TOW DUE TO CRASH,,FAILING TO YIELD RIGHT-OF-WAY,2559,W,BELMONT AVE,,NONINCAPACITATING INJURY,0,0,1,17,6,10,41.93931319,-87.6929833
01/13/2021 06:21:00 PM,30,NO CONTROLS,CLEAR,"DARKNESS, LIGHTED ROAD",NOT DIVIDED,DRY,NO INJURY / DRIVE AWAY,,UNABLE TO DETERMINE,4531,N,CLARK ST,Y,NO INDICATION OF INJURY,0,0,0,18,4,1,41.96440574,-87.66640517
03/30/2022 02:00:00 PM,30,STOP SIGN/FLASHER,RAIN,DAYLIGHT,FOUR WAY,WET,INJURY AND / OR TOW DUE TO CRASH,N,FAILING TO YIELD RIGHT-OF-WAY,100,N,PEORIA ST,,NONINCAPACITATING INJURY,0,0,1,14,4,3,41.88316003,-87.64988422
04/25/2019 08:50:00 AM,30,OTHER,CLEAR,DAYLIGHT,ONE-WAY,DRY,NO INJURY / DRIVE AWAY,Y,UNABLE TO DETERMINE,1517,W,WARREN BLVD,,NO INDICATION OF INJURY,0,0,0,8,5,4,41.88227153,-87.66589352
09/17/2018 01:30:00 PM,25,NO CONTROLS,CLEAR,DAYLIGHT,ALLEY,DRY,INJURY AND / OR TOW DUE TO CRASH,Y,UNABLE TO DETERMINE,715,N,AVERS AVE,,INCAPACITATING INJURY,0,1,0,13,2,9,41.89407444,-87.72222522
04/13/2018 06:30:00 PM,30,NO CONTROLS,CLEAR,DAYLIGHT,DIVIDED - W/MEDIAN (NOT RAISED),DRY,NO INJURY / DRIVE AWAY,,UNABLE TO DETERMINE,6258,N,CLARK ST,,NO INDICATION OF INJURY,0,0,0,18,6,4,41.99607256,-87.67035563
10/23/2020 08:38:00 PM,30,NO CONTROLS,CLEAR,"DARKNESS, LIGHTED ROAD",DIVIDED - W/MEDIAN BARRIER,DRY,NO INJURY / DRIVE AWAY,,FAILING TO REDUCE SPEED TO AVOID CRASH,2343,W,ARMITAGE AVE,,NO INDICATION OF INJURY,0,0,0,20,6,10,41.91746648,-87.68681624
07/16/2018 08:23:00 AM,30,STOP SIGN/FLASHER,CLEAR,DAYLIGHT,NOT DIVIDED,DRY,NO INJURY / DRIVE AWAY,Y,FAILING TO REDUCE SPEED TO AVOID CRASH,6000,S,ROCKWELL ST,,NO INDICATION OF INJURY,0,0,0,8,2,7,41.78456866,-87.68881314
10/9/2023 15:50,30,TRAFFIC SIGNAL,CLEAR,DAYLIGHT,NOT DIVIDED,DRY,NO INJURY / DRIVE AWAY,,UNABLE TO DETERMINE,2624,N,MILWAUKEE AVE,,NO INDICATION OF INJURY,0,0,0,15,2,10,41.92939865,-87.70815597
05/22/2023 01:45:00 PM,30,NO CONTROLS,CLEAR,DAYLIGHT,NOT DIVIDED,DRY,INJURY AND / OR TOW DUE TO CRASH,,UNABLE TO DETERMINE,1002,W,LAWRENCE AVE,,NONINCAPACITATING INJURY,0,0,1,13,2,5,41.96919805,-87.65497846
06/28/2023 01:11:00 PM,30,TRAFFIC SIGNAL,UNKNOWN,DAYLIGHT,FOUR WAY,UNKNOWN,INJURY AND / OR TOW DUE TO CRASH,,DRIVING SKILLS/KNOWLEDGE/EXPERIENCE,510,W,ROOSEVELT RD,,NONINCAPACITATING INJURY,0,0,1,13,4,6,41.86736267,-87.6397162
07/18/2018 02:15:00 PM,30,UNKNOWN,UNKNOWN,UNKNOWN,NOT DIVIDED,UNKNOWN,INJURY AND / OR TOW DUE TO CRASH,,UNABLE TO DETERMINE,1001,N,MILWAUKEE AVE,Y,"REPORTED, NOT EVIDENT",0,0,0,14,4,7,41.89992692,-87.660888
08/13/2022 09:25:00 PM,25,STOP SIGN/FLASHER,CLEAR,DARKNESS,FOUR WAY,DRY,INJURY AND / OR TOW DUE TO CRASH,Y,DISREGARDING STOP SIGN,6200,N,CAMPBELL AVE,,INCAPACITATING INJURY,0,1,0,21,7,8,41.99415225,-87.6923603
1/3/2019 9:00,30,STOP SIGN/FLASHER,CLEAR,DAYLIGHT,NOT DIVIDED,DRY,NO INJURY / DRIVE AWAY,,UNABLE TO DETERMINE,2000,S,LOOMIS ST,,NO INDICATION OF INJURY,0,0,0,9,5,1,41.85510443,-87.66138953
09/16/2017 03:51:00 PM,25,STOP SIGN/FLASHER,CLEAR,DAYLIGHT,OTHER,DRY,INJURY AND / OR TOW DUE TO CRASH,,FAILING TO YIELD RIGHT-OF-WAY,700,N,SPAULDING AVE,,NONINCAPACITATING INJURY,0,0,1,15,7,9,41.89378984,-87.70909134
06/27/2021 05:35:00 PM,30,STOP SIGN/FLASHER,CLEAR,DAYLIGHT,ONE-WAY,DRY,INJURY AND / OR TOW DUE TO CRASH,,IMPROPER BACKING,2446,N,KEDZIE BLVD,,NONINCAPACITATING INJURY,0,0,1,17,1,6,41.92628232,-87.70740998
04/13/2021 05:15:00 PM,35,NO CONTROLS,CLEAR,DAYLIGHT,NOT DIVIDED,DRY,INJURY AND / OR TOW DUE TO CRASH,,UNABLE TO DETERMINE,4958,W,DIVERSEY AVE,Y,NONINCAPACITATING INJURY,0,0,1,17,3,4,41.93157874,-87.75138607
9/12/2017 17:35,30,TRAFFIC SIGNAL,CLEAR,DAYLIGHT,NOT DIVIDED,DRY,INJURY AND / OR TOW DUE TO CRASH,,FAILING TO YIELD RIGHT-OF-WAY,36,W,CHICAGO AVE,,NONINCAPACITATING INJURY,0,0,1,17,3,9,41.89676634,-87.62969854
05/24/2018 08:02:00 AM,30,NO CONTROLS,CLEAR,DAYLIGHT,NOT DIVIDED,DRY,NO INJURY / DRIVE AWAY,,"VISION OBSCURED (SIGNS, TREE LIMBS, BUILDINGS, ETC.)",8700,S,VINCENNES AVE,,NO INDICATION OF INJURY,0,0,0,8,5,5,41.73600657,-87.64534182
12/23/2018 05:25:00 PM,30,TRAFFIC SIGNAL,CLEAR,"DARKNESS, LIGHTED ROAD",DIVIDED - W/MEDIAN (NOT RAISED),DRY,NO INJURY / DRIVE AWAY,Y,FAILING TO YIELD RIGHT-OF-WAY,2800,N,LARAMIE AVE,,NO INDICATION OF INJURY,0,0,0,17,1,12,41.93144229,-87.7565689
10/25/2022 07:58:00 AM,30,STOP SIGN/FLASHER,RAIN,DAYLIGHT,FOUR WAY,WET,INJURY AND / OR TOW DUE TO CRASH,,DRIVING SKILLS/KNOWLEDGE/EXPERIENCE,1978,N,KINGSBURY ST,,INCAPACITATING INJURY,0,1,0,7,3,10,41.9172718,-87.66048168
10/18/2018 08:12:00 PM,25,STOP SIGN/FLASHER,CLEAR,"DARKNESS, LIGHTED ROAD",OTHER,DRY,INJURY AND / OR TOW DUE TO CRASH,,DISREGARDING STOP SIGN,5799,W,HURON ST,,NONINCAPACITATING INJURY,0,0,1,20,5,10,41.89276247,-87.76995913
09/16/2023 01:10:00 PM,30,TRAFFIC SIGNAL,RAIN,DAYLIGHT,FOUR WAY,WET,INJURY AND / OR TOW DUE TO CRASH,,UNABLE TO DETERMINE,3100,S,LA SALLE ST,,NONINCAPACITATING INJURY,0,0,1,13,7,9,41.83822701,-87.63017264
3/5/2021 11:25,30,TRAFFIC SIGNAL,CLEAR,DAYLIGHT,NOT DIVIDED,DRY,NO INJURY / DRIVE AWAY,,"VISION OBSCURED (SIGNS, TREE LIMBS, BUILDINGS, ETC.)",5200,N,CLARK ST,,NO INDICATION OF INJURY,0,0,0,11,6,3,41.97623034,-87.66856718
11/3/2022 19:11,30,STOP SIGN/FLASHER,CLEAR,DARKNESS,NOT DIVIDED,DRY,NO INJURY / DRIVE AWAY,,FAILING TO YIELD RIGHT-OF-WAY,598,W,FULLERTON PKWY,,NO INDICATION OF INJURY,0,0,0,19,5,11,41.92564283,-87.64387128
3/11/2019 10:26,30,TRAFFIC SIGNAL,CLEAR,DAYLIGHT,DIVIDED - W/MEDIAN (NOT RAISED),DRY,INJURY AND / OR TOW DUE TO CRASH,,DISREGARDING OTHER TRAFFIC SIGNS,2000,E,76TH ST,,NONINCAPACITATING INJURY,0,0,1,10,2,3,41.75716978,-87.57604373