CRASH_DATE,POSTED_SPEED_LIMIT,TRAFFIC_CONTROL_DEVICE,WEATHER_CONDITION,LIGHTING_CONDITION,TRAFFICWAY_TYPE,ROADWAY_SURFACE_COND,CRASH_TYPE,HIT_AND_RUN_I,PRIM_CONTRIBUTORY_CAUSE,STREET_NO,STREET_DIRECTION,STREET_NAME,DOORING_I,MOST_SEVERE_INJURY,INJURIES_FATAL,INJURIES_INCAPACITATING,INJURIES_NON_INCAPACITATING,CRASH_HOUR,CRASH_DAY_OF_WEEK,CRASH_MONTH,LATITUDE,LONGITUDE
08/21/2021 08:25:00 PM,30,STOP SIGN/FLASHER,CLEAR,DARKNESS,NOT DIVIDED,UNKNOWN,INJURY AND / OR TOW DUE TO CRASH,,UNABLE TO DETERMINE,7300,N,GREENVIEW AVE,,NONINCAPACITATING INJURY,0,0,1,20,7,8,42.0139283,-87.6682162
09/15/2019 02:32:00 AM,30,NO CONTROLS,RAIN,"DARKNESS, LIGHTED ROAD",NOT DIVIDED,WET,INJURY AND / OR TOW DUE TO CRASH,Y,UNABLE TO DETERMINE,3210,W,LAKE ST,,NONINCAPACITATING INJURY,0,0,1,2,1,9,41.88449014,-87.70670044
2/11/2023 22:37,30,TRAFFIC SIGNAL,CLEAR,"DARKNESS, LIGHTED ROAD",FOUR WAY,DRY,INJURY AND / OR TOW DUE TO CRASH,,FAILING TO YIELD RIGHT-OF-WAY,831,W,BELMONT AVE,,NONINCAPACITATING INJURY,0,0,1,22,7,2,41.93985208,-87.65065333
7/4/2020 13:25,30,TRAFFIC SIGNAL,CLEAR,DAYLIGHT,T-INTERSECTION,DRY,NO INJURY / DRIVE AWAY,,UNABLE TO DETERMINE,301,W,FULLERTON PKWY,,NO INDICATION OF INJURY,0,0,0,13,7,7,41.92554615,-87.63664147
8/4/2019 15:45,30,TRAFFIC SIGNAL,CLEAR,DAYLIGHT,CENTER TURN LANE,DRY,INJURY AND / OR TOW DUE TO CRASH,,"VISION OBSCURED (SIGNS, TREE LIMBS, BUILDINGS, ETC.)",3938,N,KEDZIE AVE,,"REPORTED, NOT EVIDENT",0,0,0,15,1,8,41.95326491,-87.70814453
06/15/2022 12:00:00 PM,30,STOP SIGN/FLASHER,CLEAR,DAYLIGHT,FOUR WAY,DRY,NO INJURY / DRIVE AWAY,Y,FAILING TO YIELD RIGHT-OF-WAY,3432,W,MONTROSE AVE,,NO INDICATION OF INJURY,0,0,0,12,4,6,41.96122178,-87.71450585
09/13/2020 07:50:00 PM,30,STOP SIGN/FLASHER,CLEAR,"DARKNESS, LIGHTED ROAD",NOT DIVIDED,DRY,INJURY AND / OR TOW DUE TO CRASH,,UNABLE TO DETERMINE,900,N,CICERO AVE,,NONINCAPACITATING INJURY,0,0,1,19,1,9,41.89690571,-87.7460002
09/14/2023 07:54:00 PM,30,TRAFFIC SIGNAL,CLEAR,DARKNESS,FOUR WAY,DRY,INJURY AND / OR TOW DUE TO CRASH,,FAILING TO YIELD RIGHT-OF-WAY,1958,N,CICERO AVE,N,NONINCAPACITATING INJURY,0,0,1,19,5,9,41.91683649,-87.74625205
07/20/2016 11:25:00 AM,25,NO CONTROLS,CLEAR,DAYLIGHT,DRIVEWAY,DRY,INJURY AND / OR TOW DUE TO CRASH,Y,FAILING TO YIELD RIGHT-OF-WAY,7459,S,STATE ST,Y,NONINCAPACITATING INJURY,0,0,1,11,4,7,41.75820098,-87.62461187
6/11/2018 20:30,30,TRAFFIC SIGNAL,CLEAR,"DARKNESS, LIGHTED ROAD",NOT DIVIDED,DRY,NO INJURY / DRIVE AWAY,,FAILING TO YIELD RIGHT-OF-WAY,400,S,SACRAMENTO BLVD,,NO INDICATION OF INJURY,0,0,0,20,2,6,41.87589394,-87.70122497
01/21/2018 12:40:00 PM,30,NO CONTROLS,CLEAR,DAYLIGHT,DIVIDED - W/MEDIAN (NOT RAISED),DRY,INJURY AND / OR TOW DUE TO CRASH,,FAILING TO YIELD RIGHT-OF-WAY,1915,W,18TH ST,N,NONINCAPACITATING INJURY,0,0,1,12,1,1,41.85757628,-87.67420189
7/11/2021 11:05,30,STOP SIGN/FLASHER,RAIN,DAYLIGHT,FOUR WAY,WET,NO INJURY / DRIVE AWAY,,UNABLE TO DETERMINE,3399,W,CORTLAND ST,,NO INDICATION OF INJURY,0,0,0,11,1,7,41.91541643,-87.71177646
04/27/2021 04:30:00 PM,30,NO CONTROLS,CLEAR,DAYLIGHT,NOT DIVIDED,UNKNOWN,INJURY AND / OR TOW DUE TO CRASH,Y,IMPROPER OVERTAKING/PASSING,2500,N,HALSTED ST,,NONINCAPACITATING INJURY,0,0,1,16,3,4,41.92729888,-87.6489739
5/10/2022 15:45,30,NO CONTROLS,CLEAR,DAYLIGHT,NOT DIVIDED,DRY,INJURY AND / OR TOW DUE TO CRASH,Y,IMPROPER OVERTAKING/PASSING,4120,S,ARCHER AVE,,INCAPACITATING INJURY,0,1,0,15,3,5,41.81867081,-87.69700638
05/29/2023 04:21:00 PM,30,NO CONTROLS,CLEAR,DAYLIGHT,NOT DIVIDED,DRY,NO INJURY / DRIVE AWAY,,FAILING TO YIELD RIGHT-OF-WAY,1946,W,LAWRENCE AVE,Y,NO INDICATION OF INJURY,0,0,0,16,2,5,41.96888128,-87.67801042
07/15/2021 02:45:00 PM,30,TRAFFIC SIGNAL,CLEAR,DAYLIGHT,ONE-WAY,DRY,INJURY AND / OR TOW DUE TO CRASH,,PHYSICAL CONDITION OF DRIVER,400,W,ADAMS ST,,NONINCAPACITATING INJURY,0,0,1,14,5,7,41.8794442,-87.63814233
8/10/2019 17:10,30,TRAFFIC SIGNAL,CLEAR,DAYLIGHT,NOT DIVIDED,DRY,INJURY AND / OR TOW DUE TO CRASH,,IMPROPER TURNING/NO SIGNAL,1219,N,ASHLAND AVE,,NONINCAPACITATING INJURY,0,0,1,17,7,8,41.90407035,-87.66736761
9/9/2015 21:00,30,LANE USE MARKING,CLEAR,"DARKNESS, LIGHTED ROAD",NOT DIVIDED,DRY,INJURY AND / OR TOW DUE TO CRASH,,FAILING TO YIELD RIGHT-OF-WAY,1768,N,MILWAUKEE AVE,,NONINCAPACITATING INJURY,0,0,1,21,4,9,41.91345632,-87.6824489
09/19/2023 08:35:00 PM,30,NO CONTROLS,RAIN,DUSK,NOT DIVIDED,WET,INJURY AND / OR TOW DUE TO CRASH,Y,NOT APPLICABLE,5403,W,DIVISION ST,,"REPORTED, NOT EVIDENT",0,0,0,20,3,9,41.90208022,-87.76115408
09/13/2022 06:30:00 PM,30,NO CONTROLS,CLEAR,DAYLIGHT,NOT DIVIDED,DRY,NO INJURY / DRIVE AWAY,Y,FOLLOWING TOO CLOSELY,810,N,LESSING ST,,NO INDICATION OF INJURY,0,0,0,18,3,9,41.89676696,-87.65097573
09/27/2023 07:35:00 AM,30,NO CONTROLS,CLOUDY/OVERCAST,DAYLIGHT,T-INTERSECTION,WET,INJURY AND / OR TOW DUE TO CRASH,Y,FAILING TO YIELD RIGHT-OF-WAY,2458,N,LINCOLN AVE,,NONINCAPACITATING INJURY,0,0,1,7,4,9,41.92657037,-87.65054678
8/7/2016 19:30,30,NO CONTROLS,CLEAR,DAYLIGHT,NOT DIVIDED,DRY,NO INJURY / DRIVE AWAY,Y,UNABLE TO DETERMINE,301,S,COLUMBUS DR,,NO INDICATION OF INJURY,0,0,0,19,1,8,41.87826992,-87.62052861
08/14/2023 12:10:00 PM,30,TRAFFIC SIGNAL,RAIN,DAYLIGHT,FOUR WAY,WET,INJURY AND / OR TOW DUE TO CRASH,,UNABLE TO DETERMINE,400,E,32ND ST,,NONINCAPACITATING INJURY,0,0,1,12,2,8,41.83670726,-87.61701325
08/24/2021 05:48:00 PM,30,NO CONTROLS,RAIN,DAYLIGHT,DIVIDED - W/MEDIAN (NOT RAISED),WET,INJURY AND / OR TOW DUE TO CRASH,,WEATHER,2819,W,LAWRENCE AVE,,NONINCAPACITATING INJURY,0,0,1,17,3,8,41.96841695,-87.69949843
04/17/2021 12:00:00 PM,35,TRAFFIC SIGNAL,CLEAR,DAYLIGHT,FOUR WAY,DRY,NO INJURY / DRIVE AWAY,Y,FAILING TO YIELD RIGHT-OF-WAY,4400,N,CLARK ST,,NO INDICATION OF INJURY,0,0,0,12,7,4,41.96170077,-87.66612372
07/13/2022 02:45:00 PM,30,NO CONTROLS,CLEAR,DAYLIGHT,PARKING LOT,DRY,INJURY AND / OR TOW DUE TO CRASH,,FAILING TO REDUCE SPEED TO AVOID CRASH,2630,N,NARRAGANSETT AVE,,NONINCAPACITATING INJURY,0,0,1,14,4,7,41.92827899,-87.78576126
4/12/2019 6:45,30,NO CONTROLS,CLEAR,DAYLIGHT,ONE-WAY,DRY,NO INJURY / DRIVE AWAY,Y,DRIVING ON WRONG SIDE/WRONG WAY,3001,S,EMERALD AVE,,NO INDICATION OF INJURY,0,0,0,6,6,4,41.83979402,-87.644963
10/2/2021 15:15,30,TRAFFIC SIGNAL,CLEAR,DAYLIGHT,CENTER TURN LANE,DRY,NO INJURY / DRIVE AWAY,,UNABLE TO DETERMINE,2000,N,MILWAUKEE AVE,,NO INDICATION OF INJURY,0,0,0,15,7,10,41.91749661,-87.68871961
02/18/2020 06:00:00 AM,30,TRAFFIC SIGNAL,RAIN,DARKNESS,NOT DIVIDED,WET,INJURY AND / OR TOW DUE TO CRASH,,UNABLE TO DETERMINE,3900,S,WESTERN AVE,,NONINCAPACITATING INJURY,0,0,1,6,3,2,41.82295429,-87.68501299
10/11/2017 2:50,35,TRAFFIC SIGNAL,RAIN,"DARKNESS, LIGHTED ROAD",DIVIDED - W/MEDIAN (NOT RAISED),WET,INJURY AND / OR TOW DUE TO CRASH,,FAILING TO YIELD RIGHT-OF-WAY,5401,W,BELMONT AVE,,NONINCAPACITATING INJURY,0,0,1,2,4,10,41.93852705,-87.76165481
7/6/2021 13:30,25,NO CONTROLS,CLEAR,DAYLIGHT,NOT DIVIDED,DRY,NO INJURY / DRIVE AWAY,,UNABLE TO DETERMINE,2102,W,DEVON AVE,Y,NO INDICATION OF INJURY,0,0,0,13,3,7,41.99796126,-87.68272226
9/1/2019 3:00,30,NO CONTROLS,RAIN,"DARKNESS, LIGHTED ROAD",NOT DIVIDED,WET,INJURY AND / OR TOW DUE TO CRASH,Y,UNABLE TO DETERMINE,4550,W,LAKE ST,,FATAL,1,0,0,3,1,9,41.88639859,-87.74016236
7/5/2018 8:58,30,TRAFFIC SIGNAL,CLEAR,DAYLIGHT,NOT DIVIDED,DRY,INJURY AND / OR TOW DUE TO CRASH,,DISREGARDING TRAFFIC SIGNALS,1958,W,NORTH AVE,,"REPORTED, NOT EVIDENT",0,0,0,8,5,7,41.91058513,-87.67753277
06/22/2022 05:55:00 PM,30,UNKNOWN,UNKNOWN,UNKNOWN,NOT DIVIDED,UNKNOWN,INJURY AND / OR TOW DUE TO CRASH,,UNABLE TO DETERMINE,3446,N,SOUTHPORT AVE,,NONINCAPACITATING INJURY,0,0,1,17,4,6,41.94484401,-87.66410386
08/28/2018 04:25:00 PM,30,NO CONTROLS,CLEAR,DAYLIGHT,RAMP,DRY,INJURY AND / OR TOW DUE TO CRASH,,UNABLE TO DETERMINE,4544,W,CHICAGO AVE,,NONINCAPACITATING INJURY,0,0,1,16,3,8,41.89521955,-87.74010327
07/18/2018 05:03:00 PM,30,STOP SIGN/FLASHER,CLEAR,DAYLIGHT,NOT DIVIDED,DRY,INJURY AND / OR TOW DUE TO CRASH,,DISREGARDING STOP SIGN,2100,N,CALIFORNIA AVE,,NONINCAPACITATING INJURY,0,0,1,17,4,7,41.91964232,-87.69740954
09/20/2019 04:30:00 PM,30,NO CONTROLS,CLEAR,DAYLIGHT,DIVIDED - W/MEDIAN (NOT RAISED),DRY,NO INJURY / DRIVE AWAY,Y,UNABLE TO DETERMINE,4309,W,63RD ST,,NO INDICATION OF INJURY,0,0,0,16,6,9,41.77845786,-87.73047513
03/15/2018 12:54:00 PM,30,TRAFFIC SIGNAL,CLEAR,DAYLIGHT,NOT DIVIDED,DRY,INJURY AND / OR TOW DUE TO CRASH,,FAILING TO REDUCE SPEED TO AVOID CRASH,20,W,KINZIE ST,,"REPORTED, NOT EVIDENT",0,0,0,12,5,3,41.88935203,-87.62884885
09/15/2019 02:25:00 PM,30,NO CONTROLS,CLEAR,DAYLIGHT,DIVIDED - W/MEDIAN (NOT RAISED),DRY,INJURY AND / OR TOW DUE TO CRASH,,UNABLE TO DETERMINE,2208,N,SACRAMENTO AVE,Y,NONINCAPACITATING INJURY,0,0,1,14,1,9,41.92183364,-87.7023645
8/7/2019 17:45,30,TRAFFIC SIGNAL,CLEAR,DAYLIGHT,"FIVE POINT, OR MORE",DRY,INJURY AND / OR TOW DUE TO CRASH,,NOT APPLICABLE,3600,W,GRAND AVE,,NONINCAPACITATING INJURY,0,0,1,17,4,8,41.90236262,-87.71653886
08/29/2019 01:00:00 PM,30,NO CONTROLS,CLEAR,DAYLIGHT,NOT DIVIDED,DRY,NO INJURY / DRIVE AWAY,,EQUIPMENT - VEHICLE CONDITION,1124,S,WASHTENAW AVE,,NO INDICATION OF INJURY,0,0,0,13,5,8,41.86755483,-87.69360371
10/12/2021 19:30,25,NO CONTROLS,CLEAR,DARKNESS,NOT DIVIDED,DRY,INJURY AND / OR TOW DUE TO CRASH,Y,DRIVING SKILLS/KNOWLEDGE/EXPERIENCE,2233,W,DIVISION ST,,INCAPACITATING INJURY,0,1,0,19,3,10,41.90297191,-87.68348493
06/26/2021 11:45:00 AM,30,NO CONTROLS,RAIN,DAYLIGHT,DIVIDED - W/MEDIAN (NOT RAISED),WET,NO INJURY / DRIVE AWAY,,WEATHER,2310,N,MILWAUKEE AVE,Y,NO INDICATION OF INJURY,0,0,0,11,7,6,41.92303496,-87.6977891
07/24/2017 06:41:00 PM,30,NO CONTROLS,CLEAR,DAYLIGHT,DIVIDED - W/MEDIAN (NOT RAISED),DRY,INJURY AND / OR TOW DUE TO CRASH,,UNABLE TO DETERMINE,3928,W,DIVERSEY AVE,,NONINCAPACITATING INJURY,0,0,1,18,2,7,41.93191609,-87.72570199
6/12/2019 8:30,30,TRAFFIC SIGNAL,CLEAR,DAYLIGHT,OTHER,DRY,NO INJURY / DRIVE AWAY,,DISREGARDING TRAFFIC SIGNALS,3200,W,PALMER ST,,NO INDICATION OF INJURY,0,0,0,8,4,6,41.92156088,-87.7071345
3/12/2018 8:47,30,OTHER,CLOUDY/OVERCAST,DAYLIGHT,DIVIDED - W/MEDIAN (NOT RAISED),DRY,INJURY AND / OR TOW DUE TO CRASH,,FAILING TO YIELD RIGHT-OF-WAY,2115,W,AUGUSTA BLVD,Y,INCAPACITATING INJURY,0,1,0,8,2,3,41.89938831,-87.68025037
7/10/2019 17:40,30,NO CONTROLS,CLEAR,DAYLIGHT,NOT DIVIDED,DRY,INJURY AND / OR TOW DUE TO CRASH,Y,FAILING TO YIELD RIGHT-OF-WAY,3720,N,MILWAUKEE AVE,,NONINCAPACITATING INJURY,0,0,1,17,4,7,41.94832309,-87.73922641
7/5/2016 9:50,30,STOP SIGN/FLASHER,CLEAR,DAYLIGHT,ONE-WAY,DRY,NO INJURY / DRIVE AWAY,,DISREGARDING STOP SIGN,800,W,LAKE ST,,NO INDICATION OF INJURY,0,0,0,9,3,7,41.88577328,-87.64753569
10/30/2018 07:43:00 PM,30,TRAFFIC SIGNAL,RAIN,"DARKNESS, LIGHTED ROAD",ONE-WAY,WET,INJURY AND / OR TOW DUE TO CRASH,Y,DISREGARDING TRAFFIC SIGNALS,99,E,WASHINGTON ST,,NONINCAPACITATING INJURY,0,0,1,19,3,10,41.88312052,-87.62444426
10/22/2022 04:20:00 PM,30,UNKNOWN,CLEAR,DAYLIGHT,DIVIDED - W/MEDIAN (NOT RAISED),DRY,INJURY AND / OR TOW DUE TO CRASH,Y,DISREGARDING OTHER TRAFFIC SIGNS,2474,S,MICHIGAN AVE,,NONINCAPACITATING INJURY,0,0,1,16,7,10,41.84748434,-87.62381578
10/9/2017 16:00,30,NO CONTROLS,CLEAR,DAYLIGHT,DRIVEWAY,DRY,NO INJURY / DRIVE AWAY,,UNABLE TO DETERMINE,8652,S,LAFAYETTE AVE,,NO INDICATION OF INJURY,0,0,0,16,2,10,41.73653007,-87.62559775
10/4/2023 18:00,30,UNKNOWN,UNKNOWN,UNKNOWN,NOT DIVIDED,UNKNOWN,NO INJURY / DRIVE AWAY,,UNABLE TO DETERMINE,5300,N,AUSTIN AVE,,NO INDICATION OF INJURY,0,0,0,18,4,10,41.97753824,-87.77828925
10/9/2018 8:23,30,TRAFFIC SIGNAL,CLEAR,DAYLIGHT,NOT DIVIDED,DRY,INJURY AND / OR TOW DUE TO CRASH,,IMPROPER LANE USAGE,959,W,31ST ST,Y,NONINCAPACITATING INJURY,0,0,1,8,3,10,41.83787154,-87.65111375
2/7/2020 17:50,30,TRAFFIC SIGNAL,CLEAR,"DARKNESS, LIGHTED ROAD",DIVIDED - W/MEDIAN (NOT RAISED),DRY,INJURY AND / OR TOW DUE TO CRASH,Y,FAILING TO REDUCE SPEED TO AVOID CRASH,4000,W,26TH ST,,NONINCAPACITATING INJURY,0,0,1,17,6,2,41.84436482,-87.72461414
10/7/2021 16:20,30,UNKNOWN,CLEAR,DAYLIGHT,NOT DIVIDED,DRY,INJURY AND / OR TOW DUE TO CRASH,,FAILING TO YIELD RIGHT-OF-WAY,2735,N,CLARK ST,,INCAPACITATING INJURY,0,1,0,16,5,10,41.93231824,-87.64465065
8/1/2017 8:35,30,STOP SIGN/FLASHER,CLEAR,DAYLIGHT,DIVIDED - W/MEDIAN (NOT RAISED),DRY,INJURY AND / OR TOW DUE TO CRASH,,DRIVING SKILLS/KNOWLEDGE/EXPERIENCE,6100,W,NORTH AVE,,NONINCAPACITATING INJURY,0,0,1,8,3,8,41.90933694,-87.77768217
6/12/2023 14:02,35,NO CONTROLS,CLEAR,DAYLIGHT,OTHER,DRY,INJURY AND / OR TOW DUE TO CRASH,Y,UNABLE TO DETERMINE,3951,N,OAK PARK AVE,,NONINCAPACITATING INJURY,0,0,1,14,2,6,41.9523258,-87.79610916
06/22/2019 08:00:00 PM,25,NO CONTROLS,CLEAR,DUSK,NOT DIVIDED,DRY,NO INJURY / DRIVE AWAY,Y,FAILING TO YIELD RIGHT-OF-WAY,2826,W,FULTON ST,,NO INDICATION OF INJURY,0,0,0,20,7,6,41.88663505,-87.69748829
8/1/2016 21:00,30,NO CONTROLS,CLEAR,DARKNESS,DIVIDED - W/MEDIAN (NOT RAISED),DRY,NO INJURY / DRIVE AWAY,Y,UNABLE TO DETERMINE,5300,N,SHERIDAN RD,,NO INDICATION OF INJURY,0,0,0,21,2,8,41.97824158,-87.65517896
11/4/2019 13:15,30,STOP SIGN/FLASHER,CLEAR,DAYLIGHT,FOUR WAY,DRY,NO INJURY / DRIVE AWAY,,FAILING TO YIELD RIGHT-OF-WAY,4200,W,WEST END AVE,,NO INDICATION OF INJURY,0,0,0,13,2,11,41.88341275,-87.7307782
10/18/2018 10:59:00 PM,30,TRAFFIC SIGNAL,CLEAR,"DARKNESS, LIGHTED ROAD",DIVIDED - W/MEDIAN (NOT RAISED),DRY,NO INJURY / DRIVE AWAY,,FAILING TO YIELD RIGHT-OF-WAY,4200,N,DAMEN AVE,,NO INDICATION OF INJURY,0,0,0,22,5,10,41.95784998,-87.67901343
06/16/2020 06:15:00 PM,30,NO CONTROLS,CLEAR,DAYLIGHT,NOT DIVIDED,DRY,INJURY AND / OR TOW DUE TO CRASH,,UNABLE TO DETERMINE,2799,W,ARGYLE ST,,NONINCAPACITATING INJURY,0,0,1,18,3,6,41.97206654,-87.69875024
07/15/2022 05:29:00 PM,30,UNKNOWN,UNKNOWN,UNKNOWN,FOUR WAY,WET,NO INJURY / DRIVE AWAY,,UNABLE TO DETERMINE,4001,W,83RD ST,,NO INDICATION OF INJURY,0,0,0,17,6,7,41.74206809,-87.72173622
11/2/2022 21:01,30,STOP SIGN/FLASHER,CLEAR,"DARKNESS, LIGHTED ROAD",ONE-WAY,DRY,INJURY AND / OR TOW DUE TO CRASH,Y,UNABLE TO DETERMINE,337,E,ILLINOIS ST,,NONINCAPACITATING INJURY,0,0,1,21,4,11,41.8909229,-87.61865755
09/18/2023 10:55:00 AM,30,NO CONTROLS,CLEAR,DAYLIGHT,DIVIDED - W/MEDIAN (NOT RAISED),DRY,NO INJURY / DRIVE AWAY,,NOT APPLICABLE,3430,N,HALSTED ST,,NO INDICATION OF INJURY,0,0,0,10,2,9,41.94448025,-87.64954883
07/13/2022 10:01:00 AM,30,NO CONTROLS,CLEAR,DAYLIGHT,NOT DIVIDED,DRY,NO INJURY / DRIVE AWAY,,FAILING TO YIELD RIGHT-OF-WAY,412,S,KEDZIE AVE,N,NO INDICATION OF INJURY,0,0,0,10,4,7,41.87547952,-87.70611577
12/7/2020 11:45,30,TRAFFIC SIGNAL,CLEAR,DAYLIGHT,DIVIDED - W/MEDIAN BARRIER,DRY,NO INJURY / DRIVE AWAY,Y,FOLLOWING TOO CLOSELY,5500,N,LINCOLN AVE,,NO INDICATION OF INJURY,0,0,0,11,2,12,41.98138398,-87.6929494
09/26/2019 08:45:00 AM,30,TRAFFIC SIGNAL,CLEAR,DAYLIGHT,DIVIDED - W/MEDIAN BARRIER,DRY,NO INJURY / DRIVE AWAY,,UNABLE TO DETERMINE,399,S,LAKE SHORE DR NB,,NO INDICATION OF INJURY,0,0,0,8,5,9,41.87716703,-87.61702488
08/19/2019 12:30:00 PM,30,NO CONTROLS,CLEAR,DAYLIGHT,NOT DIVIDED,DRY,INJURY AND / OR TOW DUE TO CRASH,,UNABLE TO DETERMINE,212,N,GREEN ST,Y,NONINCAPACITATING INJURY,0,0,1,12,2,8,41.88608349,-87.64880123
06/20/2023 05:30:00 PM,30,NO CONTROLS,CLEAR,DAYLIGHT,NOT DIVIDED,DRY,INJURY AND / OR TOW DUE TO CRASH,,FAILING TO REDUCE SPEED TO AVOID CRASH,1345,S,HALSTED ST,,"REPORTED, NOT EVIDENT",0,0,0,17,3,6,41.8641445,-87.64668516
11/24/2019 06:30:00 AM,35,STOP SIGN/FLASHER,CLEAR,DAYLIGHT,FOUR WAY,DRY,INJURY AND / OR TOW DUE TO CRASH,,FAILING TO YIELD RIGHT-OF-WAY,1548,E,56TH ST,,NONINCAPACITATING INJURY,0,0,1,6,1,11,41.79347097,-87.58723229
11/18/2021 07:51:00 PM,20,NO CONTROLS,CLEAR,DAWN,NOT DIVIDED,DRY,NO INJURY / DRIVE AWAY,,UNABLE TO DETERMINE,2014,N,MILWAUKEE AVE,,NO INDICATION OF INJURY,0,0,0,19,5,11,41.91794647,-87.68946391
05/22/2022 12:26:00 PM,30,NO CONTROLS,CLEAR,DAYLIGHT,NOT DIVIDED,DRY,INJURY AND / OR TOW DUE TO CRASH,Y,UNABLE TO DETERMINE,1314,W,FOSTER AVE,,NONINCAPACITATING INJURY,0,0,1,12,1,5,41.97638554,-87.66302711
4/11/2023 14:45,30,STOP SIGN/FLASHER,CLEAR,DAYLIGHT,T-INTERSECTION,DRY,NO INJURY / DRIVE AWAY,Y,NOT APPLICABLE,2035,S,HALSTED ST,,NO INDICATION OF INJURY,0,0,0,14,3,4,41.85423024,-87.64639162
05/30/2017 07:05:00 AM,30,TRAFFIC SIGNAL,CLEAR,DAYLIGHT,NOT DIVIDED,DRY,NO INJURY / DRIVE AWAY,,FAILING TO YIELD RIGHT-OF-WAY,3100,S,UNION AVE,,NO INDICATION OF INJURY,0,0,0,7,3,5,41.83798013,-87.64398938
08/23/2023 08:35:00 PM,30,TRAFFIC SIGNAL,OTHER,"DARKNESS, LIGHTED ROAD",DIVIDED - W/MEDIAN BARRIER,DRY,INJURY AND / OR TOW DUE TO CRASH,Y,UNABLE TO DETERMINE,3003,W,NORTH AVE,,"REPORTED, NOT EVIDENT",0,0,0,20,4,8,41.91006262,-87.70234812
9/8/2022 15:02,30,NO CONTROLS,CLEAR,DAYLIGHT,ALLEY,DRY,INJURY AND / OR TOW DUE TO CRASH,,UNABLE TO DETERMINE,3616,N,LAVERGNE AVE,,NONINCAPACITATING INJURY,0,0,1,15,5,9,41.94661158,-87.75218606
5/4/2022 16:50,30,TRAFFIC SIGNAL,UNKNOWN,DAYLIGHT,FOUR WAY,UNKNOWN,INJURY AND / OR TOW DUE TO CRASH,Y,FAILING TO YIELD RIGHT-OF-WAY,5031,N,ASHLAND AVE,,NONINCAPACITATING INJURY,0,0,1,16,4,5,41.97339214,-87.66941189
08/26/2018 03:30:00 PM,30,NO CONTROLS,CLEAR,DAYLIGHT,NOT DIVIDED,DRY,NO INJURY / DRIVE AWAY,,NOT APPLICABLE,1227,W,88TH ST,,NO INDICATION OF INJURY,0,0,0,15,1,8,41.73398302,-87.65443968
10/26/2017 12:47:00 PM,30,NO CONTROLS,CLEAR,DAYLIGHT,NOT DIVIDED,DRY,NO INJURY / DRIVE AWAY,,"EVASIVE ACTION DUE TO ANIMAL, OBJECT, NONMOTORIST",1539,N,MILWAUKEE AVE,,NO INDICATION OF INJURY,0,0,0,12,5,10,41.90956287,-87.67596656
10/2/2019 16:20,35,TRAFFIC SIGNAL,CLEAR,DUSK,FOUR WAY,WET,INJURY AND / OR TOW DUE TO CRASH,,FAILING TO REDUCE SPEED TO AVOID CRASH,531,W,95TH ST,N,"REPORTED, NOT EVIDENT",0,0,0,16,4,10,41.72143257,-87.63709151
11/22/2017 02:20:00 PM,30,TRAFFIC SIGNAL,CLEAR,DAYLIGHT,NOT DIVIDED,DRY,NO INJURY / DRIVE AWAY,,DISREGARDING TRAFFIC SIGNALS,1600,N,SHEFFIELD AVE,Y,NO INDICATION OF INJURY,0,0,0,14,4,11,41.91088239,-87.65325611
8/7/2019 6:52,30,STOP SIGN/FLASHER,CLEAR,DAYLIGHT,NOT DIVIDED,DRY,INJURY AND / OR TOW DUE TO CRASH,,DISREGARDING STOP SIGN,1758,W,69TH ST,,NONINCAPACITATING INJURY,0,0,1,6,4,8,41.76860602,-87.66871542
6/2/2020 18:15,30,STOP SIGN/FLASHER,CLEAR,DAYLIGHT,NOT DIVIDED,DRY,INJURY AND / OR TOW DUE TO CRASH,,FAILING TO YIELD RIGHT-OF-WAY,2332,W,WILSON AVE,,NONINCAPACITATING INJURY,0,0,1,18,3,6,41.96500052,-87.687517
06/14/2018 12:05:00 PM,30,UNKNOWN,UNKNOWN,DAYLIGHT,NOT DIVIDED,UNKNOWN,NO INJURY / DRIVE AWAY,,NOT APPLICABLE,730,W,COUCH PL,,NO INDICATION OF INJURY,0,0,0,12,5,6,41.885213,-87.6469963
11/5/2019 10:10,30,NO CONTROLS,CLEAR,DAYLIGHT,NOT DIVIDED,DRY,INJURY AND / OR TOW DUE TO CRASH,,UNABLE TO DETERMINE,4554,W,59TH ST,Y,NONINCAPACITATING INJURY,0,0,2,10,3,11,41.78589546,-87.73739805
09/25/2023 09:08:00 AM,30,NO CONTROLS,RAIN,DAYLIGHT,NOT DIVIDED,WET,INJURY AND / OR TOW DUE TO CRASH,,IMPROPER TURNING/NO SIGNAL,445,N,KINGSBURY ST,,NONINCAPACITATING INJURY,0,0,1,9,2,9,41.89029936,-87.63874375
9/9/2017 10:55,30,NO CONTROLS,CLEAR,DAYLIGHT,NOT DIVIDED,DRY,INJURY AND / OR TOW DUE TO CRASH,Y,FAILING TO YIELD RIGHT-OF-WAY,11131,S,WESTERN AVE,,NONINCAPACITATING INJURY,0,0,1,10,7,9,41.69084405,-87.6809819