CRASH_DATE,POSTED_SPEED_LIMIT,TRAFFIC_CONTROL_DEVICE,WEATHER_CONDITION,LIGHTING_CONDITION,TRAFFICWAY_TYPE,ROADWAY_SURFACE_COND,CRASH_TYPE,HIT_AND_RUN_I,PRIM_CONTRIBUTORY_CAUSE,STREET_NO,STREET_DIRECTION,STREET_NAME,DOORING_I,MOST_SEVERE_INJURY,INJURIES_FATAL,INJURIES_INCAPACITATING,INJURIES_NON_INCAPACITATING,CRASH_HOUR,CRASH_DAY_OF_WEEK,CRASH_MONTH,LATITUDE,LONGITUDE
10/30/2020 04:20:00 PM,30,UNKNOWN,UNKNOWN,DAYLIGHT,DIVIDED - W/MEDIAN (NOT RAISED),UNKNOWN,INJURY AND / OR TOW DUE TO CRASH,Y,UNABLE TO DETERMINE,4755,W,LAKE ST,,NONINCAPACITATING INJURY,0,0,1,16,6,10,41.88648277,-87.74524917
8/1/2019 8:45,30,NO CONTROLS,CLEAR,DAYLIGHT,PARKING LOT,DRY,NO INJURY / DRIVE AWAY,,UNABLE TO DETERMINE,1401,W,NORTH AVE,,NO INDICATION OF INJURY,0,0,0,8,5,8,41.91058895,-87.66284109
05/16/2018 07:30:00 PM,30,STOP SIGN/FLASHER,CLEAR,DAYLIGHT,CENTER TURN LANE,DRY,INJURY AND / OR TOW DUE TO CRASH,,FAILING TO YIELD RIGHT-OF-WAY,2257,W,MAYPOLE AVE,,NONINCAPACITATING INJURY,0,0,1,19,4,5,41.88381473,-87.6834993
09/30/2023 12:24:00 PM,30,NO CONTROLS,CLEAR,DAYLIGHT,NOT DIVIDED,DRY,INJURY AND / OR TOW DUE TO CRASH,,DISTRACTION - FROM INSIDE VEHICLE,3318,W,FOSTER AVE,Y,INCAPACITATING INJURY,0,1,0,12,7,9,41.97581811,-87.71200236
06/28/2019 08:20:00 PM,35,TRAFFIC SIGNAL,CLEAR,DUSK,DIVIDED - W/MEDIAN BARRIER,DRY,INJURY AND / OR TOW DUE TO CRASH,Y,UNABLE TO DETERMINE,1159,S,MICHIGAN AVE,,NONINCAPACITATING INJURY,0,0,1,20,6,6,41.86749052,-87.62398199
11/13/2021 10:15:00 AM,30,TRAFFIC SIGNAL,CLEAR,DAYLIGHT,NOT DIVIDED,DRY,NO INJURY / DRIVE AWAY,,FOLLOWING TOO CLOSELY,5458,S,WESTERN AVE,,NO INDICATION OF INJURY,0,0,0,10,7,11,41.79394293,-87.68418997
06/21/2022 12:14:00 PM,30,TRAFFIC SIGNAL,CLEAR,DAYLIGHT,FOUR WAY,DRY,INJURY AND / OR TOW DUE TO CRASH,,UNABLE TO DETERMINE,800,W,BELMONT AVE,,NONINCAPACITATING INJURY,0,0,1,12,3,6,41.94009013,-87.64930996
4/4/2023 5:02,25,TRAFFIC SIGNAL,RAIN,"DARKNESS, LIGHTED ROAD",FOUR WAY,WET,INJURY AND / OR TOW DUE TO CRASH,N,FAILING TO YIELD RIGHT-OF-WAY,800,N,RUSH ST,,"REPORTED, NOT EVIDENT",0,0,0,5,3,4,41.89672111,-87.62577169
5/11/2018 14:45,30,NO CONTROLS,UNKNOWN,DAYLIGHT,DIVIDED - W/MEDIAN (NOT RAISED),UNKNOWN,INJURY AND / OR TOW DUE TO CRASH,,UNABLE TO DETERMINE,2261,N,CLYBOURN AVE,,INCAPACITATING INJURY,0,1,0,14,6,5,41.92290726,-87.66598682
03/25/2023 02:00:00 AM,25,STOP SIGN/FLASHER,RAIN,"DARKNESS, LIGHTED ROAD",FOUR WAY,WET,INJURY AND / OR TOW DUE TO CRASH,Y,DISREGARDING STOP SIGN,4500,N,DRAKE AVE,,NONINCAPACITATING INJURY,0,0,1,2,7,3,41.96299618,-87.71701522
08/23/2018 03:00:00 PM,10,NO CONTROLS,CLEAR,DAYLIGHT,ALLEY,DRY,INJURY AND / OR TOW DUE TO CRASH,,FAILING TO YIELD RIGHT-OF-WAY,4014,N,MEADE AVE,,"REPORTED, NOT EVIDENT",0,0,0,15,5,8,41.95348142,-87.77938454
11/17/2019 01:00:00 AM,30,TRAFFIC SIGNAL,CLEAR,"DARKNESS, LIGHTED ROAD",OTHER,DRY,INJURY AND / OR TOW DUE TO CRASH,,FAILING TO REDUCE SPEED TO AVOID CRASH,6709,S,STONY ISLAND AVE,,FATAL,1,0,0,1,1,11,41.77302807,-87.58594542
07/28/2020 08:54:00 AM,35,NO CONTROLS,CLEAR,DAYLIGHT,DIVIDED - W/MEDIAN (NOT RAISED),DRY,INJURY AND / OR TOW DUE TO CRASH,,FOLLOWING TOO CLOSELY,2801,N,PULASKI RD,,NONINCAPACITATING INJURY,0,0,1,8,3,7,41.93183561,-87.72683294
09/20/2020 06:04:00 PM,25,STOP SIGN/FLASHER,CLEAR,DUSK,NOT DIVIDED,DRY,INJURY AND / OR TOW DUE TO CRASH,,DRIVING SKILLS/KNOWLEDGE/EXPERIENCE,1900,W,GRANVILLE AVE,N,NONINCAPACITATING INJURY,0,0,1,18,1,9,41.99442098,-87.67724578
12/3/2019 8:00,30,OTHER,CLEAR,DAYLIGHT,DIVIDED - W/MEDIAN (NOT RAISED),DRY,INJURY AND / OR TOW DUE TO CRASH,Y,IMPROPER LANE USAGE,2340,S,STATE ST,,"REPORTED, NOT EVIDENT",0,0,0,8,3,12,41.84984007,-87.62716314
10/12/2023 16:00,30,UNKNOWN,UNKNOWN,UNKNOWN,UNKNOWN INTERSECTION TYPE,UNKNOWN,INJURY AND / OR TOW DUE TO CRASH,,UNABLE TO DETERMINE,6331,N,BROADWAY,,NONINCAPACITATING INJURY,0,0,1,16,5,10,41.99731544,-87.66033566
8/5/2021 16:35,30,NO CONTROLS,CLEAR,DAYLIGHT,ONE-WAY,DRY,INJURY AND / OR TOW DUE TO CRASH,,IMPROPER LANE USAGE,200,N,DEARBORN ST,,INCAPACITATING INJURY,0,1,0,16,5,8,41.88579631,-87.62964615
10/2/2018 0:39,30,TRAFFIC SIGNAL,RAIN,"DARKNESS, LIGHTED ROAD",NOT DIVIDED,WET,INJURY AND / OR TOW DUE TO CRASH,,WEATHER,2200,S,PRINCETON AVE,,NONINCAPACITATING INJURY,0,0,1,0,3,10,41.85282345,-87.63495904
4/12/2022 19:39,30,TRAFFIC SIGNAL,RAIN,DARKNESS,NOT DIVIDED,WET,INJURY AND / OR TOW DUE TO CRASH,,UNABLE TO DETERMINE,600,W,31ST ST,,INCAPACITATING INJURY,0,1,0,19,3,4,41.838216,-87.6414801
3/8/2020 14:45,25,UNKNOWN,CLEAR,DAYLIGHT,UNKNOWN,DRY,INJURY AND / OR TOW DUE TO CRASH,Y,NOT APPLICABLE,6332,W,BALMORAL AVE,,NONINCAPACITATING INJURY,0,0,1,14,1,3,41.97938733,-87.78653228
08/24/2020 01:45:00 PM,30,TRAFFIC SIGNAL,CLEAR,DAYLIGHT,DIVIDED - W/MEDIAN (NOT RAISED),DRY,INJURY AND / OR TOW DUE TO CRASH,Y,UNABLE TO DETERMINE,1400,W,BELMONT AVE,,NONINCAPACITATING INJURY,0,0,1,13,2,8,41.93987262,-87.66394524
05/29/2021 06:13:00 PM,30,NO CONTROLS,CLEAR,DAYLIGHT,NOT DIVIDED,DRY,NO INJURY / DRIVE AWAY,,UNABLE TO DETERMINE,4519,N,CLARK ST,,NO INDICATION OF INJURY,0,0,0,18,7,5,41.96406675,-87.6663321
08/18/2017 05:45:00 AM,40,TRAFFIC SIGNAL,CLEAR,DAYLIGHT,ONE-WAY,DRY,INJURY AND / OR TOW DUE TO CRASH,Y,UNABLE TO DETERMINE,502,E,GRAND AVE,,INCAPACITATING INJURY,0,1,0,5,6,8,41.89201968,-87.61370914
10/25/2019 10:31:00 PM,30,TRAFFIC SIGNAL,CLEAR,"DARKNESS, LIGHTED ROAD",FOUR WAY,DRY,INJURY AND / OR TOW DUE TO CRASH,,UNABLE TO DETERMINE,4358,N,CICERO AVE,,NONINCAPACITATING INJURY,0,0,1,22,6,10,41.96066903,-87.74767761
2/12/2020 5:52,30,STOP SIGN/FLASHER,CLEAR,DAWN,NOT DIVIDED,DRY,NO INJURY / DRIVE AWAY,,FAILING TO YIELD RIGHT-OF-WAY,900,W,35TH ST,,NO INDICATION OF INJURY,0,0,0,5,4,2,41.83082798,-87.64858375
05/27/2023 05:28:00 PM,30,UNKNOWN,CLEAR,DAYLIGHT,NOT DIVIDED,DRY,INJURY AND / OR TOW DUE TO CRASH,Y,UNABLE TO DETERMINE,2528,W,MONTROSE AVE,,NONINCAPACITATING INJURY,0,0,1,17,7,5,41.96139895,-87.69232677
5/8/2019 17:25,30,NO CONTROLS,CLEAR,DAYLIGHT,NOT DIVIDED,DRY,INJURY AND / OR TOW DUE TO CRASH,,FAILING TO REDUCE SPEED TO AVOID CRASH,30,W,18TH ST,,"REPORTED, NOT EVIDENT",0,0,0,17,4,5,41.85791015,-87.62844897
12/3/2020 13:30,30,STOP SIGN/FLASHER,CLEAR,DAYLIGHT,NOT DIVIDED,DRY,INJURY AND / OR TOW DUE TO CRASH,,FAILING TO YIELD RIGHT-OF-WAY,4200,W,DICKENS AVE,,NONINCAPACITATING INJURY,0,0,1,13,5,12,41.91903858,-87.73157324
10/23/2020 07:04:00 AM,30,STOP SIGN/FLASHER,CLEAR,DAYLIGHT,NOT DIVIDED,DRY,INJURY AND / OR TOW DUE TO CRASH,,FAILING TO YIELD RIGHT-OF-WAY,400,N,CARPENTER ST,,NONINCAPACITATING INJURY,0,0,1,7,6,10,41.88901698,-87.65354784
11/29/2016 09:00:00 AM,25,NO CONTROLS,CLEAR,DAYLIGHT,NOT DIVIDED,WET,NO INJURY / DRIVE AWAY,Y,FAILING TO YIELD RIGHT-OF-WAY,3525,N,CICERO AVE,,NO INDICATION OF INJURY,0,0,0,9,3,11,41.94543001,-87.74689668
08/30/2019 04:31:00 PM,30,NO CONTROLS,CLEAR,DAYLIGHT,NOT DIVIDED,DRY,NO INJURY / DRIVE AWAY,Y,UNABLE TO DETERMINE,3400,S,HALSTED ST,,NO INDICATION OF INJURY,0,0,0,16,6,8,41.83279768,-87.64629981
04/28/2022 07:30:00 AM,30,NO CONTROLS,CLEAR,DAYLIGHT,ALLEY,DRY,INJURY AND / OR TOW DUE TO CRASH,Y,FAILING TO YIELD RIGHT-OF-WAY,6421,N,WESTERN AVE,,NONINCAPACITATING INJURY,0,0,1,7,5,4,41.99838463,-87.689757
03/28/2021 09:20:00 PM,30,STOP SIGN/FLASHER,CLEAR,"DARKNESS, LIGHTED ROAD",T-INTERSECTION,DRY,INJURY AND / OR TOW DUE TO CRASH,,"VISION OBSCURED (SIGNS, TREE LIMBS, BUILDINGS, ETC.)",5500,S,THROOP ST,,NONINCAPACITATING INJURY,0,0,1,21,1,3,41.79368769,-87.65743714
07/14/2021 09:20:00 AM,30,NO CONTROLS,CLEAR,DAYLIGHT,ONE-WAY,DRY,INJURY AND / OR TOW DUE TO CRASH,,UNABLE TO DETERMINE,1449,W,RASCHER AVE,,"REPORTED, NOT EVIDENT",0,0,0,9,4,7,41.98067282,-87.66679347
11/12/2017 11:45,30,NO CONTROLS,RAIN,UNKNOWN,NOT DIVIDED,WET,NO INJURY / DRIVE AWAY,,UNABLE TO DETERMINE,4040,N,KEDZIE AVE,Y,NO INDICATION OF INJURY,0,0,0,11,1,11,41.95513627,-87.70819794
11/26/2017 12:17:00 AM,30,NO CONTROLS,CLEAR,"DARKNESS, LIGHTED ROAD",NOT DIVIDED,DRY,INJURY AND / OR TOW DUE TO CRASH,Y,UNABLE TO DETERMINE,119,S,KEDZIE AVE,,INCAPACITATING INJURY,0,1,0,0,1,11,41.87901189,-87.70591584
08/22/2018 02:50:00 PM,30,TRAFFIC SIGNAL,CLEAR,DAYLIGHT,NOT DIVIDED,DRY,NO INJURY / DRIVE AWAY,,UNABLE TO DETERMINE,111,W,HURON ST,,NO INDICATION OF INJURY,0,0,0,14,4,8,41.894716,-87.63171614
03/19/2022 02:35:00 PM,30,TRAFFIC SIGNAL,RAIN,DAYLIGHT,NOT DIVIDED,WET,INJURY AND / OR TOW DUE TO CRASH,,FAILING TO YIELD RIGHT-OF-WAY,2,W,CHICAGO AVE,,"REPORTED, NOT EVIDENT",0,0,0,14,7,3,41.89678605,-87.62828088
10/4/2023 8:50,30,TRAFFIC SIGNAL,CLEAR,DAYLIGHT,FOUR WAY,DRY,NO INJURY / DRIVE AWAY,,FAILING TO REDUCE SPEED TO AVOID CRASH,3200,W,BELMONT AVE,,NO INDICATION OF INJURY,0,0,0,8,4,10,41.93944056,-87.70771852
4/4/2020 19:10,30,NO CONTROLS,CLEAR,DAYLIGHT,UNKNOWN,DRY,INJURY AND / OR TOW DUE TO CRASH,Y,UNABLE TO DETERMINE,5658,W,MONTROSE AVE,,NONINCAPACITATING INJURY,0,0,1,19,7,4,41.96056203,-87.76963182
07/13/2016 03:17:00 PM,0,TRAFFIC SIGNAL,CLOUDY/OVERCAST,DAYLIGHT,DIVIDED - W/MEDIAN (NOT RAISED),DRY,INJURY AND / OR TOW DUE TO CRASH,,UNABLE TO DETERMINE,30,W,OAK ST,Y,NONINCAPACITATING INJURY,0,0,1,15,4,7,41.90068799,-87.62949725
03/13/2020 05:10:00 PM,30,NO CONTROLS,CLEAR,DAYLIGHT,NOT DIVIDED,DRY,NO INJURY / DRIVE AWAY,,UNABLE TO DETERMINE,2400,W,HUBBARD ST,,NO INDICATION OF INJURY,0,0,0,17,6,3,41.88966922,-87.68672112
09/24/2019 08:00:00 PM,30,NO CONTROLS,CLEAR,"DARKNESS, LIGHTED ROAD",DIVIDED - W/MEDIAN (NOT RAISED),DRY,INJURY AND / OR TOW DUE TO CRASH,,UNABLE TO DETERMINE,928,W,CHICAGO AVE,,NONINCAPACITATING INJURY,0,0,1,20,3,9,41.89644954,-87.65094333
07/21/2022 07:22:00 AM,30,NO CONTROLS,CLEAR,DAYLIGHT,DIVIDED - W/MEDIAN BARRIER,DRY,INJURY AND / OR TOW DUE TO CRASH,,UNABLE TO DETERMINE,5982,N,RIDGE AVE,,NONINCAPACITATING INJURY,0,0,1,7,5,7,41.99038095,-87.67162002
10/25/2016 07:10:00 AM,25,NO CONTROLS,CLEAR,DAYLIGHT,DIVIDED - W/MEDIAN (NOT RAISED),DRY,NO INJURY / DRIVE AWAY,Y,UNABLE TO DETERMINE,4300,S,CALIFORNIA AVE,,NO INDICATION OF INJURY,0,0,0,7,3,10,41.81544961,-87.6945694
08/17/2021 09:35:00 AM,30,STOP SIGN/FLASHER,CLEAR,DAYLIGHT,FOUR WAY,DRY,INJURY AND / OR TOW DUE TO CRASH,,FAILING TO YIELD RIGHT-OF-WAY,5000,N,KOSTNER AVE,,"REPORTED, NOT EVIDENT",0,0,0,9,3,8,41.9718694,-87.73815076
7/4/2023 16:50,30,NO CONTROLS,CLEAR,DAYLIGHT,PARKING LOT,UNKNOWN,NO INJURY / DRIVE AWAY,Y,UNABLE TO DETERMINE,6258,N,CLARK ST,N,NO INDICATION OF INJURY,0,0,0,16,3,7,41.99607256,-87.67035563
11/2/2022 8:04,25,STOP SIGN/FLASHER,CLEAR,DAYLIGHT,NOT DIVIDED,DRY,INJURY AND / OR TOW DUE TO CRASH,,FAILING TO YIELD RIGHT-OF-WAY,5358,N,OZANAM AVE,,INCAPACITATING INJURY,0,1,0,8,4,11,41.9777461,-87.82197059
3/9/2017 11:47,40,TRAFFIC SIGNAL,CLEAR,DAYLIGHT,DIVIDED - W/MEDIAN BARRIER,DRY,NO INJURY / DRIVE AWAY,Y,DISREGARDING TRAFFIC SIGNALS,100,S,LAKE SHORE DR SB,,NO INDICATION OF INJURY,0,0,0,11,5,3,41.88085605,-87.61763589
09/27/2022 04:59:00 PM,30,TRAFFIC SIGNAL,CLEAR,DAYLIGHT,DIVIDED - W/MEDIAN (NOT RAISED),DRY,INJURY AND / OR TOW DUE TO CRASH,Y,FAILING TO YIELD RIGHT-OF-WAY,4200,W,GRAND AVE,,NONINCAPACITATING INJURY,0,0,1,16,3,9,41.90825555,-87.73136116
08/28/2018 07:22:00 AM,30,STOP SIGN/FLASHER,CLEAR,DAYLIGHT,NOT DIVIDED,DRY,INJURY AND / OR TOW DUE TO CRASH,,UNABLE TO DETERMINE,11000,S,EWING AVE,,NONINCAPACITATING INJURY,0,0,1,7,3,8,41.6953839,-87.53542898
06/20/2023 09:50:00 PM,30,TRAFFIC SIGNAL,CLEAR,"DARKNESS, LIGHTED ROAD",FOUR WAY,DRY,INJURY AND / OR TOW DUE TO CRASH,Y,FAILING TO YIELD RIGHT-OF-WAY,200,W,71ST ST,,NONINCAPACITATING INJURY,0,0,1,21,3,6,41.76554364,-87.62983591
7/5/2018 20:50,30,STOP SIGN/FLASHER,CLEAR,"DARKNESS, LIGHTED ROAD",ONE-WAY,DRY,INJURY AND / OR TOW DUE TO CRASH,,FAILING TO YIELD RIGHT-OF-WAY,3700,N,NOTTINGHAM AVE,,INCAPACITATING INJURY,0,1,0,20,5,7,41.94721525,-87.80476531
10/13/2021 12:24:00 PM,30,UNKNOWN,UNKNOWN,UNKNOWN,UNKNOWN,UNKNOWN,NO INJURY / DRIVE AWAY,,UNABLE TO DETERMINE,5900,N,INDIAN RD,,NO INDICATION OF INJURY,0,0,0,12,4,10,41.98759196,-87.76463873
7/3/2019 17:15,30,STOP SIGN/FLASHER,CLEAR,DAYLIGHT,NOT DIVIDED,DRY,INJURY AND / OR TOW DUE TO CRASH,Y,FAILING TO YIELD RIGHT-OF-WAY,700,S,SACRAMENTO BLVD,,NONINCAPACITATING INJURY,0,0,1,17,4,7,41.87277866,-87.70113015
10/22/2023 02:48:00 PM,30,NO CONTROLS,CLEAR,DAYLIGHT,DIVIDED - W/MEDIAN (NOT RAISED),DRY,NO INJURY / DRIVE AWAY,,DRIVING ON WRONG SIDE/WRONG WAY,911,S,COLUMBUS DR,,NO INDICATION OF INJURY,0,0,0,14,1,10,41.870309,-87.62038269
2/5/2020 20:00,30,NO CONTROLS,SNOW,DARKNESS,DIVIDED - W/MEDIAN (NOT RAISED),SNOW OR SLUSH,NO INJURY / DRIVE AWAY,,FOLLOWING TOO CLOSELY,11,S,GREEN ST,Y,NO INDICATION OF INJURY,0,0,0,20,4,2,41.88139444,-87.64837353
06/28/2020 07:41:00 PM,30,NO CONTROLS,CLEAR,DAYLIGHT,NOT DIVIDED,DRY,INJURY AND / OR TOW DUE TO CRASH,,NOT APPLICABLE,1021,W,ARMITAGE AVE,Y,NONINCAPACITATING INJURY,0,0,1,19,1,6,41.91798129,-87.65434085
06/19/2018 05:35:00 PM,30,TRAFFIC SIGNAL,CLEAR,DAYLIGHT,CENTER TURN LANE,DRY,INJURY AND / OR TOW DUE TO CRASH,,DISREGARDING TRAFFIC SIGNALS,2126,N,CENTRAL AVE,Y,INCAPACITATING INJURY,0,1,0,17,3,6,41.91872815,-87.76593607
05/27/2022 01:09:00 PM,30,NO CONTROLS,CLEAR,DAYLIGHT,NOT DIVIDED,DRY,INJURY AND / OR TOW DUE TO CRASH,,IMPROPER TURNING/NO SIGNAL,6647,S,COTTAGE GROVE AVE,N,NONINCAPACITATING INJURY,0,0,1,13,6,5,41.77357381,-87.60563603
10/4/2023 18:40,30,NO CONTROLS,CLEAR,DARKNESS,NOT DIVIDED,DRY,INJURY AND / OR TOW DUE TO CRASH,,FAILING TO YIELD RIGHT-OF-WAY,6425,S,PULASKI RD,,NONINCAPACITATING INJURY,0,0,1,18,4,10,41.77596058,-87.72254454
07/17/2021 04:00:00 PM,30,TRAFFIC SIGNAL,CLEAR,DAYLIGHT,FOUR WAY,DRY,NO INJURY / DRIVE AWAY,,UNABLE TO DETERMINE,6460,W,FULLERTON AVE,,NO INDICATION OF INJURY,0,0,0,16,7,7,41.92376935,-87.7876261
05/13/2022 07:30:00 PM,25,TRAFFIC SIGNAL,CLEAR,DAYLIGHT,FOUR WAY,DRY,INJURY AND / OR TOW DUE TO CRASH,,IMPROPER TURNING/NO SIGNAL,5922,N,CLARK ST,,NONINCAPACITATING INJURY,0,0,1,19,6,5,41.98907468,-87.67007481
8/11/2018 11:40,30,TRAFFIC SIGNAL,CLEAR,DAYLIGHT,NOT DIVIDED,DRY,NO INJURY / DRIVE AWAY,,FAILING TO YIELD RIGHT-OF-WAY,1154,S,CLARK ST,,NO INDICATION OF INJURY,0,0,0,11,7,8,41.86757102,-87.63058647
09/26/2019 07:29:00 AM,30,NO CONTROLS,CLEAR,DAYLIGHT,NOT DIVIDED,DRY,INJURY AND / OR TOW DUE TO CRASH,Y,IMPROPER LANE USAGE,2218,N,CLYBOURN AVE,,NONINCAPACITATING INJURY,0,0,1,7,5,9,41.9220088,-87.66515758
08/23/2016 02:20:00 PM,30,STOP SIGN/FLASHER,CLEAR,DAYLIGHT,OTHER,DRY,NO INJURY / DRIVE AWAY,,UNABLE TO DETERMINE,3500,S,PAULINA ST,N,NO INDICATION OF INJURY,0,0,0,14,3,8,41.83038069,-87.66809739
8/9/2018 7:10,30,TRAFFIC SIGNAL,CLEAR,DAYLIGHT,DIVIDED - W/MEDIAN (NOT RAISED),DRY,INJURY AND / OR TOW DUE TO CRASH,,FAILING TO YIELD RIGHT-OF-WAY,727,W,MADISON ST,,FATAL,1,0,0,7,5,8,41.88167803,-87.64672119
5/1/2018 12:55,30,TRAFFIC SIGNAL,CLEAR,DAYLIGHT,NOT DIVIDED,DRY,NO INJURY / DRIVE AWAY,,FAILING TO YIELD RIGHT-OF-WAY,1201,N,WELLS ST,,NO INDICATION OF INJURY,0,0,0,12,3,5,41.90391048,-87.63433243
09/21/2022 02:47:00 PM,30,NO CONTROLS,CLEAR,DAYLIGHT,NOT DIVIDED,DRY,INJURY AND / OR TOW DUE TO CRASH,Y,IMPROPER LANE USAGE,1000,W,18TH ST,,NONINCAPACITATING INJURY,0,0,1,14,4,9,41.85813113,-87.65160263
5/4/2022 8:54,30,NO CONTROLS,CLEAR,DAYLIGHT,NOT DIVIDED,DRY,INJURY AND / OR TOW DUE TO CRASH,,NOT APPLICABLE,3816,N,KIMBALL AVE,Y,INCAPACITATING INJURY,0,1,0,8,4,5,41.95075688,-87.71295846
07/23/2023 05:03:00 AM,30,TRAFFIC SIGNAL,CLOUDY/OVERCAST,DAWN,FOUR WAY,WET,NO INJURY / DRIVE AWAY,Y,DISREGARDING TRAFFIC SIGNALS,200,S,DAMEN AVE,,NO INDICATION OF INJURY,0,0,0,5,1,7,41.87868067,-87.67672552
6/8/2019 17:20,30,UNKNOWN,UNKNOWN,DAYLIGHT,ONE-WAY,UNKNOWN,NO INJURY / DRIVE AWAY,Y,NOT APPLICABLE,133,S,FRANKLIN ST,,NO INDICATION OF INJURY,0,0,0,17,7,6,41.87984747,-87.63510546
11/2/2022 18:20,30,TRAFFIC SIGNAL,UNKNOWN,UNKNOWN,FOUR WAY,UNKNOWN,NO INJURY / DRIVE AWAY,,UNABLE TO DETERMINE,801,W,DIVERSEY PKWY,,NO INDICATION OF INJURY,0,0,0,18,4,11,41.93260888,-87.64906776
3/9/2020 19:15,20,NO CONTROLS,RAIN,"DARKNESS, LIGHTED ROAD",NOT DIVIDED,WET,INJURY AND / OR TOW DUE TO CRASH,Y,UNABLE TO DETERMINE,6600,W,GEORGE ST,,NONINCAPACITATING INJURY,0,0,1,19,2,3,41.93287856,-87.7906519
09/21/2018 02:00:00 PM,30,NO CONTROLS,CLEAR,DAYLIGHT,NOT DIVIDED,DRY,NO INJURY / DRIVE AWAY,Y,FAILING TO YIELD RIGHT-OF-WAY,155,S,KEDZIE AVE,,NO INDICATION OF INJURY,0,0,0,14,6,9,41.87843579,-87.70590006
05/27/2018 12:48:00 AM,30,TRAFFIC SIGNAL,CLEAR,"DARKNESS, LIGHTED ROAD",DIVIDED - W/MEDIAN (NOT RAISED),DRY,INJURY AND / OR TOW DUE TO CRASH,Y,UNABLE TO DETERMINE,5200,W,MADISON ST,,NONINCAPACITATING INJURY,0,0,1,0,1,5,41.88048075,-87.75513043
04/23/2019 06:45:00 PM,15,NO CONTROLS,CLEAR,DAYLIGHT,ONE-WAY,DRY,INJURY AND / OR TOW DUE TO CRASH,,FAILING TO YIELD RIGHT-OF-WAY,2338,W,MORSE AVE,,"REPORTED, NOT EVIDENT",0,0,0,18,3,4,42.00727958,-87.68957493
06/19/2019 11:40:00 AM,30,NO CONTROLS,CLEAR,DAYLIGHT,DIVIDED - W/MEDIAN (NOT RAISED),DRY,NO INJURY / DRIVE AWAY,Y,FAILING TO YIELD RIGHT-OF-WAY,2140,N,LINCOLN PARK WEST,,NO INDICATION OF INJURY,0,0,0,11,4,6,41.92139231,-87.63658624
06/21/2020 04:35:00 PM,30,NO CONTROLS,CLEAR,DAYLIGHT,NOT DIVIDED,DRY,INJURY AND / OR TOW DUE TO CRASH,,FAILING TO YIELD RIGHT-OF-WAY,3306,W,LAWRENCE AVE,Y,NONINCAPACITATING INJURY,0,0,1,16,1,6,41.96853618,-87.71123887
07/27/2022 05:20:00 PM,30,TRAFFIC SIGNAL,CLEAR,DAYLIGHT,NOT DIVIDED,DRY,NO INJURY / DRIVE AWAY,Y,IMPROPER TURNING/NO SIGNAL,1535,W,DIVISION ST,,NO INDICATION OF INJURY,0,0,0,17,4,7,41.90324815,-87.66653381
11/29/2022 01:00:00 PM,25,NO CONTROLS,CLEAR,DAYLIGHT,NOT DIVIDED,DRY,INJURY AND / OR TOW DUE TO CRASH,,UNABLE TO DETERMINE,4027,N,KEDZIE AVE,,"REPORTED, NOT EVIDENT",0,0,0,13,3,11,41.95474611,-87.70789274
4/9/2019 12:20,30,NO CONTROLS,CLEAR,DAYLIGHT,DIVIDED - W/MEDIAN (NOT RAISED),DRY,NO INJURY / DRIVE AWAY,,FAILING TO YIELD RIGHT-OF-WAY,3850,N,CALIFORNIA AVE,,NO INDICATION OF INJURY,0,0,0,12,3,4,41.95183249,-87.69832686
6/4/2019 23:30,30,NO CONTROLS,CLEAR,DARKNESS,ONE-WAY,DRY,NO INJURY / DRIVE AWAY,,UNABLE TO DETERMINE,190,W,MADISON ST,,NO INDICATION OF INJURY,0,0,0,23,3,6,41.8820576,-87.63353327
07/31/2019 01:00:00 PM,35,NO CONTROLS,CLEAR,DAYLIGHT,DRIVEWAY,DRY,INJURY AND / OR TOW DUE TO CRASH,,FAILING TO YIELD RIGHT-OF-WAY,10801,S,PULASKI RD,,NONINCAPACITATING INJURY,0,0,1,13,4,7,41.69651015,-87.72039119
5/3/2018 12:39,30,NO CONTROLS,CLEAR,DAYLIGHT,NOT DIVIDED,WET,INJURY AND / OR TOW DUE TO CRASH,,UNABLE TO DETERMINE,2243,W,NORTH AVE,Y,NONINCAPACITATING INJURY,0,0,1,12,5,5,41.91025904,-87.68404367
9/1/2021 16:52,30,STOP SIGN/FLASHER,CLEAR,DAYLIGHT,NOT DIVIDED,DRY,INJURY AND / OR TOW DUE TO CRASH,,NOT APPLICABLE,1200,W,WELLINGTON AVE,,NONINCAPACITATING INJURY,0,0,1,16,4,9,41.93630456,-87.6589626
07/25/2022 09:00:00 PM,30,TRAFFIC SIGNAL,UNKNOWN,UNKNOWN,FOUR WAY,UNKNOWN,NO INJURY / DRIVE AWAY,,UNABLE TO DETERMINE,3755,W,ARMITAGE AVE,,NO INDICATION OF INJURY,0,0,0,21,2,7,41.91711739,-87.72144502
06/15/2016 04:00:00 PM,20,NO CONTROLS,CLEAR,DAYLIGHT,DIVIDED - W/MEDIAN (NOT RAISED),DRY,INJURY AND / OR TOW DUE TO CRASH,,IMPROPER OVERTAKING/PASSING,410,W,CHICAGO AVE,,NONINCAPACITATING INJURY,0,0,1,16,4,6,41.89663498,-87.63916349
11/6/2020 23:30,30,NO CONTROLS,CLEAR,"DARKNESS, LIGHTED ROAD",NOT DIVIDED,DRY,INJURY AND / OR TOW DUE TO CRASH,Y,UNABLE TO DETERMINE,2360,N,CALIFORNIA AVE,,NONINCAPACITATING INJURY,0,0,1,23,6,11,41.92458684,-87.69755398