CRASH_DATE,POSTED_SPEED_LIMIT,TRAFFIC_CONTROL_DEVICE,WEATHER_CONDITION,LIGHTING_CONDITION,TRAFFICWAY_TYPE,ROADWAY_SURFACE_COND,CRASH_TYPE,HIT_AND_RUN_I,PRIM_CONTRIBUTORY_CAUSE,STREET_NO,STREET_DIRECTION,STREET_NAME,DOORING_I,MOST_SEVERE_INJURY,INJURIES_FATAL,INJURIES_INCAPACITATING,INJURIES_NON_INCAPACITATING,CRASH_HOUR,CRASH_DAY_OF_WEEK,CRASH_MONTH,LATITUDE,LONGITUDE
08/17/2018 08:30:00 PM,30,STOP SIGN/FLASHER,UNKNOWN,"DARKNESS, LIGHTED ROAD",OTHER,WET,INJURY AND / OR TOW DUE TO CRASH,,UNABLE TO DETERMINE,2900,N,NEW ENGLAND AVE,,NONINCAPACITATING INJURY,0,0,1,20,6,8,41.93276034,-87.79812428
12/23/2018 02:30:00 PM,30,TRAFFIC SIGNAL,CLEAR,DAYLIGHT,NOT DIVIDED,DRY,NO INJURY / DRIVE AWAY,,UNABLE TO DETERMINE,1799,N,CLYBOURN AVE,Y,NO INDICATION OF INJURY,0,0,0,14,1,12,41.91376805,-87.65328456
12/21/2020 10:07:00 PM,30,TRAFFIC SIGNAL,CLEAR,DARKNESS,ONE-WAY,DRY,NO INJURY / DRIVE AWAY,,IMPROPER LANE USAGE,9,W,KINZIE ST,,NO INDICATION OF INJURY,0,0,0,22,2,12,41.88913727,-87.62843006
10/28/2020 06:20:00 PM,30,UNKNOWN,UNKNOWN,UNKNOWN,NOT DIVIDED,UNKNOWN,INJURY AND / OR TOW DUE TO CRASH,,UNABLE TO DETERMINE,3637,N,SOUTHPORT AVE,Y,INCAPACITATING INJURY,0,1,0,18,4,10,41.9481786,-87.66389687
9/7/2017 10:45,35,NO CONTROLS,CLEAR,DAYLIGHT,NOT DIVIDED,DRY,INJURY AND / OR TOW DUE TO CRASH,,UNABLE TO DETERMINE,1699,N,LARRABEE ST,,NONINCAPACITATING INJURY,0,0,1,10,5,9,41.91272301,-87.64334031
08/16/2022 06:38:00 PM,30,TRAFFIC SIGNAL,CLEAR,DAYLIGHT,T-INTERSECTION,DRY,INJURY AND / OR TOW DUE TO CRASH,,UNABLE TO DETERMINE,6815,N,KEDZIE AVE,,INCAPACITATING INJURY,0,1,0,18,3,8,42.00512357,-87.70918793
09/22/2022 06:07:00 AM,30,TRAFFIC SIGNAL,CLEAR,DAYLIGHT,FOUR WAY,WET,INJURY AND / OR TOW DUE TO CRASH,,UNABLE TO DETERMINE,6198,W,MONTROSE AVE,,NONINCAPACITATING INJURY,0,0,1,6,5,9,41.96039494,-87.78184753
07/17/2021 03:40:00 AM,30,NO CONTROLS,CLEAR,"DARKNESS, LIGHTED ROAD",NOT DIVIDED,DRY,INJURY AND / OR TOW DUE TO CRASH,Y,UNABLE TO DETERMINE,1437,W,DIVISION ST,,NONINCAPACITATING INJURY,0,0,1,3,7,7,41.90327501,-87.66400863
08/25/2017 07:25:00 PM,30,NO CONTROLS,CLEAR,"DARKNESS, LIGHTED ROAD",NOT DIVIDED,DRY,INJURY AND / OR TOW DUE TO CRASH,N,NOT APPLICABLE,1030,N,STATE ST,,"REPORTED, NOT EVIDENT",0,0,0,19,6,8,41.90146342,-87.62848137
04/24/2018 05:35:00 PM,30,NO CONTROLS,CLEAR,DAYLIGHT,NOT DIVIDED,DRY,NO INJURY / DRIVE AWAY,Y,UNABLE TO DETERMINE,1139,N,MILWAUKEE AVE,,NO INDICATION OF INJURY,0,0,0,17,3,4,41.90249299,-87.66490664
06/27/2022 07:09:00 PM,30,NO CONTROLS,CLEAR,DAYLIGHT,OTHER,DRY,NO INJURY / DRIVE AWAY,Y,UNABLE TO DETERMINE,1366,N,KARLOV AVE,,NO INDICATION OF INJURY,0,0,0,19,2,6,41.90620292,-87.72901047
10/4/2022 19:00,30,STOP SIGN/FLASHER,CLEAR,DAYLIGHT,FOUR WAY,DRY,NO INJURY / DRIVE AWAY,,DISREGARDING STOP SIGN,1500,N,DEARBORN PKWY,,NO INDICATION OF INJURY,0,0,0,19,3,10,41.90954266,-87.63030314
05/22/2019 05:11:00 PM,30,STOP SIGN/FLASHER,CLEAR,DAYLIGHT,NOT DIVIDED,DRY,NO INJURY / DRIVE AWAY,Y,UNABLE TO DETERMINE,6327,S,SPRINGFIELD AVE,,NO INDICATION OF INJURY,0,0,0,17,4,5,41.77781848,-87.72013753
08/29/2018 09:35:00 AM,30,TRAFFIC SIGNAL,RAIN,DAYLIGHT,UNKNOWN,WET,NO INJURY / DRIVE AWAY,,FAILING TO YIELD RIGHT-OF-WAY,103,N,DESPLAINES ST,,NO INDICATION OF INJURY,0,0,0,9,4,8,41.88325969,-87.64402163
09/30/2016 04:00:00 PM,30,NO CONTROLS,CLEAR,DAYLIGHT,NOT DIVIDED,WET,NO INJURY / DRIVE AWAY,Y,DISREGARDING ROAD MARKINGS,2943,N,CLYBOURN AVE,,NO INDICATION OF INJURY,0,0,0,16,6,9,41.93514474,-87.68187705
09/17/2020 06:20:00 PM,30,PEDESTRIAN CROSSING SIGN,CLEAR,DUSK,NOT DIVIDED,DRY,NO INJURY / DRIVE AWAY,,UNABLE TO DETERMINE,3858,W,ADDISON ST,,NO INDICATION OF INJURY,0,0,0,18,5,9,41.94651549,-87.7248999
09/13/2020 10:16:00 AM,30,TRAFFIC SIGNAL,CLEAR,DAYLIGHT,NOT DIVIDED,DRY,INJURY AND / OR TOW DUE TO CRASH,Y,FAILING TO YIELD RIGHT-OF-WAY,1200,W,ROOSEVELT RD,,NONINCAPACITATING INJURY,0,0,1,10,1,9,41.86710548,-87.65674501
6/4/2022 9:15,30,TRAFFIC SIGNAL,CLEAR,DAYLIGHT,NOT DIVIDED,DRY,NO INJURY / DRIVE AWAY,Y,IMPROPER TURNING/NO SIGNAL,3201,W,CERMAK RD,,NO INDICATION OF INJURY,0,0,0,9,7,6,41.85165455,-87.70531269
04/21/2019 04:49:00 PM,25,TRAFFIC SIGNAL,CLEAR,DAYLIGHT,NOT DIVIDED,DRY,INJURY AND / OR TOW DUE TO CRASH,,FAILING TO YIELD RIGHT-OF-WAY,100,E,WACKER DR,,INCAPACITATING INJURY,0,1,0,16,1,4,41.88840303,-87.62439642
09/27/2016 03:45:00 PM,30,UNKNOWN,CLEAR,DAYLIGHT,DIVIDED - W/MEDIAN BARRIER,DRY,INJURY AND / OR TOW DUE TO CRASH,,NOT APPLICABLE,1000,W,ROOSEVELT RD,Y,"REPORTED, NOT EVIDENT",0,0,0,15,3,9,41.86719645,-87.65108822
11/2/2022 8:00,30,NO CONTROLS,CLEAR,DAYLIGHT,NOT DIVIDED,DRY,NO INJURY / DRIVE AWAY,,UNABLE TO DETERMINE,300,W,KINZIE ST,,NO INDICATION OF INJURY,0,0,0,8,4,11,41.88925819,-87.63557084
4/12/2019 16:00,30,NO CONTROLS,CLEAR,DAYLIGHT,DIVIDED - W/MEDIAN (NOT RAISED),DRY,INJURY AND / OR TOW DUE TO CRASH,,FAILING TO YIELD RIGHT-OF-WAY,7001,S,WESTERN AVE,,NONINCAPACITATING INJURY,0,0,1,16,6,4,41.76642811,-87.68314438
10/12/2023 7:26,30,NO CONTROLS,RAIN,DAYLIGHT,NOT DIVIDED,WET,NO INJURY / DRIVE AWAY,,DRIVING SKILLS/KNOWLEDGE/EXPERIENCE,2540,N,PULASKI RD,,NO INDICATION OF INJURY,0,0,0,7,5,10,41.92753257,-87.72700302
08/26/2020 05:00:00 PM,20,NO CONTROLS,CLEAR,DAYLIGHT,NOT DIVIDED,DRY,NO INJURY / DRIVE AWAY,,NOT APPLICABLE,6500,S,JUSTINE ST,,NO INDICATION OF INJURY,0,0,0,17,4,8,41.77575723,-87.66303465
05/28/2020 12:42:00 AM,30,NO CONTROLS,CLEAR,"DARKNESS, LIGHTED ROAD",ALLEY,WET,INJURY AND / OR TOW DUE TO CRASH,Y,"OPERATING VEHICLE IN ERRATIC, RECKLESS, CARELESS, NEGLIGENT OR AGGRESSIVE MANNER",5222,W,QUINCY ST,,INCAPACITATING INJURY,0,1,0,0,5,5,41.87766426,-87.75593528
02/18/2017 12:10:00 PM,30,NO CONTROLS,CLEAR,DAYLIGHT,NOT DIVIDED,UNKNOWN,INJURY AND / OR TOW DUE TO CRASH,,UNABLE TO DETERMINE,1700,W,LAWRENCE AVE,,NONINCAPACITATING INJURY,0,0,1,12,7,2,41.96897095,-87.67110152
09/20/2020 10:40:00 AM,30,TRAFFIC SIGNAL,CLEAR,DAYLIGHT,NOT DIVIDED,DRY,INJURY AND / OR TOW DUE TO CRASH,,FAILING TO YIELD RIGHT-OF-WAY,3001,W,DIVISION ST,,NONINCAPACITATING INJURY,0,0,1,10,1,9,41.90276997,-87.70183868
01/14/2017 03:15:00 PM,30,NO CONTROLS,CLEAR,DAYLIGHT,NOT DIVIDED,DRY,NO INJURY / DRIVE AWAY,,UNABLE TO DETERMINE,1910,W,NORTH AVE,Y,NO INDICATION OF INJURY,0,0,0,15,7,1,41.91062634,-87.67550707
11/5/2016 18:30,30,NO CONTROLS,CLEAR,"DARKNESS, LIGHTED ROAD",DIVIDED - W/MEDIAN (NOT RAISED),DRY,NO INJURY / DRIVE AWAY,,NOT APPLICABLE,2903,N,BROADWAY,Y,NO INDICATION OF INJURY,0,0,0,18,7,11,41.93530753,-87.64409342
8/9/2017 11:50,30,NO CONTROLS,CLEAR,DAYLIGHT,DIVIDED - W/MEDIAN (NOT RAISED),DRY,NO INJURY / DRIVE AWAY,Y,UNABLE TO DETERMINE,3431,W,LAWRENCE AVE,N,NO INDICATION OF INJURY,0,0,0,11,4,8,41.96827763,-87.71464661
03/19/2019 01:00:00 PM,25,NO CONTROLS,CLEAR,DAYLIGHT,ONE-WAY,DRY,INJURY AND / OR TOW DUE TO CRASH,Y,IMPROPER OVERTAKING/PASSING,9629,S,ESCANABA AVE,,"REPORTED, NOT EVIDENT",0,0,0,13,3,3,41.7200252,-87.55365497
09/13/2022 05:47:00 PM,20,TRAFFIC SIGNAL,CLEAR,DAYLIGHT,FOUR WAY,DRY,INJURY AND / OR TOW DUE TO CRASH,,DISREGARDING TRAFFIC SIGNALS,4100,S,STATE ST,N,"REPORTED, NOT EVIDENT",0,0,0,17,3,9,41.82006156,-87.62650822
9/9/2016 11:37,30,NO CONTROLS,CLEAR,DAYLIGHT,DIVIDED - W/MEDIAN (NOT RAISED),DRY,NO INJURY / DRIVE AWAY,,"OPERATING VEHICLE IN ERRATIC, RECKLESS, CARELESS, NEGLIGENT OR AGGRESSIVE MANNER",4260,N,LINCOLN AVE,,NO INDICATION OF INJURY,0,0,0,11,6,9,41.95937141,-87.68258232
08/14/2020 09:55:00 AM,25,TRAFFIC SIGNAL,CLEAR,DAYLIGHT,NOT DIVIDED,DRY,INJURY AND / OR TOW DUE TO CRASH,,IMPROPER TURNING/NO SIGNAL,1801,W,NORTH AVE,,"REPORTED, NOT EVIDENT",0,0,0,9,6,8,41.91045095,-87.67263519
10/6/2019 19:00,30,NO CONTROLS,CLEAR,"DARKNESS, LIGHTED ROAD",DIVIDED - W/MEDIAN (NOT RAISED),DRY,NO INJURY / DRIVE AWAY,Y,NOT APPLICABLE,4024,N,KEDZIE AVE,Y,NO INDICATION OF INJURY,0,0,0,19,1,10,41.95468501,-87.70818516
08/18/2019 01:50:00 PM,30,NO CONTROLS,CLEAR,DAYLIGHT,DIVIDED - W/MEDIAN (NOT RAISED),DRY,INJURY AND / OR TOW DUE TO CRASH,,FAILING TO YIELD RIGHT-OF-WAY,3544,W,DIVERSEY AVE,Y,NONINCAPACITATING INJURY,0,0,1,13,1,8,41.93202784,-87.71658512
10/13/2023 03:41:00 PM,30,NO CONTROLS,RAIN,DAYLIGHT,NOT DIVIDED,WET,NO INJURY / DRIVE AWAY,,UNABLE TO DETERMINE,5358,N,WESTERN AVE,,NO INDICATION OF INJURY,0,0,0,15,6,10,41.97943004,-87.68943764
6/6/2023 17:30,30,UNKNOWN,UNKNOWN,UNKNOWN,T-INTERSECTION,UNKNOWN,INJURY AND / OR TOW DUE TO CRASH,Y,FAILING TO YIELD RIGHT-OF-WAY,669,N,MILWAUKEE AVE,,"REPORTED, NOT EVIDENT",0,0,0,17,3,6,41.8938344,-87.65146287
07/20/2022 03:57:00 PM,30,STOP SIGN/FLASHER,CLEAR,DAYLIGHT,FOUR WAY,DRY,INJURY AND / OR TOW DUE TO CRASH,,FAILING TO YIELD RIGHT-OF-WAY,2659,W,CHICAGO AVE,,INCAPACITATING INJURY,0,1,0,15,4,7,41.8955598,-87.69411207
4/1/2017 19:41,30,TRAFFIC SIGNAL,CLEAR,"DARKNESS, LIGHTED ROAD",DIVIDED - W/MEDIAN (NOT RAISED),DRY,INJURY AND / OR TOW DUE TO CRASH,Y,UNABLE TO DETERMINE,2398,W,DEVON AVE,Y,NONINCAPACITATING INJURY,0,0,1,19,7,4,41.99784092,-87.68982649
07/20/2020 01:25:00 PM,30,NO CONTROLS,CLEAR,DAYLIGHT,NOT DIVIDED,DRY,NO INJURY / DRIVE AWAY,Y,FAILING TO YIELD RIGHT-OF-WAY,1402,S,PULASKI RD,,NO INDICATION OF INJURY,0,0,0,13,2,7,41.8623715,-87.7252002
04/15/2023 03:58:00 PM,30,TRAFFIC SIGNAL,CLEAR,DAYLIGHT,NOT DIVIDED,DRY,NO INJURY / DRIVE AWAY,,FAILING TO YIELD RIGHT-OF-WAY,430,S,HALSTED ST,,NO INDICATION OF INJURY,0,0,0,15,7,4,41.87577134,-87.64732107
03/28/2018 05:45:00 PM,30,NO CONTROLS,CLEAR,DAYLIGHT,DIVIDED - W/MEDIAN (NOT RAISED),DRY,INJURY AND / OR TOW DUE TO CRASH,,NOT APPLICABLE,3521,N,ELSTON AVE,,"REPORTED, NOT EVIDENT",0,0,0,17,4,3,41.94536353,-87.70677719
4/8/2019 18:50,25,TRAFFIC SIGNAL,CLEAR,DAYLIGHT,NOT DIVIDED,DRY,INJURY AND / OR TOW DUE TO CRASH,Y,IMPROPER TURNING/NO SIGNAL,1200,N,HUMBOLDT DR,,NONINCAPACITATING INJURY,0,0,1,18,2,4,41.9029192,-87.70241273
05/21/2023 09:54:00 PM,25,TRAFFIC SIGNAL,CLEAR,"DARKNESS, LIGHTED ROAD",FOUR WAY,DRY,INJURY AND / OR TOW DUE TO CRASH,Y,IMPROPER TURNING/NO SIGNAL,3553,W,NORTH AVE,,"REPORTED, NOT EVIDENT",0,0,0,21,1,5,41.90988647,-87.71653031
06/16/2022 01:20:00 AM,30,NO CONTROLS,RAIN,"DARKNESS, LIGHTED ROAD",NOT DIVIDED,WET,INJURY AND / OR TOW DUE TO CRASH,,NOT APPLICABLE,5009,N,SHERIDAN RD,,INCAPACITATING INJURY,0,1,0,1,5,6,41.97361773,-87.65478924
07/17/2023 06:32:00 PM,30,NO CONTROLS,CLEAR,DAYLIGHT,NOT DIVIDED,DRY,INJURY AND / OR TOW DUE TO CRASH,,UNABLE TO DETERMINE,7022,N,CLARK ST,Y,"REPORTED, NOT EVIDENT",0,0,0,18,2,7,42.00969798,-87.67427433
11/26/2019 03:50:00 PM,30,UNKNOWN,UNKNOWN,UNKNOWN,NOT DIVIDED,WET,NO INJURY / DRIVE AWAY,N,UNABLE TO DETERMINE,4032,N,BROADWAY,,NO INDICATION OF INJURY,0,0,0,15,3,11,41.95537429,-87.65122649
10/8/2018 17:15,20,NO CONTROLS,CLEAR,DAYLIGHT,ONE-WAY,DRY,NO INJURY / DRIVE AWAY,,FAILING TO YIELD RIGHT-OF-WAY,3998,W,70TH ST,,NO INDICATION OF INJURY,0,0,0,17,2,10,41.76603164,-87.72230838
4/2/2019 15:22,30,TRAFFIC SIGNAL,CLEAR,DAYLIGHT,DIVIDED - W/MEDIAN (NOT RAISED),DRY,INJURY AND / OR TOW DUE TO CRASH,,UNABLE TO DETERMINE,3951,N,SOUTHPORT AVE,,NONINCAPACITATING INJURY,0,0,1,15,3,4,41.95403999,-87.66406253
10/8/2019 9:00,30,TRAFFIC SIGNAL,CLEAR,DAYLIGHT,T-INTERSECTION,DRY,NO INJURY / DRIVE AWAY,,FAILING TO YIELD RIGHT-OF-WAY,2800,S,ASHLAND AVE,,NO INDICATION OF INJURY,0,0,0,9,3,10,41.84083718,-87.66597033
09/17/2018 06:50:00 PM,0,NO CONTROLS,CLEAR,"DARKNESS, LIGHTED ROAD",ONE-WAY,DRY,INJURY AND / OR TOW DUE TO CRASH,,UNABLE TO DETERMINE,5864,N,WINTHROP AVE,Y,NONINCAPACITATING INJURY,0,0,1,18,2,9,41.98901982,-87.65832924
8/11/2022 10:43,30,NO CONTROLS,CLEAR,DAYLIGHT,NOT DIVIDED,DRY,INJURY AND / OR TOW DUE TO CRASH,,FAILING TO YIELD RIGHT-OF-WAY,6724,N,NORTHWEST HWY,Y,INCAPACITATING INJURY,0,1,0,10,5,8,42.00322881,-87.81709232
10/21/2022 01:00:00 PM,30,UNKNOWN,UNKNOWN,UNKNOWN,NOT DIVIDED,UNKNOWN,NO INJURY / DRIVE AWAY,,UNABLE TO DETERMINE,875,N,DEARBORN ST,,NO INDICATION OF INJURY,0,0,0,13,6,10,41.89877212,-87.62968583
08/17/2023 08:14:00 PM,30,NO CONTROLS,CLEAR,"DARKNESS, LIGHTED ROAD",NOT DIVIDED,DRY,INJURY AND / OR TOW DUE TO CRASH,,FAILING TO YIELD RIGHT-OF-WAY,790,N,MILWAUKEE AVE,,NONINCAPACITATING INJURY,0,0,1,20,5,8,41.89601172,-87.65528506
09/16/2023 05:27:00 PM,30,NO CONTROLS,CLEAR,DAYLIGHT,NOT DIVIDED,DRY,INJURY AND / OR TOW DUE TO CRASH,,OBSTRUCTED CROSSWALKS,300,E,35TH ST,Y,"REPORTED, NOT EVIDENT",0,0,0,17,7,9,41.83119241,-87.6192892
03/26/2018 09:10:00 AM,30,TRAFFIC SIGNAL,CLEAR,DAYLIGHT,ONE-WAY,DRY,INJURY AND / OR TOW DUE TO CRASH,Y,FAILING TO YIELD RIGHT-OF-WAY,1658,W,ADAMS ST,,NONINCAPACITATING INJURY,0,0,1,9,2,3,41.87896798,-87.66910721
9/3/2020 0:45,20,NO CONTROLS,CLEAR,"DARKNESS, LIGHTED ROAD",ONE-WAY,DRY,NO INJURY / DRIVE AWAY,Y,FAILING TO YIELD RIGHT-OF-WAY,2025,N,LAMON AVE,,NO INDICATION OF INJURY,0,0,0,0,5,9,41.91767397,-87.74854292
10/2/2018 15:55,30,UNKNOWN,UNKNOWN,UNKNOWN,UNKNOWN,UNKNOWN,INJURY AND / OR TOW DUE TO CRASH,,UNABLE TO DETERMINE,1600,W,107TH ST,,"REPORTED, NOT EVIDENT",0,0,0,15,3,10,41.69950633,-87.66227839
11/8/2019 19:00,30,NO CONTROLS,CLEAR,DARKNESS,DIVIDED - W/MEDIAN (NOT RAISED),DRY,NO INJURY / DRIVE AWAY,,UNABLE TO DETERMINE,1500,N,CLYBOURN AVE,,NO INDICATION OF INJURY,0,0,0,19,6,11,41.90856014,-87.64645269
08/20/2023 05:10:00 PM,30,NO CONTROLS,CLEAR,DAYLIGHT,OTHER,DRY,NO INJURY / DRIVE AWAY,,DRIVING ON WRONG SIDE/WRONG WAY,4385,S,ARCHER AVE,,NO INDICATION OF INJURY,0,0,0,17,1,8,41.81369495,-87.70465802
06/25/2019 08:22:00 PM,30,TRAFFIC SIGNAL,CLEAR,UNKNOWN,NOT DIVIDED,UNKNOWN,NO INJURY / DRIVE AWAY,,NOT APPLICABLE,5319,S,WOODLAWN AVE,Y,NO INDICATION OF INJURY,0,0,0,20,3,6,41.79884439,-87.59648042
10/1/2019 11:11,30,NO CONTROLS,CLEAR,DAYLIGHT,OTHER,DRY,INJURY AND / OR TOW DUE TO CRASH,,UNABLE TO DETERMINE,1135,S,HALSTED ST,,INCAPACITATING INJURY,0,1,0,11,3,10,41.86784978,-87.6467739
09/30/2017 03:20:00 PM,25,TRAFFIC SIGNAL,CLEAR,DAYLIGHT,NOT DIVIDED,DRY,INJURY AND / OR TOW DUE TO CRASH,,DISREGARDING STOP SIGN,4700,N,CLARK ST,,NONINCAPACITATING INJURY,0,0,1,15,7,9,41.96715109,-87.66728414
03/20/2018 04:14:00 PM,30,NO CONTROLS,CLEAR,DAYLIGHT,NOT DIVIDED,DRY,INJURY AND / OR TOW DUE TO CRASH,Y,IMPROPER OVERTAKING/PASSING,3841,W,CORTLAND ST,,NONINCAPACITATING INJURY,0,0,1,16,3,3,41.91527287,-87.72326521
9/7/2018 8:22,20,TRAFFIC SIGNAL,CLEAR,DAYLIGHT,NOT DIVIDED,DRY,NO INJURY / DRIVE AWAY,,UNABLE TO DETERMINE,3622,N,MILWAUKEE AVE,,NO INDICATION OF INJURY,0,0,0,8,6,9,41.94659245,-87.73639221
9/10/2017 19:10,15,NO CONTROLS,CLEAR,DUSK,PARKING LOT,DRY,NO INJURY / DRIVE AWAY,,FAILING TO REDUCE SPEED TO AVOID CRASH,2801,N,LARAMIE AVE,,NO INDICATION OF INJURY,0,0,0,19,1,9,41.9314483,-87.75627501
06/15/2018 02:45:00 PM,30,NO CONTROLS,CLEAR,DAYLIGHT,NOT DIVIDED,DRY,NO INJURY / DRIVE AWAY,,UNABLE TO DETERMINE,2402,N,WESTERN AVE,Y,NO INDICATION OF INJURY,0,0,0,14,6,6,41.92500487,-87.6877928
09/16/2022 06:26:00 PM,30,NO CONTROLS,CLEAR,"DARKNESS, LIGHTED ROAD",NOT DIVIDED,DRY,INJURY AND / OR TOW DUE TO CRASH,,DRIVING SKILLS/KNOWLEDGE/EXPERIENCE,709,W,31ST ST,,NONINCAPACITATING INJURY,0,0,1,18,6,9,41.83796069,-87.64424357
4/11/2022 15:05,30,STOP SIGN/FLASHER,CLEAR,DAYLIGHT,NOT DIVIDED,DRY,INJURY AND / OR TOW DUE TO CRASH,,UNABLE TO DETERMINE,10600,S,AVENUE L,,NONINCAPACITATING INJURY,0,0,1,15,2,4,41.70264801,-87.53663874
6/1/2023 17:06,20,NO CONTROLS,CLEAR,DAYLIGHT,ALLEY,DRY,INJURY AND / OR TOW DUE TO CRASH,Y,FAILING TO YIELD RIGHT-OF-WAY,8,N,CENTRAL AVE,,"REPORTED, NOT EVIDENT",0,0,0,17,5,6,41.88051738,-87.7650133
05/22/2018 09:25:00 PM,30,NO CONTROLS,CLEAR,"DARKNESS, LIGHTED ROAD",NOT DIVIDED,DRY,NO INJURY / DRIVE AWAY,Y,UNABLE TO DETERMINE,5900,W,IRVING PARK RD,,NO INDICATION OF INJURY,0,0,0,21,3,5,41.95319299,-87.77439875
9/9/2021 21:47,30,NO CONTROLS,CLEAR,"DARKNESS, LIGHTED ROAD",NOT DIVIDED,DRY,INJURY AND / OR TOW DUE TO CRASH,,DISREGARDING STOP SIGN,3100,N,SOUTHPORT AVE,,NONINCAPACITATING INJURY,0,0,1,21,5,9,41.93798384,-87.66390386
05/20/2019 06:45:00 PM,30,NO CONTROLS,CLEAR,DAYLIGHT,NOT DIVIDED,DRY,INJURY AND / OR TOW DUE TO CRASH,,DRIVING SKILLS/KNOWLEDGE/EXPERIENCE,2095,W,HOWARD ST,,NONINCAPACITATING INJURY,0,0,1,18,2,5,42.01935762,-87.68289519
07/30/2022 05:00:00 PM,30,TRAFFIC SIGNAL,UNKNOWN,DAYLIGHT,FOUR WAY,UNKNOWN,INJURY AND / OR TOW DUE TO CRASH,Y,UNABLE TO DETERMINE,1601,W,FULLERTON AVE,,NONINCAPACITATING INJURY,0,0,1,17,7,7,41.92504107,-87.66820133
10/28/2016 12:35:00 PM,30,NO CONTROLS,CLEAR,DAYLIGHT,DIVIDED - W/MEDIAN (NOT RAISED),DRY,NO INJURY / DRIVE AWAY,,IMPROPER OVERTAKING/PASSING,1123,W,HUBBARD ST,,NO INDICATION OF INJURY,0,0,0,12,6,10,41.88989626,-87.65561732
7/10/2022 20:15,35,UNKNOWN,CLEAR,DAWN,NOT DIVIDED,DRY,INJURY AND / OR TOW DUE TO CRASH,Y,UNABLE TO DETERMINE,2015,W,AUGUSTA BLVD,,INCAPACITATING INJURY,0,1,0,20,1,7,41.89943113,-87.67780533
12/16/2021 06:15:00 PM,30,TRAFFIC SIGNAL,CLEAR,"DARKNESS, LIGHTED ROAD",ONE-WAY,DRY,INJURY AND / OR TOW DUE TO CRASH,,DRIVING ON WRONG SIDE/WRONG WAY,198,W,GRAND AVE,,INCAPACITATING INJURY,0,1,0,18,5,12,41.89169763,-87.63399619
9/10/2021 7:00,30,STOP SIGN/FLASHER,CLEAR,DAYLIGHT,NOT DIVIDED,DRY,NO INJURY / DRIVE AWAY,,UNABLE TO DETERMINE,2757,W,LE MOYNE ST,,NO INDICATION OF INJURY,0,0,0,7,6,9,41.90828776,-87.6968496
6/11/2022 16:44,30,TRAFFIC SIGNAL,CLEAR,DAYLIGHT,NOT DIVIDED,DRY,INJURY AND / OR TOW DUE TO CRASH,,UNABLE TO DETERMINE,301,S,WESTERN AVE,,NONINCAPACITATING INJURY,0,0,1,16,7,6,41.87747696,-87.68619603
11/5/2021 19:30,25,TRAFFIC SIGNAL,UNKNOWN,UNKNOWN,FOUR WAY,UNKNOWN,INJURY AND / OR TOW DUE TO CRASH,Y,DISREGARDING TRAFFIC SIGNALS,1998,W,PRATT BLVD,,"REPORTED, NOT EVIDENT",0,0,0,19,6,11,42.00531849,-87.68006376
6/9/2016 18:49,25,NO CONTROLS,CLEAR,DAYLIGHT,ONE-WAY,DRY,INJURY AND / OR TOW DUE TO CRASH,Y,FAILING TO YIELD RIGHT-OF-WAY,2416,N,AVERS AVE,,NONINCAPACITATING INJURY,0,0,1,18,5,6,41.9250748,-87.7232672
07/27/2020 07:40:00 PM,30,TRAFFIC SIGNAL,CLEAR,DAYLIGHT,NOT DIVIDED,DRY,INJURY AND / OR TOW DUE TO CRASH,,FAILING TO YIELD RIGHT-OF-WAY,5010,S,ARCHER AVE,,NO INDICATION OF INJURY,0,0,0,19,2,7,41.80195546,-87.72424723
03/13/2021 02:15:00 PM,30,STOP SIGN/FLASHER,CLEAR,DAYLIGHT,FOUR WAY,DRY,INJURY AND / OR TOW DUE TO CRASH,,UNABLE TO DETERMINE,1732,W,LAWRENCE AVE,,NONINCAPACITATING INJURY,0,0,1,14,7,3,41.96895496,-87.6724386
6/8/2022 17:00,30,NO CONTROLS,CLEAR,DAYLIGHT,DIVIDED - W/MEDIAN (NOT RAISED),DRY,INJURY AND / OR TOW DUE TO CRASH,Y,IMPROPER OVERTAKING/PASSING,1222,W,18TH ST,,NONINCAPACITATING INJURY,0,0,1,17,4,6,41.85804733,-87.65742295
10/9/2017 13:12,30,TRAFFIC SIGNAL,CLEAR,DAYLIGHT,NOT DIVIDED,DRY,INJURY AND / OR TOW DUE TO CRASH,Y,UNABLE TO DETERMINE,800,N,HOMAN AVE,,NONINCAPACITATING INJURY,0,0,1,13,2,10,41.89555016,-87.71158416
10/6/2018 12:38,25,NO CONTROLS,CLOUDY/OVERCAST,DAYLIGHT,ALLEY,DRY,INJURY AND / OR TOW DUE TO CRASH,,FAILING TO YIELD RIGHT-OF-WAY,4110,S,SACRAMENTO AVE,,NONINCAPACITATING INJURY,0,0,1,12,7,10,41.81871886,-87.69960312
4/7/2019 16:48,30,NO CONTROLS,CLEAR,DAYLIGHT,NOT DIVIDED,DRY,NO INJURY / DRIVE AWAY,,UNABLE TO DETERMINE,2333,W,CERMAK RD,,NO INDICATION OF INJURY,0,0,0,16,1,4,41.85193063,-87.68456883