CRASH_DATE,POSTED_SPEED_LIMIT,TRAFFIC_CONTROL_DEVICE,WEATHER_CONDITION,LIGHTING_CONDITION,TRAFFICWAY_TYPE,ROADWAY_SURFACE_COND,CRASH_TYPE,HIT_AND_RUN_I,PRIM_CONTRIBUTORY_CAUSE,STREET_NO,STREET_DIRECTION,STREET_NAME,DOORING_I,MOST_SEVERE_INJURY,INJURIES_FATAL,INJURIES_INCAPACITATING,INJURIES_NON_INCAPACITATING,CRASH_HOUR,CRASH_DAY_OF_WEEK,CRASH_MONTH,LATITUDE,LONGITUDE
08/26/2017 09:17:00 PM,30,NO CONTROLS,CLEAR,"DARKNESS, LIGHTED ROAD",NOT DIVIDED,DRY,INJURY AND / OR TOW DUE TO CRASH,,ROAD CONSTRUCTION/MAINTENANCE,2120,N,HALSTED ST,,NONINCAPACITATING INJURY,0,0,1,21,7,8,41.92064821,-87.64874391
09/22/2017 03:40:00 PM,30,TRAFFIC SIGNAL,CLEAR,DAYLIGHT,NOT DIVIDED,DRY,INJURY AND / OR TOW DUE TO CRASH,,NOT APPLICABLE,2100,W,35TH ST,,NONINCAPACITATING INJURY,0,0,1,15,6,9,41.83047251,-87.67781092
08/16/2022 04:30:00 PM,30,TRAFFIC SIGNAL,CLEAR,DAYLIGHT,FOUR WAY,DRY,INJURY AND / OR TOW DUE TO CRASH,Y,DISREGARDING TRAFFIC SIGNALS,200,E,60TH ST,,NONINCAPACITATING INJURY,0,0,1,16,3,8,41.78572801,-87.6205392
10/6/2018 17:48,30,TRAFFIC SIGNAL,CLEAR,DAYLIGHT,NOT DIVIDED,DRY,NO INJURY / DRIVE AWAY,,UNABLE TO DETERMINE,1200,N,LARRABEE ST,,NO INDICATION OF INJURY,0,0,0,17,7,10,41.90376961,-87.64336894
08/27/2017 10:50:00 PM,30,TRAFFIC SIGNAL,RAIN,"DARKNESS, LIGHTED ROAD",DIVIDED - W/MEDIAN (NOT RAISED),WET,INJURY AND / OR TOW DUE TO CRASH,,WEATHER,3117,W,LOGAN BLVD,,"REPORTED, NOT EVIDENT",0,0,0,22,1,8,41.92794348,-87.70572177
06/25/2018 05:00:00 PM,30,TRAFFIC SIGNAL,CLEAR,DAYLIGHT,DIVIDED - W/MEDIAN (NOT RAISED),DRY,NO INJURY / DRIVE AWAY,,FAILING TO REDUCE SPEED TO AVOID CRASH,3055,S,ARCHER AVE,,NO INDICATION OF INJURY,0,0,0,17,2,6,41.83901588,-87.66314727
5/8/2021 15:33,30,TRAFFIC SIGNAL,CLEAR,DAYLIGHT,ROUNDABOUT,DRY,INJURY AND / OR TOW DUE TO CRASH,,FAILING TO YIELD RIGHT-OF-WAY,3155,W,LOGAN BLVD,,NONINCAPACITATING INJURY,0,0,2,15,7,5,41.927862,-87.70700229
7/4/2018 15:50,20,TRAFFIC SIGNAL,CLEAR,DAYLIGHT,ONE-WAY,DRY,INJURY AND / OR TOW DUE TO CRASH,,IMPROPER OVERTAKING/PASSING,6133,N,KENMORE AVE,,NONINCAPACITATING INJURY,0,0,1,15,4,7,41.99330717,-87.65676484
07/17/2022 04:00:00 PM,30,UNKNOWN,UNKNOWN,UNKNOWN,NOT DIVIDED,UNKNOWN,INJURY AND / OR TOW DUE TO CRASH,,UNABLE TO DETERMINE,2803,N,RACINE AVE,Y,NONINCAPACITATING INJURY,0,0,1,16,1,7,41.93266767,-87.65856728
9/11/2017 18:15,30,STOP SIGN/FLASHER,CLEAR,DAYLIGHT,NOT DIVIDED,DRY,NO INJURY / DRIVE AWAY,,DISREGARDING STOP SIGN,5100,N,NATOMA AVE,,NO INDICATION OF INJURY,0,0,0,18,2,9,41.97389367,-87.79290408
04/19/2016 05:30:00 PM,30,TRAFFIC SIGNAL,CLEAR,DAYLIGHT,OTHER,DRY,INJURY AND / OR TOW DUE TO CRASH,,UNABLE TO DETERMINE,1600,E,103RD ST,,"REPORTED, NOT EVIDENT",0,0,0,17,3,4,41.70789989,-87.58482289
07/30/2020 01:10:00 PM,30,UNKNOWN,UNKNOWN,UNKNOWN,DIVIDED - W/MEDIAN (NOT RAISED),UNKNOWN,INJURY AND / OR TOW DUE TO CRASH,Y,FOLLOWING TOO CLOSELY,430,S,MICHIGAN AVE,,"REPORTED, NOT EVIDENT",0,0,0,13,5,7,41.87624813,-87.62441919
09/14/2017 01:30:00 PM,30,STOP SIGN/FLASHER,CLEAR,DAYLIGHT,OTHER,DRY,NO INJURY / DRIVE AWAY,,DISREGARDING STOP SIGN,3300,S,WESTERN BLVD,,NO INDICATION OF INJURY,0,0,0,13,5,9,41.83390346,-87.68504714
08/20/2021 12:01:00 PM,30,STOP SIGN/FLASHER,CLEAR,DAYLIGHT,NOT DIVIDED,DRY,INJURY AND / OR TOW DUE TO CRASH,,"VISION OBSCURED (SIGNS, TREE LIMBS, BUILDINGS, ETC.)",1700,W,CHASE AVE,,INCAPACITATING INJURY,0,1,0,12,6,8,42.01390801,-87.67253001
09/15/2020 05:53:00 PM,35,STOP SIGN/FLASHER,CLEAR,DAYLIGHT,NOT DIVIDED,DRY,INJURY AND / OR TOW DUE TO CRASH,,IMPROPER TURNING/NO SIGNAL,899,N,HALSTED ST,,NONINCAPACITATING INJURY,0,0,1,17,3,9,41.89895503,-87.64772594
04/13/2021 05:00:00 PM,30,NO CONTROLS,CLOUDY/OVERCAST,DAYLIGHT,NOT DIVIDED,DRY,INJURY AND / OR TOW DUE TO CRASH,,NOT APPLICABLE,5864,N,AVONDALE AVE,Y,NONINCAPACITATING INJURY,0,0,1,17,3,4,41.98800084,-87.79328281
09/18/2023 08:30:00 AM,30,STOP SIGN/FLASHER,CLEAR,DAYLIGHT,NOT DIVIDED,DRY,INJURY AND / OR TOW DUE TO CRASH,Y,FAILING TO YIELD RIGHT-OF-WAY,600,W,FULLERTON PKWY,,NONINCAPACITATING INJURY,0,0,1,8,2,9,41.92564011,-87.64405082
02/22/2018 08:05:00 PM,30,NO CONTROLS,UNKNOWN,DARKNESS,DIVIDED - W/MEDIAN (NOT RAISED),UNKNOWN,INJURY AND / OR TOW DUE TO CRASH,,FAILING TO YIELD RIGHT-OF-WAY,6300,S,DAMEN AVE,,NONINCAPACITATING INJURY,0,0,1,20,5,2,41.77922692,-87.67405273
10/15/2019 04:40:00 PM,20,NO CONTROLS,FREEZING RAIN/DRIZZLE,DAYLIGHT,ONE-WAY,WET,INJURY AND / OR TOW DUE TO CRASH,,DRIVING SKILLS/KNOWLEDGE/EXPERIENCE,2207,S,RIDGEWAY AVE,Y,NONINCAPACITATING INJURY,0,0,1,16,3,10,41.85136381,-87.71849743
09/30/2017 08:56:00 AM,30,NO CONTROLS,CLEAR,DAYLIGHT,NOT DIVIDED,DRY,INJURY AND / OR TOW DUE TO CRASH,,UNABLE TO DETERMINE,2445,W,LAWRENCE AVE,,NONINCAPACITATING INJURY,0,0,1,8,7,9,41.96848786,-87.69069976
05/18/2019 12:45:00 PM,30,TRAFFIC SIGNAL,CLEAR,DAYLIGHT,FOUR WAY,DRY,INJURY AND / OR TOW DUE TO CRASH,Y,DISREGARDING ROAD MARKINGS,1201,N,HUMBOLDT DR,,NONINCAPACITATING INJURY,0,0,1,12,7,5,41.90289677,-87.70212041
08/23/2018 02:15:00 PM,30,NO CONTROLS,CLEAR,DAYLIGHT,ALLEY,DRY,NO INJURY / DRIVE AWAY,,UNABLE TO DETERMINE,6399,N,BELL AVE,,NO INDICATION OF INJURY,0,0,0,14,5,8,41.99775137,-87.68608062
07/28/2018 05:20:00 PM,30,NO CONTROLS,CLEAR,DAYLIGHT,NOT DIVIDED,DRY,NO INJURY / DRIVE AWAY,N,UNABLE TO DETERMINE,210,N,MORGAN ST,Y,NO INDICATION OF INJURY,0,0,0,17,7,7,41.88596439,-87.65229844
10/8/2019 16:30,30,NO CONTROLS,CLEAR,DAYLIGHT,NOT DIVIDED,DRY,NO INJURY / DRIVE AWAY,,UNABLE TO DETERMINE,500,W,MADISON ST,Y,NO INDICATION OF INJURY,0,0,0,16,3,10,41.88199434,-87.63975869
05/19/2018 04:54:00 PM,30,NO CONTROLS,CLOUDY/OVERCAST,DAYLIGHT,NOT DIVIDED,WET,INJURY AND / OR TOW DUE TO CRASH,,"VISION OBSCURED (SIGNS, TREE LIMBS, BUILDINGS, ETC.)",4650,W,FULLERTON AVE,,NONINCAPACITATING INJURY,0,0,1,16,7,5,41.92438094,-87.74380866
11/1/2017 17:00,30,TRAFFIC SIGNAL,RAIN,"DARKNESS, LIGHTED ROAD",NOT DIVIDED,WET,INJURY AND / OR TOW DUE TO CRASH,,WEATHER,5285,N,ELSTON AVE,,INCAPACITATING INJURY,0,1,0,17,4,11,41.97713934,-87.75458801
10/1/2019 11:15,30,NO CONTROLS,CLEAR,DAYLIGHT,FOUR WAY,DRY,NO INJURY / DRIVE AWAY,Y,UNABLE TO DETERMINE,6609,N,WAUKESHA AVE,,NO INDICATION OF INJURY,0,0,0,11,3,10,42.00171359,-87.76695928
06/25/2017 09:50:00 AM,30,NO CONTROLS,CLEAR,DAYLIGHT,ALLEY,DRY,NO INJURY / DRIVE AWAY,,FAILING TO YIELD RIGHT-OF-WAY,208,S,RACINE AVE,,NO INDICATION OF INJURY,0,0,0,9,1,6,41.87876888,-87.65718923
10/24/2019 07:45:00 AM,20,TRAFFIC SIGNAL,CLEAR,DAYLIGHT,DIVIDED - W/MEDIAN (NOT RAISED),DRY,INJURY AND / OR TOW DUE TO CRASH,,NOT APPLICABLE,8900,S,INDIANA AVE,,"REPORTED, NOT EVIDENT",0,0,0,7,5,10,41.73272445,-87.61942046
07/29/2021 05:40:00 PM,30,NO CONTROLS,CLEAR,DAYLIGHT,NOT DIVIDED,DRY,INJURY AND / OR TOW DUE TO CRASH,,UNABLE TO DETERMINE,6930,S,PULASKI RD,,NONINCAPACITATING INJURY,0,0,1,17,5,7,41.76677725,-87.72260791
08/21/2020 01:30:00 PM,30,NO CONTROLS,CLEAR,DAYLIGHT,DIVIDED - W/MEDIAN (NOT RAISED),UNKNOWN,INJURY AND / OR TOW DUE TO CRASH,,UNABLE TO DETERMINE,2637,W,DEVON AVE,,"REPORTED, NOT EVIDENT",0,0,0,13,6,8,41.99751153,-87.69621297
10/6/2023 18:38,30,NO CONTROLS,CLEAR,DARKNESS,NOT DIVIDED,WET,INJURY AND / OR TOW DUE TO CRASH,,FAILING TO YIELD RIGHT-OF-WAY,3968,N,KEDZIE AVE,,NONINCAPACITATING INJURY,0,0,1,18,6,10,41.95382641,-87.70815886
7/3/2018 17:09,30,NO CONTROLS,CLEAR,DAYLIGHT,NOT DIVIDED,DRY,INJURY AND / OR TOW DUE TO CRASH,,FAILING TO YIELD RIGHT-OF-WAY,4454,N,ELSTON AVE,Y,NONINCAPACITATING INJURY,0,0,1,17,3,7,41.96190031,-87.73132363
10/26/2019 03:50:00 PM,30,TRAFFIC SIGNAL,RAIN,DAYLIGHT,T-INTERSECTION,WET,INJURY AND / OR TOW DUE TO CRASH,Y,UNABLE TO DETERMINE,6200,W,HOLBROOK ST,,NONINCAPACITATING INJURY,0,0,1,15,7,10,41.99227752,-87.78328301
7/1/2023 22:13,30,TRAFFIC SIGNAL,CLEAR,"DARKNESS, LIGHTED ROAD",FOUR WAY,DRY,INJURY AND / OR TOW DUE TO CRASH,,IMPROPER OVERTAKING/PASSING,7400,N,SHERIDAN RD,,INCAPACITATING INJURY,0,1,0,22,7,7,42.01612995,-87.6652532
06/16/2019 05:24:00 PM,30,STOP SIGN/FLASHER,CLEAR,DAYLIGHT,FOUR WAY,DRY,NO INJURY / DRIVE AWAY,,FAILING TO YIELD RIGHT-OF-WAY,2300,S,MICHIGAN AVE,,NO INDICATION OF INJURY,0,0,0,17,1,6,41.85102108,-87.62390505
03/15/2022 03:24:00 PM,30,STOP SIGN/FLASHER,CLEAR,DAYLIGHT,ONE-WAY,DRY,INJURY AND / OR TOW DUE TO CRASH,,UNABLE TO DETERMINE,2558,N,PARKSIDE AVE,,"REPORTED, NOT EVIDENT",0,0,0,15,3,3,41.92751762,-87.76747783
12/7/2016 20:00,30,STOP SIGN/FLASHER,CLEAR,"DARKNESS, LIGHTED ROAD",NOT DIVIDED,DRY,NO INJURY / DRIVE AWAY,,FAILING TO YIELD RIGHT-OF-WAY,959,W,ADDISON ST,,NO INDICATION OF INJURY,0,0,0,20,4,12,41.947136,-87.65426595
06/18/2021 11:53:00 PM,30,TRAFFIC SIGNAL,CLEAR,"DARKNESS, LIGHTED ROAD",NOT DIVIDED,DRY,INJURY AND / OR TOW DUE TO CRASH,,FAILING TO YIELD RIGHT-OF-WAY,2401,N,CANNON DR,,INCAPACITATING INJURY,0,1,0,23,6,6,41.92588794,-87.63354643
05/24/2023 03:40:00 PM,30,TRAFFIC SIGNAL,CLEAR,DAYLIGHT,FOUR WAY,DRY,NO INJURY / DRIVE AWAY,Y,FAILING TO YIELD RIGHT-OF-WAY,199,N,LOWER COLUMBUS DR,,NO INDICATION OF INJURY,0,0,0,15,4,5,41.88574081,-87.62056294
5/8/2022 15:12,30,TRAFFIC SIGNAL,CLEAR,DAYLIGHT,NOT DIVIDED,DRY,INJURY AND / OR TOW DUE TO CRASH,Y,UNABLE TO DETERMINE,2259,W,NORTH AVE,,NONINCAPACITATING INJURY,0,0,1,15,1,5,41.9102485,-87.68471879
07/13/2016 01:10:00 PM,30,STOP SIGN/FLASHER,CLEAR,DAYLIGHT,NOT DIVIDED,DRY,NO INJURY / DRIVE AWAY,,DRIVING SKILLS/KNOWLEDGE/EXPERIENCE,5300,S,CICERO AVE,,NO INDICATION OF INJURY,0,0,0,13,4,7,41.79660608,-87.74300403
7/1/2019 6:00,30,TRAFFIC SIGNAL,CLEAR,DAYLIGHT,NOT DIVIDED,DRY,INJURY AND / OR TOW DUE TO CRASH,,IMPROPER TURNING/NO SIGNAL,1958,W,51ST ST,,NONINCAPACITATING INJURY,0,0,1,6,2,7,41.80134371,-87.6744482
1/7/2023 0:23,25,STOP SIGN/FLASHER,CLOUDY/OVERCAST,"DARKNESS, LIGHTED ROAD",FOUR WAY,DRY,INJURY AND / OR TOW DUE TO CRASH,,FAILING TO YIELD RIGHT-OF-WAY,3000,N,SAWYER AVE,,NONINCAPACITATING INJURY,0,0,1,0,7,1,41.93578493,-87.70888814
02/17/2018 05:59:00 PM,30,TRAFFIC SIGNAL,SNOW,"DARKNESS, LIGHTED ROAD",DIVIDED - W/MEDIAN BARRIER,WET,INJURY AND / OR TOW DUE TO CRASH,,FAILING TO YIELD RIGHT-OF-WAY,100,E,MONROE DR,,NONINCAPACITATING INJURY,0,0,1,17,7,2,41.8809385,-87.62427131
8/5/2023 19:21,30,NO CONTROLS,CLEAR,DUSK,ONE-WAY,DRY,INJURY AND / OR TOW DUE TO CRASH,,DRIVING SKILLS/KNOWLEDGE/EXPERIENCE,3111,N,HOYNE AVE,,NONINCAPACITATING INJURY,0,0,1,19,7,8,41.93806273,-87.68059165
08/17/2018 12:35:00 AM,35,TRAFFIC SIGNAL,RAIN,"DARKNESS, LIGHTED ROAD",CENTER TURN LANE,WET,INJURY AND / OR TOW DUE TO CRASH,,WEATHER,2425,W,ARMITAGE AVE,,INCAPACITATING INJURY,0,1,0,0,6,8,41.91745331,-87.68853645
06/29/2022 03:15:00 PM,30,NO CONTROLS,CLEAR,DAYLIGHT,OTHER,DRY,NO INJURY / DRIVE AWAY,,NOT APPLICABLE,5801,S,LAKE SHORE DR,,NO INDICATION OF INJURY,0,0,0,15,4,6,41.79011638,-87.57879145
8/6/2018 20:50,30,NO CONTROLS,CLEAR,"DARKNESS, LIGHTED ROAD",NOT DIVIDED,DRY,NO INJURY / DRIVE AWAY,,UNABLE TO DETERMINE,612,S,WABASH AVE,Y,NO INDICATION OF INJURY,0,0,0,20,2,8,41.8741035,-87.6261363
09/17/2019 06:00:00 PM,30,NO CONTROLS,CLEAR,DAYLIGHT,NOT DIVIDED,DRY,NO INJURY / DRIVE AWAY,Y,ANIMAL,6253,W,63RD ST,,NO INDICATION OF INJURY,0,0,0,18,3,9,41.77761916,-87.77852336
08/21/2019 01:50:00 PM,30,TRAFFIC SIGNAL,CLEAR,DAYLIGHT,FOUR WAY,DRY,INJURY AND / OR TOW DUE TO CRASH,,FAILING TO YIELD RIGHT-OF-WAY,1154,S,CLARK ST,,NONINCAPACITATING INJURY,0,0,1,13,4,8,41.86757102,-87.63058647
09/16/2019 01:00:00 AM,30,NO CONTROLS,CLEAR,"DARKNESS, LIGHTED ROAD",ONE-WAY,DRY,NO INJURY / DRIVE AWAY,Y,UNABLE TO DETERMINE,40,W,ILLINOIS ST,,NO INDICATION OF INJURY,0,0,0,1,2,9,41.89094466,-87.62955405
11/12/2018 16:15,15,TRAFFIC SIGNAL,CLEAR,DAYLIGHT,NOT DIVIDED,DRY,NO INJURY / DRIVE AWAY,,FAILING TO YIELD RIGHT-OF-WAY,1605,W,MEDILL AVE,,NO INDICATION OF INJURY,0,0,0,16,2,11,41.92422567,-87.66842803
10/2/2019 10:30,15,NO CONTROLS,RAIN,DAYLIGHT,ONE-WAY,WET,NO INJURY / DRIVE AWAY,,FAILING TO YIELD RIGHT-OF-WAY,3942,N,LAVERGNE AVE,,NO INDICATION OF INJURY,0,0,0,10,4,10,41.95282315,-87.75236417
08/30/2017 04:00:00 PM,30,NO CONTROLS,CLEAR,DAYLIGHT,NOT DIVIDED,DRY,INJURY AND / OR TOW DUE TO CRASH,,FAILING TO YIELD RIGHT-OF-WAY,1913,N,RIDGEWAY AVE,,NONINCAPACITATING INJURY,0,0,1,16,4,8,41.91582406,-87.72025283
09/21/2022 04:00:00 PM,30,STOP SIGN/FLASHER,CLEAR,DAYLIGHT,NOT DIVIDED,DRY,INJURY AND / OR TOW DUE TO CRASH,,UNABLE TO DETERMINE,10857,S,AVENUE L,,INCAPACITATING INJURY,0,1,0,16,4,9,41.69744183,-87.53634343
5/10/2018 17:50,30,OTHER WARNING SIGN,CLEAR,DAYLIGHT,NOT DIVIDED,DRY,INJURY AND / OR TOW DUE TO CRASH,,FAILING TO YIELD RIGHT-OF-WAY,606,W,WILSON DR,,NONINCAPACITATING INJURY,0,0,1,17,5,5,41.96595012,-87.6459084
05/18/2018 05:15:00 PM,30,NO CONTROLS,CLEAR,DAYLIGHT,NOT DIVIDED,DRY,INJURY AND / OR TOW DUE TO CRASH,Y,UNABLE TO DETERMINE,6227,W,ARDMORE AVE,,NONINCAPACITATING INJURY,0,0,1,17,6,5,41.9864109,-87.78396781
9/10/2023 18:24,20,NO CONTROLS,CLEAR,DAYLIGHT,ONE-WAY,DRY,INJURY AND / OR TOW DUE TO CRASH,Y,FAILING TO YIELD RIGHT-OF-WAY,3117,W,ARGYLE ST,,"REPORTED, NOT EVIDENT",0,0,0,18,1,9,41.97199483,-87.70687289
8/4/2019 17:03,25,NO CONTROLS,CLEAR,DAYLIGHT,NOT DIVIDED,DRY,INJURY AND / OR TOW DUE TO CRASH,,UNABLE TO DETERMINE,109,N,STATE ST,,NONINCAPACITATING INJURY,0,0,1,17,1,8,41.88342913,-87.62772801
08/31/2018 06:00:00 PM,30,NO CONTROLS,CLEAR,DAYLIGHT,NOT DIVIDED,DRY,NO INJURY / DRIVE AWAY,,NOT APPLICABLE,301,W,DIVISION ST,Y,NO INDICATION OF INJURY,0,0,0,18,6,8,41.90372147,-87.63599457
10/9/2020 11:53,30,TRAFFIC SIGNAL,CLEAR,DAYLIGHT,DIVIDED - W/MEDIAN BARRIER,DRY,INJURY AND / OR TOW DUE TO CRASH,,FAILING TO YIELD RIGHT-OF-WAY,2346,W,ARMITAGE AVE,,NONINCAPACITATING INJURY,0,0,1,11,6,10,41.91768113,-87.68702195
07/26/2021 08:11:00 PM,30,STOP SIGN/FLASHER,CLEAR,"DARKNESS, LIGHTED ROAD",NOT DIVIDED,DRY,INJURY AND / OR TOW DUE TO CRASH,,"VISION OBSCURED (SIGNS, TREE LIMBS, BUILDINGS, ETC.)",3600,S,DAMEN AVE,,NONINCAPACITATING INJURY,0,0,1,20,2,7,41.8284749,-87.67538116
9/2/2020 20:44,25,TRAFFIC SIGNAL,CLEAR,"DARKNESS, LIGHTED ROAD",NOT DIVIDED,DRY,INJURY AND / OR TOW DUE TO CRASH,Y,DISREGARDING TRAFFIC SIGNALS,1600,W,CERMAK RD,,NONINCAPACITATING INJURY,0,0,1,20,4,9,41.85243805,-87.66615223
4/6/2022 18:20,30,NO CONTROLS,CLEAR,"DARKNESS, LIGHTED ROAD",ONE-WAY,DRY,INJURY AND / OR TOW DUE TO CRASH,,NOT APPLICABLE,838,W,KINZIE ST,Y,INCAPACITATING INJURY,0,1,0,18,4,4,41.88913511,-87.64905166
12/5/2019 21:30,30,TRAFFIC SIGNAL,CLEAR,"DARKNESS, LIGHTED ROAD",NOT DIVIDED,DRY,INJURY AND / OR TOW DUE TO CRASH,,"VISION OBSCURED (SIGNS, TREE LIMBS, BUILDINGS, ETC.)",199,W,OAK ST,,NONINCAPACITATING INJURY,0,0,1,21,5,12,41.90043288,-87.6342782
9/5/2017 16:00,0,NO CONTROLS,CLEAR,DAYLIGHT,OTHER,DRY,NO INJURY / DRIVE AWAY,,UNABLE TO DETERMINE,100,W,RANDOLPH ST,Y,NO INDICATION OF INJURY,0,0,0,16,3,9,41.88458627,-87.63101045
6/8/2023 13:00,30,TRAFFIC SIGNAL,CLEAR,DAYLIGHT,UNKNOWN INTERSECTION TYPE,DRY,INJURY AND / OR TOW DUE TO CRASH,,DISREGARDING TRAFFIC SIGNALS,3301,W,AUGUSTA BLVD,,INCAPACITATING INJURY,0,1,0,13,5,6,41.89906066,-87.70888258
12/11/2022 17:10,30,STOP SIGN/FLASHER,CLEAR,DARKNESS,FOUR WAY,DRY,NO INJURY / DRIVE AWAY,,DISREGARDING STOP SIGN,1200,W,WELLINGTON AVE,,NO INDICATION OF INJURY,0,0,0,17,1,12,41.93630456,-87.6589626
07/18/2021 08:30:00 AM,30,STOP SIGN/FLASHER,CLEAR,DAYLIGHT,ONE-WAY,DRY,INJURY AND / OR TOW DUE TO CRASH,,UNABLE TO DETERMINE,6130,W,61ST ST,,NONINCAPACITATING INJURY,0,0,1,8,1,7,41.7815738,-87.77523778
06/29/2022 05:12:00 PM,30,STOP SIGN/FLASHER,CLEAR,DAYLIGHT,NOT DIVIDED,DRY,INJURY AND / OR TOW DUE TO CRASH,,FOLLOWING TOO CLOSELY,2455,N,SHEFFIELD AVE,,NONINCAPACITATING INJURY,0,0,1,17,4,6,41.92702549,-87.65351743
09/29/2016 03:35:00 PM,25,TRAFFIC SIGNAL,CLEAR,DAYLIGHT,DIVIDED - W/MEDIAN BARRIER,DRY,NO INJURY / DRIVE AWAY,,FAILING TO YIELD RIGHT-OF-WAY,600,S,HALSTED ST,,NO INDICATION OF INJURY,0,0,0,15,5,9,41.87429453,-87.64727225
5/1/2023 16:45,30,STOP SIGN/FLASHER,RAIN,DAYLIGHT,T-INTERSECTION,WET,NO INJURY / DRIVE AWAY,,UNABLE TO DETERMINE,5614,N,CLARK ST,,NO INDICATION OF INJURY,0,0,0,16,2,5,41.9839522,-87.66900616
08/23/2016 11:18:00 PM,30,STOP SIGN/FLASHER,CLEAR,"DARKNESS, LIGHTED ROAD",DIVIDED - W/MEDIAN (NOT RAISED),DRY,INJURY AND / OR TOW DUE TO CRASH,Y,UNABLE TO DETERMINE,1231,W,63RD ST,,NONINCAPACITATING INJURY,0,0,1,23,3,8,41.77948443,-87.65567643
07/21/2023 05:00:00 PM,30,TRAFFIC SIGNAL,CLEAR,DAYLIGHT,T-INTERSECTION,DRY,INJURY AND / OR TOW DUE TO CRASH,,UNABLE TO DETERMINE,399,S,LOOMIS ST,,NONINCAPACITATING INJURY,0,0,1,17,6,7,41.87650366,-87.66170792
08/31/2023 05:30:00 PM,30,TRAFFIC SIGNAL,CLEAR,DAYLIGHT,FOUR WAY,DRY,NO INJURY / DRIVE AWAY,,UNABLE TO DETERMINE,1200,S,LOOMIS ST,,NO INDICATION OF INJURY,0,0,0,17,5,8,41.86687177,-87.66171633
04/19/2019 08:42:00 PM,30,NO CONTROLS,CLEAR,DARKNESS,NOT DIVIDED,UNKNOWN,NO INJURY / DRIVE AWAY,,UNABLE TO DETERMINE,1414,N,KINGSBURY ST,,NO INDICATION OF INJURY,0,0,0,20,6,4,41.90639628,-87.65054704
7/3/2018 17:00,20,NO CONTROLS,CLEAR,DAYLIGHT,ONE-WAY,DRY,INJURY AND / OR TOW DUE TO CRASH,,UNABLE TO DETERMINE,6231,N,KENMORE AVE,,NONINCAPACITATING INJURY,0,0,1,17,3,7,41.99562002,-87.65683618
07/28/2017 05:05:00 PM,30,NO CONTROLS,CLEAR,DAYLIGHT,NOT DIVIDED,DRY,INJURY AND / OR TOW DUE TO CRASH,,UNABLE TO DETERMINE,4140,N,MARINE DR,,NONINCAPACITATING INJURY,0,0,1,17,6,7,41.95680712,-87.6461175
09/19/2019 02:08:00 PM,30,TRAFFIC SIGNAL,CLEAR,DAYLIGHT,FOUR WAY,DRY,INJURY AND / OR TOW DUE TO CRASH,,UNABLE TO DETERMINE,1900,W,BELMONT AVE,,NONINCAPACITATING INJURY,0,0,1,14,5,9,41.93971005,-87.67605455
05/23/2018 08:00:00 AM,30,TRAFFIC SIGNAL,CLEAR,DAYLIGHT,NOT DIVIDED,DRY,INJURY AND / OR TOW DUE TO CRASH,,FAILING TO YIELD RIGHT-OF-WAY,1558,W,LAWRENCE AVE,,NONINCAPACITATING INJURY,0,0,1,8,4,5,41.96898585,-87.66934016
11/9/2017 8:40,30,NO CONTROLS,CLEAR,DAYLIGHT,NOT DIVIDED,DRY,NO INJURY / DRIVE AWAY,,UNABLE TO DETERMINE,1122,N,CALIFORNIA AVE,,NO INDICATION OF INJURY,0,0,0,8,5,11,41.90177645,-87.69699748
10/12/2017 13:55,30,NO CONTROLS,CLEAR,DAYLIGHT,DIVIDED - W/MEDIAN (NOT RAISED),DRY,NO INJURY / DRIVE AWAY,,DISTRACTION - FROM OUTSIDE VEHICLE,1560,N,DAMEN AVE,,NO INDICATION OF INJURY,0,0,0,13,5,10,41.9099952,-87.67759909
05/23/2023 08:05:00 AM,30,UNKNOWN,UNKNOWN,UNKNOWN,UNKNOWN,UNKNOWN,NO INJURY / DRIVE AWAY,N,UNABLE TO DETERMINE,4029,E,110TH ST,,NO INDICATION OF INJURY,0,0,0,8,3,5,41.69531815,-87.52586305
7/1/2022 16:44,30,NO CONTROLS,CLEAR,DAYLIGHT,PARKING LOT,DRY,INJURY AND / OR TOW DUE TO CRASH,,FAILING TO YIELD RIGHT-OF-WAY,7144,N,HARLEM AVE,,NONINCAPACITATING INJURY,0,0,2,16,6,7,42.01123309,-87.80678878
09/23/2023 05:00:00 PM,10,NO CONTROLS,CLEAR,DAYLIGHT,ONE-WAY,DRY,INJURY AND / OR TOW DUE TO CRASH,,UNABLE TO DETERMINE,2349,W,DEVON AVE,,"REPORTED, NOT EVIDENT",0,0,0,17,7,9,41.99762905,-87.6894269
07/17/2021 01:35:00 AM,30,NO CONTROLS,CLEAR,"DARKNESS, LIGHTED ROAD",NOT DIVIDED,DRY,INJURY AND / OR TOW DUE TO CRASH,Y,UNABLE TO DETERMINE,650,W,BELMONT AVE,Y,NONINCAPACITATING INJURY,0,0,1,1,7,7,41.9401318,-87.64623675
10/4/2023 9:00,20,NO CONTROLS,CLEAR,DAYLIGHT,NOT DIVIDED,DRY,NO INJURY / DRIVE AWAY,,FAILING TO YIELD RIGHT-OF-WAY,2523,N,SEMINARY AVE,,NO INDICATION OF INJURY,0,0,0,9,4,10,41.92789108,-87.65597172