CRASH_DATE,POSTED_SPEED_LIMIT,TRAFFIC_CONTROL_DEVICE,WEATHER_CONDITION,LIGHTING_CONDITION,TRAFFICWAY_TYPE,ROADWAY_SURFACE_COND,CRASH_TYPE,HIT_AND_RUN_I,PRIM_CONTRIBUTORY_CAUSE,STREET_NO,STREET_DIRECTION,STREET_NAME,DOORING_I,MOST_SEVERE_INJURY,INJURIES_FATAL,INJURIES_INCAPACITATING,INJURIES_NON_INCAPACITATING,CRASH_HOUR,CRASH_DAY_OF_WEEK,CRASH_MONTH,LATITUDE,LONGITUDE
6/10/2019 19:00,30,NO CONTROLS,CLEAR,DAYLIGHT,NOT DIVIDED,DRY,INJURY AND / OR TOW DUE TO CRASH,Y,UNABLE TO DETERMINE,6205,N,GLENWOOD AVE,Y,"REPORTED, NOT EVIDENT",0,0,0,19,2,6,41.99467367,-87.66513952
04/28/2021 04:25:00 PM,30,TRAFFIC SIGNAL,RAIN,DAYLIGHT,NOT DIVIDED,WET,INJURY AND / OR TOW DUE TO CRASH,,FAILING TO YIELD RIGHT-OF-WAY,1004,S,CANAL ST,,"REPORTED, NOT EVIDENT",0,0,0,16,4,4,41.86958598,-87.63941809
6/6/2023 6:55,30,NO CONTROLS,CLEAR,DAYLIGHT,ALLEY,DRY,INJURY AND / OR TOW DUE TO CRASH,,UNABLE TO DETERMINE,3535,W,WRIGHTWOOD AVE,,NONINCAPACITATING INJURY,0,0,1,6,3,6,41.92815784,-87.71608081
12/10/2020 12:14,30,NO CONTROLS,CLEAR,DAYLIGHT,DIVIDED - W/MEDIAN (NOT RAISED),DRY,INJURY AND / OR TOW DUE TO CRASH,,UNABLE TO DETERMINE,4121,S,ARCHER AVE,Y,NONINCAPACITATING INJURY,0,0,1,12,5,12,41.81854154,-87.69675439
06/26/2021 04:00:00 AM,25,NO CONTROLS,CLEAR,DARKNESS,ONE-WAY,DRY,INJURY AND / OR TOW DUE TO CRASH,Y,DRIVING ON WRONG SIDE/WRONG WAY,730,N,MAYFIELD AVE,,NONINCAPACITATING INJURY,0,0,1,4,7,6,41.89377694,-87.77240412
09/15/2020 07:20:00 PM,30,NO CONTROLS,CLEAR,DARKNESS,DIVIDED - W/MEDIAN (NOT RAISED),DRY,NO INJURY / DRIVE AWAY,,UNABLE TO DETERMINE,5299,W,GRAND AVE,,NO INDICATION OF INJURY,0,0,0,19,3,9,41.91733257,-87.75868398
09/15/2023 09:00:00 AM,30,NO CONTROLS,CLEAR,DAYLIGHT,NOT DIVIDED,DRY,INJURY AND / OR TOW DUE TO CRASH,,UNABLE TO DETERMINE,6900,S,WABASH AVE,,NONINCAPACITATING INJURY,0,0,1,9,6,9,41.7690916,-87.62353923
08/27/2020 02:15:00 PM,30,NO CONTROLS,CLEAR,DAYLIGHT,NOT DIVIDED,DRY,INJURY AND / OR TOW DUE TO CRASH,Y,UNABLE TO DETERMINE,999,S,PULASKI RD,,NONINCAPACITATING INJURY,0,0,1,14,5,8,41.86912719,-87.72514145
4/1/2019 8:15,30,TRAFFIC SIGNAL,CLEAR,DAYLIGHT,ONE-WAY,DRY,NO INJURY / DRIVE AWAY,,DISREGARDING TRAFFIC SIGNALS,100,W,ERIE ST,,NO INDICATION OF INJURY,0,0,0,8,2,4,41.89413978,-87.6312643
08/20/2021 04:19:00 PM,30,NO CONTROLS,CLEAR,DAYLIGHT,NOT DIVIDED,UNKNOWN,NO INJURY / DRIVE AWAY,,UNABLE TO DETERMINE,3822,N,CLARK ST,Y,NO INDICATION OF INJURY,0,0,0,16,6,8,41.9516084,-87.6602251
07/24/2023 05:35:00 PM,30,NO CONTROLS,CLEAR,DAYLIGHT,NOT DIVIDED,DRY,INJURY AND / OR TOW DUE TO CRASH,,IMPROPER OVERTAKING/PASSING,2000,N,ELSTON AVE,,NONINCAPACITATING INJURY,0,0,1,17,2,7,41.91788277,-87.66765509
06/14/2019 07:45:00 PM,30,NO CONTROLS,CLEAR,"DARKNESS, LIGHTED ROAD",NOT DIVIDED,DRY,INJURY AND / OR TOW DUE TO CRASH,Y,NOT APPLICABLE,257,N,WESTERN AVE,Y,NONINCAPACITATING INJURY,0,0,1,19,6,6,41.88632946,-87.68642568
05/27/2020 03:14:00 PM,30,NO CONTROLS,CLEAR,DAYLIGHT,NOT DIVIDED,DRY,INJURY AND / OR TOW DUE TO CRASH,,FAILING TO YIELD RIGHT-OF-WAY,1311,N,HALSTED ST,Y,NONINCAPACITATING INJURY,0,0,1,15,4,5,41.90543825,-87.64798274
09/27/2023 12:25:00 PM,30,STOP SIGN/FLASHER,CLOUDY/OVERCAST,DAYLIGHT,DIVIDED - W/MEDIAN (NOT RAISED),DRY,INJURY AND / OR TOW DUE TO CRASH,,UNABLE TO DETERMINE,700,N,LARAMIE AVE,,NONINCAPACITATING INJURY,0,0,1,12,4,9,41.89309392,-87.75567759
04/27/2018 07:30:00 AM,35,OTHER,CLEAR,DAYLIGHT,NOT DIVIDED,DRY,NO INJURY / DRIVE AWAY,Y,IMPROPER OVERTAKING/PASSING,10300,S,SEELEY AVE,,NO INDICATION OF INJURY,0,0,0,7,6,4,41.70642674,-87.67317589
11/11/2018 13:30,30,NO CONTROLS,CLEAR,DAYLIGHT,DIVIDED - W/MEDIAN BARRIER,DRY,INJURY AND / OR TOW DUE TO CRASH,,UNABLE TO DETERMINE,3100,W,DIVISION ST,,NONINCAPACITATING INJURY,0,0,1,13,1,11,41.90296596,-87.70444371
5/12/2021 10:58,30,TRAFFIC SIGNAL,CLEAR,DAYLIGHT,ONE-WAY,DRY,INJURY AND / OR TOW DUE TO CRASH,,BICYCLE ADVANCING LEGALLY ON RED LIGHT,300,S,COLUMBUS DR,,INCAPACITATING INJURY,0,1,0,10,4,5,41.87826558,-87.6208223
07/18/2018 08:10:00 AM,30,STOP SIGN/FLASHER,CLEAR,DAYLIGHT,NOT DIVIDED,DRY,NO INJURY / DRIVE AWAY,,"VISION OBSCURED (SIGNS, TREE LIMBS, BUILDINGS, ETC.)",1800,W,THOMAS ST,Y,NO INDICATION OF INJURY,0,0,0,8,4,7,41.90155985,-87.67239785
03/19/2018 08:40:00 PM,30,NO CONTROLS,CLEAR,"DARKNESS, LIGHTED ROAD",NOT DIVIDED,DRY,INJURY AND / OR TOW DUE TO CRASH,,FAILING TO YIELD RIGHT-OF-WAY,3524,N,HARLEM AVE,,NONINCAPACITATING INJURY,0,0,1,20,2,3,41.94421148,-87.8071163
6/4/2018 18:35,30,NO CONTROLS,CLEAR,DAYLIGHT,DIVIDED - W/MEDIAN (NOT RAISED),DRY,NO INJURY / DRIVE AWAY,,UNABLE TO DETERMINE,1631,N,MILWAUKEE AVE,Y,NO INDICATION OF INJURY,0,0,0,18,2,6,41.91111878,-87.67838605
07/19/2021 03:30:00 PM,30,NO CONTROLS,CLEAR,DAYLIGHT,FOUR WAY,DRY,NO INJURY / DRIVE AWAY,,FAILING TO YIELD RIGHT-OF-WAY,1401,N,AUSTIN BLVD,,NO INDICATION OF INJURY,0,0,0,15,2,7,41.90571868,-87.77533843
2/6/2020 12:00,30,TRAFFIC SIGNAL,SNOW,DAYLIGHT,ONE-WAY,WET,INJURY AND / OR TOW DUE TO CRASH,,IMPROPER LANE USAGE,506,N,CLARK ST,Y,"REPORTED, NOT EVIDENT",0,0,0,12,5,2,41.89107828,-87.63125836
08/28/2020 04:14:00 PM,30,TRAFFIC SIGNAL,CLEAR,DAYLIGHT,NOT DIVIDED,DRY,INJURY AND / OR TOW DUE TO CRASH,,IMPROPER TURNING/NO SIGNAL,630,W,LAKE ST,,INCAPACITATING INJURY,0,1,0,16,6,8,41.88580702,-87.6441719
6/5/2019 21:00,30,STOP SIGN/FLASHER,CLEAR,"DARKNESS, LIGHTED ROAD",Y-INTERSECTION,DRY,INJURY AND / OR TOW DUE TO CRASH,Y,FAILING TO YIELD RIGHT-OF-WAY,3830,N,MELVINA AVE,,NONINCAPACITATING INJURY,0,0,1,21,4,6,41.95029748,-87.78170943
7/2/2019 15:05,30,NO CONTROLS,CLEAR,DAYLIGHT,NOT DIVIDED,DRY,INJURY AND / OR TOW DUE TO CRASH,,UNABLE TO DETERMINE,6347,N,NAGLE AVE,,NONINCAPACITATING INJURY,0,0,1,15,3,7,41.9968353,-87.78731926
6/1/2019 9:05,35,NO CONTROLS,UNKNOWN,DAYLIGHT,DRIVEWAY,UNKNOWN,INJURY AND / OR TOW DUE TO CRASH,,UNABLE TO DETERMINE,4150,N,KEDZIE AVE,,NONINCAPACITATING INJURY,0,0,1,9,7,6,41.95727504,-87.70826579
07/21/2020 08:31:00 AM,30,NO CONTROLS,CLEAR,DAYLIGHT,DIVIDED - W/MEDIAN (NOT RAISED),DRY,INJURY AND / OR TOW DUE TO CRASH,,FAILING TO YIELD RIGHT-OF-WAY,4629,W,LAWRENCE AVE,Y,NONINCAPACITATING INJURY,0,0,1,8,3,7,41.96796001,-87.74405675
6/10/2023 23:46,30,TRAFFIC SIGNAL,CLEAR,"DARKNESS, LIGHTED ROAD",FOUR WAY,DRY,INJURY AND / OR TOW DUE TO CRASH,Y,NOT APPLICABLE,342,N,LARAMIE AVE,Y,NONINCAPACITATING INJURY,0,0,1,23,7,6,41.88693708,-87.75545913
09/15/2021 10:44:00 AM,30,NO CONTROLS,CLEAR,DAYLIGHT,NOT DIVIDED,DRY,INJURY AND / OR TOW DUE TO CRASH,,NOT APPLICABLE,201,E,35TH ST,,NONINCAPACITATING INJURY,0,0,2,10,4,9,41.83094997,-87.62170075
05/30/2021 04:00:00 PM,30,TRAFFIC SIGNAL,CLEAR,DAYLIGHT,NOT DIVIDED,DRY,INJURY AND / OR TOW DUE TO CRASH,,IMPROPER OVERTAKING/PASSING,1723,N,HALSTED ST,,NONINCAPACITATING INJURY,0,0,1,16,1,5,41.91348383,-87.64820625
06/29/2023 04:16:00 PM,30,NO CONTROLS,CLEAR,DAWN,FOUR WAY,DRY,NO INJURY / DRIVE AWAY,,FAILING TO YIELD RIGHT-OF-WAY,1324,W,57TH ST,,NO INDICATION OF INJURY,0,0,0,16,5,6,41.7905846,-87.65836474
10/14/2021 08:00:00 PM,30,NO CONTROLS,CLEAR,"DARKNESS, LIGHTED ROAD",NOT DIVIDED,DRY,INJURY AND / OR TOW DUE TO CRASH,,FAILING TO YIELD RIGHT-OF-WAY,400,W,KINZIE ST,,NONINCAPACITATING INJURY,0,0,1,20,5,10,41.88919328,-87.6381507
7/6/2018 10:42,30,NO CONTROLS,CLEAR,DAYLIGHT,NOT DIVIDED,UNKNOWN,INJURY AND / OR TOW DUE TO CRASH,,UNABLE TO DETERMINE,3850,N,DAMEN AVE,,NONINCAPACITATING INJURY,0,0,1,10,6,7,41.95205091,-87.67884216
09/16/2022 12:40:00 PM,30,NO CONTROLS,CLEAR,DAYLIGHT,NOT DIVIDED,DRY,INJURY AND / OR TOW DUE TO CRASH,,UNABLE TO DETERMINE,6400,S,PULASKI RD,,"REPORTED, NOT EVIDENT",0,0,0,12,6,9,41.77677818,-87.72285872
7/8/2017 16:30,30,STOP SIGN/FLASHER,CLEAR,DAYLIGHT,DIVIDED - W/MEDIAN (NOT RAISED),DRY,INJURY AND / OR TOW DUE TO CRASH,,FAILING TO YIELD RIGHT-OF-WAY,600,W,FOSTER DR,,"REPORTED, NOT EVIDENT",0,0,0,16,7,7,41.97660712,-87.64711801
07/28/2019 12:15:00 PM,30,NO CONTROLS,CLEAR,DAYLIGHT,NOT DIVIDED,DRY,INJURY AND / OR TOW DUE TO CRASH,,FOLLOWING TOO CLOSELY,3425,W,FOSTER AVE,,"REPORTED, NOT EVIDENT",0,0,0,12,1,7,41.97557126,-87.71455575
06/14/2022 02:25:00 PM,30,NO CONTROLS,CLEAR,DAYLIGHT,OTHER,DRY,INJURY AND / OR TOW DUE TO CRASH,,UNABLE TO DETERMINE,1040,W,ARMITAGE AVE,,NONINCAPACITATING INJURY,0,0,1,14,3,6,41.91819392,-87.65489931
05/29/2020 06:00:00 PM,30,OTHER,CLEAR,DAYLIGHT,DIVIDED - W/MEDIAN BARRIER,DRY,INJURY AND / OR TOW DUE TO CRASH,Y,DISREGARDING ROAD MARKINGS,5101,S,DREXEL AVE,,NONINCAPACITATING INJURY,0,0,1,18,6,5,41.80222807,-87.60365681
10/3/2016 14:30,35,TRAFFIC SIGNAL,CLEAR,DAYLIGHT,CENTER TURN LANE,WET,INJURY AND / OR TOW DUE TO CRASH,,IMPROPER TURNING/NO SIGNAL,2901,W,FOSTER AVE,,NONINCAPACITATING INJURY,0,0,1,14,2,10,41.97568873,-87.70142761
11/26/2022 01:40:00 PM,25,NO CONTROLS,CLEAR,DAYLIGHT,NOT DIVIDED,DRY,NO INJURY / DRIVE AWAY,,DRIVING SKILLS/KNOWLEDGE/EXPERIENCE,5199,S,BLACKSTONE AVE,,NO INDICATION OF INJURY,0,0,0,13,7,11,41.80106603,-87.59032946
10/23/2017 12:05:00 AM,30,TRAFFIC SIGNAL,RAIN,"DARKNESS, LIGHTED ROAD",ONE-WAY,WET,INJURY AND / OR TOW DUE TO CRASH,,UNABLE TO DETERMINE,401,N,CLARK ST,,NONINCAPACITATING INJURY,0,0,1,0,2,10,41.88925493,-87.6309141
06/15/2020 06:30:00 PM,30,NO CONTROLS,CLEAR,DAYLIGHT,DIVIDED - W/MEDIAN (NOT RAISED),DRY,INJURY AND / OR TOW DUE TO CRASH,Y,FAILING TO YIELD RIGHT-OF-WAY,3698,N,CENTRAL AVE,,NONINCAPACITATING INJURY,0,0,1,18,2,6,41.94765444,-87.76696491
8/4/2017 13:00,35,NO CONTROLS,CLEAR,DAYLIGHT,NOT DIVIDED,DRY,INJURY AND / OR TOW DUE TO CRASH,,FAILING TO YIELD RIGHT-OF-WAY,5921,S,ARCHER AVE,Y,NONINCAPACITATING INJURY,0,0,1,13,6,8,41.79541299,-87.76359949
2/7/2018 19:00,30,TRAFFIC SIGNAL,CLEAR,DARKNESS,NOT DIVIDED,WET,NO INJURY / DRIVE AWAY,,UNABLE TO DETERMINE,1200,W,HOLLYWOOD AVE,,NO INDICATION OF INJURY,0,0,0,19,4,2,41.98557605,-87.66017649
05/13/2019 01:30:00 PM,30,TRAFFIC SIGNAL,CLEAR,DAYLIGHT,FOUR WAY,DRY,NO INJURY / DRIVE AWAY,Y,IMPROPER BACKING,230,S,COLUMBUS DR,,NO INDICATION OF INJURY,0,0,0,13,2,5,41.87910655,-87.62088202
07/14/2019 07:15:00 PM,30,STOP SIGN/FLASHER,CLEAR,DAYLIGHT,NOT DIVIDED,DRY,INJURY AND / OR TOW DUE TO CRASH,Y,FAILING TO YIELD RIGHT-OF-WAY,3300,N,DAMEN AVE,,INCAPACITATING INJURY,0,1,0,19,1,7,41.94144033,-87.6785523
09/18/2019 04:45:00 PM,30,UNKNOWN,CLEAR,DAYLIGHT,DIVIDED - W/MEDIAN (NOT RAISED),DRY,NO INJURY / DRIVE AWAY,Y,UNABLE TO DETERMINE,1000,S,CLARK ST,,NO INDICATION OF INJURY,0,0,0,16,4,9,41.8698488,-87.63065553
04/16/2018 05:00:00 PM,25,NO CONTROLS,CLOUDY/OVERCAST,DAYLIGHT,NOT DIVIDED,DRY,NO INJURY / DRIVE AWAY,,NOT APPLICABLE,2145,W,JACKSON BLVD,,NO INDICATION OF INJURY,0,0,0,17,2,4,41.87750647,-87.68079136
09/22/2023 11:10:00 AM,25,NO CONTROLS,CLEAR,DAYLIGHT,ONE-WAY,DRY,INJURY AND / OR TOW DUE TO CRASH,,UNABLE TO DETERMINE,3947,N,NEW ENGLAND AVE,,NONINCAPACITATING INJURY,0,0,1,11,6,9,41.95226415,-87.79853746
7/5/2019 11:02,0,STOP SIGN/FLASHER,CLEAR,DAYLIGHT,PARKING LOT,DRY,INJURY AND / OR TOW DUE TO CRASH,,FAILING TO YIELD RIGHT-OF-WAY,2645,N,ELSTON AVE,,"REPORTED, NOT EVIDENT",0,0,0,11,6,7,41.92980221,-87.68414171
08/13/2017 05:25:00 PM,30,STOP SIGN/FLASHER,CLEAR,DAYLIGHT,NOT DIVIDED,DRY,NO INJURY / DRIVE AWAY,,EQUIPMENT - VEHICLE CONDITION,4900,S,FORRESTVILLE AVE,,NO INDICATION OF INJURY,0,0,0,17,1,8,41.80571039,-87.61273191
08/18/2018 11:48:00 AM,30,NO CONTROLS,CLEAR,DAYLIGHT,ONE-WAY,DRY,INJURY AND / OR TOW DUE TO CRASH,,UNABLE TO DETERMINE,847,W,RANDOLPH ST,Y,INCAPACITATING INJURY,0,1,0,11,7,8,41.88426637,-87.64927147
04/13/2023 03:38:00 PM,30,TRAFFIC SIGNAL,CLEAR,DAYLIGHT,NOT DIVIDED,DRY,INJURY AND / OR TOW DUE TO CRASH,,UNABLE TO DETERMINE,6694,N,NORTHWEST HWY,,NONINCAPACITATING INJURY,0,0,1,15,5,4,42.00258143,-87.81607036
03/26/2019 11:20:00 AM,30,NO CONTROLS,CLEAR,DAYLIGHT,NOT DIVIDED,DRY,NO INJURY / DRIVE AWAY,,UNABLE TO DETERMINE,1467,N,MILWAUKEE AVE,,NO INDICATION OF INJURY,0,0,0,11,3,3,41.90865391,-87.67454937
09/13/2023 09:25:00 AM,30,TRAFFIC SIGNAL,CLEAR,DAYLIGHT,NOT DIVIDED,DRY,INJURY AND / OR TOW DUE TO CRASH,Y,UNABLE TO DETERMINE,8765,W,HIGGINS RD,,INCAPACITATING INJURY,0,1,0,9,4,9,41.98755868,-87.84529632
9/11/2018 18:12,30,NO CONTROLS,CLEAR,DAYLIGHT,DIVIDED - W/MEDIAN (NOT RAISED),DRY,INJURY AND / OR TOW DUE TO CRASH,,FAILING TO YIELD RIGHT-OF-WAY,3901,W,ARMITAGE AVE,,NONINCAPACITATING INJURY,0,0,1,18,3,9,41.91708582,-87.72427155
8/9/2018 18:05,30,STOP SIGN/FLASHER,CLEAR,DAYLIGHT,DIVIDED - W/MEDIAN (NOT RAISED),DRY,INJURY AND / OR TOW DUE TO CRASH,,UNABLE TO DETERMINE,4200,N,CALIFORNIA AVE,,NONINCAPACITATING INJURY,0,0,1,18,5,8,41.95768813,-87.69850139
06/16/2022 03:35:00 PM,30,NO CONTROLS,CLEAR,DAYLIGHT,T-INTERSECTION,DRY,INJURY AND / OR TOW DUE TO CRASH,,UNABLE TO DETERMINE,1807,W,DEVON AVE,,NONINCAPACITATING INJURY,0,0,1,15,5,6,41.99787233,-87.6755989
7/8/2023 12:20,30,NO CONTROLS,CLOUDY/OVERCAST,DAYLIGHT,NOT DIVIDED,WET,INJURY AND / OR TOW DUE TO CRASH,,FAILING TO YIELD RIGHT-OF-WAY,729,W,ARMITAGE AVE,,INCAPACITATING INJURY,0,1,0,12,7,7,41.91808578,-87.64724845
8/5/2018 16:20,20,NO CONTROLS,CLEAR,DAYLIGHT,ALLEY,DRY,NO INJURY / DRIVE AWAY,,"VISION OBSCURED (SIGNS, TREE LIMBS, BUILDINGS, ETC.)",1221,S,RUBLE ST,,NO INDICATION OF INJURY,0,0,0,16,1,8,41.86660631,-87.64393239
10/4/2023 12:20,20,NO CONTROLS,CLEAR,DAYLIGHT,NOT DIVIDED,DRY,INJURY AND / OR TOW DUE TO CRASH,Y,UNABLE TO DETERMINE,3151,W,HARRISON ST,,NONINCAPACITATING INJURY,0,0,1,12,4,10,41.87358229,-87.70548813
4/2/2023 16:42,30,NO CONTROLS,CLEAR,DAYLIGHT,NOT DIVIDED,DRY,INJURY AND / OR TOW DUE TO CRASH,Y,FAILING TO YIELD RIGHT-OF-WAY,2415,W,MEDILL AVE,,NONINCAPACITATING INJURY,0,0,1,16,1,4,41.92395687,-87.68825621
9/4/2016 10:30,30,NO CONTROLS,CLEAR,DAYLIGHT,NOT DIVIDED,DRY,INJURY AND / OR TOW DUE TO CRASH,,UNABLE TO DETERMINE,607,W,BELMONT AVE,,NONINCAPACITATING INJURY,0,0,1,10,1,9,41.93992787,-87.64473626
10/23/2020 11:30:00 AM,25,NO CONTROLS,RAIN,DAYLIGHT,NOT DIVIDED,WET,INJURY AND / OR TOW DUE TO CRASH,Y,UNABLE TO DETERMINE,7511,S,MARYLAND AVE,,"REPORTED, NOT EVIDENT",0,0,0,11,6,10,41.75822503,-87.60399056
2/2/2019 14:40,30,NO CONTROLS,CLEAR,DAYLIGHT,NOT DIVIDED,UNKNOWN,NO INJURY / DRIVE AWAY,Y,IMPROPER OVERTAKING/PASSING,1198,W,TAYLOR ST,,NO INDICATION OF INJURY,0,0,0,14,7,2,41.86952647,-87.6566832
08/16/2022 08:20:00 AM,30,TRAFFIC SIGNAL,CLEAR,DAYLIGHT,FOUR WAY,DRY,INJURY AND / OR TOW DUE TO CRASH,,UNABLE TO DETERMINE,800,S,ASHLAND AVE,,"REPORTED, NOT EVIDENT",0,0,0,8,3,8,41.87156599,-87.66667541
06/27/2017 09:40:00 AM,30,TRAFFIC SIGNAL,CLEAR,DAYLIGHT,DIVIDED - W/MEDIAN (NOT RAISED),DRY,INJURY AND / OR TOW DUE TO CRASH,,FAILING TO YIELD RIGHT-OF-WAY,3400,W,AUGUSTA BLVD,,"REPORTED, NOT EVIDENT",0,0,0,9,3,6,41.89925815,-87.7116191
5/8/2017 15:45,30,UNKNOWN,CLEAR,DAYLIGHT,UNKNOWN,DRY,NO INJURY / DRIVE AWAY,,FAILING TO YIELD RIGHT-OF-WAY,2000,N,DAMEN AVE,,NO INDICATION OF INJURY,0,0,0,15,2,5,41.91779304,-87.67776977
3/2/2022 8:14,30,TRAFFIC SIGNAL,CLEAR,DAYLIGHT,DIVIDED - W/MEDIAN (NOT RAISED),DRY,INJURY AND / OR TOW DUE TO CRASH,Y,IMPROPER TURNING/NO SIGNAL,1440,N,HALSTED ST,,NONINCAPACITATING INJURY,0,0,1,8,4,3,41.90758629,-87.64833594
09/15/2018 03:15:00 PM,30,NO CONTROLS,CLEAR,DAYLIGHT,NOT DIVIDED,DRY,INJURY AND / OR TOW DUE TO CRASH,,FAILING TO YIELD RIGHT-OF-WAY,7126,W,BELMONT AVE,,NONINCAPACITATING INJURY,0,0,1,15,7,9,41.93812489,-87.80537987
10/11/2019 13:30,20,STOP SIGN/FLASHER,CLOUDY/OVERCAST,DAYLIGHT,ONE-WAY,WET,INJURY AND / OR TOW DUE TO CRASH,,FAILING TO YIELD RIGHT-OF-WAY,3059,N,MANGO AVE,,NONINCAPACITATING INJURY,0,0,1,13,6,10,41.93661403,-87.76992765
10/27/2021 03:27:00 PM,15,NO CONTROLS,CLEAR,DAYLIGHT,NOT DIVIDED,DRY,INJURY AND / OR TOW DUE TO CRASH,,WEATHER,3200,S,LAWNDALE AVE,N,"REPORTED, NOT EVIDENT",0,0,0,15,4,10,41.83509652,-87.71712413
08/14/2021 11:00:00 AM,30,TRAFFIC SIGNAL,CLEAR,DAYLIGHT,FOUR WAY,DRY,NO INJURY / DRIVE AWAY,,FAILING TO YIELD RIGHT-OF-WAY,5800,N,SHERIDAN RD,,NO INDICATION OF INJURY,0,0,0,11,7,8,41.9874468,-87.655453
11/9/2022 18:02,30,NO CONTROLS,CLEAR,"DARKNESS, LIGHTED ROAD",DIVIDED - W/MEDIAN (NOT RAISED),DRY,INJURY AND / OR TOW DUE TO CRASH,Y,IMPROPER OVERTAKING/PASSING,1058,W,CHICAGO AVE,,NONINCAPACITATING INJURY,0,0,1,18,4,11,41.89638618,-87.65478609
9/11/2020 9:50,30,NO CONTROLS,RAIN,DAYLIGHT,NOT DIVIDED,WET,INJURY AND / OR TOW DUE TO CRASH,,FAILING TO YIELD RIGHT-OF-WAY,1937,S,HALSTED ST,Y,NONINCAPACITATING INJURY,0,0,1,9,6,9,41.85567511,-87.64643521
10/13/2023 06:24:00 PM,30,STOP SIGN/FLASHER,RAIN,"DARKNESS, LIGHTED ROAD",T-INTERSECTION,WET,INJURY AND / OR TOW DUE TO CRASH,,FAILING TO REDUCE SPEED TO AVOID CRASH,7345,N,ROGERS AVE,,INCAPACITATING INJURY,0,1,0,18,6,10,42.01463791,-87.67792697
09/20/2022 03:45:00 PM,30,NO CONTROLS,CLEAR,DAYLIGHT,NOT DIVIDED,DRY,NO INJURY / DRIVE AWAY,N,NOT APPLICABLE,3246,N,HALSTED ST,Y,NO INDICATION OF INJURY,0,0,0,15,3,9,41.94131884,-87.6494574
07/23/2023 11:40:00 AM,35,NO CONTROLS,CLEAR,DAYLIGHT,NOT DIVIDED,DRY,INJURY AND / OR TOW DUE TO CRASH,Y,UNABLE TO DETERMINE,4935,W,ADDISON ST,,NONINCAPACITATING INJURY,0,0,1,11,1,7,41.94596431,-87.75101409
12/31/2022 12:42:00 PM,30,NO CONTROLS,CLEAR,DAYLIGHT,NOT DIVIDED,DRY,INJURY AND / OR TOW DUE TO CRASH,,UNABLE TO DETERMINE,5059,S,KEDZIE AVE,N,INCAPACITATING INJURY,0,1,0,12,7,12,41.80096348,-87.70362281
07/24/2021 06:00:00 PM,30,NO CONTROLS,CLEAR,DAWN,T-INTERSECTION,WET,INJURY AND / OR TOW DUE TO CRASH,Y,DISREGARDING STOP SIGN,530,E,33RD PL,,INCAPACITATING INJURY,0,1,0,18,7,7,41.83379125,-87.61248939
09/25/2021 08:30:00 AM,30,TRAFFIC SIGNAL,CLEAR,DAYLIGHT,DIVIDED - W/MEDIAN (NOT RAISED),DRY,INJURY AND / OR TOW DUE TO CRASH,,"VISION OBSCURED (SIGNS, TREE LIMBS, BUILDINGS, ETC.)",2358,N,DAMEN AVE,,NONINCAPACITATING INJURY,0,0,1,8,7,9,41.9245131,-87.67801595
4/2/2021 10:56,30,NO CONTROLS,CLEAR,DAYLIGHT,DRIVEWAY,DRY,INJURY AND / OR TOW DUE TO CRASH,,"DISTRACTION - OTHER ELECTRONIC DEVICE (NAVIGATION DEVICE, DVD PLAYER, ETC.)",3510,W,ADDISON ST,,INCAPACITATING INJURY,0,1,0,10,6,4,41.94663481,-87.71565037
09/25/2021 03:20:00 PM,30,TRAFFIC SIGNAL,CLEAR,DAYLIGHT,FOUR WAY,DRY,INJURY AND / OR TOW DUE TO CRASH,,FAILING TO YIELD RIGHT-OF-WAY,200,N,PAULINA ST,,NONINCAPACITATING INJURY,0,0,1,15,7,9,41.88527945,-87.66956915
10/9/2019 17:47,30,STOP SIGN/FLASHER,CLEAR,DAYLIGHT,NOT DIVIDED,DRY,INJURY AND / OR TOW DUE TO CRASH,,UNABLE TO DETERMINE,1300,N,CALIFORNIA AVE,,NONINCAPACITATING INJURY,0,0,1,17,4,10,41.90479556,-87.69707304
11/16/2018 08:45:00 PM,30,TRAFFIC SIGNAL,CLEAR,"DARKNESS, LIGHTED ROAD",NOT DIVIDED,DRY,NO INJURY / DRIVE AWAY,,UNABLE TO DETERMINE,486,E,GRAND AVE,,NO INDICATION OF INJURY,0,0,0,20,6,11,41.89201673,-87.61434535
06/25/2019 01:14:00 AM,30,NO CONTROLS,CLEAR,"DARKNESS, LIGHTED ROAD",NOT DIVIDED,DRY,INJURY AND / OR TOW DUE TO CRASH,Y,NOT APPLICABLE,440,W,GRAND AVE,,INCAPACITATING INJURY,0,1,0,1,3,6,41.89160474,-87.63995242
11/6/2019 18:15,30,TRAFFIC SIGNAL,CLEAR,DARKNESS,FOUR WAY,DRY,NO INJURY / DRIVE AWAY,,UNABLE TO DETERMINE,2400,W,MADISON ST,,NO INDICATION OF INJURY,0,0,0,18,4,11,41.8812705,-87.68653594
12/2/2021 14:40,30,NO CONTROLS,CLEAR,DAYLIGHT,NOT DIVIDED,DRY,NO INJURY / DRIVE AWAY,,NOT APPLICABLE,433,W,HARRISON ST,,NO INDICATION OF INJURY,0,0,0,14,5,12,41.87430104,-87.63908212