CRASH_DATE,POSTED_SPEED_LIMIT,TRAFFIC_CONTROL_DEVICE,WEATHER_CONDITION,LIGHTING_CONDITION,TRAFFICWAY_TYPE,ROADWAY_SURFACE_COND,CRASH_TYPE,HIT_AND_RUN_I,PRIM_CONTRIBUTORY_CAUSE,STREET_NO,STREET_DIRECTION,STREET_NAME,DOORING_I,MOST_SEVERE_INJURY,INJURIES_FATAL,INJURIES_INCAPACITATING,INJURIES_NON_INCAPACITATING,CRASH_HOUR,CRASH_DAY_OF_WEEK,CRASH_MONTH,LATITUDE,LONGITUDE
10/16/2019 09:10:00 AM,30,NO CONTROLS,CLEAR,DAYLIGHT,NOT DIVIDED,DRY,INJURY AND / OR TOW DUE TO CRASH,,FAILING TO YIELD RIGHT-OF-WAY,1660,N,MILWAUKEE AVE,,NONINCAPACITATING INJURY,0,0,1,9,4,10,41.91148025,-87.67939197
4/11/2016 20:15,30,NO CONTROLS,UNKNOWN,UNKNOWN,NOT DIVIDED,UNKNOWN,INJURY AND / OR TOW DUE TO CRASH,,UNABLE TO DETERMINE,6400,S,KEDZIE AVE,,NONINCAPACITATING INJURY,0,0,1,20,2,4,41.77709602,-87.70324076
05/24/2023 03:48:00 PM,30,NO CONTROLS,CLEAR,DAYLIGHT,NOT DIVIDED,DRY,NO INJURY / DRIVE AWAY,,NOT APPLICABLE,5359,S,HARLEM AVE,,NO INDICATION OF INJURY,0,0,0,15,4,5,41.79396668,-87.80144332
01/21/2016 08:00:00 AM,30,STOP SIGN/FLASHER,SNOW,DAWN,ONE-WAY,WET,NO INJURY / DRIVE AWAY,Y,UNABLE TO DETERMINE,197,W,SCHILLER ST,,NO INDICATION OF INJURY,0,0,0,8,5,1,41.9075575,-87.6345247
09/16/2019 03:05:00 PM,30,TRAFFIC SIGNAL,CLEAR,DAYLIGHT,DIVIDED - W/MEDIAN (NOT RAISED),DRY,INJURY AND / OR TOW DUE TO CRASH,,UNABLE TO DETERMINE,801,N,OGDEN AVE,,NONINCAPACITATING INJURY,0,0,1,15,2,9,41.89627258,-87.65444132
01/16/2021 07:30:00 PM,30,NO CONTROLS,CLEAR,"DARKNESS, LIGHTED ROAD",NOT DIVIDED,SNOW OR SLUSH,NO INJURY / DRIVE AWAY,,NOT APPLICABLE,2111,N,SHEFFIELD AVE,Y,NO INDICATION OF INJURY,0,0,0,19,7,1,41.92029786,-87.65329445
8/7/2019 18:02,30,NO CONTROLS,CLEAR,DAYLIGHT,NOT DIVIDED,DRY,NO INJURY / DRIVE AWAY,,DRIVING SKILLS/KNOWLEDGE/EXPERIENCE,1123,N,STATE ST,,NO INDICATION OF INJURY,0,0,0,18,4,8,41.90252324,-87.6282239
12/16/2017 09:00:00 PM,30,NO CONTROLS,CLEAR,"DARKNESS, LIGHTED ROAD",DIVIDED - W/MEDIAN (NOT RAISED),DRY,INJURY AND / OR TOW DUE TO CRASH,Y,FOLLOWING TOO CLOSELY,1045,N,MILWAUKEE AVE,,"REPORTED, NOT EVIDENT",0,0,0,21,7,12,41.90073618,-87.66216522
08/27/2021 01:26:00 AM,30,TRAFFIC SIGNAL,CLEAR,"DARKNESS, LIGHTED ROAD",DIVIDED - W/MEDIAN (NOT RAISED),DRY,INJURY AND / OR TOW DUE TO CRASH,,UNABLE TO DETERMINE,6933,N,CLARK ST,,NONINCAPACITATING INJURY,0,0,1,1,6,8,42.00761191,-87.67349084
06/28/2023 05:43:00 PM,30,STOP SIGN/FLASHER,CLEAR,DAYLIGHT,NOT DIVIDED,DRY,INJURY AND / OR TOW DUE TO CRASH,Y,FAILING TO YIELD RIGHT-OF-WAY,5300,W,LAWRENCE AVE,,NONINCAPACITATING INJURY,0,0,1,17,4,6,41.96799282,-87.75959522
4/4/2022 9:57,20,YIELD,CLOUDY/OVERCAST,DAYLIGHT,DIVIDED - W/MEDIAN (NOT RAISED),DRY,INJURY AND / OR TOW DUE TO CRASH,Y,FAILING TO YIELD RIGHT-OF-WAY,2701,W,LAWRENCE AVE,,NONINCAPACITATING INJURY,0,0,1,9,2,4,41.96844205,-87.69630358
09/15/2023 09:25:00 PM,30,TRAFFIC SIGNAL,CLEAR,"DARKNESS, LIGHTED ROAD",NOT DIVIDED,DRY,NO INJURY / DRIVE AWAY,,IMPROPER LANE USAGE,400,S,MORGAN ST,,NO INDICATION OF INJURY,0,0,0,21,6,9,41.87656877,-87.65201972
10/26/2018 09:28:00 PM,30,TRAFFIC SIGNAL,CLEAR,"DARKNESS, LIGHTED ROAD",NOT DIVIDED,DRY,INJURY AND / OR TOW DUE TO CRASH,,FAILING TO YIELD RIGHT-OF-WAY,257,E,HURON ST,,NONINCAPACITATING INJURY,0,0,1,21,6,10,41.89490582,-87.62052045
05/16/2017 03:30:00 PM,30,NO CONTROLS,CLEAR,DAYLIGHT,NOT DIVIDED,DRY,NO INJURY / DRIVE AWAY,,UNABLE TO DETERMINE,5101,N,CALIFORNIA AVE,,NO INDICATION OF INJURY,0,0,0,15,3,5,41.97404249,-87.69872255
07/19/2022 08:31:00 PM,30,NO CONTROLS,CLEAR,DARKNESS,NOT DIVIDED,DRY,INJURY AND / OR TOW DUE TO CRASH,Y,UNABLE TO DETERMINE,5776,W,LAWRENCE AVE,,NONINCAPACITATING INJURY,0,0,1,20,3,7,41.9678231,-87.77278673
11/6/2023 19:24,20,TRAFFIC SIGNAL,CLEAR,"DARKNESS, LIGHTED ROAD",DIVIDED - W/MEDIAN (NOT RAISED),DRY,INJURY AND / OR TOW DUE TO CRASH,Y,UNABLE TO DETERMINE,3800,W,16TH ST,,NONINCAPACITATING INJURY,0,0,1,19,2,11,41.85902951,-87.72012872
06/30/2020 04:35:00 PM,35,NO CONTROLS,CLEAR,DAYLIGHT,NOT DIVIDED,DRY,NO INJURY / DRIVE AWAY,,UNABLE TO DETERMINE,120,S,LA SALLE ST,Y,NO INDICATION OF INJURY,0,0,0,16,3,6,41.8800751,-87.63245788
05/31/2018 03:25:00 PM,30,TRAFFIC SIGNAL,CLEAR,DAYLIGHT,NOT DIVIDED,UNKNOWN,NO INJURY / DRIVE AWAY,Y,IMPROPER OVERTAKING/PASSING,2799,N,SHEFFIELD AVE,,NO INDICATION OF INJURY,0,0,0,15,5,5,41.93255083,-87.6537079
08/30/2016 11:50:00 AM,30,NO CONTROLS,CLEAR,DAYLIGHT,DIVIDED - W/MEDIAN (NOT RAISED),DRY,INJURY AND / OR TOW DUE TO CRASH,Y,IMPROPER BACKING,2500,S,KOSTNER AVE,,NONINCAPACITATING INJURY,0,0,1,11,3,8,41.84589714,-87.73446378
09/16/2023 07:15:00 PM,30,NO CONTROLS,CLEAR,DARKNESS,NOT DIVIDED,DRY,NO INJURY / DRIVE AWAY,,FAILING TO YIELD RIGHT-OF-WAY,4013,W,57TH ST,,NO INDICATION OF INJURY,0,0,0,19,7,9,41.78945957,-87.72363821
09/15/2023 10:19:00 AM,30,NO CONTROLS,CLEAR,DAYLIGHT,NOT DIVIDED,UNKNOWN,INJURY AND / OR TOW DUE TO CRASH,,NOT APPLICABLE,7121,N,CLARK ST,Y,NONINCAPACITATING INJURY,0,0,1,10,6,9,42.01209809,-87.67440416
11/7/2017 20:00,35,NO CONTROLS,CLEAR,"DARKNESS, LIGHTED ROAD",NOT DIVIDED,DRY,NO INJURY / DRIVE AWAY,,UNABLE TO DETERMINE,2300,N,SHEFFIELD AVE,Y,NO INDICATION OF INJURY,0,0,0,20,3,11,41.92364436,-87.65369761
07/31/2023 09:00:00 AM,30,TRAFFIC SIGNAL,CLEAR,DAYLIGHT,NOT DIVIDED,DRY,NO INJURY / DRIVE AWAY,Y,FAILING TO YIELD RIGHT-OF-WAY,6001,S,STONY ISLAND AVE,,NO INDICATION OF INJURY,0,0,0,9,2,7,41.78602978,-87.58644522
11/9/2019 12:20,30,TRAFFIC SIGNAL,CLEAR,DAYLIGHT,NOT DIVIDED,DRY,INJURY AND / OR TOW DUE TO CRASH,,NOT APPLICABLE,3530,N,SHEFFIELD AVE,,NONINCAPACITATING INJURY,0,0,1,12,7,11,41.94634641,-87.65444794
06/19/2019 07:30:00 AM,30,TRAFFIC SIGNAL,CLEAR,DAYLIGHT,DIVIDED - W/MEDIAN (NOT RAISED),DRY,INJURY AND / OR TOW DUE TO CRASH,,ROAD CONSTRUCTION/MAINTENANCE,2454,N,MILWAUKEE AVE,,NONINCAPACITATING INJURY,0,0,1,7,4,6,41.92585746,-87.70239784
3/7/2023 18:40,30,NO CONTROLS,CLEAR,DUSK,NOT DIVIDED,DRY,INJURY AND / OR TOW DUE TO CRASH,,DRIVING SKILLS/KNOWLEDGE/EXPERIENCE,605,W,BELMONT AVE,Y,NONINCAPACITATING INJURY,0,0,1,18,3,3,41.9399295,-87.64466341
07/30/2019 07:10:00 PM,30,TRAFFIC SIGNAL,CLEAR,DAYLIGHT,NOT DIVIDED,DRY,INJURY AND / OR TOW DUE TO CRASH,,FAILING TO YIELD RIGHT-OF-WAY,2201,S,ARCHER AVE,,NONINCAPACITATING INJURY,0,0,1,19,3,7,41.85271955,-87.63484498
6/12/2022 17:40,30,STOP SIGN/FLASHER,CLEAR,DAYLIGHT,NOT DIVIDED,DRY,INJURY AND / OR TOW DUE TO CRASH,,FAILING TO REDUCE SPEED TO AVOID CRASH,400,W,26TH ST,,NONINCAPACITATING INJURY,0,0,1,17,1,6,41.84556703,-87.63685509
10/3/2022 21:00,30,TRAFFIC SIGNAL,CLEAR,DARKNESS,DIVIDED - W/MEDIAN (NOT RAISED),DRY,INJURY AND / OR TOW DUE TO CRASH,,IMPROPER LANE USAGE,52,W,DIVISION ST,Y,NONINCAPACITATING INJURY,0,0,1,21,2,10,41.90402261,-87.63076285
12/11/2018 20:15,30,NO CONTROLS,CLEAR,"DARKNESS, LIGHTED ROAD",DIVIDED - W/MEDIAN (NOT RAISED),DRY,NO INJURY / DRIVE AWAY,Y,UNABLE TO DETERMINE,1000,N,LA SALLE DR,Y,NO INDICATION OF INJURY,0,0,0,20,3,12,41.9005848,-87.63298607
09/16/2023 05:08:00 PM,30,NO CONTROLS,CLEAR,DAYLIGHT,DIVIDED - W/MEDIAN (NOT RAISED),DRY,NO INJURY / DRIVE AWAY,,FAILING TO YIELD RIGHT-OF-WAY,5420,W,AUGUSTA BLVD,Y,NO INDICATION OF INJURY,0,0,0,17,7,9,41.89864167,-87.76166791
2/6/2020 15:30,30,TRAFFIC SIGNAL,SNOW,DAYLIGHT,FOUR WAY,WET,INJURY AND / OR TOW DUE TO CRASH,,FAILING TO YIELD RIGHT-OF-WAY,2600,W,DIVISION ST,,NONINCAPACITATING INJURY,0,0,1,15,5,2,41.90307685,-87.69207731
08/14/2021 08:40:00 AM,30,NO CONTROLS,CLEAR,DAYLIGHT,NOT DIVIDED,DRY,INJURY AND / OR TOW DUE TO CRASH,,IMPROPER OVERTAKING/PASSING,1424,E,53RD ST,Y,NONINCAPACITATING INJURY,0,0,1,8,7,8,41.7996338,-87.59068096
06/27/2017 07:18:00 AM,30,TRAFFIC SIGNAL,CLEAR,DAYLIGHT,DIVIDED - W/MEDIAN (NOT RAISED),DRY,INJURY AND / OR TOW DUE TO CRASH,,IMPROPER OVERTAKING/PASSING,1201,W,DIVISION ST,,INCAPACITATING INJURY,0,1,0,7,3,6,41.90339832,-87.65746875
09/20/2018 12:35:00 PM,30,NO CONTROLS,CLEAR,DAYLIGHT,NOT DIVIDED,DRY,INJURY AND / OR TOW DUE TO CRASH,,UNABLE TO DETERMINE,7441,N,WESTERN AVE,Y,NONINCAPACITATING INJURY,0,0,1,12,5,9,42.01690301,-87.69005385
06/17/2023 06:15:00 PM,15,NO CONTROLS,CLEAR,DAYLIGHT,OTHER,DRY,INJURY AND / OR TOW DUE TO CRASH,,UNABLE TO DETERMINE,601,N,LAKE SHORE DR NB,N,NONINCAPACITATING INJURY,0,0,3,18,7,6,41.89270515,-87.61383093
05/14/2022 10:19:00 PM,30,NO CONTROLS,CLEAR,"DARKNESS, LIGHTED ROAD",NOT DIVIDED,DRY,INJURY AND / OR TOW DUE TO CRASH,Y,"OPERATING VEHICLE IN ERRATIC, RECKLESS, CARELESS, NEGLIGENT OR AGGRESSIVE MANNER",1540,S,HOMAN AVE,,NONINCAPACITATING INJURY,0,0,1,22,7,5,41.8596277,-87.71049937
09/23/2018 05:40:00 PM,25,TRAFFIC SIGNAL,CLEAR,DAYLIGHT,NOT DIVIDED,DRY,INJURY AND / OR TOW DUE TO CRASH,,"VISION OBSCURED (SIGNS, TREE LIMBS, BUILDINGS, ETC.)",1600,W,DEVON AVE,,NONINCAPACITATING INJURY,0,0,1,17,1,9,41.99818477,-87.67066256
03/22/2022 04:00:00 PM,30,UNKNOWN,CLEAR,DAYLIGHT,UNKNOWN,DRY,INJURY AND / OR TOW DUE TO CRASH,,UNABLE TO DETERMINE,6100,S,DR MARTIN LUTHER KING JR DR,,NONINCAPACITATING INJURY,0,0,1,16,3,3,41.78379147,-87.61585767
10/25/2017 06:50:00 AM,30,STOP SIGN/FLASHER,CLEAR,DAYLIGHT,NOT DIVIDED,DRY,NO INJURY / DRIVE AWAY,,UNABLE TO DETERMINE,6800,N,LAKEWOOD AVE,,NO INDICATION OF INJURY,0,0,0,6,4,10,42.00555542,-87.6637966
9/1/2017 18:05,30,STOP SIGN/FLASHER,CLEAR,DAYLIGHT,DIVIDED - W/MEDIAN (NOT RAISED),DRY,INJURY AND / OR TOW DUE TO CRASH,,FAILING TO YIELD RIGHT-OF-WAY,1233,N,DAMEN AVE,,"REPORTED, NOT EVIDENT",0,0,0,18,6,9,41.90416781,-87.67713815
08/30/2017 07:22:00 PM,30,NO CONTROLS,CLEAR,DAYLIGHT,NOT DIVIDED,DRY,NO INJURY / DRIVE AWAY,,UNABLE TO DETERMINE,3519,N,HALSTED ST,,NO INDICATION OF INJURY,0,0,0,19,4,8,41.94607507,-87.64930112
06/22/2023 10:30:00 PM,25,UNKNOWN,UNKNOWN,DARKNESS,ONE-WAY,DRY,INJURY AND / OR TOW DUE TO CRASH,Y,UNABLE TO DETERMINE,1615,N,KEELER AVE,,NONINCAPACITATING INJURY,0,0,1,22,5,6,41.91030928,-87.73108294
7/6/2023 8:45,25,NO CONTROLS,CLEAR,DAYLIGHT,DIVIDED - W/MEDIAN (NOT RAISED),DRY,NO INJURY / DRIVE AWAY,,UNABLE TO DETERMINE,2150,N,CALIFORNIA AVE,,NO INDICATION OF INJURY,0,0,0,8,5,7,41.92110333,-87.69745182
06/27/2018 06:58:00 PM,30,NO CONTROLS,CLEAR,DAYLIGHT,DIVIDED - W/MEDIAN (NOT RAISED),DRY,INJURY AND / OR TOW DUE TO CRASH,,UNABLE TO DETERMINE,2333,W,MADISON ST,,NONINCAPACITATING INJURY,0,0,1,18,4,6,41.88106937,-87.68530755
06/18/2019 06:23:00 PM,30,TRAFFIC SIGNAL,CLEAR,DAYLIGHT,DIVIDED - W/MEDIAN BARRIER,DRY,INJURY AND / OR TOW DUE TO CRASH,Y,FAILING TO YIELD RIGHT-OF-WAY,900,W,ROOSEVELT RD,,NONINCAPACITATING INJURY,0,0,1,18,3,6,41.86722662,-87.64916349
05/17/2018 04:43:00 PM,30,TRAFFIC SIGNAL,CLEAR,DAYLIGHT,DIVIDED - W/MEDIAN (NOT RAISED),DRY,INJURY AND / OR TOW DUE TO CRASH,,FAILING TO REDUCE SPEED TO AVOID CRASH,6000,S,DR MARTIN LUTHER KING JR DR,N,NONINCAPACITATING INJURY,0,0,1,16,5,5,41.7856061,-87.61590388
07/27/2022 01:29:00 PM,30,STOP SIGN/FLASHER,CLEAR,DAYLIGHT,DIVIDED - W/MEDIAN (NOT RAISED),DRY,INJURY AND / OR TOW DUE TO CRASH,Y,"OPERATING VEHICLE IN ERRATIC, RECKLESS, CARELESS, NEGLIGENT OR AGGRESSIVE MANNER",612,N,HOMAN AVE,,NONINCAPACITATING INJURY,0,0,1,13,4,7,41.89227348,-87.71148656
6/6/2020 12:00,30,STOP SIGN/FLASHER,CLEAR,DAYLIGHT,NOT DIVIDED,DRY,INJURY AND / OR TOW DUE TO CRASH,Y,FAILING TO YIELD RIGHT-OF-WAY,5400,S,NARRAGANSETT AVE,,"REPORTED, NOT EVIDENT",0,0,0,12,7,6,41.79413704,-87.7820077
8/10/2018 19:30,30,NO CONTROLS,CLEAR,DAYLIGHT,NOT DIVIDED,DRY,NO INJURY / DRIVE AWAY,,UNABLE TO DETERMINE,1062,W,CHICAGO AVE,,NO INDICATION OF INJURY,0,0,0,19,6,8,41.89638219,-87.65506733
09/20/2023 03:10:00 PM,25,NO CONTROLS,CLEAR,DAYLIGHT,DIVIDED - W/MEDIAN BARRIER,DRY,INJURY AND / OR TOW DUE TO CRASH,,ROAD ENGINEERING/SURFACE/MARKING DEFECTS,3936,N,ASHLAND AVE,,NONINCAPACITATING INJURY,0,0,1,15,4,9,41.95353998,-87.66917448
08/30/2021 04:23:00 PM,30,NO CONTROLS,CLEAR,DAYLIGHT,NOT DIVIDED,DRY,INJURY AND / OR TOW DUE TO CRASH,Y,CELL PHONE USE OTHER THAN TEXTING,1425,S,PULASKI RD,,NONINCAPACITATING INJURY,0,0,1,16,2,8,41.86175314,-87.72489011
09/19/2018 01:52:00 PM,30,NO CONTROLS,CLEAR,DAYLIGHT,DIVIDED - W/MEDIAN (NOT RAISED),DRY,INJURY AND / OR TOW DUE TO CRASH,,UNABLE TO DETERMINE,4400,W,ARMITAGE AVE,Y,NONINCAPACITATING INJURY,0,0,1,13,4,9,41.91715395,-87.73639149
07/29/2022 08:32:00 PM,30,TRAFFIC SIGNAL,CLEAR,DARKNESS,NOT DIVIDED,DRY,INJURY AND / OR TOW DUE TO CRASH,,IMPROPER TURNING/NO SIGNAL,1998,N,CALIFORNIA AVE,,INCAPACITATING INJURY,0,1,0,20,6,7,41.91739603,-87.69734463
7/11/2023 10:10,30,TRAFFIC SIGNAL,CLEAR,DAYLIGHT,PARKING LOT,DRY,INJURY AND / OR TOW DUE TO CRASH,,FAILING TO YIELD RIGHT-OF-WAY,370,N,DESPLAINES ST,,NONINCAPACITATING INJURY,0,0,1,10,3,7,41.88891817,-87.64447797
10/1/2018 22:43,30,STOP SIGN/FLASHER,RAIN,"DARKNESS, LIGHTED ROAD",DIVIDED - W/MEDIAN (NOT RAISED),WET,INJURY AND / OR TOW DUE TO CRASH,,WEATHER,938,W,GEORGE ST,,NONINCAPACITATING INJURY,0,0,1,22,2,10,41.93457931,-87.65305197
05/14/2021 07:40:00 PM,30,TRAFFIC SIGNAL,CLEAR,"DARKNESS, LIGHTED ROAD",DIVIDED - W/MEDIAN (NOT RAISED),UNKNOWN,INJURY AND / OR TOW DUE TO CRASH,Y,FAILING TO YIELD RIGHT-OF-WAY,2814,N,CALIFORNIA AVE,,NONINCAPACITATING INJURY,0,0,1,19,6,5,41.93260736,-87.69777582
12/15/2017 12:00:00 PM,30,NO CONTROLS,CLEAR,DAYLIGHT,ALLEY,DRY,NO INJURY / DRIVE AWAY,,UNABLE TO DETERMINE,3131,W,WABANSIA AVE,,NO INDICATION OF INJURY,0,0,0,12,6,12,41.91184133,-87.70576304
9/12/2021 1:23,30,TRAFFIC SIGNAL,CLEAR,"DARKNESS, LIGHTED ROAD",FOUR WAY,DRY,NO INJURY / DRIVE AWAY,Y,BICYCLE ADVANCING LEGALLY ON RED LIGHT,800,W,IRVING PARK RD,Y,NO INDICATION OF INJURY,0,0,0,1,1,9,41.95467011,-87.6497454
05/19/2022 09:13:00 AM,30,TRAFFIC SIGNAL,CLEAR,DAYLIGHT,FOUR WAY,DRY,NO INJURY / DRIVE AWAY,Y,UNABLE TO DETERMINE,150,N,WABASH AVE,,NO INDICATION OF INJURY,0,0,0,9,5,5,41.88452563,-87.62639583
8/3/2019 6:30,30,TRAFFIC SIGNAL,CLEAR,DAYLIGHT,NOT DIVIDED,DRY,INJURY AND / OR TOW DUE TO CRASH,Y,FAILING TO YIELD RIGHT-OF-WAY,4930,W,BERTEAU AVE,,INCAPACITATING INJURY,0,1,0,6,7,8,41.95713224,-87.75129408
09/20/2017 06:48:00 AM,30,NO CONTROLS,CLEAR,DAYLIGHT,NOT DIVIDED,DRY,INJURY AND / OR TOW DUE TO CRASH,Y,UNABLE TO DETERMINE,6251,S,WESTERN AVE,,INCAPACITATING INJURY,0,1,0,6,4,9,41.77953853,-87.68350199
07/20/2019 04:33:00 AM,30,TRAFFIC SIGNAL,CLEAR,"DARKNESS, LIGHTED ROAD",NOT DIVIDED,DRY,NO INJURY / DRIVE AWAY,,DISREGARDING TRAFFIC SIGNALS,5500,W,55TH ST,,NO INDICATION OF INJURY,0,0,0,4,7,7,41.79288304,-87.75993131
5/7/2019 12:10,30,NO CONTROLS,CLEAR,DAYLIGHT,NOT DIVIDED,DRY,INJURY AND / OR TOW DUE TO CRASH,,IMPROPER TURNING/NO SIGNAL,250,E,LOWER NORTH WATER ST,,"REPORTED, NOT EVIDENT",0,0,0,12,3,5,41.88968127,-87.62045361
06/24/2023 04:34:00 PM,30,TRAFFIC SIGNAL,CLEAR,DAYLIGHT,NOT DIVIDED,DRY,INJURY AND / OR TOW DUE TO CRASH,,FAILING TO YIELD RIGHT-OF-WAY,4099,W,MADISON ST,Y,"REPORTED, NOT EVIDENT",0,0,0,16,7,6,41.88058742,-87.72799479
07/29/2023 08:33:00 PM,30,TRAFFIC SIGNAL,CLEAR,"DARKNESS, LIGHTED ROAD",CENTER TURN LANE,DRY,INJURY AND / OR TOW DUE TO CRASH,,DISREGARDING TRAFFIC SIGNALS,149,N,STATE ST,,NONINCAPACITATING INJURY,0,0,1,20,7,7,41.88446083,-87.62776308
3/6/2020 17:21,35,TRAFFIC SIGNAL,CLEAR,DAYLIGHT,DIVIDED - W/MEDIAN (NOT RAISED),DRY,INJURY AND / OR TOW DUE TO CRASH,,EQUIPMENT - VEHICLE CONDITION,83,W,ROOSEVELT RD,,NONINCAPACITATING INJURY,0,0,1,17,6,3,41.86726497,-87.63038308
06/13/2021 02:30:00 PM,30,TRAFFIC SIGNAL,CLEAR,DAYLIGHT,NOT DIVIDED,DRY,NO INJURY / DRIVE AWAY,,IMPROPER LANE USAGE,2600,N,NARRAGANSETT AVE,,NO INDICATION OF INJURY,0,0,0,14,1,6,41.92742709,-87.78573363
5/4/2021 12:30,30,NO CONTROLS,CLEAR,DAYLIGHT,NOT DIVIDED,DRY,NO INJURY / DRIVE AWAY,Y,FAILING TO YIELD RIGHT-OF-WAY,1801,W,DIVISION ST,Y,NO INDICATION OF INJURY,0,0,0,12,3,5,41.90315615,-87.67242232
10/13/2021 03:35:00 PM,25,STOP SIGN/FLASHER,RAIN,DAYLIGHT,ONE-WAY,WET,INJURY AND / OR TOW DUE TO CRASH,Y,FOLLOWING TOO CLOSELY,5900,N,GLENWOOD AVE,,"REPORTED, NOT EVIDENT",0,0,0,15,4,10,41.98905063,-87.66526222
1/3/2019 20:00,30,NO CONTROLS,CLEAR,DARKNESS,NOT DIVIDED,DRY,INJURY AND / OR TOW DUE TO CRASH,,UNABLE TO DETERMINE,1111,N,DEARBORN ST,Y,"REPORTED, NOT EVIDENT",0,0,0,20,5,1,41.90223626,-87.62978841
05/15/2020 02:24:00 PM,30,STOP SIGN/FLASHER,CLEAR,DAYLIGHT,FOUR WAY,DRY,INJURY AND / OR TOW DUE TO CRASH,Y,UNABLE TO DETERMINE,6000,S,WOOD ST,,"REPORTED, NOT EVIDENT",0,0,0,14,6,5,41.78477568,-87.66934352
06/18/2022 03:56:00 PM,30,NO CONTROLS,CLEAR,DAYLIGHT,DIVIDED - W/MEDIAN (NOT RAISED),DRY,INJURY AND / OR TOW DUE TO CRASH,,UNABLE TO DETERMINE,7411,W,SCHOOL ST,Y,INCAPACITATING INJURY,0,1,0,15,7,6,41.93960064,-87.81191937
09/17/2020 05:15:00 PM,30,NO CONTROLS,CLEAR,DAYLIGHT,DIVIDED - W/MEDIAN (NOT RAISED),DRY,INJURY AND / OR TOW DUE TO CRASH,Y,UNABLE TO DETERMINE,1120,W,WILSON AVE,Y,NONINCAPACITATING INJURY,0,0,1,17,5,9,41.96549804,-87.65832494
09/22/2020 04:00:00 PM,25,NO CONTROLS,CLEAR,DAYLIGHT,NOT DIVIDED,DRY,INJURY AND / OR TOW DUE TO CRASH,,FAILING TO REDUCE SPEED TO AVOID CRASH,7225,N,SACRAMENTO AVE,,NONINCAPACITATING INJURY,0,0,1,16,3,9,42.01276263,-87.70428803
09/27/2020 08:45:00 PM,30,TRAFFIC SIGNAL,CLEAR,"DARKNESS, LIGHTED ROAD",NOT DIVIDED,DRY,INJURY AND / OR TOW DUE TO CRASH,,UNABLE TO DETERMINE,1199,N,MILWAUKEE AVE,,"REPORTED, NOT EVIDENT",0,0,0,20,1,9,41.9034135,-87.66634532
8/9/2019 14:45,30,NO CONTROLS,CLEAR,DAYLIGHT,PARKING LOT,DRY,INJURY AND / OR TOW DUE TO CRASH,,NOT APPLICABLE,5035,W,55TH ST,,NONINCAPACITATING INJURY,0,0,1,14,6,8,41.79282674,-87.74906303
10/1/2023 20:45,20,NO CONTROLS,CLEAR,"DARKNESS, LIGHTED ROAD",ONE-WAY,DRY,NO INJURY / DRIVE AWAY,Y,UNABLE TO DETERMINE,4415,N,SPRINGFIELD AVE,,NO INDICATION OF INJURY,0,0,0,20,1,10,41.96144095,-87.72524615
07/16/2018 09:30:00 PM,30,OTHER,CLEAR,"DARKNESS, LIGHTED ROAD",DIVIDED - W/MEDIAN (NOT RAISED),DRY,INJURY AND / OR TOW DUE TO CRASH,,IMPROPER LANE USAGE,2423,N,LINCOLN AVE,Y,INCAPACITATING INJURY,0,1,0,21,2,7,41.92603756,-87.64937909
08/31/2023 06:39:00 AM,30,NO CONTROLS,CLEAR,DAYLIGHT,ONE-WAY,DRY,NO INJURY / DRIVE AWAY,,DRIVING ON WRONG SIDE/WRONG WAY,6135,N,SACRAMENTO AVE,,NO INDICATION OF INJURY,0,0,0,6,5,8,41.99318782,-87.70420329
9/12/2019 17:45,30,STOP SIGN/FLASHER,CLEAR,DUSK,NOT DIVIDED,DRY,INJURY AND / OR TOW DUE TO CRASH,,UNABLE TO DETERMINE,3631,W,MADISON ST,,NONINCAPACITATING INJURY,0,0,1,17,5,9,41.88072714,-87.71721334
07/21/2020 11:15:00 AM,30,NO CONTROLS,CLEAR,DAYLIGHT,NOT DIVIDED,DRY,INJURY AND / OR TOW DUE TO CRASH,,UNABLE TO DETERMINE,1329,N,LAKE SHORE DR,,INCAPACITATING INJURY,0,1,0,11,3,7,41.90678316,-87.62536993
8/8/2019 17:11,30,NO CONTROLS,CLEAR,DAYLIGHT,NOT DIVIDED,DRY,NO INJURY / DRIVE AWAY,,UNABLE TO DETERMINE,1533,N,WELLS ST,,NO INDICATION OF INJURY,0,0,0,17,5,8,41.91013488,-87.63453147
09/26/2022 07:39:00 AM,30,TRAFFIC SIGNAL,CLEAR,DAYLIGHT,FOUR WAY,DRY,NO INJURY / DRIVE AWAY,,DISREGARDING TRAFFIC SIGNALS,599,S,KEDZIE AVE,,NO INDICATION OF INJURY,0,0,0,7,2,9,41.87371937,-87.70577115
11/5/2022 2:02,30,NO CONTROLS,RAIN,DARKNESS,NOT DIVIDED,WET,NO INJURY / DRIVE AWAY,,UNDER THE INFLUENCE OF ALCOHOL/DRUGS (USE WHEN ARREST IS EFFECTED),1400,W,CORTLAND ST,,NO INDICATION OF INJURY,0,0,0,2,7,11,41.91716784,-87.66334438