CRASH_DATE,POSTED_SPEED_LIMIT,TRAFFIC_CONTROL_DEVICE,WEATHER_CONDITION,LIGHTING_CONDITION,TRAFFICWAY_TYPE,ROADWAY_SURFACE_COND,CRASH_TYPE,HIT_AND_RUN_I,PRIM_CONTRIBUTORY_CAUSE,STREET_NO,STREET_DIRECTION,STREET_NAME,DOORING_I,MOST_SEVERE_INJURY,INJURIES_FATAL,INJURIES_INCAPACITATING,INJURIES_NON_INCAPACITATING,CRASH_HOUR,CRASH_DAY_OF_WEEK,CRASH_MONTH,LATITUDE,LONGITUDE
09/28/2019 04:35:00 PM,30,NO CONTROLS,CLEAR,DAYLIGHT,NOT DIVIDED,DRY,INJURY AND / OR TOW DUE TO CRASH,,FAILING TO YIELD RIGHT-OF-WAY,2274,N,MILWAUKEE AVE,Y,NONINCAPACITATING INJURY,0,0,1,16,7,9,41.92223872,-87.69651057
07/23/2020 04:30:00 PM,30,NO CONTROLS,CLEAR,DAYLIGHT,DIVIDED - W/MEDIAN (NOT RAISED),DRY,INJURY AND / OR TOW DUE TO CRASH,,UNABLE TO DETERMINE,2339,N,MILWAUKEE AVE,Y,"REPORTED, NOT EVIDENT",0,0,0,16,5,7,41.92379232,-87.69856983
04/29/2017 04:35:00 PM,30,NO CONTROLS,RAIN,DUSK,DIVIDED - W/MEDIAN (NOT RAISED),WET,INJURY AND / OR TOW DUE TO CRASH,,FAILING TO YIELD RIGHT-OF-WAY,1057,W,BRYN MAWR AVE,Y,NONINCAPACITATING INJURY,0,0,1,16,7,4,41.98355793,-87.65746061
10/6/2017 12:40,30,TRAFFIC SIGNAL,CLEAR,DAYLIGHT,NOT DIVIDED,UNKNOWN,NO INJURY / DRIVE AWAY,,FAILING TO YIELD RIGHT-OF-WAY,4359,N,BROADWAY,,NO INDICATION OF INJURY,0,0,0,12,6,10,41.96173636,-87.65495156
08/22/2018 04:25:00 PM,35,TRAFFIC SIGNAL,CLEAR,DAYLIGHT,CENTER TURN LANE,DRY,INJURY AND / OR TOW DUE TO CRASH,,UNABLE TO DETERMINE,4500,S,COTTAGE GROVE AVE,,NONINCAPACITATING INJURY,0,0,1,16,4,8,41.81308092,-87.60679221
09/18/2023 06:41:00 AM,30,TRAFFIC SIGNAL,CLEAR,DAYLIGHT,FOUR WAY,DRY,INJURY AND / OR TOW DUE TO CRASH,,DRIVING ON WRONG SIDE/WRONG WAY,3500,S,LA SALLE ST,,INCAPACITATING INJURY,0,1,0,6,2,9,41.8309351,-87.62997531
6/5/2020 13:00,30,NO CONTROLS,CLEAR,DAYLIGHT,NOT DIVIDED,DRY,INJURY AND / OR TOW DUE TO CRASH,,NOT APPLICABLE,2936,N,CLARK ST,Y,"REPORTED, NOT EVIDENT",0,0,0,13,6,6,41.93575919,-87.64745551
11/1/2022 9:00,30,STOP SIGN/FLASHER,CLEAR,DAYLIGHT,NOT DIVIDED,DRY,NO INJURY / DRIVE AWAY,,FAILING TO YIELD RIGHT-OF-WAY,3999,W,GRANVILLE AVE,,NO INDICATION OF INJURY,0,0,0,9,3,11,41.99358252,-87.72882183
09/27/2018 04:45:00 PM,25,NO CONTROLS,CLEAR,DAYLIGHT,NOT DIVIDED,DRY,NO INJURY / DRIVE AWAY,,EXCEEDING AUTHORIZED SPEED LIMIT,474,N,DAMEN AVE,Y,NO INDICATION OF INJURY,0,0,0,16,5,9,41.8908004,-87.67705488
03/29/2023 06:15:00 PM,30,TRAFFIC SIGNAL,CLEAR,DAYLIGHT,FOUR WAY,DRY,INJURY AND / OR TOW DUE TO CRASH,,"VISION OBSCURED (SIGNS, TREE LIMBS, BUILDINGS, ETC.)",1600,W,WILSON AVE,,NONINCAPACITATING INJURY,0,0,1,18,4,3,41.96534186,-87.66943013
10/10/2022 10:37,30,NO CONTROLS,CLEAR,DAYLIGHT,NOT DIVIDED,DRY,INJURY AND / OR TOW DUE TO CRASH,,NOT APPLICABLE,7133,N,PAULINA ST,Y,NONINCAPACITATING INJURY,0,0,1,10,2,10,42.01249471,-87.67221218
09/26/2017 08:54:00 PM,30,TRAFFIC SIGNAL,CLEAR,"DARKNESS, LIGHTED ROAD",DIVIDED - W/MEDIAN (NOT RAISED),DRY,NO INJURY / DRIVE AWAY,,IMPROPER TURNING/NO SIGNAL,1299,N,CLARK ST,N,NO INDICATION OF INJURY,0,0,0,20,3,9,41.90568974,-87.63135716
9/6/2021 20:00,30,NO CONTROLS,CLEAR,"DARKNESS, LIGHTED ROAD",NOT DIVIDED,DRY,INJURY AND / OR TOW DUE TO CRASH,,UNABLE TO DETERMINE,4400,W,OGDEN AVE,,"REPORTED, NOT EVIDENT",0,0,0,20,2,9,41.84777752,-87.73450597
9/10/2019 19:45,30,UNKNOWN,CLEAR,DAWN,NOT DIVIDED,DRY,INJURY AND / OR TOW DUE TO CRASH,,UNABLE TO DETERMINE,1331,N,MILWAUKEE AVE,Y,NONINCAPACITATING INJURY,0,0,1,19,3,9,41.90612879,-87.67059339
10/10/2017 7:46,30,NO CONTROLS,CLEAR,DAYLIGHT,NOT DIVIDED,DRY,INJURY AND / OR TOW DUE TO CRASH,,UNABLE TO DETERMINE,337,W,ERIE ST,,NONINCAPACITATING INJURY,0,0,1,7,3,10,41.89384186,-87.63702799
6/8/2023 15:06,15,NO CONTROLS,CLEAR,DAYLIGHT,ALLEY,DRY,NO INJURY / DRIVE AWAY,,NOT APPLICABLE,3603,S,CALIFORNIA AVE,,NO INDICATION OF INJURY,0,0,0,15,5,6,41.8281584,-87.69461435
10/8/2020 15:00,25,NO CONTROLS,CLEAR,UNKNOWN,NOT DIVIDED,DRY,INJURY AND / OR TOW DUE TO CRASH,,IMPROPER TURNING/NO SIGNAL,3101,N,LINCOLN AVE,Y,NONINCAPACITATING INJURY,0,0,1,15,5,10,41.93806498,-87.66620548
1/11/2020 14:30,30,NO CONTROLS,RAIN,DAYLIGHT,NOT DIVIDED,WET,INJURY AND / OR TOW DUE TO CRASH,,DISREGARDING STOP SIGN,7359,S,DR MARTIN LUTHER KING JR DR,,"REPORTED, NOT EVIDENT",0,0,0,14,7,1,41.76038274,-87.61502292
3/8/2020 15:20,30,TRAFFIC SIGNAL,CLEAR,DAYLIGHT,DIVIDED - W/MEDIAN (NOT RAISED),DRY,INJURY AND / OR TOW DUE TO CRASH,,FAILING TO YIELD RIGHT-OF-WAY,5402,W,BELMONT AVE,,INCAPACITATING INJURY,0,1,0,15,1,3,41.93874562,-87.76173827
9/10/2020 20:29,30,NO CONTROLS,RAIN,"DARKNESS, LIGHTED ROAD",PARKING LOT,WET,INJURY AND / OR TOW DUE TO CRASH,Y,FAILING TO YIELD RIGHT-OF-WAY,6900,S,ASHLAND AVE,,NONINCAPACITATING INJURY,0,0,1,20,5,9,41.76845491,-87.66403843
08/16/2022 05:13:00 PM,25,STOP SIGN/FLASHER,CLEAR,DAYLIGHT,FOUR WAY,DRY,INJURY AND / OR TOW DUE TO CRASH,,DRIVING SKILLS/KNOWLEDGE/EXPERIENCE,5200,S,MENARD AVE,,INCAPACITATING INJURY,0,1,0,17,3,8,41.79805376,-87.76749055
6/5/2023 23:33,30,TRAFFIC SIGNAL,CLEAR,"DARKNESS, LIGHTED ROAD",FOUR WAY,DRY,INJURY AND / OR TOW DUE TO CRASH,N,DISREGARDING TRAFFIC SIGNALS,2600,N,PULASKI RD,,INCAPACITATING INJURY,0,1,0,23,2,6,41.92822191,-87.72702494
1/3/2018 20:18,30,NO CONTROLS,SNOW,"DARKNESS, LIGHTED ROAD",ALLEY,WET,NO INJURY / DRIVE AWAY,,UNABLE TO DETERMINE,615,N,MICHIGAN AVE,,NO INDICATION OF INJURY,0,0,0,20,4,1,41.89300771,-87.62405352
08/19/2017 01:20:00 AM,30,NO CONTROLS,CLEAR,"DARKNESS, LIGHTED ROAD",DIVIDED - W/MEDIAN (NOT RAISED),DRY,INJURY AND / OR TOW DUE TO CRASH,Y,UNABLE TO DETERMINE,4612,W,HARRISON ST,N,NONINCAPACITATING INJURY,0,0,1,1,7,8,41.87334926,-87.74069528
04/30/2019 06:25:00 PM,30,TRAFFIC SIGNAL,RAIN,DAYLIGHT,NOT DIVIDED,WET,INJURY AND / OR TOW DUE TO CRASH,,DISREGARDING OTHER TRAFFIC SIGNS,1000,N,ASHLAND AVE,,NONINCAPACITATING INJURY,0,0,1,18,3,4,41.89975116,-87.66754062
9/6/2017 18:10,30,NO CONTROLS,CLEAR,DUSK,DIVIDED - W/MEDIAN (NOT RAISED),DRY,INJURY AND / OR TOW DUE TO CRASH,,UNABLE TO DETERMINE,167,N,HALSTED ST,,"REPORTED, NOT EVIDENT",0,0,0,18,4,9,41.88507399,-87.6473079
11/14/2021 02:05:00 PM,30,NO CONTROLS,CLOUDY/OVERCAST,DAYLIGHT,NOT DIVIDED,DRY,INJURY AND / OR TOW DUE TO CRASH,,UNABLE TO DETERMINE,630,W,DIVISION ST,Y,NONINCAPACITATING INJURY,0,0,1,14,1,11,41.90380378,-87.64456375
12/8/2022 9:33,30,NO CONTROLS,CLOUDY/OVERCAST,DAYLIGHT,NOT DIVIDED,UNKNOWN,INJURY AND / OR TOW DUE TO CRASH,,UNABLE TO DETERMINE,2656,N,HALSTED ST,Y,NONINCAPACITATING INJURY,0,0,1,9,5,12,41.93064872,-87.64908888
5/11/2023 17:16,30,NO CONTROLS,CLEAR,DAYLIGHT,ONE-WAY,DRY,NO INJURY / DRIVE AWAY,,DISTRACTION - FROM INSIDE VEHICLE,4326,S,MICHIGAN AVE,Y,NO INDICATION OF INJURY,0,0,0,17,5,5,41.81571475,-87.62315454
07/29/2017 01:50:00 PM,30,NO CONTROLS,CLEAR,DAYLIGHT,NOT DIVIDED,DRY,NO INJURY / DRIVE AWAY,,FAILING TO YIELD RIGHT-OF-WAY,3209,N,SHEFFIELD AVE,Y,NO INDICATION OF INJURY,0,0,0,13,7,7,41.94023364,-87.65396955
03/19/2019 11:50:00 AM,35,NO CONTROLS,CLEAR,DAYLIGHT,DIVIDED - W/MEDIAN (NOT RAISED),DRY,NO INJURY / DRIVE AWAY,,NOT APPLICABLE,5050,N,BROADWAY,Y,NO INDICATION OF INJURY,0,0,0,11,3,3,41.97412953,-87.6599553
07/24/2023 02:00:00 PM,30,NO CONTROLS,CLEAR,DAYLIGHT,OTHER,DRY,NO INJURY / DRIVE AWAY,,UNABLE TO DETERMINE,6100,S,WESTERN AVE,,NO INDICATION OF INJURY,0,0,0,14,2,7,41.7828162,-87.683886
9/9/2016 22:56,30,NO CONTROLS,RAIN,"DARKNESS, LIGHTED ROAD",ONE-WAY,WET,INJURY AND / OR TOW DUE TO CRASH,,WEATHER,1201,S,SAWYER AVE,,INCAPACITATING INJURY,0,1,0,22,6,9,41.86630293,-87.70673364
6/1/2022 17:42,20,NO CONTROLS,CLEAR,DAYLIGHT,NOT DIVIDED,DRY,INJURY AND / OR TOW DUE TO CRASH,,FAILING TO YIELD RIGHT-OF-WAY,1214,N,DAMEN AVE,,NONINCAPACITATING INJURY,0,0,1,17,4,6,41.90372386,-87.67742016
08/25/2017 09:45:00 PM,30,TRAFFIC SIGNAL,CLEAR,"DARKNESS, LIGHTED ROAD",OTHER,DRY,INJURY AND / OR TOW DUE TO CRASH,,FAILING TO YIELD RIGHT-OF-WAY,1199,S,JEFFERSON ST,,NONINCAPACITATING INJURY,0,0,1,21,6,8,41.86726989,-87.6420425
12/15/2022 10:48:00 PM,25,YIELD,UNKNOWN,"DARKNESS, LIGHTED ROAD",NOT DIVIDED,DRY,NO INJURY / DRIVE AWAY,,FAILING TO YIELD RIGHT-OF-WAY,1,N,STATE ST,,NO INDICATION OF INJURY,0,0,0,22,5,12,41.88211763,-87.62767361
09/29/2017 10:00:00 AM,30,NO CONTROLS,CLEAR,DAYLIGHT,NOT DIVIDED,DRY,INJURY AND / OR TOW DUE TO CRASH,,FOLLOWING TOO CLOSELY,1212,N,WELLS ST,,NONINCAPACITATING INJURY,0,0,1,10,6,9,41.90427507,-87.63464168
9/8/2018 11:05,30,NO CONTROLS,CLEAR,DAYLIGHT,DIVIDED - W/MEDIAN (NOT RAISED),DRY,INJURY AND / OR TOW DUE TO CRASH,,UNABLE TO DETERMINE,2860,N,WESTERN AVE,,INCAPACITATING INJURY,0,1,0,11,7,9,41.93397503,-87.68808813
08/14/2022 10:52:00 PM,30,NO CONTROLS,CLEAR,"DARKNESS, LIGHTED ROAD",ONE-WAY,DRY,INJURY AND / OR TOW DUE TO CRASH,Y,NOT APPLICABLE,2200,W,GREENLEAF AVE,,NONINCAPACITATING INJURY,0,0,1,22,1,8,42.01010397,-87.68615425
12/19/2018 02:20:00 PM,30,STOP SIGN/FLASHER,CLEAR,DAYLIGHT,NOT DIVIDED,DRY,INJURY AND / OR TOW DUE TO CRASH,,DISREGARDING TRAFFIC SIGNALS,4500,N,WESTERN AVE,,NONINCAPACITATING INJURY,0,0,1,14,4,12,41.96322288,-87.68888611
07/18/2021 07:05:00 PM,30,NO CONTROLS,CLEAR,DAYLIGHT,DIVIDED - W/MEDIAN (NOT RAISED),DRY,INJURY AND / OR TOW DUE TO CRASH,,DRIVING SKILLS/KNOWLEDGE/EXPERIENCE,3110,N,SACRAMENTO AVE,,INCAPACITATING INJURY,0,1,0,19,1,7,41.93795744,-87.70283383
07/24/2018 01:40:00 PM,30,NO CONTROLS,CLEAR,DAYLIGHT,NOT DIVIDED,DRY,NO INJURY / DRIVE AWAY,,UNABLE TO DETERMINE,660,W,WRIGHTWOOD AVE,Y,NO INDICATION OF INJURY,0,0,0,13,3,7,41.92929282,-87.64516352
05/23/2019 06:18:00 PM,25,STOP SIGN/FLASHER,CLEAR,DAYLIGHT,NOT DIVIDED,DRY,NO INJURY / DRIVE AWAY,,"VISION OBSCURED (SIGNS, TREE LIMBS, BUILDINGS, ETC.)",5800,N,JERSEY AVE,,NO INDICATION OF INJURY,0,0,0,18,5,5,41.98675498,-87.71009866
8/7/2018 10:05,30,TRAFFIC SIGNAL,CLEAR,DAYLIGHT,DIVIDED - W/MEDIAN (NOT RAISED),DRY,INJURY AND / OR TOW DUE TO CRASH,,FAILING TO YIELD RIGHT-OF-WAY,1400,N,CENTRAL AVE,,NONINCAPACITATING INJURY,0,0,1,10,3,8,41.90584606,-87.76593525
06/30/2018 04:46:00 PM,30,TRAFFIC SIGNAL,CLEAR,DAYLIGHT,NOT DIVIDED,DRY,INJURY AND / OR TOW DUE TO CRASH,Y,UNABLE TO DETERMINE,1302,W,IRVING PARK RD,Y,INCAPACITATING INJURY,0,1,0,16,7,6,41.95448697,-87.66237778
5/1/2019 15:12,30,STOP SIGN/FLASHER,CLEAR,DAYLIGHT,NOT DIVIDED,DRY,NO INJURY / DRIVE AWAY,,DRIVING SKILLS/KNOWLEDGE/EXPERIENCE,1603,W,34TH ST,,NO INDICATION OF INJURY,0,0,0,15,4,5,41.83222862,-87.66574084
08/24/2023 08:27:00 PM,30,NO CONTROLS,CLEAR,"DARKNESS, LIGHTED ROAD",FOUR WAY,DRY,INJURY AND / OR TOW DUE TO CRASH,,FAILING TO YIELD RIGHT-OF-WAY,4900,W,CHICAGO AVE,,"REPORTED, NOT EVIDENT",0,0,0,20,5,8,41.89509362,-87.74838172
04/14/2018 12:35:00 AM,30,TRAFFIC SIGNAL,RAIN,"DARKNESS, LIGHTED ROAD",DIVIDED - W/MEDIAN (NOT RAISED),WET,NO INJURY / DRIVE AWAY,,UNABLE TO DETERMINE,2201,W,NORTH AVE,Y,NO INDICATION OF INJURY,0,0,0,0,7,4,41.91028301,-87.68240519
9/6/2023 12:30,30,UNKNOWN,CLEAR,DAYLIGHT,ALLEY,UNKNOWN,NO INJURY / DRIVE AWAY,Y,FAILING TO YIELD RIGHT-OF-WAY,2740,W,DIVISION ST,,NO INDICATION OF INJURY,0,0,0,12,4,9,41.90304137,-87.6960695
09/23/2022 04:16:00 PM,25,NO CONTROLS,CLEAR,DAYLIGHT,NOT DIVIDED,DRY,INJURY AND / OR TOW DUE TO CRASH,,IMPROPER LANE USAGE,3156,N,MOBILE AVE,,INCAPACITATING INJURY,0,1,0,16,6,9,41.93824677,-87.78364903
8/6/2022 11:30,30,NO CONTROLS,CLEAR,DAYLIGHT,NOT DIVIDED,DRY,INJURY AND / OR TOW DUE TO CRASH,Y,UNABLE TO DETERMINE,3516,W,LAWRENCE AVE,Y,"REPORTED, NOT EVIDENT",0,0,0,11,7,8,41.96847814,-87.71660625
07/29/2019 01:53:00 PM,30,TRAFFIC SIGNAL,CLOUDY/OVERCAST,DAYLIGHT,FOUR WAY,WET,INJURY AND / OR TOW DUE TO CRASH,,FAILING TO YIELD RIGHT-OF-WAY,3300,S,WENTWORTH AVE,,NONINCAPACITATING INJURY,0,0,1,13,2,7,41.83449802,-87.6317458
9/7/2022 8:20,30,UNKNOWN,CLEAR,DAYLIGHT,FOUR WAY,DRY,INJURY AND / OR TOW DUE TO CRASH,,FAILING TO YIELD RIGHT-OF-WAY,100,E,RANDOLPH ST,N,NONINCAPACITATING INJURY,0,0,1,8,4,9,41.88457722,-87.62440363
09/13/2017 01:55:00 PM,30,TRAFFIC SIGNAL,CLEAR,DAYLIGHT,NOT DIVIDED,DRY,NO INJURY / DRIVE AWAY,,DISREGARDING TRAFFIC SIGNALS,1,E,8TH ST,,NO INDICATION OF INJURY,0,0,0,13,4,9,41.87169777,-87.62748447
06/15/2018 09:30:00 AM,30,NO CONTROLS,CLEAR,DAYLIGHT,DIVIDED - W/MEDIAN (NOT RAISED),DRY,INJURY AND / OR TOW DUE TO CRASH,,UNABLE TO DETERMINE,8300,S,RACINE AVE,,NONINCAPACITATING INJURY,0,0,1,9,6,6,41.74312405,-87.65368441
08/17/2022 10:29:00 AM,30,NO CONTROLS,CLEAR,DAYLIGHT,ONE-WAY,DRY,INJURY AND / OR TOW DUE TO CRASH,,UNABLE TO DETERMINE,141,W,VAN BUREN ST,Y,NONINCAPACITATING INJURY,0,0,1,10,4,8,41.87676186,-87.63219326
11/27/2017 05:35:00 AM,25,NO CONTROLS,CLEAR,DAWN,DIVIDED - W/MEDIAN (NOT RAISED),UNKNOWN,INJURY AND / OR TOW DUE TO CRASH,,FAILING TO YIELD RIGHT-OF-WAY,499,W,ROOSEVELT RD,,"REPORTED, NOT EVIDENT",0,0,0,5,2,11,41.86714398,-87.63913327
07/14/2020 05:51:00 PM,30,NO CONTROLS,CLEAR,DAYLIGHT,NOT DIVIDED,DRY,NO INJURY / DRIVE AWAY,,DRIVING ON WRONG SIDE/WRONG WAY,3901,W,NORTH AVE,,NO INDICATION OF INJURY,0,0,0,17,3,7,41.90980178,-87.72414177
12/7/2021 20:29,30,TRAFFIC SIGNAL,CLEAR,"DARKNESS, LIGHTED ROAD",FOUR WAY,DRY,NO INJURY / DRIVE AWAY,,FAILING TO YIELD RIGHT-OF-WAY,1200,W,ROOSEVELT RD,,NO INDICATION OF INJURY,0,0,0,20,3,12,41.86710548,-87.65674501
7/2/2018 21:09,30,TRAFFIC SIGNAL,CLEAR,"DARKNESS, LIGHTED ROAD",DIVIDED - W/MEDIAN BARRIER,DRY,INJURY AND / OR TOW DUE TO CRASH,,DISREGARDING TRAFFIC SIGNALS,1900,N,ASHLAND AVE,,NONINCAPACITATING INJURY,0,0,1,21,2,7,41.91614728,-87.66794735
08/29/2022 08:00:00 PM,30,NO CONTROLS,CLEAR,DUSK,NOT DIVIDED,DRY,NO INJURY / DRIVE AWAY,,PHYSICAL CONDITION OF DRIVER,2351,N,LINCOLN AVE,,NO INDICATION OF INJURY,0,0,0,20,2,8,41.92485724,-87.64772513
05/25/2021 02:36:00 PM,30,NO CONTROLS,CLEAR,DAYLIGHT,NOT DIVIDED,DRY,INJURY AND / OR TOW DUE TO CRASH,Y,UNABLE TO DETERMINE,1455,N,MILWAUKEE AVE,Y,INCAPACITATING INJURY,0,1,0,14,3,5,41.90843729,-87.67420831
10/13/2018 04:10:00 PM,30,NO CONTROLS,CLEAR,DAYLIGHT,NOT DIVIDED,DRY,NO INJURY / DRIVE AWAY,Y,FOLLOWING TOO CLOSELY,20,E,9TH ST,,NO INDICATION OF INJURY,0,0,0,16,7,10,41.87064274,-87.62691044
11/7/2020 10:45,30,NO CONTROLS,CLEAR,DAYLIGHT,PARKING LOT,DRY,NO INJURY / DRIVE AWAY,,UNABLE TO DETERMINE,2294,N,MILWAUKEE AVE,,NO INDICATION OF INJURY,0,0,0,10,7,11,41.92259747,-87.69709763
04/30/2022 03:45:00 PM,30,UNKNOWN,UNKNOWN,UNKNOWN,ONE-WAY,UNKNOWN,NO INJURY / DRIVE AWAY,,DISREGARDING STOP SIGN,1400,W,RASCHER AVE,,NO INDICATION OF INJURY,0,0,0,15,7,4,41.98091836,-87.66505435
9/4/2019 15:25,30,NO CONTROLS,CLEAR,DAYLIGHT,DIVIDED - W/MEDIAN (NOT RAISED),DRY,NO INJURY / DRIVE AWAY,,UNABLE TO DETERMINE,1550,N,WELLS ST,Y,NO INDICATION OF INJURY,0,0,0,15,4,9,41.91062145,-87.63484097
05/16/2016 04:40:00 PM,35,NO CONTROLS,CLEAR,DAYLIGHT,ALLEY,DRY,NO INJURY / DRIVE AWAY,,NOT APPLICABLE,122,S,DEARBORN ST,,NO INDICATION OF INJURY,0,0,0,16,2,5,41.8800486,-87.62950775
9/10/2018 19:00,30,STOP SIGN/FLASHER,CLEAR,DAYLIGHT,DIVIDED - W/MEDIAN (NOT RAISED),DRY,NO INJURY / DRIVE AWAY,,FAILING TO YIELD RIGHT-OF-WAY,2100,S,WOLCOTT AVE,,NO INDICATION OF INJURY,0,0,0,19,2,9,41.85399763,-87.67358754
08/22/2022 06:10:00 AM,25,TRAFFIC SIGNAL,CLEAR,DAYLIGHT,NOT DIVIDED,DRY,NO INJURY / DRIVE AWAY,,UNABLE TO DETERMINE,3232,N,LAKE SHORE DR,,NO INDICATION OF INJURY,0,0,0,6,2,8,41.94110529,-87.63966053
03/19/2019 06:27:00 AM,30,NO CONTROLS,CLEAR,"DARKNESS, LIGHTED ROAD",NOT DIVIDED,DRY,INJURY AND / OR TOW DUE TO CRASH,,IMPROPER LANE USAGE,4800,W,WALTON ST,,INCAPACITATING INJURY,0,1,0,6,3,3,41.89784722,-87.74598
06/16/2018 05:35:00 PM,30,NO CONTROLS,CLEAR,DAYLIGHT,NOT DIVIDED,DRY,INJURY AND / OR TOW DUE TO CRASH,,FAILING TO YIELD RIGHT-OF-WAY,4030,N,LINCOLN AVE,,INCAPACITATING INJURY,0,1,0,17,7,6,41.95500869,-87.67951759
04/15/2022 11:05:00 AM,30,NO CONTROLS,CLEAR,DAYLIGHT,NOT DIVIDED,DRY,INJURY AND / OR TOW DUE TO CRASH,,"VISION OBSCURED (SIGNS, TREE LIMBS, BUILDINGS, ETC.)",3718,N,CLARK ST,Y,NONINCAPACITATING INJURY,0,0,1,11,6,4,41.94953364,-87.65856122
08/21/2018 05:30:00 PM,30,TRAFFIC SIGNAL,CLEAR,DAYLIGHT,DIVIDED - W/MEDIAN (NOT RAISED),DRY,INJURY AND / OR TOW DUE TO CRASH,,IMPROPER TURNING/NO SIGNAL,700,W,ROOSEVELT RD,,NONINCAPACITATING INJURY,0,0,1,17,3,8,41.86728716,-87.64524694
11/8/2017 8:34,30,STOP SIGN/FLASHER,CLEAR,DAYLIGHT,NOT DIVIDED,DRY,INJURY AND / OR TOW DUE TO CRASH,,FAILING TO YIELD RIGHT-OF-WAY,3700,S,PARNELL AVE,N,INCAPACITATING INJURY,0,1,0,8,4,11,41.82708989,-87.64007026
7/5/2021 21:45,35,NO CONTROLS,CLEAR,"DARKNESS, LIGHTED ROAD",NOT DIVIDED,DRY,NO INJURY / DRIVE AWAY,,NOT APPLICABLE,1840,N,CLYBOURN AVE,,NO INDICATION OF INJURY,0,0,0,21,2,7,41.91442371,-87.65462784
9/3/2018 16:37,30,NO CONTROLS,RAIN,DUSK,ONE-WAY,WET,NO INJURY / DRIVE AWAY,,FAILING TO REDUCE SPEED TO AVOID CRASH,3931,N,LARAMIE AVE,,NO INDICATION OF INJURY,0,0,0,16,2,9,41.95240089,-87.75697279
11/22/2017 02:00:00 PM,30,STOP SIGN/FLASHER,CLEAR,DAYLIGHT,DIVIDED - W/MEDIAN BARRIER,DRY,INJURY AND / OR TOW DUE TO CRASH,,UNABLE TO DETERMINE,436,N,ASHLAND AVE,,NONINCAPACITATING INJURY,0,0,1,14,4,11,41.88983257,-87.6672569
07/19/2016 08:30:00 PM,30,NO CONTROLS,CLEAR,DAYLIGHT,NOT DIVIDED,DRY,INJURY AND / OR TOW DUE TO CRASH,,UNABLE TO DETERMINE,1050,N,MILWAUKEE AVE,,"REPORTED, NOT EVIDENT",0,0,0,20,3,7,41.90088615,-87.66285624
6/4/2016 9:30,30,STOP SIGN/FLASHER,CLEAR,DAYLIGHT,NOT DIVIDED,DRY,INJURY AND / OR TOW DUE TO CRASH,,UNABLE TO DETERMINE,504,E,WALDRON DR,,INCAPACITATING INJURY,0,1,0,9,7,6,41.86047524,-87.61374775
3/12/2016 21:10,30,TRAFFIC SIGNAL,CLEAR,"DARKNESS, LIGHTED ROAD",NOT DIVIDED,DRY,NO INJURY / DRIVE AWAY,Y,UNABLE TO DETERMINE,610,W,BELMONT AVE,,NO INDICATION OF INJURY,0,0,0,21,7,3,41.94014451,-87.64486846
02/13/2020 11:43:00 AM,30,NO CONTROLS,SNOW,DAYLIGHT,ONE-WAY,WET,INJURY AND / OR TOW DUE TO CRASH,,DRIVING ON WRONG SIDE/WRONG WAY,51,E,WALTON ST,,"REPORTED, NOT EVIDENT",0,0,0,11,5,2,41.89986166,-87.62633702
10/26/2018 12:00:00 PM,30,TRAFFIC SIGNAL,CLEAR,DAYLIGHT,DIVIDED - W/MEDIAN (NOT RAISED),DRY,NO INJURY / DRIVE AWAY,,FOLLOWING TOO CLOSELY,532,N,WABASH AVE,,NO INDICATION OF INJURY,0,0,0,12,6,10,41.89179689,-87.6268694
8/7/2022 19:35,30,NO CONTROLS,RAIN,DARKNESS,NOT DIVIDED,WET,INJURY AND / OR TOW DUE TO CRASH,,FAILING TO YIELD RIGHT-OF-WAY,2899,W,51ST ST,,NONINCAPACITATING INJURY,0,0,1,19,1,8,41.80083785,-87.69642484
7/6/2018 7:30,30,NO CONTROLS,CLEAR,DAYLIGHT,OTHER,DRY,NO INJURY / DRIVE AWAY,,UNABLE TO DETERMINE,1600,N,LAKE SHORE DR,N,NO INDICATION OF INJURY,0,0,0,7,6,7,41.91122456,-87.62648257
09/27/2020 06:20:00 PM,30,TRAFFIC SIGNAL,CLEAR,DAYLIGHT,DIVIDED - W/MEDIAN BARRIER,DRY,INJURY AND / OR TOW DUE TO CRASH,,DRIVING SKILLS/KNOWLEDGE/EXPERIENCE,200,W,18TH ST,,NONINCAPACITATING INJURY,0,0,1,18,1,9,41.85786178,-87.63198659
05/26/2018 11:35:00 AM,30,NO CONTROLS,CLEAR,DAYLIGHT,DIVIDED - W/MEDIAN (NOT RAISED),DRY,INJURY AND / OR TOW DUE TO CRASH,,UNABLE TO DETERMINE,1954,N,HALSTED ST,Y,NONINCAPACITATING INJURY,0,0,1,11,7,5,41.91754113,-87.64862901
7/2/2021 16:15,30,NO CONTROLS,CLEAR,DAYLIGHT,DIVIDED - W/MEDIAN (NOT RAISED),DRY,INJURY AND / OR TOW DUE TO CRASH,,IMPROPER TURNING/NO SIGNAL,2085,N,MILWAUKEE AVE,,INCAPACITATING INJURY,0,1,0,16,6,7,41.91921208,-87.69107312
05/14/2018 05:55:00 PM,30,UNKNOWN,UNKNOWN,UNKNOWN,UNKNOWN,UNKNOWN,INJURY AND / OR TOW DUE TO CRASH,Y,FAILING TO YIELD RIGHT-OF-WAY,4000,W,59TH ST,,NONINCAPACITATING INJURY,0,0,1,17,2,5,41.78604516,-87.72302643