CRASH_DATE,POSTED_SPEED_LIMIT,TRAFFIC_CONTROL_DEVICE,WEATHER_CONDITION,LIGHTING_CONDITION,TRAFFICWAY_TYPE,ROADWAY_SURFACE_COND,CRASH_TYPE,HIT_AND_RUN_I,PRIM_CONTRIBUTORY_CAUSE,STREET_NO,STREET_DIRECTION,STREET_NAME,DOORING_I,MOST_SEVERE_INJURY,INJURIES_FATAL,INJURIES_INCAPACITATING,INJURIES_NON_INCAPACITATING,CRASH_HOUR,CRASH_DAY_OF_WEEK,CRASH_MONTH,LATITUDE,LONGITUDE
10/5/2019 7:39,30,TRAFFIC SIGNAL,CLEAR,DAYLIGHT,NOT DIVIDED,DRY,INJURY AND / OR TOW DUE TO CRASH,,DRIVING SKILLS/KNOWLEDGE/EXPERIENCE,3359,N,CICERO AVE,,NONINCAPACITATING INJURY,0,0,1,7,7,10,41.94243301,-87.74681651
09/26/2022 05:00:00 PM,30,TRAFFIC SIGNAL,CLEAR,DAYLIGHT,DIVIDED - W/MEDIAN (NOT RAISED),DRY,INJURY AND / OR TOW DUE TO CRASH,,NOT APPLICABLE,758,W,VAN BUREN ST,,NONINCAPACITATING INJURY,0,0,1,17,2,9,41.87679276,-87.6464021
06/20/2018 11:47:00 AM,25,NO CONTROLS,CLEAR,"DARKNESS, LIGHTED ROAD",ONE-WAY,DRY,NO INJURY / DRIVE AWAY,,FAILING TO YIELD RIGHT-OF-WAY,111,W,LOWER WACKER DR,,NO INDICATION OF INJURY,0,0,0,11,4,6,41.8866795,-87.63135812
04/28/2021 12:00:00 PM,30,NO CONTROLS,CLEAR,DAYLIGHT,NOT DIVIDED,DRY,NO INJURY / DRIVE AWAY,Y,DISREGARDING ROAD MARKINGS,3357,W,HARRISON ST,,NO INDICATION OF INJURY,0,0,0,12,4,4,41.87352017,-87.71063937
9/12/2017 15:14,30,STOP SIGN/FLASHER,CLEAR,DAYLIGHT,OTHER,DRY,INJURY AND / OR TOW DUE TO CRASH,Y,FAILING TO REDUCE SPEED TO AVOID CRASH,2932,W,58TH ST,,NONINCAPACITATING INJURY,0,0,1,15,3,9,41.78827594,-87.69736856
11/12/2021 23:33,25,TRAFFIC SIGNAL,CLEAR,"DARKNESS, LIGHTED ROAD",NOT DIVIDED,DRY,INJURY AND / OR TOW DUE TO CRASH,Y,"OPERATING VEHICLE IN ERRATIC, RECKLESS, CARELESS, NEGLIGENT OR AGGRESSIVE MANNER",523,W,CHICAGO AVE,,NONINCAPACITATING INJURY,0,0,1,23,6,11,41.89637259,-87.64244148
08/24/2019 12:15:00 PM,30,TRAFFIC SIGNAL,CLEAR,DAYLIGHT,NOT DIVIDED,DRY,INJURY AND / OR TOW DUE TO CRASH,,UNABLE TO DETERMINE,2598,N,LINCOLN AVE,,NONINCAPACITATING INJURY,0,0,1,12,7,8,41.92888452,-87.6537767
06/23/2017 02:04:00 PM,30,STOP SIGN/FLASHER,CLEAR,DAYLIGHT,DIVIDED - W/MEDIAN (NOT RAISED),DRY,INJURY AND / OR TOW DUE TO CRASH,,UNABLE TO DETERMINE,4826,N,SHERIDAN RD,,"REPORTED, NOT EVIDENT",0,0,0,14,6,6,41.9699215,-87.65498834
7/11/2021 17:10,30,NO CONTROLS,CLEAR,DAYLIGHT,DIVIDED - W/MEDIAN (NOT RAISED),WET,INJURY AND / OR TOW DUE TO CRASH,Y,DISREGARDING ROAD MARKINGS,3845,W,ROOSEVELT RD,,NONINCAPACITATING INJURY,0,0,1,17,1,7,41.86610631,-87.72194013
06/16/2021 06:05:00 PM,30,NO CONTROLS,CLEAR,DAYLIGHT,DIVIDED - W/MEDIAN (NOT RAISED),DRY,INJURY AND / OR TOW DUE TO CRASH,,NOT APPLICABLE,2047,W,18TH ST,Y,NONINCAPACITATING INJURY,0,0,1,18,4,6,41.85753032,-87.67786441
10/22/2020 04:50:00 PM,30,TRAFFIC SIGNAL,CLEAR,DAYLIGHT,NOT DIVIDED,DRY,INJURY AND / OR TOW DUE TO CRASH,Y,IMPROPER TURNING/NO SIGNAL,500,N,KEDZIE AVE,N,NONINCAPACITATING INJURY,0,0,1,16,5,10,41.89038445,-87.70654679
07/21/2022 08:40:00 AM,30,NO CONTROLS,CLEAR,DAYLIGHT,FOUR WAY,DRY,INJURY AND / OR TOW DUE TO CRASH,Y,DISREGARDING STOP SIGN,4500,N,MONTICELLO AVE,,NONINCAPACITATING INJURY,0,0,1,8,5,7,41.96296181,-87.71946285
10/14/2023 06:18:00 AM,30,TRAFFIC SIGNAL,RAIN,DARKNESS,NOT DIVIDED,WET,INJURY AND / OR TOW DUE TO CRASH,Y,UNABLE TO DETERMINE,4154,N,BROADWAY,,NONINCAPACITATING INJURY,0,0,1,6,7,10,41.95831096,-87.65310491
9/11/2018 15:45,30,NO CONTROLS,CLEAR,DAYLIGHT,NOT DIVIDED,DRY,NO INJURY / DRIVE AWAY,,DRIVING SKILLS/KNOWLEDGE/EXPERIENCE,3130,N,LINCOLN AVE,Y,NO INDICATION OF INJURY,0,0,0,15,3,9,41.93852208,-87.66727336
06/16/2023 04:50:00 PM,30,NO CONTROLS,CLEAR,DAYLIGHT,NOT DIVIDED,DRY,INJURY AND / OR TOW DUE TO CRASH,,HAD BEEN DRINKING (USE WHEN ARREST IS NOT MADE),4332,N,LINCOLN AVE,,NONINCAPACITATING INJURY,0,0,1,16,6,6,41.96038064,-87.68329296
7/1/2019 18:00,30,STOP SIGN/FLASHER,CLEAR,DAYLIGHT,DIVIDED - W/MEDIAN (NOT RAISED),DRY,INJURY AND / OR TOW DUE TO CRASH,,FAILING TO YIELD RIGHT-OF-WAY,5500,W,HIGGINS AVE,,NONINCAPACITATING INJURY,0,0,1,18,2,7,41.96978065,-87.76512042
06/20/2017 07:50:00 AM,25,OTHER,CLEAR,DAYLIGHT,OTHER,DRY,NO INJURY / DRIVE AWAY,,FAILING TO YIELD RIGHT-OF-WAY,820,S,CANAL ST,,NO INDICATION OF INJURY,0,0,0,7,3,6,41.87146036,-87.63947917
08/30/2017 08:15:00 PM,30,NO CONTROLS,CLEAR,"DARKNESS, LIGHTED ROAD",ONE-WAY,DRY,NO INJURY / DRIVE AWAY,,UNABLE TO DETERMINE,3407,N,HALSTED ST,N,NO INDICATION OF INJURY,0,0,0,20,4,8,41.94385385,-87.6492348
06/26/2019 08:40:00 PM,30,NO CONTROLS,RAIN,"DARKNESS, LIGHTED ROAD",NOT DIVIDED,WET,INJURY AND / OR TOW DUE TO CRASH,,NOT APPLICABLE,1450,W,MONTROSE AVE,,NONINCAPACITATING INJURY,0,0,1,20,4,6,41.96173203,-87.66696831
7/5/2020 23:30,30,TRAFFIC SIGNAL,CLEAR,"DARKNESS, LIGHTED ROAD",FOUR WAY,DRY,INJURY AND / OR TOW DUE TO CRASH,,FAILING TO YIELD RIGHT-OF-WAY,7158,W,DEVON AVE,,INCAPACITATING INJURY,0,1,0,23,1,7,41.99788221,-87.80670083
08/23/2019 06:50:00 PM,30,UNKNOWN,UNKNOWN,DAYLIGHT,NOT DIVIDED,UNKNOWN,INJURY AND / OR TOW DUE TO CRASH,Y,UNABLE TO DETERMINE,4640,W,DIVERSEY AVE,,NONINCAPACITATING INJURY,0,0,1,18,6,8,41.93168227,-87.74356503
12/23/2019 05:30:00 PM,20,STOP SIGN/FLASHER,CLEAR,"DARKNESS, LIGHTED ROAD",DIVIDED - W/MEDIAN (NOT RAISED),DRY,NO INJURY / DRIVE AWAY,,DRIVING SKILLS/KNOWLEDGE/EXPERIENCE,1800,N,KIMBALL AVE,,NO INDICATION OF INJURY,0,0,0,17,2,12,41.91377026,-87.71195133
09/16/2019 08:49:00 AM,25,NO CONTROLS,CLEAR,DAYLIGHT,NOT DIVIDED,DRY,INJURY AND / OR TOW DUE TO CRASH,,DISREGARDING OTHER TRAFFIC SIGNS,2010,W,PIERCE AVE,,"REPORTED, NOT EVIDENT",0,0,0,8,2,9,41.9094728,-87.67793946
10/11/2021 13:30,30,TRAFFIC SIGNAL,RAIN,DAYLIGHT,NOT DIVIDED,WET,NO INJURY / DRIVE AWAY,,NOT APPLICABLE,2746,N,CLYBOURN AVE,,NO INDICATION OF INJURY,0,0,0,13,2,10,41.93102101,-87.67686402
8/11/2022 13:15,35,STOP SIGN/FLASHER,UNKNOWN,DAYLIGHT,DIVIDED - W/MEDIAN (NOT RAISED),UNKNOWN,INJURY AND / OR TOW DUE TO CRASH,Y,DISREGARDING YIELD SIGN,3630,E,103RD ST,,NONINCAPACITATING INJURY,0,0,1,13,5,8,41.70832635,-87.53534905
01/19/2018 06:05:00 PM,30,TRAFFIC SIGNAL,CLEAR,"DARKNESS, LIGHTED ROAD",DIVIDED - W/MEDIAN (NOT RAISED),DRY,INJURY AND / OR TOW DUE TO CRASH,,"VISION OBSCURED (SIGNS, TREE LIMBS, BUILDINGS, ETC.)",658,N,HALSTED ST,,NONINCAPACITATING INJURY,0,0,1,18,6,1,41.89395876,-87.64784119
02/15/2018 01:00:00 PM,30,STOP SIGN/FLASHER,CLOUDY/OVERCAST,DAYLIGHT,DIVIDED - W/MEDIAN (NOT RAISED),SNOW OR SLUSH,INJURY AND / OR TOW DUE TO CRASH,Y,UNABLE TO DETERMINE,5039,N,SHERIDAN RD,Y,NONINCAPACITATING INJURY,0,0,1,13,5,2,41.97447473,-87.65481392
09/19/2022 08:35:00 PM,30,TRAFFIC SIGNAL,CLEAR,"DARKNESS, LIGHTED ROAD",T-INTERSECTION,DRY,NO INJURY / DRIVE AWAY,Y,FAILING TO YIELD RIGHT-OF-WAY,2620,N,CICERO AVE,,NO INDICATION OF INJURY,0,0,0,20,2,9,41.9285462,-87.74661929
5/7/2023 14:00,30,NO CONTROLS,CLEAR,DAYLIGHT,DIVIDED - W/MEDIAN (NOT RAISED),DRY,INJURY AND / OR TOW DUE TO CRASH,,UNABLE TO DETERMINE,3026,N,MILWAUKEE AVE,Y,"REPORTED, NOT EVIDENT",0,0,0,14,1,5,41.93612543,-87.71920616
11/29/2021 04:38:00 PM,30,NO CONTROLS,CLEAR,"DARKNESS, LIGHTED ROAD",DIVIDED - W/MEDIAN (NOT RAISED),DRY,INJURY AND / OR TOW DUE TO CRASH,,UNABLE TO DETERMINE,531,N,HALSTED ST,,NONINCAPACITATING INJURY,0,0,1,16,2,11,41.89219415,-87.64745206
02/23/2018 02:55:00 PM,30,NO CONTROLS,RAIN,DAYLIGHT,ALLEY,DRY,NO INJURY / DRIVE AWAY,,UNABLE TO DETERMINE,5444,S,NATOMA AVE,,NO INDICATION OF INJURY,0,0,0,14,6,2,41.79278027,-87.78807614
10/18/2022 10:41:00 AM,30,NO CONTROLS,CLEAR,DAYLIGHT,NOT DIVIDED,DRY,INJURY AND / OR TOW DUE TO CRASH,,FAILING TO YIELD RIGHT-OF-WAY,18,E,CULLERTON ST,,NONINCAPACITATING INJURY,0,0,1,10,3,10,41.85556772,-87.6263299
08/22/2020 04:05:00 AM,25,NO CONTROLS,CLEAR,"DARKNESS, LIGHTED ROAD",NOT DIVIDED,DRY,NO INJURY / DRIVE AWAY,,UNABLE TO DETERMINE,2725,W,24TH ST,,NO INDICATION OF INJURY,0,0,0,4,7,8,41.84817357,-87.69392576
04/24/2021 07:02:00 PM,30,STOP SIGN/FLASHER,CLEAR,DAYLIGHT,NOT DIVIDED,DRY,INJURY AND / OR TOW DUE TO CRASH,Y,FAILING TO YIELD RIGHT-OF-WAY,2312,N,SACRAMENTO AVE,,NONINCAPACITATING INJURY,0,0,1,19,7,4,41.92376853,-87.70243198
11/11/2016 20:00,30,STOP SIGN/FLASHER,CLEAR,"DARKNESS, LIGHTED ROAD",NOT DIVIDED,DRY,NO INJURY / DRIVE AWAY,,NOT APPLICABLE,3201,S,WALLACE ST,,NO INDICATION OF INJURY,0,0,0,20,6,11,41.83619637,-87.64121856
08/30/2018 06:15:00 AM,30,NO CONTROLS,CLEAR,DAWN,NOT DIVIDED,DRY,INJURY AND / OR TOW DUE TO CRASH,Y,UNABLE TO DETERMINE,3930,N,PULASKI RD,,INCAPACITATING INJURY,0,1,0,6,5,8,41.95276555,-87.72773669
08/22/2016 08:00:00 AM,30,TRAFFIC SIGNAL,CLEAR,DAYLIGHT,DIVIDED - W/MEDIAN BARRIER,DRY,NO INJURY / DRIVE AWAY,Y,IMPROPER BACKING,2545,N,KEDZIE BLVD,,NO INDICATION OF INJURY,0,0,0,8,2,8,41.92787854,-87.70692519
06/24/2023 11:04:00 PM,30,NO CONTROLS,CLEAR,"DARKNESS, LIGHTED ROAD",NOT DIVIDED,DRY,INJURY AND / OR TOW DUE TO CRASH,,UNABLE TO DETERMINE,2333,N,MILWAUKEE AVE,,INCAPACITATING INJURY,0,1,0,23,7,6,41.92369526,-87.69840855
6/10/2021 17:40,35,OTHER,CLEAR,DAYLIGHT,NOT DIVIDED,DRY,INJURY AND / OR TOW DUE TO CRASH,Y,IMPROPER OVERTAKING/PASSING,4206,W,GRAND AVE,,NONINCAPACITATING INJURY,0,0,1,17,5,6,41.90834348,-87.73158529
07/14/2022 12:04:00 PM,30,STOP SIGN/FLASHER,CLEAR,DAYLIGHT,NOT DIVIDED,DRY,NO INJURY / DRIVE AWAY,,DISREGARDING STOP SIGN,1215,W,FULTON MARKET,,NO INDICATION OF INJURY,0,0,0,12,5,7,41.88655854,-87.65747653
11/23/2020 11:45:00 AM,30,TRAFFIC SIGNAL,CLEAR,DAYLIGHT,Y-INTERSECTION,DRY,INJURY AND / OR TOW DUE TO CRASH,Y,FAILING TO YIELD RIGHT-OF-WAY,6520,W,FULLERTON AVE,,NONINCAPACITATING INJURY,0,0,1,11,2,11,41.9237604,-87.78874776
8/8/2020 17:30,25,NO CONTROLS,CLEAR,DAYLIGHT,NOT DIVIDED,DRY,INJURY AND / OR TOW DUE TO CRASH,,FAILING TO YIELD RIGHT-OF-WAY,7601,W,ROSCOE ST,N,NONINCAPACITATING INJURY,0,0,1,17,7,8,41.94124129,-87.81669812
06/27/2018 06:03:00 PM,30,UNKNOWN,CLEAR,DAYLIGHT,NOT DIVIDED,DRY,INJURY AND / OR TOW DUE TO CRASH,Y,DISREGARDING TRAFFIC SIGNALS,567,S,KEDZIE AVE,,NONINCAPACITATING INJURY,0,0,1,18,4,6,41.87371937,-87.70577115
8/12/2022 15:56,30,TRAFFIC SIGNAL,CLEAR,DAYLIGHT,NOT REPORTED,DRY,INJURY AND / OR TOW DUE TO CRASH,,"VISION OBSCURED (SIGNS, TREE LIMBS, BUILDINGS, ETC.)",1600,N,LEAVITT ST,,NONINCAPACITATING INJURY,0,0,2,15,6,8,41.91043123,-87.68249479
8/11/2023 22:00,30,TRAFFIC SIGNAL,CLEAR,"DARKNESS, LIGHTED ROAD",Y-INTERSECTION,DRY,INJURY AND / OR TOW DUE TO CRASH,,DISREGARDING TRAFFIC SIGNALS,4031,W,IRVING PARK RD,,NONINCAPACITATING INJURY,0,0,1,22,6,8,41.95353109,-87.7284371
11/20/2020 03:00:00 PM,30,NO CONTROLS,CLEAR,DAYLIGHT,ONE-WAY,DRY,NO INJURY / DRIVE AWAY,Y,FAILING TO REDUCE SPEED TO AVOID CRASH,2400,N,NEW ENGLAND AVE,,NO INDICATION OF INJURY,0,0,0,15,6,11,41.92366799,-87.79782627
07/16/2020 06:51:00 PM,30,NO CONTROLS,CLEAR,DAYLIGHT,ONE-WAY,DRY,INJURY AND / OR TOW DUE TO CRASH,,UNABLE TO DETERMINE,4854,N,AVERS AVE,,NONINCAPACITATING INJURY,0,0,1,18,5,7,41.96992592,-87.72459625
3/6/2021 23:12,30,TRAFFIC SIGNAL,CLEAR,"DARKNESS, LIGHTED ROAD",DIVIDED - W/MEDIAN (NOT RAISED),DRY,INJURY AND / OR TOW DUE TO CRASH,,HAD BEEN DRINKING (USE WHEN ARREST IS NOT MADE),1601,N,SEDGWICK ST,,NONINCAPACITATING INJURY,0,0,1,23,7,3,41.91116562,-87.63844714
07/19/2020 05:23:00 PM,30,NO CONTROLS,CLEAR,DAYLIGHT,NOT DIVIDED,DRY,NO INJURY / DRIVE AWAY,N,UNABLE TO DETERMINE,1247,N,STATE PKWY,Y,NO INDICATION OF INJURY,0,0,0,17,1,7,41.90530594,-87.62857778
9/4/2021 7:00,30,TRAFFIC SIGNAL,RAIN,DAYLIGHT,DIVIDED - W/MEDIAN (NOT RAISED),WET,INJURY AND / OR TOW DUE TO CRASH,Y,WEATHER,5799,N,SHERIDAN RD,,NONINCAPACITATING INJURY,0,0,1,7,7,9,41.9872694,-87.65515264
09/23/2017 05:00:00 PM,35,STOP SIGN/FLASHER,CLEAR,DAYLIGHT,NOT DIVIDED,DRY,INJURY AND / OR TOW DUE TO CRASH,,DISREGARDING STOP SIGN,5300,N,KIMBALL AVE,,"REPORTED, NOT EVIDENT",0,0,0,17,7,9,41.97761629,-87.71373742
04/17/2018 01:30:00 PM,30,TRAFFIC SIGNAL,CLEAR,DAYLIGHT,NOT DIVIDED,DRY,NO INJURY / DRIVE AWAY,,UNABLE TO DETERMINE,2003,W,DIVERSEY PKWY,,NO INDICATION OF INJURY,0,0,0,13,3,4,41.93217399,-87.67825016
08/31/2023 08:05:00 AM,30,NO CONTROLS,CLEAR,DAYLIGHT,ONE-WAY,DRY,INJURY AND / OR TOW DUE TO CRASH,,FAILING TO YIELD RIGHT-OF-WAY,2399,N,LAKEWOOD AVE,,NONINCAPACITATING INJURY,0,0,1,8,5,8,41.92516722,-87.66073614
08/28/2021 01:50:00 PM,30,NO CONTROLS,CLEAR,DAYLIGHT,NOT DIVIDED,DRY,INJURY AND / OR TOW DUE TO CRASH,,FAILING TO REDUCE SPEED TO AVOID CRASH,1523,E,52ND ST,,NONINCAPACITATING INJURY,0,0,1,13,7,8,41.80091386,-87.58809618
9/1/2022 16:57,30,STOP SIGN/FLASHER,CLEAR,DAYLIGHT,NOT DIVIDED,DRY,NO INJURY / DRIVE AWAY,,UNABLE TO DETERMINE,1194,N,WOLCOTT AVE,,NO INDICATION OF INJURY,0,0,0,16,5,9,41.90320179,-87.67496774
09/26/2019 08:00:00 AM,30,TRAFFIC SIGNAL,CLEAR,DAYLIGHT,FOUR WAY,DRY,NO INJURY / DRIVE AWAY,,UNABLE TO DETERMINE,2407,N,MILWAUKEE AVE,,NO INDICATION OF INJURY,0,0,0,8,5,9,41.92501063,-87.70055197
7/3/2019 15:25,15,NO CONTROLS,CLEAR,DAYLIGHT,ALLEY,UNKNOWN,INJURY AND / OR TOW DUE TO CRASH,Y,FAILING TO YIELD RIGHT-OF-WAY,150,N,MASON AVE,,NONINCAPACITATING INJURY,0,0,1,15,4,7,41.88367154,-87.77348602
08/16/2018 04:45:00 PM,30,TRAFFIC SIGNAL,CLEAR,DAYLIGHT,ONE-WAY,DRY,INJURY AND / OR TOW DUE TO CRASH,,UNABLE TO DETERMINE,1199,S,UNION AVE,,INCAPACITATING INJURY,0,1,0,16,5,8,41.86728043,-87.64503795
07/21/2023 12:40:00 PM,30,STOP SIGN/FLASHER,CLEAR,DAYLIGHT,FOUR WAY,DRY,INJURY AND / OR TOW DUE TO CRASH,,FAILING TO YIELD RIGHT-OF-WAY,11000,S,AVENUE N,Y,"REPORTED, NOT EVIDENT",0,0,0,12,6,7,41.69539872,-87.53905024
8/4/2020 10:39,30,STOP SIGN/FLASHER,CLOUDY/OVERCAST,DAYLIGHT,NOT DIVIDED,DRY,NO INJURY / DRIVE AWAY,,DISREGARDING STOP SIGN,2031,N,PULASKI RD,,NO INDICATION OF INJURY,0,0,0,10,3,8,41.91812728,-87.72644356
11/23/2022 03:30:00 PM,30,NO CONTROLS,CLEAR,DAYLIGHT,OTHER,DRY,INJURY AND / OR TOW DUE TO CRASH,,UNABLE TO DETERMINE,930,N,DAMEN AVE,,NONINCAPACITATING INJURY,0,0,1,15,4,11,41.89859805,-87.67727614
10/25/2019 11:50:00 AM,30,TRAFFIC SIGNAL,CLEAR,DAYLIGHT,FOUR WAY,DRY,NO INJURY / DRIVE AWAY,Y,UNABLE TO DETERMINE,5100,S,WESTERN AVE,,NO INDICATION OF INJURY,0,0,0,11,6,10,41.80105284,-87.68436765
7/1/2017 15:44,30,NO CONTROLS,CLEAR,DAYLIGHT,NOT DIVIDED,DRY,INJURY AND / OR TOW DUE TO CRASH,Y,UNABLE TO DETERMINE,6900,S,DAMEN AVE,,NONINCAPACITATING INJURY,0,0,1,15,7,7,41.76839298,-87.67377006
05/13/2017 09:00:00 AM,30,NO CONTROLS,CLEAR,DAYLIGHT,NOT DIVIDED,DRY,NO INJURY / DRIVE AWAY,Y,UNABLE TO DETERMINE,1839,W,PETERSON AVE,,NO INDICATION OF INJURY,0,0,0,9,7,5,41.99061594,-87.67669408
8/4/2020 13:29,30,NO CONTROLS,CLEAR,DAYLIGHT,DIVIDED - W/MEDIAN (NOT RAISED),DRY,INJURY AND / OR TOW DUE TO CRASH,,UNABLE TO DETERMINE,7029,W,DIVERSEY AVE,Y,"REPORTED, NOT EVIDENT",0,0,0,13,3,8,41.93069584,-87.80217602
10/5/2022 8:59,30,NO CONTROLS,CLEAR,DAYLIGHT,T-INTERSECTION,UNKNOWN,INJURY AND / OR TOW DUE TO CRASH,,DRIVING ON WRONG SIDE/WRONG WAY,39,W,JACKSON BLVD,,NONINCAPACITATING INJURY,0,0,1,8,4,10,41.87805765,-87.62926895
01/29/2020 06:10:00 PM,30,TRAFFIC SIGNAL,CLEAR,"DARKNESS, LIGHTED ROAD",UNKNOWN INTERSECTION TYPE,DRY,INJURY AND / OR TOW DUE TO CRASH,,FAILING TO YIELD RIGHT-OF-WAY,1000,N,STATE ST,,"REPORTED, NOT EVIDENT",0,0,0,18,4,1,41.90059786,-87.62845987
09/28/2023 07:02:00 PM,30,NO CONTROLS,CLEAR,DUSK,NOT DIVIDED,UNKNOWN,INJURY AND / OR TOW DUE TO CRASH,,UNABLE TO DETERMINE,600,N,LAVERGNE AVE,,NONINCAPACITATING INJURY,0,0,1,19,5,9,41.89137628,-87.75072399
09/26/2018 06:23:00 PM,30,NO CONTROLS,CLEAR,DARKNESS,NOT DIVIDED,DRY,INJURY AND / OR TOW DUE TO CRASH,,UNABLE TO DETERMINE,2231,N,LINCOLN AVE,,"REPORTED, NOT EVIDENT",0,0,0,18,4,9,41.92268911,-87.64469334
11/9/2022 17:00,30,TRAFFIC SIGNAL,CLEAR,"DARKNESS, LIGHTED ROAD",NOT DIVIDED,DRY,INJURY AND / OR TOW DUE TO CRASH,,UNABLE TO DETERMINE,1400,N,DAMEN AVE,,"REPORTED, NOT EVIDENT",0,0,0,17,4,11,41.90719467,-87.67752223
07/26/2020 09:09:00 AM,30,STOP SIGN/FLASHER,CLEAR,DAYLIGHT,FOUR WAY,DRY,INJURY AND / OR TOW DUE TO CRASH,,UNABLE TO DETERMINE,5532,N,CLARK ST,,INCAPACITATING INJURY,0,1,0,9,1,7,41.98269498,-87.66873807
4/6/2021 18:35,10,NO CONTROLS,CLEAR,DAYLIGHT,OTHER,DRY,INJURY AND / OR TOW DUE TO CRASH,,DRIVING ON WRONG SIDE/WRONG WAY,3140,N,LAKE SHORE DR,,INCAPACITATING INJURY,0,1,0,18,3,4,41.93868389,-87.63797856
7/1/2020 16:51,30,STOP SIGN/FLASHER,CLEAR,DAYLIGHT,ONE-WAY,DRY,NO INJURY / DRIVE AWAY,,FAILING TO YIELD RIGHT-OF-WAY,899,S,KARLOV AVE,,NO INDICATION OF INJURY,0,0,0,16,4,7,41.87004068,-87.72761403
09/13/2021 09:20:00 AM,30,NO CONTROLS,CLEAR,DAYLIGHT,NOT DIVIDED,DRY,INJURY AND / OR TOW DUE TO CRASH,Y,FAILING TO YIELD RIGHT-OF-WAY,4501,W,GRAND AVE,,NONINCAPACITATING INJURY,0,0,1,9,2,9,41.9109156,-87.73871933
12/1/2015 18:45,30,NO CONTROLS,CLEAR,DUSK,NOT DIVIDED,DRY,NO INJURY / DRIVE AWAY,,FAILING TO YIELD RIGHT-OF-WAY,5664,N,BROADWAY,,NO INDICATION OF INJURY,0,0,0,18,3,12,41.98536825,-87.66027021
08/22/2018 06:50:00 PM,30,TRAFFIC SIGNAL,CLEAR,DAYLIGHT,DIVIDED - W/MEDIAN (NOT RAISED),DRY,INJURY AND / OR TOW DUE TO CRASH,,FAILING TO YIELD RIGHT-OF-WAY,635,N,HALSTED ST,,NONINCAPACITATING INJURY,0,0,2,18,4,8,41.89333065,-87.64752717
09/16/2019 09:30:00 AM,30,NO CONTROLS,CLEAR,DAYLIGHT,NOT DIVIDED,DRY,INJURY AND / OR TOW DUE TO CRASH,,DRIVING SKILLS/KNOWLEDGE/EXPERIENCE,1201,W,CORTLAND ST,,NONINCAPACITATING INJURY,0,0,1,9,2,9,41.91706773,-87.65824892
08/18/2018 02:25:00 PM,30,TRAFFIC SIGNAL,CLEAR,DAYLIGHT,OTHER,DRY,INJURY AND / OR TOW DUE TO CRASH,Y,UNABLE TO DETERMINE,2600,N,KEDZIE AVE,,NONINCAPACITATING INJURY,0,0,1,14,7,8,41.92842183,-87.70802578
10/29/2019 08:45:00 PM,35,NO CONTROLS,CLEAR,"DARKNESS, LIGHTED ROAD",DIVIDED - W/MEDIAN (NOT RAISED),DRY,NO INJURY / DRIVE AWAY,,NOT APPLICABLE,4828,W,IRVING PARK RD,Y,NO INDICATION OF INJURY,0,0,0,20,3,10,41.95351351,-87.74840851
7/1/2022 13:10,20,NO CONTROLS,CLEAR,DAYLIGHT,NOT DIVIDED,DRY,INJURY AND / OR TOW DUE TO CRASH,,FAILING TO YIELD RIGHT-OF-WAY,1126,W,ARGYLE ST,Y,NONINCAPACITATING INJURY,0,0,1,13,6,7,41.97336839,-87.65888197
09/27/2021 03:00:00 PM,30,TRAFFIC SIGNAL,CLEAR,DAYLIGHT,UNKNOWN INTERSECTION TYPE,DRY,INJURY AND / OR TOW DUE TO CRASH,,NOT APPLICABLE,4171,W,ADDISON ST,,NONINCAPACITATING INJURY,0,0,1,15,2,9,41.94620264,-87.73200973
09/23/2020 03:58:00 PM,25,TRAFFIC SIGNAL,CLEAR,DAYLIGHT,FOUR WAY,DRY,INJURY AND / OR TOW DUE TO CRASH,Y,UNABLE TO DETERMINE,99,S,HALSTED ST,,NONINCAPACITATING INJURY,0,0,1,15,4,9,41.8805588,-87.64717671
6/6/2021 10:00,30,STOP SIGN/FLASHER,CLEAR,DAYLIGHT,FOUR WAY,DRY,INJURY AND / OR TOW DUE TO CRASH,,DRIVING SKILLS/KNOWLEDGE/EXPERIENCE,2900,S,WELLS ST,Y,"REPORTED, NOT EVIDENT",0,0,0,10,1,6,41.84108107,-87.63310386
8/8/2022 14:12,30,NO CONTROLS,CLEAR,DAYLIGHT,DIVIDED - W/MEDIAN BARRIER,DRY,NO INJURY / DRIVE AWAY,,UNABLE TO DETERMINE,440,N,MICHIGAN AVE,,NO INDICATION OF INJURY,0,0,0,14,2,8,41.89059534,-87.62426591
8/5/2019 8:13,30,NO CONTROLS,CLEAR,DAYLIGHT,NOT DIVIDED,DRY,INJURY AND / OR TOW DUE TO CRASH,Y,FAILING TO YIELD RIGHT-OF-WAY,760,N,MILWAUKEE AVE,,INCAPACITATING INJURY,0,1,0,8,2,8,41.89560956,-87.65466467
07/26/2019 12:10:00 PM,30,TRAFFIC SIGNAL,CLEAR,DAYLIGHT,DIVIDED - W/MEDIAN (NOT RAISED),DRY,NO INJURY / DRIVE AWAY,Y,FAILING TO YIELD RIGHT-OF-WAY,359,N,DESPLAINES ST,,NO INDICATION OF INJURY,0,0,0,12,6,7,41.88855148,-87.64417449