CRASH_DATE,POSTED_SPEED_LIMIT,TRAFFIC_CONTROL_DEVICE,WEATHER_CONDITION,LIGHTING_CONDITION,TRAFFICWAY_TYPE,ROADWAY_SURFACE_COND,CRASH_TYPE,HIT_AND_RUN_I,PRIM_CONTRIBUTORY_CAUSE,STREET_NO,STREET_DIRECTION,STREET_NAME,DOORING_I,MOST_SEVERE_INJURY,INJURIES_FATAL,INJURIES_INCAPACITATING,INJURIES_NON_INCAPACITATING,CRASH_HOUR,CRASH_DAY_OF_WEEK,CRASH_MONTH,LATITUDE,LONGITUDE
07/31/2018 02:15:00 PM,30,NO CONTROLS,CLEAR,DAYLIGHT,DIVIDED - W/MEDIAN (NOT RAISED),DRY,INJURY AND / OR TOW DUE TO CRASH,,UNABLE TO DETERMINE,3232,W,LAWRENCE AVE,,INCAPACITATING INJURY,0,1,0,14,3,7,41.96854768,-87.70983633
11/23/2018 04:55:00 PM,30,TRAFFIC SIGNAL,CLEAR,"DARKNESS, LIGHTED ROAD",DIVIDED - W/MEDIAN (NOT RAISED),DRY,INJURY AND / OR TOW DUE TO CRASH,,DISREGARDING TRAFFIC SIGNALS,1200,N,HALSTED ST,,NONINCAPACITATING INJURY,0,0,1,16,6,11,41.90369831,-87.64824535
08/28/2023 06:20:00 PM,30,NO CONTROLS,CLEAR,DAYLIGHT,NOT DIVIDED,DRY,INJURY AND / OR TOW DUE TO CRASH,,UNABLE TO DETERMINE,1802,N,SHEFFIELD AVE,,INCAPACITATING INJURY,0,1,0,18,2,8,41.91385823,-87.65336419
7/6/2018 16:30,30,TRAFFIC SIGNAL,CLEAR,DAYLIGHT,RAMP,DRY,INJURY AND / OR TOW DUE TO CRASH,,FAILING TO YIELD RIGHT-OF-WAY,3200,N,LAKE SHORE DR NB,,"REPORTED, NOT EVIDENT",0,0,0,16,6,7,41.9404429,-87.63863354
08/30/2016 05:45:00 PM,35,NO CONTROLS,CLEAR,DAYLIGHT,NOT DIVIDED,DRY,NO INJURY / DRIVE AWAY,,NOT APPLICABLE,2600,S,LOWE AVE,,NO INDICATION OF INJURY,0,0,0,17,3,8,41.84532317,-87.64295995
07/13/2018 07:37:00 PM,30,STOP SIGN/FLASHER,CLEAR,DAYLIGHT,OTHER,DRY,NO INJURY / DRIVE AWAY,,DISREGARDING STOP SIGN,3299,S,LA SALLE ST,,NO INDICATION OF INJURY,0,0,0,19,6,7,41.83471113,-87.62976473
10/25/2018 12:03:00 PM,30,TRAFFIC SIGNAL,CLEAR,DAYLIGHT,NOT DIVIDED,DRY,INJURY AND / OR TOW DUE TO CRASH,,ROAD CONSTRUCTION/MAINTENANCE,2400,N,PULASKI RD,,NONINCAPACITATING INJURY,0,0,2,12,5,10,41.92457257,-87.72691911
9/4/2018 8:00,20,NO CONTROLS,CLEAR,DAYLIGHT,ONE-WAY,DRY,INJURY AND / OR TOW DUE TO CRASH,,DRIVING ON WRONG SIDE/WRONG WAY,3740,W,WABANSIA AVE,,NONINCAPACITATING INJURY,0,0,1,8,3,9,41.91188115,-87.72067163
05/30/2018 11:00:00 PM,30,NO CONTROLS,CLEAR,"DARKNESS, LIGHTED ROAD",DIVIDED - W/MEDIAN (NOT RAISED),DRY,INJURY AND / OR TOW DUE TO CRASH,Y,UNABLE TO DETERMINE,4242,N,CICERO AVE,,INCAPACITATING INJURY,0,1,0,23,4,5,41.95831988,-87.7476044
07/18/2020 10:20:00 AM,30,NO CONTROLS,CLEAR,DAYLIGHT,NOT DIVIDED,DRY,INJURY AND / OR TOW DUE TO CRASH,,UNABLE TO DETERMINE,4625,N,KEDZIE AVE,Y,NONINCAPACITATING INJURY,0,0,1,10,7,7,41.96548117,-87.7082353
09/19/2023 11:35:00 AM,20,NO CONTROLS,RAIN,DAYLIGHT,NOT DIVIDED,WET,INJURY AND / OR TOW DUE TO CRASH,,UNABLE TO DETERMINE,99,E,BURTON PL,,NONINCAPACITATING INJURY,0,0,1,11,3,9,41.90941273,-87.62622277
2/10/2017 14:30,15,NO CONTROLS,CLEAR,DAYLIGHT,NOT DIVIDED,DRY,INJURY AND / OR TOW DUE TO CRASH,,FAILING TO YIELD RIGHT-OF-WAY,3849,W,CORTLAND ST,,NONINCAPACITATING INJURY,0,0,1,14,6,2,41.91526825,-87.72359765
9/5/2019 16:46,30,TRAFFIC SIGNAL,CLEAR,DAYLIGHT,NOT DIVIDED,DRY,NO INJURY / DRIVE AWAY,,UNABLE TO DETERMINE,3702,S,ARCHER AVE,,NO INDICATION OF INJURY,0,0,0,16,5,9,41.82629602,-87.68455414
09/17/2023 05:45:00 PM,30,UNKNOWN,CLEAR,DAYLIGHT,DIVIDED - W/MEDIAN BARRIER,DRY,NO INJURY / DRIVE AWAY,,UNABLE TO DETERMINE,2202,E,71ST ST,,NO INDICATION OF INJURY,0,0,0,17,1,9,41.76639798,-87.57126666
08/22/2023 06:21:00 PM,30,STOP SIGN/FLASHER,CLEAR,DAYLIGHT,DIVIDED - W/MEDIAN (NOT RAISED),DRY,INJURY AND / OR TOW DUE TO CRASH,,FAILING TO YIELD RIGHT-OF-WAY,6700,S,LOWE AVE,,NONINCAPACITATING INJURY,0,0,1,18,3,8,41.77245199,-87.64044091
9/1/2017 20:37,30,TRAFFIC SIGNAL,CLEAR,"DARKNESS, LIGHTED ROAD",DIVIDED - W/MEDIAN BARRIER,UNKNOWN,INJURY AND / OR TOW DUE TO CRASH,Y,UNABLE TO DETERMINE,339,N,MICHIGAN AVE,,NONINCAPACITATING INJURY,0,0,1,20,6,9,41.88766736,-87.62440932
7/2/2021 10:46,30,NO CONTROLS,CLEAR,DAYLIGHT,DIVIDED - W/MEDIAN (NOT RAISED),DRY,INJURY AND / OR TOW DUE TO CRASH,,UNABLE TO DETERMINE,824,W,ADDISON ST,,INCAPACITATING INJURY,0,1,0,10,6,7,41.94741751,-87.65042207
08/30/2017 09:19:00 PM,25,TRAFFIC SIGNAL,CLEAR,"DARKNESS, LIGHTED ROAD",NOT DIVIDED,DRY,NO INJURY / DRIVE AWAY,Y,FAILING TO YIELD RIGHT-OF-WAY,3001,W,NORTH AVE,,NO INDICATION OF INJURY,0,0,0,21,4,8,41.91006272,-87.70227342
9/8/2022 7:40,25,NO CONTROLS,CLEAR,DAYLIGHT,NOT DIVIDED,DRY,NO INJURY / DRIVE AWAY,,FAILING TO YIELD RIGHT-OF-WAY,6673,N,OLYMPIA AVE,,NO INDICATION OF INJURY,0,0,0,7,5,9,42.00195346,-87.81371059
3/4/2021 6:00,30,TRAFFIC SIGNAL,CLEAR,DAWN,FOUR WAY,DRY,NO INJURY / DRIVE AWAY,Y,FAILING TO YIELD RIGHT-OF-WAY,1000,W,ARDMORE AVE,,NO INDICATION OF INJURY,0,0,0,6,5,3,41.98746564,-87.65537729
07/24/2020 08:07:00 PM,30,TRAFFIC SIGNAL,CLEAR,DAYLIGHT,FOUR WAY,DRY,NO INJURY / DRIVE AWAY,,UNABLE TO DETERMINE,5999,N,LINCOLN AVE,,NO INDICATION OF INJURY,0,0,0,20,6,7,41.99043687,-87.70722734
07/13/2021 12:45:00 PM,30,NO CONTROLS,CLEAR,DAYLIGHT,NOT DIVIDED,DRY,INJURY AND / OR TOW DUE TO CRASH,,UNABLE TO DETERMINE,1403,N,MILWAUKEE AVE,Y,NONINCAPACITATING INJURY,0,0,1,12,3,7,41.90746193,-87.67267948
3/11/2022 10:05,30,TRAFFIC SIGNAL,CLEAR,DAYLIGHT,FOUR WAY,DRY,NO INJURY / DRIVE AWAY,,UNABLE TO DETERMINE,600,W,WILSON DR,,NO INDICATION OF INJURY,0,0,0,10,6,3,41.96596198,-87.64581668
08/30/2017 05:45:00 PM,30,TRAFFIC SIGNAL,CLEAR,DAYLIGHT,NOT DIVIDED,DRY,INJURY AND / OR TOW DUE TO CRASH,,DRIVING SKILLS/KNOWLEDGE/EXPERIENCE,1725,N,HALSTED ST,,NONINCAPACITATING INJURY,0,0,1,17,4,8,41.91354245,-87.64820761
6/6/2023 16:45,10,NO CONTROLS,CLEAR,DAYLIGHT,ALLEY,UNKNOWN,NO INJURY / DRIVE AWAY,,UNABLE TO DETERMINE,3339,N,CLARK ST,,NO INDICATION OF INJURY,0,0,0,16,3,6,41.9427614,-87.65277561
07/13/2020 11:28:00 AM,30,NO CONTROLS,CLEAR,DAYLIGHT,DIVIDED - W/MEDIAN (NOT RAISED),DRY,INJURY AND / OR TOW DUE TO CRASH,,FAILING TO YIELD RIGHT-OF-WAY,1616,N,CENTRAL AVE,,INCAPACITATING INJURY,0,1,0,11,2,7,41.90993759,-87.76570075
4/12/2023 11:37,30,NO CONTROLS,CLEAR,DAYLIGHT,NOT DIVIDED,DRY,INJURY AND / OR TOW DUE TO CRASH,,FAILING TO YIELD RIGHT-OF-WAY,3732,N,DAMEN AVE,,INCAPACITATING INJURY,0,2,0,11,4,4,41.94964222,-87.67877788
8/6/2016 17:30,30,NO CONTROLS,UNKNOWN,UNKNOWN,UNKNOWN,UNKNOWN,INJURY AND / OR TOW DUE TO CRASH,Y,UNABLE TO DETERMINE,3399,W,WARREN BLVD,N,NONINCAPACITATING INJURY,0,0,1,17,7,8,41.88170584,-87.71091764
10/18/2018 07:38:00 PM,30,STOP SIGN/FLASHER,CLEAR,DARKNESS,NOT DIVIDED,DRY,INJURY AND / OR TOW DUE TO CRASH,,DRIVING SKILLS/KNOWLEDGE/EXPERIENCE,5000,S,LOOMIS BLVD,,"REPORTED, NOT EVIDENT",0,0,0,19,5,10,41.8031127,-87.66010829
05/17/2019 01:30:00 PM,20,NO CONTROLS,CLEAR,DAYLIGHT,NOT DIVIDED,DRY,NO INJURY / DRIVE AWAY,,UNABLE TO DETERMINE,4130,W,64TH ST,,NO INDICATION OF INJURY,0,0,0,13,6,5,41.77690197,-87.72631933
06/18/2021 10:40:00 AM,30,TRAFFIC SIGNAL,CLEAR,DAYLIGHT,UNKNOWN INTERSECTION TYPE,DRY,INJURY AND / OR TOW DUE TO CRASH,Y,FAILING TO YIELD RIGHT-OF-WAY,2426,N,DAMEN AVE,,"REPORTED, NOT EVIDENT",0,0,0,10,6,6,41.92573171,-87.6780889
10/8/2016 17:00,30,TRAFFIC SIGNAL,CLEAR,DAYLIGHT,NOT DIVIDED,DRY,NO INJURY / DRIVE AWAY,,DISREGARDING TRAFFIC SIGNALS,5900,S,CICERO AVE,,NO INDICATION OF INJURY,0,0,0,17,7,10,41.78564332,-87.74148578
05/20/2021 10:56:00 PM,30,TRAFFIC SIGNAL,CLEAR,"DARKNESS, LIGHTED ROAD",NOT DIVIDED,DRY,INJURY AND / OR TOW DUE TO CRASH,Y,UNABLE TO DETERMINE,1400,W,NORTH AVE,,NONINCAPACITATING INJURY,0,0,1,22,5,5,41.91080682,-87.66310493
09/25/2021 12:45:00 PM,30,NO CONTROLS,CLEAR,DAYLIGHT,DIVIDED - W/MEDIAN (NOT RAISED),DRY,INJURY AND / OR TOW DUE TO CRASH,,FAILING TO YIELD RIGHT-OF-WAY,1501,N,HALSTED ST,,NONINCAPACITATING INJURY,0,0,1,12,7,9,41.9086441,-87.64806633
09/17/2021 12:00:00 PM,30,NO CONTROLS,CLEAR,DAYLIGHT,ONE-WAY,DRY,INJURY AND / OR TOW DUE TO CRASH,,UNABLE TO DETERMINE,10,N,DEARBORN ST,,NONINCAPACITATING INJURY,0,0,1,12,6,9,41.8822157,-87.62955625
8/6/2020 16:09,30,STOP SIGN/FLASHER,CLEAR,DAYLIGHT,ONE-WAY,DRY,INJURY AND / OR TOW DUE TO CRASH,,DRIVING ON WRONG SIDE/WRONG WAY,5100,S,WASHTENAW AVE,,NONINCAPACITATING INJURY,0,0,1,16,5,8,41.8009383,-87.69170485
7/2/2022 12:20,30,NO CONTROLS,CLEAR,DAYLIGHT,DIVIDED - W/MEDIAN (NOT RAISED),DRY,INJURY AND / OR TOW DUE TO CRASH,,FAILING TO YIELD RIGHT-OF-WAY,7700,S,HALSTED ST,,"REPORTED, NOT EVIDENT",0,0,0,12,7,7,41.75417935,-87.6442807
07/17/2020 02:30:00 PM,30,UNKNOWN,UNKNOWN,UNKNOWN,NOT DIVIDED,UNKNOWN,INJURY AND / OR TOW DUE TO CRASH,,UNABLE TO DETERMINE,1352,W,ADDISON ST,,NONINCAPACITATING INJURY,0,0,1,14,6,7,41.94718301,-87.66370738
06/17/2018 06:40:00 PM,15,NO CONTROLS,CLEAR,DAYLIGHT,NOT DIVIDED,DRY,INJURY AND / OR TOW DUE TO CRASH,Y,"OPERATING VEHICLE IN ERRATIC, RECKLESS, CARELESS, NEGLIGENT OR AGGRESSIVE MANNER",6311,S,MELVINA AVE,,NONINCAPACITATING INJURY,0,0,1,18,1,6,41.77735924,-87.77621623
07/17/2020 02:40:00 PM,30,NO CONTROLS,CLEAR,DAYLIGHT,NOT DIVIDED,DRY,INJURY AND / OR TOW DUE TO CRASH,,UNABLE TO DETERMINE,1911,W,CORTLAND ST,Y,NONINCAPACITATING INJURY,0,0,1,14,6,7,41.91586644,-87.67562865
08/19/2023 04:30:00 PM,30,NO CONTROLS,CLEAR,DAYLIGHT,ONE-WAY,DRY,INJURY AND / OR TOW DUE TO CRASH,Y,UNABLE TO DETERMINE,959,N,KEYSTONE AVE,,NONINCAPACITATING INJURY,0,0,1,16,7,8,41.89891131,-87.72727299
10/8/2017 13:49,30,NO CONTROLS,CLEAR,DAYLIGHT,DIVIDED - W/MEDIAN BARRIER,DRY,INJURY AND / OR TOW DUE TO CRASH,Y,NOT APPLICABLE,1734,E,71ST ST,,NONINCAPACITATING INJURY,0,0,1,13,1,10,41.76628981,-87.58231129
7/12/2016 15:07,30,NO CONTROLS,CLEAR,DAYLIGHT,ALLEY,DRY,NO INJURY / DRIVE AWAY,,FAILING TO YIELD RIGHT-OF-WAY,5248,S,SAWYER AVE,,NO INDICATION OF INJURY,0,0,0,15,3,7,41.79752155,-87.70504311
12/24/2019 02:00:00 PM,30,TRAFFIC SIGNAL,CLEAR,DAYLIGHT,DIVIDED - W/MEDIAN (NOT RAISED),DRY,INJURY AND / OR TOW DUE TO CRASH,Y,UNABLE TO DETERMINE,3107,S,HALSTED ST,,NONINCAPACITATING INJURY,0,0,1,14,3,12,41.83780412,-87.64612484
7/8/2022 17:50,30,NO CONTROLS,CLOUDY/OVERCAST,DAYLIGHT,DIVIDED - W/MEDIAN BARRIER,DRY,INJURY AND / OR TOW DUE TO CRASH,,IMPROPER LANE USAGE,9100,S,LAKE SHORE DR,,NONINCAPACITATING INJURY,0,0,1,17,6,7,41.73039613,-87.54077275
5/2/2020 15:35,30,NO CONTROLS,CLEAR,DAYLIGHT,NOT DIVIDED,DRY,NO INJURY / DRIVE AWAY,,DRIVING SKILLS/KNOWLEDGE/EXPERIENCE,1920,N,CLARK ST,,NO INDICATION OF INJURY,0,0,0,15,7,5,41.91719655,-87.63548943
6/9/2017 18:14,30,NO CONTROLS,CLEAR,DAYLIGHT,NOT DIVIDED,DRY,INJURY AND / OR TOW DUE TO CRASH,,FAILING TO YIELD RIGHT-OF-WAY,1732,W,MARQUETTE RD,N,NONINCAPACITATING INJURY,0,0,1,18,6,6,41.77225639,-87.66773409
12/1/2021 19:35,30,NO CONTROLS,CLEAR,"DARKNESS, LIGHTED ROAD",DIVIDED - W/MEDIAN (NOT RAISED),DRY,INJURY AND / OR TOW DUE TO CRASH,Y,DRIVING ON WRONG SIDE/WRONG WAY,3333,N,KIMBALL AVE,,"REPORTED, NOT EVIDENT",0,0,0,19,4,12,41.94215359,-87.71244602
05/31/2022 05:31:00 PM,30,TRAFFIC SIGNAL,CLEAR,DAYLIGHT,FOUR WAY,DRY,INJURY AND / OR TOW DUE TO CRASH,Y,FAILING TO YIELD RIGHT-OF-WAY,5200,W,LAKE ST,,NONINCAPACITATING INJURY,0,0,1,17,3,5,41.88731419,-87.75536944
09/19/2018 11:30:00 AM,30,TRAFFIC SIGNAL,CLEAR,DAYLIGHT,NOT DIVIDED,DRY,NO INJURY / DRIVE AWAY,,UNABLE TO DETERMINE,199,W,18TH ST,,NO INDICATION OF INJURY,0,0,0,11,4,9,41.85764304,-87.63185003
09/16/2018 04:00:00 PM,30,NO CONTROLS,CLEAR,DAYLIGHT,NOT DIVIDED,DRY,INJURY AND / OR TOW DUE TO CRASH,,FAILING TO YIELD RIGHT-OF-WAY,3409,N,CLARK ST,Y,"REPORTED, NOT EVIDENT",0,0,0,16,1,9,41.94386786,-87.65365729
09/18/2020 02:03:00 PM,25,NO CONTROLS,CLEAR,DAYLIGHT,ONE-WAY,DRY,INJURY AND / OR TOW DUE TO CRASH,,FAILING TO REDUCE SPEED TO AVOID CRASH,119,S,CLINTON ST,,NONINCAPACITATING INJURY,0,0,1,14,6,9,41.87996309,-87.64098636
8/10/2019 21:40,30,NO CONTROLS,CLEAR,DARKNESS,NOT DIVIDED,DRY,INJURY AND / OR TOW DUE TO CRASH,,FAILING TO YIELD RIGHT-OF-WAY,540,W,FULLERTON PKWY,Y,NONINCAPACITATING INJURY,0,0,1,21,7,8,41.92565626,-87.64298502
8/9/2017 12:10,40,NO CONTROLS,CLEAR,DAYLIGHT,NOT DIVIDED,DRY,INJURY AND / OR TOW DUE TO CRASH,,ROAD CONSTRUCTION/MAINTENANCE,4530,N,DAMEN AVE,,NONINCAPACITATING INJURY,0,0,1,12,4,8,41.96426055,-87.67920589
04/18/2016 01:45:00 PM,35,OTHER,CLEAR,DAYLIGHT,OTHER,DRY,INJURY AND / OR TOW DUE TO CRASH,,NOT APPLICABLE,748,S,LOOMIS ST,,NONINCAPACITATING INJURY,0,0,1,13,2,4,41.87187101,-87.66186411
12/20/2015 04:40:00 PM,0,TRAFFIC SIGNAL,CLEAR,DUSK,DIVIDED - W/MEDIAN (NOT RAISED),DRY,INJURY AND / OR TOW DUE TO CRASH,Y,FAILING TO YIELD RIGHT-OF-WAY,999,N,MICHIGAN AVE,,"REPORTED, NOT EVIDENT",0,0,0,16,1,12,41.90075885,-87.62398426
10/18/2019 04:15:00 PM,30,STOP SIGN/FLASHER,CLEAR,DAYLIGHT,NOT DIVIDED,DRY,INJURY AND / OR TOW DUE TO CRASH,,UNABLE TO DETERMINE,7899,W,ROSCOE ST,,INCAPACITATING INJURY,0,1,0,16,6,10,41.94109793,-87.82392529
8/3/2020 16:41,30,UNKNOWN,CLEAR,DAYLIGHT,FOUR WAY,DRY,INJURY AND / OR TOW DUE TO CRASH,Y,UNABLE TO DETERMINE,6300,S,HOYNE AVE,,NONINCAPACITATING INJURY,0,0,1,16,2,8,41.77919238,-87.67648516
11/8/2020 12:10,30,NO CONTROLS,CLEAR,DAYLIGHT,ALLEY,DRY,NO INJURY / DRIVE AWAY,,FAILING TO REDUCE SPEED TO AVOID CRASH,1105,W,GRAND AVE,,NO INDICATION OF INJURY,0,0,0,12,1,11,41.89099675,-87.65485956
02/26/2022 05:30:00 PM,30,NO CONTROLS,CLEAR,DUSK,NOT DIVIDED,DRY,NO INJURY / DRIVE AWAY,,UNABLE TO DETERMINE,4116,N,LINCOLN AVE,,NO INDICATION OF INJURY,0,0,0,17,7,2,41.95642201,-87.6805123
9/8/2022 10:40,30,STOP SIGN/FLASHER,CLEAR,DAYLIGHT,PARKING LOT,DRY,NO INJURY / DRIVE AWAY,,UNABLE TO DETERMINE,5452,S,LAKE PARK AVE,,NO INDICATION OF INJURY,0,0,0,10,5,9,41.79656345,-87.58747448
9/12/2019 17:50,20,TRAFFIC SIGNAL,CLEAR,DAYLIGHT,NOT DIVIDED,DRY,INJURY AND / OR TOW DUE TO CRASH,,UNABLE TO DETERMINE,950,W,DIVERSEY PKWY,,NONINCAPACITATING INJURY,0,0,1,17,5,9,41.93275508,-87.6534881
06/19/2021 07:00:00 PM,30,TRAFFIC SIGNAL,CLEAR,DAYLIGHT,NOT DIVIDED,DRY,INJURY AND / OR TOW DUE TO CRASH,,UNABLE TO DETERMINE,1800,S,LOOMIS ST,,"REPORTED, NOT EVIDENT",0,0,0,19,7,6,41.85786355,-87.66146632
12/8/2022 20:56,30,STOP SIGN/FLASHER,CLEAR,DAWN,NOT DIVIDED,DRY,INJURY AND / OR TOW DUE TO CRASH,Y,UNABLE TO DETERMINE,2914,W,83RD ST,,NONINCAPACITATING INJURY,0,0,1,20,5,12,41.74271665,-87.69557089
10/6/2023 17:13,30,TRAFFIC SIGNAL,CLEAR,DAYLIGHT,OTHER,DRY,INJURY AND / OR TOW DUE TO CRASH,Y,FAILING TO YIELD RIGHT-OF-WAY,600,S,WABASH AVE,Y,NONINCAPACITATING INJURY,0,0,1,17,6,10,41.87434258,-87.62614177
7/10/2018 8:23,30,STOP SIGN/FLASHER,CLEAR,DAYLIGHT,NOT DIVIDED,DRY,NO INJURY / DRIVE AWAY,,IMPROPER TURNING/NO SIGNAL,2300,N,MILWAUKEE AVE,,NO INDICATION OF INJURY,0,0,0,8,3,7,41.92284258,-87.69748748
9/4/2023 21:23,30,TRAFFIC SIGNAL,CLEAR,DARKNESS,FOUR WAY,DRY,INJURY AND / OR TOW DUE TO CRASH,,DISREGARDING TRAFFIC SIGNALS,3500,S,HALSTED ST,Y,NONINCAPACITATING INJURY,0,0,1,21,2,9,41.83069534,-87.64625092
12/16/2019 10:15:00 AM,30,NO CONTROLS,CLOUDY/OVERCAST,DAYLIGHT,ALLEY,DRY,NO INJURY / DRIVE AWAY,N,FAILING TO REDUCE SPEED TO AVOID CRASH,1538,W,OLIVE AVE,,NO INDICATION OF INJURY,0,0,0,10,2,12,41.9845662,-87.66891535
3/12/2020 22:01,30,TRAFFIC SIGNAL,CLEAR,"DARKNESS, LIGHTED ROAD",NOT DIVIDED,WET,NO INJURY / DRIVE AWAY,,FAILING TO YIELD RIGHT-OF-WAY,4770,W,GRAND AVE,,NO INDICATION OF INJURY,0,0,0,22,5,3,41.91399921,-87.74586369
6/8/2020 22:00,30,NO CONTROLS,CLEAR,"DARKNESS, LIGHTED ROAD",NOT DIVIDED,DRY,INJURY AND / OR TOW DUE TO CRASH,,NOT APPLICABLE,3217,N,PULASKI RD,,NONINCAPACITATING INJURY,0,0,1,22,2,6,41.93961065,-87.72705294
12/3/2017 17:00,30,NO CONTROLS,CLEAR,DUSK,NOT DIVIDED,DRY,INJURY AND / OR TOW DUE TO CRASH,,UNABLE TO DETERMINE,1428,W,DIVERSEY PKWY,,NONINCAPACITATING INJURY,0,0,1,17,1,12,41.93256957,-87.66483539
6/2/2023 14:15,30,UNKNOWN,UNKNOWN,UNKNOWN,NOT DIVIDED,UNKNOWN,NO INJURY / DRIVE AWAY,Y,UNABLE TO DETERMINE,150,W,RANDOLPH ST,,NO INDICATION OF INJURY,0,0,0,14,6,6,41.88458266,-87.63250801
06/20/2022 04:45:00 PM,30,STOP SIGN/FLASHER,CLEAR,DAYLIGHT,UNKNOWN INTERSECTION TYPE,DRY,NO INJURY / DRIVE AWAY,,UNABLE TO DETERMINE,800,N,MICHIGAN AVE,,NO INDICATION OF INJURY,0,0,0,16,2,6,41.89679057,-87.62438066
10/12/2016 8:35,25,TRAFFIC SIGNAL,CLEAR,DAYLIGHT,DIVIDED - W/MEDIAN (NOT RAISED),DRY,NO INJURY / DRIVE AWAY,,IMPROPER TURNING/NO SIGNAL,200,N,LA SALLE ST,,NO INDICATION OF INJURY,0,0,0,8,4,10,41.88576112,-87.63259515
11/26/2019 01:40:00 PM,30,NO CONTROLS,CLEAR,DAYLIGHT,OTHER,DRY,NO INJURY / DRIVE AWAY,,FAILING TO REDUCE SPEED TO AVOID CRASH,5861,N,CANFIELD AVE,,NO INDICATION OF INJURY,0,0,0,13,3,11,41.9866127,-87.82289551
05/18/2019 09:12:00 AM,30,NO CONTROLS,CLEAR,DAYLIGHT,OTHER,DRY,INJURY AND / OR TOW DUE TO CRASH,,"OPERATING VEHICLE IN ERRATIC, RECKLESS, CARELESS, NEGLIGENT OR AGGRESSIVE MANNER",73,E,NORTH AVE,,INCAPACITATING INJURY,0,1,0,9,7,5,41.91137772,-87.6266392
06/30/2023 03:52:00 PM,30,NO CONTROLS,CLEAR,DAYLIGHT,DIVIDED - W/MEDIAN (NOT RAISED),DRY,NO INJURY / DRIVE AWAY,,UNABLE TO DETERMINE,1525,N,MILWAUKEE AVE,,NO INDICATION OF INJURY,0,0,0,15,6,6,41.90930861,-87.6755691
11/2/2023 22:45,30,TRAFFIC SIGNAL,CLEAR,"DARKNESS, LIGHTED ROAD",Y-INTERSECTION,DRY,INJURY AND / OR TOW DUE TO CRASH,,FAILING TO YIELD RIGHT-OF-WAY,1200,N,CLYBOURN AVE,N,NONINCAPACITATING INJURY,0,0,1,22,5,11,41.90378959,-87.63982077
4/8/2019 16:33,30,NO CONTROLS,CLEAR,DAYLIGHT,NOT DIVIDED,DRY,NO INJURY / DRIVE AWAY,Y,FAILING TO YIELD RIGHT-OF-WAY,1664,S,BLUE ISLAND AVE,,NO INDICATION OF INJURY,0,0,0,16,2,4,41.85812821,-87.66111256
07/30/2017 04:45:00 PM,30,NO CONTROLS,CLEAR,DAYLIGHT,NOT DIVIDED,DRY,NO INJURY / DRIVE AWAY,,NOT APPLICABLE,1400,S,ASHLAND AVE,,NO INDICATION OF INJURY,0,0,0,16,1,7,41.86322023,-87.66644157
07/21/2018 10:57:00 AM,30,NO CONTROLS,RAIN,DAYLIGHT,DIVIDED - W/MEDIAN (NOT RAISED),WET,INJURY AND / OR TOW DUE TO CRASH,,UNABLE TO DETERMINE,5601,S,KEDZIE AVE,,NONINCAPACITATING INJURY,0,0,1,10,7,7,41.79160987,-87.7033556
03/21/2016 03:40:00 PM,30,UNKNOWN,UNKNOWN,DAYLIGHT,DIVIDED - W/MEDIAN (NOT RAISED),UNKNOWN,NO INJURY / DRIVE AWAY,,UNABLE TO DETERMINE,999,E,45TH ST,,NO INDICATION OF INJURY,0,0,0,15,2,3,41.81311716,-87.60188311
7/9/2019 14:10,30,STOP SIGN/FLASHER,CLEAR,DAYLIGHT,ONE-WAY,DRY,NO INJURY / DRIVE AWAY,Y,UNABLE TO DETERMINE,3758,W,THOMAS ST,,NO INDICATION OF INJURY,0,0,0,14,3,7,41.90099901,-87.72131403
05/14/2019 11:14:00 PM,30,TRAFFIC SIGNAL,CLEAR,"DARKNESS, LIGHTED ROAD",DIVIDED - W/MEDIAN (NOT RAISED),DRY,NO INJURY / DRIVE AWAY,,DRIVING SKILLS/KNOWLEDGE/EXPERIENCE,2399,N,KEDZIE BLVD,,NO INDICATION OF INJURY,0,0,0,23,3,5,41.92464387,-87.70707001
6/1/2022 19:24,30,TRAFFIC SIGNAL,CLEAR,DAYLIGHT,ONE-WAY,DRY,INJURY AND / OR TOW DUE TO CRASH,,FOLLOWING TOO CLOSELY,2355,N,KEDZIE BLVD,,NONINCAPACITATING INJURY,0,0,1,19,4,6,41.92453216,-87.7070673
04/14/2022 10:00:00 PM,30,NO CONTROLS,CLEAR,"DARKNESS, LIGHTED ROAD",NOT DIVIDED,DRY,NO INJURY / DRIVE AWAY,,UNABLE TO DETERMINE,2233,N,CLYBOURN AVE,Y,NO INDICATION OF INJURY,0,0,0,22,5,4,41.92233388,-87.66518579
6/3/2020 18:45,30,STOP SIGN/FLASHER,CLEAR,DAYLIGHT,FOUR WAY,DRY,INJURY AND / OR TOW DUE TO CRASH,N,"VISION OBSCURED (SIGNS, TREE LIMBS, BUILDINGS, ETC.)",6799,N,LAKEWOOD AVE,,NONINCAPACITATING INJURY,0,0,1,18,4,6,42.00544955,-87.66349813
7/11/2019 16:35,30,TRAFFIC SIGNAL,CLEAR,DAYLIGHT,DIVIDED - W/MEDIAN (NOT RAISED),DRY,NO INJURY / DRIVE AWAY,,DRIVING SKILLS/KNOWLEDGE/EXPERIENCE,528,N,FAIRBANKS CT,,NO INDICATION OF INJURY,0,0,0,16,5,7,41.89184174,-87.62038181