CRASH_DATE,POSTED_SPEED_LIMIT,TRAFFIC_CONTROL_DEVICE,WEATHER_CONDITION,LIGHTING_CONDITION,TRAFFICWAY_TYPE,ROADWAY_SURFACE_COND,CRASH_TYPE,HIT_AND_RUN_I,PRIM_CONTRIBUTORY_CAUSE,STREET_NO,STREET_DIRECTION,STREET_NAME,DOORING_I,MOST_SEVERE_INJURY,INJURIES_FATAL,INJURIES_INCAPACITATING,INJURIES_NON_INCAPACITATING,CRASH_HOUR,CRASH_DAY_OF_WEEK,CRASH_MONTH,LATITUDE,LONGITUDE
11/8/2019 17:30,30,NO CONTROLS,CLEAR,DARKNESS,NOT DIVIDED,DRY,INJURY AND / OR TOW DUE TO CRASH,,IMPROPER OVERTAKING/PASSING,680,W,LAKE ST,N,"REPORTED, NOT EVIDENT",0,0,0,17,6,11,41.8857972,-87.6456773
6/5/2021 13:30,30,NO CONTROLS,CLEAR,DAYLIGHT,NOT DIVIDED,DRY,NO INJURY / DRIVE AWAY,,UNABLE TO DETERMINE,2900,W,ADDISON ST,,NO INDICATION OF INJURY,0,0,0,13,7,6,41.94677222,-87.70054618
07/24/2018 09:00:00 AM,30,NO CONTROLS,CLEAR,DAYLIGHT,NOT DIVIDED,DRY,INJURY AND / OR TOW DUE TO CRASH,,FAILING TO YIELD RIGHT-OF-WAY,340,E,CHICAGO AVE,Y,NONINCAPACITATING INJURY,0,0,1,9,3,7,41.89692387,-87.61871164
03/17/2018 12:05:00 AM,30,TRAFFIC SIGNAL,CLEAR,"DARKNESS, LIGHTED ROAD",NOT DIVIDED,DRY,NO INJURY / DRIVE AWAY,,IMPROPER TURNING/NO SIGNAL,2316,N,LINCOLN AVE,,NO INDICATION OF INJURY,0,0,0,0,7,3,41.92396439,-87.6469026
06/15/2019 12:25:00 PM,20,NO CONTROLS,RAIN,"DARKNESS, LIGHTED ROAD",NOT DIVIDED,WET,NO INJURY / DRIVE AWAY,,DISREGARDING ROAD MARKINGS,2713,N,CLARK ST,,NO INDICATION OF INJURY,0,0,0,12,7,6,41.93174866,-87.64435548
9/9/2017 19:20,30,NO CONTROLS,CLEAR,DARKNESS,NOT DIVIDED,DRY,NO INJURY / DRIVE AWAY,,NOT APPLICABLE,3454,N,CLARK ST,Y,NO INDICATION OF INJURY,0,0,0,19,7,9,41.94482953,-87.65477521
3/6/2021 13:39,25,NO CONTROLS,CLEAR,DAYLIGHT,NOT DIVIDED,DRY,INJURY AND / OR TOW DUE TO CRASH,Y,UNABLE TO DETERMINE,8600,S,BURLEY AVE,,"REPORTED, NOT EVIDENT",0,0,0,13,7,3,41.73927229,-87.54550663
5/7/2017 18:00,30,NO CONTROLS,CLEAR,DAYLIGHT,ONE-WAY,DRY,NO INJURY / DRIVE AWAY,,UNABLE TO DETERMINE,401,E,ONTARIO ST,Y,NO INDICATION OF INJURY,0,0,0,18,1,5,41.8933413,-87.61758915
6/10/2021 15:45,5,NO CONTROLS,CLEAR,DAYLIGHT,ONE-WAY,DRY,NO INJURY / DRIVE AWAY,Y,FOLLOWING TOO CLOSELY,2099,W,LELAND AVE,,NO INDICATION OF INJURY,0,0,0,15,5,6,41.96678724,-87.6806655
05/26/2022 03:46:00 PM,30,TRAFFIC SIGNAL,CLEAR,DAYLIGHT,NOT DIVIDED,DRY,INJURY AND / OR TOW DUE TO CRASH,,FAILING TO YIELD RIGHT-OF-WAY,1324,N,MILWAUKEE AVE,,NONINCAPACITATING INJURY,0,0,1,15,5,5,41.90570957,-87.67039084
6/6/2019 8:28,20,NO CONTROLS,CLEAR,DAYLIGHT,ONE-WAY,DRY,NO INJURY / DRIVE AWAY,,FAILING TO YIELD RIGHT-OF-WAY,2376,N,LONG AVE,,NO INDICATION OF INJURY,0,0,0,8,5,6,41.92395074,-87.76121245
6/7/2018 9:09,30,TRAFFIC SIGNAL,CLEAR,DAYLIGHT,NOT DIVIDED,DRY,NO INJURY / DRIVE AWAY,,FAILING TO YIELD RIGHT-OF-WAY,539,W,HARRISON ST,,NO INDICATION OF INJURY,0,0,0,9,5,6,41.87428057,-87.6408911
6/1/2018 8:40,30,NO CONTROLS,CLEAR,DAYLIGHT,NOT DIVIDED,DRY,NO INJURY / DRIVE AWAY,,NOT APPLICABLE,2538,N,CENTRAL PARK AVE,Y,NO INDICATION OF INJURY,0,0,0,8,6,6,41.92756211,-87.71721559
6/8/2020 21:39,30,TRAFFIC SIGNAL,CLEAR,"DARKNESS, LIGHTED ROAD",NOT DIVIDED,DRY,INJURY AND / OR TOW DUE TO CRASH,Y,UNABLE TO DETERMINE,8658,S,VINCENNES AVE,,INCAPACITATING INJURY,0,1,0,21,2,6,41.73737623,-87.64378072
7/11/2019 18:24,30,NO CONTROLS,CLEAR,DAYLIGHT,NOT DIVIDED,DRY,INJURY AND / OR TOW DUE TO CRASH,Y,UNABLE TO DETERMINE,1640,N,DAMEN AVE,N,NONINCAPACITATING INJURY,0,0,1,18,5,7,41.9117261,-87.67763984
08/28/2023 09:30:00 PM,30,STOP SIGN/FLASHER,CLEAR,DARKNESS,FOUR WAY,DRY,NO INJURY / DRIVE AWAY,,NOT APPLICABLE,3300,N,HALSTED ST,,NO INDICATION OF INJURY,0,0,0,21,2,8,41.94183828,-87.64947571
07/24/2022 06:17:00 PM,30,TRAFFIC SIGNAL,CLEAR,DAYLIGHT,FOUR WAY,DRY,INJURY AND / OR TOW DUE TO CRASH,Y,UNABLE TO DETERMINE,2203,N,DAMEN AVE,,NONINCAPACITATING INJURY,0,0,1,18,1,7,41.92148729,-87.67760801
5/9/2023 20:00,10,NO CONTROLS,CLEAR,DAWN,ALLEY,DRY,INJURY AND / OR TOW DUE TO CRASH,,DRIVING SKILLS/KNOWLEDGE/EXPERIENCE,7900,S,EAST END AVE,Y,NONINCAPACITATING INJURY,0,0,1,20,3,5,41.75142861,-87.58303693
11/24/2021 03:40:00 PM,25,NO CONTROLS,CLEAR,DAYLIGHT,NOT DIVIDED,DRY,INJURY AND / OR TOW DUE TO CRASH,Y,FAILING TO YIELD RIGHT-OF-WAY,1945,W,MAYPOLE AVE,,NONINCAPACITATING INJURY,0,0,1,15,4,11,41.88397004,-87.67611599
09/15/2019 08:33:00 PM,30,NO CONTROLS,CLEAR,"DARKNESS, LIGHTED ROAD",NOT DIVIDED,DRY,NO INJURY / DRIVE AWAY,,FAILING TO YIELD RIGHT-OF-WAY,602,S,CENTRAL PARK AVE,,NO INDICATION OF INJURY,0,0,0,20,1,9,41.87345361,-87.71580435
07/27/2023 08:28:00 AM,30,UNKNOWN,CLEAR,DAYLIGHT,DIVIDED - W/MEDIAN (NOT RAISED),DRY,INJURY AND / OR TOW DUE TO CRASH,Y,UNABLE TO DETERMINE,2400,N,SOUTHPORT AVE,,NONINCAPACITATING INJURY,0,0,1,8,5,7,41.92530468,-87.66347856
5/9/2023 13:40,30,UNKNOWN,CLEAR,DAYLIGHT,NOT DIVIDED,DRY,INJURY AND / OR TOW DUE TO CRASH,,IMPROPER LANE USAGE,3911,N,BROADWAY,,NONINCAPACITATING INJURY,0,0,1,13,3,5,41.95317205,-87.64952164
07/20/2021 08:13:00 AM,30,STOP SIGN/FLASHER,CLEAR,DAYLIGHT,T-INTERSECTION,DRY,INJURY AND / OR TOW DUE TO CRASH,,DRIVING ON WRONG SIDE/WRONG WAY,4855,N,ELSTON AVE,,NONINCAPACITATING INJURY,0,0,1,8,3,7,41.96917723,-87.74166451
06/14/2017 09:30:00 AM,30,TRAFFIC SIGNAL,CLEAR,DAYLIGHT,NOT DIVIDED,DRY,NO INJURY / DRIVE AWAY,,FAILING TO REDUCE SPEED TO AVOID CRASH,391,E,BALBO DR,Y,NO INDICATION OF INJURY,0,0,0,9,4,6,41.87314468,-87.61747426
4/3/2017 11:30,30,TRAFFIC SIGNAL,CLEAR,DAYLIGHT,NOT DIVIDED,DRY,NO INJURY / DRIVE AWAY,,UNABLE TO DETERMINE,356,W,ARMITAGE AVE,,NO INDICATION OF INJURY,0,0,0,11,2,4,41.9184342,-87.63867839
02/24/2022 11:20:00 AM,30,STOP SIGN/FLASHER,CLEAR,DAYLIGHT,DIVIDED - W/MEDIAN (NOT RAISED),DRY,INJURY AND / OR TOW DUE TO CRASH,,DRIVING ON WRONG SIDE/WRONG WAY,5701,W,BRYN MAWR AVE,,NONINCAPACITATING INJURY,0,0,1,11,5,2,41.98281924,-87.77082825
10/7/2017 17:00,30,NO CONTROLS,RAIN,DAYLIGHT,DIVIDED - W/MEDIAN (NOT RAISED),WET,NO INJURY / DRIVE AWAY,,FAILING TO YIELD RIGHT-OF-WAY,1120,N,STATE ST,,NO INDICATION OF INJURY,0,0,0,17,7,10,41.90239382,-87.62846892
5/5/2017 19:42,30,NO CONTROLS,CLEAR,DUSK,NOT DIVIDED,DRY,INJURY AND / OR TOW DUE TO CRASH,,IMPROPER OVERTAKING/PASSING,4628,N,KEDZIE AVE,Y,NONINCAPACITATING INJURY,0,0,1,19,6,5,41.96553694,-87.70853142
9/9/2021 6:55,30,NO CONTROLS,CLEAR,DAYLIGHT,NOT DIVIDED,DRY,INJURY AND / OR TOW DUE TO CRASH,,FAILING TO YIELD RIGHT-OF-WAY,6000,S,DORCHESTER AVE,Y,NONINCAPACITATING INJURY,0,0,1,6,5,9,41.78600013,-87.59162038
4/3/2020 11:00,30,TRAFFIC SIGNAL,CLEAR,DAYLIGHT,FOUR WAY,DRY,INJURY AND / OR TOW DUE TO CRASH,,UNABLE TO DETERMINE,7900,S,COTTAGE GROVE AVE,,NONINCAPACITATING INJURY,0,0,1,11,6,4,41.75119434,-87.60536733
11/16/2022 08:08:00 PM,30,TRAFFIC SIGNAL,OTHER,"DARKNESS, LIGHTED ROAD",NOT REPORTED,WET,NO INJURY / DRIVE AWAY,,IMPROPER TURNING/NO SIGNAL,523,N,LA SALLE DR,,NO INDICATION OF INJURY,0,0,0,20,4,11,41.89156689,-87.63243343
3/1/2019 20:10,30,NO CONTROLS,CLEAR,DUSK,NOT DIVIDED,DRY,INJURY AND / OR TOW DUE TO CRASH,,DISTRACTION - FROM INSIDE VEHICLE,1631,W,18TH ST,Y,INCAPACITATING INJURY,0,1,0,20,6,3,41.85766218,-87.66752287
03/28/2023 04:30:00 PM,30,STOP SIGN/FLASHER,CLEAR,DAYLIGHT,UNKNOWN INTERSECTION TYPE,DRY,INJURY AND / OR TOW DUE TO CRASH,,UNABLE TO DETERMINE,3698,N,PULASKI RD,,NONINCAPACITATING INJURY,0,0,1,16,3,3,41.94813948,-87.72759759
4/8/2022 13:15,30,TRAFFIC SIGNAL,CLEAR,DAYLIGHT,FOUR WAY,WET,INJURY AND / OR TOW DUE TO CRASH,,UNABLE TO DETERMINE,430,N,LA SALLE DR,,NONINCAPACITATING INJURY,0,0,1,13,6,4,41.89004243,-87.63269468
03/23/2021 04:45:00 PM,15,NO CONTROLS,RAIN,DAYLIGHT,ALLEY,WET,NO INJURY / DRIVE AWAY,N,FAILING TO YIELD RIGHT-OF-WAY,11,S,GREEN ST,,NO INDICATION OF INJURY,0,0,0,16,3,3,41.88139444,-87.64837353
02/20/2023 10:10:00 PM,10,NO CONTROLS,CLEAR,DARKNESS,PARKING LOT,DRY,INJURY AND / OR TOW DUE TO CRASH,Y,IMPROPER LANE USAGE,3201,N,ASHLAND AVE,,INCAPACITATING INJURY,0,1,0,22,2,2,41.93974462,-87.6685161
07/15/2018 05:15:00 PM,30,UNKNOWN,CLEAR,DAYLIGHT,NOT DIVIDED,DRY,NO INJURY / DRIVE AWAY,,UNABLE TO DETERMINE,4606,W,DIVERSEY AVE,,NO INDICATION OF INJURY,0,0,0,17,1,7,41.9317002,-87.74223193
5/1/2017 18:02,30,NO CONTROLS,UNKNOWN,DAYLIGHT,NOT DIVIDED,UNKNOWN,NO INJURY / DRIVE AWAY,Y,IMPROPER OVERTAKING/PASSING,725,W,IRVING PARK RD,,NO INDICATION OF INJURY,0,0,0,18,2,5,41.9544676,-87.6488149
07/15/2019 09:30:00 PM,25,NO CONTROLS,CLEAR,DARKNESS,ONE-WAY,DRY,INJURY AND / OR TOW DUE TO CRASH,Y,UNABLE TO DETERMINE,2715,W,THOMAS ST,,NONINCAPACITATING INJURY,0,0,1,21,2,7,41.90101337,-87.69502744
08/26/2021 08:15:00 PM,30,NO CONTROLS,CLEAR,"DARKNESS, LIGHTED ROAD",DIVIDED - W/MEDIAN (NOT RAISED),DRY,INJURY AND / OR TOW DUE TO CRASH,,FAILING TO YIELD RIGHT-OF-WAY,3809,N,CLARK ST,,NONINCAPACITATING INJURY,0,0,1,20,5,8,41.95135435,-87.65968303
10/17/2017 12:15:00 PM,30,TRAFFIC SIGNAL,CLEAR,DAYLIGHT,NOT DIVIDED,DRY,INJURY AND / OR TOW DUE TO CRASH,,"VISION OBSCURED (SIGNS, TREE LIMBS, BUILDINGS, ETC.)",5353,N,ELSTON AVE,,NONINCAPACITATING INJURY,0,0,1,12,3,10,41.97871026,-87.75715377
07/19/2019 08:30:00 AM,30,TRAFFIC SIGNAL,CLEAR,DAYLIGHT,DIVIDED - W/MEDIAN BARRIER,DRY,INJURY AND / OR TOW DUE TO CRASH,,UNABLE TO DETERMINE,130,E,RANDOLPH ST,Y,NONINCAPACITATING INJURY,0,0,1,8,6,7,41.88458837,-87.62327256
07/17/2019 07:10:00 AM,30,TRAFFIC SIGNAL,CLEAR,DAYLIGHT,ONE-WAY,DRY,INJURY AND / OR TOW DUE TO CRASH,,DISREGARDING TRAFFIC SIGNALS,201,N,DESPLAINES ST,,NONINCAPACITATING INJURY,0,0,1,7,4,7,41.88572745,-87.64409764
03/29/2021 02:38:00 PM,30,TRAFFIC SIGNAL,CLEAR,DAYLIGHT,DIVIDED - W/MEDIAN (NOT RAISED),WET,NO INJURY / DRIVE AWAY,Y,DISREGARDING TRAFFIC SIGNALS,34,N,KEDZIE AVE,,NO INDICATION OF INJURY,0,0,0,14,2,3,41.88192437,-87.70629651
11/19/2020 07:35:00 PM,25,NO CONTROLS,CLEAR,"DARKNESS, LIGHTED ROAD",ONE-WAY,DRY,NO INJURY / DRIVE AWAY,,UNABLE TO DETERMINE,2810,W,BERWYN AVE,,NO INDICATION OF INJURY,0,0,0,19,5,11,41.97775041,-87.69948191
11/3/2017 11:25,30,TRAFFIC SIGNAL,CLOUDY/OVERCAST,DAYLIGHT,OTHER,DRY,INJURY AND / OR TOW DUE TO CRASH,Y,DISREGARDING TRAFFIC SIGNALS,100,N,CLINTON ST,,INCAPACITATING INJURY,0,1,0,11,6,11,41.8832369,-87.64138162
10/1/2023 14:50,15,NO CONTROLS,CLEAR,DAYLIGHT,NOT DIVIDED,DRY,INJURY AND / OR TOW DUE TO CRASH,,UNABLE TO DETERMINE,5915,S,ROCKWELL ST,,NONINCAPACITATING INJURY,0,0,1,14,1,10,41.78600149,-87.68855813
5/11/2022 18:20,30,TRAFFIC SIGNAL,CLEAR,DAYLIGHT,FOUR WAY,DRY,INJURY AND / OR TOW DUE TO CRASH,,UNABLE TO DETERMINE,2600,N,WESTERN AVE,N,NONINCAPACITATING INJURY,0,0,1,18,4,5,41.92866979,-87.68792224
10/4/2021 16:16,30,NO CONTROLS,CLEAR,DAYLIGHT,NOT DIVIDED,DRY,INJURY AND / OR TOW DUE TO CRASH,,UNABLE TO DETERMINE,811,N,WOOD ST,Y,NONINCAPACITATING INJURY,0,0,1,16,2,10,41.89635693,-87.67204287
8/1/2020 16:30,30,OTHER REG. SIGN,CLEAR,DAYLIGHT,DIVIDED - W/MEDIAN BARRIER,DRY,NO INJURY / DRIVE AWAY,,FAILING TO REDUCE SPEED TO AVOID CRASH,200,E,ROOSEVELT RD,,NO INDICATION OF INJURY,0,0,0,16,7,8,41.86759463,-87.62249747
07/18/2016 10:15:00 AM,30,TRAFFIC SIGNAL,CLEAR,DAYLIGHT,OTHER,DRY,INJURY AND / OR TOW DUE TO CRASH,,TURNING RIGHT ON RED,300,E,ROOSEVELT DR,Y,"REPORTED, NOT EVIDENT",0,0,0,10,2,7,41.86762343,-87.6203324
1/7/2018 17:00,30,STOP SIGN/FLASHER,SLEET/HAIL,DARKNESS,NOT DIVIDED,SNOW OR SLUSH,NO INJURY / DRIVE AWAY,,UNABLE TO DETERMINE,5700,N,CLARK ST,,NO INDICATION OF INJURY,0,0,0,17,1,1,41.98543836,-87.66933051
9/6/2022 15:59,30,NO CONTROLS,CLEAR,DAYLIGHT,NOT DIVIDED,DRY,NO INJURY / DRIVE AWAY,,NOT APPLICABLE,5042,N,PULASKI RD,,NO INDICATION OF INJURY,0,0,0,15,3,9,41.97310245,-87.72831009
9/11/2023 21:10,30,STOP SIGN/FLASHER,RAIN,"DARKNESS, LIGHTED ROAD",ROUNDABOUT,WET,NO INJURY / DRIVE AWAY,Y,UNABLE TO DETERMINE,4101,W,ROSCOE ST,,NO INDICATION OF INJURY,0,0,0,21,2,9,41.94303353,-87.72917124
7/2/2020 15:48,30,NO CONTROLS,CLEAR,DAYLIGHT,ONE-WAY,DRY,NO INJURY / DRIVE AWAY,Y,UNABLE TO DETERMINE,2958,W,BELLE PLAINE AVE,,NO INDICATION OF INJURY,0,0,0,15,5,7,41.95587507,-87.70312289
07/17/2018 12:35:00 AM,30,STOP SIGN/FLASHER,CLEAR,"DARKNESS, LIGHTED ROAD",DIVIDED - W/MEDIAN (NOT RAISED),DRY,INJURY AND / OR TOW DUE TO CRASH,,DISREGARDING STOP SIGN,200,E,76TH ST,,NONINCAPACITATING INJURY,0,0,1,0,3,7,41.75660931,-87.6198112
07/19/2016 01:44:00 PM,30,UNKNOWN,CLEAR,DAYLIGHT,UNKNOWN,DRY,INJURY AND / OR TOW DUE TO CRASH,Y,"OPERATING VEHICLE IN ERRATIC, RECKLESS, CARELESS, NEGLIGENT OR AGGRESSIVE MANNER",6900,S,STATE ST,,"REPORTED, NOT EVIDENT",0,0,0,13,3,7,41.76910398,-87.62509228
4/3/2020 18:42,30,TRAFFIC SIGNAL,CLEAR,DAYLIGHT,T-INTERSECTION,DRY,INJURY AND / OR TOW DUE TO CRASH,N,FAILING TO REDUCE SPEED TO AVOID CRASH,4864,W,IRVING PARK RD,,INCAPACITATING INJURY,0,1,0,18,6,4,41.95350163,-87.74966937
02/14/2022 04:24:00 PM,25,STOP SIGN/FLASHER,CLEAR,DAYLIGHT,DIVIDED - W/MEDIAN (NOT RAISED),ICE,NO INJURY / DRIVE AWAY,Y,UNABLE TO DETERMINE,2101,W,AINSLIE ST,,NO INDICATION OF INJURY,0,0,0,16,2,2,41.97042686,-87.68169873
8/11/2019 12:30,30,NO CONTROLS,CLEAR,DAYLIGHT,DRIVEWAY,DRY,NO INJURY / DRIVE AWAY,,IMPROPER OVERTAKING/PASSING,201,N,WESTSHORE DR,,NO INDICATION OF INJURY,0,0,0,12,1,8,41.88617367,-87.61610866
7/6/2022 8:49,30,STOP SIGN/FLASHER,CLEAR,DAYLIGHT,DIVIDED - W/MEDIAN BARRIER,DRY,INJURY AND / OR TOW DUE TO CRASH,,FAILING TO YIELD RIGHT-OF-WAY,3700,W,IRVING PARK RD,,NONINCAPACITATING INJURY,0,0,1,8,4,7,41.9538626,-87.72032226
11/15/2017 02:00:00 PM,30,NO CONTROLS,CLEAR,DAYLIGHT,ONE-WAY,DRY,INJURY AND / OR TOW DUE TO CRASH,,FAILING TO YIELD RIGHT-OF-WAY,110,N,WELLS ST,,NONINCAPACITATING INJURY,0,0,1,14,4,11,41.88350026,-87.63401228
08/23/2019 03:10:00 PM,30,TRAFFIC SIGNAL,CLEAR,DAYLIGHT,NOT DIVIDED,DRY,INJURY AND / OR TOW DUE TO CRASH,Y,UNABLE TO DETERMINE,4200,W,NORTH AVE,,NONINCAPACITATING INJURY,0,0,1,15,6,8,41.90992842,-87.73131794
6/11/2019 19:44,30,NO CONTROLS,CLEAR,DAYLIGHT,DIVIDED - W/MEDIAN (NOT RAISED),DRY,INJURY AND / OR TOW DUE TO CRASH,,UNABLE TO DETERMINE,1521,N,MILWAUKEE AVE,Y,NONINCAPACITATING INJURY,0,0,1,19,3,6,41.90923596,-87.67545554
08/23/2022 05:15:00 PM,30,UNKNOWN,CLEAR,DAYLIGHT,ONE-WAY,DRY,INJURY AND / OR TOW DUE TO CRASH,Y,UNABLE TO DETERMINE,115,E,86TH ST,,NONINCAPACITATING INJURY,0,0,1,17,3,8,41.7381342,-87.6203173
08/25/2017 04:10:00 PM,30,TRAFFIC SIGNAL,CLEAR,DAYLIGHT,NOT DIVIDED,DRY,INJURY AND / OR TOW DUE TO CRASH,Y,FAILING TO YIELD RIGHT-OF-WAY,589,N,ORLEANS ST,,NONINCAPACITATING INJURY,0,0,1,16,6,8,41.89233518,-87.63690672
06/20/2020 02:37:00 PM,20,TRAFFIC SIGNAL,CLEAR,DAYLIGHT,NOT DIVIDED,DRY,INJURY AND / OR TOW DUE TO CRASH,,UNABLE TO DETERMINE,3046,N,HALSTED ST,,NONINCAPACITATING INJURY,0,0,1,14,7,6,41.93769389,-87.64934142
3/5/2020 15:43,30,TRAFFIC SIGNAL,CLEAR,DAYLIGHT,ONE-WAY,DRY,NO INJURY / DRIVE AWAY,,FOLLOWING TOO CLOSELY,351,W,WASHINGTON ST,,NO INDICATION OF INJURY,0,0,0,15,5,3,41.88309188,-87.63672202
05/26/2023 06:34:00 PM,30,NO CONTROLS,CLEAR,DAYLIGHT,FOUR WAY,DRY,INJURY AND / OR TOW DUE TO CRASH,,FAILING TO YIELD RIGHT-OF-WAY,5707,N,CENTRAL AVE,,NONINCAPACITATING INJURY,0,0,1,18,6,5,41.98498822,-87.76815296
09/25/2019 08:40:00 AM,30,NO CONTROLS,CLEAR,DAWN,DIVIDED - W/MEDIAN (NOT RAISED),DRY,INJURY AND / OR TOW DUE TO CRASH,Y,UNABLE TO DETERMINE,680,W,GRAND AVE,,NONINCAPACITATING INJURY,0,0,1,8,4,9,41.89131968,-87.64582125
3/2/2020 9:05,30,NO CONTROLS,CLEAR,DAYLIGHT,NOT DIVIDED,DRY,INJURY AND / OR TOW DUE TO CRASH,,FAILING TO YIELD RIGHT-OF-WAY,1140,N,WELLS ST,,NONINCAPACITATING INJURY,0,0,1,9,2,3,41.90331113,-87.6346058
5/3/2019 19:22,25,NO CONTROLS,CLEAR,DAYLIGHT,OTHER,DRY,INJURY AND / OR TOW DUE TO CRASH,,NOT APPLICABLE,8611,W,FOSTER AVE,,NONINCAPACITATING INJURY,0,0,1,19,6,5,41.97368242,-87.84143791
07/18/2017 10:00:00 PM,30,NO CONTROLS,CLEAR,"DARKNESS, LIGHTED ROAD",ONE-WAY,DRY,INJURY AND / OR TOW DUE TO CRASH,Y,UNABLE TO DETERMINE,3810,W,CONGRESS PKWY,N,"REPORTED, NOT EVIDENT",0,0,0,22,3,7,41.87454613,-87.72101882
7/10/2023 17:21,30,NO CONTROLS,CLEAR,DAYLIGHT,DIVIDED - W/MEDIAN BARRIER,DRY,NO INJURY / DRIVE AWAY,Y,NOT APPLICABLE,2101,E,71ST ST,,NO INDICATION OF INJURY,0,0,0,17,2,7,41.76599,-87.57378734
10/2/2022 1:44,30,UNKNOWN,CLEAR,"DARKNESS, LIGHTED ROAD",FOUR WAY,DRY,INJURY AND / OR TOW DUE TO CRASH,Y,UNABLE TO DETERMINE,1951,W,GARFIELD BLVD,,INCAPACITATING INJURY,0,1,0,1,1,10,41.79344425,-87.67388413
8/9/2023 12:39,20,NO CONTROLS,CLEAR,DAYLIGHT,NOT DIVIDED,DRY,INJURY AND / OR TOW DUE TO CRASH,,UNABLE TO DETERMINE,6648,N,GLENWOOD AVE,,NONINCAPACITATING INJURY,0,0,1,12,4,8,42.00320683,-87.66581572
07/30/2018 11:45:00 AM,20,NO CONTROLS,CLEAR,DAYLIGHT,ALLEY,DRY,INJURY AND / OR TOW DUE TO CRASH,Y,FAILING TO YIELD RIGHT-OF-WAY,1162,W,FARWELL AVE,,NONINCAPACITATING INJURY,0,0,1,11,2,7,42.00688604,-87.66066475
4/11/2019 8:00,35,NO CONTROLS,CLEAR,DAYLIGHT,NOT DIVIDED,DRY,INJURY AND / OR TOW DUE TO CRASH,Y,IMPROPER TURNING/NO SIGNAL,4485,S,ARCHER AVE,,NONINCAPACITATING INJURY,0,0,1,8,5,4,41.81163538,-87.70800998
10/11/2016 7:30,30,UNKNOWN,UNKNOWN,UNKNOWN,ONE-WAY,UNKNOWN,INJURY AND / OR TOW DUE TO CRASH,,UNABLE TO DETERMINE,45,W,KINZIE ST,Y,NONINCAPACITATING INJURY,0,0,1,7,3,10,41.8891213,-87.62965705
9/7/2022 8:10,20,STOP SIGN/FLASHER,CLEAR,DAYLIGHT,ONE-WAY,DRY,INJURY AND / OR TOW DUE TO CRASH,,DISTRACTION - FROM OUTSIDE VEHICLE,1617,W,SUPERIOR ST,,"REPORTED, NOT EVIDENT",0,0,0,8,4,9,41.89503519,-87.66798724
07/23/2018 03:00:00 PM,35,NO CONTROLS,CLEAR,DAYLIGHT,ONE-WAY,DRY,NO INJURY / DRIVE AWAY,Y,IMPROPER LANE USAGE,308,W,RANDOLPH ST,Y,NO INDICATION OF INJURY,0,0,0,15,2,7,41.88457506,-87.63566952
04/15/2021 03:30:00 PM,30,TRAFFIC SIGNAL,CLEAR,DAYLIGHT,NOT DIVIDED,DRY,NO INJURY / DRIVE AWAY,Y,NOT APPLICABLE,7900,S,PULASKI RD,,NO INDICATION OF INJURY,0,0,0,15,5,4,41.749339,-87.72205209
01/14/2020 06:14:00 PM,35,NO CONTROLS,CLEAR,"DARKNESS, LIGHTED ROAD",DIVIDED - W/MEDIAN (NOT RAISED),DRY,INJURY AND / OR TOW DUE TO CRASH,,FAILING TO YIELD RIGHT-OF-WAY,6704,S,JEFFERY BLVD,,INCAPACITATING INJURY,0,1,0,18,3,1,41.77324416,-87.57663088
9/1/2022 23:05,20,STOP SIGN/FLASHER,UNKNOWN,UNKNOWN,FOUR WAY,UNKNOWN,INJURY AND / OR TOW DUE TO CRASH,,UNABLE TO DETERMINE,3402,N,SHEFFIELD AVE,,NONINCAPACITATING INJURY,0,0,1,23,5,9,41.94367589,-87.65437178
10/5/2021 17:52,30,NO CONTROLS,CLEAR,DAYLIGHT,NOT DIVIDED,DRY,INJURY AND / OR TOW DUE TO CRASH,,FAILING TO YIELD RIGHT-OF-WAY,1528,W,LAWRENCE AVE,,NONINCAPACITATING INJURY,0,0,1,17,3,10,41.96899073,-87.66876146
05/20/2023 09:24:00 PM,30,NO CONTROLS,CLEAR,"DARKNESS, LIGHTED ROAD",DIVIDED - W/MEDIAN BARRIER,DRY,INJURY AND / OR TOW DUE TO CRASH,Y,NOT APPLICABLE,2124,W,LAWRENCE AVE,,NONINCAPACITATING INJURY,0,0,1,21,7,5,41.96881437,-87.68264478
8/4/2020 18:40,30,STOP SIGN/FLASHER,CLEAR,DAYLIGHT,ONE-WAY,DRY,INJURY AND / OR TOW DUE TO CRASH,,NOT APPLICABLE,2631,W,POPE JOHN PAUL II DR,,NONINCAPACITATING INJURY,0,0,1,18,3,8,41.81549276,-87.69068868
09/15/2022 04:15:00 PM,30,STOP SIGN/FLASHER,CLEAR,DAYLIGHT,FOUR WAY,DRY,NO INJURY / DRIVE AWAY,N,FAILING TO YIELD RIGHT-OF-WAY,2900,W,TAYLOR ST,,NO INDICATION OF INJURY,0,0,0,16,5,9,41.86932693,-87.69854881