CRASH_DATE,POSTED_SPEED_LIMIT,TRAFFIC_CONTROL_DEVICE,WEATHER_CONDITION,LIGHTING_CONDITION,TRAFFICWAY_TYPE,ROADWAY_SURFACE_COND,CRASH_TYPE,HIT_AND_RUN_I,PRIM_CONTRIBUTORY_CAUSE,STREET_NO,STREET_DIRECTION,STREET_NAME,DOORING_I,MOST_SEVERE_INJURY,INJURIES_FATAL,INJURIES_INCAPACITATING,INJURIES_NON_INCAPACITATING,CRASH_HOUR,CRASH_DAY_OF_WEEK,CRASH_MONTH,LATITUDE,LONGITUDE
10/3/2023 20:31,30,TRAFFIC SIGNAL,CLEAR,DARKNESS,DIVIDED - W/MEDIAN (NOT RAISED),DRY,INJURY AND / OR TOW DUE TO CRASH,,UNABLE TO DETERMINE,8700,S,LOOMIS ST,,INCAPACITATING INJURY,0,1,0,20,3,10,41.73576865,-87.65834927
12/12/2020 18:23,30,TRAFFIC SIGNAL,RAIN,"DARKNESS, LIGHTED ROAD",ONE-WAY,WET,NO INJURY / DRIVE AWAY,Y,UNABLE TO DETERMINE,632,N,DEARBORN ST,,NO INDICATION OF INJURY,0,0,0,18,7,12,41.89335935,-87.62984515
07/16/2022 05:00:00 PM,30,NO CONTROLS,CLEAR,DAYLIGHT,NOT DIVIDED,DRY,INJURY AND / OR TOW DUE TO CRASH,,UNABLE TO DETERMINE,6313,N,BROADWAY,,NONINCAPACITATING INJURY,0,0,1,17,7,7,41.9968007,-87.66031574
05/14/2016 04:00:00 PM,30,UNKNOWN,UNKNOWN,UNKNOWN,DIVIDED - W/MEDIAN (NOT RAISED),UNKNOWN,NO INJURY / DRIVE AWAY,,UNABLE TO DETERMINE,1200,W,GUNNISON ST,,NO INDICATION OF INJURY,0,0,0,16,7,5,41.97034975,-87.65977468
12/12/2015 3:30,30,NO CONTROLS,RAIN,"DARKNESS, LIGHTED ROAD",DIVIDED - W/MEDIAN (NOT RAISED),WET,INJURY AND / OR TOW DUE TO CRASH,Y,IMPROPER OVERTAKING/PASSING,1520,N,KEDZIE AVE,,NONINCAPACITATING INJURY,0,0,1,3,7,12,41.90900739,-87.70713111
4/6/2018 21:25,30,NO CONTROLS,CLEAR,"DARKNESS, LIGHTED ROAD",NOT DIVIDED,DRY,INJURY AND / OR TOW DUE TO CRASH,,FAILING TO YIELD RIGHT-OF-WAY,2942,N,LINCOLN AVE,Y,NONINCAPACITATING INJURY,0,0,1,21,6,4,41.93523047,-87.66266192
6/2/2023 17:30,30,TRAFFIC SIGNAL,UNKNOWN,UNKNOWN,UNKNOWN,UNKNOWN,NO INJURY / DRIVE AWAY,Y,UNABLE TO DETERMINE,901,W,KINZIE ST,,NO INDICATION OF INJURY,0,0,0,17,6,6,41.88890908,-87.64996188
11/11/2016 22:45,35,NO CONTROLS,CLEAR,"DARKNESS, LIGHTED ROAD",DIVIDED - W/MEDIAN (NOT RAISED),DRY,INJURY AND / OR TOW DUE TO CRASH,Y,UNABLE TO DETERMINE,6221,N,SHERIDAN RD,,NONINCAPACITATING INJURY,0,0,1,22,6,11,41.99525888,-87.65540032
06/28/2021 05:20:00 PM,30,STOP SIGN/FLASHER,RAIN,DAYLIGHT,NOT DIVIDED,WET,INJURY AND / OR TOW DUE TO CRASH,,FAILING TO YIELD RIGHT-OF-WAY,2701,W,BELMONT AVE,,NONINCAPACITATING INJURY,0,0,1,17,2,6,41.93929542,-87.69539715
10/29/2017 11:49:00 AM,30,TRAFFIC SIGNAL,CLEAR,DAYLIGHT,DIVIDED - W/MEDIAN (NOT RAISED),DRY,INJURY AND / OR TOW DUE TO CRASH,,FAILING TO YIELD RIGHT-OF-WAY,4700,S,CALIFORNIA AVE,,NONINCAPACITATING INJURY,0,0,1,11,1,10,41.80821705,-87.69435004
8/10/2023 13:45,35,TRAFFIC SIGNAL,CLEAR,DAYLIGHT,NOT DIVIDED,UNKNOWN,INJURY AND / OR TOW DUE TO CRASH,Y,UNABLE TO DETERMINE,500,W,ROOSEVELT RD,,NONINCAPACITATING INJURY,0,0,1,13,5,8,41.86736269,-87.6392932
3/7/2017 10:28,30,NO CONTROLS,CLEAR,DAYLIGHT,DIVIDED - W/MEDIAN (NOT RAISED),DRY,INJURY AND / OR TOW DUE TO CRASH,Y,FAILING TO YIELD RIGHT-OF-WAY,1729,S,HALSTED ST,,NONINCAPACITATING INJURY,0,0,1,10,3,3,41.85833543,-87.64651052
09/21/2023 12:41:00 PM,25,NO CONTROLS,CLEAR,DAYLIGHT,NOT DIVIDED,DRY,INJURY AND / OR TOW DUE TO CRASH,,FOLLOWING TOO CLOSELY,5828,W,ROOSEVELT RD,,NONINCAPACITATING INJURY,0,0,1,12,5,9,41.86562237,-87.77038409
06/26/2022 11:10:00 AM,30,NO CONTROLS,CLEAR,DAYLIGHT,ONE-WAY,DRY,NO INJURY / DRIVE AWAY,,"OPERATING VEHICLE IN ERRATIC, RECKLESS, CARELESS, NEGLIGENT OR AGGRESSIVE MANNER",2133,W,CONCORD PL,,NO INDICATION OF INJURY,0,0,0,11,1,6,41.91111314,-87.68129417
2/2/2018 14:50,35,TRAFFIC SIGNAL,CLEAR,DAYLIGHT,DIVIDED - W/MEDIAN (NOT RAISED),DRY,INJURY AND / OR TOW DUE TO CRASH,,DISREGARDING TRAFFIC SIGNALS,1960,N,CLYBOURN AVE,,NONINCAPACITATING INJURY,0,0,1,14,6,2,41.91661434,-87.65768253
01/24/2023 09:38:00 PM,30,NO CONTROLS,CLEAR,"DARKNESS, LIGHTED ROAD",OTHER,DRY,INJURY AND / OR TOW DUE TO CRASH,,FAILING TO YIELD RIGHT-OF-WAY,136,W,ERIE ST,,NONINCAPACITATING INJURY,0,0,1,21,3,1,41.89412193,-87.63259044
06/14/2021 10:50:00 AM,30,TRAFFIC SIGNAL,CLEAR,DAYLIGHT,FOUR WAY,DRY,INJURY AND / OR TOW DUE TO CRASH,,DRIVING SKILLS/KNOWLEDGE/EXPERIENCE,4800,N,WOLCOTT AVE,,NONINCAPACITATING INJURY,0,0,1,10,2,6,41.96888282,-87.6763557
1/12/2022 20:30,25,NO CONTROLS,CLEAR,"DARKNESS, LIGHTED ROAD",NOT DIVIDED,DRY,NO INJURY / DRIVE AWAY,Y,UNABLE TO DETERMINE,5500,S,MORGAN ST,,NO INDICATION OF INJURY,0,0,0,20,4,1,41.79379565,-87.65015447
06/18/2020 01:45:00 PM,25,STOP SIGN/FLASHER,CLEAR,DAYLIGHT,FOUR WAY,DRY,INJURY AND / OR TOW DUE TO CRASH,,PHYSICAL CONDITION OF DRIVER,6400,S,ALBANY AVE,,NONINCAPACITATING INJURY,0,0,1,13,5,6,41.77709949,-87.70079612
02/22/2018 07:30:00 PM,20,NO CONTROLS,CLEAR,DARKNESS,ONE-WAY,DRY,NO INJURY / DRIVE AWAY,,"VISION OBSCURED (SIGNS, TREE LIMBS, BUILDINGS, ETC.)",300,E,OHIO ST,,NO INDICATION OF INJURY,0,0,0,19,5,2,41.89271059,-87.62013066
08/13/2020 07:45:00 AM,30,TRAFFIC SIGNAL,CLEAR,DAYLIGHT,NOT DIVIDED,DRY,INJURY AND / OR TOW DUE TO CRASH,,FAILING TO YIELD RIGHT-OF-WAY,4801,N,PULASKI RD,,NONINCAPACITATING INJURY,0,0,1,7,5,8,41.96826771,-87.72788123
08/27/2018 07:45:00 AM,20,NO CONTROLS,CLEAR,DAYLIGHT,NOT DIVIDED,DRY,NO INJURY / DRIVE AWAY,,FAILING TO YIELD RIGHT-OF-WAY,3155,S,SHIELDS AVE,Y,NO INDICATION OF INJURY,0,0,0,7,2,8,41.8365726,-87.63513209
02/17/2017 12:05:00 PM,30,TRAFFIC SIGNAL,CLEAR,DAYLIGHT,NOT DIVIDED,DRY,NO INJURY / DRIVE AWAY,,NOT APPLICABLE,449,N,PULASKI RD,Y,NO INDICATION OF INJURY,0,0,0,12,6,2,41.88940256,-87.72576658
10/14/2021 04:39:00 PM,30,TRAFFIC SIGNAL,CLEAR,DAYLIGHT,NOT DIVIDED,DRY,INJURY AND / OR TOW DUE TO CRASH,,FAILING TO YIELD RIGHT-OF-WAY,6940,N,ASHLAND BLVD,,NONINCAPACITATING INJURY,0,0,1,16,5,10,42.00777574,-87.67018002
07/28/2021 11:27:00 AM,30,TRAFFIC SIGNAL,CLEAR,DAYLIGHT,FOUR WAY,DRY,INJURY AND / OR TOW DUE TO CRASH,Y,FAILING TO YIELD RIGHT-OF-WAY,237,W,59TH ST,Y,INCAPACITATING INJURY,0,1,0,11,4,7,41.78710891,-87.63192859
9/12/2019 10:12,30,NO CONTROLS,CLEAR,DAYLIGHT,NOT DIVIDED,DRY,INJURY AND / OR TOW DUE TO CRASH,,UNABLE TO DETERMINE,4650,N,PULASKI RD,Y,NONINCAPACITATING INJURY,0,0,1,10,5,9,41.96605342,-87.72811456
08/31/2022 06:15:00 PM,30,STOP SIGN/FLASHER,CLEAR,DAYLIGHT,FOUR WAY,DRY,INJURY AND / OR TOW DUE TO CRASH,,FAILING TO YIELD RIGHT-OF-WAY,900,S,HOMAN AVE,,NONINCAPACITATING INJURY,0,0,1,18,4,8,41.86993687,-87.71080482
10/20/2021 08:45:00 AM,30,NO CONTROLS,CLEAR,DAYLIGHT,T-INTERSECTION,DRY,INJURY AND / OR TOW DUE TO CRASH,,FAILING TO YIELD RIGHT-OF-WAY,3663,N,MILWAUKEE AVE,,NONINCAPACITATING INJURY,0,0,1,8,4,10,41.94740526,-87.73726139
08/31/2018 11:15:00 AM,30,TRAFFIC SIGNAL,CLEAR,DAYLIGHT,NOT DIVIDED,DRY,NO INJURY / DRIVE AWAY,Y,FAILING TO YIELD RIGHT-OF-WAY,1050,W,CHICAGO AVE,,NO INDICATION OF INJURY,0,0,0,11,6,8,41.89638915,-87.65456414
3/9/2021 16:29,15,NO CONTROLS,CLEAR,DAYLIGHT,ALLEY,DRY,INJURY AND / OR TOW DUE TO CRASH,,FOLLOWING TOO CLOSELY,1920,W,NORWOOD ST,,NONINCAPACITATING INJURY,0,0,1,16,3,3,41.99202624,-87.67804884
10/4/2023 15:45,30,STOP SIGN/FLASHER,CLEAR,DAYLIGHT,ONE-WAY,DRY,INJURY AND / OR TOW DUE TO CRASH,Y,FAILING TO YIELD RIGHT-OF-WAY,1000,N,CAMPBELL AVE,,"REPORTED, NOT EVIDENT",0,0,0,15,4,10,41.8993977,-87.68954424
1/11/2018 17:00,30,STOP SIGN/FLASHER,CLEAR,"DARKNESS, LIGHTED ROAD",NOT DIVIDED,UNKNOWN,INJURY AND / OR TOW DUE TO CRASH,,UNABLE TO DETERMINE,300,W,30TH ST,,"REPORTED, NOT EVIDENT",0,0,0,17,5,1,41.83979589,-87.63420881
06/14/2018 08:00:00 PM,30,NO CONTROLS,CLEAR,"DARKNESS, LIGHTED ROAD",NOT DIVIDED,DRY,INJURY AND / OR TOW DUE TO CRASH,Y,IMPROPER TURNING/NO SIGNAL,6200,S,EVANS AVE,,NONINCAPACITATING INJURY,0,0,1,20,5,6,41.7821176,-87.60737157
05/28/2018 10:00:00 AM,30,NO CONTROLS,CLEAR,DAYLIGHT,NOT DIVIDED,DRY,NO INJURY / DRIVE AWAY,,FAILING TO YIELD RIGHT-OF-WAY,3427,W,DIVERSEY AVE,,NO INDICATION OF INJURY,0,0,0,10,2,5,41.93184852,-87.71335156
08/28/2019 05:35:00 PM,35,NO CONTROLS,CLEAR,DAYLIGHT,ONE-WAY,DRY,NO INJURY / DRIVE AWAY,Y,FAILING TO YIELD RIGHT-OF-WAY,2518,W,LE MOYNE ST,,NO INDICATION OF INJURY,0,0,0,17,4,8,41.90856848,-87.69045822
5/3/2023 14:03,30,NO CONTROLS,CLEAR,DAYLIGHT,DIVIDED - W/MEDIAN (NOT RAISED),DRY,INJURY AND / OR TOW DUE TO CRASH,,FAILING TO YIELD RIGHT-OF-WAY,334,S,STATE ST,,"REPORTED, NOT EVIDENT",0,0,0,14,4,5,41.87734952,-87.62780796
9/6/2017 17:43,30,NO CONTROLS,CLEAR,DAYLIGHT,NOT DIVIDED,DRY,INJURY AND / OR TOW DUE TO CRASH,,UNABLE TO DETERMINE,640,W,BUENA AVE,,INCAPACITATING INJURY,0,1,0,17,4,9,41.95863469,-87.64673297
06/29/2022 09:20:00 AM,30,NO CONTROLS,CLEAR,DAYLIGHT,ALLEY,DRY,NO INJURY / DRIVE AWAY,Y,NOT APPLICABLE,235,W,CHESTNUT ST,,NO INDICATION OF INJURY,0,0,0,9,4,6,41.89807418,-87.6356647
08/30/2018 07:25:00 PM,30,NO CONTROLS,CLEAR,DAYLIGHT,DIVIDED - W/MEDIAN (NOT RAISED),DRY,NO INJURY / DRIVE AWAY,,UNABLE TO DETERMINE,5359,N,BROADWAY,,NO INDICATION OF INJURY,0,0,0,19,5,8,41.97988252,-87.65981805
3/5/2020 15:51,10,NO CONTROLS,CLEAR,DAYLIGHT,ONE-WAY,DRY,NO INJURY / DRIVE AWAY,,DRIVING SKILLS/KNOWLEDGE/EXPERIENCE,6311,S,SACRAMENTO AVE,,NO INDICATION OF INJURY,0,0,0,15,5,3,41.77867242,-87.69810787
7/6/2021 18:46,30,UNKNOWN,CLEAR,UNKNOWN,UNKNOWN,UNKNOWN,INJURY AND / OR TOW DUE TO CRASH,,UNABLE TO DETERMINE,4600,N,MARINE DR,,NONINCAPACITATING INJURY,0,0,1,18,3,7,41.96557833,-87.64878266
07/31/2023 08:28:00 PM,30,NO CONTROLS,CLEAR,"DARKNESS, LIGHTED ROAD",DIVIDED - W/MEDIAN (NOT RAISED),DRY,INJURY AND / OR TOW DUE TO CRASH,,"VISION OBSCURED (SIGNS, TREE LIMBS, BUILDINGS, ETC.)",4750,N,CLARK ST,Y,NONINCAPACITATING INJURY,0,0,1,20,2,7,41.96856517,-87.66758404
8/10/2019 12:48,30,NO CONTROLS,CLEAR,DAYLIGHT,NOT DIVIDED,DRY,NO INJURY / DRIVE AWAY,Y,UNABLE TO DETERMINE,2425,N,CLARK ST,,NO INDICATION OF INJURY,0,0,0,12,7,8,41.92631894,-87.6407689
7/6/2021 11:48,30,NO CONTROLS,CLEAR,DAYLIGHT,NOT DIVIDED,DRY,NO INJURY / DRIVE AWAY,,UNABLE TO DETERMINE,51,E,PERSHING RD,Y,NO INDICATION OF INJURY,0,0,0,11,3,7,41.82362934,-87.62451052
07/14/2019 02:20:00 PM,30,TRAFFIC SIGNAL,CLEAR,DAYLIGHT,DIVIDED - W/MEDIAN (NOT RAISED),DRY,INJURY AND / OR TOW DUE TO CRASH,,FAILING TO YIELD RIGHT-OF-WAY,5600,W,GRAND AVE,,NONINCAPACITATING INJURY,0,0,1,14,1,7,41.91887028,-87.76577516
07/27/2016 10:01:00 AM,30,TRAFFIC SIGNAL,CLEAR,DAYLIGHT,NOT DIVIDED,DRY,NO INJURY / DRIVE AWAY,,UNABLE TO DETERMINE,1800,S,MICHIGAN AVE,,NO INDICATION OF INJURY,0,0,0,10,4,7,41.85781285,-87.62407862
8/2/2023 17:00,30,TRAFFIC SIGNAL,UNKNOWN,DAYLIGHT,NOT DIVIDED,UNKNOWN,NO INJURY / DRIVE AWAY,,UNABLE TO DETERMINE,2175,N,AUSTIN AVE,,NO INDICATION OF INJURY,0,0,0,17,4,8,41.92015669,-87.7754444
7/5/2021 13:00,30,STOP SIGN/FLASHER,CLEAR,DAYLIGHT,ONE-WAY,DRY,INJURY AND / OR TOW DUE TO CRASH,,DRIVING ON WRONG SIDE/WRONG WAY,1,N,KILPATRICK AVE,,NONINCAPACITATING INJURY,0,0,1,13,2,7,41.88059467,-87.74268559
6/5/2017 14:30,30,NO CONTROLS,CLEAR,DAYLIGHT,OTHER,DRY,INJURY AND / OR TOW DUE TO CRASH,,UNABLE TO DETERMINE,940,W,CHICAGO AVE,,NONINCAPACITATING INJURY,0,0,1,14,2,6,41.89643911,-87.65151291
11/5/2018 14:32,30,TRAFFIC SIGNAL,CLEAR,DAYLIGHT,ONE-WAY,DRY,INJURY AND / OR TOW DUE TO CRASH,,UNABLE TO DETERMINE,40,W,RANDOLPH ST,,NONINCAPACITATING INJURY,0,0,1,14,2,11,41.88459127,-87.62937873
8/2/2022 0:50,30,TRAFFIC SIGNAL,CLEAR,"DARKNESS, LIGHTED ROAD",NOT DIVIDED,DRY,INJURY AND / OR TOW DUE TO CRASH,Y,"OPERATING VEHICLE IN ERRATIC, RECKLESS, CARELESS, NEGLIGENT OR AGGRESSIVE MANNER",201,S,STATE ST,,NONINCAPACITATING INJURY,0,0,1,0,3,8,41.87943056,-87.62756277
12/7/2021 16:49,30,TRAFFIC SIGNAL,CLEAR,"DARKNESS, LIGHTED ROAD",T-INTERSECTION,DRY,NO INJURY / DRIVE AWAY,Y,FAILING TO YIELD RIGHT-OF-WAY,392,E,JACKSON DR,N,NO INDICATION OF INJURY,0,0,0,16,3,12,41.87848348,-87.61759565
10/21/2022 08:43:00 AM,20,NO CONTROLS,CLEAR,DAYLIGHT,NOT DIVIDED,DRY,INJURY AND / OR TOW DUE TO CRASH,Y,UNABLE TO DETERMINE,737,N,CENTRAL PARK AVE,,NONINCAPACITATING INJURY,0,0,1,8,6,10,41.89478172,-87.71614705
11/1/2018 21:10,30,NO CONTROLS,CLEAR,"DARKNESS, LIGHTED ROAD",NOT DIVIDED,DRY,INJURY AND / OR TOW DUE TO CRASH,N,UNABLE TO DETERMINE,2344,S,WENTWORTH AVE,,NONINCAPACITATING INJURY,0,0,1,21,5,11,41.84964364,-87.63208866
08/24/2018 07:13:00 PM,30,NO CONTROLS,CLEAR,"DARKNESS, LIGHTED ROAD",NOT DIVIDED,DRY,INJURY AND / OR TOW DUE TO CRASH,,UNABLE TO DETERMINE,3576,N,MILWAUKEE AVE,,NONINCAPACITATING INJURY,0,0,1,19,6,8,41.94568948,-87.73490603
10/16/2023 03:50:00 PM,35,NO CONTROLS,CLEAR,DAYLIGHT,NOT DIVIDED,DRY,INJURY AND / OR TOW DUE TO CRASH,Y,UNABLE TO DETERMINE,611,N,KEDZIE AVE,,NONINCAPACITATING INJURY,0,0,1,15,2,10,41.89227375,-87.70631055
3/5/2020 19:14,10,NO CONTROLS,CLEAR,DARKNESS,PARKING LOT,DRY,NO INJURY / DRIVE AWAY,,FAILING TO YIELD RIGHT-OF-WAY,3570,N,ELSTON AVE,,NO INDICATION OF INJURY,0,0,0,19,5,3,41.9460576,-87.70823011
06/24/2023 03:35:00 PM,20,UNKNOWN,CLEAR,DAYLIGHT,UNKNOWN,DRY,INJURY AND / OR TOW DUE TO CRASH,Y,UNABLE TO DETERMINE,4000,W,CULLERTON ST,,NONINCAPACITATING INJURY,0,0,1,15,7,6,41.85451945,-87.72495801
06/25/2019 11:15:00 AM,30,NO CONTROLS,CLEAR,DAYLIGHT,NOT DIVIDED,DRY,INJURY AND / OR TOW DUE TO CRASH,,FAILING TO YIELD RIGHT-OF-WAY,4400,N,LONG AVE,,NONINCAPACITATING INJURY,0,0,1,11,3,6,41.96058502,-87.76246437
11/17/2018 09:25:00 AM,15,NO CONTROLS,SNOW,DAYLIGHT,ONE-WAY,SNOW OR SLUSH,INJURY AND / OR TOW DUE TO CRASH,,UNABLE TO DETERMINE,6400,N,TROY ST,,NONINCAPACITATING INJURY,0,0,1,9,7,11,41.99749557,-87.70834002
7/6/2018 16:08,30,TRAFFIC SIGNAL,CLEAR,DAYLIGHT,NOT DIVIDED,DRY,NO INJURY / DRIVE AWAY,,FAILING TO YIELD RIGHT-OF-WAY,2400,W,HOMER ST,,NO INDICATION OF INJURY,0,0,0,16,6,7,41.9167843,-87.68751044
07/16/2019 04:24:00 PM,30,TRAFFIC SIGNAL,CLEAR,DAYLIGHT,UNKNOWN INTERSECTION TYPE,DRY,INJURY AND / OR TOW DUE TO CRASH,Y,IMPROPER LANE USAGE,99,W,FULLERTON DR,,NONINCAPACITATING INJURY,0,0,1,16,3,7,41.92600504,-87.63130434
07/21/2019 04:00:00 PM,30,STOP SIGN/FLASHER,RAIN,DAYLIGHT,NOT DIVIDED,WET,NO INJURY / DRIVE AWAY,,UNABLE TO DETERMINE,7600,S,DANTE AVE,,NO INDICATION OF INJURY,0,0,0,16,1,7,41.75682157,-87.58968322
11/19/2022 05:32:00 AM,30,NO CONTROLS,CLEAR,DARKNESS,NOT DIVIDED,DRY,INJURY AND / OR TOW DUE TO CRASH,Y,UNABLE TO DETERMINE,2318,N,CENTRAL PARK AVE,,"REPORTED, NOT EVIDENT",0,0,0,5,7,11,41.92334743,-87.71710402
06/29/2022 01:17:00 PM,30,NO CONTROLS,CLEAR,DAYLIGHT,DRIVEWAY,DRY,NO INJURY / DRIVE AWAY,Y,IMPROPER OVERTAKING/PASSING,7215,S,STONY ISLAND AVE,N,NO INDICATION OF INJURY,0,0,0,13,4,6,41.76378451,-87.58571744
09/19/2019 10:00:00 PM,30,STOP SIGN/FLASHER,CLEAR,"DARKNESS, LIGHTED ROAD",NOT DIVIDED,DRY,INJURY AND / OR TOW DUE TO CRASH,,DISREGARDING STOP SIGN,3258,S,SHIELDS AVE,,NONINCAPACITATING INJURY,0,0,1,22,5,9,41.83463374,-87.63537982
11/8/2017 17:30,35,TRAFFIC SIGNAL,CLEAR,"DARKNESS, LIGHTED ROAD",NOT DIVIDED,DRY,NO INJURY / DRIVE AWAY,Y,IMPROPER TURNING/NO SIGNAL,4455,W,MONTROSE AVE,,NO INDICATION OF INJURY,0,0,0,17,4,11,41.96069294,-87.7405963
03/21/2023 04:20:00 PM,30,STOP SIGN/FLASHER,CLEAR,DAYLIGHT,NOT DIVIDED,DRY,NO INJURY / DRIVE AWAY,Y,FAILING TO YIELD RIGHT-OF-WAY,1399,N,WOOD ST,,NO INDICATION OF INJURY,0,0,0,16,3,3,41.9063897,-87.67126834
6/12/2019 21:46,30,STOP SIGN/FLASHER,RAIN,"DARKNESS, LIGHTED ROAD",FOUR WAY,WET,INJURY AND / OR TOW DUE TO CRASH,,FAILING TO YIELD RIGHT-OF-WAY,1242,N,HALSTED ST,,"REPORTED, NOT EVIDENT",0,0,0,21,4,6,41.90477362,-87.64826775
06/24/2018 08:17:00 PM,30,TRAFFIC SIGNAL,CLEAR,"DARKNESS, LIGHTED ROAD",NOT DIVIDED,DRY,INJURY AND / OR TOW DUE TO CRASH,,FAILING TO YIELD RIGHT-OF-WAY,7600,S,YATES BLVD,,NONINCAPACITATING INJURY,0,0,1,20,1,6,41.7570665,-87.56648012
05/25/2023 05:34:00 PM,30,TRAFFIC SIGNAL,CLEAR,DAYLIGHT,NOT DIVIDED,DRY,INJURY AND / OR TOW DUE TO CRASH,Y,FOLLOWING TOO CLOSELY,601,W,ROOSEVELT RD,,INCAPACITATING INJURY,0,1,0,17,5,5,41.8671089,-87.6422588
10/29/2016 02:00:00 PM,30,TRAFFIC SIGNAL,CLEAR,DAYLIGHT,ONE-WAY,DRY,NO INJURY / DRIVE AWAY,,UNABLE TO DETERMINE,34,E,SUPERIOR ST,,NO INDICATION OF INJURY,0,0,0,14,7,10,41.89580746,-87.62689669
07/21/2017 01:00:00 PM,30,STOP SIGN/FLASHER,CLEAR,DAYLIGHT,DIVIDED - W/MEDIAN (NOT RAISED),DRY,NO INJURY / DRIVE AWAY,,FAILING TO YIELD RIGHT-OF-WAY,6300,S,DAMEN AVE,,NO INDICATION OF INJURY,0,0,0,13,6,7,41.77922692,-87.67405273
07/22/2022 04:29:00 PM,30,NO CONTROLS,CLEAR,DAYLIGHT,NOT DIVIDED,DRY,INJURY AND / OR TOW DUE TO CRASH,,UNABLE TO DETERMINE,4717,N,SIMONDS DR,,NONINCAPACITATING INJURY,0,0,1,16,6,7,41.96873974,-87.64498471
08/22/2018 06:20:00 PM,30,TRAFFIC SIGNAL,CLEAR,DAYLIGHT,DIVIDED - W/MEDIAN (NOT RAISED),DRY,INJURY AND / OR TOW DUE TO CRASH,,FAILING TO YIELD RIGHT-OF-WAY,1201,N,MILWAUKEE AVE,,"REPORTED, NOT EVIDENT",0,0,0,18,4,8,41.9034747,-87.66644118
06/19/2019 04:45:00 PM,30,TRAFFIC SIGNAL,CLEAR,DAYLIGHT,CENTER TURN LANE,DRY,NO INJURY / DRIVE AWAY,,UNABLE TO DETERMINE,3201,N,CLARK ST,Y,NO INDICATION OF INJURY,0,0,0,16,4,6,41.94010851,-87.65063419
08/15/2017 03:15:00 PM,30,NO CONTROLS,CLEAR,DAYLIGHT,ALLEY,DRY,INJURY AND / OR TOW DUE TO CRASH,,FAILING TO REDUCE SPEED TO AVOID CRASH,3145,W,23RD ST,,NONINCAPACITATING INJURY,0,0,1,15,3,8,41.8498515,-87.70454184
10/9/2021 10:40,30,NO CONTROLS,CLEAR,DAYLIGHT,NOT DIVIDED,DRY,INJURY AND / OR TOW DUE TO CRASH,,DRIVING ON WRONG SIDE/WRONG WAY,3838,W,GRAND AVE,,"REPORTED, NOT EVIDENT",0,0,0,10,7,10,41.90480946,-87.72270161
10/20/2023 12:56:00 PM,30,TRAFFIC SIGNAL,CLEAR,DAYLIGHT,FOUR WAY,DRY,INJURY AND / OR TOW DUE TO CRASH,,FAILING TO YIELD RIGHT-OF-WAY,2630,N,KEDZIE AVE,,NONINCAPACITATING INJURY,0,0,1,12,6,10,41.92922782,-87.7075092
8/10/2018 16:35,30,NO CONTROLS,CLEAR,DAYLIGHT,ONE-WAY,DRY,INJURY AND / OR TOW DUE TO CRASH,,NOT APPLICABLE,1522,W,FARGO AVE,Y,NONINCAPACITATING INJURY,0,0,1,16,6,8,42.01721398,-87.6691079
09/30/2017 09:45:00 AM,30,STOP SIGN/FLASHER,CLEAR,DAYLIGHT,NOT DIVIDED,DRY,NO INJURY / DRIVE AWAY,,UNABLE TO DETERMINE,6001,W,58TH ST,,NO INDICATION OF INJURY,0,0,0,9,7,9,41.78692931,-87.77190785
5/12/2018 14:15,30,TRAFFIC SIGNAL,RAIN,DAYLIGHT,DIVIDED - W/MEDIAN (NOT RAISED),WET,INJURY AND / OR TOW DUE TO CRASH,,UNABLE TO DETERMINE,2600,S,WESTERN AVE,,NONINCAPACITATING INJURY,0,0,1,14,7,5,41.84482038,-87.68559311
6/6/2018 12:30,30,TRAFFIC SIGNAL,RAIN,DAYLIGHT,NOT DIVIDED,WET,NO INJURY / DRIVE AWAY,,IMPROPER OVERTAKING/PASSING,4747,W,PALMER ST,,NO INDICATION OF INJURY,0,0,0,12,4,6,41.92048163,-87.74567887
06/20/2019 06:00:00 PM,30,NO CONTROLS,CLEAR,DAYLIGHT,DIVIDED - W/MEDIAN (NOT RAISED),DRY,INJURY AND / OR TOW DUE TO CRASH,Y,UNABLE TO DETERMINE,2029,W,DIVISION ST,,"REPORTED, NOT EVIDENT",0,0,0,18,5,6,41.90305977,-87.67843726
05/24/2018 04:30:00 PM,30,NO CONTROLS,CLEAR,DAYLIGHT,NOT DIVIDED,DRY,NO INJURY / DRIVE AWAY,,UNABLE TO DETERMINE,933,W,CHICAGO AVE,,NO INDICATION OF INJURY,0,0,0,16,5,5,41.89622614,-87.65115515
10/2/2021 19:50,30,TRAFFIC SIGNAL,FREEZING RAIN/DRIZZLE,"DARKNESS, LIGHTED ROAD",DIVIDED - W/MEDIAN BARRIER,WET,INJURY AND / OR TOW DUE TO CRASH,,ROAD ENGINEERING/SURFACE/MARKING DEFECTS,1011,N,ASHLAND AVE,,NONINCAPACITATING INJURY,0,0,1,19,7,10,41.90007045,-87.66725557
12/17/2019 04:11:00 PM,30,NO CONTROLS,CLEAR,DUSK,NOT DIVIDED,DRY,INJURY AND / OR TOW DUE TO CRASH,,DRIVING SKILLS/KNOWLEDGE/EXPERIENCE,3141,N,BROADWAY,Y,"REPORTED, NOT EVIDENT",0,0,0,16,3,12,41.93885202,-87.64421128