CRASH_DATE,POSTED_SPEED_LIMIT,TRAFFIC_CONTROL_DEVICE,WEATHER_CONDITION,LIGHTING_CONDITION,TRAFFICWAY_TYPE,ROADWAY_SURFACE_COND,CRASH_TYPE,HIT_AND_RUN_I,PRIM_CONTRIBUTORY_CAUSE,STREET_NO,STREET_DIRECTION,STREET_NAME,DOORING_I,MOST_SEVERE_INJURY,INJURIES_FATAL,INJURIES_INCAPACITATING,INJURIES_NON_INCAPACITATING,CRASH_HOUR,CRASH_DAY_OF_WEEK,CRASH_MONTH,LATITUDE,LONGITUDE
03/18/2018 03:50:00 PM,30,NO CONTROLS,CLEAR,DAYLIGHT,DIVIDED - W/MEDIAN (NOT RAISED),DRY,NO INJURY / DRIVE AWAY,,FAILING TO REDUCE SPEED TO AVOID CRASH,2665,N,ELSTON AVE,,NO INDICATION OF INJURY,0,0,0,15,1,3,41.93014938,-87.68464689
06/29/2018 01:14:00 PM,30,NO CONTROLS,CLEAR,DAYLIGHT,DIVIDED - W/MEDIAN (NOT RAISED),DRY,INJURY AND / OR TOW DUE TO CRASH,,FAILING TO YIELD RIGHT-OF-WAY,3241,W,MONTROSE AVE,Y,NONINCAPACITATING INJURY,0,0,1,13,6,6,41.96105914,-87.70986796
11/9/2021 17:35,30,STOP SIGN/FLASHER,CLEAR,"DARKNESS, LIGHTED ROAD",NOT DIVIDED,DRY,INJURY AND / OR TOW DUE TO CRASH,,UNABLE TO DETERMINE,1500,S,BLUE ISLAND AVE,,NONINCAPACITATING INJURY,0,0,1,17,3,11,41.86160782,-87.65813828
11/2/2023 15:05,30,TRAFFIC SIGNAL,CLEAR,DAYLIGHT,NOT DIVIDED,DRY,NO INJURY / DRIVE AWAY,,NOT APPLICABLE,1599,W,43RD ST,,NO INDICATION OF INJURY,0,0,0,15,5,11,41.81576186,-87.66507725
09/26/2023 08:43:00 AM,25,TRAFFIC SIGNAL,RAIN,DAYLIGHT,NOT DIVIDED,WET,INJURY AND / OR TOW DUE TO CRASH,Y,UNABLE TO DETERMINE,1400,W,AUGUSTA BLVD,,NONINCAPACITATING INJURY,0,0,1,8,3,9,41.89989385,-87.66262876
12/31/2022 09:02:00 PM,30,STOP SIGN/FLASHER,CLEAR,"DARKNESS, LIGHTED ROAD",NOT DIVIDED,DRY,INJURY AND / OR TOW DUE TO CRASH,,FAILING TO YIELD RIGHT-OF-WAY,4066,N,SOUTHPORT AVE,,"REPORTED, NOT EVIDENT",0,0,0,21,7,12,41.95613874,-87.66440778
9/1/2022 8:54,30,STOP SIGN/FLASHER,CLEAR,DAYLIGHT,FOUR WAY,DRY,INJURY AND / OR TOW DUE TO CRASH,,DISREGARDING STOP SIGN,4848,N,LECLAIRE AVE,,NONINCAPACITATING INJURY,0,0,1,8,5,9,41.96942126,-87.75523397
01/14/2018 05:40:00 PM,15,NO CONTROLS,SNOW,DAWN,ALLEY,WET,INJURY AND / OR TOW DUE TO CRASH,,NOT APPLICABLE,7908,S,LAFAYETTE AVE,,NONINCAPACITATING INJURY,0,0,1,17,1,1,41.75059706,-87.62595521
07/21/2021 09:02:00 AM,30,STOP SIGN/FLASHER,CLEAR,DAYLIGHT,FOUR WAY,DRY,INJURY AND / OR TOW DUE TO CRASH,,FAILING TO YIELD RIGHT-OF-WAY,399,S,SANGAMON ST,,"REPORTED, NOT EVIDENT",0,0,0,9,4,7,41.87668519,-87.65055851
08/14/2018 07:20:00 AM,30,TRAFFIC SIGNAL,CLEAR,DAYLIGHT,DIVIDED - W/MEDIAN (NOT RAISED),DRY,NO INJURY / DRIVE AWAY,,FAILING TO YIELD RIGHT-OF-WAY,3550,W,CHICAGO AVE,,NO INDICATION OF INJURY,0,0,0,7,3,8,41.89557484,-87.7159173
07/30/2018 02:15:00 PM,30,NO CONTROLS,CLEAR,DAYLIGHT,NOT DIVIDED,DRY,INJURY AND / OR TOW DUE TO CRASH,,NOT APPLICABLE,1747,W,DIVISION ST,,NONINCAPACITATING INJURY,0,0,1,14,2,7,41.90316735,-87.67172897
05/26/2019 03:49:00 PM,30,TRAFFIC SIGNAL,CLEAR,DAYLIGHT,FOUR WAY,DRY,INJURY AND / OR TOW DUE TO CRASH,,FAILING TO YIELD RIGHT-OF-WAY,5305,S,CENTRAL AVE,,INCAPACITATING INJURY,0,1,0,15,1,5,41.79623205,-87.76228433
05/28/2019 06:05:00 AM,30,NO CONTROLS,CLEAR,DAYLIGHT,NOT DIVIDED,DRY,INJURY AND / OR TOW DUE TO CRASH,,FAILING TO YIELD RIGHT-OF-WAY,4450,W,59TH ST,Y,INCAPACITATING INJURY,0,1,0,6,3,5,41.7859241,-87.7347944
05/25/2023 04:00:00 PM,30,NO CONTROLS,CLEAR,DAYLIGHT,NOT DIVIDED,DRY,INJURY AND / OR TOW DUE TO CRASH,,FAILING TO YIELD RIGHT-OF-WAY,1702,W,DIVISION ST,,"REPORTED, NOT EVIDENT",0,0,0,16,5,5,41.90340657,-87.67051696
04/26/2018 04:00:00 PM,30,NO CONTROLS,CLEAR,DAYLIGHT,NOT DIVIDED,DRY,NO INJURY / DRIVE AWAY,,UNABLE TO DETERMINE,2454,W,BELMONT AVE,,NO INDICATION OF INJURY,0,0,0,16,5,4,41.93955208,-87.69002438
01/26/2018 06:00:00 PM,30,NO CONTROLS,CLEAR,"DARKNESS, LIGHTED ROAD",NOT DIVIDED,DRY,INJURY AND / OR TOW DUE TO CRASH,,FAILING TO REDUCE SPEED TO AVOID CRASH,4511,N,PULASKI RD,,NONINCAPACITATING INJURY,0,0,1,18,6,1,41.9629317,-87.72773472
6/9/2020 17:33,10,NO CONTROLS,RAIN,DAYLIGHT,ONE-WAY,WET,INJURY AND / OR TOW DUE TO CRASH,,DRIVING ON WRONG SIDE/WRONG WAY,408,E,SOUTH WATER ST,,NONINCAPACITATING INJURY,0,0,1,17,3,6,41.88663225,-87.61720971
10/11/2022 18:02,20,STOP SIGN/FLASHER,RAIN,DARKNESS,FOUR WAY,WET,INJURY AND / OR TOW DUE TO CRASH,Y,UNABLE TO DETERMINE,1700,N,CENTRAL PARK AVE,,NONINCAPACITATING INJURY,0,0,1,18,3,10,41.91189927,-87.7167548
5/2/2018 18:50,20,NO CONTROLS,CLEAR,DAYLIGHT,NOT DIVIDED,DRY,NO INJURY / DRIVE AWAY,,FAILING TO YIELD RIGHT-OF-WAY,1648,W,MAYPOLE AVE,,NO INDICATION OF INJURY,0,0,0,18,4,5,41.88434651,-87.66827072
05/24/2023 05:49:00 PM,35,TRAFFIC SIGNAL,CLEAR,DAYLIGHT,FOUR WAY,DRY,INJURY AND / OR TOW DUE TO CRASH,,DISREGARDING TRAFFIC SIGNALS,698,W,ROOSEVELT RD,,NONINCAPACITATING INJURY,0,0,1,17,4,5,41.86728865,-87.64513932
08/15/2018 02:58:00 PM,20,STOP SIGN/FLASHER,CLEAR,DAYLIGHT,NOT DIVIDED,DRY,INJURY AND / OR TOW DUE TO CRASH,,DISREGARDING STOP SIGN,5300,S,MERRIMAC AVE,,INCAPACITATING INJURY,0,1,0,14,4,8,41.79602313,-87.77840814
5/5/2018 19:00,20,NO CONTROLS,CLEAR,DAYLIGHT,ONE-WAY,DRY,NO INJURY / DRIVE AWAY,Y,UNABLE TO DETERMINE,1621,N,FRANCISCO AVE,,NO INDICATION OF INJURY,0,0,0,19,7,5,41.91087566,-87.69895569
03/18/2019 04:12:00 PM,30,NO CONTROLS,CLEAR,DAYLIGHT,DIVIDED - W/MEDIAN (NOT RAISED),DRY,INJURY AND / OR TOW DUE TO CRASH,Y,FAILING TO YIELD RIGHT-OF-WAY,3510,N,HALSTED ST,Y,NONINCAPACITATING INJURY,0,0,1,16,2,3,41.9457773,-87.64958778
07/25/2023 08:43:00 PM,20,NO CONTROLS,CLEAR,DUSK,NOT DIVIDED,DRY,INJURY AND / OR TOW DUE TO CRASH,,UNABLE TO DETERMINE,3139,N,SOUTHPORT AVE,,NONINCAPACITATING INJURY,0,0,1,20,3,7,41.93909365,-87.66364957
04/22/2019 08:39:00 AM,30,NO CONTROLS,CLEAR,DAYLIGHT,FOUR WAY,DRY,INJURY AND / OR TOW DUE TO CRASH,Y,IMPROPER OVERTAKING/PASSING,3400,W,FULTON BLVD,,INCAPACITATING INJURY,0,1,0,8,2,4,41.88646228,-87.71129134
03/15/2020 07:30:00 PM,30,TRAFFIC SIGNAL,CLEAR,"DARKNESS, LIGHTED ROAD",NOT DIVIDED,DRY,NO INJURY / DRIVE AWAY,Y,UNABLE TO DETERMINE,625,N,STATE ST,,NO INDICATION OF INJURY,0,0,0,19,1,3,41.8932276,-87.62797143
06/25/2019 09:45:00 AM,25,NO CONTROLS,CLEAR,DAYLIGHT,NOT DIVIDED,DRY,INJURY AND / OR TOW DUE TO CRASH,Y,UNABLE TO DETERMINE,2351,W,GRANVILLE AVE,,INCAPACITATING INJURY,0,1,0,9,3,6,41.99398895,-87.68936359
07/19/2021 06:26:00 PM,30,NO CONTROLS,RAIN,DAYLIGHT,CENTER TURN LANE,DRY,INJURY AND / OR TOW DUE TO CRASH,Y,UNABLE TO DETERMINE,819,S,KEDZIE AVE,,INCAPACITATING INJURY,0,1,0,18,2,7,41.87030549,-87.7056547
8/6/2019 19:08,30,NO CONTROLS,CLEAR,DUSK,NOT DIVIDED,DRY,INJURY AND / OR TOW DUE TO CRASH,,UNABLE TO DETERMINE,540,E,47TH ST,Y,"REPORTED, NOT EVIDENT",0,0,0,19,3,8,41.80955839,-87.61224795
01/15/2020 08:36:00 AM,25,NO CONTROLS,CLEAR,DAYLIGHT,NOT DIVIDED,DRY,INJURY AND / OR TOW DUE TO CRASH,,IMPROPER OVERTAKING/PASSING,1298,N,ELSTON AVE,,"REPORTED, NOT EVIDENT",0,0,0,8,4,1,41.90531218,-87.65973879
08/23/2018 12:00:00 PM,30,TRAFFIC SIGNAL,CLEAR,DAYLIGHT,ONE-WAY,DRY,INJURY AND / OR TOW DUE TO CRASH,,DISREGARDING TRAFFIC SIGNALS,497,E,GRAND AVE,,"REPORTED, NOT EVIDENT",0,0,0,12,5,8,41.89180029,-87.61420776
12/14/2017 08:27:00 AM,30,NO CONTROLS,CLEAR,DAYLIGHT,DIVIDED - W/MEDIAN (NOT RAISED),DRY,INJURY AND / OR TOW DUE TO CRASH,,FAILING TO YIELD RIGHT-OF-WAY,3615,N,PULASKI RD,Y,"REPORTED, NOT EVIDENT",0,0,0,8,5,12,41.94682884,-87.72726763
09/13/2017 08:22:00 AM,30,NO CONTROLS,CLOUDY/OVERCAST,DAYLIGHT,DIVIDED - W/MEDIAN (NOT RAISED),WET,INJURY AND / OR TOW DUE TO CRASH,,FAILING TO YIELD RIGHT-OF-WAY,2257,W,ADDISON ST,,"REPORTED, NOT EVIDENT",0,0,0,8,4,9,41.94665966,-87.68568433
11/2/2022 6:30,30,TRAFFIC SIGNAL,CLEAR,"DARKNESS, LIGHTED ROAD",NOT DIVIDED,DRY,NO INJURY / DRIVE AWAY,,DRIVING ON WRONG SIDE/WRONG WAY,4000,N,KIMBALL AVE,,NO INDICATION OF INJURY,0,0,0,6,4,11,41.95390071,-87.7130541
5/5/2016 20:50,0,NO CONTROLS,CLEAR,"DARKNESS, LIGHTED ROAD",NOT DIVIDED,DRY,NO INJURY / DRIVE AWAY,,DRIVING ON WRONG SIDE/WRONG WAY,3639,W,26TH ST,,NO INDICATION OF INJURY,0,0,0,20,5,5,41.84425376,-87.71625219
11/28/2017 10:10:00 AM,30,NO CONTROLS,CLEAR,DAYLIGHT,NOT DIVIDED,DRY,NO INJURY / DRIVE AWAY,,FOLLOWING TOO CLOSELY,2012,N,LARRABEE ST,,NO INDICATION OF INJURY,0,0,0,10,3,11,41.91867997,-87.64382824
10/29/2017 09:30:00 PM,35,TRAFFIC SIGNAL,CLEAR,"DARKNESS, LIGHTED ROAD",NOT DIVIDED,DRY,NO INJURY / DRIVE AWAY,,UNABLE TO DETERMINE,1600,W,47TH ST,,NO INDICATION OF INJURY,0,0,0,21,1,10,41.80871332,-87.6650359
7/12/2020 12:30,30,TRAFFIC SIGNAL,CLEAR,DAYLIGHT,DIVIDED - W/MEDIAN (NOT RAISED),DRY,INJURY AND / OR TOW DUE TO CRASH,,"EVASIVE ACTION DUE TO ANIMAL, OBJECT, NONMOTORIST",1527,W,CORTLAND ST,,INCAPACITATING INJURY,0,1,0,12,1,7,41.91636253,-87.66631123
11/24/2022 08:34:00 PM,30,TRAFFIC SIGNAL,CLEAR,"DARKNESS, LIGHTED ROAD",FOUR WAY,DRY,INJURY AND / OR TOW DUE TO CRASH,,UNABLE TO DETERMINE,800,W,IRVING PARK RD,,NONINCAPACITATING INJURY,0,0,1,20,5,11,41.95467011,-87.6497454
10/15/2021 05:35:00 PM,35,TRAFFIC SIGNAL,CLEAR,"DARKNESS, LIGHTED ROAD",DIVIDED - W/MEDIAN (NOT RAISED),DRY,INJURY AND / OR TOW DUE TO CRASH,,DRIVING SKILLS/KNOWLEDGE/EXPERIENCE,2641,N,MILWAUKEE AVE,Y,NONINCAPACITATING INJURY,0,0,1,17,6,10,41.92983342,-87.70842696
08/31/2018 07:10:00 AM,30,TRAFFIC SIGNAL,CLEAR,DAYLIGHT,NOT DIVIDED,DRY,INJURY AND / OR TOW DUE TO CRASH,,FAILING TO REDUCE SPEED TO AVOID CRASH,2403,W,21ST ST,,INCAPACITATING INJURY,0,1,0,7,6,8,41.85377131,-87.68588442
07/27/2020 10:45:00 PM,30,NO CONTROLS,CLEAR,"DARKNESS, LIGHTED ROAD",NOT DIVIDED,DRY,NO INJURY / DRIVE AWAY,,NOT APPLICABLE,21,S,CICERO AVE,,NO INDICATION OF INJURY,0,0,0,22,2,7,41.87975988,-87.7451072
09/17/2023 04:35:00 PM,30,TRAFFIC SIGNAL,CLEAR,DAYLIGHT,NOT DIVIDED,DRY,INJURY AND / OR TOW DUE TO CRASH,,UNABLE TO DETERMINE,3808,W,ROOSEVELT RD,,NONINCAPACITATING INJURY,0,0,1,16,1,9,41.86634424,-87.72052963
10/3/2023 18:20,15,NO CONTROLS,CLEAR,DAYLIGHT,ALLEY,DRY,INJURY AND / OR TOW DUE TO CRASH,Y,UNABLE TO DETERMINE,2014,N,MILWAUKEE AVE,,NONINCAPACITATING INJURY,0,0,1,18,3,10,41.91794647,-87.68946391
03/23/2023 08:49:00 AM,30,UNKNOWN,CLEAR,DAYLIGHT,NOT DIVIDED,UNKNOWN,NO INJURY / DRIVE AWAY,Y,IMPROPER OVERTAKING/PASSING,2431,W,BELMONT AVE,,NO INDICATION OF INJURY,0,0,0,8,5,3,41.93933558,-87.6892885
9/3/2017 12:20,30,UNKNOWN,CLEAR,DAYLIGHT,NOT DIVIDED,UNKNOWN,NO INJURY / DRIVE AWAY,,FOLLOWING TOO CLOSELY,743,W,WELLINGTON AVE,,NO INDICATION OF INJURY,0,0,0,12,1,9,41.93629478,-87.6484389
06/14/2023 12:55:00 PM,30,TRAFFIC SIGNAL,CLEAR,DAYLIGHT,NOT DIVIDED,DRY,NO INJURY / DRIVE AWAY,Y,FAILING TO YIELD RIGHT-OF-WAY,5421,N,ELSTON AVE,,NO INDICATION OF INJURY,0,0,0,12,4,6,41.979942,-87.75915803
07/16/2018 11:45:00 AM,30,NO CONTROLS,RAIN,DAYLIGHT,NOT DIVIDED,WET,INJURY AND / OR TOW DUE TO CRASH,Y,UNABLE TO DETERMINE,5427,W,HARRISON ST,,INCAPACITATING INJURY,0,1,0,11,2,7,41.87276762,-87.76060335
02/27/2020 11:45:00 AM,30,NO CONTROLS,CLEAR,DAYLIGHT,NOT DIVIDED,DRY,INJURY AND / OR TOW DUE TO CRASH,,FAILING TO YIELD RIGHT-OF-WAY,1132,S,CLINTON ST,,NONINCAPACITATING INJURY,0,0,1,11,5,2,41.86797281,-87.64089226
9/10/2023 19:39,30,TRAFFIC SIGNAL,CLEAR,DARKNESS,FOUR WAY,DRY,NO INJURY / DRIVE AWAY,,FAILING TO YIELD RIGHT-OF-WAY,748,N,HOMAN AVE,,NO INDICATION OF INJURY,0,0,0,19,1,9,41.89512829,-87.71157195
06/22/2023 06:02:00 PM,30,TRAFFIC SIGNAL,CLEAR,DAYLIGHT,FOUR WAY,DRY,NO INJURY / DRIVE AWAY,,NOT APPLICABLE,5959,W,FULLERTON AVE,Y,NO INDICATION OF INJURY,0,0,0,18,5,6,41.92371784,-87.7756516
09/30/2020 07:20:00 PM,30,NO CONTROLS,CLEAR,DARKNESS,DIVIDED - W/MEDIAN (NOT RAISED),DRY,NO INJURY / DRIVE AWAY,,"VISION OBSCURED (SIGNS, TREE LIMBS, BUILDINGS, ETC.)",3332,W,BRYN MAWR AVE,,NO INDICATION OF INJURY,0,0,0,19,4,9,41.98312986,-87.71266365
02/26/2018 07:47:00 AM,35,NO CONTROLS,CLEAR,DAYLIGHT,NOT DIVIDED,DRY,INJURY AND / OR TOW DUE TO CRASH,Y,UNABLE TO DETERMINE,3758,W,LAKE ST,N,NONINCAPACITATING INJURY,0,0,1,7,2,2,41.88530164,-87.72071527
08/24/2019 12:05:00 AM,30,TRAFFIC SIGNAL,CLEAR,"DARKNESS, LIGHTED ROAD",NOT DIVIDED,DRY,NO INJURY / DRIVE AWAY,,FAILING TO YIELD RIGHT-OF-WAY,7600,S,RACINE AVE,,NO INDICATION OF INJURY,0,0,0,0,7,8,41.75592679,-87.65402522
10/25/2019 12:10:00 PM,15,NO CONTROLS,CLEAR,DAYLIGHT,ALLEY,DRY,NO INJURY / DRIVE AWAY,Y,FAILING TO YIELD RIGHT-OF-WAY,1900,N,CALIFORNIA AVE,,NO INDICATION OF INJURY,0,0,0,12,6,10,41.91576102,-87.69729581
10/11/2023 15:20,20,NO CONTROLS,CLEAR,DAYLIGHT,NOT DIVIDED,DRY,INJURY AND / OR TOW DUE TO CRASH,,UNABLE TO DETERMINE,3202,N,SHEFFIELD AVE,Y,NONINCAPACITATING INJURY,0,0,1,15,4,10,41.94005784,-87.65425777
04/28/2019 09:55:00 AM,20,STOP SIGN/FLASHER,CLEAR,DAYLIGHT,NOT DIVIDED,DRY,INJURY AND / OR TOW DUE TO CRASH,,"OPERATING VEHICLE IN ERRATIC, RECKLESS, CARELESS, NEGLIGENT OR AGGRESSIVE MANNER",4515,N,CENTRAL PARK AVE,,INCAPACITATING INJURY,0,1,1,9,1,4,41.96337825,-87.71795801
8/6/2022 14:30,30,NO CONTROLS,CLEAR,DAYLIGHT,DIVIDED - W/MEDIAN (NOT RAISED),DRY,INJURY AND / OR TOW DUE TO CRASH,,NOT APPLICABLE,4727,N,DAMEN AVE,Y,NONINCAPACITATING INJURY,0,0,1,14,7,8,41.96773311,-87.67900923
10/5/2016 16:30,35,NO CONTROLS,CLEAR,DAWN,NOT DIVIDED,DRY,INJURY AND / OR TOW DUE TO CRASH,Y,UNABLE TO DETERMINE,2700,N,CICERO AVE,,INCAPACITATING INJURY,0,1,0,16,4,10,41.9297611,-87.74666793
05/27/2019 11:53:00 AM,30,TRAFFIC SIGNAL,CLEAR,DAYLIGHT,FOUR WAY,DRY,INJURY AND / OR TOW DUE TO CRASH,Y,FAILING TO YIELD RIGHT-OF-WAY,6656,S,COTTAGE GROVE AVE,,INCAPACITATING INJURY,0,1,0,11,2,5,41.77328619,-87.6059191
3/1/2019 7:57,30,TRAFFIC SIGNAL,CLEAR,DAYLIGHT,DIVIDED - W/MEDIAN BARRIER,DRY,NO INJURY / DRIVE AWAY,Y,UNDER THE INFLUENCE OF ALCOHOL/DRUGS (USE WHEN ARREST IS EFFECTED),5600,W,CORCORAN PL,,NO INDICATION OF INJURY,0,0,0,7,6,3,41.88732868,-87.7651919
11/13/2020 03:30:00 PM,30,STOP SIGN/FLASHER,CLEAR,DAYLIGHT,DIVIDED - W/MEDIAN (NOT RAISED),DRY,INJURY AND / OR TOW DUE TO CRASH,,UNABLE TO DETERMINE,2100,N,KIMBALL AVE,,NONINCAPACITATING INJURY,0,0,1,15,6,11,41.91920886,-87.71208129
11/3/2022 8:53,30,TRAFFIC SIGNAL,CLEAR,DAYLIGHT,FOUR WAY,DRY,INJURY AND / OR TOW DUE TO CRASH,,UNABLE TO DETERMINE,497,W,GARFIELD BLVD,,NONINCAPACITATING INJURY,0,0,1,8,5,11,41.79396958,-87.63774067
09/24/2021 09:30:00 PM,30,OTHER,RAIN,DARKNESS,NOT DIVIDED,WET,NO INJURY / DRIVE AWAY,,UNABLE TO DETERMINE,3300,N,CLARK ST,Y,NO INDICATION OF INJURY,0,0,0,21,6,9,41.94174729,-87.65229869
11/6/2021 18:30,30,NO CONTROLS,CLEAR,"DARKNESS, LIGHTED ROAD",DIVIDED - W/MEDIAN (NOT RAISED),DRY,INJURY AND / OR TOW DUE TO CRASH,Y,UNABLE TO DETERMINE,2435,N,HALSTED ST,,NONINCAPACITATING INJURY,0,0,1,18,7,11,41.92643591,-87.64864842
7/12/2019 19:45,30,STOP SIGN/FLASHER,CLEAR,DAWN,UNKNOWN,DRY,INJURY AND / OR TOW DUE TO CRASH,Y,FAILING TO YIELD RIGHT-OF-WAY,4339,N,ST LOUIS AVE,,NONINCAPACITATING INJURY,0,0,1,19,6,7,41.96044639,-87.7154195
07/25/2017 12:50:00 PM,30,TRAFFIC SIGNAL,CLEAR,DAYLIGHT,NOT DIVIDED,DRY,INJURY AND / OR TOW DUE TO CRASH,,UNABLE TO DETERMINE,5900,S,PULASKI RD,,INCAPACITATING INJURY,0,1,0,12,3,7,41.78588849,-87.72310659
08/25/2022 03:28:00 PM,30,TRAFFIC SIGNAL,CLEAR,DAYLIGHT,FOUR WAY,DRY,INJURY AND / OR TOW DUE TO CRASH,Y,DISTRACTION - FROM INSIDE VEHICLE,1221,W,47TH ST,,NONINCAPACITATING INJURY,0,0,1,15,5,8,41.80861135,-87.65621382
09/18/2018 04:25:00 PM,30,TRAFFIC SIGNAL,CLEAR,DAYLIGHT,ONE-WAY,DRY,INJURY AND / OR TOW DUE TO CRASH,,FAILING TO YIELD RIGHT-OF-WAY,5500,S,HOMAN AVE,,NONINCAPACITATING INJURY,0,0,1,16,3,9,41.79334892,-87.70860226
10/23/2020 02:37:00 PM,30,NO CONTROLS,RAIN,DAYLIGHT,NOT DIVIDED,WET,NO INJURY / DRIVE AWAY,Y,UNABLE TO DETERMINE,2021,S,PULASKI RD,,NO INDICATION OF INJURY,0,0,0,14,6,10,41.85364214,-87.72466317
07/16/2020 01:15:00 PM,20,STOP SIGN/FLASHER,CLEAR,DAYLIGHT,FOUR WAY,DRY,INJURY AND / OR TOW DUE TO CRASH,Y,UNABLE TO DETERMINE,7200,S,GREEN ST,,NONINCAPACITATING INJURY,0,0,1,13,5,7,41.7632704,-87.64572159
10/12/2018 18:45,35,NO CONTROLS,CLEAR,DAYLIGHT,NOT DIVIDED,DRY,INJURY AND / OR TOW DUE TO CRASH,,UNABLE TO DETERMINE,3934,W,DIVERSEY AVE,,INCAPACITATING INJURY,0,1,0,18,6,10,41.93191327,-87.72598057
08/18/2020 03:21:00 PM,30,STOP SIGN/FLASHER,CLEAR,DAYLIGHT,NOT DIVIDED,DRY,INJURY AND / OR TOW DUE TO CRASH,,UNABLE TO DETERMINE,5300,S,ELLIS AVE,,"REPORTED, NOT EVIDENT",0,0,0,15,3,8,41.79932784,-87.60145024
06/30/2023 07:13:00 PM,30,TRAFFIC SIGNAL,CLEAR,DAYLIGHT,NOT DIVIDED,WET,INJURY AND / OR TOW DUE TO CRASH,,FAILING TO YIELD RIGHT-OF-WAY,3900,N,BROADWAY,,INCAPACITATING INJURY,0,1,0,19,6,6,41.9527671,-87.64980144
07/21/2021 05:00:00 PM,30,NO CONTROLS,CLEAR,DAYLIGHT,NOT DIVIDED,DRY,NO INJURY / DRIVE AWAY,Y,CELL PHONE USE OTHER THAN TEXTING,3300,N,AUSTIN AVE,,NO INDICATION OF INJURY,0,0,0,17,4,7,41.94031991,-87.77643419
07/16/2021 03:57:00 PM,30,NO CONTROLS,CLEAR,DAYLIGHT,UNKNOWN,UNKNOWN,INJURY AND / OR TOW DUE TO CRASH,,IMPROPER OVERTAKING/PASSING,121,S,SACRAMENTO BLVD,,NONINCAPACITATING INJURY,0,0,1,15,6,7,41.87916132,-87.70100604
07/22/2021 02:14:00 PM,25,NO CONTROLS,CLEAR,DAYLIGHT,NOT DIVIDED,DRY,INJURY AND / OR TOW DUE TO CRASH,,UNABLE TO DETERMINE,6446,N,RIDGE BLVD,,NONINCAPACITATING INJURY,0,0,1,14,5,7,41.99920454,-87.67756278
8/12/2020 16:48,30,TRAFFIC SIGNAL,CLEAR,DAYLIGHT,DIVIDED - W/MEDIAN (NOT RAISED),DRY,INJURY AND / OR TOW DUE TO CRASH,,NOT APPLICABLE,1523,W,TAYLOR ST,,NONINCAPACITATING INJURY,0,0,1,16,4,8,41.86917549,-87.66506632
9/6/2016 14:26,25,NO CONTROLS,CLEAR,DAYLIGHT,ALLEY,DRY,INJURY AND / OR TOW DUE TO CRASH,,UNABLE TO DETERMINE,818,E,64TH ST,,NONINCAPACITATING INJURY,0,0,1,14,3,9,41.77871414,-87.60498335
07/24/2019 09:15:00 PM,30,TRAFFIC SIGNAL,CLEAR,DARKNESS,FOUR WAY,DRY,NO INJURY / DRIVE AWAY,Y,DISREGARDING TRAFFIC SIGNALS,470,N,LOWER MICHIGAN AVE,,NO INDICATION OF INJURY,0,0,0,21,4,7,41.89089203,-87.62430483
07/29/2020 05:45:00 PM,30,NO CONTROLS,RAIN,DAYLIGHT,T-INTERSECTION,WET,INJURY AND / OR TOW DUE TO CRASH,,FAILING TO YIELD RIGHT-OF-WAY,5726,N,NORTHWEST HWY,,NONINCAPACITATING INJURY,0,0,1,17,4,7,41.98582614,-87.78770559
8/12/2019 12:45,30,NO CONTROLS,CLEAR,DAYLIGHT,NOT DIVIDED,DRY,NO INJURY / DRIVE AWAY,,UNABLE TO DETERMINE,6226,N,MILWAUKEE AVE,,NO INDICATION OF INJURY,0,0,0,12,2,8,41.99439386,-87.78524758
6/10/2020 15:55,25,STOP SIGN/FLASHER,CLEAR,DAYLIGHT,ROUNDABOUT,DRY,INJURY AND / OR TOW DUE TO CRASH,,UNABLE TO DETERMINE,5827,W,SCHUBERT AVE,,NONINCAPACITATING INJURY,0,0,1,15,4,6,41.9292542,-87.7721943
07/22/2022 10:20:00 AM,30,TRAFFIC SIGNAL,CLEAR,DAYLIGHT,DIVIDED - W/MEDIAN (NOT RAISED),DRY,NO INJURY / DRIVE AWAY,,FAILING TO YIELD RIGHT-OF-WAY,1200,S,MICHIGAN AVE,,NO INDICATION OF INJURY,0,0,0,10,6,7,41.86737777,-87.62428302
07/26/2023 08:00:00 AM,30,NO CONTROLS,CLEAR,DAYLIGHT,ONE-WAY,DRY,INJURY AND / OR TOW DUE TO CRASH,,FAILING TO YIELD RIGHT-OF-WAY,99,S,JEFFERSON ST,,NONINCAPACITATING INJURY,0,0,1,8,4,7,41.88058263,-87.6424725
09/14/2020 04:45:00 PM,30,TRAFFIC SIGNAL,CLEAR,DAYLIGHT,NOT DIVIDED,DRY,NO INJURY / DRIVE AWAY,Y,FOLLOWING TOO CLOSELY,1313,N,MILWAUKEE AVE,,NO INDICATION OF INJURY,0,0,0,16,2,9,41.90562673,-87.66980144
12/11/2020 20:49,30,TRAFFIC SIGNAL,RAIN,"DARKNESS, LIGHTED ROAD",NOT DIVIDED,WET,INJURY AND / OR TOW DUE TO CRASH,,FAILING TO YIELD RIGHT-OF-WAY,531,N,KINGSBURY ST,,NONINCAPACITATING INJURY,0,0,1,20,6,12,41.89150948,-87.63971941