CRASH_DATE,POSTED_SPEED_LIMIT,TRAFFIC_CONTROL_DEVICE,WEATHER_CONDITION,LIGHTING_CONDITION,TRAFFICWAY_TYPE,ROADWAY_SURFACE_COND,CRASH_TYPE,HIT_AND_RUN_I,PRIM_CONTRIBUTORY_CAUSE,STREET_NO,STREET_DIRECTION,STREET_NAME,DOORING_I,MOST_SEVERE_INJURY,INJURIES_FATAL,INJURIES_INCAPACITATING,INJURIES_NON_INCAPACITATING,CRASH_HOUR,CRASH_DAY_OF_WEEK,CRASH_MONTH,LATITUDE,LONGITUDE
11/24/2020 11:15:00 AM,30,NO CONTROLS,CLEAR,DAYLIGHT,NOT DIVIDED,WET,NO INJURY / DRIVE AWAY,,UNABLE TO DETERMINE,2556,N,ELSTON AVE,,NO INDICATION OF INJURY,0,0,0,11,3,11,41.92794397,-87.68187788
08/25/2019 01:34:00 AM,30,NO CONTROLS,CLEAR,DAYLIGHT,NOT DIVIDED,DRY,NO INJURY / DRIVE AWAY,Y,UNABLE TO DETERMINE,7031,S,VINCENNES AVE,Y,NO INDICATION OF INJURY,0,0,0,1,1,8,41.76629866,-87.62736991
10/14/2023 02:30:00 PM,30,STOP SIGN/FLASHER,RAIN,DAYLIGHT,NOT DIVIDED,WET,NO INJURY / DRIVE AWAY,,FAILING TO YIELD RIGHT-OF-WAY,4700,S,KEDZIE AVE,Y,NO INDICATION OF INJURY,0,0,0,14,7,10,41.80804727,-87.70411882
12/7/2018 16:53,30,TRAFFIC SIGNAL,CLEAR,"DARKNESS, LIGHTED ROAD",OTHER,DRY,NO INJURY / DRIVE AWAY,,DISREGARDING OTHER TRAFFIC SIGNS,2301,S,ARCHER AVE,,NO INDICATION OF INJURY,0,0,0,16,6,12,41.85084294,-87.63873424
09/23/2023 07:30:00 PM,30,NO CONTROLS,CLEAR,"DARKNESS, LIGHTED ROAD",T-INTERSECTION,DRY,INJURY AND / OR TOW DUE TO CRASH,,UNABLE TO DETERMINE,3551,N,AVONDALE AVE,,NONINCAPACITATING INJURY,0,0,1,19,7,9,41.94609548,-87.71886444
4/3/2022 15:08,30,NO CONTROLS,CLEAR,DAYLIGHT,ONE-WAY,DRY,NO INJURY / DRIVE AWAY,,UNABLE TO DETERMINE,1102,W,57TH ST,,NO INDICATION OF INJURY,0,0,0,15,1,4,41.79066759,-87.65250755
9/12/2023 12:35,30,NO CONTROLS,CLEAR,DAYLIGHT,NOT DIVIDED,DRY,INJURY AND / OR TOW DUE TO CRASH,Y,UNABLE TO DETERMINE,5343,N,BROADWAY,,NONINCAPACITATING INJURY,0,0,1,12,3,9,41.97942826,-87.65980586
06/27/2022 12:56:00 AM,30,TRAFFIC SIGNAL,CLEAR,"DARKNESS, LIGHTED ROAD",DIVIDED - W/MEDIAN (NOT RAISED),DRY,INJURY AND / OR TOW DUE TO CRASH,Y,UNABLE TO DETERMINE,1322,W,NORTH AVE,,NONINCAPACITATING INJURY,0,0,1,0,2,6,41.91082899,-87.66130662
02/21/2018 04:50:00 PM,30,TRAFFIC SIGNAL,CLEAR,DUSK,DIVIDED - W/MEDIAN BARRIER,DRY,NO INJURY / DRIVE AWAY,,UNABLE TO DETERMINE,111,S,WACKER DR,Y,NO INDICATION OF INJURY,0,0,0,16,4,2,41.8803341,-87.63658024
11/13/2020 01:30:00 PM,35,TRAFFIC SIGNAL,CLEAR,DAYLIGHT,DIVIDED - W/MEDIAN (NOT RAISED),DRY,NO INJURY / DRIVE AWAY,,PHYSICAL CONDITION OF DRIVER,8300,S,DAMEN AVE,,NO INDICATION OF INJURY,0,0,0,13,6,11,41.74284998,-87.67310736
9/12/2021 23:30,30,NO CONTROLS,CLEAR,"DARKNESS, LIGHTED ROAD",NOT DIVIDED,DRY,INJURY AND / OR TOW DUE TO CRASH,Y,IMPROPER TURNING/NO SIGNAL,2320,W,DEVON AVE,,"REPORTED, NOT EVIDENT",0,0,0,23,1,9,41.99786512,-87.68835319
07/26/2019 05:40:00 PM,30,STOP SIGN/FLASHER,CLEAR,DAYLIGHT,NOT DIVIDED,DRY,INJURY AND / OR TOW DUE TO CRASH,,DRIVING ON WRONG SIDE/WRONG WAY,4557,N,ELSTON AVE,,NONINCAPACITATING INJURY,0,0,1,17,6,7,41.9637668,-87.73359992
07/13/2018 08:43:00 PM,30,NO CONTROLS,CLEAR,"DARKNESS, LIGHTED ROAD",NOT DIVIDED,DRY,INJURY AND / OR TOW DUE TO CRASH,,UNABLE TO DETERMINE,1544,W,ESTES AVE,Y,NONINCAPACITATING INJURY,0,0,1,20,6,7,42.01160434,-87.66981904
7/4/2020 14:50,25,STOP SIGN/FLASHER,CLEAR,DAYLIGHT,NOT DIVIDED,DRY,INJURY AND / OR TOW DUE TO CRASH,,FAILING TO YIELD RIGHT-OF-WAY,1694,W,GRANVILLE AVE,,NONINCAPACITATING INJURY,0,0,1,14,7,7,41.99452095,-87.6717989
03/27/2021 04:00:00 PM,30,NO CONTROLS,CLOUDY/OVERCAST,DAYLIGHT,DIVIDED - W/MEDIAN (NOT RAISED),DRY,INJURY AND / OR TOW DUE TO CRASH,,FAILING TO YIELD RIGHT-OF-WAY,2121,S,ARCHER AVE,N,NONINCAPACITATING INJURY,0,0,1,16,7,3,41.85379705,-87.63261691
09/18/2017 08:25:00 AM,30,NO CONTROLS,CLEAR,DAYLIGHT,NOT DIVIDED,DRY,INJURY AND / OR TOW DUE TO CRASH,,UNABLE TO DETERMINE,810,N,PULASKI RD,Y,INCAPACITATING INJURY,0,1,0,8,2,9,41.89574142,-87.72623935
11/15/2015 11:45:00 AM,30,TRAFFIC SIGNAL,CLEAR,DAYLIGHT,ONE-WAY,DRY,INJURY AND / OR TOW DUE TO CRASH,Y,IMPROPER TURNING/NO SIGNAL,7601,S,STATE ST,,"REPORTED, NOT EVIDENT",0,0,0,11,1,11,41.75640309,-87.62457652
07/19/2023 02:40:00 PM,30,NO CONTROLS,CLEAR,DAYLIGHT,OTHER,DRY,NO INJURY / DRIVE AWAY,,NOT APPLICABLE,6900,S,PULASKI RD,,NO INDICATION OF INJURY,0,0,0,14,4,7,41.76768773,-87.72263085
02/13/2018 07:45:00 PM,30,TRAFFIC SIGNAL,CLEAR,DAWN,ONE-WAY,DRY,NO INJURY / DRIVE AWAY,,FAILING TO YIELD RIGHT-OF-WAY,57,S,CLINTON ST,,NO INDICATION OF INJURY,0,0,0,19,3,2,41.88060128,-87.64100738
9/6/2020 19:00,30,STOP SIGN/FLASHER,CLEAR,"DARKNESS, LIGHTED ROAD",NOT DIVIDED,DRY,INJURY AND / OR TOW DUE TO CRASH,Y,IMPROPER OVERTAKING/PASSING,3100,S,WESTERN AVE,,NONINCAPACITATING INJURY,0,0,1,19,1,9,41.8377949,-87.68514875
06/14/2022 02:45:00 PM,30,STOP SIGN/FLASHER,CLEAR,DAYLIGHT,ROUNDABOUT,DRY,INJURY AND / OR TOW DUE TO CRASH,Y,UNABLE TO DETERMINE,4200,N,MAJOR AVE,,NONINCAPACITATING INJURY,0,0,1,14,3,6,41.95688864,-87.769717
8/10/2021 17:45,25,NO CONTROLS,CLEAR,DAYLIGHT,NOT DIVIDED,UNKNOWN,NO INJURY / DRIVE AWAY,,UNABLE TO DETERMINE,1532,E,75TH PL,,NO INDICATION OF INJURY,0,0,0,17,3,8,41.75795565,-87.58705009
05/14/2021 09:47:00 AM,30,TRAFFIC SIGNAL,CLEAR,DAYLIGHT,NOT DIVIDED,DRY,NO INJURY / DRIVE AWAY,,IMPROPER OVERTAKING/PASSING,839,W,BELMONT AVE,,NO INDICATION OF INJURY,0,0,0,9,6,5,41.93984989,-87.65080464
06/17/2022 06:00:00 PM,30,TRAFFIC SIGNAL,CLEAR,DAYLIGHT,FOUR WAY,DRY,INJURY AND / OR TOW DUE TO CRASH,Y,FAILING TO YIELD RIGHT-OF-WAY,3299,W,DEVON AVE,,NONINCAPACITATING INJURY,0,0,1,18,6,6,41.99723923,-87.71167833
07/18/2019 06:30:00 PM,30,NO CONTROLS,CLEAR,DUSK,DIVIDED - W/MEDIAN (NOT RAISED),DRY,INJURY AND / OR TOW DUE TO CRASH,,FAILING TO REDUCE SPEED TO AVOID CRASH,4757,W,MONTROSE AVE,,NONINCAPACITATING INJURY,0,0,1,18,5,7,41.96061451,-87.74740716
10/17/2017 08:56:00 AM,30,STOP SIGN/FLASHER,CLEAR,DAYLIGHT,NOT DIVIDED,DRY,INJURY AND / OR TOW DUE TO CRASH,Y,UNABLE TO DETERMINE,7100,N,GREENVIEW AVE,,"REPORTED, NOT EVIDENT",0,0,0,8,3,10,42.0115868,-87.6681366
09/27/2018 11:15:00 AM,30,NO CONTROLS,CLEAR,DAYLIGHT,NOT DIVIDED,DRY,INJURY AND / OR TOW DUE TO CRASH,Y,UNABLE TO DETERMINE,2524,N,MILWAUKEE AVE,,NONINCAPACITATING INJURY,0,0,1,11,5,9,41.92715028,-87.70450234
09/23/2017 10:35:00 AM,30,NO CONTROLS,CLEAR,DAYLIGHT,NOT DIVIDED,DRY,INJURY AND / OR TOW DUE TO CRASH,Y,FAILING TO REDUCE SPEED TO AVOID CRASH,1945,N,SHEFFIELD AVE,,NONINCAPACITATING INJURY,0,0,1,10,7,9,41.91725165,-87.65319377
11/29/2021 03:00:00 PM,25,NO CONTROLS,CLEAR,DAYLIGHT,NOT DIVIDED,DRY,INJURY AND / OR TOW DUE TO CRASH,Y,FOLLOWING TOO CLOSELY,1824,W,44TH ST,,INCAPACITATING INJURY,0,1,0,15,2,11,41.81411512,-87.6711245
6/6/2018 7:40,30,STOP SIGN/FLASHER,CLEAR,DAYLIGHT,OTHER,DRY,INJURY AND / OR TOW DUE TO CRASH,,DISREGARDING STOP SIGN,5100,S,LAWNDALE AVE,,NONINCAPACITATING INJURY,0,0,1,7,4,6,41.8005635,-87.71615442
10/3/2019 14:54,30,TRAFFIC SIGNAL,CLEAR,DAYLIGHT,NOT DIVIDED,DRY,NO INJURY / DRIVE AWAY,,DRIVING SKILLS/KNOWLEDGE/EXPERIENCE,1244,N,CLYBOURN AVE,,NO INDICATION OF INJURY,0,0,0,14,5,10,41.90469774,-87.64107458
5/5/2018 15:00,20,NO CONTROLS,CLEAR,DAYLIGHT,OTHER,DRY,INJURY AND / OR TOW DUE TO CRASH,,UNABLE TO DETERMINE,1201,S,PRAIRIE AVE,,NONINCAPACITATING INJURY,0,0,1,15,7,5,41.86643957,-87.62149888
07/15/2016 04:08:00 PM,30,OTHER,CLEAR,DAYLIGHT,DIVIDED - W/MEDIAN (NOT RAISED),DRY,INJURY AND / OR TOW DUE TO CRASH,Y,UNABLE TO DETERMINE,555,W,KINZIE ST,,NONINCAPACITATING INJURY,0,0,1,16,6,7,41.88894308,-87.64173602
04/20/2016 04:30:00 PM,30,NO CONTROLS,UNKNOWN,DAYLIGHT,NOT DIVIDED,WET,INJURY AND / OR TOW DUE TO CRASH,,UNABLE TO DETERMINE,1350,N,MILWAUKEE AVE,Y,"REPORTED, NOT EVIDENT",0,0,0,16,4,4,41.90628072,-87.67128232
09/22/2020 08:15:00 PM,25,TRAFFIC SIGNAL,CLEAR,"DARKNESS, LIGHTED ROAD",DIVIDED - W/MEDIAN (NOT RAISED),DRY,INJURY AND / OR TOW DUE TO CRASH,Y,FAILING TO YIELD RIGHT-OF-WAY,2476,S,ARCHER AVE,,NONINCAPACITATING INJURY,0,0,1,20,3,9,41.84778019,-87.64557811
04/26/2018 05:20:00 PM,30,TRAFFIC SIGNAL,CLEAR,DAYLIGHT,NOT DIVIDED,DRY,INJURY AND / OR TOW DUE TO CRASH,,IMPROPER OVERTAKING/PASSING,101,N,CLINTON ST,,NONINCAPACITATING INJURY,0,0,1,17,5,4,41.88324216,-87.64108793
6/8/2023 18:08,30,NO CONTROLS,CLEAR,DAYLIGHT,DIVIDED - W/MEDIAN (NOT RAISED),DRY,INJURY AND / OR TOW DUE TO CRASH,,IMPROPER OVERTAKING/PASSING,919,W,ARMITAGE AVE,,NONINCAPACITATING INJURY,0,0,1,18,5,6,41.91802009,-87.65175175
08/14/2020 06:42:00 PM,30,TRAFFIC SIGNAL,CLEAR,DAYLIGHT,NOT DIVIDED,UNKNOWN,INJURY AND / OR TOW DUE TO CRASH,,IMPROPER OVERTAKING/PASSING,1601,W,ADDISON ST,,NONINCAPACITATING INJURY,0,0,1,18,6,8,41.94688023,-87.66891633
10/20/2021 08:20:00 AM,30,YIELD,CLEAR,DAYLIGHT,NOT DIVIDED,DRY,INJURY AND / OR TOW DUE TO CRASH,,UNABLE TO DETERMINE,4800,N,BROADWAY,,"REPORTED, NOT EVIDENT",0,0,0,8,4,10,41.96908332,-87.65981945
01/15/2019 11:10:00 AM,30,NO CONTROLS,CLOUDY/OVERCAST,DAYLIGHT,DIVIDED - W/MEDIAN (NOT RAISED),WET,INJURY AND / OR TOW DUE TO CRASH,,FAILING TO YIELD RIGHT-OF-WAY,113,N,GREEN ST,Y,NONINCAPACITATING INJURY,0,0,1,11,3,1,41.8835571,-87.6484324
07/21/2021 08:15:00 PM,30,TRAFFIC SIGNAL,UNKNOWN,"DARKNESS, LIGHTED ROAD",DIVIDED - W/MEDIAN (NOT RAISED),UNKNOWN,NO INJURY / DRIVE AWAY,,UNABLE TO DETERMINE,1500,W,IRVING PARK RD,,NO INDICATION OF INJURY,0,0,0,20,4,7,41.95441891,-87.66759828
08/18/2021 01:20:00 PM,25,STOP SIGN/FLASHER,CLEAR,DAYLIGHT,FOUR WAY,DRY,INJURY AND / OR TOW DUE TO CRASH,,FAILING TO YIELD RIGHT-OF-WAY,3600,W,110TH ST,,NONINCAPACITATING INJURY,0,0,1,13,4,8,41.69334738,-87.71071541
11/4/2021 11:00,30,TRAFFIC SIGNAL,CLEAR,DAYLIGHT,NOT DIVIDED,DRY,INJURY AND / OR TOW DUE TO CRASH,,FAILING TO YIELD RIGHT-OF-WAY,2000,N,MILWAUKEE AVE,,NONINCAPACITATING INJURY,0,0,1,11,5,11,41.91749661,-87.68871961
09/29/2021 04:20:00 PM,25,NO CONTROLS,CLEAR,DAYLIGHT,NOT DIVIDED,DRY,NO INJURY / DRIVE AWAY,,UNABLE TO DETERMINE,2100,S,CALIFORNIA AVE,,NO INDICATION OF INJURY,0,0,0,16,4,9,41.85368771,-87.69565175
07/29/2022 12:25:00 AM,30,NO CONTROLS,CLEAR,"DARKNESS, LIGHTED ROAD",ONE-WAY,DRY,INJURY AND / OR TOW DUE TO CRASH,,UNABLE TO DETERMINE,650,N,DEARBORN ST,Y,NONINCAPACITATING INJURY,0,0,1,0,6,7,41.89400939,-87.62986267
09/27/2023 07:53:00 AM,30,NO CONTROLS,CLEAR,DAYLIGHT,NOT DIVIDED,DRY,NO INJURY / DRIVE AWAY,,FAILING TO YIELD RIGHT-OF-WAY,50,W,18TH ST,,NO INDICATION OF INJURY,0,0,0,7,4,9,41.85790239,-87.62919697
5/12/2019 21:31,30,TRAFFIC SIGNAL,RAIN,"DARKNESS, LIGHTED ROAD",CENTER TURN LANE,WET,NO INJURY / DRIVE AWAY,Y,FAILING TO YIELD RIGHT-OF-WAY,2000,W,71ST ST,,NO INDICATION OF INJURY,0,0,0,21,1,5,41.76491564,-87.67359644
10/9/2017 19:21,30,NO CONTROLS,CLEAR,"DARKNESS, LIGHTED ROAD",NOT DIVIDED,DRY,INJURY AND / OR TOW DUE TO CRASH,Y,FOLLOWING TOO CLOSELY,183,N,LEAVITT ST,,"REPORTED, NOT EVIDENT",0,0,0,19,2,10,41.88478873,-87.68147544
8/2/2021 8:31,30,TRAFFIC SIGNAL,CLEAR,DAYLIGHT,FOUR WAY,DRY,INJURY AND / OR TOW DUE TO CRASH,,DISREGARDING TRAFFIC SIGNALS,1600,N,LAKE SHORE DR,,INCAPACITATING INJURY,0,1,0,8,2,8,41.91122456,-87.62648257
8/3/2021 0:03,30,TRAFFIC SIGNAL,CLEAR,"DARKNESS, LIGHTED ROAD",FOUR WAY,DRY,INJURY AND / OR TOW DUE TO CRASH,,DISREGARDING OTHER TRAFFIC SIGNS,1814,N,CICERO AVE,,NONINCAPACITATING INJURY,0,0,1,0,3,8,41.91376178,-87.74613202
08/26/2022 05:40:00 PM,30,TRAFFIC SIGNAL,CLEAR,DAYLIGHT,DIVIDED - W/MEDIAN (NOT RAISED),DRY,INJURY AND / OR TOW DUE TO CRASH,,UNABLE TO DETERMINE,2894,S,ARCHER AVE,,NONINCAPACITATING INJURY,0,0,1,17,6,8,41.84196923,-87.65755981
4/6/2018 20:28,20,UNKNOWN,CLEAR,DARKNESS,DIVIDED - W/MEDIAN (NOT RAISED),DRY,INJURY AND / OR TOW DUE TO CRASH,,UNABLE TO DETERMINE,1,W,DELAWARE PL,,INCAPACITATING INJURY,0,1,0,20,6,4,41.89902915,-87.62834174
8/12/2020 18:10,30,NO CONTROLS,CLEAR,DAYLIGHT,NOT DIVIDED,DRY,INJURY AND / OR TOW DUE TO CRASH,,NOT APPLICABLE,4065,N,SHERIDAN RD,Y,NONINCAPACITATING INJURY,0,0,1,18,4,8,41.95637286,-87.65445087
08/31/2020 08:55:00 AM,30,TRAFFIC SIGNAL,CLEAR,DAYLIGHT,ONE-WAY,DRY,NO INJURY / DRIVE AWAY,,UNABLE TO DETERMINE,460,S,LA SALLE ST,,NO INDICATION OF INJURY,0,0,0,8,2,8,41.87565848,-87.63187708
8/7/2022 0:40,30,TRAFFIC SIGNAL,CLEAR,"DARKNESS, LIGHTED ROAD",NOT DIVIDED,DRY,NO INJURY / DRIVE AWAY,,UNABLE TO DETERMINE,5200,N,BROADWAY,,NO INDICATION OF INJURY,0,0,0,0,1,8,41.97641214,-87.66001508
11/13/2017 06:45:00 PM,30,NO CONTROLS,CLEAR,"DARKNESS, LIGHTED ROAD",NOT DIVIDED,DRY,NO INJURY / DRIVE AWAY,,UNABLE TO DETERMINE,1247,N,HALSTED ST,,NO INDICATION OF INJURY,0,0,0,18,2,11,41.90490577,-87.64796941
11/14/2022 07:55:00 PM,30,TRAFFIC SIGNAL,CLEAR,DARKNESS,"FIVE POINT, OR MORE",UNKNOWN,INJURY AND / OR TOW DUE TO CRASH,,DISREGARDING TRAFFIC SIGNALS,2759,N,WESTERN AVE,,NONINCAPACITATING INJURY,0,0,1,19,2,11,41.93208557,-87.68773814
05/22/2019 02:27:00 PM,30,TRAFFIC SIGNAL,CLEAR,DAYLIGHT,NOT DIVIDED,DRY,INJURY AND / OR TOW DUE TO CRASH,,DISREGARDING TRAFFIC SIGNALS,7100,S,ASHLAND AVE,,NONINCAPACITATING INJURY,0,0,1,14,4,5,41.76485938,-87.66394018
10/5/2023 17:33,30,NO CONTROLS,CLEAR,DAYLIGHT,UNKNOWN INTERSECTION TYPE,DRY,INJURY AND / OR TOW DUE TO CRASH,,FAILING TO YIELD RIGHT-OF-WAY,4355,N,SPAULDING AVE,,NONINCAPACITATING INJURY,0,0,1,17,5,10,41.96099726,-87.71054291
09/23/2017 08:38:00 PM,30,NO CONTROLS,CLEAR,"DARKNESS, LIGHTED ROAD",DIVIDED - W/MEDIAN (NOT RAISED),DRY,INJURY AND / OR TOW DUE TO CRASH,,FAILING TO YIELD RIGHT-OF-WAY,1237,N,CALIFORNIA AVE,,"REPORTED, NOT EVIDENT",0,0,0,20,7,9,41.90398156,-87.69675889
06/15/2018 11:00:00 AM,25,UNKNOWN,CLEAR,DAYLIGHT,NOT DIVIDED,UNKNOWN,INJURY AND / OR TOW DUE TO CRASH,,UNABLE TO DETERMINE,9900,S,DR MARTIN LUTHER KING JR DR,,"REPORTED, NOT EVIDENT",0,0,0,11,6,6,41.71458064,-87.6141234
12/21/2017 08:03:00 AM,30,NO CONTROLS,CLEAR,DAYLIGHT,NOT DIVIDED,DRY,NO INJURY / DRIVE AWAY,Y,FAILING TO YIELD RIGHT-OF-WAY,1430,N,MILWAUKEE AVE,,NO INDICATION OF INJURY,0,0,0,8,5,12,41.90783976,-87.67372397
05/23/2019 08:05:00 AM,25,TRAFFIC SIGNAL,CLEAR,DAYLIGHT,NOT DIVIDED,DRY,INJURY AND / OR TOW DUE TO CRASH,,UNABLE TO DETERMINE,42,W,CONGRESS PKWY,,NONINCAPACITATING INJURY,0,0,1,8,5,5,41.87573626,-87.62921295
8/11/2020 16:53,30,NO CONTROLS,CLEAR,DAYLIGHT,NOT DIVIDED,DRY,INJURY AND / OR TOW DUE TO CRASH,,FAILING TO YIELD RIGHT-OF-WAY,3828,E,112TH ST,,NONINCAPACITATING INJURY,0,0,1,16,3,8,41.69193642,-87.53045175
12/21/2022 06:10:00 PM,30,TRAFFIC SIGNAL,CLEAR,"DARKNESS, LIGHTED ROAD",FOUR WAY,DRY,INJURY AND / OR TOW DUE TO CRASH,,FAILING TO YIELD RIGHT-OF-WAY,4125,W,IRVING PARK RD,,INCAPACITATING INJURY,0,1,0,18,4,12,41.95351,-87.73026212
11/19/2022 02:00:00 PM,30,NO CONTROLS,UNKNOWN,DAYLIGHT,NOT DIVIDED,UNKNOWN,INJURY AND / OR TOW DUE TO CRASH,,UNABLE TO DETERMINE,2246,N,MILWAUKEE AVE,,"REPORTED, NOT EVIDENT",0,0,0,14,7,11,41.92161436,-87.69548143
10/7/2017 23:15,30,TRAFFIC SIGNAL,CLEAR,"DARKNESS, LIGHTED ROAD",NOT DIVIDED,DRY,NO INJURY / DRIVE AWAY,,DISREGARDING TRAFFIC SIGNALS,1758,W,TOUHY AVE,,NO INDICATION OF INJURY,0,0,0,23,7,10,42.01274781,-87.67452928
07/28/2021 11:00:00 PM,30,NO CONTROLS,CLEAR,"DARKNESS, LIGHTED ROAD",NOT DIVIDED,DRY,INJURY AND / OR TOW DUE TO CRASH,Y,UNABLE TO DETERMINE,1751,N,MILWAUKEE AVE,Y,"REPORTED, NOT EVIDENT",0,0,0,23,4,7,41.9133074,-87.68176825
05/14/2018 12:05:00 PM,30,TRAFFIC SIGNAL,CLEAR,DAYLIGHT,ONE-WAY,WET,NO INJURY / DRIVE AWAY,Y,UNABLE TO DETERMINE,3501,S,WENTWORTH AVE,,NO INDICATION OF INJURY,0,0,0,12,2,5,41.83092849,-87.6313571
12/22/2020 10:45:00 AM,30,TRAFFIC SIGNAL,CLEAR,DAYLIGHT,FOUR WAY,DRY,NO INJURY / DRIVE AWAY,,FAILING TO YIELD RIGHT-OF-WAY,1104,W,CHICAGO AVE,,NO INDICATION OF INJURY,0,0,0,10,3,12,41.89637637,-87.6554455
11/11/2015 14:15,20,NO CONTROLS,CLEAR,DAYLIGHT,ONE-WAY,DRY,NO INJURY / DRIVE AWAY,Y,UNABLE TO DETERMINE,5744,S,DORCHESTER AVE,,NO INDICATION OF INJURY,0,0,0,14,4,11,41.79014356,-87.59171141
03/22/2018 03:57:00 PM,30,STOP SIGN/FLASHER,CLEAR,DAYLIGHT,NOT DIVIDED,DRY,INJURY AND / OR TOW DUE TO CRASH,Y,UNABLE TO DETERMINE,2147,W,WABANSIA AVE,,NONINCAPACITATING INJURY,0,0,1,15,5,3,41.91255271,-87.68187922
8/4/2020 13:51,30,TRAFFIC SIGNAL,CLEAR,DAYLIGHT,DIVIDED - W/MEDIAN (NOT RAISED),UNKNOWN,INJURY AND / OR TOW DUE TO CRASH,,UNABLE TO DETERMINE,159,W,FULLERTON DR,,INCAPACITATING INJURY,0,1,0,13,3,8,41.92565208,-87.63352038
08/31/2018 05:50:00 PM,30,NO CONTROLS,CLEAR,DAYLIGHT,NOT DIVIDED,DRY,INJURY AND / OR TOW DUE TO CRASH,,FAILING TO REDUCE SPEED TO AVOID CRASH,21,N,LEAVITT ST,,NONINCAPACITATING INJURY,0,0,1,17,6,8,41.88197794,-87.68139104
9/10/2023 12:30,30,TRAFFIC SIGNAL,UNKNOWN,DARKNESS,NOT DIVIDED,UNKNOWN,INJURY AND / OR TOW DUE TO CRASH,,DISREGARDING TRAFFIC SIGNALS,3600,N,DAMEN AVE,,NONINCAPACITATING INJURY,0,0,1,12,1,9,41.9469085,-87.67870055
9/9/2021 20:00,30,TRAFFIC SIGNAL,CLEAR,"DARKNESS, LIGHTED ROAD",DIVIDED - W/MEDIAN (NOT RAISED),DRY,NO INJURY / DRIVE AWAY,,OBSTRUCTED CROSSWALKS,136,W,DIVISION ST,,NO INDICATION OF INJURY,0,0,0,20,5,9,41.90398934,-87.63285059
09/21/2023 08:12:00 AM,30,NO CONTROLS,CLEAR,DAYLIGHT,FOUR WAY,DRY,NO INJURY / DRIVE AWAY,,FAILING TO REDUCE SPEED TO AVOID CRASH,1299,S,WESTERN AVE,,NO INDICATION OF INJURY,0,0,0,8,5,9,41.86482578,-87.68584298
9/10/2019 15:31,30,NO CONTROLS,CLEAR,DAYLIGHT,NOT DIVIDED,DRY,NO INJURY / DRIVE AWAY,,FAILING TO YIELD RIGHT-OF-WAY,189,E,LAKE SHORE DR,,NO INDICATION OF INJURY,0,0,0,15,3,9,41.90077286,-87.62225512
8/12/2022 17:45,30,NO CONTROLS,CLEAR,DAYLIGHT,NOT DIVIDED,DRY,NO INJURY / DRIVE AWAY,Y,IMPROPER TURNING/NO SIGNAL,1201,N,ELSTON AVE,,NO INDICATION OF INJURY,0,0,0,17,6,8,41.90361573,-87.65830286
5/2/2020 20:00,30,TRAFFIC SIGNAL,CLEAR,"DARKNESS, LIGHTED ROAD",DIVIDED - W/MEDIAN BARRIER,DRY,INJURY AND / OR TOW DUE TO CRASH,Y,"OPERATING VEHICLE IN ERRATIC, RECKLESS, CARELESS, NEGLIGENT OR AGGRESSIVE MANNER",3600,N,ASHLAND AVE,,NONINCAPACITATING INJURY,0,0,1,20,7,5,41.94707937,-87.6690073
8/6/2020 7:00,30,TRAFFIC SIGNAL,CLEAR,DAYLIGHT,NOT DIVIDED,DRY,INJURY AND / OR TOW DUE TO CRASH,,FAILING TO YIELD RIGHT-OF-WAY,3000,W,DEVON AVE,,NONINCAPACITATING INJURY,0,0,1,7,5,8,41.99758449,-87.7045782
6/8/2020 12:35,30,NO CONTROLS,CLEAR,DAYLIGHT,DIVIDED - W/MEDIAN BARRIER,DRY,INJURY AND / OR TOW DUE TO CRASH,,DRIVING SKILLS/KNOWLEDGE/EXPERIENCE,6122,N,CLARK ST,Y,NONINCAPACITATING INJURY,0,0,1,12,2,6,41.99330419,-87.67026687
08/18/2017 09:11:00 AM,30,NO CONTROLS,CLEAR,DAYLIGHT,DIVIDED - W/MEDIAN (NOT RAISED),DRY,NO INJURY / DRIVE AWAY,,UNABLE TO DETERMINE,3523,N,KEDZIE AVE,,NO INDICATION OF INJURY,0,0,0,9,6,8,41.94564214,-87.70764881
08/21/2023 11:50:00 AM,30,NO CONTROLS,CLEAR,DAYLIGHT,NOT DIVIDED,DRY,NO INJURY / DRIVE AWAY,Y,FAILING TO YIELD RIGHT-OF-WAY,2380,N,HALSTED ST,,NO INDICATION OF INJURY,0,0,0,11,2,8,41.92535959,-87.6489048
07/29/2021 09:30:00 PM,30,NO CONTROLS,UNKNOWN,"DARKNESS, LIGHTED ROAD",OTHER,UNKNOWN,NO INJURY / DRIVE AWAY,,UNABLE TO DETERMINE,3511,N,CLARK ST,,NO INDICATION OF INJURY,0,0,0,21,5,7,41.94615313,-87.65550003
06/23/2020 08:31:00 AM,35,TRAFFIC SIGNAL,CLEAR,DAYLIGHT,FOUR WAY,DRY,INJURY AND / OR TOW DUE TO CRASH,,UNABLE TO DETERMINE,3191,N,MILWAUKEE AVE,,NONINCAPACITATING INJURY,0,0,1,8,3,6,41.93904347,-87.72354543
09/21/2020 05:10:00 PM,30,STOP SIGN/FLASHER,CLEAR,DARKNESS,NOT DIVIDED,DRY,NO INJURY / DRIVE AWAY,,UNABLE TO DETERMINE,800,W,CHICAGO AVE,,NO INDICATION OF INJURY,0,0,0,17,2,9,41.89650929,-87.64775583