CRASH_DATE,POSTED_SPEED_LIMIT,TRAFFIC_CONTROL_DEVICE,WEATHER_CONDITION,LIGHTING_CONDITION,TRAFFICWAY_TYPE,ROADWAY_SURFACE_COND,CRASH_TYPE,HIT_AND_RUN_I,PRIM_CONTRIBUTORY_CAUSE,STREET_NO,STREET_DIRECTION,STREET_NAME,DOORING_I,MOST_SEVERE_INJURY,INJURIES_FATAL,INJURIES_INCAPACITATING,INJURIES_NON_INCAPACITATING,CRASH_HOUR,CRASH_DAY_OF_WEEK,CRASH_MONTH,LATITUDE,LONGITUDE
05/30/2022 08:08:00 AM,30,NO CONTROLS,CLEAR,DAYLIGHT,NOT DIVIDED,DRY,INJURY AND / OR TOW DUE TO CRASH,,NOT APPLICABLE,831,W,MONTROSE AVE,Y,NONINCAPACITATING INJURY,0,0,1,8,2,5,41.96171567,-87.6511208
04/14/2018 02:45:00 PM,25,NO CONTROLS,RAIN,DAYLIGHT,NOT DIVIDED,WET,INJURY AND / OR TOW DUE TO CRASH,,UNABLE TO DETERMINE,2736,N,CLARK ST,Y,NONINCAPACITATING INJURY,0,0,1,14,7,4,41.93225097,-87.6449305
09/22/2021 05:30:00 PM,30,NO CONTROLS,CLEAR,DAYLIGHT,NOT DIVIDED,DRY,INJURY AND / OR TOW DUE TO CRASH,,UNABLE TO DETERMINE,1521,W,21ST ST,Y,NONINCAPACITATING INJURY,0,0,1,17,4,9,41.85408805,-87.66447197
11/2/2017 18:15,30,NO CONTROLS,RAIN,"DARKNESS, LIGHTED ROAD",NOT DIVIDED,WET,INJURY AND / OR TOW DUE TO CRASH,,FAILING TO REDUCE SPEED TO AVOID CRASH,3750,W,MADISON ST,,"REPORTED, NOT EVIDENT",0,0,0,18,5,11,41.88091398,-87.71967408
8/11/2020 13:20,30,TRAFFIC SIGNAL,CLEAR,DAYLIGHT,NOT DIVIDED,DRY,INJURY AND / OR TOW DUE TO CRASH,Y,FAILING TO YIELD RIGHT-OF-WAY,3956,W,IRVING PARK RD,,"REPORTED, NOT EVIDENT",0,0,0,13,3,8,41.95376073,-87.72740175
08/24/2019 12:50:00 AM,30,TRAFFIC SIGNAL,CLEAR,DARKNESS,NOT DIVIDED,DRY,NO INJURY / DRIVE AWAY,Y,UNDER THE INFLUENCE OF ALCOHOL/DRUGS (USE WHEN ARREST IS EFFECTED),1316,S,HALSTED ST,,NO INDICATION OF INJURY,0,0,0,0,7,8,41.8649599,-87.64699992
10/29/2019 05:20:00 PM,30,NO CONTROLS,CLEAR,"DARKNESS, LIGHTED ROAD",NOT DIVIDED,DRY,INJURY AND / OR TOW DUE TO CRASH,,"VISION OBSCURED (SIGNS, TREE LIMBS, BUILDINGS, ETC.)",3444,N,KIMBALL AVE,Y,NONINCAPACITATING INJURY,0,0,1,17,3,10,41.94405398,-87.71278207
11/14/2016 08:30:00 PM,25,NO CONTROLS,CLEAR,DAWN,ALLEY,DRY,INJURY AND / OR TOW DUE TO CRASH,Y,DRIVING SKILLS/KNOWLEDGE/EXPERIENCE,4700,W,VAN BUREN ST,,"REPORTED, NOT EVIDENT",0,0,0,20,2,11,41.8751605,-87.74275767
09/17/2021 07:20:00 AM,35,TRAFFIC SIGNAL,CLEAR,DAYLIGHT,DIVIDED - W/MEDIAN (NOT RAISED),DRY,INJURY AND / OR TOW DUE TO CRASH,,"VISION OBSCURED (SIGNS, TREE LIMBS, BUILDINGS, ETC.)",4801,W,ARMITAGE AVE,,NONINCAPACITATING INJURY,0,0,1,7,6,9,41.91682247,-87.74617309
9/12/2021 9:30,30,NO CONTROLS,CLEAR,DAYLIGHT,NOT DIVIDED,DRY,INJURY AND / OR TOW DUE TO CRASH,,UNABLE TO DETERMINE,1500,N,DAMEN AVE,,NONINCAPACITATING INJURY,0,0,1,9,1,9,41.90828716,-87.67755112
06/24/2022 09:10:00 PM,35,TRAFFIC SIGNAL,UNKNOWN,"DARKNESS, LIGHTED ROAD",NOT DIVIDED,UNKNOWN,INJURY AND / OR TOW DUE TO CRASH,Y,FAILING TO YIELD RIGHT-OF-WAY,500,W,18TH ST,,NONINCAPACITATING INJURY,0,0,1,21,6,6,41.8577744,-87.63899038
12/23/2017 09:50:00 AM,35,TRAFFIC SIGNAL,CLEAR,DAYLIGHT,DIVIDED - W/MEDIAN (NOT RAISED),DRY,INJURY AND / OR TOW DUE TO CRASH,,FAILING TO YIELD RIGHT-OF-WAY,1600,W,ROOSEVELT RD,,NONINCAPACITATING INJURY,0,0,1,9,7,12,41.86697112,-87.66650974
08/16/2018 03:15:00 PM,30,NO CONTROLS,CLEAR,DAYLIGHT,NOT DIVIDED,DRY,INJURY AND / OR TOW DUE TO CRASH,,UNABLE TO DETERMINE,5056,N,SHERIDAN RD,,"REPORTED, NOT EVIDENT",0,0,0,15,5,8,41.97500846,-87.65511965
7/12/2021 10:24,20,NO CONTROLS,CLEAR,DAYLIGHT,ALLEY,DRY,INJURY AND / OR TOW DUE TO CRASH,Y,FAILING TO YIELD RIGHT-OF-WAY,3044,W,64TH ST,,NONINCAPACITATING INJURY,0,0,1,10,2,7,41.77730511,-87.69999688
6/7/2021 23:20,15,NO CONTROLS,CLEAR,"DARKNESS, LIGHTED ROAD",FOUR WAY,DRY,INJURY AND / OR TOW DUE TO CRASH,,FAILING TO YIELD RIGHT-OF-WAY,4400,N,HERMITAGE AVE,,INCAPACITATING INJURY,0,1,1,23,2,6,41.96163603,-87.67256986
11/22/2021 10:51:00 AM,30,STOP SIGN/FLASHER,CLEAR,DAYLIGHT,NOT DIVIDED,DRY,NO INJURY / DRIVE AWAY,,"VISION OBSCURED (SIGNS, TREE LIMBS, BUILDINGS, ETC.)",1459,W,TAYLOR ST,,NO INDICATION OF INJURY,0,0,0,10,2,11,41.8691916,-87.66401334
05/19/2023 12:50:00 PM,30,STOP SIGN/FLASHER,CLEAR,DAYLIGHT,T-INTERSECTION,DRY,INJURY AND / OR TOW DUE TO CRASH,,NOT APPLICABLE,4800,N,WASHTENAW AVE,,NONINCAPACITATING INJURY,0,0,1,12,6,5,41.96860547,-87.69639229
3/11/2018 1:01,30,TRAFFIC SIGNAL,CLEAR,"DARKNESS, LIGHTED ROAD",DIVIDED - W/MEDIAN (NOT RAISED),DRY,INJURY AND / OR TOW DUE TO CRASH,Y,UNABLE TO DETERMINE,1600,N,KEDZIE AVE,Y,NONINCAPACITATING INJURY,0,0,1,1,1,3,41.91025092,-87.70702365
10/9/2021 21:58,30,TRAFFIC SIGNAL,CLEAR,DARKNESS,NOT DIVIDED,DRY,INJURY AND / OR TOW DUE TO CRASH,Y,FAILING TO REDUCE SPEED TO AVOID CRASH,4000,W,GRAND AVE,,"REPORTED, NOT EVIDENT",0,0,0,21,7,10,41.90625887,-87.72635348
09/22/2022 12:50:00 AM,30,NO CONTROLS,CLEAR,"DARKNESS, LIGHTED ROAD",DIVIDED - W/MEDIAN BARRIER,DRY,INJURY AND / OR TOW DUE TO CRASH,,FAILING TO REDUCE SPEED TO AVOID CRASH,1150,W,HARRISON ST,,NONINCAPACITATING INJURY,0,0,1,0,5,9,41.87440086,-87.65634436
7/7/2023 18:30,25,NO CONTROLS,CLEAR,DAYLIGHT,NOT DIVIDED,DRY,INJURY AND / OR TOW DUE TO CRASH,Y,FAILING TO YIELD RIGHT-OF-WAY,75,W,NORTH BLVD,,NONINCAPACITATING INJURY,0,0,1,18,6,7,41.91107531,-87.63159748
09/26/2023 08:00:00 AM,30,TRAFFIC SIGNAL,RAIN,DAYLIGHT,NOT DIVIDED,WET,NO INJURY / DRIVE AWAY,Y,UNABLE TO DETERMINE,6001,W,GRAND AVE,,NO INDICATION OF INJURY,0,0,0,8,3,9,41.92046343,-87.77570034
07/15/2019 08:15:00 PM,30,UNKNOWN,CLEAR,DAYLIGHT,NOT DIVIDED,DRY,INJURY AND / OR TOW DUE TO CRASH,Y,UNABLE TO DETERMINE,1011,W,DIVISION ST,,NONINCAPACITATING INJURY,0,0,1,20,2,7,41.9034596,-87.65303583
05/23/2020 02:05:00 PM,30,TRAFFIC SIGNAL,CLEAR,DAYLIGHT,DIVIDED - W/MEDIAN BARRIER,DRY,NO INJURY / DRIVE AWAY,Y,TURNING RIGHT ON RED,1156,S,INDEPENDENCE BLVD,,NO INDICATION OF INJURY,0,0,0,14,7,5,41.86628287,-87.72027101
10/13/2015 03:30:00 PM,30,TRAFFIC SIGNAL,CLEAR,DAYLIGHT,DIVIDED - W/MEDIAN (NOT RAISED),DRY,INJURY AND / OR TOW DUE TO CRASH,,FAILING TO YIELD RIGHT-OF-WAY,3216,N,KIMBALL AVE,,"REPORTED, NOT EVIDENT",0,0,0,15,3,10,41.93979019,-87.71266666
7/10/2018 14:30,30,TRAFFIC SIGNAL,CLEAR,DAYLIGHT,NOT DIVIDED,DRY,INJURY AND / OR TOW DUE TO CRASH,Y,UNABLE TO DETERMINE,642,N,DEARBORN ST,,NONINCAPACITATING INJURY,0,0,1,14,3,7,41.89372073,-87.62985477
09/15/2022 04:35:00 PM,30,NO CONTROLS,CLEAR,DAYLIGHT,ONE-WAY,DRY,INJURY AND / OR TOW DUE TO CRASH,,UNABLE TO DETERMINE,1900,N,KEDZIE AVE,,"REPORTED, NOT EVIDENT",0,0,0,16,5,9,41.91562241,-87.70706394
7/2/2021 12:55,30,TRAFFIC SIGNAL,CLEAR,DAYLIGHT,DIVIDED - W/MEDIAN (NOT RAISED),DRY,INJURY AND / OR TOW DUE TO CRASH,N,DRIVING SKILLS/KNOWLEDGE/EXPERIENCE,5600,W,BELMONT AVE,,NONINCAPACITATING INJURY,0,0,1,12,6,7,41.93868378,-87.76656249
05/13/2017 12:00:00 PM,30,STOP SIGN/FLASHER,CLEAR,DAYLIGHT,DIVIDED - W/MEDIAN BARRIER,DRY,NO INJURY / DRIVE AWAY,,FOLLOWING TOO CLOSELY,760,W,WILSON AVE,,NO INDICATION OF INJURY,0,0,0,12,7,5,41.96559486,-87.64994141
09/18/2019 03:10:00 PM,30,TRAFFIC SIGNAL,CLEAR,DAYLIGHT,NOT DIVIDED,DRY,NO INJURY / DRIVE AWAY,N,DRIVING ON WRONG SIDE/WRONG WAY,1001,N,CALIFORNIA AVE,,NO INDICATION OF INJURY,0,0,0,15,4,9,41.89933092,-87.69664493
2/5/2023 14:03,30,NO CONTROLS,CLEAR,DAYLIGHT,DIVIDED - W/MEDIAN (NOT RAISED),DRY,INJURY AND / OR TOW DUE TO CRASH,Y,UNABLE TO DETERMINE,5125,W,DIVERSEY AVE,,"REPORTED, NOT EVIDENT",0,0,0,14,1,2,41.93130962,-87.75499684
04/13/2016 07:52:00 AM,30,NO CONTROLS,CLEAR,DAYLIGHT,DIVIDED - W/MEDIAN (NOT RAISED),DRY,INJURY AND / OR TOW DUE TO CRASH,,FAILING TO YIELD RIGHT-OF-WAY,1146,N,MILWAUKEE AVE,,NONINCAPACITATING INJURY,0,0,1,7,4,4,41.90246227,-87.6653061
11/6/2023 17:49,30,TRAFFIC SIGNAL,CLEAR,"DARKNESS, LIGHTED ROAD",T-INTERSECTION,DRY,NO INJURY / DRIVE AWAY,,NOT APPLICABLE,4650,N,PULASKI RD,,NO INDICATION OF INJURY,0,0,0,17,2,11,41.96605342,-87.72811456
07/15/2018 10:30:00 PM,30,STOP SIGN/FLASHER,RAIN,"DARKNESS, LIGHTED ROAD",NOT DIVIDED,WET,INJURY AND / OR TOW DUE TO CRASH,,UNABLE TO DETERMINE,4699,W,PALMER ST,,NONINCAPACITATING INJURY,0,0,1,22,1,7,41.9205069,-87.74371613
11/18/2020 11:10:00 AM,30,STOP SIGN/FLASHER,CLEAR,DAYLIGHT,ONE-WAY,DRY,NO INJURY / DRIVE AWAY,Y,FAILING TO YIELD RIGHT-OF-WAY,2700,S,KEELER AVE,,NO INDICATION OF INJURY,0,0,0,11,4,11,41.84225206,-87.72950762
05/17/2018 02:23:00 PM,30,TRAFFIC SIGNAL,CLEAR,DAYLIGHT,NOT DIVIDED,DRY,INJURY AND / OR TOW DUE TO CRASH,,FAILING TO YIELD RIGHT-OF-WAY,874,N,STATE ST,N,INCAPACITATING INJURY,0,1,0,14,5,5,41.89894798,-87.62840661
5/12/2022 20:30,30,TRAFFIC SIGNAL,CLEAR,"DARKNESS, LIGHTED ROAD",DIVIDED - W/MEDIAN BARRIER,DRY,INJURY AND / OR TOW DUE TO CRASH,,FAILING TO YIELD RIGHT-OF-WAY,698,S,MICHIGAN AVE,,"REPORTED, NOT EVIDENT",0,0,0,20,5,5,41.87322319,-87.62434873
9/10/2021 15:40,30,STOP SIGN/FLASHER,CLEAR,DAYLIGHT,FOUR WAY,DRY,INJURY AND / OR TOW DUE TO CRASH,,FAILING TO YIELD RIGHT-OF-WAY,4700,S,KILPATRICK AVE,N,"REPORTED, NOT EVIDENT",0,0,0,15,6,9,41.80755987,-87.7408552
9/5/2020 14:22,30,NO CONTROLS,CLEAR,DAYLIGHT,NOT DIVIDED,DRY,INJURY AND / OR TOW DUE TO CRASH,Y,IMPROPER TURNING/NO SIGNAL,5758,S,KEDZIE AVE,,NONINCAPACITATING INJURY,0,0,1,14,7,9,41.78815194,-87.70355129
06/13/2022 05:30:00 PM,30,NO CONTROLS,CLEAR,DAYLIGHT,NOT DIVIDED,DRY,NO INJURY / DRIVE AWAY,,UNABLE TO DETERMINE,1732,W,AUGUSTA BLVD,,NO INDICATION OF INJURY,0,0,0,17,2,6,41.89976088,-87.67100129
10/22/2021 06:46:00 PM,30,TRAFFIC SIGNAL,CLEAR,"DARKNESS, LIGHTED ROAD",DIVIDED - W/MEDIAN (NOT RAISED),DRY,INJURY AND / OR TOW DUE TO CRASH,,DISREGARDING TRAFFIC SIGNALS,1200,N,CLARK ST,,INCAPACITATING INJURY,0,1,0,18,6,10,41.90399233,-87.6315949
8/1/2021 15:45,30,NO CONTROLS,CLEAR,DAYLIGHT,NOT DIVIDED,DRY,INJURY AND / OR TOW DUE TO CRASH,,IMPROPER TURNING/NO SIGNAL,3334,N,CLARK ST,,NONINCAPACITATING INJURY,0,0,1,15,1,8,41.94257863,-87.65297135
04/29/2023 06:45:00 PM,30,NO CONTROLS,CLEAR,DAYLIGHT,NOT DIVIDED,DRY,NO INJURY / DRIVE AWAY,Y,UNABLE TO DETERMINE,939,W,NORTH AVE,,NO INDICATION OF INJURY,0,0,0,18,7,4,41.9107384,-87.65262888
06/21/2019 04:23:00 PM,30,NO CONTROLS,CLEAR,DAYLIGHT,NOT DIVIDED,DRY,INJURY AND / OR TOW DUE TO CRASH,,UNABLE TO DETERMINE,5435,S,ARCHER AVE,Y,NONINCAPACITATING INJURY,0,0,1,16,6,6,41.79834535,-87.74431694
12/10/2020 20:45,35,STOP SIGN/FLASHER,CLEAR,"DARKNESS, LIGHTED ROAD",NOT DIVIDED,DRY,INJURY AND / OR TOW DUE TO CRASH,Y,DISREGARDING STOP SIGN,3999,N,MOBILE AVE,,NONINCAPACITATING INJURY,0,0,1,20,5,12,41.95290364,-87.78344572
06/25/2020 05:45:00 PM,30,TRAFFIC SIGNAL,CLEAR,DAYLIGHT,FOUR WAY,DRY,INJURY AND / OR TOW DUE TO CRASH,Y,FAILING TO YIELD RIGHT-OF-WAY,5202,W,MADISON ST,,INCAPACITATING INJURY,0,1,0,17,5,6,41.88047949,-87.75522166
08/17/2018 05:45:00 PM,30,NO CONTROLS,CLEAR,DAYLIGHT,NOT DIVIDED,DRY,INJURY AND / OR TOW DUE TO CRASH,,UNABLE TO DETERMINE,5341,S,KOSTNER AVE,,"REPORTED, NOT EVIDENT",0,0,0,17,6,8,41.79551364,-87.73288378
04/26/2018 03:29:00 PM,35,NO CONTROLS,CLEAR,DAYLIGHT,NOT DIVIDED,DRY,INJURY AND / OR TOW DUE TO CRASH,,FAILING TO YIELD RIGHT-OF-WAY,3420,W,MADISON ST,Y,"REPORTED, NOT EVIDENT",0,0,0,15,5,4,41.88101637,-87.7119478
06/28/2016 06:30:00 PM,0,NO CONTROLS,CLEAR,DAYLIGHT,PARKING LOT,DRY,INJURY AND / OR TOW DUE TO CRASH,Y,UNABLE TO DETERMINE,6655,W,GRAND AVE,,"REPORTED, NOT EVIDENT",0,0,0,18,3,6,41.92351181,-87.79236051
11/22/2017 01:30:00 PM,25,TRAFFIC SIGNAL,CLEAR,DAYLIGHT,DIVIDED - W/MEDIAN (NOT RAISED),DRY,INJURY AND / OR TOW DUE TO CRASH,Y,DISREGARDING TRAFFIC SIGNALS,2600,N,CENTRAL AVE,,NONINCAPACITATING INJURY,0,0,1,13,4,11,41.92764768,-87.76626652
09/19/2023 09:20:00 AM,20,STOP SIGN/FLASHER,RAIN,DAYLIGHT,NOT DIVIDED,WET,INJURY AND / OR TOW DUE TO CRASH,,UNABLE TO DETERMINE,629,N,WOOD ST,,NONINCAPACITATING INJURY,0,0,1,9,3,9,41.89321953,-87.67194142
05/26/2016 02:30:00 PM,30,TRAFFIC SIGNAL,CLEAR,DAYLIGHT,NOT DIVIDED,DRY,NO INJURY / DRIVE AWAY,,UNABLE TO DETERMINE,500,N,OGDEN AVE,,NO INDICATION OF INJURY,0,0,0,14,5,5,41.8911581,-87.65911749
8/1/2020 12:00,30,NO CONTROLS,CLEAR,DAYLIGHT,NOT DIVIDED,DRY,NO INJURY / DRIVE AWAY,,UNABLE TO DETERMINE,2399,N,CLARK ST,,NO INDICATION OF INJURY,0,0,0,12,7,8,41.92554217,-87.6402891
9/3/2020 11:59,15,NO CONTROLS,CLEAR,DAYLIGHT,DRIVEWAY,DRY,INJURY AND / OR TOW DUE TO CRASH,Y,UNABLE TO DETERMINE,1224,S,WABASH AVE,,NONINCAPACITATING INJURY,0,0,1,11,5,9,41.86672435,-87.62596115
08/15/2023 07:20:00 PM,15,NO CONTROLS,CLEAR,DAYLIGHT,ALLEY,DRY,INJURY AND / OR TOW DUE TO CRASH,,UNABLE TO DETERMINE,238,E,ONTARIO ST,,NONINCAPACITATING INJURY,0,0,1,19,3,8,41.89348725,-87.62169269
07/17/2017 08:45:00 PM,30,NO CONTROLS,CLEAR,DAYLIGHT,NOT DIVIDED,DRY,NO INJURY / DRIVE AWAY,,UNABLE TO DETERMINE,2421,N,MILWAUKEE AVE,,NO INDICATION OF INJURY,0,0,0,20,2,7,41.92527483,-87.70098455
10/22/2020 01:58:00 PM,30,STOP SIGN/FLASHER,CLEAR,DAYLIGHT,DIVIDED - W/MEDIAN (NOT RAISED),DRY,INJURY AND / OR TOW DUE TO CRASH,,"VISION OBSCURED (SIGNS, TREE LIMBS, BUILDINGS, ETC.)",8301,S,HOLLAND RD,Y,NONINCAPACITATING INJURY,0,0,1,13,5,10,41.74343077,-87.63188804
03/27/2022 05:23:00 PM,30,STOP SIGN/FLASHER,CLEAR,DAYLIGHT,FOUR WAY,DRY,INJURY AND / OR TOW DUE TO CRASH,,FAILING TO YIELD RIGHT-OF-WAY,2998,N,RACINE AVE,,NONINCAPACITATING INJURY,0,0,1,17,1,3,41.93614771,-87.6589842
07/19/2021 12:58:00 PM,20,NO CONTROLS,CLEAR,DAYLIGHT,NOT DIVIDED,DRY,INJURY AND / OR TOW DUE TO CRASH,,FAILING TO YIELD RIGHT-OF-WAY,6309,S,OAK PARK AVE,,NONINCAPACITATING INJURY,0,0,1,12,2,7,41.77719524,-87.79087257
09/14/2018 02:00:00 PM,30,NO CONTROLS,CLEAR,DAYLIGHT,NOT DIVIDED,DRY,NO INJURY / DRIVE AWAY,,UNABLE TO DETERMINE,799,N,HALSTED ST,,NO INDICATION OF INJURY,0,0,0,14,6,9,41.89638468,-87.64759748
11/3/2022 15:50,30,NO CONTROLS,CLEAR,DAYLIGHT,ONE-WAY,DRY,INJURY AND / OR TOW DUE TO CRASH,,UNABLE TO DETERMINE,3615,W,GRACE ST,,INCAPACITATING INJURY,0,1,0,15,5,11,41.95002941,-87.71836238
07/26/2017 12:44:00 PM,30,TRAFFIC SIGNAL,CLEAR,DAYLIGHT,DIVIDED - W/MEDIAN (NOT RAISED),DRY,INJURY AND / OR TOW DUE TO CRASH,,UNABLE TO DETERMINE,5198,W,LEXINGTON ST,,INCAPACITATING INJURY,0,1,0,12,4,7,41.87115448,-87.7546512
10/19/2020 03:35:00 PM,5,NO CONTROLS,RAIN,DAYLIGHT,PARKING LOT,WET,NO INJURY / DRIVE AWAY,Y,UNABLE TO DETERMINE,2355,N,CICERO AVE,,NO INDICATION OF INJURY,0,0,0,15,2,10,41.92407872,-87.74614957
7/2/2023 14:10,30,TRAFFIC SIGNAL,RAIN,DAYLIGHT,ONE-WAY,WET,NO INJURY / DRIVE AWAY,,FAILING TO YIELD RIGHT-OF-WAY,540,W,RANDOLPH ST,,NO INDICATION OF INJURY,0,0,0,14,1,7,41.88454615,-87.64134762
10/1/2015 20:42,35,TRAFFIC SIGNAL,CLEAR,"DARKNESS, LIGHTED ROAD",DIVIDED - W/MEDIAN (NOT RAISED),DRY,INJURY AND / OR TOW DUE TO CRASH,,FAILING TO YIELD RIGHT-OF-WAY,7300,S,STONY ISLAND AVE,,NONINCAPACITATING INJURY,0,0,1,20,5,10,41.76236192,-87.58637724
09/19/2018 02:50:00 PM,35,TRAFFIC SIGNAL,CLEAR,DAYLIGHT,ONE-WAY,DRY,INJURY AND / OR TOW DUE TO CRASH,Y,FAILING TO REDUCE SPEED TO AVOID CRASH,218,W,RANDOLPH ST,,"REPORTED, NOT EVIDENT",0,0,0,14,4,9,41.88457586,-87.63447124
11/26/2017 02:30:00 PM,5,NO CONTROLS,CLEAR,DAYLIGHT,DRIVEWAY,DRY,INJURY AND / OR TOW DUE TO CRASH,,FAILING TO YIELD RIGHT-OF-WAY,4606,W,FULLERTON AVE,,NONINCAPACITATING INJURY,0,0,1,14,1,11,41.92440594,-87.74209911
06/14/2023 07:25:00 PM,30,TRAFFIC SIGNAL,CLEAR,DARKNESS,NOT DIVIDED,DRY,INJURY AND / OR TOW DUE TO CRASH,Y,FAILING TO YIELD RIGHT-OF-WAY,626,N,MICHIGAN AVE,,NONINCAPACITATING INJURY,0,0,1,19,4,6,41.89337221,-87.62436142
08/22/2019 05:35:00 PM,30,NO CONTROLS,CLEAR,DAYLIGHT,NOT DIVIDED,DRY,INJURY AND / OR TOW DUE TO CRASH,,UNABLE TO DETERMINE,2650,W,MONTROSE AVE,,NONINCAPACITATING INJURY,0,0,1,17,5,8,41.96137732,-87.69562663
11/29/2017 03:50:00 PM,30,NO CONTROLS,CLEAR,DAYLIGHT,OTHER,DRY,INJURY AND / OR TOW DUE TO CRASH,,FAILING TO YIELD RIGHT-OF-WAY,5108,S,ARCHER AVE,,NONINCAPACITATING INJURY,0,0,1,15,4,11,41.800857,-87.72959311
7/10/2019 9:05,25,NO CONTROLS,CLEAR,DAYLIGHT,NOT DIVIDED,DRY,NO INJURY / DRIVE AWAY,,UNABLE TO DETERMINE,1840,N,CLYBOURN AVE,,NO INDICATION OF INJURY,0,0,0,9,4,7,41.91442371,-87.65462784
10/23/2021 02:06:00 PM,30,NO CONTROLS,CLEAR,DAYLIGHT,NOT DIVIDED,DRY,INJURY AND / OR TOW DUE TO CRASH,,UNABLE TO DETERMINE,7100,N,CLARK ST,,NONINCAPACITATING INJURY,0,0,1,14,7,10,42.01146046,-87.67459345
12/13/2022 05:00:00 PM,30,STOP SIGN/FLASHER,CLEAR,"DARKNESS, LIGHTED ROAD",UNKNOWN INTERSECTION TYPE,DRY,INJURY AND / OR TOW DUE TO CRASH,,NOT APPLICABLE,1500,N,LONG AVE,,NONINCAPACITATING INJURY,0,0,1,17,3,12,41.90771318,-87.76102473
12/2/2018 14:00,35,TRAFFIC SIGNAL,CLEAR,DAYLIGHT,NOT DIVIDED,DRY,NO INJURY / DRIVE AWAY,,DISREGARDING TRAFFIC SIGNALS,132,N,HALSTED ST,,NO INDICATION OF INJURY,0,0,0,14,1,12,41.88418549,-87.64757643
07/29/2021 02:45:00 AM,30,TRAFFIC SIGNAL,CLEAR,"DARKNESS, LIGHTED ROAD","FIVE POINT, OR MORE",DRY,INJURY AND / OR TOW DUE TO CRASH,Y,IMPROPER TURNING/NO SIGNAL,1587,N,MILWAUKEE AVE,,NONINCAPACITATING INJURY,0,0,1,2,5,7,41.91044025,-87.67731794
4/9/2018 10:25,30,NO CONTROLS,SNOW,DAYLIGHT,NOT DIVIDED,WET,NO INJURY / DRIVE AWAY,,IMPROPER TURNING/NO SIGNAL,1144,W,18TH ST,,NO INDICATION OF INJURY,0,0,0,10,2,4,41.85808441,-87.65516687
01/24/2020 08:00:00 AM,30,NO CONTROLS,FOG/SMOKE/HAZE,DAYLIGHT,NOT DIVIDED,SNOW OR SLUSH,INJURY AND / OR TOW DUE TO CRASH,Y,FAILING TO YIELD RIGHT-OF-WAY,754,W,MELROSE ST,,NONINCAPACITATING INJURY,0,0,1,8,6,1,41.94117853,-87.64904597
6/7/2022 18:55,25,OTHER,CLEAR,DUSK,Y-INTERSECTION,DRY,INJURY AND / OR TOW DUE TO CRASH,,DISTRACTION - FROM INSIDE VEHICLE,2545,W,ARMITAGE AVE,,NONINCAPACITATING INJURY,0,0,1,18,3,6,41.91742948,-87.69153475
06/25/2018 05:45:00 PM,30,NO CONTROLS,CLEAR,DAYLIGHT,NOT DIVIDED,DRY,INJURY AND / OR TOW DUE TO CRASH,,DRIVING SKILLS/KNOWLEDGE/EXPERIENCE,1865,N,MILWAUKEE AVE,Y,NONINCAPACITATING INJURY,0,0,1,17,2,6,41.91538473,-87.68497372
03/30/2023 04:38:00 PM,30,UNKNOWN,CLEAR,DAYLIGHT,DIVIDED - W/MEDIAN (NOT RAISED),DRY,INJURY AND / OR TOW DUE TO CRASH,Y,UNABLE TO DETERMINE,3932,W,MADISON ST,,NONINCAPACITATING INJURY,0,0,1,16,5,3,41.88085622,-87.72414951
06/25/2019 12:20:00 PM,20,NO CONTROLS,CLEAR,DAYLIGHT,ONE-WAY,DRY,NO INJURY / DRIVE AWAY,,UNABLE TO DETERMINE,3005,W,24TH ST,,NO INDICATION OF INJURY,0,0,0,12,3,6,41.84809121,-87.7004915
11/5/2020 10:00,30,TRAFFIC SIGNAL,CLEAR,DAYLIGHT,NOT DIVIDED,DRY,NO INJURY / DRIVE AWAY,,IMPROPER LANE USAGE,1556,N,HALSTED ST,,NO INDICATION OF INJURY,0,0,0,10,5,11,41.91012224,-87.64840048
01/20/2018 10:45:00 AM,30,TRAFFIC SIGNAL,CLEAR,DAYLIGHT,DIVIDED - W/MEDIAN BARRIER,DRY,INJURY AND / OR TOW DUE TO CRASH,,FOLLOWING TOO CLOSELY,5740,N,CLARK ST,,NONINCAPACITATING INJURY,0,0,1,10,7,1,41.98589054,-87.66946513
03/21/2022 03:00:00 PM,15,STOP SIGN/FLASHER,CLEAR,DAYLIGHT,ALLEY,UNKNOWN,NO INJURY / DRIVE AWAY,,UNABLE TO DETERMINE,3459,N,PITTSBURGH AVE,,NO INDICATION OF INJURY,0,0,0,15,2,3,41.94287248,-87.83249916
10/14/2022 11:33:00 PM,30,NO CONTROLS,CLEAR,"DARKNESS, LIGHTED ROAD",DIVIDED - W/MEDIAN (NOT RAISED),DRY,NO INJURY / DRIVE AWAY,,DRIVING SKILLS/KNOWLEDGE/EXPERIENCE,1553,N,WELLS ST,Y,NO INDICATION OF INJURY,0,0,0,23,6,10,41.91068139,-87.63454893
08/13/2017 08:03:00 PM,0,TRAFFIC SIGNAL,UNKNOWN,UNKNOWN,NOT DIVIDED,UNKNOWN,NO INJURY / DRIVE AWAY,,UNABLE TO DETERMINE,2759,W,ADDISON ST,,NO INDICATION OF INJURY,0,0,0,20,1,8,41.94657426,-87.69786363