CRASH_DATE,POSTED_SPEED_LIMIT,TRAFFIC_CONTROL_DEVICE,WEATHER_CONDITION,LIGHTING_CONDITION,TRAFFICWAY_TYPE,ROADWAY_SURFACE_COND,CRASH_TYPE,HIT_AND_RUN_I,PRIM_CONTRIBUTORY_CAUSE,STREET_NO,STREET_DIRECTION,STREET_NAME,DOORING_I,MOST_SEVERE_INJURY,INJURIES_FATAL,INJURIES_INCAPACITATING,INJURIES_NON_INCAPACITATING,CRASH_HOUR,CRASH_DAY_OF_WEEK,CRASH_MONTH,LATITUDE,LONGITUDE
6/3/2017 20:54,25,TRAFFIC SIGNAL,CLEAR,"DARKNESS, LIGHTED ROAD",DIVIDED - W/MEDIAN (NOT RAISED),DRY,NO INJURY / DRIVE AWAY,,FAILING TO YIELD RIGHT-OF-WAY,3000,W,HARRISON ST,,NO INDICATION OF INJURY,0,0,0,20,7,6,41.873856,-87.70113735
8/2/2021 7:55,30,NO CONTROLS,CLEAR,DAYLIGHT,DIVIDED - W/MEDIAN BARRIER,DRY,INJURY AND / OR TOW DUE TO CRASH,,UNABLE TO DETERMINE,1300,S,STATE ST,,NONINCAPACITATING INJURY,0,0,1,7,2,8,41.86565703,-87.62752942
6/4/2019 17:35,30,NO CONTROLS,CLEAR,DAYLIGHT,NOT DIVIDED,DRY,INJURY AND / OR TOW DUE TO CRASH,,FAILING TO YIELD RIGHT-OF-WAY,2143,N,DAMEN AVE,,"REPORTED, NOT EVIDENT",0,0,0,17,3,6,41.92082941,-87.67758533
12/12/2019 17:42,30,TRAFFIC SIGNAL,UNKNOWN,UNKNOWN,NOT DIVIDED,UNKNOWN,NO INJURY / DRIVE AWAY,,UNABLE TO DETERMINE,1200,S,ASHLAND AVE,,NO INDICATION OF INJURY,0,0,0,17,5,12,41.86681578,-87.66652926
9/3/2019 9:28,30,NO CONTROLS,RAIN,DAYLIGHT,NOT DIVIDED,WET,INJURY AND / OR TOW DUE TO CRASH,,DRIVING ON WRONG SIDE/WRONG WAY,698,N,CENTRAL AVE,,NONINCAPACITATING INJURY,0,0,1,9,3,9,41.89283171,-87.7654634
09/23/2019 08:30:00 PM,30,TRAFFIC SIGNAL,CLEAR,"DARKNESS, LIGHTED ROAD",NOT DIVIDED,DRY,INJURY AND / OR TOW DUE TO CRASH,,UNABLE TO DETERMINE,4758,W,LAKE ST,,NONINCAPACITATING INJURY,0,0,1,20,2,9,41.88671843,-87.74535162
5/8/2022 0:38,30,NO CONTROLS,CLEAR,"DARKNESS, LIGHTED ROAD",NOT DIVIDED,DRY,INJURY AND / OR TOW DUE TO CRASH,,UNABLE TO DETERMINE,1516,N,MILWAUKEE AVE,,NONINCAPACITATING INJURY,0,0,1,0,1,5,41.90899562,-87.67553166
05/16/2023 05:01:00 PM,25,TRAFFIC SIGNAL,CLEAR,DAYLIGHT,FOUR WAY,DRY,NO INJURY / DRIVE AWAY,,UNABLE TO DETERMINE,1400,N,MILWAUKEE AVE,,NO INDICATION OF INJURY,0,0,0,17,3,5,41.9072586,-87.67281319
8/9/2019 23:02,30,STOP SIGN/FLASHER,CLEAR,"DARKNESS, LIGHTED ROAD",NOT DIVIDED,DRY,NO INJURY / DRIVE AWAY,,DISREGARDING STOP SIGN,1,N,ABERDEEN ST,,NO INDICATION OF INJURY,0,0,0,23,6,8,41.88172145,-87.65421353
6/1/2021 16:23,25,NO CONTROLS,CLEAR,DAYLIGHT,NOT DIVIDED,DRY,INJURY AND / OR TOW DUE TO CRASH,,FOLLOWING TOO CLOSELY,4619,N,LINCOLN AVE,,INCAPACITATING INJURY,0,1,0,16,3,6,41.96549428,-87.68633819
06/26/2019 03:30:00 PM,30,STOP SIGN/FLASHER,CLEAR,DAYLIGHT,FOUR WAY,DRY,INJURY AND / OR TOW DUE TO CRASH,,NOT APPLICABLE,5700,S,ST LOUIS AVE,,NONINCAPACITATING INJURY,0,0,1,15,4,6,41.78972055,-87.71094997
9/11/2023 6:00,30,TRAFFIC SIGNAL,RAIN,DAYLIGHT,NOT DIVIDED,WET,INJURY AND / OR TOW DUE TO CRASH,Y,IMPROPER TURNING/NO SIGNAL,5400,S,PULASKI RD,,NONINCAPACITATING INJURY,0,0,1,6,2,9,41.79495745,-87.72335657
5/3/2023 9:09,30,TRAFFIC SIGNAL,CLEAR,DAYLIGHT,NOT DIVIDED,DRY,NO INJURY / DRIVE AWAY,,NOT APPLICABLE,1400,E,HYDE PARK BLVD,,NO INDICATION OF INJURY,0,0,0,9,4,5,41.80253209,-87.59178796
03/15/2017 02:00:00 PM,30,NO CONTROLS,CLEAR,DAYLIGHT,NOT DIVIDED,DRY,NO INJURY / DRIVE AWAY,,FAILING TO YIELD RIGHT-OF-WAY,5299,W,AINSLIE ST,,NO INDICATION OF INJURY,0,0,0,14,4,3,41.96912057,-87.75960758
09/27/2020 11:00:00 AM,30,NO CONTROLS,CLEAR,DAYLIGHT,NOT DIVIDED,DRY,INJURY AND / OR TOW DUE TO CRASH,,FAILING TO YIELD RIGHT-OF-WAY,5153,N,CLARK ST,Y,NONINCAPACITATING INJURY,0,0,1,11,1,9,41.9759646,-87.66824767
08/30/2022 02:10:00 PM,30,STOP SIGN/FLASHER,CLEAR,DAYLIGHT,DIVIDED - W/MEDIAN (NOT RAISED),DRY,INJURY AND / OR TOW DUE TO CRASH,Y,FAILING TO YIELD RIGHT-OF-WAY,8132,W,BELMONT AVE,,NONINCAPACITATING INJURY,0,0,1,14,3,8,41.93778833,-87.83007091
05/19/2022 06:30:00 PM,30,NO CONTROLS,CLEAR,DAYLIGHT,DIVIDED - W/MEDIAN (NOT RAISED),DRY,INJURY AND / OR TOW DUE TO CRASH,,IMPROPER TURNING/NO SIGNAL,2148,N,MILWAUKEE AVE,,"REPORTED, NOT EVIDENT",0,0,0,18,5,5,41.92018284,-87.69313904
07/30/2018 04:30:00 PM,30,TRAFFIC SIGNAL,CLEAR,DAYLIGHT,DIVIDED - W/MEDIAN (NOT RAISED),DRY,INJURY AND / OR TOW DUE TO CRASH,Y,FAILING TO YIELD RIGHT-OF-WAY,2950,W,FOSTER AVE,,"REPORTED, NOT EVIDENT",0,0,0,16,2,7,41.97589439,-87.70335526
07/14/2021 04:10:00 PM,35,NO CONTROLS,CLEAR,DAYLIGHT,NOT DIVIDED,DRY,INJURY AND / OR TOW DUE TO CRASH,Y,UNABLE TO DETERMINE,3401,W,FRANKLIN BLVD,,INCAPACITATING INJURY,0,1,0,16,4,7,41.88990606,-87.71139287
4/1/2023 20:51,30,TRAFFIC SIGNAL,CLEAR,"DARKNESS, LIGHTED ROAD",FOUR WAY,DRY,INJURY AND / OR TOW DUE TO CRASH,,FAILING TO YIELD RIGHT-OF-WAY,36,W,WACKER DR,,NONINCAPACITATING INJURY,0,0,1,20,7,4,41.88704448,-87.62930844
3/5/2022 12:15,30,TRAFFIC SIGNAL,CLEAR,DAYLIGHT,NOT DIVIDED,DRY,NO INJURY / DRIVE AWAY,,UNABLE TO DETERMINE,415,W,DIVISION ST,,NO INDICATION OF INJURY,0,0,0,12,7,3,41.90367343,-87.63893191
7/5/2020 12:23,30,NO CONTROLS,CLEAR,DAYLIGHT,ONE-WAY,DRY,NO INJURY / DRIVE AWAY,,FAILING TO YIELD RIGHT-OF-WAY,55,E,GARFIELD BLVD,,NO INDICATION OF INJURY,0,0,0,12,1,7,41.79423506,-87.6235657
5/7/2018 14:15,30,TRAFFIC SIGNAL,CLEAR,DAYLIGHT,DIVIDED - W/MEDIAN (NOT RAISED),DRY,INJURY AND / OR TOW DUE TO CRASH,,UNABLE TO DETERMINE,2054,W,TOUHY AVE,,"REPORTED, NOT EVIDENT",0,0,0,14,2,5,42.01261124,-87.68239799
07/17/2017 01:45:00 PM,30,TRAFFIC SIGNAL,CLEAR,DAYLIGHT,NOT DIVIDED,UNKNOWN,INJURY AND / OR TOW DUE TO CRASH,Y,IMPROPER OVERTAKING/PASSING,2575,N,SHEFFIELD AVE,,"REPORTED, NOT EVIDENT",0,0,0,13,2,7,41.92896531,-87.65358578
06/19/2021 11:00:00 PM,35,TRAFFIC SIGNAL,CLEAR,"DARKNESS, LIGHTED ROAD",NOT DIVIDED,DRY,INJURY AND / OR TOW DUE TO CRASH,Y,UNABLE TO DETERMINE,6400,S,COTTAGE GROVE AVE,,NONINCAPACITATING INJURY,0,0,1,23,7,6,41.77850179,-87.60603509
04/13/2018 10:50:00 AM,30,STOP SIGN/FLASHER,CLOUDY/OVERCAST,DAYLIGHT,NOT DIVIDED,DRY,INJURY AND / OR TOW DUE TO CRASH,,FAILING TO YIELD RIGHT-OF-WAY,3000,N,GREENVIEW AVE,,"REPORTED, NOT EVIDENT",0,0,0,10,6,4,41.93612484,-87.66626463
10/6/2022 10:10,25,NO CONTROLS,CLEAR,DAYLIGHT,ONE-WAY,DRY,INJURY AND / OR TOW DUE TO CRASH,,FAILING TO YIELD RIGHT-OF-WAY,6451,N,BOSWORTH AVE,Y,NONINCAPACITATING INJURY,0,0,1,10,5,10,41.99962102,-87.66906687
06/22/2020 12:56:00 PM,30,TRAFFIC SIGNAL,CLEAR,DAYLIGHT,FOUR WAY,DRY,INJURY AND / OR TOW DUE TO CRASH,,FAILING TO YIELD RIGHT-OF-WAY,8801,W,HIGGINS RD,,"REPORTED, NOT EVIDENT",0,0,0,12,2,6,41.98781561,-87.84702181
06/21/2021 05:15:00 PM,30,NO CONTROLS,CLEAR,DAYLIGHT,NOT DIVIDED,DRY,INJURY AND / OR TOW DUE TO CRASH,,UNABLE TO DETERMINE,3200,S,PULASKI RD,N,NONINCAPACITATING INJURY,0,0,1,17,2,6,41.83497306,-87.72445478
06/19/2022 04:20:00 PM,30,NO CONTROLS,CLEAR,DAYLIGHT,NOT DIVIDED,DRY,INJURY AND / OR TOW DUE TO CRASH,,UNABLE TO DETERMINE,458,W,CHICAGO AVE,,NONINCAPACITATING INJURY,0,0,1,16,1,6,41.89661149,-87.6408929
7/11/2022 17:15,30,NO CONTROLS,CLEAR,DAYLIGHT,DIVIDED - W/MEDIAN (NOT RAISED),DRY,INJURY AND / OR TOW DUE TO CRASH,,FAILING TO YIELD RIGHT-OF-WAY,2050,N,MILWAUKEE AVE,,NONINCAPACITATING INJURY,0,0,1,17,2,7,41.91851166,-87.69039443
01/14/2022 02:39:00 PM,35,STOP SIGN/FLASHER,CLEAR,DUSK,T-INTERSECTION,DRY,INJURY AND / OR TOW DUE TO CRASH,Y,UNABLE TO DETERMINE,900,W,CERMAK RD,,NONINCAPACITATING INJURY,0,0,1,14,6,1,41.85272163,-87.64817434
08/27/2019 06:03:00 PM,25,TRAFFIC SIGNAL,CLEAR,DAYLIGHT,NOT DIVIDED,DRY,INJURY AND / OR TOW DUE TO CRASH,,FAILING TO YIELD RIGHT-OF-WAY,1200,W,ADDISON ST,,"REPORTED, NOT EVIDENT",0,0,0,18,3,8,41.94725725,-87.65923258
07/31/2019 05:30:00 PM,30,NO CONTROLS,CLEAR,DAYLIGHT,NOT DIVIDED,DRY,NO INJURY / DRIVE AWAY,,IMPROPER OVERTAKING/PASSING,3632,W,DIVISION ST,,NO INDICATION OF INJURY,0,0,0,17,4,7,41.90285537,-87.71772227
7/7/2023 14:00,30,UNKNOWN,CLEAR,DAYLIGHT,NOT DIVIDED,DRY,NO INJURY / DRIVE AWAY,Y,UNABLE TO DETERMINE,525,W,ROOSEVELT RD,,NO INDICATION OF INJURY,0,0,0,14,6,7,41.86713548,-87.64030631
9/2/2023 16:21,30,STOP SIGN/FLASHER,CLEAR,DAYLIGHT,FOUR WAY,DRY,NO INJURY / DRIVE AWAY,,DISREGARDING STOP SIGN,1032,W,LAWRENCE AVE,,NO INDICATION OF INJURY,0,0,0,16,7,9,41.96918157,-87.65615382
7/2/2021 22:26,30,TRAFFIC SIGNAL,CLEAR,"DARKNESS, LIGHTED ROAD",DIVIDED - W/MEDIAN (NOT RAISED),DRY,NO INJURY / DRIVE AWAY,Y,UNABLE TO DETERMINE,2400,W,MARQUETTE RD,,NO INDICATION OF INJURY,0,0,0,22,6,7,41.77208621,-87.68350886
10/3/2020 12:50,30,TRAFFIC SIGNAL,CLOUDY/OVERCAST,DAYLIGHT,FOUR WAY,DRY,NO INJURY / DRIVE AWAY,,FAILING TO YIELD RIGHT-OF-WAY,2800,W,DIVERSEY AVE,,NO INDICATION OF INJURY,0,0,0,12,7,10,41.9322054,-87.69767924
07/29/2022 12:53:00 AM,20,TRAFFIC SIGNAL,UNKNOWN,"DARKNESS, LIGHTED ROAD",NOT DIVIDED,UNKNOWN,NO INJURY / DRIVE AWAY,Y,FAILING TO REDUCE SPEED TO AVOID CRASH,1392,N,MILWAUKEE AVE,,NO INDICATION OF INJURY,0,0,0,0,6,7,41.90703751,-87.67246609
2/10/2018 9:40,30,TRAFFIC SIGNAL,SNOW,DAYLIGHT,DIVIDED - W/MEDIAN (NOT RAISED),SNOW OR SLUSH,NO INJURY / DRIVE AWAY,,FOLLOWING TOO CLOSELY,3435,W,BELMONT AVE,,NO INDICATION OF INJURY,0,0,0,9,7,2,41.93914743,-87.71392732
1/7/2020 9:50,30,TRAFFIC SIGNAL,CLEAR,DAYLIGHT,NOT DIVIDED,DRY,INJURY AND / OR TOW DUE TO CRASH,N,FAILING TO YIELD RIGHT-OF-WAY,2400,N,HALSTED ST,,NONINCAPACITATING INJURY,0,0,1,9,3,1,41.92554032,-87.64891216
08/31/2018 01:55:00 PM,30,TRAFFIC SIGNAL,CLEAR,DAYLIGHT,NOT DIVIDED,DRY,INJURY AND / OR TOW DUE TO CRASH,,"OPERATING VEHICLE IN ERRATIC, RECKLESS, CARELESS, NEGLIGENT OR AGGRESSIVE MANNER",11101,S,INDIANA AVE,,"REPORTED, NOT EVIDENT",0,0,0,13,6,8,41.69256941,-87.61813649
11/27/2017 06:40:00 AM,30,TRAFFIC SIGNAL,CLEAR,DAYLIGHT,ONE-WAY,DRY,NO INJURY / DRIVE AWAY,,DRIVING ON WRONG SIDE/WRONG WAY,3201,W,WARREN BLVD,,NO INDICATION OF INJURY,0,0,0,6,2,11,41.88176591,-87.70626867
09/16/2023 11:21:00 PM,30,STOP SIGN/FLASHER,CLEAR,"DARKNESS, LIGHTED ROAD",FOUR WAY,DRY,INJURY AND / OR TOW DUE TO CRASH,,IMPROPER TURNING/NO SIGNAL,862,N,MILWAUKEE AVE,,NONINCAPACITATING INJURY,0,0,1,23,7,9,41.89751009,-87.65760212
06/23/2020 05:20:00 PM,30,STOP SIGN/FLASHER,CLEAR,DAYLIGHT,NOT DIVIDED,DRY,NO INJURY / DRIVE AWAY,,FAILING TO YIELD RIGHT-OF-WAY,1840,W,OHIO ST,,NO INDICATION OF INJURY,0,0,0,17,3,6,41.89243235,-87.67370499
06/21/2023 08:30:00 AM,30,NO CONTROLS,CLEAR,DAYLIGHT,DIVIDED - W/MEDIAN (NOT RAISED),DRY,INJURY AND / OR TOW DUE TO CRASH,Y,UNABLE TO DETERMINE,2147,W,AUGUSTA BLVD,,NONINCAPACITATING INJURY,0,0,1,8,4,6,41.8993667,-87.6814647
12/16/2015 11:40:00 PM,30,NO CONTROLS,CLEAR,"DARKNESS, LIGHTED ROAD",DIVIDED - W/MEDIAN (NOT RAISED),DRY,INJURY AND / OR TOW DUE TO CRASH,,FAILING TO YIELD RIGHT-OF-WAY,2339,N,MILWAUKEE AVE,Y,NONINCAPACITATING INJURY,0,0,1,23,4,12,41.92379232,-87.69856983
08/28/2020 06:32:00 PM,30,NO CONTROLS,CLEAR,DAYLIGHT,NOT DIVIDED,DRY,NO INJURY / DRIVE AWAY,,FAILING TO YIELD RIGHT-OF-WAY,5617,W,BELMONT AVE,Y,NO INDICATION OF INJURY,0,0,0,18,6,8,41.93845721,-87.76718147
07/29/2021 03:00:00 PM,30,NO CONTROLS,CLEAR,DAYLIGHT,NOT DIVIDED,DRY,INJURY AND / OR TOW DUE TO CRASH,,UNABLE TO DETERMINE,5441,W,WASHINGTON BLVD,,NONINCAPACITATING INJURY,0,0,1,15,5,7,41.88217516,-87.76177099
09/19/2019 03:17:00 PM,30,TRAFFIC SIGNAL,CLEAR,DAYLIGHT,NOT DIVIDED,DRY,INJURY AND / OR TOW DUE TO CRASH,,UNABLE TO DETERMINE,3698,S,ARCHER AVE,,NONINCAPACITATING INJURY,0,0,1,15,5,9,41.82638814,-87.6844122
06/20/2018 03:33:00 PM,30,NO CONTROLS,CLEAR,DAYLIGHT,NOT DIVIDED,DRY,INJURY AND / OR TOW DUE TO CRASH,,UNABLE TO DETERMINE,1522,N,HALSTED ST,Y,NONINCAPACITATING INJURY,0,0,1,15,4,6,41.9093153,-87.64838086
9/8/2022 19:05,20,TRAFFIC SIGNAL,CLEAR,DAYLIGHT,PARKING LOT,DRY,INJURY AND / OR TOW DUE TO CRASH,,FAILING TO YIELD RIGHT-OF-WAY,142,E,LA SALLE DR,,NONINCAPACITATING INJURY,0,0,1,19,5,9,41.91336077,-87.62619816
08/16/2018 10:39:00 PM,30,UNKNOWN,CLEAR,DARKNESS,PARKING LOT,DRY,INJURY AND / OR TOW DUE TO CRASH,,FAILING TO YIELD RIGHT-OF-WAY,210,W,103RD ST,,"REPORTED, NOT EVIDENT",0,0,0,22,5,8,41.70720612,-87.628815
08/14/2019 02:40:00 PM,30,NO CONTROLS,CLEAR,DAYLIGHT,NOT DIVIDED,DRY,INJURY AND / OR TOW DUE TO CRASH,,UNABLE TO DETERMINE,3425,N,DAMEN AVE,,NONINCAPACITATING INJURY,0,0,1,14,4,8,41.94401821,-87.67832882
2/8/2022 12:38,30,TRAFFIC SIGNAL,CLEAR,DAYLIGHT,FOUR WAY,DRY,INJURY AND / OR TOW DUE TO CRASH,,FAILING TO REDUCE SPEED TO AVOID CRASH,1800,S,STATE ST,,NONINCAPACITATING INJURY,0,0,1,12,3,2,41.85774485,-87.62734138
11/3/2022 7:40,30,NO CONTROLS,CLEAR,DAYLIGHT,DIVIDED - W/MEDIAN (NOT RAISED),DRY,INJURY AND / OR TOW DUE TO CRASH,,"VISION OBSCURED (SIGNS, TREE LIMBS, BUILDINGS, ETC.)",3257,W,ADDISON ST,,NONINCAPACITATING INJURY,0,0,1,7,5,11,41.9464906,-87.71009481
07/19/2019 06:00:00 PM,30,TRAFFIC SIGNAL,CLEAR,DAYLIGHT,NOT DIVIDED,DRY,INJURY AND / OR TOW DUE TO CRASH,Y,UNABLE TO DETERMINE,1300,W,NORTH AVE,,NONINCAPACITATING INJURY,0,0,1,18,6,7,41.91085036,-87.66044504
10/28/2016 04:40:00 PM,30,STOP SIGN/FLASHER,CLEAR,DAYLIGHT,NOT DIVIDED,DRY,NO INJURY / DRIVE AWAY,,FAILING TO YIELD RIGHT-OF-WAY,4501,S,CALIFORNIA AVE,,NO INDICATION OF INJURY,0,0,0,16,6,10,41.81182443,-87.69416528
08/31/2021 03:00:00 PM,30,YIELD,CLEAR,DAYLIGHT,TRAFFIC ROUTE,DRY,INJURY AND / OR TOW DUE TO CRASH,Y,DISREGARDING YIELD SIGN,2200,E,71ST ST,,"REPORTED, NOT EVIDENT",0,0,0,15,3,8,41.76639714,-87.57134594
8/3/2021 17:40,30,NO CONTROLS,CLEAR,DAYLIGHT,NOT DIVIDED,DRY,NO INJURY / DRIVE AWAY,,FOLLOWING TOO CLOSELY,1349,N,DAMEN AVE,,NO INDICATION OF INJURY,0,0,0,17,3,8,41.90642779,-87.67720597
1/2/2021 19:00,30,STOP SIGN/FLASHER,CLEAR,"DARKNESS, LIGHTED ROAD",NOT DIVIDED,DRY,INJURY AND / OR TOW DUE TO CRASH,,UNABLE TO DETERMINE,1800,S,JEFFERSON ST,,"REPORTED, NOT EVIDENT",0,0,0,19,7,1,41.85757611,-87.64200897
02/17/2018 07:58:00 PM,30,NO CONTROLS,SNOW,"DARKNESS, LIGHTED ROAD",ONE-WAY,SNOW OR SLUSH,INJURY AND / OR TOW DUE TO CRASH,,WEATHER,5710,N,PARKSIDE AVE,,INCAPACITATING INJURY,0,1,0,19,7,2,41.98512828,-87.76965145
10/15/2016 05:00:00 PM,30,NO CONTROLS,CLEAR,DUSK,DIVIDED - W/MEDIAN (NOT RAISED),DRY,NO INJURY / DRIVE AWAY,,UNABLE TO DETERMINE,840,W,BELMONT AVE,,NO INDICATION OF INJURY,0,0,0,17,7,10,41.94006927,-87.65081787
03/17/2022 03:05:00 PM,30,STOP SIGN/FLASHER,CLOUDY/OVERCAST,DAYLIGHT,FOUR WAY,DRY,INJURY AND / OR TOW DUE TO CRASH,,DRIVING SKILLS/KNOWLEDGE/EXPERIENCE,6799,N,RAVENSWOOD AVE,,NONINCAPACITATING INJURY,0,0,1,15,5,3,42.00526458,-87.67507548
06/16/2018 10:50:00 AM,30,NO CONTROLS,CLEAR,DAYLIGHT,NOT DIVIDED,DRY,INJURY AND / OR TOW DUE TO CRASH,Y,IMPROPER OVERTAKING/PASSING,5900,S,THROOP ST,,NONINCAPACITATING INJURY,0,0,1,10,7,6,41.78675615,-87.65725729
09/27/2019 09:12:00 AM,30,NO CONTROLS,CLOUDY/OVERCAST,DAYLIGHT,FOUR WAY,DRY,NO INJURY / DRIVE AWAY,,DISREGARDING STOP SIGN,3600,S,WESTERN BLVD,,NO INDICATION OF INJURY,0,0,0,9,6,9,41.82840352,-87.68455059
07/28/2018 01:00:00 PM,30,NO CONTROLS,CLEAR,DAYLIGHT,NOT DIVIDED,DRY,NO INJURY / DRIVE AWAY,,UNABLE TO DETERMINE,1300,S,STATE ST,,NO INDICATION OF INJURY,0,0,0,13,7,7,41.86565703,-87.62752942
11/7/2016 11:30,20,TRAFFIC SIGNAL,CLEAR,DAYLIGHT,NOT DIVIDED,DRY,NO INJURY / DRIVE AWAY,,UNABLE TO DETERMINE,3950,W,CORTLAND ST,,NO INDICATION OF INJURY,0,0,0,11,2,11,41.91545866,-87.72613547
07/21/2022 05:45:00 PM,30,STOP SIGN/FLASHER,CLEAR,DAYLIGHT,FOUR WAY,DRY,INJURY AND / OR TOW DUE TO CRASH,Y,FAILING TO YIELD RIGHT-OF-WAY,328,N,PAULINA ST,,NONINCAPACITATING INJURY,0,0,1,17,5,7,41.88774669,-87.66963699
9/8/2019 18:20,30,NO CONTROLS,CLEAR,DAYLIGHT,NOT DIVIDED,DRY,NO INJURY / DRIVE AWAY,Y,UNABLE TO DETERMINE,3337,W,NORTH AVE,,NO INDICATION OF INJURY,0,0,0,18,1,9,41.90995419,-87.71090488
10/20/2023 06:19:00 PM,30,NO CONTROLS,CLEAR,"DARKNESS, LIGHTED ROAD",NOT DIVIDED,DRY,INJURY AND / OR TOW DUE TO CRASH,,FAILING TO REDUCE SPEED TO AVOID CRASH,1657,W,ADDISON ST,,INCAPACITATING INJURY,0,1,0,18,6,10,41.94685123,-87.67114626
07/27/2021 08:35:00 AM,30,TRAFFIC SIGNAL,CLEAR,DAYLIGHT,FOUR WAY,DRY,INJURY AND / OR TOW DUE TO CRASH,,DISREGARDING TRAFFIC SIGNALS,1400,W,GRAND AVE,,"REPORTED, NOT EVIDENT",0,0,0,8,3,7,41.89113709,-87.66234842
9/6/2019 15:45,30,NO CONTROLS,CLEAR,DAYLIGHT,NOT DIVIDED,DRY,INJURY AND / OR TOW DUE TO CRASH,,UNABLE TO DETERMINE,799,N,MILWAUKEE AVE,,NONINCAPACITATING INJURY,0,0,1,15,6,9,41.89633211,-87.65533049
08/17/2023 01:44:00 PM,30,TRAFFIC SIGNAL,CLEAR,DAYLIGHT,NOT DIVIDED,DRY,NO INJURY / DRIVE AWAY,Y,UNABLE TO DETERMINE,6554,W,ARCHER AVE,,NO INDICATION OF INJURY,0,0,0,13,5,8,41.79236339,-87.78647639
1/5/2019 15:35,30,NO CONTROLS,CLEAR,DAYLIGHT,NOT DIVIDED,DRY,INJURY AND / OR TOW DUE TO CRASH,,NOT APPLICABLE,1868,N,CLYBOURN AVE,,NONINCAPACITATING INJURY,0,0,1,15,7,1,41.91490603,-87.65530054
5/6/2019 16:57,30,NO CONTROLS,CLEAR,DAYLIGHT,NOT DIVIDED,DRY,NO INJURY / DRIVE AWAY,,FAILING TO YIELD RIGHT-OF-WAY,6235,N,LAKEWOOD AVE,,NO INDICATION OF INJURY,0,0,0,16,2,5,41.99558219,-87.66279599
08/28/2022 10:40:00 AM,30,NO CONTROLS,CLEAR,DUSK,NOT DIVIDED,DRY,INJURY AND / OR TOW DUE TO CRASH,Y,UNABLE TO DETERMINE,4904,W,KAMERLING AVE,,NONINCAPACITATING INJURY,0,0,1,10,1,8,41.9051596,-87.74875736
10/21/2021 02:35:00 PM,30,NO CONTROLS,CLOUDY/OVERCAST,DAYLIGHT,DIVIDED - W/MEDIAN (NOT RAISED),DRY,INJURY AND / OR TOW DUE TO CRASH,,UNABLE TO DETERMINE,3943,W,ROOSEVELT RD,Y,INCAPACITATING INJURY,0,1,0,14,5,10,41.86607379,-87.72437268
8/5/2019 5:26,30,STOP SIGN/FLASHER,CLEAR,DAWN,FOUR WAY,DRY,INJURY AND / OR TOW DUE TO CRASH,,DISREGARDING STOP SIGN,2400,W,25TH ST,,NONINCAPACITATING INJURY,0,0,1,5,2,8,41.84669412,-87.68552448
06/19/2022 11:10:00 PM,30,TRAFFIC SIGNAL,CLEAR,"DARKNESS, LIGHTED ROAD",DIVIDED - W/MEDIAN (NOT RAISED),DRY,INJURY AND / OR TOW DUE TO CRASH,Y,FOLLOWING TOO CLOSELY,6801,N,WESTERN AVE,,NONINCAPACITATING INJURY,0,0,1,23,1,6,42.00508007,-87.68992475
06/28/2019 04:15:00 PM,35,TRAFFIC SIGNAL,UNKNOWN,UNKNOWN,DIVIDED - W/MEDIAN (NOT RAISED),UNKNOWN,INJURY AND / OR TOW DUE TO CRASH,,DRIVING ON WRONG SIDE/WRONG WAY,4200,W,MADISON ST,,INCAPACITATING INJURY,0,1,0,16,6,6,41.88077601,-87.73069838
11/24/2020 11:57:00 AM,10,STOP SIGN/FLASHER,RAIN,DAYLIGHT,ONE-WAY,WET,INJURY AND / OR TOW DUE TO CRASH,Y,UNABLE TO DETERMINE,1202,N,MOZART DR,,INCAPACITATING INJURY,0,2,0,11,3,11,41.90301059,-87.69828025
6/1/2019 13:20,30,NO CONTROLS,CLEAR,DAYLIGHT,NOT DIVIDED,UNKNOWN,INJURY AND / OR TOW DUE TO CRASH,,DRIVING SKILLS/KNOWLEDGE/EXPERIENCE,3150,N,HALSTED ST,Y,NONINCAPACITATING INJURY,0,0,1,13,7,6,41.9393554,-87.64939388
09/29/2023 03:00:00 PM,30,NO CONTROLS,CLEAR,DAYLIGHT,ALLEY,DRY,INJURY AND / OR TOW DUE TO CRASH,,NOT APPLICABLE,797,N,CENTRAL AVE,,NONINCAPACITATING INJURY,0,0,1,15,6,9,41.89475998,-87.76524493
01/29/2018 11:35:00 PM,15,NO CONTROLS,CLEAR,"DARKNESS, LIGHTED ROAD",ALLEY,DRY,NO INJURY / DRIVE AWAY,Y,UNABLE TO DETERMINE,1501,W,JARVIS AVE,,NO INDICATION OF INJURY,0,0,0,23,2,1,42.0159376,-87.66824411
9/2/2020 7:54,25,NO CONTROLS,CLEAR,DAYLIGHT,NOT DIVIDED,DRY,INJURY AND / OR TOW DUE TO CRASH,,FAILING TO YIELD RIGHT-OF-WAY,2021,W,ROSCOE ST,Y,NONINCAPACITATING INJURY,0,0,1,7,4,9,41.94309777,-87.67934556
10/6/2023 9:00,30,TRAFFIC SIGNAL,CLEAR,DAYLIGHT,NOT DIVIDED,UNKNOWN,INJURY AND / OR TOW DUE TO CRASH,Y,UNABLE TO DETERMINE,3098,N,CLARK ST,,"REPORTED, NOT EVIDENT",0,0,0,9,6,10,41.93771057,-87.64903211