CRASH_DATE,POSTED_SPEED_LIMIT,TRAFFIC_CONTROL_DEVICE,WEATHER_CONDITION,LIGHTING_CONDITION,TRAFFICWAY_TYPE,ROADWAY_SURFACE_COND,CRASH_TYPE,HIT_AND_RUN_I,PRIM_CONTRIBUTORY_CAUSE,STREET_NO,STREET_DIRECTION,STREET_NAME,DOORING_I,MOST_SEVERE_INJURY,INJURIES_FATAL,INJURIES_INCAPACITATING,INJURIES_NON_INCAPACITATING,CRASH_HOUR,CRASH_DAY_OF_WEEK,CRASH_MONTH,LATITUDE,LONGITUDE
8/7/2020 20:10,35,NO CONTROLS,CLEAR,DUSK,DIVIDED - W/MEDIAN (NOT RAISED),DRY,INJURY AND / OR TOW DUE TO CRASH,Y,UNABLE TO DETERMINE,2850,N,LARAMIE AVE,,INCAPACITATING INJURY,0,1,0,20,6,8,41.93294411,-87.75662406
06/18/2018 08:30:00 AM,30,NO CONTROLS,CLEAR,DAYLIGHT,NOT DIVIDED,DRY,INJURY AND / OR TOW DUE TO CRASH,,IMPROPER TURNING/NO SIGNAL,19,N,LARAMIE AVE,,NONINCAPACITATING INJURY,0,0,1,8,2,6,41.88096407,-87.75493953
09/30/2019 10:05:00 PM,30,NO CONTROLS,CLEAR,"DARKNESS, LIGHTED ROAD",NOT DIVIDED,DRY,INJURY AND / OR TOW DUE TO CRASH,,HAD BEEN DRINKING (USE WHEN ARREST IS NOT MADE),4799,N,WINTHROP AVE,,NONINCAPACITATING INJURY,0,0,1,22,2,9,41.96896166,-87.65747911
09/25/2022 06:45:00 PM,25,STOP SIGN/FLASHER,CLEAR,DAYLIGHT,NOT DIVIDED,DRY,INJURY AND / OR TOW DUE TO CRASH,,NOT APPLICABLE,1597,N,MAGNOLIA AVE,,INCAPACITATING INJURY,0,1,0,18,1,9,41.9106518,-87.65850445
11/16/2015 11:20:00 AM,30,NO CONTROLS,CLEAR,DUSK,NOT DIVIDED,DRY,NO INJURY / DRIVE AWAY,,UNABLE TO DETERMINE,225,W,DIVISION ST,,NO INDICATION OF INJURY,0,0,0,11,2,11,41.90372828,-87.63556801
05/20/2021 04:35:00 PM,30,NO CONTROLS,CLEAR,DAYLIGHT,NOT DIVIDED,DRY,INJURY AND / OR TOW DUE TO CRASH,Y,NOT APPLICABLE,2568,N,CLARK ST,,"REPORTED, NOT EVIDENT",0,0,0,16,5,5,41.92944796,-87.64292489
10/20/2021 08:15:00 AM,30,OTHER,CLEAR,DAYLIGHT,NOT DIVIDED,DRY,INJURY AND / OR TOW DUE TO CRASH,Y,UNABLE TO DETERMINE,5502,N,ORIOLE AVE,,INCAPACITATING INJURY,0,1,0,8,4,10,41.97983941,-87.81701498
03/15/2023 09:10:00 PM,15,NO CONTROLS,CLEAR,"DARKNESS, LIGHTED ROAD",PARKING LOT,DRY,INJURY AND / OR TOW DUE TO CRASH,,UNABLE TO DETERMINE,5724,S,KEDZIE AVE,,NONINCAPACITATING INJURY,0,0,1,21,4,3,41.78911255,-87.70357973
07/15/2021 08:00:00 PM,35,NO CONTROLS,CLEAR,DUSK,DIVIDED - W/MEDIAN BARRIER,DRY,INJURY AND / OR TOW DUE TO CRASH,Y,UNABLE TO DETERMINE,6501,S,ASHLAND AVE,,NONINCAPACITATING INJURY,0,0,1,20,5,7,41.77574538,-87.66397095
8/7/2020 20:05,30,STOP SIGN/FLASHER,CLEAR,DAYLIGHT,ONE-WAY,DRY,INJURY AND / OR TOW DUE TO CRASH,,FAILING TO YIELD RIGHT-OF-WAY,2399,W,ROSEMONT AVE,,"REPORTED, NOT EVIDENT",0,0,0,20,6,8,41.99580282,-87.68975906
05/21/2018 07:40:00 PM,20,YIELD,RAIN,DUSK,DIVIDED - W/MEDIAN (NOT RAISED),WET,NO INJURY / DRIVE AWAY,,FAILING TO REDUCE SPEED TO AVOID CRASH,4599,N,LAKE SHORE DR NB,,NO INDICATION OF INJURY,0,0,0,19,2,5,41.9656341,-87.64690116
10/4/2023 10:00,20,NO CONTROLS,CLEAR,DAYLIGHT,NOT DIVIDED,DRY,NO INJURY / DRIVE AWAY,,FAILING TO YIELD RIGHT-OF-WAY,1922,N,MARCEY ST,,NO INDICATION OF INJURY,0,0,0,10,4,10,41.91658318,-87.65857214
09/13/2019 06:34:00 PM,30,NO CONTROLS,CLEAR,DAYLIGHT,NOT DIVIDED,DRY,NO INJURY / DRIVE AWAY,,NOT APPLICABLE,3353,N,CLARK ST,,NO INDICATION OF INJURY,0,0,0,18,6,9,41.94313901,-87.65308394
04/25/2018 09:40:00 PM,30,TRAFFIC SIGNAL,CLEAR,"DARKNESS, LIGHTED ROAD",DIVIDED - W/MEDIAN BARRIER,UNKNOWN,INJURY AND / OR TOW DUE TO CRASH,,UNABLE TO DETERMINE,3800,W,JACKSON BLVD,,INCAPACITATING INJURY,0,1,0,21,4,4,41.87725847,-87.72075614
07/13/2023 08:38:00 PM,30,TRAFFIC SIGNAL,CLEAR,DAYLIGHT,FOUR WAY,DRY,NO INJURY / DRIVE AWAY,Y,FOLLOWING TOO CLOSELY,7600,N,PAULINA ST,,NO INDICATION OF INJURY,0,0,0,20,5,7,42.01947902,-87.67325237
06/22/2022 04:50:00 PM,30,NO CONTROLS,CLEAR,DAYLIGHT,NOT DIVIDED,DRY,NO INJURY / DRIVE AWAY,,FAILING TO YIELD RIGHT-OF-WAY,530,N,DAMEN AVE,,NO INDICATION OF INJURY,0,0,0,16,4,6,41.89172624,-87.67708002
6/11/2022 16:48,20,TRAFFIC SIGNAL,CLEAR,DAYLIGHT,NOT DIVIDED,DRY,INJURY AND / OR TOW DUE TO CRASH,Y,FOLLOWING TOO CLOSELY,3500,S,MICHIGAN AVE,,NONINCAPACITATING INJURY,0,0,1,16,7,6,41.83097013,-87.62340212
07/17/2018 08:50:00 AM,30,STOP SIGN/FLASHER,CLEAR,DAYLIGHT,NOT DIVIDED,DRY,INJURY AND / OR TOW DUE TO CRASH,Y,FAILING TO YIELD RIGHT-OF-WAY,4033,W,31ST ST,N,NONINCAPACITATING INJURY,0,0,1,8,3,7,41.83675529,-87.7256254
05/15/2019 07:20:00 AM,30,NO CONTROLS,CLEAR,DAYLIGHT,DIVIDED - W/MEDIAN (NOT RAISED),DRY,INJURY AND / OR TOW DUE TO CRASH,,"VISION OBSCURED (SIGNS, TREE LIMBS, BUILDINGS, ETC.)",3425,W,DIVERSEY AVE,,"REPORTED, NOT EVIDENT",0,0,0,7,4,5,41.93184925,-87.71327649
08/23/2023 08:10:00 AM,30,TRAFFIC SIGNAL,CLEAR,DAYLIGHT,FOUR WAY,DRY,INJURY AND / OR TOW DUE TO CRASH,,"VISION OBSCURED (SIGNS, TREE LIMBS, BUILDINGS, ETC.)",2800,W,ARMITAGE AVE,,NONINCAPACITATING INJURY,0,0,1,8,4,8,41.91759884,-87.69725375
10/17/2021 08:00:00 PM,30,STOP SIGN/FLASHER,CLEAR,"DARKNESS, LIGHTED ROAD",ONE-WAY,DRY,INJURY AND / OR TOW DUE TO CRASH,Y,UNABLE TO DETERMINE,5100,S,FRANCISCO AVE,,NONINCAPACITATING INJURY,0,0,1,20,1,10,41.80085379,-87.69658561
03/15/2019 12:20:00 PM,30,STOP SIGN/FLASHER,RAIN,DAYLIGHT,DIVIDED - W/MEDIAN BARRIER,WET,INJURY AND / OR TOW DUE TO CRASH,,DISREGARDING STOP SIGN,1199,S,HAMILTON AVE,,"REPORTED, NOT EVIDENT",0,0,0,12,6,3,41.86675542,-87.68012756
10/23/2021 09:00:00 PM,30,NO CONTROLS,CLEAR,DAYLIGHT,NOT DIVIDED,DRY,INJURY AND / OR TOW DUE TO CRASH,,FAILING TO YIELD RIGHT-OF-WAY,6230,N,BROADWAY,,NONINCAPACITATING INJURY,0,0,1,21,7,10,41.99546098,-87.66057971
9/8/2021 7:26,30,TRAFFIC SIGNAL,CLEAR,DAYLIGHT,DIVIDED - W/MEDIAN (NOT RAISED),DRY,INJURY AND / OR TOW DUE TO CRASH,,FAILING TO YIELD RIGHT-OF-WAY,3200,W,FULLERTON AVE,,"REPORTED, NOT EVIDENT",0,0,0,7,4,9,41.92482331,-87.70765315
7/3/2020 23:11,30,NO CONTROLS,CLEAR,"DARKNESS, LIGHTED ROAD",NOT DIVIDED,DRY,INJURY AND / OR TOW DUE TO CRASH,Y,UNABLE TO DETERMINE,4246,W,LAKE ST,,NONINCAPACITATING INJURY,0,0,1,23,6,7,41.88595956,-87.73259339
6/10/2021 8:51,30,NO CONTROLS,CLEAR,DAYLIGHT,NOT DIVIDED,DRY,INJURY AND / OR TOW DUE TO CRASH,,FAILING TO YIELD RIGHT-OF-WAY,6305,N,KEDZIE AVE,Y,NONINCAPACITATING INJURY,0,0,1,8,5,6,41.99582512,-87.70915716
05/21/2020 02:25:00 PM,30,TRAFFIC SIGNAL,CLOUDY/OVERCAST,DAYLIGHT,"FIVE POINT, OR MORE",DRY,INJURY AND / OR TOW DUE TO CRASH,,UNABLE TO DETERMINE,2301,N,ORCHARD ST,,NONINCAPACITATING INJURY,0,0,1,14,5,5,41.92371674,-87.64613073
6/7/2022 16:30,30,STOP SIGN/FLASHER,CLEAR,DAYLIGHT,NOT DIVIDED,DRY,INJURY AND / OR TOW DUE TO CRASH,Y,FAILING TO YIELD RIGHT-OF-WAY,3101,W,PERSHING RD,,NONINCAPACITATING INJURY,0,0,1,16,3,6,41.82252482,-87.70212242
3/1/2019 19:20,30,TRAFFIC SIGNAL,CLEAR,DARKNESS,NOT DIVIDED,DRY,INJURY AND / OR TOW DUE TO CRASH,,UNABLE TO DETERMINE,3559,W,POLK ST,,NONINCAPACITATING INJURY,0,0,1,19,6,3,41.87073153,-87.71543434
09/27/2020 12:45:00 PM,30,NO CONTROLS,CLEAR,DAYLIGHT,DIVIDED - W/MEDIAN (NOT RAISED),DRY,INJURY AND / OR TOW DUE TO CRASH,Y,UNABLE TO DETERMINE,2727,N,CLARK ST,Y,"REPORTED, NOT EVIDENT",0,0,0,12,1,9,41.93211817,-87.64456439
5/4/2018 19:26,30,NO CONTROLS,CLEAR,DAYLIGHT,DIVIDED - W/MEDIAN (NOT RAISED),DRY,INJURY AND / OR TOW DUE TO CRASH,,DISTRACTION - FROM OUTSIDE VEHICLE,5200,S,ARCHER AVE,,NONINCAPACITATING INJURY,0,0,1,19,6,5,41.80010754,-87.73446827
12/26/2018 01:05:00 PM,0,NO CONTROLS,CLEAR,DAYLIGHT,DIVIDED - W/MEDIAN (NOT RAISED),DRY,INJURY AND / OR TOW DUE TO CRASH,,FAILING TO YIELD RIGHT-OF-WAY,1531,N,CLYBOURN AVE,,NONINCAPACITATING INJURY,0,0,1,13,4,12,41.90931363,-87.64707708
10/16/2021 03:00:00 PM,30,TRAFFIC SIGNAL,CLEAR,DAYLIGHT,NOT DIVIDED,DRY,INJURY AND / OR TOW DUE TO CRASH,,FAILING TO YIELD RIGHT-OF-WAY,5100,N,KIMBALL AVE,,INCAPACITATING INJURY,0,1,0,15,7,10,41.9740108,-87.7136665
5/2/2018 18:05,30,UNKNOWN,UNKNOWN,UNKNOWN,OTHER,UNKNOWN,NO INJURY / DRIVE AWAY,,UNABLE TO DETERMINE,8700,S,PARNELL AVE,Y,NO INDICATION OF INJURY,0,0,0,18,4,5,41.73582188,-87.63767618
6/10/2016 14:15,30,NO CONTROLS,CLEAR,DAYLIGHT,DIVIDED - W/MEDIAN (NOT RAISED),DRY,NO INJURY / DRIVE AWAY,Y,UNABLE TO DETERMINE,1522,W,18TH ST,,NO INDICATION OF INJURY,0,0,0,14,6,6,41.85793107,-87.6646959
7/9/2020 11:30,15,NO CONTROLS,CLEAR,DAYLIGHT,OTHER,DRY,INJURY AND / OR TOW DUE TO CRASH,,UNABLE TO DETERMINE,10951,S,HOMAN AVE,,NONINCAPACITATING INJURY,0,0,1,11,5,7,41.69363714,-87.70569712
09/29/2021 01:00:00 PM,30,STOP SIGN/FLASHER,CLEAR,DAYLIGHT,NOT DIVIDED,DRY,NO INJURY / DRIVE AWAY,,NOT APPLICABLE,4000,N,MAJOR AVE,,NO INDICATION OF INJURY,0,0,0,13,4,9,41.9532381,-87.76959642
9/11/2021 12:00,30,TRAFFIC SIGNAL,CLEAR,DAYLIGHT,FOUR WAY,DRY,INJURY AND / OR TOW DUE TO CRASH,,DISREGARDING OTHER TRAFFIC SIGNS,100,S,COLUMBUS DR,,INCAPACITATING INJURY,0,1,0,12,7,9,41.88080566,-87.62093499
08/31/2023 05:42:00 PM,20,STOP SIGN/FLASHER,CLEAR,DAYLIGHT,FOUR WAY,DRY,INJURY AND / OR TOW DUE TO CRASH,,UNABLE TO DETERMINE,598,W,LAWRENCE DR,,NONINCAPACITATING INJURY,0,0,1,17,5,8,41.96977506,-87.64575919
05/13/2020 12:35:00 PM,30,NO CONTROLS,CLEAR,DAYLIGHT,NOT DIVIDED,DRY,INJURY AND / OR TOW DUE TO CRASH,Y,FAILING TO YIELD RIGHT-OF-WAY,1235,W,LAWRENCE AVE,,"REPORTED, NOT EVIDENT",0,0,0,12,4,5,41.96889156,-87.66127071
9/8/2022 20:47,30,STOP SIGN/FLASHER,CLEAR,"DARKNESS, LIGHTED ROAD",FOUR WAY,DRY,INJURY AND / OR TOW DUE TO CRASH,Y,DISREGARDING STOP SIGN,3922,W,DIVISION ST,,NONINCAPACITATING INJURY,0,0,1,20,5,9,41.90279374,-87.7249311
08/19/2020 05:01:00 PM,30,TRAFFIC SIGNAL,CLEAR,DAYLIGHT,FOUR WAY,DRY,INJURY AND / OR TOW DUE TO CRASH,,IMPROPER LANE USAGE,1801,W,FULLERTON AVE,,NONINCAPACITATING INJURY,0,0,1,17,4,8,41.92497947,-87.67285373
5/3/2019 8:15,25,STOP SIGN/FLASHER,CLEAR,DAYLIGHT,"FIVE POINT, OR MORE",DRY,INJURY AND / OR TOW DUE TO CRASH,,UNABLE TO DETERMINE,7599,N,GREENVIEW AVE,,NONINCAPACITATING INJURY,0,0,1,8,6,5,42.01935874,-87.66809817
5/7/2018 22:06,30,TRAFFIC SIGNAL,CLEAR,"DARKNESS, LIGHTED ROAD",NOT DIVIDED,DRY,NO INJURY / DRIVE AWAY,,DISREGARDING TRAFFIC SIGNALS,869,W,BUENA AVE,,NO INDICATION OF INJURY,0,0,0,22,2,5,41.95834533,-87.65256562
8/4/2018 1:25,30,NO CONTROLS,CLEAR,"DARKNESS, LIGHTED ROAD",ONE-WAY,DRY,INJURY AND / OR TOW DUE TO CRASH,,FAILING TO YIELD RIGHT-OF-WAY,4810,N,TROY ST,,NONINCAPACITATING INJURY,0,0,1,1,7,8,41.96883585,-87.70741588
03/25/2022 03:22:00 PM,20,NO CONTROLS,CLEAR,DAYLIGHT,NOT DIVIDED,DRY,INJURY AND / OR TOW DUE TO CRASH,,UNABLE TO DETERMINE,6638,N,GLENWOOD AVE,Y,INCAPACITATING INJURY,0,1,0,15,6,3,42.00294371,-87.66580801
05/14/2022 01:00:00 AM,30,TRAFFIC SIGNAL,CLEAR,"DARKNESS, LIGHTED ROAD",NOT DIVIDED,DRY,NO INJURY / DRIVE AWAY,,IMPROPER TURNING/NO SIGNAL,3401,W,DIVERSEY AVE,,NO INDICATION OF INJURY,0,0,0,1,7,5,41.93186852,-87.71237027
09/30/2023 10:40:00 AM,25,NO CONTROLS,CLEAR,DAYLIGHT,DIVIDED - W/MEDIAN (NOT RAISED),DRY,INJURY AND / OR TOW DUE TO CRASH,,NOT APPLICABLE,3108,S,HALSTED ST,Y,"REPORTED, NOT EVIDENT",0,0,0,10,7,9,41.83773646,-87.64641676
10/4/2022 16:34,30,UNKNOWN,CLEAR,DAYLIGHT,NOT DIVIDED,DRY,INJURY AND / OR TOW DUE TO CRASH,,UNABLE TO DETERMINE,2000,W,ADDISON ST,,"REPORTED, NOT EVIDENT",0,0,0,16,3,10,41.94697311,-87.6786162
8/5/2018 22:00,30,NO CONTROLS,CLEAR,UNKNOWN,ALLEY,DRY,INJURY AND / OR TOW DUE TO CRASH,Y,FAILING TO REDUCE SPEED TO AVOID CRASH,7100,S,HONORE ST,,NONINCAPACITATING INJURY,0,0,1,22,1,8,41.7647512,-87.67002953
06/26/2019 06:00:00 PM,30,UNKNOWN,CLEAR,UNKNOWN,NOT DIVIDED,UNKNOWN,INJURY AND / OR TOW DUE TO CRASH,Y,UNABLE TO DETERMINE,3200,W,CHICAGO AVE,,NONINCAPACITATING INJURY,0,0,1,18,4,6,41.89566259,-87.70661921
6/10/2020 9:10,35,NO CONTROLS,RAIN,DAYLIGHT,NOT DIVIDED,WET,INJURY AND / OR TOW DUE TO CRASH,,FAILING TO YIELD RIGHT-OF-WAY,2910,N,HALSTED ST,Y,INCAPACITATING INJURY,0,1,0,9,4,6,41.93490347,-87.64923522
8/6/2017 0:30,30,NO CONTROLS,CLEAR,"DARKNESS, LIGHTED ROAD",DIVIDED - W/MEDIAN (NOT RAISED),DRY,INJURY AND / OR TOW DUE TO CRASH,Y,UNABLE TO DETERMINE,5250,S,MICHIGAN AVE,,NONINCAPACITATING INJURY,0,0,1,0,1,8,41.79853764,-87.62271118
07/29/2018 07:41:00 PM,30,NO CONTROLS,CLEAR,DAYLIGHT,NOT DIVIDED,DRY,INJURY AND / OR TOW DUE TO CRASH,,FAILING TO YIELD RIGHT-OF-WAY,4120,N,CLARK ST,,NONINCAPACITATING INJURY,0,0,1,19,1,7,41.95714544,-87.66412904
7/9/2018 18:12,30,STOP SIGN/FLASHER,CLEAR,DAYLIGHT,NOT DIVIDED,DRY,INJURY AND / OR TOW DUE TO CRASH,,UNABLE TO DETERMINE,6702,S,SOUTH SHORE DR,,NONINCAPACITATING INJURY,0,0,1,18,2,7,41.7733846,-87.56687346
07/27/2017 08:03:00 AM,30,STOP SIGN/FLASHER,CLEAR,DAYLIGHT,DIVIDED - W/MEDIAN (NOT RAISED),DRY,INJURY AND / OR TOW DUE TO CRASH,,FAILING TO YIELD RIGHT-OF-WAY,1659,W,HASTINGS ST,,NONINCAPACITATING INJURY,0,0,1,8,5,7,41.86403148,-87.66869851
11/18/2021 06:50:00 PM,30,UNKNOWN,UNKNOWN,UNKNOWN,UNKNOWN,UNKNOWN,NO INJURY / DRIVE AWAY,,UNABLE TO DETERMINE,3500,W,FOSTER AVE,,NO INDICATION OF INJURY,0,0,0,18,5,11,41.97577366,-87.71605281
05/25/2023 07:40:00 AM,30,NO CONTROLS,CLEAR,DAYLIGHT,OTHER,DRY,NO INJURY / DRIVE AWAY,,UNABLE TO DETERMINE,2400,W,ROSCOE ST,,NO INDICATION OF INJURY,0,0,0,7,5,5,41.94320647,-87.68825611
3/7/2018 8:18,30,STOP SIGN/FLASHER,CLEAR,DAYLIGHT,NOT DIVIDED,DRY,INJURY AND / OR TOW DUE TO CRASH,Y,FAILING TO YIELD RIGHT-OF-WAY,542,W,KINZIE ST,,NONINCAPACITATING INJURY,0,0,1,8,4,3,41.88916512,-87.64147418
6/2/2022 12:55,30,TRAFFIC SIGNAL,CLEAR,DAYLIGHT,"FIVE POINT, OR MORE",DRY,INJURY AND / OR TOW DUE TO CRASH,Y,IMPROPER TURNING/NO SIGNAL,1759,W,ADDISON ST,,NONINCAPACITATING INJURY,0,0,1,12,5,6,41.94681766,-87.67365806
8/5/2020 17:30,30,NO CONTROLS,CLOUDY/OVERCAST,DAYLIGHT,NOT DIVIDED,DRY,INJURY AND / OR TOW DUE TO CRASH,,UNABLE TO DETERMINE,11326,S,KEDZIE AVE,,NONINCAPACITATING INJURY,0,0,1,17,4,8,41.68711317,-87.70080681
05/28/2022 04:08:00 PM,30,NO CONTROLS,CLEAR,DAYLIGHT,NOT DIVIDED,DRY,INJURY AND / OR TOW DUE TO CRASH,,DISREGARDING YIELD SIGN,1503,N,HALSTED ST,,"REPORTED, NOT EVIDENT",0,0,0,16,7,5,41.90870558,-87.64806802
11/2/2018 11:00,30,NO CONTROLS,CLEAR,DAYLIGHT,NOT DIVIDED,DRY,NO INJURY / DRIVE AWAY,,NOT APPLICABLE,6333,S,ASHLAND AVE,,NO INDICATION OF INJURY,0,0,0,11,6,11,41.77847761,-87.66404657
03/21/2019 05:30:00 PM,25,NO CONTROLS,CLEAR,DAYLIGHT,DIVIDED - W/MEDIAN (NOT RAISED),DRY,NO INJURY / DRIVE AWAY,,FAILING TO YIELD RIGHT-OF-WAY,7516,N,CLARK ST,,NO INDICATION OF INJURY,0,0,0,17,5,3,42.01836639,-87.67604271
10/4/2023 17:15,30,NO CONTROLS,CLOUDY/OVERCAST,DAYLIGHT,NOT DIVIDED,DRY,INJURY AND / OR TOW DUE TO CRASH,Y,NOT APPLICABLE,2744,N,LINCOLN AVE,Y,NONINCAPACITATING INJURY,0,0,1,17,4,10,41.93158249,-87.65755678
3/2/2021 17:57,20,TRAFFIC SIGNAL,CLEAR,DUSK,DIVIDED - W/MEDIAN BARRIER,DRY,NO INJURY / DRIVE AWAY,,FAILING TO YIELD RIGHT-OF-WAY,1600,N,LAKE SHORE DR,,NO INDICATION OF INJURY,0,0,0,17,3,3,41.91122456,-87.62648257
4/4/2023 13:50,30,NO CONTROLS,RAIN,DAYLIGHT,NOT DIVIDED,WET,INJURY AND / OR TOW DUE TO CRASH,,FOLLOWING TOO CLOSELY,900,W,WELLINGTON AVE,,NONINCAPACITATING INJURY,0,0,1,13,3,4,41.93642652,-87.6516922
2/2/2016 7:45,30,NO CONTROLS,CLEAR,DAYLIGHT,NOT DIVIDED,DRY,NO INJURY / DRIVE AWAY,Y,FAILING TO YIELD RIGHT-OF-WAY,131,S,LA SALLE ST,,NO INDICATION OF INJURY,0,0,0,7,3,2,41.88001645,-87.63216231
08/30/2022 06:01:00 PM,35,TRAFFIC SIGNAL,CLEAR,DAYLIGHT,DIVIDED - W/MEDIAN (NOT RAISED),DRY,INJURY AND / OR TOW DUE TO CRASH,,FAILING TO YIELD RIGHT-OF-WAY,2373,N,MILWAUKEE AVE,Y,NONINCAPACITATING INJURY,0,0,1,18,3,8,41.92444549,-87.69963272
04/26/2016 10:48:00 AM,30,TRAFFIC SIGNAL,CLOUDY/OVERCAST,DAYLIGHT,DIVIDED - W/MEDIAN (NOT RAISED),DRY,INJURY AND / OR TOW DUE TO CRASH,,FAILING TO YIELD RIGHT-OF-WAY,1601,W,LAKE ST,,NONINCAPACITATING INJURY,0,0,1,10,3,4,41.88521559,-87.66707769
11/16/2016 06:55:00 PM,30,TRAFFIC SIGNAL,CLEAR,"DARKNESS, LIGHTED ROAD",NOT DIVIDED,DRY,INJURY AND / OR TOW DUE TO CRASH,Y,UNABLE TO DETERMINE,430,N,DEARBORN ST,,NONINCAPACITATING INJURY,0,0,1,18,4,11,41.89007658,-87.62975524
11/4/2018 11:57,20,STOP SIGN/FLASHER,RAIN,DAYLIGHT,OTHER,WET,INJURY AND / OR TOW DUE TO CRASH,Y,UNABLE TO DETERMINE,4128,N,KEDZIE AVE,,"REPORTED, NOT EVIDENT",0,0,0,11,1,11,41.9566059,-87.70824444
08/28/2018 06:10:00 PM,30,NO CONTROLS,RAIN,DAYLIGHT,DIVIDED - W/MEDIAN (NOT RAISED),WET,INJURY AND / OR TOW DUE TO CRASH,,FAILING TO YIELD RIGHT-OF-WAY,2252,N,MILWAUKEE AVE,,NONINCAPACITATING INJURY,0,0,1,18,3,8,41.92179534,-87.69578194
05/18/2018 08:30:00 AM,30,STOP SIGN/FLASHER,CLEAR,DAYLIGHT,DIVIDED - W/MEDIAN (NOT RAISED),DRY,INJURY AND / OR TOW DUE TO CRASH,,FAILING TO YIELD RIGHT-OF-WAY,308,N,DAMEN AVE,,NONINCAPACITATING INJURY,0,0,1,8,6,5,41.88708584,-87.67694768
10/31/2023 01:30:00 PM,30,NO CONTROLS,SNOW,DAYLIGHT,ALLEY,SNOW OR SLUSH,INJURY AND / OR TOW DUE TO CRASH,Y,UNABLE TO DETERMINE,6231,N,BROADWAY,,NONINCAPACITATING INJURY,0,0,1,13,3,10,41.99549428,-87.66028637
5/3/2023 16:00,30,UNKNOWN,UNKNOWN,UNKNOWN,T-INTERSECTION,UNKNOWN,INJURY AND / OR TOW DUE TO CRASH,,UNABLE TO DETERMINE,800,N,PEORIA ST,,NONINCAPACITATING INJURY,0,0,1,16,4,5,41.8964054,-87.64994677
07/23/2018 12:10:00 PM,30,STOP SIGN/FLASHER,CLEAR,DAYLIGHT,NOT DIVIDED,DRY,INJURY AND / OR TOW DUE TO CRASH,,FAILING TO YIELD RIGHT-OF-WAY,333,N,GREEN ST,Y,NONINCAPACITATING INJURY,0,0,1,12,2,7,41.88780816,-87.64854522
04/17/2021 02:32:00 PM,30,TRAFFIC SIGNAL,CLEAR,DAYLIGHT,NOT DIVIDED,DRY,NO INJURY / DRIVE AWAY,,DISREGARDING TRAFFIC SIGNALS,1300,S,WABASH AVE,,NO INDICATION OF INJURY,0,0,0,14,7,4,41.86567587,-87.62594353
9/8/2023 7:28,15,NO CONTROLS,CLEAR,DAYLIGHT,ALLEY,DRY,INJURY AND / OR TOW DUE TO CRASH,,FAILING TO YIELD RIGHT-OF-WAY,4734,N,AUSTIN AVE,,NONINCAPACITATING INJURY,0,0,1,7,6,9,41.96690028,-87.77738733
9/5/2018 12:55,30,TRAFFIC SIGNAL,CLEAR,DAYLIGHT,NOT DIVIDED,DRY,INJURY AND / OR TOW DUE TO CRASH,,UNABLE TO DETERMINE,6397,W,GRAND AVE,,NONINCAPACITATING INJURY,0,0,1,12,4,9,41.92251046,-87.78540684
09/30/2023 08:50:00 PM,30,UNKNOWN,UNKNOWN,UNKNOWN,DIVIDED - W/MEDIAN (NOT RAISED),UNKNOWN,NO INJURY / DRIVE AWAY,,UNABLE TO DETERMINE,1418,N,WELLS ST,,NO INDICATION OF INJURY,0,0,0,20,7,9,41.9082032,-87.63476659
8/6/2020 14:30,30,STOP SIGN/FLASHER,CLEAR,DAYLIGHT,NOT DIVIDED,DRY,INJURY AND / OR TOW DUE TO CRASH,,UNABLE TO DETERMINE,5801,S,KEDZIE AVE,,NONINCAPACITATING INJURY,0,0,1,14,5,8,41.78797636,-87.70325124
10/3/2019 15:47,20,STOP SIGN/FLASHER,FOG/SMOKE/HAZE,DAYLIGHT,DIVIDED - W/MEDIAN (NOT RAISED),DRY,INJURY AND / OR TOW DUE TO CRASH,,DRIVING SKILLS/KNOWLEDGE/EXPERIENCE,3201,W,27TH ST,,"REPORTED, NOT EVIDENT",0,0,0,15,5,10,41.84258591,-87.70504246
9/12/2019 9:10,30,NO CONTROLS,RAIN,DAYLIGHT,NOT DIVIDED,WET,INJURY AND / OR TOW DUE TO CRASH,,FAILING TO YIELD RIGHT-OF-WAY,2241,S,HALSTED ST,,NONINCAPACITATING INJURY,0,0,1,9,5,9,41.85144732,-87.64631217
05/27/2018 01:50:00 PM,30,UNKNOWN,CLEAR,DAYLIGHT,DIVIDED - W/MEDIAN (NOT RAISED),DRY,INJURY AND / OR TOW DUE TO CRASH,,UNABLE TO DETERMINE,7171,N,CLARK ST,Y,NONINCAPACITATING INJURY,0,0,1,13,1,5,42.01258706,-87.67448205
05/18/2023 07:20:00 AM,30,UNKNOWN,CLEAR,DAYLIGHT,ONE-WAY,DRY,INJURY AND / OR TOW DUE TO CRASH,Y,UNABLE TO DETERMINE,4341,N,FRANCISCO AVE,,NONINCAPACITATING INJURY,0,0,1,7,5,5,41.96063272,-87.70074695
6/3/2023 7:31,30,TRAFFIC SIGNAL,CLEAR,DAYLIGHT,FOUR WAY,DRY,INJURY AND / OR TOW DUE TO CRASH,,UNABLE TO DETERMINE,486,E,GRAND AVE,,NONINCAPACITATING INJURY,0,0,1,7,7,6,41.89201673,-87.61434535