CRASH_DATE,POSTED_SPEED_LIMIT,TRAFFIC_CONTROL_DEVICE,WEATHER_CONDITION,LIGHTING_CONDITION,TRAFFICWAY_TYPE,ROADWAY_SURFACE_COND,CRASH_TYPE,HIT_AND_RUN_I,PRIM_CONTRIBUTORY_CAUSE,STREET_NO,STREET_DIRECTION,STREET_NAME,DOORING_I,MOST_SEVERE_INJURY,INJURIES_FATAL,INJURIES_INCAPACITATING,INJURIES_NON_INCAPACITATING,CRASH_HOUR,CRASH_DAY_OF_WEEK,CRASH_MONTH,LATITUDE,LONGITUDE
10/6/2022 13:20,30,NO CONTROLS,CLEAR,DAYLIGHT,NOT DIVIDED,DRY,INJURY AND / OR TOW DUE TO CRASH,,UNABLE TO DETERMINE,3100,N,OAK PARK AVE,,NONINCAPACITATING INJURY,0,0,1,13,5,10,41.93643655,-87.79578995
09/26/2022 05:53:00 AM,35,TRAFFIC SIGNAL,CLEAR,DUSK,DIVIDED - W/MEDIAN (NOT RAISED),DRY,NO INJURY / DRIVE AWAY,Y,FAILING TO YIELD RIGHT-OF-WAY,6302,S,HALSTED ST,,NO INDICATION OF INJURY,0,0,0,5,2,9,41.7796009,-87.64492967
10/21/2018 12:15:00 PM,30,NO CONTROLS,CLEAR,DAYLIGHT,DIVIDED - W/MEDIAN (NOT RAISED),DRY,INJURY AND / OR TOW DUE TO CRASH,,DRIVING SKILLS/KNOWLEDGE/EXPERIENCE,1310,S,CANAL ST,,NONINCAPACITATING INJURY,0,0,1,12,1,10,41.86531511,-87.63933389
07/31/2017 06:30:00 PM,30,NO CONTROLS,CLEAR,DAYLIGHT,NOT DIVIDED,DRY,NO INJURY / DRIVE AWAY,,UNABLE TO DETERMINE,500,W,GRAND AVE,Y,NO INDICATION OF INJURY,0,0,0,18,2,7,41.89151469,-87.64128592
09/14/2017 06:15:00 PM,30,NO CONTROLS,CLEAR,DAYLIGHT,DIVIDED - W/MEDIAN BARRIER,DRY,INJURY AND / OR TOW DUE TO CRASH,Y,UNABLE TO DETERMINE,7351,S,STONY ISLAND AVE,,NONINCAPACITATING INJURY,0,0,1,18,5,9,41.76087559,-87.58563945
07/19/2020 08:00:00 PM,30,TRAFFIC SIGNAL,CLEAR,DUSK,FOUR WAY,DRY,NO INJURY / DRIVE AWAY,,DISREGARDING TRAFFIC SIGNALS,1600,W,CORTLAND ST,,NO INDICATION OF INJURY,0,0,0,20,1,7,41.91623534,-87.66783777
08/15/2019 04:43:00 PM,30,TRAFFIC SIGNAL,CLEAR,DAYLIGHT,NOT DIVIDED,DRY,INJURY AND / OR TOW DUE TO CRASH,,IMPROPER LANE USAGE,2399,N,DAMEN AVE,Y,NONINCAPACITATING INJURY,0,0,1,16,5,8,41.92497435,-87.6777491
06/28/2018 08:55:00 AM,30,STOP SIGN/FLASHER,CLEAR,DAYLIGHT,ONE-WAY,DRY,NO INJURY / DRIVE AWAY,Y,UNABLE TO DETERMINE,3601,N,JANSSEN AVE,,NO INDICATION OF INJURY,0,0,0,8,5,6,41.9471419,-87.66508548
05/14/2023 07:47:00 PM,30,STOP SIGN/FLASHER,CLEAR,"DARKNESS, LIGHTED ROAD",NOT DIVIDED,WET,INJURY AND / OR TOW DUE TO CRASH,Y,FAILING TO YIELD RIGHT-OF-WAY,6800,N,GLENWOOD AVE,,NONINCAPACITATING INJURY,0,0,1,19,1,5,42.00549007,-87.66603283
3/2/2018 16:17,30,NO CONTROLS,CLEAR,DAYLIGHT,NOT DIVIDED,DRY,INJURY AND / OR TOW DUE TO CRASH,,UNABLE TO DETERMINE,2404,N,KOSTNER AVE,,NONINCAPACITATING INJURY,0,0,1,16,6,3,41.9245395,-87.73672735
08/20/2020 05:30:00 PM,30,NO CONTROLS,CLEAR,DAYLIGHT,NOT DIVIDED,DRY,NO INJURY / DRIVE AWAY,,UNABLE TO DETERMINE,4534,N,MILWAUKEE AVE,,NO INDICATION OF INJURY,0,0,0,17,5,8,41.963277,-87.75694533
10/20/2019 10:11:00 AM,30,STOP SIGN/FLASHER,CLEAR,DAYLIGHT,NOT DIVIDED,DRY,NO INJURY / DRIVE AWAY,,DRIVING SKILLS/KNOWLEDGE/EXPERIENCE,401,E,102ND ST,,NO INDICATION OF INJURY,0,0,0,10,1,10,41.70902866,-87.61375046
7/6/2018 7:54,35,NO CONTROLS,CLEAR,DAYLIGHT,DIVIDED - W/MEDIAN BARRIER,DRY,INJURY AND / OR TOW DUE TO CRASH,,UNABLE TO DETERMINE,3932,N,PULASKI RD,Y,NONINCAPACITATING INJURY,0,0,1,7,6,7,41.95282507,-87.72773865
08/18/2020 09:29:00 PM,30,NO CONTROLS,CLEAR,"DARKNESS, LIGHTED ROAD",RAMP,DRY,INJURY AND / OR TOW DUE TO CRASH,,UNABLE TO DETERMINE,5214,N,LAKE SHORE DR SB,,INCAPACITATING INJURY,0,1,0,21,3,8,41.97697249,-87.65095415
6/9/2019 13:40,30,NO CONTROLS,RAIN,DAYLIGHT,NOT DIVIDED,WET,INJURY AND / OR TOW DUE TO CRASH,,UNABLE TO DETERMINE,79,E,HARRISON ST,Y,NONINCAPACITATING INJURY,0,0,1,13,1,6,41.87432672,-87.62473567
12/26/2019 10:35:00 PM,30,TRAFFIC SIGNAL,CLEAR,"DARKNESS, LIGHTED ROAD",DIVIDED - W/MEDIAN (NOT RAISED),WET,INJURY AND / OR TOW DUE TO CRASH,Y,IMPROPER OVERTAKING/PASSING,1225,S,CANAL ST,,NONINCAPACITATING INJURY,0,0,1,22,5,12,41.8665453,-87.63907757
05/24/2023 06:15:00 PM,30,NO CONTROLS,CLEAR,DAYLIGHT,NOT DIVIDED,DRY,INJURY AND / OR TOW DUE TO CRASH,,NOT APPLICABLE,899,W,EASTMAN ST,,NONINCAPACITATING INJURY,0,0,1,18,4,5,41.90702295,-87.65079398
08/19/2018 12:05:00 PM,25,TRAFFIC SIGNAL,CLEAR,DAYLIGHT,NOT DIVIDED,DRY,INJURY AND / OR TOW DUE TO CRASH,,FAILING TO YIELD RIGHT-OF-WAY,2801,W,DEVON AVE,,NONINCAPACITATING INJURY,0,0,1,12,1,8,41.99745005,-87.69969979
9/10/2020 9:30,30,TRAFFIC SIGNAL,CLEAR,DAYLIGHT,NOT DIVIDED,DRY,NO INJURY / DRIVE AWAY,,UNABLE TO DETERMINE,1200,N,LARAMIE AVE,,NO INDICATION OF INJURY,0,0,0,9,5,9,41.90229274,-87.75592196
5/2/2018 9:00,30,STOP SIGN/FLASHER,CLEAR,DAYLIGHT,DIVIDED - W/MEDIAN (NOT RAISED),DRY,INJURY AND / OR TOW DUE TO CRASH,,FAILING TO YIELD RIGHT-OF-WAY,866,N,MILWAUKEE AVE,,NONINCAPACITATING INJURY,0,0,1,9,4,5,41.8975667,-87.65768824
08/28/2023 08:20:00 PM,30,TRAFFIC SIGNAL,CLEAR,"DARKNESS, LIGHTED ROAD",NOT DIVIDED,DRY,INJURY AND / OR TOW DUE TO CRASH,,FAILING TO YIELD RIGHT-OF-WAY,1999,W,ROSCOE ST,,INCAPACITATING INJURY,0,1,0,20,2,8,41.94310676,-87.67833058
05/15/2023 10:15:00 AM,30,TRAFFIC SIGNAL,CLEAR,DAYLIGHT,"FIVE POINT, OR MORE",DRY,INJURY AND / OR TOW DUE TO CRASH,,UNABLE TO DETERMINE,200,E,31ST ST,,"REPORTED, NOT EVIDENT",0,0,0,10,2,5,41.8384753,-87.62186311
4/11/2023 17:54,30,NO CONTROLS,CLEAR,DAYLIGHT,NOT DIVIDED,DRY,INJURY AND / OR TOW DUE TO CRASH,N,FAILING TO YIELD RIGHT-OF-WAY,1831,W,MONTROSE AVE,,NONINCAPACITATING INJURY,0,0,1,17,3,4,41.96138893,-87.67576725
10/4/2023 23:55,30,TRAFFIC SIGNAL,RAIN,"DARKNESS, LIGHTED ROAD",FOUR WAY,WET,INJURY AND / OR TOW DUE TO CRASH,,DISREGARDING TRAFFIC SIGNALS,150,N,STATE ST,,NONINCAPACITATING INJURY,0,0,1,23,4,10,41.88452056,-87.62805828
05/20/2023 11:00:00 AM,30,UNKNOWN,CLEAR,DAYLIGHT,DIVIDED - W/MEDIAN (NOT RAISED),UNKNOWN,NO INJURY / DRIVE AWAY,,FAILING TO YIELD RIGHT-OF-WAY,2659,W,BELMONT AVE,,NO INDICATION OF INJURY,0,0,0,11,7,5,41.93929784,-87.69515636
08/21/2020 06:00:00 PM,30,TRAFFIC SIGNAL,CLEAR,DAYLIGHT,DIVIDED - W/MEDIAN (NOT RAISED),DRY,INJURY AND / OR TOW DUE TO CRASH,,FAILING TO YIELD RIGHT-OF-WAY,5170,S,ARCHER AVE,,FATAL,1,0,0,18,6,8,41.80031303,-87.7331308
10/10/2019 8:02,30,STOP SIGN/FLASHER,CLEAR,DAYLIGHT,ONE-WAY,DRY,INJURY AND / OR TOW DUE TO CRASH,,UNABLE TO DETERMINE,1159,N,KILDARE AVE,N,NONINCAPACITATING INJURY,0,0,1,8,5,10,41.90251023,-87.73353544
07/28/2021 08:13:00 PM,30,NO CONTROLS,CLEAR,DAYLIGHT,NOT DIVIDED,DRY,INJURY AND / OR TOW DUE TO CRASH,,DRIVING ON WRONG SIDE/WRONG WAY,5310,S,ARCHER AVE,,NONINCAPACITATING INJURY,0,0,1,20,4,7,41.79927518,-87.73990096
08/31/2023 09:04:00 PM,20,NO CONTROLS,CLEAR,"DARKNESS, LIGHTED ROAD",DIVIDED - W/MEDIAN (NOT RAISED),DRY,INJURY AND / OR TOW DUE TO CRASH,,UNABLE TO DETERMINE,2773,N,MILWAUKEE AVE,Y,NONINCAPACITATING INJURY,0,0,1,21,5,8,41.93165557,-87.71141897
05/18/2019 07:25:00 PM,25,TRAFFIC SIGNAL,CLEAR,DAYLIGHT,NOT DIVIDED,DRY,INJURY AND / OR TOW DUE TO CRASH,,DISREGARDING TRAFFIC SIGNALS,1734,W,MORSE AVE,,NONINCAPACITATING INJURY,0,0,1,19,7,5,42.00788674,-87.67360841
01/21/2023 02:51:00 PM,30,NO CONTROLS,CLEAR,DAYLIGHT,DIVIDED - W/MEDIAN (NOT RAISED),DRY,INJURY AND / OR TOW DUE TO CRASH,,UNABLE TO DETERMINE,825,W,SHERIDAN RD,,NONINCAPACITATING INJURY,0,0,1,14,7,1,41.9526213,-87.65067083
07/27/2020 02:27:00 PM,20,NO CONTROLS,CLEAR,DAYLIGHT,ONE-WAY,DRY,INJURY AND / OR TOW DUE TO CRASH,,DRIVING ON WRONG SIDE/WRONG WAY,5446,S,ALBANY AVE,,INCAPACITATING INJURY,0,1,0,14,2,7,41.79398092,-87.70127578
9/4/2020 18:28,30,UNKNOWN,CLEAR,DAYLIGHT,DIVIDED - W/MEDIAN BARRIER,DRY,INJURY AND / OR TOW DUE TO CRASH,Y,UNABLE TO DETERMINE,150,N,COLUMBUS DR,,INCAPACITATING INJURY,0,1,0,18,6,9,41.88458537,-87.62079215
5/12/2022 17:48,35,NO CONTROLS,CLEAR,DAYLIGHT,ONE-WAY,UNKNOWN,INJURY AND / OR TOW DUE TO CRASH,,FAILING TO YIELD RIGHT-OF-WAY,434,E,ILLINOIS ST,N,"REPORTED, NOT EVIDENT",0,0,0,17,5,5,41.89118591,-87.61631653
06/30/2019 11:48:00 AM,30,STOP SIGN/FLASHER,CLEAR,DAYLIGHT,FOUR WAY,DRY,INJURY AND / OR TOW DUE TO CRASH,Y,UNABLE TO DETERMINE,399,E,74TH ST,,NONINCAPACITATING INJURY,0,0,1,11,1,6,41.76012335,-87.61524119
10/9/2021 3:27,30,NO CONTROLS,CLEAR,"DARKNESS, LIGHTED ROAD",NOT DIVIDED,WET,NO INJURY / DRIVE AWAY,,NOT APPLICABLE,2928,E,87TH ST,Y,NO INDICATION OF INJURY,0,0,0,3,7,10,41.73747262,-87.55273468
4/8/2019 8:45,30,TRAFFIC SIGNAL,CLEAR,DAYLIGHT,DIVIDED - W/MEDIAN BARRIER,DRY,INJURY AND / OR TOW DUE TO CRASH,,FAILING TO YIELD RIGHT-OF-WAY,1611,W,HARRISON ST,,NONINCAPACITATING INJURY,0,0,1,8,2,4,41.87408199,-87.66722276
6/7/2018 15:54,30,TRAFFIC SIGNAL,CLEAR,DAYLIGHT,NOT DIVIDED,DRY,INJURY AND / OR TOW DUE TO CRASH,,FAILING TO REDUCE SPEED TO AVOID CRASH,200,S,STATE ST,,"REPORTED, NOT EVIDENT",0,0,0,15,5,6,41.87942705,-87.62785649
5/9/2023 9:18,30,NO CONTROLS,CLEAR,DAYLIGHT,DRIVEWAY,DRY,INJURY AND / OR TOW DUE TO CRASH,,FAILING TO YIELD RIGHT-OF-WAY,3948,N,PULASKI RD,,"REPORTED, NOT EVIDENT",0,0,0,9,3,5,41.95330098,-87.72775493
6/3/2023 20:43,25,NO CONTROLS,CLEAR,DAYLIGHT,NOT DIVIDED,DRY,INJURY AND / OR TOW DUE TO CRASH,,FAILING TO YIELD RIGHT-OF-WAY,6930,S,HAMLIN AVE,,NONINCAPACITATING INJURY,0,0,1,20,7,6,41.76693858,-87.71771137
6/4/2023 0:07,30,TRAFFIC SIGNAL,CLEAR,"DARKNESS, LIGHTED ROAD","FIVE POINT, OR MORE",DRY,INJURY AND / OR TOW DUE TO CRASH,,DISREGARDING TRAFFIC SIGNALS,530,N,MILWAUKEE AVE,,NONINCAPACITATING INJURY,0,0,1,0,1,6,41.89184551,-87.64881784
04/26/2018 03:10:00 PM,30,STOP SIGN/FLASHER,CLEAR,DAYLIGHT,ONE-WAY,DRY,INJURY AND / OR TOW DUE TO CRASH,,FAILING TO YIELD RIGHT-OF-WAY,3959,N,NEWLAND AVE,,"REPORTED, NOT EVIDENT",0,0,0,15,5,4,41.95259883,-87.79976773
09/27/2020 06:14:00 PM,30,TRAFFIC SIGNAL,CLEAR,DARKNESS,NOT DIVIDED,DRY,INJURY AND / OR TOW DUE TO CRASH,Y,FOLLOWING TOO CLOSELY,2400,N,MILWAUKEE AVE,,NONINCAPACITATING INJURY,0,0,1,18,1,9,41.92472746,-87.70055267
12/30/2019 01:45:00 PM,30,TRAFFIC SIGNAL,CLOUDY/OVERCAST,DAYLIGHT,FOUR WAY,WET,INJURY AND / OR TOW DUE TO CRASH,,FAILING TO YIELD RIGHT-OF-WAY,135,W,HURON ST,,NONINCAPACITATING INJURY,0,0,1,13,2,12,41.89470321,-87.63259905
4/2/2021 12:00,30,NO CONTROLS,CLEAR,DAYLIGHT,DIVIDED - W/MEDIAN BARRIER,DRY,NO INJURY / DRIVE AWAY,Y,DRIVING ON WRONG SIDE/WRONG WAY,2655,N,ASHLAND AVE,,NO INDICATION OF INJURY,0,0,0,12,6,4,41.93030077,-87.66817823
05/17/2018 06:57:00 PM,30,TRAFFIC SIGNAL,CLEAR,DAYLIGHT,NOT DIVIDED,DRY,NO INJURY / DRIVE AWAY,,UNABLE TO DETERMINE,2859,S,HALSTED ST,,NO INDICATION OF INJURY,0,0,0,18,5,5,41.84175281,-87.64622542
04/30/2018 07:30:00 AM,30,NO CONTROLS,CLEAR,DAYLIGHT,OTHER,DRY,INJURY AND / OR TOW DUE TO CRASH,,FAILING TO YIELD RIGHT-OF-WAY,122,S,DEARBORN ST,,NONINCAPACITATING INJURY,0,0,1,7,2,4,41.8800486,-87.62950775
09/17/2021 07:45:00 PM,30,TRAFFIC SIGNAL,RAIN,"DARKNESS, LIGHTED ROAD",NOT DIVIDED,WET,NO INJURY / DRIVE AWAY,,FOLLOWING TOO CLOSELY,3232,W,FOSTER AVE,,NO INDICATION OF INJURY,0,0,0,19,6,9,41.97584077,-87.71003835
07/25/2018 02:48:00 PM,30,NO CONTROLS,CLEAR,DAYLIGHT,NOT DIVIDED,DRY,NO INJURY / DRIVE AWAY,,NOT APPLICABLE,1905,S,HALSTED ST,,NO INDICATION OF INJURY,0,0,0,14,4,7,41.8565654,-87.64645832
10/7/2017 11:09,30,NO CONTROLS,CLEAR,DAYLIGHT,NOT DIVIDED,DRY,INJURY AND / OR TOW DUE TO CRASH,,"VISION OBSCURED (SIGNS, TREE LIMBS, BUILDINGS, ETC.)",4329,W,WRIGHTWOOD AVE,,INCAPACITATING INJURY,0,1,0,11,7,10,41.92789866,-87.73539326
09/28/2021 03:40:00 PM,30,NO CONTROLS,CLEAR,DAYLIGHT,ONE-WAY,DRY,INJURY AND / OR TOW DUE TO CRASH,Y,UNABLE TO DETERMINE,1100,W,84TH ST,,NONINCAPACITATING INJURY,0,0,1,15,3,9,41.74153879,-87.65112927
11/15/2019 07:50:00 AM,25,NO CONTROLS,CLEAR,DAYLIGHT,ONE-WAY,DRY,INJURY AND / OR TOW DUE TO CRASH,Y,IMPROPER OVERTAKING/PASSING,2014,W,HURON ST,,INCAPACITATING INJURY,0,1,0,7,6,11,41.89419263,-87.67765825
10/22/2017 03:20:00 PM,30,TRAFFIC SIGNAL,RAIN,DUSK,NOT DIVIDED,WET,INJURY AND / OR TOW DUE TO CRASH,,FAILING TO YIELD RIGHT-OF-WAY,300,S,MORGAN ST,,"REPORTED, NOT EVIDENT",0,0,0,15,1,10,41.87780353,-87.65205284
07/27/2022 12:50:00 PM,30,STOP SIGN/FLASHER,CLEAR,DAYLIGHT,T-INTERSECTION,DRY,NO INJURY / DRIVE AWAY,,UNABLE TO DETERMINE,1531,W,21ST ST,,NO INDICATION OF INJURY,0,0,0,12,4,7,41.85408353,-87.66486365
09/30/2017 06:43:00 PM,30,NO CONTROLS,CLEAR,"DARKNESS, LIGHTED ROAD",NOT DIVIDED,DRY,INJURY AND / OR TOW DUE TO CRASH,,FAILING TO YIELD RIGHT-OF-WAY,4816,N,PULASKI RD,,"REPORTED, NOT EVIDENT",0,0,0,18,7,9,41.96881831,-87.72819267
09/20/2019 05:05:00 PM,30,TRAFFIC SIGNAL,CLEAR,DAYLIGHT,NOT DIVIDED,DRY,INJURY AND / OR TOW DUE TO CRASH,Y,FAILING TO YIELD RIGHT-OF-WAY,43,N,LARAMIE AVE,,NONINCAPACITATING INJURY,0,0,1,17,6,9,41.88160636,-87.75496288
06/15/2023 03:27:00 PM,30,TRAFFIC SIGNAL,CLEAR,DAYLIGHT,DIVIDED - W/MEDIAN (NOT RAISED),DRY,INJURY AND / OR TOW DUE TO CRASH,Y,FAILING TO YIELD RIGHT-OF-WAY,5958,N,CALIFORNIA AVE,,NONINCAPACITATING INJURY,0,0,1,15,5,6,41.9903471,-87.69954713
11/3/2023 16:55,30,NO CONTROLS,CLEAR,DAYLIGHT,DIVIDED - W/MEDIAN (NOT RAISED),DRY,INJURY AND / OR TOW DUE TO CRASH,,FAILING TO YIELD RIGHT-OF-WAY,210,N,HALSTED ST,,"REPORTED, NOT EVIDENT",0,0,0,16,6,11,41.8860484,-87.64763234
09/15/2018 01:02:00 PM,25,NO CONTROLS,CLEAR,DAYLIGHT,NOT DIVIDED,DRY,INJURY AND / OR TOW DUE TO CRASH,,FAILING TO YIELD RIGHT-OF-WAY,1126,W,VAN BUREN ST,,NONINCAPACITATING INJURY,0,0,1,13,7,9,41.87665593,-87.65552532
5/8/2019 21:30,30,NO CONTROLS,CLEAR,"DARKNESS, LIGHTED ROAD",NOT DIVIDED,DRY,INJURY AND / OR TOW DUE TO CRASH,,UNABLE TO DETERMINE,1512,W,MORSE AVE,,"REPORTED, NOT EVIDENT",0,0,0,21,4,5,42.00797476,-87.66844283
9/11/2016 9:10,15,NO CONTROLS,CLEAR,DAYLIGHT,ALLEY,DRY,INJURY AND / OR TOW DUE TO CRASH,,DRIVING ON WRONG SIDE/WRONG WAY,3100,N,ASHLAND AVE,,NONINCAPACITATING INJURY,0,0,1,9,1,9,41.93795273,-87.66874624
8/3/2023 20:07,30,STOP SIGN/FLASHER,CLEAR,DAYLIGHT,ONE-WAY,DRY,INJURY AND / OR TOW DUE TO CRASH,,UNABLE TO DETERMINE,9059,S,MORGAN ST,,INCAPACITATING INJURY,0,1,0,20,5,8,41.72880007,-87.64813325
09/27/2019 09:51:00 PM,30,TRAFFIC SIGNAL,RAIN,"DARKNESS, LIGHTED ROAD",ONE-WAY,WET,INJURY AND / OR TOW DUE TO CRASH,,DISREGARDING TRAFFIC SIGNALS,600,N,FRANKLIN ST,,NONINCAPACITATING INJURY,0,0,1,21,6,9,41.89240654,-87.63574363
12/8/2020 11:02,35,STOP SIGN/FLASHER,CLEAR,DAYLIGHT,NOT DIVIDED,DRY,INJURY AND / OR TOW DUE TO CRASH,,OBSTRUCTED CROSSWALKS,11799,S,STATE ST,Y,INCAPACITATING INJURY,0,1,0,11,3,12,41.67989366,-87.62257092
07/24/2018 05:30:00 PM,30,NO CONTROLS,CLEAR,DAYLIGHT,NOT DIVIDED,DRY,NO INJURY / DRIVE AWAY,,UNABLE TO DETERMINE,2721,S,CENTRAL PARK AVE,,NO INDICATION OF INJURY,0,0,0,17,3,7,41.84189414,-87.71457895
10/3/2017 8:35,30,NO CONTROLS,RAIN,DAYLIGHT,ONE-WAY,DRY,INJURY AND / OR TOW DUE TO CRASH,,IMPROPER TURNING/NO SIGNAL,480,W,WASHINGTON ST,,NONINCAPACITATING INJURY,0,0,1,8,3,10,41.88329078,-87.63968609
03/19/2020 12:43:00 PM,30,STOP SIGN/FLASHER,CLEAR,DAYLIGHT,NOT DIVIDED,WET,INJURY AND / OR TOW DUE TO CRASH,,DISREGARDING STOP SIGN,3400,N,WOLCOTT AVE,,NONINCAPACITATING INJURY,0,0,1,12,5,3,41.94328952,-87.67617968
10/23/2017 03:35:00 PM,25,LANE USE MARKING,CLEAR,DAYLIGHT,DIVIDED - W/MEDIAN (NOT RAISED),DRY,INJURY AND / OR TOW DUE TO CRASH,,UNABLE TO DETERMINE,2844,N,MILWAUKEE AVE,,"REPORTED, NOT EVIDENT",0,0,0,15,2,10,41.93288796,-87.71389903
09/23/2022 08:48:00 AM,30,STOP SIGN/FLASHER,CLEAR,DAYLIGHT,FOUR WAY,DRY,INJURY AND / OR TOW DUE TO CRASH,,FAILING TO YIELD RIGHT-OF-WAY,7600,S,MICHIGAN AVE,,NONINCAPACITATING INJURY,0,0,1,8,6,9,41.75637773,-87.62164511
8/11/2023 17:49,20,NO CONTROLS,CLEAR,DAYLIGHT,ONE-WAY,DRY,INJURY AND / OR TOW DUE TO CRASH,,NOT APPLICABLE,41,E,100TH PL,,NONINCAPACITATING INJURY,0,0,1,17,6,8,41.71163209,-87.62199695
5/2/2017 20:15,30,NO CONTROLS,CLEAR,"DARKNESS, LIGHTED ROAD",ALLEY,DRY,INJURY AND / OR TOW DUE TO CRASH,,FAILING TO YIELD RIGHT-OF-WAY,3146,W,61ST ST,,NONINCAPACITATING INJURY,0,0,1,20,3,5,41.78272409,-87.70268112
10/5/2020 15:00,30,NO CONTROLS,CLEAR,DAYLIGHT,ALLEY,DRY,NO INJURY / DRIVE AWAY,,UNABLE TO DETERMINE,3359,W,LE MOYNE ST,,NO INDICATION OF INJURY,0,0,0,15,2,10,41.90811653,-87.71172674
10/7/2019 6:30,30,STOP SIGN/FLASHER,CLEAR,DAYLIGHT,DIVIDED - W/MEDIAN (NOT RAISED),DRY,NO INJURY / DRIVE AWAY,,UNABLE TO DETERMINE,1166,W,GRAND AVE,,NO INDICATION OF INJURY,0,0,0,6,2,10,41.891191,-87.6573085
10/10/2021 2:00,30,STOP SIGN/FLASHER,RAIN,"DARKNESS, LIGHTED ROAD",NOT DIVIDED,WET,INJURY AND / OR TOW DUE TO CRASH,Y,"OPERATING VEHICLE IN ERRATIC, RECKLESS, CARELESS, NEGLIGENT OR AGGRESSIVE MANNER",3749,N,SHEFFIELD AVE,,"REPORTED, NOT EVIDENT",0,0,0,2,1,10,41.95047183,-87.65427804
08/29/2022 08:50:00 AM,30,NO CONTROLS,CLEAR,DAYLIGHT,DIVIDED - W/MEDIAN (NOT RAISED),DRY,INJURY AND / OR TOW DUE TO CRASH,Y,UNABLE TO DETERMINE,2758,N,MILWAUKEE AVE,,"REPORTED, NOT EVIDENT",0,0,0,8,2,8,41.93121777,-87.71116467
10/6/2017 17:48,30,NO CONTROLS,RAIN,DAYLIGHT,NOT DIVIDED,WET,INJURY AND / OR TOW DUE TO CRASH,Y,FAILING TO YIELD RIGHT-OF-WAY,1335,E,67TH ST,,NONINCAPACITATING INJURY,0,0,1,17,6,10,41.7731572,-87.59299185
07/22/2021 07:04:00 AM,30,NO CONTROLS,CLEAR,DAYLIGHT,NOT DIVIDED,DRY,NO INJURY / DRIVE AWAY,,"OPERATING VEHICLE IN ERRATIC, RECKLESS, CARELESS, NEGLIGENT OR AGGRESSIVE MANNER",333,N,GREEN ST,Y,NO INDICATION OF INJURY,0,0,0,7,5,7,41.88780816,-87.64854522
08/17/2018 01:45:00 PM,30,STOP SIGN/FLASHER,CLEAR,DAYLIGHT,ONE-WAY,DRY,INJURY AND / OR TOW DUE TO CRASH,,UNABLE TO DETERMINE,1,S,MASON AVE,,NONINCAPACITATING INJURY,0,0,1,13,6,8,41.88005954,-87.7728742
12/27/2018 05:15:00 PM,30,NO CONTROLS,RAIN,"DARKNESS, LIGHTED ROAD",NOT DIVIDED,WET,INJURY AND / OR TOW DUE TO CRASH,,FAILING TO REDUCE SPEED TO AVOID CRASH,650,W,28TH ST,,NONINCAPACITATING INJURY,0,0,1,17,5,12,41.84365361,-87.64359094
10/1/2019 12:00,30,OTHER WARNING SIGN,RAIN,DAYLIGHT,DIVIDED - W/MEDIAN (NOT RAISED),DRY,INJURY AND / OR TOW DUE TO CRASH,Y,IMPROPER OVERTAKING/PASSING,1816,W,PERSHING RD,,INCAPACITATING INJURY,0,1,0,12,3,10,41.8233986,-87.67094217
9/6/2018 16:08,30,NO CONTROLS,CLEAR,DAYLIGHT,DIVIDED - W/MEDIAN (NOT RAISED),DRY,INJURY AND / OR TOW DUE TO CRASH,,FAILING TO YIELD RIGHT-OF-WAY,1152,N,MILWAUKEE AVE,,NONINCAPACITATING INJURY,0,0,1,16,5,9,41.90256161,-87.66545963
12/11/2021 13:57,30,NO CONTROLS,CLEAR,DAYLIGHT,NOT DIVIDED,DRY,INJURY AND / OR TOW DUE TO CRASH,Y,FAILING TO YIELD RIGHT-OF-WAY,433,W,HARRISON ST,,INCAPACITATING INJURY,0,1,0,13,7,12,41.87430104,-87.63908212
09/25/2022 03:56:00 PM,30,TRAFFIC SIGNAL,CLEAR,DAYLIGHT,FOUR WAY,DRY,INJURY AND / OR TOW DUE TO CRASH,,FAILING TO YIELD RIGHT-OF-WAY,5198,W,FULLERTON AVE,,NONINCAPACITATING INJURY,0,0,1,15,1,9,41.92421898,-87.7560263
08/19/2020 08:00:00 PM,30,TRAFFIC SIGNAL,CLEAR,"DARKNESS, LIGHTED ROAD",NOT DIVIDED,DRY,INJURY AND / OR TOW DUE TO CRASH,,FAILING TO YIELD RIGHT-OF-WAY,1155,N,DEARBORN ST,Y,INCAPACITATING INJURY,0,1,0,20,4,8,41.90344695,-87.6298249
08/28/2019 08:20:00 AM,30,TRAFFIC SIGNAL,CLEAR,DAYLIGHT,NOT DIVIDED,DRY,NO INJURY / DRIVE AWAY,,UNABLE TO DETERMINE,1610,W,AUGUSTA BLVD,,NO INDICATION OF INJURY,0,0,0,8,4,8,41.89980887,-87.66787532
11/25/2017 09:10:00 AM,30,OTHER,CLEAR,DAYLIGHT,DIVIDED - W/MEDIAN (NOT RAISED),WET,INJURY AND / OR TOW DUE TO CRASH,,IMPROPER OVERTAKING/PASSING,3918,W,GRAND AVE,,INCAPACITATING INJURY,0,1,0,9,7,11,41.90556974,-87.7246035
07/29/2022 07:00:00 AM,15,STOP SIGN/FLASHER,CLEAR,DAYLIGHT,NOT DIVIDED,UNKNOWN,INJURY AND / OR TOW DUE TO CRASH,,UNABLE TO DETERMINE,1600,S,UNION AVE,,NONINCAPACITATING INJURY,0,0,1,7,6,7,41.8599316,-87.6450207