CRASH_DATE,POSTED_SPEED_LIMIT,TRAFFIC_CONTROL_DEVICE,WEATHER_CONDITION,LIGHTING_CONDITION,TRAFFICWAY_TYPE,ROADWAY_SURFACE_COND,CRASH_TYPE,HIT_AND_RUN_I,PRIM_CONTRIBUTORY_CAUSE,STREET_NO,STREET_DIRECTION,STREET_NAME,DOORING_I,MOST_SEVERE_INJURY,INJURIES_FATAL,INJURIES_INCAPACITATING,INJURIES_NON_INCAPACITATING,CRASH_HOUR,CRASH_DAY_OF_WEEK,CRASH_MONTH,LATITUDE,LONGITUDE
8/6/2022 17:07,30,NO CONTROLS,CLEAR,DAYLIGHT,NOT DIVIDED,DRY,INJURY AND / OR TOW DUE TO CRASH,,UNABLE TO DETERMINE,1010,W,ARMITAGE AVE,Y,NONINCAPACITATING INJURY,0,0,1,17,7,8,41.91820736,-87.65384171
10/17/2021 01:45:00 AM,30,TRAFFIC SIGNAL,CLEAR,DAYLIGHT,NOT DIVIDED,UNKNOWN,INJURY AND / OR TOW DUE TO CRASH,Y,IMPROPER OVERTAKING/PASSING,2377,N,LINCOLN AVE,,"REPORTED, NOT EVIDENT",0,0,0,1,1,10,41.9253617,-87.64842346
06/25/2020 07:10:00 PM,30,TRAFFIC SIGNAL,CLEAR,DAYLIGHT,NOT DIVIDED,DRY,INJURY AND / OR TOW DUE TO CRASH,,FAILING TO YIELD RIGHT-OF-WAY,5950,N,ELSTON AVE,,NONINCAPACITATING INJURY,0,0,1,19,5,6,41.98940755,-87.77707928
11/6/2020 20:40,35,TRAFFIC SIGNAL,CLEAR,DAYLIGHT,DIVIDED - W/MEDIAN (NOT RAISED),DRY,NO INJURY / DRIVE AWAY,,DISTRACTION - FROM OUTSIDE VEHICLE,7500,S,JEFFERY BLVD,,NO INDICATION OF INJURY,0,0,0,20,6,11,41.75878382,-87.57628665
10/4/2017 9:00,30,NO CONTROLS,RAIN,DAYLIGHT,NOT DIVIDED,WET,INJURY AND / OR TOW DUE TO CRASH,,FAILING TO YIELD RIGHT-OF-WAY,3230,W,FOSTER AVE,,NONINCAPACITATING INJURY,0,0,1,9,4,10,41.97584198,-87.70995968
06/30/2020 09:29:00 AM,30,NO CONTROLS,CLEAR,DAYLIGHT,DIVIDED - W/MEDIAN (NOT RAISED),DRY,NO INJURY / DRIVE AWAY,Y,UNABLE TO DETERMINE,641,W,35TH ST,Y,NO INDICATION OF INJURY,0,0,0,9,3,6,41.8306848,-87.64285041
11/15/2017 08:55:00 AM,25,STOP SIGN/FLASHER,RAIN,DAYLIGHT,ONE-WAY,WET,NO INJURY / DRIVE AWAY,,DISREGARDING STOP SIGN,6900,N,RAVENSWOOD AVE,,NO INDICATION OF INJURY,0,0,0,8,4,11,42.00658251,-87.67587442
07/15/2020 07:15:00 PM,30,TRAFFIC SIGNAL,RAIN,DUSK,FOUR WAY,WET,INJURY AND / OR TOW DUE TO CRASH,,UNABLE TO DETERMINE,3100,S,HALSTED ST,,NONINCAPACITATING INJURY,0,0,1,19,4,7,41.83796415,-87.64642271
07/19/2023 12:27:00 PM,30,NO CONTROLS,CLEAR,DAYLIGHT,NOT DIVIDED,DRY,INJURY AND / OR TOW DUE TO CRASH,,IMPROPER TURNING/NO SIGNAL,2323,N,LINCOLN AVE,,NONINCAPACITATING INJURY,0,0,1,12,4,7,41.92425041,-87.64687752
8/5/2020 11:58,30,TRAFFIC SIGNAL,CLOUDY/OVERCAST,DAYLIGHT,FOUR WAY,DRY,INJURY AND / OR TOW DUE TO CRASH,,DRIVING SKILLS/KNOWLEDGE/EXPERIENCE,7201,W,IRVING PARK RD,,NONINCAPACITATING INJURY,0,0,1,11,4,8,41.95265541,-87.80733132
09/13/2023 07:17:00 AM,30,NO CONTROLS,CLOUDY/OVERCAST,DAYLIGHT,DIVIDED - W/MEDIAN (NOT RAISED),DRY,NO INJURY / DRIVE AWAY,,UNABLE TO DETERMINE,882,N,MILWAUKEE AVE,,NO INDICATION OF INJURY,0,0,0,7,4,9,41.8978976,-87.65820493
2/10/2020 17:00,20,NO CONTROLS,CLEAR,"DARKNESS, LIGHTED ROAD",ONE-WAY,DRY,NO INJURY / DRIVE AWAY,,UNABLE TO DETERMINE,3175,N,BERNARD ST,,NO INDICATION OF INJURY,0,0,0,17,2,2,41.93917089,-87.71355997
8/7/2020 0:04,30,TRAFFIC SIGNAL,CLEAR,"DARKNESS, LIGHTED ROAD",CENTER TURN LANE,DRY,INJURY AND / OR TOW DUE TO CRASH,,FAILING TO YIELD RIGHT-OF-WAY,3000,W,FULLERTON AVE,,NONINCAPACITATING INJURY,0,0,1,0,6,8,41.92487124,-87.70243666
05/17/2022 09:35:00 PM,30,NO CONTROLS,RAIN,"DARKNESS, LIGHTED ROAD",NOT DIVIDED,WET,NO INJURY / DRIVE AWAY,,FAILING TO YIELD RIGHT-OF-WAY,425,W,RANDOLPH ST,,NO INDICATION OF INJURY,0,0,0,21,3,5,41.88433918,-87.63910591
05/22/2020 08:34:00 PM,25,STOP SIGN/FLASHER,CLEAR,"DARKNESS, LIGHTED ROAD",NOT DIVIDED,DRY,INJURY AND / OR TOW DUE TO CRASH,,DISREGARDING STOP SIGN,1500,W,HURON ST,,NONINCAPACITATING INJURY,0,0,1,20,6,5,41.89439093,-87.66569082
07/26/2023 08:48:00 PM,35,NO CONTROLS,CLEAR,"DARKNESS, LIGHTED ROAD",DIVIDED - W/MEDIAN (NOT RAISED),DRY,NO INJURY / DRIVE AWAY,N,NOT APPLICABLE,4301,N,CENTRAL AVE,,NO INDICATION OF INJURY,0,0,0,20,4,7,41.95870508,-87.76703838
12/1/2017 16:00,30,NO CONTROLS,CLEAR,DAYLIGHT,NOT DIVIDED,DRY,INJURY AND / OR TOW DUE TO CRASH,,DISTRACTION - FROM OUTSIDE VEHICLE,467,N,DAMEN AVE,,"REPORTED, NOT EVIDENT",0,0,0,16,6,12,41.89062048,-87.67675466
7/3/2020 21:30,30,TRAFFIC SIGNAL,CLEAR,"DARKNESS, LIGHTED ROAD",NOT DIVIDED,DRY,NO INJURY / DRIVE AWAY,,NOT APPLICABLE,1152,W,18TH ST,Y,NO INDICATION OF INJURY,0,0,0,21,6,7,41.85807912,-87.65548334
09/30/2021 01:45:00 PM,25,NO CONTROLS,CLEAR,DAYLIGHT,NOT DIVIDED,DRY,INJURY AND / OR TOW DUE TO CRASH,,UNABLE TO DETERMINE,3919,N,BROADWAY,,NONINCAPACITATING INJURY,0,0,1,13,5,9,41.95342725,-87.64964796
06/13/2017 02:30:00 PM,30,NO CONTROLS,CLEAR,DAYLIGHT,PARKING LOT,DRY,INJURY AND / OR TOW DUE TO CRASH,,UNABLE TO DETERMINE,2720,W,DEVON AVE,,"REPORTED, NOT EVIDENT",0,0,0,14,3,6,41.99769631,-87.69811829
02/28/2023 06:20:00 PM,35,STOP SIGN/FLASHER,CLEAR,DUSK,FOUR WAY,DRY,INJURY AND / OR TOW DUE TO CRASH,,UNABLE TO DETERMINE,500,E,67TH ST,,INCAPACITATING INJURY,0,1,0,18,3,2,41.7731232,-87.61298771
05/13/2018 05:15:00 PM,35,STOP SIGN/FLASHER,CLOUDY/OVERCAST,DAYLIGHT,DIVIDED - W/MEDIAN BARRIER,DRY,INJURY AND / OR TOW DUE TO CRASH,,DISREGARDING STOP SIGN,8100,S,RHODES AVE,,NONINCAPACITATING INJURY,0,0,1,17,1,5,41.74742956,-87.61133745
09/18/2022 03:49:00 PM,30,STOP SIGN/FLASHER,CLEAR,DAYLIGHT,NOT DIVIDED,DRY,INJURY AND / OR TOW DUE TO CRASH,Y,FAILING TO YIELD RIGHT-OF-WAY,6300,S,PULASKI RD,,NONINCAPACITATING INJURY,0,0,1,15,1,9,41.77863647,-87.72290636
8/12/2019 15:58,30,STOP SIGN/FLASHER,RAIN,DAYLIGHT,NOT DIVIDED,WET,NO INJURY / DRIVE AWAY,,UNABLE TO DETERMINE,2900,S,ARCHER AVE,,NO INDICATION OF INJURY,0,0,0,15,2,8,41.84185248,-87.65780104
9/3/2020 15:22,30,BICYCLE CROSSING SIGN,CLEAR,DAYLIGHT,NOT DIVIDED,DRY,INJURY AND / OR TOW DUE TO CRASH,,FAILING TO YIELD RIGHT-OF-WAY,2868,N,LINCOLN AVE,,"REPORTED, NOT EVIDENT",0,0,0,15,5,9,41.93396357,-87.66088805
2/5/2023 20:25,30,NO CONTROLS,CLEAR,"DARKNESS, LIGHTED ROAD",NOT DIVIDED,DRY,INJURY AND / OR TOW DUE TO CRASH,,UNABLE TO DETERMINE,2058,W,WABANSIA AVE,,NONINCAPACITATING INJURY,0,0,1,20,1,2,41.91236854,-87.67983735
07/15/2019 04:15:00 PM,30,BICYCLE CROSSING SIGN,CLEAR,DAYLIGHT,FOUR WAY,DRY,INJURY AND / OR TOW DUE TO CRASH,,DISREGARDING ROAD MARKINGS,3401,W,BELMONT AVE,,NONINCAPACITATING INJURY,0,0,1,16,2,7,41.93916783,-87.71254599
6/1/2021 21:18,30,NO CONTROLS,CLEAR,"DARKNESS, LIGHTED ROAD",NOT DIVIDED,DRY,NO INJURY / DRIVE AWAY,,UNABLE TO DETERMINE,433,W,HARRISON ST,,NO INDICATION OF INJURY,0,0,0,21,3,6,41.87430104,-87.63908212
11/4/2020 15:30,30,STOP SIGN/FLASHER,CLEAR,DAYLIGHT,T-INTERSECTION,DRY,INJURY AND / OR TOW DUE TO CRASH,,DISREGARDING STOP SIGN,334,W,SCHILLER ST,Y,INCAPACITATING INJURY,0,1,0,15,4,11,41.90771891,-87.63800474
10/26/2020 09:20:00 AM,30,TRAFFIC SIGNAL,SNOW,DAYLIGHT,Y-INTERSECTION,WET,INJURY AND / OR TOW DUE TO CRASH,,FAILING TO YIELD RIGHT-OF-WAY,4000,N,PULASKI RD,,NONINCAPACITATING INJURY,0,0,1,9,2,10,41.95373705,-87.72776661
08/13/2019 05:56:00 PM,30,STOP SIGN/FLASHER,CLEAR,DAYLIGHT,FOUR WAY,DRY,NO INJURY / DRIVE AWAY,,UNABLE TO DETERMINE,5299,S,BLACKSTONE AVE,,NO INDICATION OF INJURY,0,0,0,17,3,8,41.79960339,-87.5902935
10/23/2020 08:00:00 PM,30,TRAFFIC SIGNAL,CLEAR,"DARKNESS, LIGHTED ROAD",NOT DIVIDED,DRY,INJURY AND / OR TOW DUE TO CRASH,,UNABLE TO DETERMINE,4801,W,BELMONT AVE,,NONINCAPACITATING INJURY,0,0,1,20,6,10,41.93871444,-87.74699437
8/10/2020 11:04,35,TRAFFIC SIGNAL,CLEAR,DAYLIGHT,FOUR WAY,DRY,INJURY AND / OR TOW DUE TO CRASH,,UNABLE TO DETERMINE,100,S,ASHLAND AVE,,NONINCAPACITATING INJURY,0,0,1,11,2,8,41.8801009,-87.66690182
06/28/2020 09:30:00 PM,30,TRAFFIC SIGNAL,CLEAR,"DARKNESS, LIGHTED ROAD",NOT DIVIDED,DRY,INJURY AND / OR TOW DUE TO CRASH,Y,FAILING TO YIELD RIGHT-OF-WAY,2800,N,HALSTED ST,,NONINCAPACITATING INJURY,0,0,1,21,1,6,41.93276214,-87.6491605
08/17/2022 09:20:00 AM,25,STOP SIGN/FLASHER,CLEAR,DAYLIGHT,FOUR WAY,DRY,INJURY AND / OR TOW DUE TO CRASH,,"VISION OBSCURED (SIGNS, TREE LIMBS, BUILDINGS, ETC.)",10000,S,BELL AVE,,NONINCAPACITATING INJURY,0,0,1,9,4,8,41.71179538,-87.67829991
07/29/2021 11:51:00 PM,30,TRAFFIC SIGNAL,CLEAR,"DARKNESS, LIGHTED ROAD",NOT DIVIDED,DRY,INJURY AND / OR TOW DUE TO CRASH,Y,DISREGARDING TRAFFIC SIGNALS,5600,N,WINTHROP AVE,,INCAPACITATING INJURY,0,1,0,23,5,7,41.98374775,-87.65815474
06/14/2021 05:50:00 PM,30,YIELD,CLEAR,DAYLIGHT,NOT DIVIDED,DRY,INJURY AND / OR TOW DUE TO CRASH,,FAILING TO YIELD RIGHT-OF-WAY,2000,N,DAMEN AVE,,INCAPACITATING INJURY,0,1,0,17,2,6,41.91779304,-87.67776977
9/5/2023 18:00,30,NO CONTROLS,CLEAR,DAYLIGHT,NOT DIVIDED,UNKNOWN,NO INJURY / DRIVE AWAY,,IMPROPER LANE USAGE,6449,N,CALIFORNIA AVE,,NO INDICATION OF INJURY,0,0,0,18,3,9,41.99901441,-87.69954009
05/24/2020 02:41:00 PM,30,NO CONTROLS,CLEAR,DAYLIGHT,NOT DIVIDED,DRY,INJURY AND / OR TOW DUE TO CRASH,,DRIVING SKILLS/KNOWLEDGE/EXPERIENCE,541,N,HALSTED ST,,INCAPACITATING INJURY,0,1,0,14,1,5,41.89230652,-87.64745652
4/9/2019 4:03,30,STOP SIGN/FLASHER,CLEAR,"DARKNESS, LIGHTED ROAD",NOT DIVIDED,DRY,INJURY AND / OR TOW DUE TO CRASH,,DISREGARDING STOP SIGN,3232,W,GRACE ST,,NONINCAPACITATING INJURY,0,0,1,4,3,4,41.95037331,-87.70928483
09/30/2017 02:50:00 PM,30,NO CONTROLS,CLEAR,DAYLIGHT,ONE-WAY,DRY,INJURY AND / OR TOW DUE TO CRASH,Y,FAILING TO YIELD RIGHT-OF-WAY,3231,W,26TH ST,,INCAPACITATING INJURY,0,1,0,14,7,9,41.84439284,-87.70612422
04/25/2018 08:50:00 AM,30,STOP SIGN/FLASHER,CLEAR,DAYLIGHT,NOT DIVIDED,DRY,INJURY AND / OR TOW DUE TO CRASH,Y,FAILING TO YIELD RIGHT-OF-WAY,4958,W,BELMONT AVE,,NONINCAPACITATING INJURY,0,0,1,8,4,4,41.93887483,-87.75169941
7/5/2018 9:00,30,NO CONTROLS,CLEAR,DAYLIGHT,NOT DIVIDED,DRY,INJURY AND / OR TOW DUE TO CRASH,Y,NOT APPLICABLE,5820,S,ARCHER AVE,,NONINCAPACITATING INJURY,0,0,1,9,5,7,41.79628521,-87.75942156
06/17/2021 01:58:00 PM,30,TRAFFIC SIGNAL,CLEAR,DAYLIGHT,FOUR WAY,DRY,INJURY AND / OR TOW DUE TO CRASH,,DISREGARDING TRAFFIC SIGNALS,4660,W,IRVING PARK RD,,NONINCAPACITATING INJURY,0,0,1,13,5,6,41.95355444,-87.74505531
8/10/2020 7:20,30,TRAFFIC SIGNAL,CLEAR,DAYLIGHT,ONE-WAY,DRY,NO INJURY / DRIVE AWAY,,FAILING TO YIELD RIGHT-OF-WAY,140,W,GRAND AVE,,NO INDICATION OF INJURY,0,0,0,7,2,8,41.89171316,-87.6326589
9/5/2017 8:45,30,NO CONTROLS,CLEAR,DAYLIGHT,DIVIDED - W/MEDIAN (NOT RAISED),DRY,INJURY AND / OR TOW DUE TO CRASH,,UNABLE TO DETERMINE,2320,N,DAMEN AVE,,NONINCAPACITATING INJURY,0,0,1,8,3,9,41.92340679,-87.67797311
08/24/2019 08:24:00 PM,30,NO CONTROLS,CLEAR,DUSK,DIVIDED - W/MEDIAN (NOT RAISED),WET,NO INJURY / DRIVE AWAY,,UNABLE TO DETERMINE,7900,S,SOUTH CHICAGO AVE,,NO INDICATION OF INJURY,0,0,0,20,7,8,41.75133971,-87.58563227
6/10/2022 15:30,30,TRAFFIC SIGNAL,UNKNOWN,UNKNOWN,FOUR WAY,UNKNOWN,INJURY AND / OR TOW DUE TO CRASH,Y,DRIVING SKILLS/KNOWLEDGE/EXPERIENCE,7900,S,STATE ST,,NONINCAPACITATING INJURY,0,0,1,15,6,6,41.75091814,-87.62469012
08/21/2023 03:30:00 PM,30,FLASHING CONTROL SIGNAL,CLEAR,DAYLIGHT,DIVIDED - W/MEDIAN BARRIER,DRY,INJURY AND / OR TOW DUE TO CRASH,,FAILING TO YIELD RIGHT-OF-WAY,4401,W,DEVON AVE,,INCAPACITATING INJURY,0,1,0,15,2,8,41.99713975,-87.73865304
7/12/2018 19:12,30,STOP SIGN/FLASHER,CLEAR,DAYLIGHT,DIVIDED - W/MEDIAN (NOT RAISED),DRY,INJURY AND / OR TOW DUE TO CRASH,,UNABLE TO DETERMINE,1429,W,ADDISON ST,,NONINCAPACITATING INJURY,0,0,1,19,5,7,41.94693962,-87.6651664
9/5/2018 9:23,30,NO CONTROLS,CLEAR,DAYLIGHT,NOT DIVIDED,DRY,INJURY AND / OR TOW DUE TO CRASH,,IMPROPER LANE USAGE,2856,N,CLARK ST,,NONINCAPACITATING INJURY,0,0,1,9,4,9,41.93411787,-87.64612385
10/1/2022 18:09,30,STOP SIGN/FLASHER,CLEAR,DAYLIGHT,DIVIDED - W/MEDIAN (NOT RAISED),DRY,INJURY AND / OR TOW DUE TO CRASH,Y,FAILING TO YIELD RIGHT-OF-WAY,2700,W,BELMONT AVE,,INCAPACITATING INJURY,0,1,0,18,7,10,41.93951493,-87.69540111
10/24/2023 07:45:00 AM,30,STOP SIGN/FLASHER,CLEAR,DAWN,NOT DIVIDED,DRY,INJURY AND / OR TOW DUE TO CRASH,Y,UNABLE TO DETERMINE,6031,W,GRAND AVE,,NONINCAPACITATING INJURY,0,0,1,7,3,10,41.92070169,-87.77699509
8/2/2017 15:30,30,NO CONTROLS,CLEAR,DAYLIGHT,ONE-WAY,DRY,INJURY AND / OR TOW DUE TO CRASH,,FAILING TO REDUCE SPEED TO AVOID CRASH,199,W,WASHINGTON ST,,NONINCAPACITATING INJURY,0,0,1,15,4,8,41.88309981,-87.63378834
08/28/2020 07:02:00 AM,25,TRAFFIC SIGNAL,CLEAR,DAYLIGHT,NOT DIVIDED,DRY,INJURY AND / OR TOW DUE TO CRASH,,FAILING TO YIELD RIGHT-OF-WAY,4800,N,CALIFORNIA AVE,,NONINCAPACITATING INJURY,0,0,1,7,6,8,41.96858393,-87.69883783
05/26/2022 02:33:00 PM,30,NO CONTROLS,CLOUDY/OVERCAST,DAYLIGHT,DIVIDED - W/MEDIAN (NOT RAISED),DRY,INJURY AND / OR TOW DUE TO CRASH,,UNABLE TO DETERMINE,4155,N,LINCOLN AVE,Y,NONINCAPACITATING INJURY,0,0,1,14,5,5,41.95745108,-87.68090108
08/28/2023 04:23:00 PM,30,STOP SIGN/FLASHER,CLEAR,DAYLIGHT,FOUR WAY,DRY,NO INJURY / DRIVE AWAY,,FAILING TO YIELD RIGHT-OF-WAY,1158,S,FRANCISCO AVE,,NO INDICATION OF INJURY,0,0,0,16,2,8,41.86657076,-87.69849612
10/18/2017 06:00:00 PM,30,NO CONTROLS,CLEAR,"DARKNESS, LIGHTED ROAD",ALLEY,DRY,INJURY AND / OR TOW DUE TO CRASH,N,UNABLE TO DETERMINE,6815,N,WESTERN AVE,,NONINCAPACITATING INJURY,0,0,1,18,4,10,42.00551297,-87.68993292
07/30/2019 08:40:00 AM,35,STOP SIGN/FLASHER,CLEAR,DAYLIGHT,ONE-WAY,DRY,INJURY AND / OR TOW DUE TO CRASH,Y,DISREGARDING STOP SIGN,4233,W,FULLERTON AVE,,"REPORTED, NOT EVIDENT",0,0,0,8,3,7,41.92429995,-87.73302884
09/28/2021 06:21:00 PM,30,NO CONTROLS,CLEAR,DUSK,NOT DIVIDED,DRY,INJURY AND / OR TOW DUE TO CRASH,,UNABLE TO DETERMINE,1856,W,LAWRENCE AVE,Y,NONINCAPACITATING INJURY,0,0,1,18,3,9,41.9689058,-87.6761352
08/13/2019 12:40:00 PM,25,NO CONTROLS,CLEAR,DAYLIGHT,NOT DIVIDED,DRY,INJURY AND / OR TOW DUE TO CRASH,,IMPROPER LANE USAGE,2144,W,AINSLIE ST,,NONINCAPACITATING INJURY,0,0,1,12,3,8,41.97062138,-87.6834724
8/8/2018 12:26,30,TRAFFIC SIGNAL,CLEAR,DAYLIGHT,DIVIDED - W/MEDIAN (NOT RAISED),DRY,INJURY AND / OR TOW DUE TO CRASH,,CELL PHONE USE OTHER THAN TEXTING,1129,W,CHICAGO AVE,,NONINCAPACITATING INJURY,0,0,1,12,4,8,41.89613873,-87.65634571
08/18/2019 07:45:00 PM,30,STOP SIGN/FLASHER,CLEAR,DUSK,NOT DIVIDED,DRY,INJURY AND / OR TOW DUE TO CRASH,,NOT APPLICABLE,1335,N,WELLS ST,,NONINCAPACITATING INJURY,0,0,1,19,1,8,41.90679829,-87.6344319
05/17/2019 06:30:00 AM,30,NO CONTROLS,CLEAR,DAWN,ONE-WAY,DRY,INJURY AND / OR TOW DUE TO CRASH,,FAILING TO YIELD RIGHT-OF-WAY,2244,S,CHRISTIANA AVE,,INCAPACITATING INJURY,0,1,0,6,6,5,41.85038923,-87.7090134
11/6/2020 13:45,35,NO CONTROLS,CLEAR,DAYLIGHT,NOT DIVIDED,DRY,INJURY AND / OR TOW DUE TO CRASH,Y,NOT APPLICABLE,7900,S,DR MARTIN LUTHER KING JR DR,,INCAPACITATING INJURY,0,1,0,13,6,11,41.75102047,-87.61510225
09/23/2017 07:15:00 PM,30,TRAFFIC SIGNAL,CLEAR,DAYLIGHT,NOT DIVIDED,DRY,NO INJURY / DRIVE AWAY,,DISREGARDING OTHER TRAFFIC SIGNS,502,W,MONROE ST,,NO INDICATION OF INJURY,0,0,0,19,7,9,41.88069768,-87.63981545
9/2/2021 7:30,30,NO CONTROLS,CLEAR,DAYLIGHT,OTHER,DRY,NO INJURY / DRIVE AWAY,,UNABLE TO DETERMINE,48,E,GARFIELD BLVD,,NO INDICATION OF INJURY,0,0,0,7,5,9,41.79477723,-87.62391935
9/8/2016 17:15,30,NO CONTROLS,CLEAR,DAYLIGHT,NOT DIVIDED,DRY,NO INJURY / DRIVE AWAY,,IMPROPER TURNING/NO SIGNAL,1635,N,MILWAUKEE AVE,,NO INDICATION OF INJURY,0,0,0,17,5,9,41.91118819,-87.6784933
07/28/2023 12:22:00 PM,30,OTHER,CLEAR,DAYLIGHT,NOT DIVIDED,DRY,NO INJURY / DRIVE AWAY,,"VISION OBSCURED (SIGNS, TREE LIMBS, BUILDINGS, ETC.)",3241,W,MONTROSE AVE,,NO INDICATION OF INJURY,0,0,0,12,6,7,41.96105914,-87.70986796
05/27/2023 02:50:00 PM,30,NO CONTROLS,CLEAR,DAYLIGHT,FOUR WAY,DRY,INJURY AND / OR TOW DUE TO CRASH,Y,UNABLE TO DETERMINE,3699,W,ADDISON ST,,NONINCAPACITATING INJURY,0,0,1,14,7,5,41.94636141,-87.720044
1/6/2021 17:00,35,TRAFFIC SIGNAL,CLEAR,"DARKNESS, LIGHTED ROAD",DIVIDED - W/MEDIAN (NOT RAISED),OTHER,INJURY AND / OR TOW DUE TO CRASH,,DISREGARDING OTHER TRAFFIC SIGNS,2198,W,ARMITAGE AVE,,"REPORTED, NOT EVIDENT",0,0,0,17,4,1,41.91777066,-87.68240068
01/21/2021 03:18:00 PM,30,TRAFFIC SIGNAL,CLEAR,"DARKNESS, LIGHTED ROAD",NOT DIVIDED,DRY,NO INJURY / DRIVE AWAY,,IMPROPER TURNING/NO SIGNAL,800,N,MICHIGAN AVE,,NO INDICATION OF INJURY,0,0,0,15,5,1,41.89679057,-87.62438066
10/25/2021 08:20:00 PM,30,NO CONTROLS,CLEAR,"DARKNESS, LIGHTED ROAD",NOT DIVIDED,WET,INJURY AND / OR TOW DUE TO CRASH,,UNABLE TO DETERMINE,1645,W,DIVERSEY PKWY,Y,NONINCAPACITATING INJURY,0,0,1,20,2,10,41.93227104,-87.67017467
5/9/2023 6:28,30,NO CONTROLS,CLEAR,DAYLIGHT,DIVIDED - W/MEDIAN (NOT RAISED),DRY,INJURY AND / OR TOW DUE TO CRASH,,FAILING TO YIELD RIGHT-OF-WAY,1010,N,LAKE SHORE DR,,NONINCAPACITATING INJURY,0,0,1,6,3,5,41.90124191,-87.62435962
02/21/2023 02:00:00 PM,30,NO CONTROLS,CLEAR,DAYLIGHT,DIVIDED - W/MEDIAN (NOT RAISED),DRY,NO INJURY / DRIVE AWAY,,UNABLE TO DETERMINE,1418,N,MILWAUKEE AVE,,NO INDICATION OF INJURY,0,0,0,14,3,2,41.9076325,-87.67339874
07/26/2018 06:40:00 PM,30,NO CONTROLS,CLEAR,"DARKNESS, LIGHTED ROAD",ONE-WAY,DRY,INJURY AND / OR TOW DUE TO CRASH,,IMPROPER OVERTAKING/PASSING,1620,W,BARRY AVE,,NONINCAPACITATING INJURY,0,0,1,18,5,7,41.93796952,-87.66947473
10/3/2019 16:53,30,TRAFFIC SIGNAL,CLEAR,DAYLIGHT,ONE-WAY,DRY,INJURY AND / OR TOW DUE TO CRASH,Y,FOLLOWING TOO CLOSELY,498,W,MADISON ST,,NONINCAPACITATING INJURY,0,0,1,16,5,10,41.88199341,-87.63963625
03/20/2016 03:15:00 PM,30,NO CONTROLS,CLEAR,DAYLIGHT,DIVIDED - W/MEDIAN (NOT RAISED),DRY,NO INJURY / DRIVE AWAY,,UNABLE TO DETERMINE,1201,S,HALSTED ST,,NO INDICATION OF INJURY,0,0,0,15,1,3,41.86712752,-87.64677113
04/27/2018 12:33:00 PM,25,STOP SIGN/FLASHER,CLEAR,DAYLIGHT,NOT DIVIDED,DRY,INJURY AND / OR TOW DUE TO CRASH,,DRIVING ON WRONG SIDE/WRONG WAY,3859,N,SHEFFIELD AVE,,NONINCAPACITATING INJURY,0,0,1,12,6,4,41.95259946,-87.65434119
1/7/2020 19:35,25,TRAFFIC SIGNAL,CLEAR,"DARKNESS, LIGHTED ROAD",NOT DIVIDED,DRY,INJURY AND / OR TOW DUE TO CRASH,,FAILING TO YIELD RIGHT-OF-WAY,6400,N,RIDGE BLVD,,INCAPACITATING INJURY,0,1,0,19,3,1,41.99801926,-87.67701946
10/13/2022 06:00:00 PM,30,TRAFFIC SIGNAL,CLEAR,DARKNESS,FOUR WAY,DRY,INJURY AND / OR TOW DUE TO CRASH,Y,IMPROPER LANE USAGE,425,N,STATE ST,,"REPORTED, NOT EVIDENT",0,0,0,18,5,10,41.89002792,-87.62786035
07/17/2023 02:06:00 PM,25,NO CONTROLS,CLEAR,DAYLIGHT,NOT DIVIDED,DRY,INJURY AND / OR TOW DUE TO CRASH,Y,FAILING TO YIELD RIGHT-OF-WAY,1904,N,MILWAUKEE AVE,,NONINCAPACITATING INJURY,0,0,1,14,2,7,41.91599881,-87.68636741
06/24/2018 08:28:00 PM,30,TRAFFIC SIGNAL,CLEAR,"DARKNESS, LIGHTED ROAD",NOT DIVIDED,DRY,INJURY AND / OR TOW DUE TO CRASH,Y,UNABLE TO DETERMINE,6400,W,IRVING PARK RD,Y,NONINCAPACITATING INJURY,0,0,1,20,1,6,41.95302475,-87.78668324
07/31/2023 03:15:00 PM,25,NO CONTROLS,CLEAR,DAYLIGHT,NOT DIVIDED,DRY,INJURY AND / OR TOW DUE TO CRASH,,IMPROPER TURNING/NO SIGNAL,1160,N,DEARBORN ST,,NONINCAPACITATING INJURY,0,0,1,15,2,7,41.90367478,-87.63012582
11/1/2017 15:30,25,NO CONTROLS,UNKNOWN,DAYLIGHT,NOT DIVIDED,UNKNOWN,INJURY AND / OR TOW DUE TO CRASH,,UNABLE TO DETERMINE,1830,W,WILSON AVE,Y,NONINCAPACITATING INJURY,0,0,1,15,4,11,41.96525043,-87.67595017
10/8/2019 10:38,30,TRAFFIC SIGNAL,CLEAR,DAYLIGHT,FOUR WAY,DRY,INJURY AND / OR TOW DUE TO CRASH,,"VISION OBSCURED (SIGNS, TREE LIMBS, BUILDINGS, ETC.)",4000,W,ARMITAGE AVE,,INCAPACITATING INJURY,0,1,0,10,3,10,41.91727507,-87.72662275