CRASH_DATE,POSTED_SPEED_LIMIT,TRAFFIC_CONTROL_DEVICE,WEATHER_CONDITION,LIGHTING_CONDITION,TRAFFICWAY_TYPE,ROADWAY_SURFACE_COND,CRASH_TYPE,HIT_AND_RUN_I,PRIM_CONTRIBUTORY_CAUSE,STREET_NO,STREET_DIRECTION,STREET_NAME,DOORING_I,MOST_SEVERE_INJURY,INJURIES_FATAL,INJURIES_INCAPACITATING,INJURIES_NON_INCAPACITATING,CRASH_HOUR,CRASH_DAY_OF_WEEK,CRASH_MONTH,LATITUDE,LONGITUDE
5/5/2018 16:30,30,NO CONTROLS,CLEAR,DAYLIGHT,NOT DIVIDED,UNKNOWN,NO INJURY / DRIVE AWAY,,UNABLE TO DETERMINE,615,W,36TH ST,,NO INDICATION OF INJURY,0,0,0,16,7,5,41.82887236,-87.64183664
09/26/2018 04:12:00 PM,30,TRAFFIC SIGNAL,CLEAR,DAYLIGHT,NOT DIVIDED,DRY,NO INJURY / DRIVE AWAY,,UNABLE TO DETERMINE,6503,W,DIVERSEY AVE,Y,NO INDICATION OF INJURY,0,0,0,16,4,9,41.9308448,-87.78827111
12/7/2017 14:45,30,STOP SIGN/FLASHER,CLEAR,DAYLIGHT,DIVIDED - W/MEDIAN BARRIER,DRY,NO INJURY / DRIVE AWAY,,IMPROPER LANE USAGE,7900,S,CENTRAL PARK AVE,,NO INDICATION OF INJURY,0,0,0,14,5,12,41.74955218,-87.71203736
07/17/2018 04:21:00 PM,25,NO CONTROLS,CLEAR,DAYLIGHT,ONE-WAY,DRY,INJURY AND / OR TOW DUE TO CRASH,,NOT APPLICABLE,5240,N,ST LOUIS AVE,,NONINCAPACITATING INJURY,0,0,1,16,3,7,41.97689087,-87.71615141
04/21/2023 04:23:00 PM,30,TRAFFIC SIGNAL,CLEAR,DAYLIGHT,NOT DIVIDED,DRY,INJURY AND / OR TOW DUE TO CRASH,,"OPERATING VEHICLE IN ERRATIC, RECKLESS, CARELESS, NEGLIGENT OR AGGRESSIVE MANNER",654,W,ROOSEVELT RD,,NONINCAPACITATING INJURY,0,0,1,16,6,4,41.86729783,-87.64447119
05/24/2021 04:20:00 PM,15,OTHER,CLEAR,DAYLIGHT,OTHER,DRY,INJURY AND / OR TOW DUE TO CRASH,,IMPROPER OVERTAKING/PASSING,2210,W,PERSHING RD,,NONINCAPACITATING INJURY,0,0,2,16,2,5,41.82315254,-87.68056215
04/25/2018 07:45:00 AM,30,STOP SIGN/FLASHER,CLEAR,DAYLIGHT,ONE-WAY,DRY,INJURY AND / OR TOW DUE TO CRASH,,FAILING TO REDUCE SPEED TO AVOID CRASH,700,N,BISHOP ST,,NONINCAPACITATING INJURY,0,0,1,7,4,4,41.89434796,-87.66413142
12/23/2019 11:01:00 PM,30,TRAFFIC SIGNAL,CLEAR,"DARKNESS, LIGHTED ROAD",DIVIDED - W/MEDIAN (NOT RAISED),DRY,INJURY AND / OR TOW DUE TO CRASH,Y,IMPROPER LANE USAGE,1859,S,PULASKI RD,,NONINCAPACITATING INJURY,0,0,1,23,2,12,41.85533972,-87.72471008
9/4/2018 18:15,30,TRAFFIC SIGNAL,CLEAR,DAYLIGHT,ONE-WAY,DRY,NO INJURY / DRIVE AWAY,,UNABLE TO DETERMINE,1,W,ILLINOIS ST,,NO INDICATION OF INJURY,0,0,0,18,3,9,41.89075483,-87.6281141
1/11/2017 15:40,30,TRAFFIC SIGNAL,RAIN,"DARKNESS, LIGHTED ROAD",DIVIDED - W/MEDIAN (NOT RAISED),WET,NO INJURY / DRIVE AWAY,,UNABLE TO DETERMINE,5144,N,ASHLAND AVE,,NO INDICATION OF INJURY,0,0,0,15,4,1,41.97567618,-87.66975245
3/3/2020 18:10,30,NO CONTROLS,CLEAR,"DARKNESS, LIGHTED ROAD",ONE-WAY,DRY,NO INJURY / DRIVE AWAY,,UNABLE TO DETERMINE,3100,S,SPRINGFIELD AVE,,NO INDICATION OF INJURY,0,0,0,18,3,3,41.83683159,-87.72205316
05/23/2021 08:45:00 AM,35,NO CONTROLS,CLEAR,DAYLIGHT,NOT DIVIDED,DRY,INJURY AND / OR TOW DUE TO CRASH,,IMPROPER LANE USAGE,5352,N,CENTRAL AVE,Y,NONINCAPACITATING INJURY,0,0,1,8,1,5,41.97875465,-87.76856821
09/24/2019 08:00:00 AM,35,TRAFFIC SIGNAL,CLEAR,DAYLIGHT,FOUR WAY,DRY,INJURY AND / OR TOW DUE TO CRASH,,TURNING RIGHT ON RED,6300,S,CORNELL DR,,NONINCAPACITATING INJURY,0,0,1,8,3,9,41.78055215,-87.5847433
12/11/2019 15:55,30,TRAFFIC SIGNAL,CLEAR,DUSK,NOT DIVIDED,DRY,INJURY AND / OR TOW DUE TO CRASH,Y,DISREGARDING TRAFFIC SIGNALS,1600,S,STATE ST,,NONINCAPACITATING INJURY,0,0,1,15,4,12,41.8601185,-87.62740831
07/30/2022 09:30:00 AM,25,NO CONTROLS,CLEAR,DAYLIGHT,NOT DIVIDED,DRY,INJURY AND / OR TOW DUE TO CRASH,Y,IMPROPER TURNING/NO SIGNAL,754,W,35TH ST,,INCAPACITATING INJURY,0,1,0,9,7,7,41.83086292,-87.64587923
08/23/2021 06:30:00 PM,30,STOP SIGN/FLASHER,CLEAR,DAYLIGHT,NOT DIVIDED,UNKNOWN,INJURY AND / OR TOW DUE TO CRASH,,DISREGARDING OTHER TRAFFIC SIGNS,6700,N,ASHLAND AVE,,INCAPACITATING INJURY,0,1,0,18,2,8,42.00358998,-87.67069181
9/3/2018 15:10,30,TRAFFIC SIGNAL,CLOUDY/OVERCAST,DAYLIGHT,OTHER,DRY,INJURY AND / OR TOW DUE TO CRASH,,NOT APPLICABLE,98,E,127TH ST,,INCAPACITATING INJURY,0,1,0,15,2,9,41.66358819,-87.62006043
8/5/2019 11:05,25,NO CONTROLS,CLEAR,DAYLIGHT,ONE-WAY,DRY,INJURY AND / OR TOW DUE TO CRASH,,"OPERATING VEHICLE IN ERRATIC, RECKLESS, CARELESS, NEGLIGENT OR AGGRESSIVE MANNER",4253,N,KEYSTONE AVE,Y,NONINCAPACITATING INJURY,0,0,1,11,2,8,41.95884783,-87.72921888
8/12/2021 8:00,30,NO CONTROLS,CLEAR,DAYLIGHT,ONE-WAY,DRY,INJURY AND / OR TOW DUE TO CRASH,,IMPROPER LANE USAGE,259,E,ERIE ST,,NONINCAPACITATING INJURY,0,0,1,8,5,8,41.89408538,-87.62040431
10/31/2020 05:52:00 PM,30,NO CONTROLS,CLEAR,"DARKNESS, LIGHTED ROAD",NOT DIVIDED,DRY,NO INJURY / DRIVE AWAY,,NOT APPLICABLE,2915,N,SHEFFIELD AVE,,NO INDICATION OF INJURY,0,0,0,17,7,10,41.93493966,-87.65379018
07/13/2018 12:05:00 PM,30,TRAFFIC SIGNAL,CLEAR,DAYLIGHT,CENTER TURN LANE,DRY,INJURY AND / OR TOW DUE TO CRASH,,IMPROPER OVERTAKING/PASSING,2798,N,ASHLAND AVE,Y,NONINCAPACITATING INJURY,0,0,1,12,6,7,41.93231273,-87.66853724
3/5/2022 23:47,30,NO CONTROLS,RAIN,"DARKNESS, LIGHTED ROAD",NOT DIVIDED,WET,NO INJURY / DRIVE AWAY,Y,UNABLE TO DETERMINE,1342,W,NORTH AVE,,NO INDICATION OF INJURY,0,0,0,23,7,3,41.9108166,-87.66211403
8/3/2019 12:45,30,TRAFFIC SIGNAL,CLEAR,DAYLIGHT,DIVIDED - W/MEDIAN (NOT RAISED),DRY,INJURY AND / OR TOW DUE TO CRASH,,FAILING TO YIELD RIGHT-OF-WAY,6807,N,NORTHWEST HWY,Y,NONINCAPACITATING INJURY,0,0,1,12,7,8,42.00470791,-87.81897374
10/1/2023 12:57,30,NO CONTROLS,CLEAR,DAYLIGHT,NOT DIVIDED,DRY,INJURY AND / OR TOW DUE TO CRASH,Y,FAILING TO YIELD RIGHT-OF-WAY,2020,W,MONTROSE AVE,Y,NONINCAPACITATING INJURY,0,0,1,12,1,10,41.96155579,-87.67986227
7/9/2019 16:25,35,UNKNOWN,CLEAR,DAYLIGHT,CENTER TURN LANE,DRY,NO INJURY / DRIVE AWAY,,DRIVING ON WRONG SIDE/WRONG WAY,2502,N,PULASKI RD,,NO INDICATION OF INJURY,0,0,0,16,3,7,41.92646577,-87.72697298
09/29/2023 04:00:00 PM,30,NO CONTROLS,CLEAR,DAYLIGHT,NOT DIVIDED,DRY,INJURY AND / OR TOW DUE TO CRASH,Y,UNABLE TO DETERMINE,3200,N,PARIS AVE,,NONINCAPACITATING INJURY,0,0,1,16,6,9,41.93775953,-87.83015598
5/7/2019 20:22,25,NO CONTROLS,CLEAR,DAWN,DIVIDED - W/MEDIAN (NOT RAISED),DRY,INJURY AND / OR TOW DUE TO CRASH,,FAILING TO YIELD RIGHT-OF-WAY,4880,W,GRAND AVE,,NONINCAPACITATING INJURY,0,0,1,20,3,5,41.9151769,-87.74887262
07/13/2019 10:50:00 PM,25,STOP SIGN/FLASHER,CLEAR,"DARKNESS, LIGHTED ROAD",NOT DIVIDED,DRY,NO INJURY / DRIVE AWAY,,UNABLE TO DETERMINE,6800,N,CALIFORNIA AVE,,NO INDICATION OF INJURY,0,0,0,22,7,7,42.00489635,-87.69997666
10/3/2020 23:45,35,TRAFFIC SIGNAL,RAIN,"DARKNESS, LIGHTED ROAD",FOUR WAY,WET,INJURY AND / OR TOW DUE TO CRASH,,IMPROPER TURNING/NO SIGNAL,4801,W,LAWRENCE AVE,,NONINCAPACITATING INJURY,0,0,1,23,7,10,41.96791346,-87.74804877
10/12/2019 16:10,20,STOP SIGN/FLASHER,CLEAR,DAYLIGHT,ONE-WAY,DRY,INJURY AND / OR TOW DUE TO CRASH,Y,FAILING TO YIELD RIGHT-OF-WAY,4159,W,POTOMAC AVE,,"REPORTED, NOT EVIDENT",0,0,0,16,7,10,41.90429055,-87.73114831
4/9/2022 10:20,30,NO CONTROLS,CLEAR,DAYLIGHT,DRIVEWAY,DRY,INJURY AND / OR TOW DUE TO CRASH,,FAILING TO YIELD RIGHT-OF-WAY,4751,W,47TH ST,,INCAPACITATING INJURY,0,1,0,10,7,4,41.80753403,-87.74281494
10/22/2018 10:00:00 AM,30,TRAFFIC SIGNAL,CLEAR,DAYLIGHT,DIVIDED - W/MEDIAN (NOT RAISED),DRY,INJURY AND / OR TOW DUE TO CRASH,,UNABLE TO DETERMINE,352,N,LARAMIE AVE,,"REPORTED, NOT EVIDENT",0,0,0,10,2,10,41.88712537,-87.75546739
06/21/2020 01:00:00 PM,30,STOP SIGN/FLASHER,CLEAR,DAYLIGHT,DIVIDED - W/MEDIAN (NOT RAISED),DRY,INJURY AND / OR TOW DUE TO CRASH,Y,UNABLE TO DETERMINE,2000,W,63RD ST,,"REPORTED, NOT EVIDENT",0,0,0,13,1,6,41.77942466,-87.67396821
07/24/2019 06:00:00 PM,30,STOP SIGN/FLASHER,CLEAR,DAYLIGHT,NOT DIVIDED,DRY,INJURY AND / OR TOW DUE TO CRASH,,DISREGARDING STOP SIGN,2600,N,KOSTNER AVE,,NONINCAPACITATING INJURY,0,0,1,18,4,7,41.92867188,-87.73688307
02/28/2019 05:56:00 PM,30,STOP SIGN/FLASHER,CLEAR,DARKNESS,NOT DIVIDED,DRY,NO INJURY / DRIVE AWAY,,UNABLE TO DETERMINE,555,N,FRANKLIN ST,,NO INDICATION OF INJURY,0,0,0,17,5,2,41.89233016,-87.63544807
09/25/2019 07:50:00 AM,30,STOP SIGN/FLASHER,CLEAR,DAYLIGHT,NOT DIVIDED,DRY,INJURY AND / OR TOW DUE TO CRASH,,FAILING TO REDUCE SPEED TO AVOID CRASH,600,N,MILWAUKEE AVE,,INCAPACITATING INJURY,0,1,0,7,4,9,41.89268676,-87.65012127
9/5/2018 17:30,30,TRAFFIC SIGNAL,CLEAR,DAYLIGHT,ONE-WAY,DRY,INJURY AND / OR TOW DUE TO CRASH,,EXCEEDING AUTHORIZED SPEED LIMIT,5500,S,HOMAN AVE,,NONINCAPACITATING INJURY,0,0,1,17,4,9,41.79334892,-87.70860226
04/28/2018 11:25:00 AM,30,NO CONTROLS,CLEAR,DAYLIGHT,NOT DIVIDED,DRY,INJURY AND / OR TOW DUE TO CRASH,,DRIVING ON WRONG SIDE/WRONG WAY,2624,W,ADDISON ST,,NONINCAPACITATING INJURY,0,0,1,11,7,4,41.94682032,-87.69417817
09/18/2019 05:56:00 PM,30,NO CONTROLS,CLEAR,DAYLIGHT,DIVIDED - W/MEDIAN (NOT RAISED),DRY,INJURY AND / OR TOW DUE TO CRASH,,IMPROPER TURNING/NO SIGNAL,1029,W,WEBSTER AVE,,NONINCAPACITATING INJURY,0,0,1,17,4,9,41.92161062,-87.65463971
7/9/2019 14:40,30,NO CONTROLS,CLEAR,DAYLIGHT,DIVIDED - W/MEDIAN (NOT RAISED),DRY,INJURY AND / OR TOW DUE TO CRASH,,UNABLE TO DETERMINE,2809,S,LAWNDALE AVE,,NONINCAPACITATING INJURY,0,0,1,14,3,7,41.84036618,-87.71697702
8/6/2020 21:49,35,STOP SIGN/FLASHER,CLEAR,"DARKNESS, LIGHTED ROAD",NOT DIVIDED,DRY,INJURY AND / OR TOW DUE TO CRASH,,UNABLE TO DETERMINE,2030,W,DEVON AVE,,NONINCAPACITATING INJURY,0,0,1,21,5,8,41.99798573,-87.68129857
07/23/2019 04:45:00 PM,30,NO CONTROLS,CLEAR,DAYLIGHT,ONE-WAY,DRY,NO INJURY / DRIVE AWAY,,IMPROPER TURNING/NO SIGNAL,3101,N,ASHLAND AVE,,NO INDICATION OF INJURY,0,0,0,16,3,7,41.93795851,-87.66845232
12/3/2021 18:30,30,NO CONTROLS,CLEAR,"DARKNESS, LIGHTED ROAD",DIVIDED - W/MEDIAN (NOT RAISED),DRY,INJURY AND / OR TOW DUE TO CRASH,,UNABLE TO DETERMINE,2131,N,CICERO AVE,,NONINCAPACITATING INJURY,0,0,1,18,6,12,41.91971799,-87.74604439
9/6/2017 17:00,30,NO CONTROLS,CLOUDY/OVERCAST,DAYLIGHT,DIVIDED - W/MEDIAN BARRIER,DRY,INJURY AND / OR TOW DUE TO CRASH,Y,UNABLE TO DETERMINE,5902,W,MADISON ST,,NONINCAPACITATING INJURY,0,0,1,17,4,9,41.88024165,-87.77193191
7/3/2023 13:27,10,STOP SIGN/FLASHER,CLEAR,DAYLIGHT,DRIVEWAY,DRY,INJURY AND / OR TOW DUE TO CRASH,,DISREGARDING STOP SIGN,1210,S,INDIANA AVE,,NONINCAPACITATING INJURY,0,0,1,13,2,7,41.86713652,-87.62269374
10/24/2021 09:05:00 PM,30,TRAFFIC SIGNAL,RAIN,"DARKNESS, LIGHTED ROAD",NOT DIVIDED,WET,NO INJURY / DRIVE AWAY,Y,UNABLE TO DETERMINE,2398,N,LINCOLN AVE,,NO INDICATION OF INJURY,0,0,0,21,1,10,41.92532106,-87.64878925
05/18/2020 02:00:00 PM,30,NO CONTROLS,CLEAR,DAYLIGHT,NOT DIVIDED,DRY,INJURY AND / OR TOW DUE TO CRASH,Y,UNABLE TO DETERMINE,4700,W,MADISON ST,,"REPORTED, NOT EVIDENT",0,0,0,14,2,5,41.88063406,-87.74295473
11/7/2019 20:00,25,TRAFFIC SIGNAL,CLEAR,DARKNESS,DIVIDED - W/MEDIAN (NOT RAISED),UNKNOWN,INJURY AND / OR TOW DUE TO CRASH,,FAILING TO YIELD RIGHT-OF-WAY,3808,W,ARMITAGE AVE,Y,NONINCAPACITATING INJURY,0,0,1,20,5,11,41.91732733,-87.72204441
8/1/2020 23:40,30,NO CONTROLS,RAIN,"DARKNESS, LIGHTED ROAD",NOT DIVIDED,WET,NO INJURY / DRIVE AWAY,,FOLLOWING TOO CLOSELY,2942,N,ELSTON AVE,,NO INDICATION OF INJURY,0,0,0,23,7,8,41.93483325,-87.69189921
03/29/2018 04:35:00 PM,30,NO CONTROLS,CLEAR,DAYLIGHT,NOT DIVIDED,DRY,INJURY AND / OR TOW DUE TO CRASH,,UNABLE TO DETERMINE,1700,N,KOSTNER AVE,,NONINCAPACITATING INJURY,0,0,1,16,5,3,41.91167236,-87.73631206
10/17/2018 08:47:00 AM,30,NO CONTROLS,CLEAR,DAYLIGHT,DIVIDED - W/MEDIAN (NOT RAISED),DRY,INJURY AND / OR TOW DUE TO CRASH,,FAILING TO YIELD RIGHT-OF-WAY,4339,N,SHERIDAN RD,,NONINCAPACITATING INJURY,0,0,1,8,4,10,41.96106699,-87.65458226
2/2/2020 13:45,30,STOP SIGN/FLASHER,CLEAR,DAYLIGHT,DIVIDED - W/MEDIAN (NOT RAISED),DRY,INJURY AND / OR TOW DUE TO CRASH,,CELL PHONE USE OTHER THAN TEXTING,2931,N,CLARK ST,,"REPORTED, NOT EVIDENT",0,0,0,13,1,2,41.93576599,-87.64711724
10/15/2020 05:00:00 PM,30,NO CONTROLS,CLEAR,DAYLIGHT,NOT DIVIDED,DRY,INJURY AND / OR TOW DUE TO CRASH,,FAILING TO YIELD RIGHT-OF-WAY,2143,N,DAMEN AVE,,NONINCAPACITATING INJURY,0,0,1,17,5,10,41.92082941,-87.67758533
6/9/2023 15:33,30,NO CONTROLS,CLEAR,DAYLIGHT,ONE-WAY,DRY,NO INJURY / DRIVE AWAY,,FAILING TO YIELD RIGHT-OF-WAY,217,W,WASHINGTON ST,,NO INDICATION OF INJURY,0,0,0,15,6,6,41.88310003,-87.63437825
8/11/2018 15:41,30,TRAFFIC SIGNAL,CLEAR,DAYLIGHT,DIVIDED - W/MEDIAN (NOT RAISED),DRY,INJURY AND / OR TOW DUE TO CRASH,,FAILING TO YIELD RIGHT-OF-WAY,10300,S,KEDZIE AVE,,NONINCAPACITATING INJURY,0,0,1,15,7,8,41.70608296,-87.70146672
08/30/2019 03:25:00 PM,30,TRAFFIC SIGNAL,CLEAR,DAYLIGHT,DIVIDED - W/MEDIAN (NOT RAISED),DRY,INJURY AND / OR TOW DUE TO CRASH,,FAILING TO REDUCE SPEED TO AVOID CRASH,1140,N,CENTRAL PARK AVE,,NONINCAPACITATING INJURY,0,0,1,15,6,8,41.90217184,-87.71668927
08/17/2018 09:20:00 PM,30,NO CONTROLS,CLEAR,"DARKNESS, LIGHTED ROAD",OTHER,DRY,NO INJURY / DRIVE AWAY,,UNABLE TO DETERMINE,2301,S,DR MARTIN LUTHER KING JR DR,,NO INDICATION OF INJURY,0,0,0,21,6,8,41.85119984,-87.61881948
05/28/2023 11:30:00 AM,30,NO CONTROLS,CLEAR,DAYLIGHT,ONE-WAY,DRY,NO INJURY / DRIVE AWAY,,UNABLE TO DETERMINE,136,E,LOWER ILLINOIS ST,,NO INDICATION OF INJURY,0,0,0,11,1,5,41.8910217,-87.62409634
06/29/2018 10:24:00 PM,30,TRAFFIC SIGNAL,CLEAR,"DARKNESS, LIGHTED ROAD",NOT DIVIDED,DRY,INJURY AND / OR TOW DUE TO CRASH,,UNABLE TO DETERMINE,1616,N,WELLS ST,Y,INCAPACITATING INJURY,0,1,0,22,6,6,41.91167374,-87.63487362
01/26/2018 09:05:00 AM,30,TRAFFIC SIGNAL,CLEAR,DAYLIGHT,NOT DIVIDED,DRY,INJURY AND / OR TOW DUE TO CRASH,,FAILING TO YIELD RIGHT-OF-WAY,2759,W,DEVON AVE,,NONINCAPACITATING INJURY,0,0,1,9,6,1,41.99745454,-87.69943283
05/17/2018 09:00:00 AM,30,NO CONTROLS,CLEAR,DAYLIGHT,DRIVEWAY,DRY,NO INJURY / DRIVE AWAY,,UNABLE TO DETERMINE,6200,N,CICERO AVE,,NO INDICATION OF INJURY,0,0,0,9,5,5,41.99316019,-87.7484821
1/6/2019 0:26,30,NO CONTROLS,CLEAR,"DARKNESS, LIGHTED ROAD",DIVIDED - W/MEDIAN (NOT RAISED),DRY,INJURY AND / OR TOW DUE TO CRASH,Y,UNDER THE INFLUENCE OF ALCOHOL/DRUGS (USE WHEN ARREST IS EFFECTED),329,S,PULASKI RD,,INCAPACITATING INJURY,0,1,1,0,1,1,41.87622609,-87.72537014
1/12/2018 18:20,30,STOP SIGN/FLASHER,OTHER,"DARKNESS, LIGHTED ROAD",DIVIDED - W/MEDIAN (NOT RAISED),SNOW OR SLUSH,INJURY AND / OR TOW DUE TO CRASH,Y,UNABLE TO DETERMINE,2703,N,MILWAUKEE AVE,,INCAPACITATING INJURY,0,1,0,18,6,1,41.93040615,-87.70936315
06/30/2019 02:45:00 PM,30,NO CONTROLS,RAIN,DAYLIGHT,ONE-WAY,WET,INJURY AND / OR TOW DUE TO CRASH,Y,UNABLE TO DETERMINE,738,N,CLARK ST,Y,"REPORTED, NOT EVIDENT",0,0,0,14,1,6,41.89600475,-87.63138052
9/11/2018 12:50,30,NO CONTROLS,CLEAR,DAYLIGHT,DIVIDED - W/MEDIAN (NOT RAISED),DRY,INJURY AND / OR TOW DUE TO CRASH,,FAILING TO YIELD RIGHT-OF-WAY,2023,W,CHICAGO AVE,,NONINCAPACITATING INJURY,0,0,1,12,3,9,41.89578388,-87.67800686
10/28/2019 05:20:00 PM,30,NO CONTROLS,CLEAR,"DARKNESS, LIGHTED ROAD",NOT DIVIDED,DRY,INJURY AND / OR TOW DUE TO CRASH,Y,UNABLE TO DETERMINE,668,N,KINGSBURY ST,,NONINCAPACITATING INJURY,0,0,1,17,2,10,41.89429668,-87.64162115
07/14/2018 09:30:00 PM,25,NO CONTROLS,CLEAR,"DARKNESS, LIGHTED ROAD",ONE-WAY,DRY,INJURY AND / OR TOW DUE TO CRASH,,"VISION OBSCURED (SIGNS, TREE LIMBS, BUILDINGS, ETC.)",2041,W,FARWELL AVE,,NONINCAPACITATING INJURY,0,0,1,21,7,7,42.00629518,-87.68232712
6/6/2022 16:30,30,TRAFFIC SIGNAL,CLEAR,DAYLIGHT,DIVIDED - W/MEDIAN (NOT RAISED),DRY,INJURY AND / OR TOW DUE TO CRASH,Y,IMPROPER TURNING/NO SIGNAL,500,N,DAMEN AVE,,NONINCAPACITATING INJURY,0,0,1,16,2,6,41.89085721,-87.67705687
9/3/2020 14:55,30,NO CONTROLS,UNKNOWN,DAYLIGHT,DIVIDED - W/MEDIAN (NOT RAISED),UNKNOWN,INJURY AND / OR TOW DUE TO CRASH,,UNABLE TO DETERMINE,2646,W,FULLERTON AVE,,NONINCAPACITATING INJURY,0,0,1,14,5,9,41.92494661,-87.69436297
7/3/2022 16:50,30,UNKNOWN,CLEAR,DAYLIGHT,OTHER,DRY,NO INJURY / DRIVE AWAY,,UNABLE TO DETERMINE,4000,N,BROADWAY,,NO INDICATION OF INJURY,0,0,0,16,1,7,41.95454578,-87.65069277
11/20/2022 03:36:00 PM,30,NO CONTROLS,CLEAR,DAYLIGHT,DIVIDED - W/MEDIAN (NOT RAISED),DRY,INJURY AND / OR TOW DUE TO CRASH,N,UNABLE TO DETERMINE,3131,N,CLARK ST,Y,NONINCAPACITATING INJURY,0,0,1,15,1,11,41.93858787,-87.649396
04/27/2021 10:20:00 AM,25,NO CONTROLS,CLEAR,DAYLIGHT,OTHER,DRY,INJURY AND / OR TOW DUE TO CRASH,,"VISION OBSCURED (SIGNS, TREE LIMBS, BUILDINGS, ETC.)",1315,W,GEORGE ST,,NONINCAPACITATING INJURY,0,0,1,10,3,4,41.93421653,-87.6618434
7/5/2020 14:30,30,NO CONTROLS,CLEAR,DAYLIGHT,DIVIDED - W/MEDIAN (NOT RAISED),DRY,NO INJURY / DRIVE AWAY,,UNABLE TO DETERMINE,4621,N,SHERIDAN RD,Y,NO INDICATION OF INJURY,0,0,0,14,1,7,41.96600833,-87.65464368
9/9/2023 13:00,30,TRAFFIC SIGNAL,CLEAR,DAYLIGHT,"FIVE POINT, OR MORE",DRY,INJURY AND / OR TOW DUE TO CRASH,,UNABLE TO DETERMINE,3900,N,MILWAUKEE AVE,,NONINCAPACITATING INJURY,0,0,1,13,7,9,41.95180706,-87.74493218
06/27/2020 07:08:00 AM,30,NO CONTROLS,CLEAR,DAYLIGHT,OTHER,WET,INJURY AND / OR TOW DUE TO CRASH,,UNABLE TO DETERMINE,8903,S,SOUTH CHICAGO AVE,,"REPORTED, NOT EVIDENT",0,0,0,7,7,6,41.73364645,-87.56055303
6/12/2023 17:00,20,STOP SIGN/FLASHER,CLEAR,DAYLIGHT,T-INTERSECTION,DRY,INJURY AND / OR TOW DUE TO CRASH,,"VISION OBSCURED (SIGNS, TREE LIMBS, BUILDINGS, ETC.)",1743,N,SEDGWICK ST,,NONINCAPACITATING INJURY,0,0,1,17,2,6,41.91409566,-87.63853747
08/30/2023 11:35:00 AM,30,NO CONTROLS,CLEAR,DAYLIGHT,DIVIDED - W/MEDIAN (NOT RAISED),DRY,INJURY AND / OR TOW DUE TO CRASH,,UNABLE TO DETERMINE,3357,N,CLARK ST,,"REPORTED, NOT EVIDENT",0,0,0,11,4,8,41.94324741,-87.65317827
11/10/2017 21:10,30,TRAFFIC SIGNAL,CLEAR,"DARKNESS, LIGHTED ROAD",DIVIDED - W/MEDIAN BARRIER,DRY,NO INJURY / DRIVE AWAY,,FAILING TO YIELD RIGHT-OF-WAY,1001,S,HALSTED ST,,NO INDICATION OF INJURY,0,0,0,21,6,11,41.8695671,-87.64681299
04/14/2023 03:04:00 PM,30,NO CONTROLS,CLEAR,DAYLIGHT,NOT DIVIDED,DRY,INJURY AND / OR TOW DUE TO CRASH,Y,IMPROPER OVERTAKING/PASSING,160,S,PULASKI RD,,NONINCAPACITATING INJURY,0,0,1,15,6,4,41.87802185,-87.72572676
10/1/2019 16:47,30,STOP SIGN/FLASHER,CLEAR,DAYLIGHT,ONE-WAY,DRY,INJURY AND / OR TOW DUE TO CRASH,,FAILING TO YIELD RIGHT-OF-WAY,9400,S,STATE ST,,NONINCAPACITATING INJURY,0,0,1,16,3,10,41.72351456,-87.62392349
7/9/2023 12:21,30,TRAFFIC SIGNAL,CLEAR,DAYLIGHT,FOUR WAY,DRY,INJURY AND / OR TOW DUE TO CRASH,,FAILING TO YIELD RIGHT-OF-WAY,100,W,ROOSEVELT RD,,"REPORTED, NOT EVIDENT",0,0,0,12,1,7,41.86748292,-87.6304928
8/12/2021 14:30,25,NO CONTROLS,CLEAR,DAYLIGHT,NOT DIVIDED,DRY,NO INJURY / DRIVE AWAY,,UNABLE TO DETERMINE,4700,N,BROADWAY,,NO INDICATION OF INJURY,0,0,0,14,5,8,41.9671937,-87.65878434
07/25/2019 09:20:00 AM,35,NO CONTROLS,CLEAR,DAWN,NOT DIVIDED,DRY,INJURY AND / OR TOW DUE TO CRASH,,FAILING TO YIELD RIGHT-OF-WAY,1335,W,LAKE ST,,"REPORTED, NOT EVIDENT",0,0,0,9,5,7,41.88534271,-87.66027873
4/11/2017 15:20,25,NO CONTROLS,CLEAR,DAYLIGHT,NOT DIVIDED,DRY,INJURY AND / OR TOW DUE TO CRASH,,FAILING TO YIELD RIGHT-OF-WAY,2908,N,HALSTED ST,,NONINCAPACITATING INJURY,0,0,1,15,3,4,41.93484019,-87.64923325
09/24/2020 11:37:00 AM,30,TRAFFIC SIGNAL,CLEAR,DAYLIGHT,DIVIDED - W/MEDIAN (NOT RAISED),DRY,INJURY AND / OR TOW DUE TO CRASH,,NOT APPLICABLE,1440,N,HALSTED ST,Y,NONINCAPACITATING INJURY,0,0,1,11,5,9,41.90758629,-87.64833594
08/19/2023 05:43:00 PM,30,TRAFFIC SIGNAL,CLEAR,DAYLIGHT,FOUR WAY,DRY,INJURY AND / OR TOW DUE TO CRASH,,IMPROPER TURNING/NO SIGNAL,2298,N,HALSTED ST,,NONINCAPACITATING INJURY,0,0,1,17,7,8,41.9235367,-87.64884058