CRASH_DATE,POSTED_SPEED_LIMIT,TRAFFIC_CONTROL_DEVICE,WEATHER_CONDITION,LIGHTING_CONDITION,TRAFFICWAY_TYPE,ROADWAY_SURFACE_COND,CRASH_TYPE,HIT_AND_RUN_I,PRIM_CONTRIBUTORY_CAUSE,STREET_NO,STREET_DIRECTION,STREET_NAME,DOORING_I,MOST_SEVERE_INJURY,INJURIES_FATAL,INJURIES_INCAPACITATING,INJURIES_NON_INCAPACITATING,CRASH_HOUR,CRASH_DAY_OF_WEEK,CRASH_MONTH,LATITUDE,LONGITUDE
08/27/2021 01:56:00 PM,30,NO CONTROLS,CLEAR,DAYLIGHT,DIVIDED - W/MEDIAN BARRIER,DRY,INJURY AND / OR TOW DUE TO CRASH,,UNABLE TO DETERMINE,4825,S,DREXEL BLVD,,NONINCAPACITATING INJURY,0,0,1,13,6,8,41.80697839,-87.60369608
1/10/2019 17:40,30,STOP SIGN/FLASHER,CLEAR,"DARKNESS, LIGHTED ROAD",DIVIDED - W/MEDIAN (NOT RAISED),DRY,INJURY AND / OR TOW DUE TO CRASH,Y,FAILING TO YIELD RIGHT-OF-WAY,885,N,MILWAUKEE AVE,N,"REPORTED, NOT EVIDENT",0,0,0,17,5,1,41.89802992,-87.65795929
11/2/2019 6:45,25,NO CONTROLS,CLEAR,"DARKNESS, LIGHTED ROAD",DIVIDED - W/MEDIAN BARRIER,DRY,INJURY AND / OR TOW DUE TO CRASH,,"OPERATING VEHICLE IN ERRATIC, RECKLESS, CARELESS, NEGLIGENT OR AGGRESSIVE MANNER",3531,W,OGDEN AVE,,INCAPACITATING INJURY,0,1,0,6,7,11,41.85483084,-87.71364454
05/25/2018 01:30:00 PM,30,NO CONTROLS,CLEAR,DAYLIGHT,NOT DIVIDED,DRY,INJURY AND / OR TOW DUE TO CRASH,,DISTRACTION - FROM INSIDE VEHICLE,1100,W,LAWRENCE AVE,,NONINCAPACITATING INJURY,0,0,1,13,6,5,41.96916138,-87.657668
04/21/2023 02:03:00 PM,30,NO CONTROLS,CLEAR,DAYLIGHT,NOT DIVIDED,DRY,INJURY AND / OR TOW DUE TO CRASH,,FAILING TO YIELD RIGHT-OF-WAY,3015,E,98TH ST,,INCAPACITATING INJURY,0,1,0,14,6,4,41.71720326,-87.55031357
8/3/2020 15:55,30,NO CONTROLS,CLOUDY/OVERCAST,DAYLIGHT,DIVIDED - W/MEDIAN (NOT RAISED),DRY,INJURY AND / OR TOW DUE TO CRASH,,NOT APPLICABLE,3230,N,LINCOLN AVE,Y,NONINCAPACITATING INJURY,0,0,1,15,2,8,41.94050262,-87.66939869
08/27/2020 06:40:00 PM,30,NO CONTROLS,CLEAR,DAYLIGHT,DIVIDED - W/MEDIAN (NOT RAISED),WET,NO INJURY / DRIVE AWAY,,IMPROPER LANE USAGE,5209,W,GRAND AVE,,NO INDICATION OF INJURY,0,0,0,18,5,8,41.91689712,-87.75633141
08/22/2016 03:00:00 PM,30,TRAFFIC SIGNAL,CLEAR,DAYLIGHT,NOT DIVIDED,DRY,NO INJURY / DRIVE AWAY,,DISREGARDING TRAFFIC SIGNALS,400,W,DIVISION ST,,NO INDICATION OF INJURY,0,0,0,15,2,8,41.90390274,-87.63837089
9/5/2019 18:55,30,NO CONTROLS,CLEAR,"DARKNESS, LIGHTED ROAD",ONE-WAY,DRY,NO INJURY / DRIVE AWAY,,"OPERATING VEHICLE IN ERRATIC, RECKLESS, CARELESS, NEGLIGENT OR AGGRESSIVE MANNER",615,W,RANDOLPH ST,,NO INDICATION OF INJURY,0,0,0,18,5,9,41.88432104,-87.64342475
11/15/2019 06:41:00 PM,30,TRAFFIC SIGNAL,CLEAR,"DARKNESS, LIGHTED ROAD",DIVIDED - W/MEDIAN (NOT RAISED),UNKNOWN,INJURY AND / OR TOW DUE TO CRASH,,FAILING TO YIELD RIGHT-OF-WAY,801,W,HARRISON ST,,NONINCAPACITATING INJURY,0,0,1,18,6,11,41.8742344,-87.64724104
08/20/2019 05:20:00 PM,30,UNKNOWN,UNKNOWN,UNKNOWN,UNKNOWN,UNKNOWN,INJURY AND / OR TOW DUE TO CRASH,,UNABLE TO DETERMINE,3032,N,CLARK ST,,NONINCAPACITATING INJURY,0,0,1,17,3,8,41.93722185,-87.64863731
11/10/2022 12:30,30,TRAFFIC SIGNAL,CLEAR,DAYLIGHT,NOT DIVIDED,DRY,INJURY AND / OR TOW DUE TO CRASH,,NOT APPLICABLE,4700,S,WOOD ST,,NONINCAPACITATING INJURY,0,0,1,12,5,11,41.80846432,-87.66997199
1/5/2019 13:17,30,NO CONTROLS,CLEAR,DAYLIGHT,DIVIDED - W/MEDIAN (NOT RAISED),DRY,INJURY AND / OR TOW DUE TO CRASH,,FAILING TO YIELD RIGHT-OF-WAY,400,W,76TH ST,,NONINCAPACITATING INJURY,0,0,1,13,7,1,41.75636253,-87.63450382
9/4/2023 21:50,35,NO CONTROLS,CLEAR,DAWN,FOUR WAY,DRY,INJURY AND / OR TOW DUE TO CRASH,,UNABLE TO DETERMINE,7130,N,WESTERN AVE,N,NONINCAPACITATING INJURY,0,0,1,21,2,9,42.01188345,-87.69038813
12/22/2017 02:53:00 PM,30,TRAFFIC SIGNAL,CLOUDY/OVERCAST,DAYLIGHT,NOT DIVIDED,DRY,INJURY AND / OR TOW DUE TO CRASH,Y,FAILING TO YIELD RIGHT-OF-WAY,1798,S,HALSTED ST,,NONINCAPACITATING INJURY,0,0,1,14,6,12,41.85810283,-87.64679631
10/14/2017 08:30:00 PM,30,NO CONTROLS,RAIN,DARKNESS,ONE-WAY,WET,NO INJURY / DRIVE AWAY,,FAILING TO YIELD RIGHT-OF-WAY,6399,W,GRACE ST,,NO INDICATION OF INJURY,0,0,0,20,7,10,41.94918538,-87.78627635
6/11/2022 9:07,30,NO CONTROLS,CLEAR,DAYLIGHT,NOT DIVIDED,DRY,INJURY AND / OR TOW DUE TO CRASH,Y,IMPROPER TURNING/NO SIGNAL,931,N,HAMLIN AVE,,NONINCAPACITATING INJURY,0,0,1,9,7,6,41.89818082,-87.72113468
12/5/2018 18:44,30,NO CONTROLS,CLEAR,"DARKNESS, LIGHTED ROAD",NOT DIVIDED,DRY,NO INJURY / DRIVE AWAY,,UNABLE TO DETERMINE,3132,N,CLARK ST,,NO INDICATION OF INJURY,0,0,0,18,4,12,41.93855266,-87.64971172
11/21/2021 02:58:00 AM,30,STOP SIGN/FLASHER,CLEAR,"DARKNESS, LIGHTED ROAD",FOUR WAY,DRY,INJURY AND / OR TOW DUE TO CRASH,,UNABLE TO DETERMINE,1891,N,LEAVITT ST,,NONINCAPACITATING INJURY,0,0,1,2,1,11,41.91610027,-87.68233888
09/29/2017 08:45:00 PM,30,TRAFFIC SIGNAL,CLEAR,"DARKNESS, LIGHTED ROAD",NOT DIVIDED,DRY,INJURY AND / OR TOW DUE TO CRASH,,FAILING TO YIELD RIGHT-OF-WAY,1533,W,WEBSTER AVE,Y,NONINCAPACITATING INJURY,0,0,1,20,6,9,41.92147346,-87.66761692
5/5/2018 20:11,30,TRAFFIC SIGNAL,CLEAR,"DARKNESS, LIGHTED ROAD",NOT DIVIDED,DRY,INJURY AND / OR TOW DUE TO CRASH,,DRIVING SKILLS/KNOWLEDGE/EXPERIENCE,530,N,WABASH AVE,,INCAPACITATING INJURY,0,1,0,20,7,5,41.89172472,-87.6268666
09/26/2018 02:15:00 PM,25,NO CONTROLS,CLEAR,DAYLIGHT,NOT DIVIDED,DRY,INJURY AND / OR TOW DUE TO CRASH,,NOT APPLICABLE,800,S,CICERO AVE,,"REPORTED, NOT EVIDENT",0,0,0,14,4,9,41.87023115,-87.74504037
11/3/2022 16:00,30,UNKNOWN,CLEAR,DAYLIGHT,T-INTERSECTION,UNKNOWN,INJURY AND / OR TOW DUE TO CRASH,,UNABLE TO DETERMINE,2701,W,HOWARD ST,,NONINCAPACITATING INJURY,0,0,1,16,5,11,42.01926608,-87.69734747
08/31/2023 07:30:00 AM,30,NO CONTROLS,CLEAR,DAYLIGHT,NOT DIVIDED,DRY,NO INJURY / DRIVE AWAY,,UNABLE TO DETERMINE,1599,N,MILWAUKEE AVE,,NO INDICATION OF INJURY,0,0,0,7,5,8,41.91047759,-87.67737353
06/15/2023 06:30:00 PM,30,YIELD,CLEAR,DAYLIGHT,NOT DIVIDED,DRY,NO INJURY / DRIVE AWAY,,FAILING TO YIELD RIGHT-OF-WAY,4540,N,MILWAUKEE AVE,,NO INDICATION OF INJURY,0,0,0,18,5,6,41.96337158,-87.75702768
02/22/2018 05:16:00 PM,30,TRAFFIC SIGNAL,CLEAR,"DARKNESS, LIGHTED ROAD",DIVIDED - W/MEDIAN BARRIER,DRY,NO INJURY / DRIVE AWAY,,FAILING TO REDUCE SPEED TO AVOID CRASH,110,E,LOWER WACKER DR,,NO INDICATION OF INJURY,0,0,0,17,5,2,41.88842651,-87.62405133
11/12/2020 4:30,30,NO CONTROLS,CLEAR,"DARKNESS, LIGHTED ROAD",DIVIDED - W/MEDIAN BARRIER,DRY,INJURY AND / OR TOW DUE TO CRASH,,UNABLE TO DETERMINE,6899,S,CICERO AVE,,INCAPACITATING INJURY,0,1,0,4,5,11,41.76774572,-87.74182882
4/11/2022 23:55,30,TRAFFIC SIGNAL,CLEAR,"DARKNESS, LIGHTED ROAD",ONE-WAY,DRY,INJURY AND / OR TOW DUE TO CRASH,,DRIVING ON WRONG SIDE/WRONG WAY,100,W,ONTARIO ST,,NONINCAPACITATING INJURY,0,0,1,23,2,4,41.89333774,-87.6312445
07/29/2017 09:45:00 PM,0,TRAFFIC SIGNAL,CLEAR,"DARKNESS, LIGHTED ROAD",DIVIDED - W/MEDIAN (NOT RAISED),DRY,INJURY AND / OR TOW DUE TO CRASH,,FAILING TO YIELD RIGHT-OF-WAY,1359,N,DAMEN AVE,,INCAPACITATING INJURY,0,1,0,21,7,7,41.90672753,-87.67721431
05/30/2019 05:38:00 AM,20,TRAFFIC SIGNAL,RAIN,DAYLIGHT,ONE-WAY,WET,INJURY AND / OR TOW DUE TO CRASH,,IMPROPER LANE USAGE,36,W,MADISON ST,,NONINCAPACITATING INJURY,0,0,1,5,5,5,41.88211151,-87.62910915
9/2/2021 17:55,30,NO CONTROLS,CLEAR,DAYLIGHT,NOT DIVIDED,DRY,NO INJURY / DRIVE AWAY,Y,IMPROPER OVERTAKING/PASSING,638,N,KINGSBURY ST,,NO INDICATION OF INJURY,0,0,0,17,5,9,41.89320443,-87.64140141
12/19/2021 02:55:00 PM,30,STOP SIGN/FLASHER,CLEAR,DAYLIGHT,NOT DIVIDED,DRY,INJURY AND / OR TOW DUE TO CRASH,,UNABLE TO DETERMINE,1299,W,CORTLAND ST,,NONINCAPACITATING INJURY,0,0,1,14,1,12,41.91698609,-87.66012182
8/8/2019 18:15,25,NO CONTROLS,CLEAR,DAYLIGHT,ONE-WAY,DRY,NO INJURY / DRIVE AWAY,,CELL PHONE USE OTHER THAN TEXTING,1616,N,ARTESIAN AVE,,NO INDICATION OF INJURY,0,0,0,18,5,8,41.91084592,-87.68859761
7/10/2023 11:00,30,NO CONTROLS,CLEAR,DAYLIGHT,ONE-WAY,DRY,INJURY AND / OR TOW DUE TO CRASH,,UNABLE TO DETERMINE,729,N,RUSH ST,Y,"REPORTED, NOT EVIDENT",0,0,0,11,2,7,41.89568348,-87.62533305
07/14/2018 12:05:00 AM,30,TRAFFIC SIGNAL,CLEAR,"DARKNESS, LIGHTED ROAD",NOT DIVIDED,DRY,NO INJURY / DRIVE AWAY,,DRIVING SKILLS/KNOWLEDGE/EXPERIENCE,725,N,STATE ST,,NO INDICATION OF INJURY,0,0,0,0,7,7,41.89564106,-87.62802656
11/8/2018 16:49,30,NO CONTROLS,CLEAR,DAYLIGHT,NOT DIVIDED,DRY,NO INJURY / DRIVE AWAY,Y,FAILING TO YIELD RIGHT-OF-WAY,6200,N,RAVENSWOOD AVE,,NO INDICATION OF INJURY,0,0,0,16,5,11,41.99435776,-87.67553906
9/12/2021 18:00,25,NO CONTROLS,CLEAR,DAYLIGHT,NOT DIVIDED,DRY,INJURY AND / OR TOW DUE TO CRASH,,FAILING TO YIELD RIGHT-OF-WAY,2500,W,PRATT BLVD,,NONINCAPACITATING INJURY,0,0,1,18,1,9,42.005097,-87.69257309
05/30/2022 10:25:00 PM,30,TRAFFIC SIGNAL,CLEAR,"DARKNESS, LIGHTED ROAD",DIVIDED - W/MEDIAN (NOT RAISED),DRY,INJURY AND / OR TOW DUE TO CRASH,,UNABLE TO DETERMINE,7101,S,CICERO AVE,,NONINCAPACITATING INJURY,0,0,1,22,2,5,41.76429247,-87.74175261
07/31/2019 05:15:00 PM,30,STOP SIGN/FLASHER,CLEAR,DAYLIGHT,NOT DIVIDED,DRY,NO INJURY / DRIVE AWAY,N,UNABLE TO DETERMINE,799,W,HUBBARD ST,,NO INDICATION OF INJURY,0,0,0,17,4,7,41.8899768,-87.64752259
5/1/2022 14:00,30,TRAFFIC SIGNAL,CLEAR,DAYLIGHT,FOUR WAY,DRY,INJURY AND / OR TOW DUE TO CRASH,,FAILING TO YIELD RIGHT-OF-WAY,1600,W,PERSHING RD,,INCAPACITATING INJURY,0,1,0,14,1,5,41.82325676,-87.66570861
08/31/2021 04:47:00 PM,30,TRAFFIC SIGNAL,CLEAR,DAYLIGHT,"FIVE POINT, OR MORE",DRY,INJURY AND / OR TOW DUE TO CRASH,,FAILING TO YIELD RIGHT-OF-WAY,1159,N,MILWAUKEE AVE,,NONINCAPACITATING INJURY,0,0,1,16,3,8,41.90282831,-87.66542682
01/23/2017 03:11:00 PM,20,STOP SIGN/FLASHER,CLEAR,DAYLIGHT,DIVIDED - W/MEDIAN (NOT RAISED),DRY,NO INJURY / DRIVE AWAY,,UNABLE TO DETERMINE,2301,W,113TH PL,,NO INDICATION OF INJURY,0,0,0,15,2,1,41.68702093,-87.67885818
09/13/2022 03:22:00 PM,30,TRAFFIC SIGNAL,CLEAR,DAYLIGHT,T-INTERSECTION,DRY,INJURY AND / OR TOW DUE TO CRASH,,FAILING TO YIELD RIGHT-OF-WAY,534,W,ROOSEVELT RD,,NONINCAPACITATING INJURY,0,0,1,15,3,9,41.86735164,-87.64064858
05/20/2021 11:52:00 PM,30,NO CONTROLS,CLEAR,"DARKNESS, LIGHTED ROAD",NOT DIVIDED,DRY,INJURY AND / OR TOW DUE TO CRASH,Y,UNABLE TO DETERMINE,8700,S,DOBSON AVE,,NONINCAPACITATING INJURY,0,0,1,23,5,5,41.73663277,-87.59929884
08/23/2016 08:30:00 AM,35,NO CONTROLS,CLEAR,DAYLIGHT,DIVIDED - W/MEDIAN (NOT RAISED),DRY,NO INJURY / DRIVE AWAY,,IMPROPER TURNING/NO SIGNAL,800,N,WELLS ST,,NO INDICATION OF INJURY,0,0,0,8,3,8,41.89663375,-87.63435134
12/18/2018 12:15:00 PM,35,NO CONTROLS,CLEAR,DAYLIGHT,NOT DIVIDED,DRY,NO INJURY / DRIVE AWAY,,UNABLE TO DETERMINE,4035,N,CICERO AVE,,NO INDICATION OF INJURY,0,0,0,12,3,12,41.9545084,-87.74718788
07/27/2020 08:50:00 PM,30,NO CONTROLS,CLEAR,"DARKNESS, LIGHTED ROAD",NOT DIVIDED,DRY,NO INJURY / DRIVE AWAY,,FAILING TO YIELD RIGHT-OF-WAY,3214,N,MENARD AVE,,NO INDICATION OF INJURY,0,0,0,20,2,7,41.93899701,-87.77152137
07/27/2020 04:45:00 PM,30,TRAFFIC SIGNAL,CLEAR,DAYLIGHT,FOUR WAY,DRY,NO INJURY / DRIVE AWAY,,IMPROPER TURNING/NO SIGNAL,1801,S,WENTWORTH AVE,,NO INDICATION OF INJURY,0,0,0,16,2,7,41.85774707,-87.63174544
3/11/2021 13:30,30,STOP SIGN/FLASHER,CLEAR,DAYLIGHT,NOT DIVIDED,UNKNOWN,INJURY AND / OR TOW DUE TO CRASH,,IMPROPER OVERTAKING/PASSING,3700,N,SHEFFIELD AVE,,NONINCAPACITATING INJURY,0,0,1,13,5,3,41.94914495,-87.65453418
06/30/2023 12:45:00 PM,30,TRAFFIC SIGNAL,CLEAR,DAYLIGHT,DIVIDED - W/MEDIAN (NOT RAISED),DRY,INJURY AND / OR TOW DUE TO CRASH,,UNABLE TO DETERMINE,2358,W,ROOSEVELT RD,,"REPORTED, NOT EVIDENT",0,0,0,12,6,6,41.86672391,-87.68591855
06/18/2019 06:28:00 PM,30,TRAFFIC SIGNAL,CLEAR,DAYLIGHT,DIVIDED - W/MEDIAN (NOT RAISED),UNKNOWN,NO INJURY / DRIVE AWAY,Y,UNABLE TO DETERMINE,4000,N,DAMEN AVE,,NO INDICATION OF INJURY,0,0,0,18,3,6,41.95417483,-87.67890196
4/6/2019 19:15,30,NO CONTROLS,CLEAR,DAYLIGHT,DIVIDED - W/MEDIAN (NOT RAISED),DRY,NO INJURY / DRIVE AWAY,,DISREGARDING ROAD MARKINGS,503,N,MILWAUKEE AVE,,NO INDICATION OF INJURY,0,0,0,19,7,4,41.8913503,-87.64763517
02/14/2019 08:39:00 AM,30,NO CONTROLS,CLEAR,DAYLIGHT,ONE-WAY,WET,INJURY AND / OR TOW DUE TO CRASH,Y,UNABLE TO DETERMINE,540,W,MONROE ST,,NONINCAPACITATING INJURY,0,0,1,8,5,2,41.88067647,-87.64122958
06/27/2019 07:30:00 PM,35,NO CONTROLS,CLEAR,DAWN,NOT DIVIDED,UNKNOWN,INJURY AND / OR TOW DUE TO CRASH,,IMPROPER LANE USAGE,2704,N,HALSTED ST,,INCAPACITATING INJURY,0,1,0,19,5,6,41.93169581,-87.64912274
01/28/2023 10:10:00 AM,30,NO CONTROLS,CLOUDY/OVERCAST,DAYLIGHT,NOT DIVIDED,ICE,NO INJURY / DRIVE AWAY,,IMPROPER LANE USAGE,3758,W,BELMONT AVE,,NO INDICATION OF INJURY,0,0,0,10,7,1,41.93926749,-87.72214892
07/25/2019 03:10:00 PM,30,TRAFFIC SIGNAL,CLEAR,DAYLIGHT,FOUR WAY,DRY,INJURY AND / OR TOW DUE TO CRASH,Y,UNABLE TO DETERMINE,4400,N,WESTERN AVE,N,INCAPACITATING INJURY,0,1,0,15,5,7,41.96140185,-87.68883262
10/4/2017 8:10,30,STOP SIGN/FLASHER,RAIN,DAYLIGHT,NOT DIVIDED,WET,INJURY AND / OR TOW DUE TO CRASH,Y,DISREGARDING STOP SIGN,1800,N,MARCEY ST,,NONINCAPACITATING INJURY,0,0,1,8,4,10,41.91456432,-87.65623886
09/29/2017 04:54:00 PM,30,NO CONTROLS,CLEAR,DAYLIGHT,DIVIDED - W/MEDIAN (NOT RAISED),DRY,INJURY AND / OR TOW DUE TO CRASH,Y,UNABLE TO DETERMINE,3359,W,IRVING PARK RD,,NONINCAPACITATING INJURY,0,0,1,16,6,9,41.95374796,-87.71284086
11/7/2020 15:38,30,TRAFFIC SIGNAL,CLEAR,DAYLIGHT,T-INTERSECTION,DRY,INJURY AND / OR TOW DUE TO CRASH,,FAILING TO YIELD RIGHT-OF-WAY,5801,N,WESTERN AVE,,NONINCAPACITATING INJURY,0,0,1,15,7,11,41.9869056,-87.68940511
08/13/2018 05:40:00 PM,30,NO CONTROLS,CLEAR,DAYLIGHT,NOT DIVIDED,DRY,INJURY AND / OR TOW DUE TO CRASH,,DISTRACTION - FROM INSIDE VEHICLE,1143,N,CALIFORNIA AVE,,NONINCAPACITATING INJURY,0,0,1,17,2,8,41.90236936,-87.69671978
12/21/2018 02:00:00 PM,25,STOP SIGN/FLASHER,CLEAR,DAYLIGHT,OTHER,DRY,INJURY AND / OR TOW DUE TO CRASH,,"VISION OBSCURED (SIGNS, TREE LIMBS, BUILDINGS, ETC.)",5332,N,GLENWOOD AVE,,NONINCAPACITATING INJURY,0,0,1,14,6,12,41.97902968,-87.66497368
08/20/2017 03:11:00 PM,25,TRAFFIC SIGNAL,CLOUDY/OVERCAST,DAYLIGHT,DIVIDED - W/MEDIAN (NOT RAISED),DRY,INJURY AND / OR TOW DUE TO CRASH,Y,DISREGARDING TRAFFIC SIGNALS,33,W,DIVISION ST,,NONINCAPACITATING INJURY,0,0,1,15,1,8,41.90381415,-87.62991853
04/27/2021 10:15:00 PM,25,TRAFFIC SIGNAL,CLEAR,"DARKNESS, LIGHTED ROAD",NOT DIVIDED,DRY,NO INJURY / DRIVE AWAY,,UNABLE TO DETERMINE,4401,N,RAVENSWOOD AVE,,NO INDICATION OF INJURY,0,0,0,22,3,4,41.96161935,-87.67383267
10/16/2016 12:00:00 AM,30,NO CONTROLS,CLEAR,"DARKNESS, LIGHTED ROAD",NOT DIVIDED,DRY,NO INJURY / DRIVE AWAY,,UNABLE TO DETERMINE,4003,N,GREENVIEW AVE,,NO INDICATION OF INJURY,0,0,0,0,1,10,41.95442649,-87.66738181
9/5/2021 14:27,25,STOP SIGN/FLASHER,CLEAR,DAYLIGHT,T-INTERSECTION,DRY,INJURY AND / OR TOW DUE TO CRASH,,DISREGARDING STOP SIGN,3100,W,IRVING PARK RD,,"REPORTED, NOT EVIDENT",0,0,0,14,1,9,41.95404495,-87.70563638
5/12/2021 12:00,25,NO CONTROLS,CLEAR,DAYLIGHT,NOT DIVIDED,DRY,INJURY AND / OR TOW DUE TO CRASH,,"VISION OBSCURED (SIGNS, TREE LIMBS, BUILDINGS, ETC.)",1651,N,MILWAUKEE AVE,Y,NONINCAPACITATING INJURY,0,0,1,12,4,5,41.91146586,-87.67892217
6/5/2022 13:15,30,NO CONTROLS,CLEAR,DAYLIGHT,NOT DIVIDED,DRY,INJURY AND / OR TOW DUE TO CRASH,,UNABLE TO DETERMINE,1448,N,WELLS ST,Y,"REPORTED, NOT EVIDENT",0,0,0,13,1,6,41.90897768,-87.63478912
1/8/2019 9:20,30,STOP SIGN/FLASHER,CLEAR,DAYLIGHT,NOT DIVIDED,DRY,INJURY AND / OR TOW DUE TO CRASH,,FAILING TO YIELD RIGHT-OF-WAY,653,N,FRANKLIN ST,,NONINCAPACITATING INJURY,0,0,1,9,3,1,41.8939325,-87.63549049
11/16/2018 05:35:00 AM,30,NO CONTROLS,CLEAR,DAWN,NOT DIVIDED,DRY,NO INJURY / DRIVE AWAY,,FAILING TO REDUCE SPEED TO AVOID CRASH,399,N,JEFFERSON ST,,NO INDICATION OF INJURY,0,0,0,5,6,11,41.88900814,-87.64272724
5/7/2019 13:18,30,TRAFFIC SIGNAL,CLEAR,DAYLIGHT,NOT DIVIDED,DRY,INJURY AND / OR TOW DUE TO CRASH,Y,FAILING TO YIELD RIGHT-OF-WAY,2161,S,LOOMIS ST,,NONINCAPACITATING INJURY,0,0,1,13,3,5,41.85246603,-87.66101911
08/27/2019 07:33:00 PM,25,STOP SIGN/FLASHER,CLEAR,DUSK,T-INTERSECTION,DRY,INJURY AND / OR TOW DUE TO CRASH,,FAILING TO REDUCE SPEED TO AVOID CRASH,2529,W,113TH ST,,NONINCAPACITATING INJURY,0,0,1,19,3,8,41.68801026,-87.68468665
6/6/2018 18:40,30,NO CONTROLS,CLEAR,DAYLIGHT,NOT DIVIDED,DRY,INJURY AND / OR TOW DUE TO CRASH,,FOLLOWING TOO CLOSELY,1525,N,MILWAUKEE AVE,,NONINCAPACITATING INJURY,0,0,1,18,4,6,41.90930861,-87.6755691
11/4/2023 13:45,30,UNKNOWN,UNKNOWN,UNKNOWN,NOT DIVIDED,UNKNOWN,INJURY AND / OR TOW DUE TO CRASH,,UNABLE TO DETERMINE,1477,W,RASCHER AVE,,NONINCAPACITATING INJURY,0,0,1,13,7,11,41.98065632,-87.66781148
09/21/2018 11:20:00 PM,30,STOP SIGN/FLASHER,CLEAR,DARKNESS,NOT DIVIDED,DRY,NO INJURY / DRIVE AWAY,Y,DISREGARDING STOP SIGN,5900,S,HOMAN AVE,,NO INDICATION OF INJURY,0,0,0,23,6,9,41.78610932,-87.70836514
7/6/2021 14:04,30,STOP SIGN/FLASHER,CLEAR,DAYLIGHT,T-INTERSECTION,DRY,INJURY AND / OR TOW DUE TO CRASH,,FAILING TO YIELD RIGHT-OF-WAY,1325,N,WELLS ST,,NONINCAPACITATING INJURY,0,0,1,14,3,7,41.9064732,-87.63441995
10/7/2022 7:56,30,NO CONTROLS,RAIN,DAYLIGHT,NOT DIVIDED,WET,INJURY AND / OR TOW DUE TO CRASH,,WEATHER,5400,S,DR MARTIN LUTHER KING JR DR,,INCAPACITATING INJURY,0,1,0,7,6,10,41.79659579,-87.61617311
10/17/2018 03:20:00 PM,30,STOP SIGN/FLASHER,CLEAR,DAYLIGHT,NOT DIVIDED,DRY,INJURY AND / OR TOW DUE TO CRASH,,UNABLE TO DETERMINE,846,W,31ST ST,,NONINCAPACITATING INJURY,0,0,1,15,4,10,41.83813061,-87.64808529
8/8/2019 20:45,35,UNKNOWN,UNKNOWN,UNKNOWN,ONE-WAY,UNKNOWN,INJURY AND / OR TOW DUE TO CRASH,Y,NOT APPLICABLE,400,W,GOETHE ST,,NONINCAPACITATING INJURY,0,0,1,20,5,8,41.90564413,-87.63850235
09/26/2020 02:15:00 PM,30,NO CONTROLS,CLEAR,DAYLIGHT,NOT DIVIDED,DRY,NO INJURY / DRIVE AWAY,,UNABLE TO DETERMINE,3034,W,WILSON AVE,Y,NO INDICATION OF INJURY,0,0,0,14,7,9,41.96483769,-87.70491066
08/16/2023 03:30:00 PM,25,UNKNOWN,CLEAR,DAYLIGHT,NOT DIVIDED,DRY,INJURY AND / OR TOW DUE TO CRASH,,UNABLE TO DETERMINE,4500,S,WESTERN AVE,,INCAPACITATING INJURY,0,1,0,15,4,8,41.81201703,-87.68467692
01/18/2018 12:45:00 PM,30,NO CONTROLS,SNOW,DAYLIGHT,DIVIDED - W/MEDIAN (NOT RAISED),WET,INJURY AND / OR TOW DUE TO CRASH,,FAILING TO YIELD RIGHT-OF-WAY,1927,W,NORTH AVE,,NONINCAPACITATING INJURY,0,0,1,12,5,1,41.91039719,-87.6761811
05/28/2022 08:15:00 PM,30,TRAFFIC SIGNAL,CLEAR,"DARKNESS, LIGHTED ROAD",NOT DIVIDED,DRY,NO INJURY / DRIVE AWAY,Y,IMPROPER OVERTAKING/PASSING,100,W,ROOSEVELT RD,Y,NO INDICATION OF INJURY,0,0,0,20,7,5,41.86748292,-87.6304928
02/20/2018 04:30:00 PM,30,STOP SIGN/FLASHER,RAIN,"DARKNESS, LIGHTED ROAD",NOT DIVIDED,WET,NO INJURY / DRIVE AWAY,,UNABLE TO DETERMINE,1236,W,15TH ST,,NO INDICATION OF INJURY,0,0,0,16,3,2,41.86169609,-87.65791522
08/20/2020 06:50:00 PM,30,NO CONTROLS,CLEAR,DAYLIGHT,DIVIDED - W/MEDIAN (NOT RAISED),DRY,INJURY AND / OR TOW DUE TO CRASH,,NOT APPLICABLE,2816,W,ARMITAGE AVE,Y,"REPORTED, NOT EVIDENT",0,0,0,18,5,8,41.9175926,-87.69792965
07/25/2023 11:30:00 PM,35,OTHER,UNKNOWN,UNKNOWN,NOT DIVIDED,UNKNOWN,NO INJURY / DRIVE AWAY,Y,FOLLOWING TOO CLOSELY,1600,S,UNION AVE,,NO INDICATION OF INJURY,0,0,0,23,3,7,41.8599316,-87.6450207
07/26/2020 01:45:00 AM,30,TRAFFIC SIGNAL,CLEAR,"DARKNESS, LIGHTED ROAD",NOT DIVIDED,DRY,INJURY AND / OR TOW DUE TO CRASH,Y,UNABLE TO DETERMINE,2000,W,AUGUSTA BLVD,,"REPORTED, NOT EVIDENT",0,0,0,1,1,7,41.89965937,-87.67728077