CRASH_DATE,POSTED_SPEED_LIMIT,TRAFFIC_CONTROL_DEVICE,WEATHER_CONDITION,LIGHTING_CONDITION,TRAFFICWAY_TYPE,ROADWAY_SURFACE_COND,CRASH_TYPE,HIT_AND_RUN_I,PRIM_CONTRIBUTORY_CAUSE,STREET_NO,STREET_DIRECTION,STREET_NAME,DOORING_I,MOST_SEVERE_INJURY,INJURIES_FATAL,INJURIES_INCAPACITATING,INJURIES_NON_INCAPACITATING,CRASH_HOUR,CRASH_DAY_OF_WEEK,CRASH_MONTH,LATITUDE,LONGITUDE
7/10/2019 17:55,30,NO CONTROLS,CLEAR,DAYLIGHT,OTHER,DRY,NO INJURY / DRIVE AWAY,,FAILING TO YIELD RIGHT-OF-WAY,320,N,DEARBORN ST,,NO INDICATION OF INJURY,0,0,0,17,4,7,41.88807038,-87.62969226
09/14/2023 05:00:00 PM,30,TRAFFIC SIGNAL,CLEAR,DAYLIGHT,FOUR WAY,DRY,INJURY AND / OR TOW DUE TO CRASH,,DISREGARDING OTHER TRAFFIC SIGNS,7500,S,LAFAYETTE AVE,,"REPORTED, NOT EVIDENT",0,0,0,17,5,9,41.75806853,-87.62651698
7/7/2020 18:30,30,TRAFFIC SIGNAL,CLEAR,DAYLIGHT,NOT DIVIDED,DRY,NO INJURY / DRIVE AWAY,Y,FAILING TO YIELD RIGHT-OF-WAY,6198,N,BROADWAY,,NO INDICATION OF INJURY,0,0,0,18,3,7,41.99450422,-87.66055238
8/11/2020 8:52,30,TRAFFIC SIGNAL,CLEAR,DAYLIGHT,NOT DIVIDED,DRY,NO INJURY / DRIVE AWAY,,FAILING TO YIELD RIGHT-OF-WAY,2999,S,ARCHER AVE,,NO INDICATION OF INJURY,0,0,0,8,3,8,41.8399974,-87.66110272
10/14/2018 05:42:00 PM,35,NO CONTROLS,CLEAR,DUSK,ALLEY,DRY,NO INJURY / DRIVE AWAY,,FAILING TO YIELD RIGHT-OF-WAY,2460,W,FOSTER AVE,,NO INDICATION OF INJURY,0,0,0,17,1,10,41.9759825,-87.69148196
10/7/2019 20:45,30,NO CONTROLS,CLEAR,"DARKNESS, LIGHTED ROAD",FOUR WAY,DRY,INJURY AND / OR TOW DUE TO CRASH,,UNABLE TO DETERMINE,7999,S,WESTERN AVE,,"REPORTED, NOT EVIDENT",0,0,0,20,2,10,41.74833622,-87.68265888
07/22/2019 11:34:00 AM,35,TRAFFIC SIGNAL,CLEAR,DAYLIGHT,FOUR WAY,DRY,INJURY AND / OR TOW DUE TO CRASH,,FAILING TO YIELD RIGHT-OF-WAY,11500,S,WESTERN AVE,,NONINCAPACITATING INJURY,0,0,1,11,2,7,41.68441279,-87.68107105
6/3/2021 21:20,30,NO CONTROLS,CLEAR,"DARKNESS, LIGHTED ROAD",NOT DIVIDED,DRY,INJURY AND / OR TOW DUE TO CRASH,Y,UNABLE TO DETERMINE,4700,W,63RD ST,,NONINCAPACITATING INJURY,0,0,1,21,5,6,41.7785672,-87.73990948
9/1/2017 13:46,30,STOP SIGN/FLASHER,CLEAR,DAYLIGHT,NOT DIVIDED,DRY,INJURY AND / OR TOW DUE TO CRASH,Y,DISREGARDING STOP SIGN,3158,W,27TH ST,,NONINCAPACITATING INJURY,0,0,1,13,6,9,41.84280722,-87.70492615
1/1/2020 12:13,30,STOP SIGN/FLASHER,CLEAR,DAYLIGHT,ONE-WAY,DRY,NO INJURY / DRIVE AWAY,,FAILING TO YIELD RIGHT-OF-WAY,5925,N,KENMORE AVE,,NO INDICATION OF INJURY,0,0,0,12,4,1,41.98991807,-87.65666262
7/2/2018 16:12,30,TRAFFIC SIGNAL,CLEAR,DAYLIGHT,ONE-WAY,DRY,NO INJURY / DRIVE AWAY,,DISREGARDING TRAFFIC SIGNALS,3000,W,PALMER BLVD,,NO INDICATION OF INJURY,0,0,0,16,2,7,41.92161169,-87.70237965
6/4/2019 11:44,30,NO CONTROLS,RAIN,DAYLIGHT,NOT DIVIDED,WET,NO INJURY / DRIVE AWAY,,IMPROPER TURNING/NO SIGNAL,3354,N,LINCOLN AVE,,NO INDICATION OF INJURY,0,0,0,11,3,6,41.94316836,-87.67126296
5/2/2022 18:15,30,NO CONTROLS,CLEAR,DAYLIGHT,NOT DIVIDED,DRY,NO INJURY / DRIVE AWAY,,UNABLE TO DETERMINE,3300,N,CLARK ST,,NO INDICATION OF INJURY,0,0,0,18,2,5,41.94174729,-87.65229869
04/22/2021 04:30:00 PM,30,TRAFFIC SIGNAL,CLEAR,DAYLIGHT,DIVIDED - W/MEDIAN (NOT RAISED),DRY,INJURY AND / OR TOW DUE TO CRASH,,UNABLE TO DETERMINE,1800,W,IRVING PARK RD,,NONINCAPACITATING INJURY,0,0,1,16,5,4,41.95432384,-87.67432084
06/21/2019 07:45:00 AM,40,TRAFFIC SIGNAL,CLEAR,DAYLIGHT,NOT DIVIDED,DRY,NO INJURY / DRIVE AWAY,,MOTORCYCLE ADVANCING LEGALLY ON RED LIGHT,1202,N,NORTH BRANCH ST,,NO INDICATION OF INJURY,0,0,0,7,6,6,41.90356923,-87.65565352
08/26/2019 04:20:00 AM,30,TRAFFIC SIGNAL,CLEAR,"DARKNESS, LIGHTED ROAD",ONE-WAY,WET,INJURY AND / OR TOW DUE TO CRASH,,UNABLE TO DETERMINE,7600,S,STATE ST,,NONINCAPACITATING INJURY,0,0,1,4,2,8,41.75640041,-87.62486969
08/21/2016 04:21:00 PM,35,TRAFFIC SIGNAL,CLEAR,DAYLIGHT,NOT DIVIDED,DRY,INJURY AND / OR TOW DUE TO CRASH,,FAILING TO YIELD RIGHT-OF-WAY,1600,W,71ST ST,N,NONINCAPACITATING INJURY,0,0,1,16,1,8,41.76501831,-87.66385923
9/2/2020 17:00,30,NO CONTROLS,CLEAR,DAYLIGHT,NOT DIVIDED,DRY,NO INJURY / DRIVE AWAY,,UNABLE TO DETERMINE,1127,W,ARMITAGE AVE,,NO INDICATION OF INJURY,0,0,0,17,4,9,41.91795127,-87.65646937
11/7/2023 20:00,30,TRAFFIC SIGNAL,CLEAR,"DARKNESS, LIGHTED ROAD",DIVIDED - W/MEDIAN (NOT RAISED),DRY,INJURY AND / OR TOW DUE TO CRASH,Y,UNABLE TO DETERMINE,2400,N,MILWAUKEE AVE,,"REPORTED, NOT EVIDENT",0,0,0,20,3,11,41.92472746,-87.70055267
11/7/2023 17:30,30,NO CONTROLS,CLEAR,DAYLIGHT,DIVIDED - W/MEDIAN (NOT RAISED),DRY,INJURY AND / OR TOW DUE TO CRASH,,NOT APPLICABLE,2489,N,MILWAUKEE AVE,Y,"REPORTED, NOT EVIDENT",0,0,0,17,3,11,41.92663503,-87.70319925
11/6/2023 11:20,30,UNKNOWN,CLEAR,DAYLIGHT,NOT DIVIDED,DRY,INJURY AND / OR TOW DUE TO CRASH,,UNABLE TO DETERMINE,4122,N,MILWAUKEE AVE,,NONINCAPACITATING INJURY,0,0,1,11,2,11,41.9558067,-87.75047842
11/4/2023 17:20,25,NO CONTROLS,UNKNOWN,UNKNOWN,ALLEY,UNKNOWN,INJURY AND / OR TOW DUE TO CRASH,,UNABLE TO DETERMINE,1339,S,HALSTED ST,,"REPORTED, NOT EVIDENT",0,0,0,17,7,11,41.86427438,-87.64668907
11/7/2023 17:42,30,TRAFFIC SIGNAL,CLEAR,"DARKNESS, LIGHTED ROAD",NOT DIVIDED,DRY,INJURY AND / OR TOW DUE TO CRASH,,UNABLE TO DETERMINE,1330,S,HALSTED ST,N,"REPORTED, NOT EVIDENT",0,0,0,17,3,11,41.86468133,-87.64699041
10/17/2023 08:11:00 AM,35,NO CONTROLS,CLEAR,DAYLIGHT,DIVIDED - W/MEDIAN (NOT RAISED),DRY,INJURY AND / OR TOW DUE TO CRASH,,"EVASIVE ACTION DUE TO ANIMAL, OBJECT, NONMOTORIST",3500,N,ELSTON AVE,Y,NONINCAPACITATING INJURY,0,0,1,8,3,10,41.94474528,-87.7063143
11/3/2023 17:10,25,NO CONTROLS,CLEAR,DAYLIGHT,NOT DIVIDED,DRY,INJURY AND / OR TOW DUE TO CRASH,,FAILING TO YIELD RIGHT-OF-WAY,5511,S,ELLIS AVE,Y,NONINCAPACITATING INJURY,0,0,1,17,6,11,41.79465381,-87.60123177
11/7/2023 8:00,30,STOP SIGN/FLASHER,CLEAR,DAYLIGHT,FOUR WAY,DRY,INJURY AND / OR TOW DUE TO CRASH,,DISREGARDING STOP SIGN,2258,N,MONITOR AVE,,"REPORTED, NOT EVIDENT",0,0,0,8,3,11,41.9215702,-87.77213339
11/7/2023 7:51,15,NO CONTROLS,CLEAR,DAYLIGHT,ALLEY,DRY,INJURY AND / OR TOW DUE TO CRASH,,DISTRACTION - FROM INSIDE VEHICLE,4752,N,VIRGINIA AVE,,NONINCAPACITATING INJURY,0,0,1,7,3,11,41.96783393,-87.69930046
11/7/2023 9:14,30,UNKNOWN,CLEAR,DAYLIGHT,DIVIDED - W/MEDIAN (NOT RAISED),DRY,NO INJURY / DRIVE AWAY,,UNABLE TO DETERMINE,6201,N,HARLEM AVE,Y,NO INDICATION OF INJURY,0,0,0,9,3,11,41.99358165,-87.80668949
10/24/2023 07:45:00 AM,30,NO CONTROLS,CLEAR,DAYLIGHT,ONE-WAY,DRY,NO INJURY / DRIVE AWAY,Y,UNABLE TO DETERMINE,3608,W,WRIGHTWOOD AVE,,NO INDICATION OF INJURY,0,0,0,7,3,10,41.92835979,-87.71746703
10/24/2023 10:55:00 AM,30,UNKNOWN,CLEAR,UNKNOWN,FOUR WAY,UNKNOWN,NO INJURY / DRIVE AWAY,,UNABLE TO DETERMINE,6301,N,GLENWOOD AVE,,NO INDICATION OF INJURY,0,0,0,10,3,10,41.99638415,-87.66519136
10/24/2023 05:31:00 PM,30,TRAFFIC SIGNAL,CLEAR,DAYLIGHT,NOT DIVIDED,DRY,NO INJURY / DRIVE AWAY,Y,NOT APPLICABLE,300,N,CENTRAL AVE,,NO INDICATION OF INJURY,0,0,0,17,3,10,41.88579153,-87.76520617
10/24/2023 05:36:00 PM,30,NO CONTROLS,CLEAR,DUSK,NOT DIVIDED,DRY,NO INJURY / DRIVE AWAY,,UNABLE TO DETERMINE,3449,W,BRYN MAWR AVE,Y,NO INDICATION OF INJURY,0,0,0,17,3,10,41.98286954,-87.71569119
10/24/2023 07:16:00 PM,30,NO CONTROLS,CLEAR,"DARKNESS, LIGHTED ROAD",OTHER,DRY,INJURY AND / OR TOW DUE TO CRASH,,NOT APPLICABLE,3199,W,IRVING PARK RD,,NONINCAPACITATING INJURY,0,0,1,19,3,10,41.95381038,-87.70795247
10/24/2023 01:00:00 PM,30,TRAFFIC SIGNAL,CLEAR,DAYLIGHT,FOUR WAY,DRY,NO INJURY / DRIVE AWAY,Y,FAILING TO YIELD RIGHT-OF-WAY,300,S,COLUMBUS DR,,NO INDICATION OF INJURY,0,0,0,13,3,10,41.87826558,-87.6208223
10/24/2023 07:05:00 PM,30,NO CONTROLS,CLEAR,"DARKNESS, LIGHTED ROAD",DIVIDED - W/MEDIAN (NOT RAISED),UNKNOWN,INJURY AND / OR TOW DUE TO CRASH,,UNABLE TO DETERMINE,4925,N,BROADWAY,,NONINCAPACITATING INJURY,0,0,1,19,3,10,41.97221356,-87.6596091
10/24/2023 05:43:00 PM,30,OTHER,CLEAR,DUSK,NOT DIVIDED,DRY,INJURY AND / OR TOW DUE TO CRASH,,DISTRACTION - FROM INSIDE VEHICLE,4599,N,LINCOLN AVE,Y,NONINCAPACITATING INJURY,0,0,1,17,3,10,41.96487099,-87.685933
11/7/2023 17:30,35,TRAFFIC SIGNAL,CLEAR,DAYLIGHT,FOUR WAY,DRY,NO INJURY / DRIVE AWAY,,FAILING TO YIELD RIGHT-OF-WAY,1,N,LA SALLE ST,,NO INDICATION OF INJURY,0,0,0,17,3,11,41.88199007,-87.63221288
11/8/2023 8:50,30,NO CONTROLS,CLEAR,DAYLIGHT,NOT DIVIDED,WET,INJURY AND / OR TOW DUE TO CRASH,,FAILING TO YIELD RIGHT-OF-WAY,2242,N,CLYBOURN AVE,,NONINCAPACITATING INJURY,0,0,1,8,4,11,41.92260552,-87.66599017
11/8/2023 15:14,30,NO CONTROLS,CLEAR,DAYLIGHT,NOT DIVIDED,DRY,INJURY AND / OR TOW DUE TO CRASH,,UNABLE TO DETERMINE,4020,W,26TH ST,Y,NONINCAPACITATING INJURY,0,0,1,15,4,11,41.84435111,-87.72545519
11/8/2023 8:20,25,NO CONTROLS,RAIN,DAYLIGHT,ONE-WAY,WET,INJURY AND / OR TOW DUE TO CRASH,,IMPROPER OVERTAKING/PASSING,1758,W,WINONA ST,,NONINCAPACITATING INJURY,0,0,1,8,4,11,41.97529643,-87.67427075
11/7/2023 18:13,30,TRAFFIC SIGNAL,CLEAR,"DARKNESS, LIGHTED ROAD",ONE-WAY,DRY,INJURY AND / OR TOW DUE TO CRASH,,FAILING TO YIELD RIGHT-OF-WAY,300,E,GRAND AVE,,NONINCAPACITATING INJURY,0,0,1,18,3,11,41.89191358,-87.62019154
10/25/2023 07:29:00 PM,25,UNKNOWN,CLEAR,"DARKNESS, LIGHTED ROAD",OTHER,DRY,NO INJURY / DRIVE AWAY,,UNABLE TO DETERMINE,711,S,PAULINA ST,,NO INDICATION OF INJURY,0,0,0,19,4,10,41.87250627,-87.6689153
11/8/2023 14:00,30,STOP SIGN/FLASHER,CLEAR,DAYLIGHT,FOUR WAY,DRY,INJURY AND / OR TOW DUE TO CRASH,Y,FAILING TO YIELD RIGHT-OF-WAY,2750,W,OGDEN AVE,,NONINCAPACITATING INJURY,0,0,1,14,4,11,41.86164003,-87.69518175
11/8/2023 7:50,30,STOP SIGN/FLASHER,RAIN,DAYLIGHT,ONE-WAY,WET,INJURY AND / OR TOW DUE TO CRASH,,UNABLE TO DETERMINE,5600,N,NOTTINGHAM AVE,N,NONINCAPACITATING INJURY,0,0,1,7,4,11,41.9828621,-87.80387615
11/8/2023 16:44,30,STOP SIGN/FLASHER,RAIN,DARKNESS,NOT DIVIDED,WET,INJURY AND / OR TOW DUE TO CRASH,,NOT APPLICABLE,5633,W,DIVERSEY AVE,,"REPORTED, NOT EVIDENT",0,0,0,16,4,11,41.93114909,-87.76759887
10/25/2023 03:48:00 PM,30,NO CONTROLS,CLEAR,DAYLIGHT,FOUR WAY,DRY,INJURY AND / OR TOW DUE TO CRASH,,FAILING TO YIELD RIGHT-OF-WAY,880,N,MILWAUKEE AVE,,INCAPACITATING INJURY,0,1,0,15,4,10,41.89785636,-87.65813964
10/25/2023 09:00:00 PM,30,TRAFFIC SIGNAL,CLOUDY/OVERCAST,"DARKNESS, LIGHTED ROAD",DIVIDED - W/MEDIAN (NOT RAISED),WET,NO INJURY / DRIVE AWAY,,UNABLE TO DETERMINE,7100,S,BLACKSTONE AVE,,NO INDICATION OF INJURY,0,0,0,21,4,10,41.76590625,-87.58870123
10/25/2023 07:13:00 AM,30,TRAFFIC SIGNAL,RAIN,DARKNESS,CENTER TURN LANE,WET,INJURY AND / OR TOW DUE TO CRASH,,FAILING TO YIELD RIGHT-OF-WAY,5900,S,WESTERN AVE,,NONINCAPACITATING INJURY,0,0,1,7,4,10,41.78643718,-87.68397525
10/25/2023 10:33:00 PM,30,TRAFFIC SIGNAL,RAIN,DARKNESS,"FIVE POINT, OR MORE",WET,NO INJURY / DRIVE AWAY,,IMPROPER TURNING/NO SIGNAL,2600,N,MILWAUKEE AVE,,NO INDICATION OF INJURY,0,0,0,22,4,10,41.92898856,-87.70750035
11/9/2023 2:05,30,TRAFFIC SIGNAL,CLEAR,DAYLIGHT,FOUR WAY,DRY,INJURY AND / OR TOW DUE TO CRASH,,UNABLE TO DETERMINE,3100,W,PETERSON AVE,,NONINCAPACITATING INJURY,0,0,2,2,5,11,41.99050816,-87.70671868
11/9/2023 18:14,25,NO CONTROLS,CLEAR,"DARKNESS, LIGHTED ROAD",DIVIDED - W/MEDIAN (NOT RAISED),DRY,INJURY AND / OR TOW DUE TO CRASH,,NOT APPLICABLE,106,N,HALSTED ST,Y,"REPORTED, NOT EVIDENT",0,0,0,18,5,11,41.88338398,-87.6475552
11/9/2023 7:25,30,STOP SIGN/FLASHER,CLEAR,DAYLIGHT,FOUR WAY,DRY,INJURY AND / OR TOW DUE TO CRASH,,UNABLE TO DETERMINE,5998,W,63RD PL,,"REPORTED, NOT EVIDENT",0,0,0,7,5,11,41.77714749,-87.77134321
11/2/2023 22:34,35,UNKNOWN,CLEAR,"DARKNESS, LIGHTED ROAD",NOT DIVIDED,DRY,INJURY AND / OR TOW DUE TO CRASH,Y,UNABLE TO DETERMINE,3400,W,CHICAGO AVE,,NONINCAPACITATING INJURY,0,0,1,22,5,11,41.89561585,-87.71149859
11/3/2023 17:10,30,UNKNOWN,UNKNOWN,UNKNOWN,FOUR WAY,UNKNOWN,NO INJURY / DRIVE AWAY,,UNABLE TO DETERMINE,210,N,HALSTED ST,,NO INDICATION OF INJURY,0,0,0,17,6,11,41.8860484,-87.64763234
11/9/2023 8:05,30,NO CONTROLS,CLEAR,DAYLIGHT,ONE-WAY,DRY,INJURY AND / OR TOW DUE TO CRASH,,UNABLE TO DETERMINE,1453,W,WELLINGTON AVE,Y,NONINCAPACITATING INJURY,0,0,1,8,5,11,41.93597702,-87.66576583
10/26/2023 04:52:00 PM,30,TRAFFIC SIGNAL,CLEAR,DAYLIGHT,T-INTERSECTION,DRY,INJURY AND / OR TOW DUE TO CRASH,Y,FAILING TO YIELD RIGHT-OF-WAY,2701,S,WESTERN AVE,,NONINCAPACITATING INJURY,0,0,1,16,5,10,41.84331724,-87.68520885
10/26/2023 03:00:00 PM,30,NO CONTROLS,RAIN,DAYLIGHT,DIVIDED - W/MEDIAN (NOT RAISED),WET,INJURY AND / OR TOW DUE TO CRASH,Y,IMPROPER LANE USAGE,3502,S,WESTERN AVE,,NONINCAPACITATING INJURY,0,0,1,15,5,10,41.83013047,-87.6851761
10/26/2023 07:00:00 AM,30,TRAFFIC SIGNAL,RAIN,DAYLIGHT,NOT DIVIDED,WET,INJURY AND / OR TOW DUE TO CRASH,,FAILING TO YIELD RIGHT-OF-WAY,200,N,WESTERN AVE,,NONINCAPACITATING INJURY,0,0,1,7,5,10,41.88468637,-87.68667666
10/26/2023 02:25:00 PM,30,TRAFFIC SIGNAL,RAIN,DAYLIGHT,NOT DIVIDED,WET,NO INJURY / DRIVE AWAY,,DISREGARDING TRAFFIC SIGNALS,5499,S,KOSTNER AVE,,NO INDICATION OF INJURY,0,0,0,14,5,10,41.79321085,-87.73282034
10/26/2023 10:40:00 PM,35,UNKNOWN,RAIN,"DARKNESS, LIGHTED ROAD",NOT DIVIDED,WET,NO INJURY / DRIVE AWAY,,UNABLE TO DETERMINE,5501,S,MICHIGAN AVE,,NO INDICATION OF INJURY,0,0,0,22,5,10,41.79429926,-87.62230967
07/16/2019 06:45:00 PM,30,NO CONTROLS,CLEAR,DAYLIGHT,NOT DIVIDED,DRY,INJURY AND / OR TOW DUE TO CRASH,Y,DISREGARDING ROAD MARKINGS,3700,N,SOUTHPORT AVE,Y,NONINCAPACITATING INJURY,0,0,1,18,3,7,41.94897809,-87.66421752
11/10/2023 16:35,30,TRAFFIC SIGNAL,CLEAR,DAYLIGHT,NOT DIVIDED,DRY,INJURY AND / OR TOW DUE TO CRASH,Y,FAILING TO YIELD RIGHT-OF-WAY,2000,N,MILWAUKEE AVE,,NONINCAPACITATING INJURY,0,0,1,16,6,11,41.91749661,-87.68871961
11/10/2023 16:30,30,UNKNOWN,UNKNOWN,UNKNOWN,NOT DIVIDED,UNKNOWN,INJURY AND / OR TOW DUE TO CRASH,Y,UNABLE TO DETERMINE,612,W,NORTH AVE,,"REPORTED, NOT EVIDENT",0,0,0,16,6,11,41.91110748,-87.6439801
11/9/2023 15:22,30,STOP SIGN/FLASHER,CLEAR,DAYLIGHT,FOUR WAY,DRY,NO INJURY / DRIVE AWAY,,DISREGARDING STOP SIGN,3133,W,WABANSIA AVE,,NO INDICATION OF INJURY,0,0,0,15,5,11,41.91184049,-87.70586022
11/4/2023 15:30,30,STOP SIGN/FLASHER,CLEAR,DAYLIGHT,FOUR WAY,DRY,INJURY AND / OR TOW DUE TO CRASH,,DISREGARDING STOP SIGN,650,W,LAWRENCE DR,,NONINCAPACITATING INJURY,0,0,1,15,7,11,41.96950994,-87.6478286
10/27/2023 04:03:00 PM,30,UNKNOWN,CLOUDY/OVERCAST,DAYLIGHT,FOUR WAY,DRY,NO INJURY / DRIVE AWAY,,IMPROPER LANE USAGE,7900,S,KEDZIE AVE,,NO INDICATION OF INJURY,0,0,0,16,6,10,41.74972397,-87.70253957
10/27/2023 09:50:00 AM,30,TRAFFIC SIGNAL,CLEAR,DAYLIGHT,NOT DIVIDED,DRY,INJURY AND / OR TOW DUE TO CRASH,Y,DISREGARDING TRAFFIC SIGNALS,900,W,ROOSEVELT RD,,"REPORTED, NOT EVIDENT",0,0,0,9,6,10,41.86722662,-87.64916349
10/27/2023 06:30:00 PM,30,STOP SIGN/FLASHER,CLEAR,DARKNESS,ONE-WAY,DRY,INJURY AND / OR TOW DUE TO CRASH,Y,FAILING TO YIELD RIGHT-OF-WAY,3058,W,47TH ST,,NONINCAPACITATING INJURY,0,0,1,18,6,10,41.80827907,-87.70139433
10/27/2023 11:00:00 PM,35,TRAFFIC SIGNAL,CLEAR,"DARKNESS, LIGHTED ROAD",FOUR WAY,DRY,INJURY AND / OR TOW DUE TO CRASH,,DRIVING SKILLS/KNOWLEDGE/EXPERIENCE,500,S,WABASH AVE,,NONINCAPACITATING INJURY,0,0,1,23,6,10,41.87562254,-87.62617274
10/27/2023 02:30:00 PM,30,TRAFFIC SIGNAL,RAIN,DAYLIGHT,FOUR WAY,WET,INJURY AND / OR TOW DUE TO CRASH,,UNABLE TO DETERMINE,299,N,JEFFERSON ST,,NONINCAPACITATING INJURY,0,0,1,14,6,10,41.88675873,-87.64265763
10/27/2023 07:33:00 PM,30,NO CONTROLS,RAIN,"DARKNESS, LIGHTED ROAD",DIVIDED - W/MEDIAN (NOT RAISED),WET,INJURY AND / OR TOW DUE TO CRASH,Y,WEATHER,1616,N,WESTERN AVE,,"REPORTED, NOT EVIDENT",0,0,0,19,6,10,41.91085908,-87.68738218
10/27/2023 10:45:00 PM,30,TRAFFIC SIGNAL,CLEAR,"DARKNESS, LIGHTED ROAD",DIVIDED - W/MEDIAN (NOT RAISED),DRY,INJURY AND / OR TOW DUE TO CRASH,,UNABLE TO DETERMINE,12700,S,HALSTED ST,,NONINCAPACITATING INJURY,0,0,1,22,6,10,41.6631821,-87.64156527
11/10/2023 10:45,35,NO CONTROLS,CLEAR,DAYLIGHT,NOT DIVIDED,DRY,INJURY AND / OR TOW DUE TO CRASH,Y,IMPROPER OVERTAKING/PASSING,4569,S,ARCHER AVE,,NONINCAPACITATING INJURY,0,0,1,10,6,11,41.81038228,-87.71005067
11/10/2023 17:08,30,STOP SIGN/FLASHER,CLEAR,"DARKNESS, LIGHTED ROAD",NOT DIVIDED,DRY,INJURY AND / OR TOW DUE TO CRASH,,UNABLE TO DETERMINE,3300,S,LOWE AVE,,NONINCAPACITATING INJURY,0,0,1,17,6,11,41.83434906,-87.6426795
11/11/2023 18:55,25,NO CONTROLS,CLEAR,"DARKNESS, LIGHTED ROAD",NOT DIVIDED,DRY,INJURY AND / OR TOW DUE TO CRASH,Y,NOT APPLICABLE,3000,S,LOOMIS ST,,NONINCAPACITATING INJURY,0,0,1,18,7,11,41.83959025,-87.65595319
11/11/2023 19:20,30,NO CONTROLS,CLEAR,"DARKNESS, LIGHTED ROAD",ONE-WAY,DRY,NO INJURY / DRIVE AWAY,,UNABLE TO DETERMINE,3434,W,AINSLIE ST,Y,NO INDICATION OF INJURY,0,0,0,19,7,11,41.9703179,-87.71485763
11/11/2023 2:15,30,TRAFFIC SIGNAL,CLEAR,"DARKNESS, LIGHTED ROAD",FOUR WAY,DRY,INJURY AND / OR TOW DUE TO CRASH,Y,FAILING TO YIELD RIGHT-OF-WAY,3601,N,CLARK ST,,NONINCAPACITATING INJURY,0,0,1,2,7,11,41.94731498,-87.65643544
9/11/2019 8:50,25,UNKNOWN,CLEAR,DAYLIGHT,NOT DIVIDED,DRY,INJURY AND / OR TOW DUE TO CRASH,Y,UNABLE TO DETERMINE,2915,S,LYMAN ST,Y,NONINCAPACITATING INJURY,0,0,1,8,4,9,41.8410861,-87.65284741
10/28/2023 11:11:00 AM,30,TRAFFIC SIGNAL,CLEAR,DAYLIGHT,"FIVE POINT, OR MORE",DRY,INJURY AND / OR TOW DUE TO CRASH,,NOT APPLICABLE,3953,W,OGDEN AVE,,NONINCAPACITATING INJURY,0,0,1,11,7,10,41.85111957,-87.7243009
10/28/2023 01:05:00 PM,30,NO CONTROLS,CLEAR,DAYLIGHT,FOUR WAY,DRY,INJURY AND / OR TOW DUE TO CRASH,,UNABLE TO DETERMINE,1599,W,71ST ST,N,"REPORTED, NOT EVIDENT",0,0,0,13,7,10,41.76479973,-87.66373479
10/28/2023 01:30:00 AM,30,NO CONTROLS,RAIN,DARKNESS,ALLEY,WET,INJURY AND / OR TOW DUE TO CRASH,Y,FAILING TO YIELD RIGHT-OF-WAY,117,S,CLINTON ST,,INCAPACITATING INJURY,0,1,0,1,7,10,41.88002352,-87.64098858
10/28/2023 03:00:00 PM,30,NO CONTROLS,UNKNOWN,DAYLIGHT,DIVIDED - W/MEDIAN (NOT RAISED),UNKNOWN,INJURY AND / OR TOW DUE TO CRASH,,DISTRACTION - FROM INSIDE VEHICLE,2366,N,MILWAUKEE AVE,Y,INCAPACITATING INJURY,0,1,0,15,7,10,41.92414317,-87.69960318
10/28/2023 10:35:00 AM,30,STOP SIGN/FLASHER,CLEAR,DAYLIGHT,DIVIDED - W/MEDIAN (NOT RAISED),DRY,INJURY AND / OR TOW DUE TO CRASH,N,FAILING TO YIELD RIGHT-OF-WAY,2900,N,DAMEN AVE,,NONINCAPACITATING INJURY,0,0,1,10,7,10,41.93415176,-87.67832773
11/11/2023 15:45,30,NO CONTROLS,CLEAR,DAYLIGHT,NOT DIVIDED,UNKNOWN,NO INJURY / DRIVE AWAY,,UNABLE TO DETERMINE,4401,W,ARMITAGE AVE,,NO INDICATION OF INJURY,0,0,0,15,7,11,41.91693444,-87.73638715
11/11/2023 22:20,20,TRAFFIC SIGNAL,CLEAR,"DARKNESS, LIGHTED ROAD",NOT DIVIDED,DRY,INJURY AND / OR TOW DUE TO CRASH,Y,DISREGARDING STOP SIGN,1100,W,ROOSEVELT RD,,NONINCAPACITATING INJURY,0,0,1,22,7,11,41.86714301,-87.65442626
11/12/2023 15:40,30,STOP SIGN/FLASHER,CLEAR,DAYLIGHT,NOT DIVIDED,UNKNOWN,NO INJURY / DRIVE AWAY,Y,FOLLOWING TOO CLOSELY,6404,W,DEVON AVE,,NO INDICATION OF INJURY,0,0,0,15,1,11,41.99746141,-87.78785825
11/12/2023 12:41,35,NO CONTROLS,CLEAR,DAYLIGHT,NOT DIVIDED,DRY,INJURY AND / OR TOW DUE TO CRASH,,FAILING TO YIELD RIGHT-OF-WAY,15,W,CHICAGO AVE,,NONINCAPACITATING INJURY,0,0,1,12,1,11,41.89655848,-87.6288592
10/29/2023 04:30:00 AM,20,STOP SIGN/FLASHER,CLEAR,"DARKNESS, LIGHTED ROAD",FOUR WAY,DRY,INJURY AND / OR TOW DUE TO CRASH,,UNABLE TO DETERMINE,6500,N,ASHLAND AVE,,NONINCAPACITATING INJURY,0,0,1,4,1,10,42.00001591,-87.67059099