CRASH_DATE,POSTED_SPEED_LIMIT,TRAFFIC_CONTROL_DEVICE,WEATHER_CONDITION,LIGHTING_CONDITION,TRAFFICWAY_TYPE,ROADWAY_SURFACE_COND,CRASH_TYPE,HIT_AND_RUN_I,PRIM_CONTRIBUTORY_CAUSE,STREET_NO,STREET_DIRECTION,STREET_NAME,DOORING_I,MOST_SEVERE_INJURY,INJURIES_FATAL,INJURIES_INCAPACITATING,INJURIES_NON_INCAPACITATING,CRASH_HOUR,CRASH_DAY_OF_WEEK,CRASH_MONTH,LATITUDE,LONGITUDE
10/29/2023 01:00:00 PM,30,STOP SIGN/FLASHER,FOG/SMOKE/HAZE,DAYLIGHT,T-INTERSECTION,WET,NO INJURY / DRIVE AWAY,,FAILING TO YIELD RIGHT-OF-WAY,758,W,28TH ST,N,NO INDICATION OF INJURY,0,0,0,13,1,10,41.84361932,-87.64635223
5/3/2023 17:55,30,NO CONTROLS,CLEAR,DAYLIGHT,DIVIDED - W/MEDIAN (NOT RAISED),DRY,INJURY AND / OR TOW DUE TO CRASH,,UNABLE TO DETERMINE,816,W,ARMITAGE AVE,Y,NONINCAPACITATING INJURY,0,0,1,17,4,5,41.91827929,-87.64919887
11/13/2023 09:37:00 PM,25,NO CONTROLS,CLEAR,"DARKNESS, LIGHTED ROAD",ONE-WAY,DRY,NO INJURY / DRIVE AWAY,,FAILING TO YIELD RIGHT-OF-WAY,4257,W,ROSCOE ST,,NO INDICATION OF INJURY,0,0,0,21,2,11,41.94252811,-87.73453675
11/13/2023 06:55:00 AM,15,NO CONTROLS,CLEAR,DAYLIGHT,OTHER,DRY,INJURY AND / OR TOW DUE TO CRASH,,FAILING TO YIELD RIGHT-OF-WAY,3136,W,63RD ST,,NONINCAPACITATING INJURY,0,0,1,6,2,11,41.77909669,-87.70215147
11/13/2023 04:15:00 PM,30,TRAFFIC SIGNAL,CLEAR,DAYLIGHT,DIVIDED - W/MEDIAN (NOT RAISED),DRY,INJURY AND / OR TOW DUE TO CRASH,,UNABLE TO DETERMINE,4358,W,BELMONT AVE,,INCAPACITATING INJURY,0,1,0,16,2,11,41.93907194,-87.73698594
11/13/2023 08:05:00 AM,30,NO CONTROLS,CLEAR,DAYLIGHT,NOT DIVIDED,DRY,NO INJURY / DRIVE AWAY,,UNABLE TO DETERMINE,300,S,DAMEN AVE,,NO INDICATION OF INJURY,0,0,0,8,2,11,41.87741284,-87.6766909
11/11/2023 20:15,30,UNKNOWN,CLEAR,DARKNESS,NOT DIVIDED,DRY,NO INJURY / DRIVE AWAY,Y,IMPROPER LANE USAGE,1559,N,WELLS ST,,NO INDICATION OF INJURY,0,0,0,20,7,11,41.91084519,-87.63455412
11/12/2023 14:30,30,NO CONTROLS,CLEAR,DAYLIGHT,DIVIDED - W/MEDIAN (NOT RAISED),DRY,INJURY AND / OR TOW DUE TO CRASH,,NOT APPLICABLE,1600,N,WOOD ST,Y,"REPORTED, NOT EVIDENT",0,0,0,14,1,11,41.91064971,-87.67272581
11/7/2023 8:45,30,NO CONTROLS,CLEAR,DAYLIGHT,DIVIDED - W/MEDIAN (NOT RAISED),DRY,INJURY AND / OR TOW DUE TO CRASH,,FAILING TO YIELD RIGHT-OF-WAY,3500,N,KIMBALL AVE,,"REPORTED, NOT EVIDENT",0,0,0,8,3,11,41.94488107,-87.71280509
10/30/2023 11:30:00 AM,30,STOP SIGN/FLASHER,CLEAR,DAYLIGHT,NOT DIVIDED,DRY,INJURY AND / OR TOW DUE TO CRASH,,UNABLE TO DETERMINE,1539,E,52ND ST,,"REPORTED, NOT EVIDENT",0,0,0,11,2,10,41.80091829,-87.5875832
10/30/2023 08:15:00 AM,30,TRAFFIC SIGNAL,CLEAR,DAYLIGHT,NOT DIVIDED,DRY,INJURY AND / OR TOW DUE TO CRASH,,NOT APPLICABLE,6001,N,WESTERN AVE,,NONINCAPACITATING INJURY,0,0,1,8,2,10,41.99059126,-87.68952829
10/30/2023 04:56:00 PM,30,TRAFFIC SIGNAL,CLEAR,DAYLIGHT,ONE-WAY,DRY,INJURY AND / OR TOW DUE TO CRASH,,FAILING TO YIELD RIGHT-OF-WAY,431,N,ORLEANS ST,,NONINCAPACITATING INJURY,0,0,1,16,2,10,41.88998821,-87.63683773
7/6/2023 10:00,30,NO CONTROLS,UNKNOWN,DAYLIGHT,ONE-WAY,UNKNOWN,INJURY AND / OR TOW DUE TO CRASH,Y,UNABLE TO DETERMINE,426,W,RANDOLPH ST,Y,NONINCAPACITATING INJURY,0,0,1,10,5,7,41.88455799,-87.6391814
09/21/2023 04:10:00 PM,20,UNKNOWN,RAIN,DAYLIGHT,NOT DIVIDED,WET,INJURY AND / OR TOW DUE TO CRASH,,UNABLE TO DETERMINE,7129,N,SACRAMENTO AVE,,NONINCAPACITATING INJURY,0,0,1,16,5,9,42.01101497,-87.70432561
07/22/2019 12:00:00 PM,30,NO CONTROLS,CLEAR,DAYLIGHT,NOT DIVIDED,DRY,INJURY AND / OR TOW DUE TO CRASH,Y,UNABLE TO DETERMINE,2500,E,87TH ST,N,INCAPACITATING INJURY,0,1,0,12,2,7,41.73733712,-87.56356049
04/19/2023 05:07:00 PM,30,TRAFFIC SIGNAL,CLEAR,DAYLIGHT,NOT DIVIDED,DRY,INJURY AND / OR TOW DUE TO CRASH,Y,IMPROPER TURNING/NO SIGNAL,146,N,DEARBORN ST,,"REPORTED, NOT EVIDENT",0,0,0,17,4,4,41.8843896,-87.6295991
03/16/2020 01:15:00 AM,30,TRAFFIC SIGNAL,CLEAR,"DARKNESS, LIGHTED ROAD",Y-INTERSECTION,DRY,INJURY AND / OR TOW DUE TO CRASH,,UNABLE TO DETERMINE,1600,N,DAMEN AVE,,INCAPACITATING INJURY,0,1,0,1,2,3,41.91058842,-87.67764382
10/16/2019 06:45:00 PM,25,NO CONTROLS,CLEAR,DAWN,NOT DIVIDED,DRY,INJURY AND / OR TOW DUE TO CRASH,,NOT APPLICABLE,601,E,61ST ST,,INCAPACITATING INJURY,0,1,0,18,4,10,41.78386042,-87.61082006
9/4/2019 17:00,30,NO CONTROLS,CLEAR,DAYLIGHT,DIVIDED - W/MEDIAN (NOT RAISED),DRY,INJURY AND / OR TOW DUE TO CRASH,Y,FAILING TO YIELD RIGHT-OF-WAY,3868,W,GRAND AVE,,NONINCAPACITATING INJURY,0,0,1,17,4,9,41.90525297,-87.7238126
05/28/2020 04:03:00 PM,30,NO CONTROLS,CLEAR,DAYLIGHT,NOT DIVIDED,DRY,INJURY AND / OR TOW DUE TO CRASH,,UNABLE TO DETERMINE,817,W,31ST ST,Y,INCAPACITATING INJURY,0,1,0,16,5,5,41.83793027,-87.64689589
05/17/2023 10:45:00 AM,35,TRAFFIC SIGNAL,CLEAR,DAYLIGHT,NOT DIVIDED,DRY,INJURY AND / OR TOW DUE TO CRASH,Y,FAILING TO YIELD RIGHT-OF-WAY,430,W,GRAND AVE,,NONINCAPACITATING INJURY,0,0,1,10,4,5,41.89161387,-87.63975395
11/3/2019 22:00,30,NO CONTROLS,CLEAR,"DARKNESS, LIGHTED ROAD",NOT DIVIDED,DRY,INJURY AND / OR TOW DUE TO CRASH,,UNABLE TO DETERMINE,2740,W,LAWRENCE AVE,Y,INCAPACITATING INJURY,0,1,0,22,1,11,41.96864786,-87.6978733
05/18/2020 02:42:00 PM,30,TRAFFIC SIGNAL,CLEAR,DAYLIGHT,NOT DIVIDED,DRY,NO INJURY / DRIVE AWAY,,IMPROPER OVERTAKING/PASSING,2433,W,GRAND AVE,,NO INDICATION OF INJURY,0,0,0,14,2,5,41.89074077,-87.68796954
6/5/2023 18:30,30,NO CONTROLS,CLEAR,DAYLIGHT,DIVIDED - W/MEDIAN (NOT RAISED),DRY,INJURY AND / OR TOW DUE TO CRASH,Y,UNABLE TO DETERMINE,4301,W,DIVERSEY AVE,,"REPORTED, NOT EVIDENT",0,0,0,18,2,6,41.93158322,-87.73440337
04/24/2023 09:39:00 PM,30,NO CONTROLS,UNKNOWN,UNKNOWN,T-INTERSECTION,UNKNOWN,INJURY AND / OR TOW DUE TO CRASH,Y,UNABLE TO DETERMINE,45,E,CONGRESS PKWY,,NONINCAPACITATING INJURY,0,0,1,21,2,4,41.87558099,-87.62586671
9/1/2023 8:09,30,TRAFFIC SIGNAL,CLEAR,DAYLIGHT,"FIVE POINT, OR MORE",DRY,INJURY AND / OR TOW DUE TO CRASH,,FOLLOWING TOO CLOSELY,400,W,DIVERSEY PKWY,,"REPORTED, NOT EVIDENT",0,0,0,8,6,9,41.93301878,-87.63942898
09/14/2019 01:53:00 PM,30,TRAFFIC SIGNAL,CLEAR,DAYLIGHT,FOUR WAY,DRY,INJURY AND / OR TOW DUE TO CRASH,,FAILING TO YIELD RIGHT-OF-WAY,9900,S,LONGWOOD DR,,NONINCAPACITATING INJURY,0,0,1,13,7,9,41.71377132,-87.66907584
11/10/2019 15:30,30,NO CONTROLS,CLEAR,DAYLIGHT,NOT DIVIDED,DRY,NO INJURY / DRIVE AWAY,Y,UNABLE TO DETERMINE,900,W,ARMITAGE AVE,,NO INDICATION OF INJURY,0,0,0,15,1,11,41.91825205,-87.65100157
05/28/2023 10:45:00 PM,30,TRAFFIC SIGNAL,CLEAR,UNKNOWN,T-INTERSECTION,UNKNOWN,INJURY AND / OR TOW DUE TO CRASH,,"OPERATING VEHICLE IN ERRATIC, RECKLESS, CARELESS, NEGLIGENT OR AGGRESSIVE MANNER",790,S,STATE ST,Y,"REPORTED, NOT EVIDENT",0,0,0,22,1,5,41.87182908,-87.62767329
10/1/2019 18:50,30,OTHER,CLEAR,"DARKNESS, LIGHTED ROAD",NOT DIVIDED,DRY,INJURY AND / OR TOW DUE TO CRASH,Y,NOT APPLICABLE,4527,W,IRVING PARK RD,,INCAPACITATING INJURY,0,1,0,18,3,10,41.95337467,-87.74162083
07/23/2023 09:46:00 PM,30,TRAFFIC SIGNAL,CLEAR,"DARKNESS, LIGHTED ROAD",DIVIDED - W/MEDIAN (NOT RAISED),DRY,INJURY AND / OR TOW DUE TO CRASH,,UNABLE TO DETERMINE,5289,N,ELSTON AVE,N,INCAPACITATING INJURY,0,1,0,21,1,7,41.97713934,-87.75458801
09/19/2019 01:45:00 PM,30,TRAFFIC SIGNAL,CLEAR,DAYLIGHT,NOT DIVIDED,DRY,INJURY AND / OR TOW DUE TO CRASH,Y,FAILING TO YIELD RIGHT-OF-WAY,5159,W,BELMONT AVE,,NONINCAPACITATING INJURY,0,0,1,13,5,9,41.93859158,-87.75656533
05/24/2020 02:30:00 PM,30,TRAFFIC SIGNAL,CLEAR,DAYLIGHT,NOT DIVIDED,DRY,INJURY AND / OR TOW DUE TO CRASH,Y,UNABLE TO DETERMINE,1601,N,HALSTED ST,,NONINCAPACITATING INJURY,0,0,1,14,1,5,41.91094452,-87.64812519
9/5/2023 9:48,30,NO CONTROLS,CLEAR,DAYLIGHT,DIVIDED - W/MEDIAN (NOT RAISED),DRY,INJURY AND / OR TOW DUE TO CRASH,,NOT APPLICABLE,6950,N,CENTRAL AVE,N,"REPORTED, NOT EVIDENT",0,0,0,9,3,9,42.00780919,-87.76182916
03/20/2020 02:30:00 PM,30,NO CONTROLS,CLEAR,DAYLIGHT,NOT DIVIDED,DRY,INJURY AND / OR TOW DUE TO CRASH,Y,UNABLE TO DETERMINE,4609,N,CLARENDON AVE,,NONINCAPACITATING INJURY,0,0,1,14,6,3,41.96578393,-87.64987789
06/23/2023 05:07:00 PM,30,NO CONTROLS,CLEAR,DAYLIGHT,NOT DIVIDED,DRY,INJURY AND / OR TOW DUE TO CRASH,N,UNABLE TO DETERMINE,2802,N,MERRIMAC AVE,,NONINCAPACITATING INJURY,0,0,1,17,6,6,41.93119861,-87.78219415
06/23/2023 04:00:00 PM,30,NO CONTROLS,CLEAR,DAYLIGHT,FOUR WAY,DRY,INJURY AND / OR TOW DUE TO CRASH,,UNABLE TO DETERMINE,2802,N,MERRIMAC AVE,,"REPORTED, NOT EVIDENT",0,0,0,16,6,6,41.93119861,-87.78219415
05/15/2020 08:47:00 AM,20,STOP SIGN/FLASHER,RAIN,DAYLIGHT,ONE-WAY,WET,NO INJURY / DRIVE AWAY,,UNABLE TO DETERMINE,400,S,CICERO AVE,Y,NO INDICATION OF INJURY,0,0,0,8,6,5,41.8749523,-87.74521225
09/16/2023 01:04:00 PM,30,TRAFFIC SIGNAL,UNKNOWN,DAYLIGHT,NOT DIVIDED,UNKNOWN,INJURY AND / OR TOW DUE TO CRASH,,FAILING TO YIELD RIGHT-OF-WAY,1200,E,47TH ST,,NONINCAPACITATING INJURY,0,0,1,13,7,9,41.80975215,-87.59674728
08/31/2023 08:36:00 PM,30,NO CONTROLS,CLEAR,DARKNESS,NOT DIVIDED,DRY,NO INJURY / DRIVE AWAY,,FOLLOWING TOO CLOSELY,1502,W,CORTLAND ST,,NO INDICATION OF INJURY,0,0,0,20,5,8,41.91678174,-87.66551341
3/6/2020 15:13,30,NO CONTROLS,CLEAR,DAYLIGHT,ONE-WAY,DRY,INJURY AND / OR TOW DUE TO CRASH,,IMPROPER BACKING,1615,W,WINONA ST,,NONINCAPACITATING INJURY,0,0,1,15,6,3,41.97512929,-87.6701975
9/12/2019 21:40,30,NO CONTROLS,CLEAR,DARKNESS,DIVIDED - W/MEDIAN BARRIER,DRY,INJURY AND / OR TOW DUE TO CRASH,Y,UNABLE TO DETERMINE,9051,S,STONY ISLAND AVE,,NONINCAPACITATING INJURY,0,0,1,21,5,9,41.72995149,-87.58490931
08/14/2019 08:00:00 AM,30,TRAFFIC SIGNAL,CLEAR,DAYLIGHT,NOT DIVIDED,DRY,NO INJURY / DRIVE AWAY,,DISREGARDING TRAFFIC SIGNALS,1950,N,CLYBOURN AVE,,NO INDICATION OF INJURY,0,0,0,8,4,8,41.91639113,-87.65736791
09/20/2023 07:09:00 PM,30,NO CONTROLS,CLEAR,DUSK,NOT DIVIDED,DRY,INJURY AND / OR TOW DUE TO CRASH,,FAILING TO YIELD RIGHT-OF-WAY,1934,W,FOSTER AVE,,NONINCAPACITATING INJURY,0,0,1,19,4,9,41.97616482,-87.67781283
04/20/2023 08:46:00 PM,25,TRAFFIC SIGNAL,CLEAR,"DARKNESS, LIGHTED ROAD",FOUR WAY,DRY,INJURY AND / OR TOW DUE TO CRASH,Y,FAILING TO YIELD RIGHT-OF-WAY,1199,S,CICERO AVE,,INCAPACITATING INJURY,0,1,0,20,5,4,41.86597949,-87.74460988
05/18/2023 04:45:00 PM,35,NO CONTROLS,CLEAR,DAYLIGHT,DIVIDED - W/MEDIAN BARRIER,DRY,INJURY AND / OR TOW DUE TO CRASH,Y,FAILING TO YIELD RIGHT-OF-WAY,1223,N,CLYBOURN AVE,,INCAPACITATING INJURY,0,1,0,16,5,5,41.90435611,-87.64017098
05/15/2020 04:00:00 PM,30,STOP SIGN/FLASHER,CLEAR,DAYLIGHT,NOT DIVIDED,UNKNOWN,INJURY AND / OR TOW DUE TO CRASH,Y,IMPROPER OVERTAKING/PASSING,2501,N,SOUTHPORT AVE,,NONINCAPACITATING INJURY,0,0,1,16,6,5,41.92708012,-87.6632372
05/23/2022 12:38:00 PM,30,NO CONTROLS,CLEAR,DAYLIGHT,NOT DIVIDED,DRY,INJURY AND / OR TOW DUE TO CRASH,,UNABLE TO DETERMINE,10904,S,EWING AVE,,INCAPACITATING INJURY,0,1,0,12,2,5,41.69709187,-87.53542926
7/11/2023 11:51,30,TRAFFIC SIGNAL,CLOUDY/OVERCAST,DAYLIGHT,NOT DIVIDED,DRY,INJURY AND / OR TOW DUE TO CRASH,Y,UNABLE TO DETERMINE,2798,N,LINCOLN AVE,,NONINCAPACITATING INJURY,0,0,1,11,3,7,41.93238741,-87.65868559
07/24/2023 05:04:00 PM,30,NO CONTROLS,CLEAR,DAYLIGHT,ONE-WAY,DRY,INJURY AND / OR TOW DUE TO CRASH,,DRIVING SKILLS/KNOWLEDGE/EXPERIENCE,1146,S,MONITOR AVE,,"REPORTED, NOT EVIDENT",0,0,0,17,2,7,41.86594046,-87.77060595
08/19/2019 04:05:00 PM,30,NO CONTROLS,CLEAR,DAYLIGHT,T-INTERSECTION,UNKNOWN,INJURY AND / OR TOW DUE TO CRASH,Y,UNABLE TO DETERMINE,3685,S,ARCHER AVE,,NONINCAPACITATING INJURY,0,0,1,16,2,8,41.8268122,-87.68323709
10/20/2019 02:18:00 AM,30,TRAFFIC SIGNAL,CLEAR,"DARKNESS, LIGHTED ROAD",NOT DIVIDED,DRY,INJURY AND / OR TOW DUE TO CRASH,Y,UNABLE TO DETERMINE,3402,W,IRVING PARK RD,,NONINCAPACITATING INJURY,0,0,1,2,1,10,41.95396447,-87.71305321
08/16/2023 09:30:00 PM,30,STOP SIGN/FLASHER,CLEAR,DARKNESS,NOT DIVIDED,DRY,INJURY AND / OR TOW DUE TO CRASH,Y,UNABLE TO DETERMINE,1865,N,MILWAUKEE AVE,,"REPORTED, NOT EVIDENT",0,0,0,21,4,8,41.91538473,-87.68497372
08/29/2019 03:34:00 PM,30,TRAFFIC SIGNAL,CLEAR,DAYLIGHT,FOUR WAY,DRY,INJURY AND / OR TOW DUE TO CRASH,,UNABLE TO DETERMINE,1559,W,WILSON AVE,,INCAPACITATING INJURY,0,1,0,15,5,8,41.96512546,-87.66926612
12/23/2019 11:55:00 AM,30,TRAFFIC SIGNAL,CLEAR,DAYLIGHT,NOT DIVIDED,DRY,INJURY AND / OR TOW DUE TO CRASH,Y,UNABLE TO DETERMINE,811,W,69TH ST,Y,"REPORTED, NOT EVIDENT",0,0,0,11,2,12,41.76872108,-87.64498671
07/19/2023 03:08:00 PM,30,NO CONTROLS,CLEAR,DAYLIGHT,NOT DIVIDED,DRY,INJURY AND / OR TOW DUE TO CRASH,,UNABLE TO DETERMINE,1149,S,CANAL ST,,NONINCAPACITATING INJURY,0,0,1,15,4,7,41.86760731,-87.63905554
05/16/2020 02:55:00 PM,30,STOP SIGN/FLASHER,CLEAR,DAYLIGHT,FOUR WAY,DRY,NO INJURY / DRIVE AWAY,,FAILING TO REDUCE SPEED TO AVOID CRASH,5400,N,DAMEN AVE,,NO INDICATION OF INJURY,0,0,0,14,7,5,41.97971275,-87.67966343
08/25/2023 04:30:00 PM,30,NO CONTROLS,CLEAR,DAYLIGHT,OTHER,DRY,INJURY AND / OR TOW DUE TO CRASH,,FAILING TO YIELD RIGHT-OF-WAY,5230,N,PULASKI RD,,NONINCAPACITATING INJURY,0,0,1,16,6,8,41.97646977,-87.72840646
08/21/2023 09:10:00 AM,30,UNKNOWN,CLEAR,DAYLIGHT,NOT DIVIDED,DRY,NO INJURY / DRIVE AWAY,,FOLLOWING TOO CLOSELY,4360,N,KOSTNER AVE,,NO INDICATION OF INJURY,0,0,0,9,2,8,41.96073392,-87.73856895
5/3/2023 17:45,30,NO CONTROLS,CLEAR,DAYLIGHT,NOT DIVIDED,DRY,INJURY AND / OR TOW DUE TO CRASH,Y,UNABLE TO DETERMINE,2947,N,LINCOLN AVE,,NONINCAPACITATING INJURY,0,0,1,17,4,5,41.93547335,-87.66257699
9/5/2023 11:30,30,NO CONTROLS,CLEAR,DAYLIGHT,ONE-WAY,DRY,INJURY AND / OR TOW DUE TO CRASH,Y,UNABLE TO DETERMINE,300,W,MADISON ST,,"REPORTED, NOT EVIDENT",0,0,0,11,3,9,41.88204264,-87.63538668
07/19/2023 02:55:00 PM,20,TRAFFIC SIGNAL,CLEAR,DAYLIGHT,FOUR WAY,DRY,INJURY AND / OR TOW DUE TO CRASH,,UNABLE TO DETERMINE,8300,S,STONY ISLAND AVE,,"REPORTED, NOT EVIDENT",0,0,0,14,4,7,41.74415164,-87.58594507
07/18/2023 06:34:00 PM,30,TRAFFIC SIGNAL,CLEAR,DAYLIGHT,NOT REPORTED,DRY,INJURY AND / OR TOW DUE TO CRASH,,WEATHER,6900,S,ASHLAND AVE,,"REPORTED, NOT EVIDENT",0,0,0,18,3,7,41.76845491,-87.66403843
12/26/2019 05:00:00 PM,35,TRAFFIC SIGNAL,CLEAR,"DARKNESS, LIGHTED ROAD",NOT DIVIDED,DRY,INJURY AND / OR TOW DUE TO CRASH,Y,FAILING TO YIELD RIGHT-OF-WAY,398,N,CLARK ST,,NONINCAPACITATING INJURY,0,0,1,17,5,12,41.88917341,-87.63120543
07/21/2023 02:58:00 PM,30,TRAFFIC SIGNAL,CLEAR,DAYLIGHT,FOUR WAY,DRY,INJURY AND / OR TOW DUE TO CRASH,Y,UNABLE TO DETERMINE,500,N,HALSTED ST,,NONINCAPACITATING INJURY,0,0,1,14,6,7,41.8912364,-87.64776512
03/30/2023 09:38:00 PM,30,STOP SIGN/FLASHER,UNKNOWN,"DARKNESS, LIGHTED ROAD",UNKNOWN,UNKNOWN,NO INJURY / DRIVE AWAY,,NOT APPLICABLE,676,N,WABASH AVE,,NO INDICATION OF INJURY,0,0,0,21,5,3,41.89478216,-87.62695096
07/14/2023 05:30:00 PM,30,NO CONTROLS,CLEAR,DAYLIGHT,NOT DIVIDED,DRY,INJURY AND / OR TOW DUE TO CRASH,Y,UNABLE TO DETERMINE,1114,W,CATALPA AVE,,NONINCAPACITATING INJURY,0,0,1,17,6,7,41.98193032,-87.65863328
06/13/2023 07:26:00 AM,10,UNKNOWN,CLEAR,DAYLIGHT,OTHER,UNKNOWN,NO INJURY / DRIVE AWAY,Y,IMPROPER OVERTAKING/PASSING,2350,N,LAKE SHORE DR NB,,NO INDICATION OF INJURY,0,0,0,7,3,6,41.92570129,-87.63136805
07/15/2019 09:30:00 AM,30,UNKNOWN,CLEAR,DAYLIGHT,DIVIDED - W/MEDIAN (NOT RAISED),DRY,INJURY AND / OR TOW DUE TO CRASH,Y,FAILING TO YIELD RIGHT-OF-WAY,1901,W,LAWRENCE AVE,,NONINCAPACITATING INJURY,0,0,1,9,2,7,41.96868409,-87.6762767
07/15/2019 03:50:00 PM,30,UNKNOWN,CLEAR,DAYLIGHT,CENTER TURN LANE,DRY,INJURY AND / OR TOW DUE TO CRASH,Y,FAILING TO YIELD RIGHT-OF-WAY,2021,W,NORTH AVE,,NONINCAPACITATING INJURY,0,0,1,15,2,7,41.91035849,-87.67841847
10/20/2019 05:20:00 PM,30,STOP SIGN/FLASHER,CLEAR,DAYLIGHT,NOT DIVIDED,DRY,INJURY AND / OR TOW DUE TO CRASH,,IMPROPER TURNING/NO SIGNAL,5300,N,DAMEN AVE,,NONINCAPACITATING INJURY,0,0,1,17,1,10,41.97789264,-87.67960719
07/17/2019 09:30:00 PM,30,STOP SIGN/FLASHER,CLEAR,"DARKNESS, LIGHTED ROAD",DIVIDED - W/MEDIAN (NOT RAISED),DRY,INJURY AND / OR TOW DUE TO CRASH,,DISREGARDING STOP SIGN,5032,N,DAMEN AVE,,"REPORTED, NOT EVIDENT",0,0,0,21,4,7,41.97337356,-87.67947154
6/12/2019 15:15,30,STOP SIGN/FLASHER,CLOUDY/OVERCAST,DAYLIGHT,ONE-WAY,DRY,INJURY AND / OR TOW DUE TO CRASH,Y,FAILING TO YIELD RIGHT-OF-WAY,7000,S,STATE ST,,"REPORTED, NOT EVIDENT",0,0,0,15,4,6,41.76725309,-87.62505876
9/2/2023 13:07,30,TRAFFIC SIGNAL,CLEAR,DAYLIGHT,NOT DIVIDED,DRY,INJURY AND / OR TOW DUE TO CRASH,N,UNABLE TO DETERMINE,100,N,WESTERN AVE,,INCAPACITATING INJURY,0,1,0,13,7,9,41.88303658,-87.68663247
8/4/2023 20:00,30,NO CONTROLS,CLEAR,"DARKNESS, LIGHTED ROAD",DIVIDED - W/MEDIAN (NOT RAISED),DRY,INJURY AND / OR TOW DUE TO CRASH,Y,FOLLOWING TOO CLOSELY,450,W,BELMONT AVE,,NONINCAPACITATING INJURY,0,0,1,20,6,8,41.94019832,-87.64154502
3/10/2020 8:35,30,TRAFFIC SIGNAL,CLEAR,DAYLIGHT,ONE-WAY,DRY,NO INJURY / DRIVE AWAY,Y,IMPROPER OVERTAKING/PASSING,5100,S,CORNELL AVE,,NO INDICATION OF INJURY,0,0,0,8,3,3,41.802387,-87.58675828
07/20/2023 02:38:00 PM,30,STOP SIGN/FLASHER,CLEAR,DAYLIGHT,T-INTERSECTION,DRY,INJURY AND / OR TOW DUE TO CRASH,N,UNABLE TO DETERMINE,7526,W,TOUHY AVE,,INCAPACITATING INJURY,0,1,0,14,5,7,42.01160187,-87.81501658
11/10/2023 21:40,30,TRAFFIC SIGNAL,CLEAR,"DARKNESS, LIGHTED ROAD",NOT DIVIDED,DRY,NO INJURY / DRIVE AWAY,Y,FAILING TO YIELD RIGHT-OF-WAY,1005,S,WESTERN AVE,,NO INDICATION OF INJURY,0,0,0,21,6,11,41.8689511,-87.68595494
11/14/2023 03:15:00 PM,30,TRAFFIC SIGNAL,CLEAR,DAYLIGHT,NOT DIVIDED,DRY,INJURY AND / OR TOW DUE TO CRASH,,IMPROPER BACKING,1399,W,DIVERSEY PKWY,,"REPORTED, NOT EVIDENT",0,0,0,15,3,11,41.93237174,-87.66350386
11/10/2023 15:35,30,NO CONTROLS,CLEAR,DAYLIGHT,NOT DIVIDED,DRY,NO INJURY / DRIVE AWAY,Y,IMPROPER OVERTAKING/PASSING,1,W,KINZIE ST,Y,NO INDICATION OF INJURY,0,0,0,15,6,11,41.8891417,-87.62809897
11/14/2023 11:51:00 AM,30,TRAFFIC SIGNAL,CLEAR,DAYLIGHT,FOUR WAY,DRY,INJURY AND / OR TOW DUE TO CRASH,Y,DISREGARDING TRAFFIC SIGNALS,98,E,RANDOLPH ST,,NONINCAPACITATING INJURY,0,0,1,11,3,11,41.88458427,-87.6244703
11/14/2023 11:25:00 AM,39,NO CONTROLS,CLEAR,DAYLIGHT,NOT DIVIDED,DRY,INJURY AND / OR TOW DUE TO CRASH,,FAILING TO YIELD RIGHT-OF-WAY,3732,N,BROADWAY,Y,NONINCAPACITATING INJURY,0,0,1,11,3,11,41.95016663,-87.64914092
11/14/2023 05:59:00 PM,30,NO CONTROLS,CLEAR,DARKNESS,ONE-WAY,UNKNOWN,INJURY AND / OR TOW DUE TO CRASH,,UNABLE TO DETERMINE,3597,N,KEATING AVE,,NONINCAPACITATING INJURY,0,0,1,17,3,11,41.9460776,-87.74525358
11/14/2023 05:03:00 PM,30,NO CONTROLS,CLEAR,"DARKNESS, LIGHTED ROAD",NOT DIVIDED,DRY,INJURY AND / OR TOW DUE TO CRASH,,UNABLE TO DETERMINE,9528,S,CRILLY DR,,NONINCAPACITATING INJURY,0,0,1,17,3,11,41.72213686,-87.53341162
11/14/2023 06:45:00 PM,25,TRAFFIC SIGNAL,CLEAR,DUSK,T-INTERSECTION,DRY,NO INJURY / DRIVE AWAY,,DISTRACTION - FROM OUTSIDE VEHICLE,551,W,18TH ST,,NO INDICATION OF INJURY,0,0,0,18,3,11,41.8575245,-87.64091639
11/14/2023 04:58:00 PM,30,TRAFFIC SIGNAL,UNKNOWN,"DARKNESS, LIGHTED ROAD",ONE-WAY,UNKNOWN,INJURY AND / OR TOW DUE TO CRASH,,DRIVING SKILLS/KNOWLEDGE/EXPERIENCE,440,W,RANDOLPH ST,Y,NONINCAPACITATING INJURY,0,0,1,16,3,11,41.88455302,-87.63968258
11/14/2023 05:15:00 PM,30,NO CONTROLS,CLEAR,"DARKNESS, LIGHTED ROAD",OTHER,DRY,INJURY AND / OR TOW DUE TO CRASH,,UNABLE TO DETERMINE,630,S,CLARK ST,Y,NONINCAPACITATING INJURY,0,0,1,17,3,11,41.87392528,-87.6308034